{
"type": "FeatureCollection",
"name": "Name_Alberta Capital Airshed",
"crs": { "type": "name", "properties": { "name": "urn:ogc:def:crs:OGC:1.3:CRS84" } },
"xy_coordinate_resolution": 1e-15,
"features": [
{ "type": "Feature", "properties": { "Name": "Alberta Capital Airshed", "description": "<html xmlns:fo=\"http://www.w3.org/1999/XSL/Format\" xmlns:msxsl=\"urn:schemas-microsoft-com:xslt\">\n\n<head>\n\n<META http-equiv=\"Content-Type\" content=\"text/html\">\n\n<meta http-equiv=\"content-type\" content=\"text/html; charset=UTF-8\">\n\n</head>\n\n<body style=\"margin:0px 0px 0px 0px;overflow:auto;background:#FFFFFF;\">\n\n<table style=\"font-family:Arial,Verdana,Times;font-size:12px;text-align:left;width:100%;border-collapse:collapse;padding:3px 3px 3px 3px\">\n\n<tr style=\"text-align:center;font-weight:bold;background:#9CBCE2\">\n\n<td>Alberta Capital Airshed</td>\n\n</tr>\n\n<tr>\n\n<td>\n\n<table style=\"font-family:Arial,Verdana,Times;font-size:12px;text-align:left;width:100%;border-spacing:0px; padding:3px 3px 3px 3px\">\n\n<tr>\n\n<td>FID</td>\n\n<td>3</td>\n\n</tr>\n\n<tr bgcolor=\"#D4E4F3\">\n\n<td>Name</td>\n\n<td>Alberta Capital Airshed</td>\n\n</tr>\n\n<tr>\n\n<td>Abrreviati</td>\n\n<td>ACA</td>\n\n</tr>\n\n<tr bgcolor=\"#D4E4F3\">\n\n<td>YrCreated</td>\n\n<td>2008</td>\n\n</tr>\n\n<tr>\n\n<td>Shape_Leng</td>\n\n<td>1002071.91923</td>\n\n</tr>\n\n<tr bgcolor=\"#D4E4F3\">\n\n<td>Shape_Le_1</td>\n\n<td>1002071.91923</td>\n\n</tr>\n\n</table>\n\n</td>\n\n</tr>\n\n</table>\n\n</body><script type=\"text/javascript\">\n\n\t\t\t\tfunction changeImage(attElement, nameElement) {\n\n\t\t\t\tdocument.getElementById('imageAttachment').src = attElement;\n\n\t\t\t\tdocument.getElementById('imageName').innerHTML = nameElement;}\n\n\t\t\t</script></html>\n\n", "timestamp": null, "begin": null, "end": null, "altitudeMode": "clampToGround", "tessellate": -1, "extrude": 0, "visibility": -1, "drawOrder": null, "icon": null }, "geometry": { "type": "MultiPolygon", "coordinates": [ [ [ [ -112.950979432806307, 53.570446644256528, 0.0 ], [ -112.9509800318163, 53.57098017813918, 0.0 ], [ -113.294744235481801, 53.570800338965768, 0.0 ], [ -113.295396505765495, 53.614543786647197, 0.0 ], [ -113.295689661798903, 53.618407957985077, 0.0 ], [ -113.297230157327704, 53.620657353401583, 0.0 ], [ -113.300576176504904, 53.622769488483911, 0.0 ], [ -113.310339982147596, 53.625299160834651, 0.0 ], [ -113.315332441325296, 53.626167622901633, 0.0 ], [ -113.319864085868701, 53.627690061246497, 0.0 ], [ -113.321275279527399, 53.629834217077232, 0.0 ], [ -113.321708962344204, 53.631769799345207, 0.0 ], [ -113.322362478573297, 53.633511738037548, 0.0 ], [ -113.322372549841802, 53.63353858275115, 0.0 ], [ -113.320374501322803, 53.635637053908077, 0.0 ], [ -113.320159589858307, 53.635862752124069, 0.0 ], [ -113.319161538007293, 53.636299366198173, 0.0 ], [ -113.3174716587951, 53.637038589890508, 0.0 ], [ -113.316103910751096, 53.637636863628167, 0.0 ], [ -113.308390885752502, 53.638939230116677, 0.0 ], [ -113.294897183753406, 53.640129420927828, 0.0 ], [ -113.290934615229204, 53.641042013503878, 0.0 ], [ -113.288143463937402, 53.642531783579336, 0.0 ], [ -113.287495744295796, 53.642877477854142, 0.0 ], [ -113.284844775443403, 53.645771956856308, 0.0 ], [ -113.284320556692506, 53.646344274583463, 0.0 ], [ -113.284261503836007, 53.65066152270748, 0.0 ], [ -113.282750023515106, 53.655406345865948, 0.0 ], [ -113.281695598205204, 53.660073216636981, 0.0 ], [ -113.2788368860422, 53.663188774063023, 0.0 ], [ -113.276594567279005, 53.664626524428101, 0.0 ], [ -113.276020052980201, 53.664802187763712, 0.0 ], [ -113.275739323124299, 53.664900577839553, 0.0 ], [ -113.275396757557104, 53.665020622559489, 0.0 ], [ -113.274335082307701, 53.665525833702851, 0.0 ], [ -113.273933470293301, 53.665650258137617, 0.0 ], [ -113.273548379218994, 53.665801286741072, 0.0 ], [ -113.273227600565505, 53.666022956374221, 0.0 ], [ -113.272853146489894, 53.66637137669683, 0.0 ], [ -113.272402657042093, 53.666712285635171, 0.0 ], [ -113.272173950542395, 53.666959132009829, 0.0 ], [ -113.271991546721793, 53.66722306790917, 0.0 ], [ -113.271827133411094, 53.667540556226022, 0.0 ], [ -113.271739246468897, 53.667874555330037, 0.0 ], [ -113.271662753557194, 53.66830774423223, 0.0 ], [ -113.271641886084595, 53.668323935680583, 0.0 ], [ -113.271661498959602, 53.668397625174322, 0.0 ], [ -113.271666204387202, 53.668485077645187, 0.0 ], [ -113.271116991735596, 53.668911223549792, 0.0 ], [ -113.271655675115696, 53.670934985733062, 0.0 ], [ -113.272933242019604, 53.672295470516438, 0.0 ], [ -113.273536675468506, 53.672938033713947, 0.0 ], [ -113.276999912497004, 53.673890488141723, 0.0 ], [ -113.281241066611798, 53.674353308131373, 0.0 ], [ -113.286206945051504, 53.673612579346717, 0.0 ], [ -113.290312114097404, 53.672769697080362, 0.0 ], [ -113.292648742876807, 53.673058076824709, 0.0 ], [ -113.293494758172002, 53.672923421871147, 0.0 ], [ -113.295085982010093, 53.672670137908142, 0.0 ], [ -113.294768677293803, 53.699361922883263, 0.0 ], [ -113.294572943505997, 53.715794770695631, 0.0 ], [ -113.294571949450003, 53.715878242516553, 0.0 ], [ -113.3366949668047, 53.71712075346074, 0.0 ], [ -113.427792967689498, 53.719757017599527, 0.0 ], [ -113.495955855954307, 53.721684072990577, 0.0 ], [ -113.495974931132807, 53.735681269005937, 0.0 ], [ -113.495990895008205, 53.747440375328601, 0.0 ], [ -113.496027463271304, 53.774526137099123, 0.0 ], [ -113.496066439499202, 53.803633237320327, 0.0 ], [ -113.496075943890105, 53.810769777923113, 0.0 ], [ -113.496082560878705, 53.815747616672454, 0.0 ], [ -113.496109973257802, 53.836444031794358, 0.0 ], [ -113.496119947420993, 53.844005973198627, 0.0 ], [ -113.496130813646104, 53.852264327871929, 0.0 ], [ -113.496135468231103, 53.855809067066033, 0.0 ], [ -113.496138895042904, 53.858420019816677, 0.0 ], [ -113.4961610339587, 53.875341437215582, 0.0 ], [ -113.496176132733197, 53.886930616861591, 0.0 ], [ -113.496261332038102, 53.8908392990094, 0.0 ], [ -113.496263377801796, 53.890933311048549, 0.0 ], [ -113.496320501066705, 53.894347201336878, 0.0 ], [ -113.496347365663198, 53.895952853257477, 0.0 ], [ -113.496361935012999, 53.896823517408542, 0.0 ], [ -113.496388503849801, 53.898411026874797, 0.0 ], [ -113.496399793359402, 53.899085904707128, 0.0 ], [ -113.496401891303407, 53.899287401469003, 0.0 ], [ -113.496406818956999, 53.899761943060803, 0.0 ], [ -113.496442813846599, 53.903226208375507, 0.0 ], [ -113.496463336827802, 53.905201234296577, 0.0 ], [ -113.496466473211896, 53.905503053659309, 0.0 ], [ -113.496467162834307, 53.905569330587802, 0.0 ], [ -113.496443615913407, 53.90848888561684, 0.0 ], [ -113.496352302221396, 53.919121215557723, 0.0 ], [ -113.496344090521802, 53.92007738316596, 0.0 ], [ -113.496223784798801, 53.923778303566777, 0.0 ], [ -113.496254089212499, 53.94743033414165, 0.0 ], [ -113.496256332366201, 53.949187906282717, 0.0 ], [ -113.496280691652302, 53.968336854306592, 0.0 ], [ -113.496348056899706, 54.021899191124149, 0.0 ], [ -113.496476673093198, 54.021898666832577, 0.0 ], [ -113.495770998811295, 54.325793687047017, 0.0 ], [ -113.250895185324495, 54.327017020949157, 0.0 ], [ -113.250895206934999, 54.384955986540497, 0.0 ], [ -113.225401916670506, 54.38495599044326, 0.0 ], [ -113.225720593134895, 54.413431238057051, 0.0 ], [ -113.156570046323793, 54.413245803563257, 0.0 ], [ -113.156649721156398, 54.441655089027961, 0.0 ], [ -113.106141141172301, 54.441701423654337, 0.0 ], [ -113.106061481026302, 54.456292320162177, 0.0 ], [ -112.810231057388904, 54.456277558079613, 0.0 ], [ -112.810229519230006, 54.45629228673937, 0.0 ], [ -112.810198321299495, 54.456309367167592, 0.0 ], [ -112.810174333179901, 54.456758580146918, 0.0 ], [ -112.809403339329293, 54.456744600132787, 0.0 ], [ -112.808590846377598, 54.456704884407927, 0.0 ], [ -112.808234846416994, 54.456948228455957, 0.0 ], [ -112.807443098819704, 54.456921370864123, 0.0 ], [ -112.807066339096906, 54.457151845305951, 0.0 ], [ -112.806668825567201, 54.457369452350569, 0.0 ], [ -112.806271307822598, 54.457587058040623, 0.0 ], [ -112.805873785863199, 54.457804662376027, 0.0 ], [ -112.805476259640699, 54.458022266255227, 0.0 ], [ -112.805078729299396, 54.458239866982943, 0.0 ], [ -112.8050766765205, 54.458527588354961, 0.0 ], [ -112.804857445144407, 54.45880864123545, 0.0 ], [ -112.8047940036017, 54.458889970047572, 0.0 ], [ -112.8047301208302, 54.458971866359043, 0.0 ], [ -112.805255268466496, 54.45930107693836, 0.0 ], [ -112.805363886850202, 54.459369169259404, 0.0 ], [ -112.805780421393607, 54.459630286138633, 0.0 ], [ -112.806305585972098, 54.459959490478113, 0.0 ], [ -112.806830755745594, 54.460288695235228, 0.0 ], [ -112.806979829145703, 54.460382138723773, 0.0 ], [ -112.807019575167502, 54.460384805434323, 0.0 ], [ -112.807239877418994, 54.460545343089137, 0.0 ], [ -112.808058647998394, 54.460533222525598, 0.0 ], [ -112.808748931647898, 54.460553966069462, 0.0 ], [ -112.808754376021298, 54.460555438948667, 0.0 ], [ -112.809282393737305, 54.460883097174502, 0.0 ], [ -112.809810419836296, 54.461210754052388, 0.0 ], [ -112.810338455956497, 54.461538407813308, 0.0 ], [ -112.810866498918003, 54.461866060198169, 0.0 ], [ -112.811394551901003, 54.4621937094659, 0.0 ], [ -112.811922610183402, 54.462521357329443, 0.0 ], [ -112.812254831795201, 54.462727487893908, 0.0 ], [ -112.812310594064598, 54.46273436290921, 0.0 ], [ -112.812525948607401, 54.462884639843963, 0.0 ], [ -112.813286019163897, 54.4629046440525, 0.0 ], [ -112.814076668678297, 54.462907904255808, 0.0 ], [ -112.814877508071405, 54.46290557732074, 0.0 ], [ -112.815668156423399, 54.462908827979952, 0.0 ], [ -112.816428229402803, 54.462928814233727, 0.0 ], [ -112.816778468836901, 54.463173177390331, 0.0 ], [ -112.817089101224397, 54.463338923422278, 0.0 ], [ -112.817129923664297, 54.463597511860897, 0.0 ], [ -112.817137408484101, 54.463644930152867, 0.0 ], [ -112.817098334992394, 54.463870289407502, 0.0 ], [ -112.817255083264996, 54.463953923124791, 0.0 ], [ -112.817451889229304, 54.464189043252247, 0.0 ], [ -112.817459178298606, 54.464638453752741, 0.0 ], [ -112.817461584481293, 54.464786930064193, 0.0 ], [ -112.817428686908698, 54.464997786542853, 0.0 ], [ -112.817430010796699, 54.465433183457037, 0.0 ], [ -112.817724185429398, 54.465589535748869, 0.0 ], [ -112.817599183318407, 54.465791883053633, 0.0 ], [ -112.817495110279793, 54.465960348860527, 0.0 ], [ -112.817385699465405, 54.466137452980867, 0.0 ], [ -112.817361107368299, 54.466586655201098, 0.0 ], [ -112.817336509971497, 54.46703585729658, 0.0 ], [ -112.817311915034395, 54.467485058508203, 0.0 ], [ -112.817287319376803, 54.467934260577117, 0.0 ], [ -112.817262859324003, 54.468380961435876, 0.0 ], [ -112.817317471918301, 54.468623647416258, 0.0 ], [ -112.817341822618005, 54.468647598450481, 0.0 ], [ -112.817566733320703, 54.468868803811951, 0.0 ], [ -112.817612598220805, 54.469253123965743, 0.0 ], [ -112.817620237654396, 54.469317151305418, 0.0 ], [ -112.817640016217993, 54.469482892978533, 0.0 ], [ -112.817910679356004, 54.469770971691531, 0.0 ], [ -112.817918827087198, 54.469883290296231, 0.0 ], [ -112.817926370459205, 54.46998726963551, 0.0 ], [ -112.817564474596594, 54.47015689980681, 0.0 ], [ -112.817508127933294, 54.470586018040457, 0.0 ], [ -112.817495016780001, 54.471041932889783, 0.0 ], [ -112.817500432195601, 54.471509327309057, 0.0 ], [ -112.817499789437207, 54.471901988088078, 0.0 ], [ -112.817486504842705, 54.471920392240932, 0.0 ], [ -112.817499741977798, 54.471932222336598, 0.0 ], [ -112.817499674471705, 54.47197289430833, 0.0 ], [ -112.817468029123006, 54.472417323043089, 0.0 ], [ -112.817047260202003, 54.47262060997793, 0.0 ], [ -112.816990905584007, 54.473049727753747, 0.0 ], [ -112.816977785698398, 54.473505640488369, 0.0 ], [ -112.816983194728493, 54.473973035599997, 0.0 ], [ -112.816982431845702, 54.474436603291537, 0.0 ], [ -112.816950776719906, 54.474881031624562, 0.0 ], [ -112.816529979701201, 54.475084315525301, 0.0 ], [ -112.816462558245505, 54.475506582724307, 0.0 ], [ -112.816433183500905, 54.475952427139127, 0.0 ], [ -112.816425553744807, 54.476411745601879, 0.0 ], [ -112.816423360540696, 54.476874433009137, 0.0 ], [ -112.816410297927803, 54.477330382507091, 0.0 ], [ -112.816368278406301, 54.478007546129767, 0.0 ], [ -112.816335265359598, 54.478461725818079, 0.0 ], [ -112.816300250427005, 54.478916998805687, 0.0 ], [ -112.816264949790806, 54.479372428469539, 0.0 ], [ -112.816231075132904, 54.479827077207553, 0.0 ], [ -112.816200344482496, 54.480280005735047, 0.0 ], [ -112.816174474500997, 54.480730272945337, 0.0 ], [ -112.8161551738295, 54.481176944781573, 0.0 ], [ -112.816144162319503, 54.48161908109428, 0.0 ], [ -112.816143152178896, 54.482055741594507, 0.0 ], [ -112.816532673775697, 54.482278697041473, 0.0 ], [ -112.8165391683048, 54.48271125561503, 0.0 ], [ -112.816472614829095, 54.483183785142849, 0.0 ], [ -112.816430408207907, 54.483642992725173, 0.0 ], [ -112.816834628657702, 54.483857912157738, 0.0 ], [ -112.816810690453096, 54.484307125093054, 0.0 ], [ -112.816786748503802, 54.484756337931863, 0.0 ], [ -112.817212936092503, 54.484970874045999, 0.0 ], [ -112.817213280131696, 54.485447505196511, 0.0 ], [ -112.817112668899497, 54.485886339256233, 0.0 ], [ -112.8167149233321, 54.486103976287502, 0.0 ], [ -112.816317175085402, 54.486321611991201, 0.0 ], [ -112.815855790963695, 54.486525606895768, 0.0 ], [ -112.815895471966002, 54.486988459698964, 0.0 ], [ -112.815909801070802, 54.486996403122177, 0.0 ], [ -112.816291377061802, 54.487207947965658, 0.0 ], [ -112.816245330328002, 54.487669249574317, 0.0 ], [ -112.816619147212606, 54.487900826857903, 0.0 ], [ -112.817020361567401, 54.488117414783382, 0.0 ], [ -112.817021622680599, 54.488552838842118, 0.0 ], [ -112.816994393689896, 54.489003849107952, 0.0 ], [ -112.816951822417906, 54.489463254044693, 0.0 ], [ -112.816907059063894, 54.489923857667179, 0.0 ], [ -112.816873768027804, 54.490371553256509, 0.0 ], [ -112.816913147503996, 54.490390636245699, 0.0 ], [ -112.817165238703396, 54.490512786538822, 0.0 ], [ -112.817936548021393, 54.490531842924447, 0.0 ], [ -112.818707859685901, 54.49055089532002, 0.0 ], [ -112.819167231856298, 54.490562239204088, 0.0 ], [ -112.818809433225894, 54.490960485476357, 0.0 ], [ -112.818451626065098, 54.491358729674488, 0.0 ], [ -112.818645718657294, 54.491549456361163, 0.0 ], [ -112.818766732097799, 54.491993329361613, 0.0 ], [ -112.818776008398302, 54.492027356837824, 0.0 ], [ -112.819023289860397, 54.492275675605207, 0.0 ], [ -112.819081424546596, 54.492723827126731, 0.0 ], [ -112.819109220091505, 54.492938098791171, 0.0 ], [ -112.819629428359306, 54.493270189048793, 0.0 ], [ -112.820149645051899, 54.4936022771276, 0.0 ], [ -112.820442898896601, 54.493789477167702, 0.0 ], [ -112.820525289287502, 54.494017066750203, 0.0 ], [ -112.820498223398303, 54.49446621945814, 0.0 ], [ -112.820471158325404, 54.494915372151219, 0.0 ], [ -112.8204440910297, 54.495364523875352, 0.0 ], [ -112.820421042615806, 54.495746982161442, 0.0 ], [ -112.820051304807905, 54.496141529350737, 0.0 ], [ -112.819681561298097, 54.496536076245569, 0.0 ], [ -112.819660553344605, 54.496558492417137, 0.0 ], [ -112.819644157604898, 54.497007819380578, 0.0 ], [ -112.819628465884406, 54.497437852190437, 0.0 ], [ -112.819804810806204, 54.497490771329872, 0.0 ], [ -112.820274212184799, 54.497354655932028, 0.0 ], [ -112.821045749654999, 54.497337024227058, 0.0 ], [ -112.8216525167188, 54.497323154436224, 0.0 ], [ -112.822228324515606, 54.497156486850038, 0.0 ], [ -112.823000245524497, 54.497146020535112, 0.0 ], [ -112.823603520754901, 54.497137838015107, 0.0 ], [ -112.824101143101302, 54.496982878702852, 0.0 ], [ -112.824620456951493, 54.496955543532323, 0.0 ], [ -112.825053269927096, 54.497327726358819, 0.0 ], [ -112.8250854221277, 54.497355376217691, 0.0 ], [ -112.8257830366381, 54.497548009663312, 0.0 ], [ -112.826410012041606, 54.497721132871753, 0.0 ], [ -112.826933763600195, 54.498051363809239, 0.0 ], [ -112.827457522005304, 54.498381593408112, 0.0 ], [ -112.827573663596198, 54.498454819186009, 0.0 ], [ -112.827549073915307, 54.498904020638761, 0.0 ], [ -112.827547516436297, 54.498932471259799, 0.0 ], [ -112.827171387841204, 54.499324976981171, 0.0 ], [ -112.827086532749206, 54.499413524902792, 0.0 ], [ -112.826534900515199, 54.499728013014177, 0.0 ], [ -112.826492755316195, 54.499830018422522, 0.0 ], [ -112.826688946429002, 54.500013152946963, 0.0 ], [ -112.826808478322903, 54.500457164184567, 0.0 ], [ -112.826818137215895, 54.500493049436997, 0.0 ], [ -112.827139514141905, 54.500901707131163, 0.0 ], [ -112.8271795029072, 54.500952558573843, 0.0 ], [ -112.827686545380104, 54.501291529411823, 0.0 ], [ -112.827762814446203, 54.501342516529469, 0.0 ], [ -112.8279283530794, 54.501781498033758, 0.0 ], [ -112.827955301339898, 54.501852959403017, 0.0 ], [ -112.828217158568293, 54.501966305028461, 0.0 ], [ -112.828292229550996, 54.502325805502842, 0.0 ], [ -112.828629880306394, 54.502729995849741, 0.0 ], [ -112.8289066315821, 54.503061277873059, 0.0 ], [ -112.828886139026196, 54.503510547397823, 0.0 ], [ -112.828865648879798, 54.503959818736107, 0.0 ], [ -112.828845156606704, 54.504409090007897, 0.0 ], [ -112.828824665389902, 54.504858359471783, 0.0 ], [ -112.828823080564206, 54.50489310458903, 0.0 ], [ -112.828727016225997, 54.505065684819158, 0.0 ], [ -112.828186476157299, 54.505386675037528, 0.0 ], [ -112.827674985123707, 54.505690408796752, 0.0 ], [ -112.827605882982994, 54.506138033741109, 0.0 ], [ -112.827536776064306, 54.506585659444163, 0.0 ], [ -112.827467669046797, 54.507033285090607, 0.0 ], [ -112.827462497264705, 54.507066785855663, 0.0 ], [ -112.826905468787899, 54.507378099155083, 0.0 ], [ -112.826348431843101, 54.507689409794871, 0.0 ], [ -112.826280784898401, 54.507727215099877, 0.0 ], [ -112.825856802015593, 54.507928741099747, 0.0 ], [ -112.825360367342199, 54.508027418387847, 0.0 ], [ -112.825209217733104, 54.508165847303722, 0.0 ], [ -112.825181849982897, 54.508614994352179, 0.0 ], [ -112.825154478506505, 54.509064139505369, 0.0 ], [ -112.825127107792497, 54.509513285541921, 0.0 ], [ -112.825099733304398, 54.509962430581588, 0.0 ], [ -112.825072361074803, 54.51041157743083, 0.0 ], [ -112.825044986662803, 54.510860722412573, 0.0 ], [ -112.825035738426905, 54.511012466066063, 0.0 ], [ -112.825090264451006, 54.511255242611817, 0.0 ], [ -112.825371291001801, 54.511592210648331, 0.0 ], [ -112.825354173572507, 54.512041529334986, 0.0 ], [ -112.8253370572736, 54.512490846215513, 0.0 ], [ -112.825328867489404, 54.512705806182858, 0.0 ], [ -112.825056542130795, 54.51273661638438, 0.0 ], [ -112.824705242599904, 54.512916360885441, 0.0 ], [ -112.823933127445997, 54.512903587966441, 0.0 ], [ -112.8231610112678, 54.512890811889022, 0.0 ], [ -112.822614729124098, 54.512881768941568, 0.0 ], [ -112.822368410770594, 54.512841485372917, 0.0 ], [ -112.822082607668804, 54.512663953080619, 0.0 ], [ -112.821315288648293, 54.512612371848768, 0.0 ], [ -112.821194864262495, 54.512604275911919, 0.0 ], [ -112.820688200922405, 54.512265043166842, 0.0 ], [ -112.820631165961203, 54.512226855460753, 0.0 ], [ -112.820334448915105, 54.512166208354351, 0.0 ], [ -112.820000340455607, 54.511761001653852, 0.0 ], [ -112.819980337230206, 54.511303672848463, 0.0 ], [ -112.819966906360804, 54.510854313313359, 0.0 ], [ -112.819961697397602, 54.510680067978683, 0.0 ], [ -112.819638176802599, 54.510271965552022, 0.0 ], [ -112.819569785413293, 54.510185695313879, 0.0 ], [ -112.819041958346403, 54.50985758696978, 0.0 ], [ -112.818823326354206, 54.509721678793753, 0.0 ], [ -112.818053156619101, 54.509687824450637, 0.0 ], [ -112.817282985202496, 54.509653965156041, 0.0 ], [ -112.816512816736804, 54.509620100993622, 0.0 ], [ -112.816239834350597, 54.509608096631098, 0.0 ], [ -112.815531250840806, 54.50942926386854, 0.0 ], [ -112.815353135302203, 54.509384310648542, 0.0 ], [ -112.814581745385297, 54.509361805119667, 0.0 ], [ -112.813810354954299, 54.509339293749349, 0.0 ], [ -112.813305060851903, 54.509324545753749, 0.0 ], [ -112.813153046954099, 54.509421104939598, 0.0 ], [ -112.812981875455804, 54.509315112329453, 0.0 ], [ -112.812608590364604, 54.509304214765557, 0.0 ], [ -112.812378779300801, 54.509182272379867, 0.0 ], [ -112.812007074573103, 54.509175545468793, 0.0 ], [ -112.811633093202104, 54.508943952229643, 0.0 ], [ -112.8113238825743, 54.508752467126172, 0.0 ], [ -112.811215996715205, 54.508719553755263, 0.0 ], [ -112.811191887080298, 54.508712198945169, 0.0 ], [ -112.810531960690298, 54.508510870253453, 0.0 ], [ -112.810175716298104, 54.508402184718797, 0.0 ], [ -112.809816075046101, 54.508431840756607, 0.0 ], [ -112.809397453123594, 54.508637693807152, 0.0 ], [ -112.8090210629192, 54.508872291431693, 0.0 ], [ -112.808799882115196, 54.509184818377257, 0.0 ], [ -112.808521138305395, 54.509337216153803, 0.0 ], [ -112.808123118110302, 54.509554821618309, 0.0 ], [ -112.808061661728701, 54.509980869589832, 0.0 ], [ -112.808067399270698, 54.510184178827899, 0.0 ], [ -112.808015885375696, 54.51041662821082, 0.0 ], [ -112.808074999892696, 54.510453238300798, 0.0 ], [ -112.807998502950497, 54.510495059252143, 0.0 ], [ -112.807676966301798, 54.510670843035122, 0.0 ], [ -112.807510575930806, 54.510761806230811, 0.0 ], [ -112.807269994798403, 54.51080581412932, 0.0 ], [ -112.807315463845796, 54.510868471375773, 0.0 ], [ -112.807278928578597, 54.510888444615532, 0.0 ], [ -112.806880886578497, 54.511106045737257, 0.0 ], [ -112.806108872855901, 54.511092037180127, 0.0 ], [ -112.805746948984805, 54.510635822982238, 0.0 ], [ -112.805009341126905, 54.510603000924398, 0.0 ], [ -112.804212765299098, 54.510602411974673, 0.0 ], [ -112.803404396044002, 54.510608263601313, 0.0 ], [ -112.802631409544801, 54.510594769912153, 0.0 ], [ -112.802284989605099, 54.510348105121821, 0.0 ], [ -112.802267025617496, 54.510336978028221, 0.0 ], [ -112.801970141922595, 54.510201152991343, 0.0 ], [ -112.801784393584896, 54.510116171728527, 0.0 ], [ -112.801614137863993, 54.510115753447721, 0.0 ], [ -112.801200957377603, 54.510287222115608, 0.0 ], [ -112.800649614178695, 54.510601964979841, 0.0 ], [ -112.800098263997498, 54.510916706161893, 0.0 ], [ -112.800024027699195, 54.510959083973937, 0.0 ], [ -112.799848471009696, 54.511396746153963, 0.0 ], [ -112.799839415156995, 54.511419322585162, 0.0 ], [ -112.799522615439699, 54.511421962450569, 0.0 ], [ -112.799124529126701, 54.511639538508668, 0.0 ], [ -112.798726435593395, 54.511857111356157, 0.0 ], [ -112.797954410433306, 54.511843049687577, 0.0 ], [ -112.797556311814901, 54.512060619553218, 0.0 ], [ -112.797158205831195, 54.512278188903338, 0.0 ], [ -112.796760097210907, 54.512495756025487, 0.0 ], [ -112.795988061076798, 54.512481680795581, 0.0 ], [ -112.795589944331695, 54.512699243980911, 0.0 ], [ -112.795176244286907, 54.512907155527706, 0.0 ], [ -112.794713781354702, 54.513123541302491, 0.0 ], [ -112.795167622032395, 54.513366010066193, 0.0 ], [ -112.7951212998085, 54.513827301963147, 0.0 ], [ -112.795517347411803, 54.514046856956469, 0.0 ], [ -112.795493147105901, 54.514496061199893, 0.0 ], [ -112.795867087186494, 54.514727703826139, 0.0 ], [ -112.796241028505094, 54.514959343473457, 0.0 ], [ -112.796216835325794, 54.515408547867239, 0.0 ], [ -112.796645005706097, 54.515635984086231, 0.0 ], [ -112.796520324790194, 54.515704432564149, 0.0 ], [ -112.796192641480303, 54.51585775222015, 0.0 ], [ -112.796188395871397, 54.515936607372993, 0.0 ], [ -112.795916631441301, 54.516231780082848, 0.0 ], [ -112.795839119213298, 54.516315969365678, 0.0 ], [ -112.795771211369498, 54.516501052504978, 0.0 ], [ -112.795749517832405, 54.516511651667408, 0.0 ], [ -112.795749151300896, 54.516561178822073, 0.0 ], [ -112.795677856265698, 54.516755493417662, 0.0 ], [ -112.795665651842, 54.516788760459768, 0.0 ], [ -112.795394921683297, 54.517027236229232, 0.0 ], [ -112.795364941957899, 54.517152193607359, 0.0 ], [ -112.795319312889504, 54.51717355863569, 0.0 ], [ -112.795316553619799, 54.517353885367598, 0.0 ], [ -112.795288132222296, 54.517472346790882, 0.0 ], [ -112.795237343261107, 54.517684035316073, 0.0 ], [ -112.794703078165995, 54.518008649931637, 0.0 ], [ -112.794621593988893, 54.518058157696167, 0.0 ], [ -112.794282217423202, 54.518461891397799, 0.0 ], [ -112.794066486180299, 54.518718525379057, 0.0 ], [ -112.793987072228504, 54.518812995483067, 0.0 ], [ -112.793789749075898, 54.518824887452453, 0.0 ], [ -112.793198518804104, 54.518535611607518, 0.0 ], [ -112.792949962136007, 54.518413997010597, 0.0 ], [ -112.792845767176502, 54.518281689345628, 0.0 ], [ -112.7922904945585, 54.518118395153927, 0.0 ], [ -112.791750076241499, 54.517797245500958, 0.0 ], [ -112.791387697169, 54.517581895221589, 0.0 ], [ -112.791313924835706, 54.517538053131219, 0.0 ], [ -112.790671515992599, 54.517787662569617, 0.0 ], [ -112.790476197203503, 54.517863552344522, 0.0 ], [ -112.789797579665304, 54.517691382214913, 0.0 ], [ -112.789026450643703, 54.517664507309767, 0.0 ], [ -112.7882553228185, 54.517637626596482, 0.0 ], [ -112.787484194597099, 54.517610740945187, 0.0 ], [ -112.786971994152097, 54.517592879523413, 0.0 ], [ -112.786436054563396, 54.517269204863887, 0.0 ], [ -112.785900121904902, 54.516945527862852, 0.0 ], [ -112.785364199216403, 54.516621849475342, 0.0 ], [ -112.784840162141194, 54.516305340654519, 0.0 ], [ -112.784097099458293, 54.516182484745222, 0.0 ], [ -112.783921278071901, 54.51615341325256, 0.0 ], [ -112.783759508474105, 54.515713954836727, 0.0 ], [ -112.783720880088694, 54.515609013130963, 0.0 ], [ -112.783197019496598, 54.515278729261368, 0.0 ], [ -112.782979961979805, 54.515141877008908, 0.0 ], [ -112.782216892459701, 54.515071998332047, 0.0 ], [ -112.781782545760905, 54.515032221554478, 0.0 ], [ -112.781119827579005, 54.514801325120708, 0.0 ], [ -112.780618420018001, 54.514626625880346, 0.0 ], [ -112.780114513601006, 54.514634424551872, 0.0 ], [ -112.779551373417206, 54.514942047723089, 0.0 ], [ -112.779308553518305, 54.515074687252579, 0.0 ], [ -112.779206662270198, 54.51529817942049, 0.0 ], [ -112.779250571301205, 54.515589778280251, 0.0 ], [ -112.7796111132226, 54.515987245362361, 0.0 ], [ -112.779889566078893, 54.516294208648283, 0.0 ], [ -112.779872392952001, 54.516458410090891, 0.0 ], [ -112.779157849433204, 54.516445285632742, 0.0 ], [ -112.778759605638399, 54.516662791155547, 0.0 ], [ -112.778721441440098, 54.517103452657423, 0.0 ], [ -112.778739146875495, 54.517340027955903, 0.0 ], [ -112.778725356451801, 54.517347668558287, 0.0 ], [ -112.778165913656196, 54.517657588271163, 0.0 ], [ -112.7776064593032, 54.517967505244187, 0.0 ], [ -112.777216408735001, 54.518183575508928, 0.0 ], [ -112.777164088967197, 54.518432052519813, 0.0 ], [ -112.777117776164303, 54.5184312000166, 0.0 ], [ -112.777046371598303, 54.51885127199786, 0.0 ], [ -112.777055334479101, 54.51894854170515, 0.0 ], [ -112.777091754635194, 54.519343720087377, 0.0 ], [ -112.776670679960901, 54.519547095722551, 0.0 ], [ -112.7763245853629, 54.519295922252681, 0.0 ], [ -112.775552835629398, 54.519256743113573, 0.0 ], [ -112.774745684065195, 54.51923689239355, 0.0 ], [ -112.773948887310695, 54.519237211980183, 0.0 ], [ -112.773250914472001, 54.519257311016737, 0.0 ], [ -112.773208195913398, 54.519258541246977, 0.0 ], [ -112.772809894728297, 54.519476027448142, 0.0 ], [ -112.772411586224194, 54.519693512233097, 0.0 ], [ -112.772013274984801, 54.51991099658553, 0.0 ], [ -112.771614959612705, 54.520128477781803, 0.0 ], [ -112.771216641505404, 54.520345958545562, 0.0 ], [ -112.771093145670406, 54.520413385098252, 0.0 ], [ -112.770818316078703, 54.520563437892918, 0.0 ], [ -112.770419987965496, 54.520780915909292, 0.0 ], [ -112.770021655621605, 54.520998392566163, 0.0 ], [ -112.769623320542195, 54.521215868790392, 0.0 ], [ -112.769224978240999, 54.521433341801277, 0.0 ], [ -112.768826633204398, 54.52165081437947, 0.0 ], [ -112.768428283887602, 54.521868286496421, 0.0 ], [ -112.768029930437905, 54.522085755456928, 0.0 ], [ -112.767631572658999, 54.522303224854546, 0.0 ], [ -112.767233210746895, 54.522520691095693, 0.0 ], [ -112.766834844554694, 54.522738156875427, 0.0 ], [ -112.7664572434945, 54.522968495342049, 0.0 ], [ -112.765664256496706, 54.522941351554827, 0.0 ], [ -112.765286647039005, 54.523171686278339, 0.0 ], [ -112.764493657096097, 54.523144534783697, 0.0 ], [ -112.764114675176103, 54.523399821186644, 0.0 ], [ -112.7633230478488, 54.523347707488767, 0.0 ], [ -112.7629787482566, 54.52313427215875, 0.0 ], [ -112.762847428242793, 54.523178050654991, 0.0 ], [ -112.762755189245695, 54.523208801112439, 0.0 ], [ -112.761990999079003, 54.523274978067732, 0.0 ], [ -112.761933494923099, 54.523279958583529, 0.0 ], [ -112.761854941297599, 54.523321737989342, 0.0 ], [ -112.761778601739394, 54.523319123187377, 0.0 ], [ -112.761380197660202, 54.523536569692602, 0.0 ], [ -112.760981790795597, 54.523754016663077, 0.0 ], [ -112.760583379797893, 54.523971460476687, 0.0 ], [ -112.760184964519595, 54.524188903828481, 0.0 ], [ -112.759786544960406, 54.524406346718493, 0.0 ], [ -112.759388121268103, 54.524623786451492, 0.0 ], [ -112.760148068499504, 54.524862692905813, 0.0 ], [ -112.760123470256801, 54.52531188647103, 0.0 ], [ -112.760562341654605, 54.525532350682951, 0.0 ], [ -112.760472707683107, 54.525992828952788, 0.0 ], [ -112.760044364854295, 54.526191730738077, 0.0 ], [ -112.760058417200298, 54.52652258514366, 0.0 ], [ -112.760023125469999, 54.526670286432299, 0.0 ], [ -112.759983101991594, 54.52683778258789, 0.0 ], [ -112.759689526974796, 54.527120213051049, 0.0 ], [ -112.759660894663, 54.527307394458909, 0.0 ], [ -112.759626621537706, 54.527326096919957, 0.0 ], [ -112.759988169676603, 54.527782444533869, 0.0 ], [ -112.760362021950201, 54.528014194799638, 0.0 ], [ -112.760659510076295, 54.528172329438277, 0.0 ], [ -112.760664627953304, 54.52831050218861, 0.0 ], [ -112.760670934046999, 54.528480769446638, 0.0 ], [ -112.760673244121705, 54.528930187871531, 0.0 ], [ -112.760675555654501, 54.529379606294448, 0.0 ], [ -112.760677839793701, 54.52982429927922, 0.0 ], [ -112.760992611093997, 54.530234743875283, 0.0 ], [ -112.761067903538901, 54.530332919536598, 0.0 ], [ -112.7610901366794, 54.530361910884523, 0.0 ], [ -112.761544692802104, 54.530725354350388, 0.0 ], [ -112.761564304158995, 54.530741036946793, 0.0 ], [ -112.761738006725807, 54.530879919663569, 0.0 ], [ -112.761726056765497, 54.531329286048852, 0.0 ], [ -112.761714101721793, 54.531778653212051, 0.0 ], [ -112.761713013388004, 54.531819583390487, 0.0 ], [ -112.761981858254501, 54.532108654835071, 0.0 ], [ -112.762100237080801, 54.532552770633679, 0.0 ], [ -112.762108615818093, 54.532584208611468, 0.0 ], [ -112.762357190907494, 54.532829872653089, 0.0 ], [ -112.762378525077096, 54.533279121087688, 0.0 ], [ -112.762399861074101, 54.533728370418928, 0.0 ], [ -112.762410144148504, 54.533944898786551, 0.0 ], [ -112.762734753330804, 54.534352750393822, 0.0 ], [ -112.762803097344602, 54.534438620681136, 0.0 ], [ -112.763329082442397, 54.534767891234907, 0.0 ], [ -112.763855074456799, 54.535097159534807, 0.0 ], [ -112.764381076428705, 54.535426426536283, 0.0 ], [ -112.764477014251597, 54.535486480069032, 0.0 ], [ -112.764796586844099, 54.535895680492487, 0.0 ], [ -112.765116161206507, 54.536304878223163, 0.0 ], [ -112.765250120340696, 54.536476399057932, 0.0 ], [ -112.765214846602305, 54.536690655071382, 0.0 ], [ -112.7649633353235, 54.536882379706817, 0.0 ], [ -112.764877935126606, 54.537124075483483, 0.0 ], [ -112.764883438605096, 54.537493058751643, 0.0 ], [ -112.765176789344196, 54.537829585911403, 0.0 ], [ -112.765210510648998, 54.538250748793907, 0.0 ], [ -112.765177042028796, 54.538429202150368, 0.0 ], [ -112.7651320013629, 54.538669362505047, 0.0 ], [ -112.7647889536522, 54.53904114678042, 0.0 ], [ -112.764757105056205, 54.539490185291797, 0.0 ], [ -112.764725257218004, 54.539939222887398, 0.0 ], [ -112.7647142444807, 54.540094467668908, 0.0 ], [ -112.764791276955805, 54.540325704449053, 0.0 ], [ -112.765250703248896, 54.540687118734148, 0.0 ], [ -112.765445998238405, 54.540840747214368, 0.0 ], [ -112.764911070109093, 54.540858758510858, 0.0 ], [ -112.764830957810801, 54.540911190330903, 0.0 ], [ -112.764683793229906, 54.541007502850043, 0.0 ], [ -112.764655509670902, 54.541456624224452, 0.0 ], [ -112.7646272255501, 54.541905741961848, 0.0 ], [ -112.764600069634795, 54.542336930623577, 0.0 ], [ -112.764864663393098, 54.542759201929933, 0.0 ], [ -112.764932003906296, 54.542866667614653, 0.0 ], [ -112.764931033257398, 54.542885324404281, 0.0 ], [ -112.764908639502806, 54.543315881639387, 0.0 ], [ -112.764886447147603, 54.54374254683168, 0.0 ], [ -112.764576474385095, 54.544074884760192, 0.0 ], [ -112.764392906927199, 54.544511448900423, 0.0 ], [ -112.764370067249303, 54.544565764839902, 0.0 ], [ -112.764087172134097, 54.544720098706698, 0.0 ], [ -112.763688569927297, 54.544937550288857, 0.0 ], [ -112.763289963434303, 54.545155001408382, 0.0 ], [ -112.762891354249604, 54.545372451195448, 0.0 ], [ -112.762866766082198, 54.545821642244313, 0.0 ], [ -112.762865557787094, 54.546153760497958, 0.0 ], [ -112.762835211458693, 54.546549449417569, 0.0 ], [ -112.762800778261706, 54.546998421384849, 0.0 ], [ -112.762770004934794, 54.547399650993363, 0.0 ], [ -112.762382073481703, 54.547611259842398, 0.0 ], [ -112.761983432138805, 54.54782870622703, 0.0 ], [ -112.761584788103605, 54.548046151279053, 0.0 ], [ -112.761186139830599, 54.548263594969782, 0.0 ], [ -112.7607667084756, 54.548468164049289, 0.0 ], [ -112.760765557216004, 54.54860693432736, 0.0 ], [ -112.7605618285058, 54.548826723458447, 0.0 ], [ -112.760383078676398, 54.549024345941518, 0.0 ], [ -112.760377288241898, 54.549107703951847, 0.0 ], [ -112.760327549508702, 54.549130596978237, 0.0 ], [ -112.760259745639203, 54.549583673380432, 0.0 ], [ -112.760233845584906, 54.550056258121813, 0.0 ], [ -112.760251897495905, 54.550510923676534, 0.0 ], [ -112.760280907063404, 54.550526118536403, 0.0 ], [ -112.760508733213896, 54.550951671153037, 0.0 ], [ -112.760617735521507, 54.551155268979407, 0.0 ], [ -112.760597277941898, 54.551604530551643, 0.0 ], [ -112.760576819775295, 54.552053792085147, 0.0 ], [ -112.760556359525296, 54.552503052652931, 0.0 ], [ -112.760543701092004, 54.552780990328507, 0.0 ], [ -112.760468474915797, 54.553198961087787, 0.0 ], [ -112.760125382451903, 54.553566990973557, 0.0 ], [ -112.760122712172304, 54.553605202845652, 0.0 ], [ -112.760088315409206, 54.553621183814847, 0.0 ], [ -112.760092780226202, 54.554033462932431, 0.0 ], [ -112.7600626135727, 54.554465087396522, 0.0 ], [ -112.760054817232302, 54.554576620811169, 0.0 ], [ -112.760047597530303, 54.554679921084492, 0.0 ], [ -112.759794305050207, 54.554697657844528, 0.0 ], [ -112.759720169547407, 54.554702849409267, 0.0 ], [ -112.759686022989399, 54.554747966608339, 0.0 ], [ -112.759670033805094, 54.554755395344863, 0.0 ], [ -112.759391175687696, 54.554907466216328, 0.0 ], [ -112.759315358816593, 54.554922967358628, 0.0 ], [ -112.759283913567202, 54.554965959106532, 0.0 ], [ -112.759271309015801, 54.554972832686538, 0.0 ], [ -112.758987401706904, 54.555127652663778, 0.0 ], [ -112.758911639167195, 54.555143760687898, 0.0 ], [ -112.758901885214996, 54.555174286307349, 0.0 ], [ -112.758851418808206, 54.555332229250261, 0.0 ], [ -112.758655382785506, 54.555329237503152, 0.0 ], [ -112.758503775635901, 54.555426242959598, 0.0 ], [ -112.757686056988305, 54.555384104838708, 0.0 ], [ -112.757106700664593, 54.555380236794797, 0.0 ], [ -112.756928194725404, 54.555379044892227, 0.0 ], [ -112.756814573088704, 54.555448278449227, 0.0 ], [ -112.756689730681401, 54.55547735444631, 0.0 ], [ -112.756581264481397, 54.555502617128603, 0.0 ], [ -112.755808866895194, 54.555481866656379, 0.0 ], [ -112.755599963603203, 54.555476253455232, 0.0 ], [ -112.755063366462196, 54.555152675156222, 0.0 ], [ -112.755008422694999, 54.555119543253113, 0.0 ], [ -112.7545267793612, 54.554829094569023, 0.0 ], [ -112.753990199258197, 54.554505510737918, 0.0 ], [ -112.753468181970206, 54.554190704076632, 0.0 ], [ -112.752739432482301, 54.55417716371074, 0.0 ], [ -112.752407921375394, 54.553922199729989, 0.0 ], [ -112.751624492374006, 54.553913631070273, 0.0 ], [ -112.751296449097396, 54.553914862910609, 0.0 ], [ -112.750819797099496, 54.553916653021297, 0.0 ], [ -112.75080383577, 54.554206633314799, 0.0 ], [ -112.7504962872204, 54.554548991552721, 0.0 ], [ -112.7504514278193, 54.554598927735107, 0.0 ], [ -112.750381088653199, 54.554786224890613, 0.0 ], [ -112.750363157983898, 54.554794966138978, 0.0 ], [ -112.750362817023202, 54.554834878602783, 0.0 ], [ -112.750286532039098, 54.555038006006143, 0.0 ], [ -112.750273578171104, 54.555072494009693, 0.0 ], [ -112.749978049282007, 54.555355157250119, 0.0 ], [ -112.749978038106903, 54.555434953287488, 0.0 ], [ -112.74989602462, 54.555473236521891, 0.0 ], [ -112.749978027859498, 54.555516811424617, 0.0 ], [ -112.749978004536601, 54.555698194293278, 0.0 ], [ -112.750273549039804, 54.556113486702763, 0.0 ], [ -112.750289010493205, 54.556135211707058, 0.0 ], [ -112.750241529124096, 54.556583780726953, 0.0 ], [ -112.750232505407595, 54.556669029685118, 0.0 ], [ -112.749886209705593, 54.556821996319051, 0.0 ], [ -112.749905903102501, 54.557270263694093, 0.0 ], [ -112.749754950671502, 54.557359951227554, 0.0 ], [ -112.749038440550294, 54.557528939844538, 0.0 ], [ -112.748668609866399, 54.557616161841317, 0.0 ], [ -112.748571508339893, 54.557702665030249, 0.0 ], [ -112.748305962457593, 54.557700872530702, 0.0 ], [ -112.747488210747804, 54.557658666040517, 0.0 ], [ -112.747119317336001, 54.557894605563689, 0.0 ], [ -112.746343972066995, 54.557925124022503, 0.0 ], [ -112.745573584834503, 54.557865802178974, 0.0 ], [ -112.745199546278798, 54.557634004501601, 0.0 ], [ -112.744850405053299, 54.55738563901015, 0.0 ], [ -112.744086849016995, 54.557347554018307, 0.0 ], [ -112.743290605224203, 54.557322479490928, 0.0 ], [ -112.742487224999095, 54.55731089353614, 0.0 ], [ -112.741702250524199, 54.557313270265418, 0.0 ], [ -112.741167298448701, 54.557325412667247, 0.0 ], [ -112.74096123612, 54.557330088271527, 0.0 ], [ -112.740846485512407, 54.557399973971933, 0.0 ], [ -112.740725316667294, 54.557428135509141, 0.0 ], [ -112.740693654064003, 54.55743549470499, 0.0 ], [ -112.739947741300995, 54.557495830909417, 0.0 ], [ -112.739819530119604, 54.557534053474257, 0.0 ], [ -112.739749118749799, 54.557555045546231, 0.0 ], [ -112.739390674493805, 54.557750390245438, 0.0 ], [ -112.738991814028196, 54.557967758424113, 0.0 ], [ -112.738242695469197, 54.557968025880903, 0.0 ], [ -112.737422341857396, 54.55792413241749, 0.0 ], [ -112.736746856845699, 54.557924366105453, 0.0 ], [ -112.736256424036299, 54.558187815675822, 0.0 ], [ -112.735688555867497, 54.558492853947413, 0.0 ], [ -112.735167877258604, 54.558772539908638, 0.0 ], [ -112.734831717117501, 54.559177269234631, 0.0 ], [ -112.734531008468807, 54.55953931198821, 0.0 ], [ -112.733992493261695, 54.559861840511722, 0.0 ], [ -112.733911535833201, 54.559910328221008, 0.0 ], [ -112.7335803628729, 54.56031644443334, 0.0 ], [ -112.733313814967602, 54.560643306290601, 0.0 ], [ -112.732747575824604, 54.560949387787922, 0.0 ], [ -112.732513023373699, 54.561076173017753, 0.0 ], [ -112.731756206030795, 54.561168528936307, 0.0 ], [ -112.731495354364398, 54.561200361238548, 0.0 ], [ -112.731106016438204, 54.561423652493673, 0.0 ], [ -112.7310601237604, 54.561479361908823, 0.0 ], [ -112.731030750649495, 54.562008147597453, 0.0 ], [ -112.730630935568897, 54.562000361344779, 0.0 ], [ -112.730462523392802, 54.562074072369853, 0.0 ], [ -112.730373418416093, 54.562113073770277, 0.0 ], [ -112.730600145638306, 54.562509666745697, 0.0 ], [ -112.730535448477099, 54.562957504670443, 0.0 ], [ -112.730470748014298, 54.563405346080764, 0.0 ], [ -112.730458761231205, 54.563488332297467, 0.0 ], [ -112.730165887017407, 54.563647875516828, 0.0 ], [ -112.730013910791399, 54.563745014470797, 0.0 ], [ -112.729533068978895, 54.563870106808288, 0.0 ], [ -112.728978988972003, 54.563841426152891, 0.0 ], [ -112.728220978479698, 54.563836184859703, 0.0 ], [ -112.727908819154194, 54.56400622220405, 0.0 ], [ -112.727653593813102, 54.564015872871472, 0.0 ], [ -112.727518766743401, 54.56402096938811, 0.0 ], [ -112.727116246714999, 54.564237280024201, 0.0 ], [ -112.726836745641506, 54.564580161126067, 0.0 ], [ -112.726625036147894, 54.564705497595327, 0.0 ], [ -112.726534923630695, 54.565165942567248, 0.0 ], [ -112.726672363066498, 54.565234984920288, 0.0 ], [ -112.726672888391505, 54.565238086582177, 0.0 ], [ -112.727202784647702, 54.565565441538659, 0.0 ], [ -112.727346053676499, 54.56565394554125, 0.0 ], [ -112.727323038448702, 54.566067561715549, 0.0 ], [ -112.727697046881602, 54.566299412290952, 0.0 ], [ -112.728071061052603, 54.566531262669393, 0.0 ], [ -112.728445081011998, 54.566763111952532, 0.0 ], [ -112.728792311594205, 54.566940337256661, 0.0 ], [ -112.7287755309125, 54.567143527865262, 0.0 ], [ -112.728738457428904, 54.567592426662117, 0.0 ], [ -112.728713320971195, 54.567896781527033, 0.0 ], [ -112.728425253370105, 54.568085988948027, 0.0 ], [ -112.728370123023396, 54.568110652813672, 0.0 ], [ -112.727971102192797, 54.568327982778356, 0.0 ], [ -112.7279694658057, 54.568507445593688, 0.0 ], [ -112.727870296661493, 54.568776569093167, 0.0 ], [ -112.727758154993595, 54.568891696772411, 0.0 ], [ -112.7275470827162, 54.568994489844059, 0.0 ], [ -112.727522084481706, 54.569443669107983, 0.0 ], [ -112.727896125989602, 54.569675519281937, 0.0 ], [ -112.7283017019395, 54.569890197569848, 0.0 ], [ -112.728298388639402, 54.570327571660378, 0.0 ], [ -112.728259604768795, 54.570784263749808, 0.0 ], [ -112.728208995269298, 54.571247394802818, 0.0 ], [ -112.728170210782196, 54.571704086810428, 0.0 ], [ -112.728157535658497, 54.57193186650013, 0.0 ], [ -112.728034194667202, 54.57201948504656, 0.0 ], [ -112.727840208275495, 54.572157284642778, 0.0 ], [ -112.727776287261307, 54.57235418565719, 0.0 ], [ -112.727724874872095, 54.572512550204578, 0.0 ], [ -112.727071812054604, 54.572746499374666, 0.0 ], [ -112.726511056372004, 54.573056071694921, 0.0 ], [ -112.726278551963603, 54.573184428022891, 0.0 ], [ -112.726119628941404, 54.573492672295487, 0.0 ], [ -112.726105661870903, 54.573942012651877, 0.0 ], [ -112.726091695899896, 54.574391353001857, 0.0 ], [ -112.726077727935703, 54.574840693287292, 0.0 ], [ -112.726064451018104, 54.575267807811521, 0.0 ], [ -112.726571910783804, 54.57560701575715, 0.0 ], [ -112.727007213383999, 54.575897986205042, 0.0 ], [ -112.727117251170498, 54.576056023357147, 0.0 ], [ -112.727110389887102, 54.576158631932039, 0.0 ], [ -112.727087221025599, 54.576505097733047, 0.0 ], [ -112.727057191627495, 54.576954172093359, 0.0 ], [ -112.727027159883207, 54.577403246379973, 0.0 ], [ -112.727003467578697, 54.577757525265689, 0.0 ], [ -112.726802891695101, 54.577865669345719, 0.0 ], [ -112.726129330679498, 54.577912979099168, 0.0 ], [ -112.725932678468993, 54.577975782812317, 0.0 ], [ -112.725696363570407, 54.578051255356527, 0.0 ], [ -112.725210217841493, 54.578107076265738, 0.0 ], [ -112.725101410391403, 54.578166319956509, 0.0 ], [ -112.725117946287796, 54.578641259274583, 0.0 ], [ -112.724677236082002, 54.578832814508203, 0.0 ], [ -112.7245870659074, 54.579293257423892, 0.0 ], [ -112.725026312183601, 54.579513853371182, 0.0 ], [ -112.725001278117304, 54.579963030195039, 0.0 ], [ -112.725439840097295, 54.580196101097819, 0.0 ], [ -112.725371901554595, 54.580227771234682, 0.0 ], [ -112.724976243310707, 54.580412207875924, 0.0 ], [ -112.724577082584005, 54.580629525815503, 0.0 ], [ -112.7241779177117, 54.580846840593622, 0.0 ], [ -112.723778750039898, 54.58106415583277, 0.0 ], [ -112.723379575079093, 54.581281468750532, 0.0 ], [ -112.723375368562202, 54.581736773867533, 0.0 ], [ -112.723269845701097, 54.581794862855972, 0.0 ], [ -112.722955338965505, 54.581947957268532, 0.0 ], [ -112.722556152467604, 54.582165267344891, 0.0 ], [ -112.722156961723499, 54.582382576056283, 0.0 ], [ -112.722084386606795, 54.582802309073891, 0.0 ], [ -112.722083581041105, 54.58308613728471, 0.0 ], [ -112.722049878863203, 54.583239193484971, 0.0 ], [ -112.721797909531602, 54.583559341490933, 0.0 ], [ -112.722081994897195, 54.583645463954007, 0.0 ], [ -112.722081756212802, 54.583730105800683, 0.0 ], [ -112.722455893376903, 54.58396197411237, 0.0 ], [ -112.722830036334301, 54.584193841328393, 0.0 ], [ -112.722890863401105, 54.584231537266582, 0.0 ], [ -112.722916910316997, 54.584276394335511, 0.0 ], [ -112.723428974391993, 54.584613315973172, 0.0 ], [ -112.723641816427403, 54.584753356684772, 0.0 ], [ -112.724039038790906, 54.584972679209173, 0.0 ], [ -112.724121635949302, 54.584994253182707, 0.0 ], [ -112.724326650682102, 54.58512129804533, 0.0 ], [ -112.724700814873898, 54.585353159636831, 0.0 ], [ -112.725074983262601, 54.585585021001663, 0.0 ], [ -112.725449157545498, 54.58581687947386, 0.0 ], [ -112.725823332931895, 54.586048737661187, 0.0 ], [ -112.726197515659095, 54.586280594781613, 0.0 ], [ -112.726571699540003, 54.586512450718757, 0.0 ], [ -112.726716178422706, 54.586584150549271, 0.0 ], [ -112.726784358651798, 54.586674459222039, 0.0 ], [ -112.726877959299998, 54.586798438475967, 0.0 ], [ -112.726841871968603, 54.587012977196117, 0.0 ], [ -112.726615570617895, 54.587218117058832, 0.0 ], [ -112.726648999921693, 54.58726614799162, 0.0 ], [ -112.726896976350602, 54.587622425623003, 0.0 ], [ -112.726883338675094, 54.587867250831643, 0.0 ], [ -112.727257542404402, 54.588099103897207, 0.0 ], [ -112.727631751878405, 54.58833095676497, 0.0 ], [ -112.727691275229702, 54.588367836999517, 0.0 ], [ -112.727718455851601, 54.588414025399921, 0.0 ], [ -112.728004060143306, 54.588596975622579, 0.0 ], [ -112.727980952761897, 54.589011987322351, 0.0 ], [ -112.728355173138098, 54.589243837111262, 0.0 ], [ -112.7287293977123, 54.589475686673183, 0.0 ], [ -112.7291036264848, 54.589707536008063, 0.0 ], [ -112.729477859555502, 54.58993938331917, 0.0 ], [ -112.729610654936494, 54.590021652675922, 0.0 ], [ -112.729695486529707, 54.590144241045792, 0.0 ], [ -112.729841832259396, 54.590355724159423, 0.0 ], [ -112.729827106007903, 54.590620407933862, 0.0 ], [ -112.730201351529203, 54.590852252194779, 0.0 ], [ -112.7305756012491, 54.591084096228542, 0.0 ], [ -112.730761452244806, 54.591199227702688, 0.0 ], [ -112.730824870712098, 54.591280693541613, 0.0 ], [ -112.730863315253103, 54.591330079874673, 0.0 ], [ -112.730923586752994, 54.591572870397933, 0.0 ], [ -112.730902696726901, 54.591777192179528, 0.0 ], [ -112.730998143872995, 54.591830104356262, 0.0 ], [ -112.731279067486895, 54.592193275194433, 0.0 ], [ -112.731251981946201, 54.592458212864038, 0.0 ], [ -112.731648431142702, 54.59267797930093, 0.0 ], [ -112.731690812279396, 54.592704231961022, 0.0 ], [ -112.731736430744206, 54.592760446821508, 0.0 ], [ -112.732235514549899, 54.593103929386018, 0.0 ], [ -112.732310687043494, 54.593155664590817, 0.0 ], [ -112.732381062107393, 54.593428132325172, 0.0 ], [ -112.732372018837495, 54.593590836632259, 0.0 ], [ -112.732347052496607, 54.594040016487611, 0.0 ], [ -112.732721343329104, 54.594271854163473, 0.0 ], [ -112.732735114318501, 54.594280383913741, 0.0 ], [ -112.7330956384111, 54.594503690713523, 0.0 ], [ -112.733469937742697, 54.594735526137747, 0.0 ], [ -112.733844241373802, 54.594967359537748, 0.0 ], [ -112.734218549204698, 54.595199192710233, 0.0 ], [ -112.734216874503801, 54.595229346125322, 0.0 ], [ -112.734193601752395, 54.595648372120607, 0.0 ], [ -112.734567917688906, 54.595880205164399, 0.0 ], [ -112.735262514002798, 54.59589320803677, 0.0 ], [ -112.735341498146198, 54.595894686370393, 0.0 ], [ -112.735715824573404, 54.596126514169597, 0.0 ], [ -112.736090152056704, 54.596358342581603, 0.0 ], [ -112.736083530071099, 54.596477666328909, 0.0 ], [ -112.7360652241845, 54.596807521587827, 0.0 ], [ -112.736439562918605, 54.597039349030432, 0.0 ], [ -112.736485963063799, 54.597068084312212, 0.0 ], [ -112.736523937080904, 54.597123795405103, 0.0 ], [ -112.737044834620406, 54.597456207214258, 0.0 ], [ -112.737565740735903, 54.597788615047527, 0.0 ], [ -112.737629062157893, 54.597829021621799, 0.0 ], [ -112.737903367133001, 54.597945844805388, 0.0 ], [ -112.738253187463002, 54.598094827493313, 0.0 ], [ -112.738302504622695, 54.598115831404847, 0.0 ], [ -112.738584601780403, 54.598367695132552, 0.0 ], [ -112.738719132783302, 54.598487809718868, 0.0 ], [ -112.738819827272593, 54.598513355418113, 0.0 ], [ -112.739060041039295, 54.598662103075739, 0.0 ], [ -112.7394344123297, 54.598893919682943, 0.0 ], [ -112.739808787771295, 54.599125736960517, 0.0 ], [ -112.740183167563202, 54.599357551314966, 0.0 ], [ -112.740557551556293, 54.599589365441368, 0.0 ], [ -112.740931939750595, 54.599821179339692, 0.0 ], [ -112.741727779756502, 54.599823545190837, 0.0 ], [ -112.742079995444598, 54.600067429199207, 0.0 ], [ -112.742819156680198, 54.600100649623407, 0.0 ], [ -112.743617466855994, 54.600101660561187, 0.0 ], [ -112.744427606316293, 54.600096224788139, 0.0 ], [ -112.744998142262602, 54.600106449271962, 0.0 ], [ -112.745306704689895, 54.600184442729002, 0.0 ], [ -112.745549074613194, 54.600356934310689, 0.0 ], [ -112.746329590340693, 54.600367621054509, 0.0 ], [ -112.747158775812494, 54.600351799430378, 0.0 ], [ -112.747508874434502, 54.600596843693687, 0.0 ], [ -112.747845288147303, 54.600849339107107, 0.0 ], [ -112.747845834430507, 54.601284719681573, 0.0 ], [ -112.747770332930102, 54.601761507196407, 0.0 ], [ -112.747770878104106, 54.60219688860122, 0.0 ], [ -112.748145331489397, 54.602428679800212, 0.0 ], [ -112.748519789126505, 54.602660469872191, 0.0 ], [ -112.7488942510154, 54.602892258817192, 0.0 ], [ -112.749268717205894, 54.603124045736799, 0.0 ], [ -112.749643189146198, 54.603355832456486, 0.0 ], [ -112.750039843347494, 54.60357554108608, 0.0 ], [ -112.749992880937995, 54.604036802561367, 0.0 ], [ -112.750367363794993, 54.60426858619784, 0.0 ], [ -112.750741850805198, 54.604500370503878, 0.0 ], [ -112.751116342117399, 54.604732152784337, 0.0 ], [ -112.751490837731495, 54.604963933039237, 0.0 ], [ -112.751865337548594, 54.60519571306525, 0.0 ], [ -112.752239841618305, 54.605427491963972, 0.0 ], [ -112.752614349940501, 54.605659269735384, 0.0 ], [ -112.752988862515494, 54.605891046379469, 0.0 ], [ -112.753762642520996, 54.605905412531932, 0.0 ], [ -112.754137165539902, 54.606137184826203, 0.0 ], [ -112.754511689667098, 54.606368956833947, 0.0 ], [ -112.754886219545199, 54.606600728641332, 0.0 ], [ -112.755260753775204, 54.606832497524451, 0.0 ], [ -112.755668565060404, 54.607046149301333, 0.0 ], [ -112.756059742755696, 54.607268856407003, 0.0 ], [ -112.755935207719105, 54.607772396203252, 0.0 ], [ -112.756326395200105, 54.607995104326491, 0.0 ], [ -112.756734222177698, 54.60820875080978, 0.0 ], [ -112.757108781536601, 54.608440515051107, 0.0 ], [ -112.757483345148898, 54.608672278164782, 0.0 ], [ -112.757857913014803, 54.608904040150662, 0.0 ], [ -112.758232485084903, 54.6091358019072, 0.0 ], [ -112.758607061458093, 54.609367561637569, 0.0 ], [ -112.758981642134401, 54.609599319341733, 0.0 ], [ -112.759356228513496, 54.609831077743458, 0.0 ], [ -112.759730816149698, 54.610062833163241, 0.0 ], [ -112.760105409488801, 54.610294589280507, 0.0 ], [ -112.760877240520401, 54.610310019637573, 0.0 ], [ -112.761733815148801, 54.610279293621481, 0.0 ], [ -112.762508903249, 54.610292938361312, 0.0 ], [ -112.762903658164603, 54.610513714809308, 0.0 ], [ -112.762776978116193, 54.611018470192462, 0.0 ], [ -112.763151599257498, 54.611250216220633, 0.0 ], [ -112.763526221606895, 54.611481960165037, 0.0 ], [ -112.764300113235095, 54.611496259951842, 0.0 ], [ -112.765074005592098, 54.611510553896551, 0.0 ], [ -112.7654042820634, 54.611766454184568, 0.0 ], [ -112.766222540513098, 54.611756579578987, 0.0 ], [ -112.767038066804702, 54.611796609677143, 0.0 ], [ -112.767395686738695, 54.611553406068197, 0.0 ], [ -112.768190396070395, 54.611580554238252, 0.0 ], [ -112.768568823106094, 54.611350221098803, 0.0 ], [ -112.7689680570505, 54.611132760538602, 0.0 ], [ -112.769741945020698, 54.611147023686947, 0.0 ], [ -112.770141172343202, 54.610929559201843, 0.0 ], [ -112.770540395362403, 54.610712094251227, 0.0 ], [ -112.770941660595398, 54.61045719427252, 0.0 ], [ -112.771314276179695, 54.610726347276852, 0.0 ], [ -112.771688942387996, 54.610958067285111, 0.0 ], [ -112.7724628283774, 54.610972314809587, 0.0 ], [ -112.772837503432996, 54.611204031334957, 0.0 ], [ -112.773212184339798, 54.611435745861783, 0.0 ], [ -112.773586866356496, 54.611667460101323, 0.0 ], [ -112.773961554126302, 54.611899174139012, 0.0 ], [ -112.774735459213403, 54.611913406403808, 0.0 ], [ -112.7751101559288, 54.612145115161503, 0.0 ], [ -112.775501491144496, 54.612367762509329, 0.0 ], [ -112.775859563573306, 54.61260853111559, 0.0 ], [ -112.776234271456005, 54.612840237356679, 0.0 ], [ -112.776608986689197, 54.613071942525742, 0.0 ], [ -112.776967070222, 54.613312708817134, 0.0 ], [ -112.777358425227803, 54.613535350290107, 0.0 ], [ -112.777733151678106, 54.613767052043833, 0.0 ], [ -112.778107882383495, 54.61399875266855, 0.0 ], [ -112.778482618940899, 54.614230451294233, 0.0 ], [ -112.7788573581077, 54.614462150559177, 0.0 ], [ -112.779215467135899, 54.61470290948445, 0.0 ], [ -112.779606849354195, 54.614925543006557, 0.0 ], [ -112.779998234251806, 54.615148176164979, 0.0 ], [ -112.780356357573496, 54.615388931835618, 0.0 ], [ -112.780731118066399, 54.615620624556342, 0.0 ], [ -112.781105882765999, 54.615852317046148, 0.0 ], [ -112.781480651770295, 54.616084007508292, 0.0 ], [ -112.781855425030301, 54.616315696841113, 0.0 ], [ -112.782230204094105, 54.616547385072948, 0.0 ], [ -112.782205764261093, 54.616996576708978, 0.0 ], [ -112.782580549951604, 54.617228263879653, 0.0 ], [ -112.782955339898194, 54.617459949920892, 0.0 ], [ -112.783330135599996, 54.6176916357594, 0.0 ], [ -112.783704932559701, 54.617923318614949, 0.0 ], [ -112.784079735226001, 54.618155002166091, 0.0 ], [ -112.784454542246394, 54.61838668279092, 0.0 ], [ -112.784430126704393, 54.618835876790342, 0.0 ], [ -112.784405710537499, 54.61928506985042, 0.0 ], [ -112.784812215929094, 54.619499487750247, 0.0 ], [ -112.784756116732694, 54.619965942654247, 0.0 ], [ -112.784700015959999, 54.620432400182082, 0.0 ], [ -112.785106534301903, 54.620646815378763, 0.0 ], [ -112.785145951955897, 54.621109666597413, 0.0 ], [ -112.784682873878594, 54.621313522653892, 0.0 ], [ -112.784679281376299, 54.621775586817762, 0.0 ], [ -112.784259199433905, 54.621980226452877, 0.0 ], [ -112.784239222370502, 54.622347681417203, 0.0 ], [ -112.783848404596895, 54.62233992664089, 0.0 ], [ -112.783074363055405, 54.622324562278308, 0.0 ], [ -112.782300323781598, 54.622309192999467, 0.0 ], [ -112.781526285178401, 54.622293819674447, 0.0 ], [ -112.780752245746996, 54.622278441376473, 0.0 ], [ -112.780626547767696, 54.622275943307109, 0.0 ], [ -112.780091464650894, 54.622323692019727, 0.0 ], [ -112.780048934946805, 54.622407733035573, 0.0 ], [ -112.7800786048888, 54.622442306870347, 0.0 ], [ -112.779852386549294, 54.622545112743822, 0.0 ], [ -112.780295666429694, 54.622783932388487, 0.0 ], [ -112.780326827086199, 54.623045391347262, 0.0 ], [ -112.780315308089698, 54.623256886881123, 0.0 ], [ -112.780290842606306, 54.623706078361039, 0.0 ], [ -112.780641658723596, 54.623881794448657, 0.0 ], [ -112.780632969091002, 54.624088742933921, 0.0 ], [ -112.780619889410502, 54.624400234065462, 0.0 ], [ -112.7806141041318, 54.624538024496722, 0.0 ], [ -112.780595622729194, 54.624978118825602, 0.0 ], [ -112.779821553456301, 54.624962441326311, 0.0 ], [ -112.779047480368007, 54.624946757000309, 0.0 ], [ -112.778856722141299, 54.624942891636188, 0.0 ], [ -112.778698876532701, 54.625043637138013, 0.0 ], [ -112.777894970545901, 54.625011038261498, 0.0 ], [ -112.777091067490701, 54.624978434984428, 0.0 ], [ -112.776721484578999, 54.625214310918103, 0.0 ], [ -112.776670948909, 54.626140574388273, 0.0 ], [ -112.776605073733407, 54.627347914782398, 0.0 ], [ -112.776537666796301, 54.62858323582104, 0.0 ], [ -112.775814074696498, 54.628776786893432, 0.0 ], [ -112.775473494772797, 54.628970363037517, 0.0 ], [ -112.775435487087407, 54.628991964922122, 0.0 ], [ -112.775333432972602, 54.629213365469766, 0.0 ], [ -112.775358249940695, 54.629460985210848, 0.0 ], [ -112.775636432943301, 54.629834399399869, 0.0 ], [ -112.775325448445997, 54.630190883194267, 0.0 ], [ -112.775330911250506, 54.630405607649259, 0.0 ], [ -112.775833130923502, 54.630747777775241, 0.0 ], [ -112.775907111614202, 54.630798180194972, 0.0 ], [ -112.776074462197599, 54.631014674686583, 0.0 ], [ -112.776224097028603, 54.631208248169258, 0.0 ], [ -112.776541087233696, 54.631618314419917, 0.0 ], [ -112.776708920797105, 54.631835424731889, 0.0 ], [ -112.776705686790194, 54.631900396763562, 0.0 ], [ -112.776686560356495, 54.632284654008039, 0.0 ], [ -112.776664199433597, 54.63273388054931, 0.0 ], [ -112.776655289091806, 54.632912887610807, 0.0 ], [ -112.776292517102107, 54.633075134201263, 0.0 ], [ -112.776273303511402, 54.633427162265399, 0.0 ], [ -112.776272484286295, 54.633442170585333, 0.0 ], [ -112.776267998415406, 54.633524323724018, 0.0 ], [ -112.775562755766998, 54.633552790290892, 0.0 ], [ -112.774776622937395, 54.633531255113873, 0.0 ], [ -112.773955958148306, 54.633488370308193, 0.0 ], [ -112.773147109908393, 54.633452783619113, 0.0 ], [ -112.772535803524505, 54.633453076503969, 0.0 ], [ -112.772396425900197, 54.633453143126992, 0.0 ], [ -112.772300320414502, 54.633513927667103, 0.0 ], [ -112.772128105850499, 54.633558425679396, 0.0 ], [ -112.7713633593401, 54.633630253822879, 0.0 ], [ -112.771312900169804, 54.633634993926833, 0.0 ], [ -112.771279146614603, 54.633643970530187, 0.0 ], [ -112.771119523982094, 54.633686430960061, 0.0 ], [ -112.770608693591697, 54.63382231051343, 0.0 ], [ -112.770525050377699, 54.633844558775742, 0.0 ], [ -112.769958353469804, 54.634150989536259, 0.0 ], [ -112.769391643301702, 54.63445741926143, 0.0 ], [ -112.768824927862397, 54.634763843601938, 0.0 ], [ -112.7682582038085, 54.6350702669925, 0.0 ], [ -112.767970397251503, 54.635225880034433, 0.0 ], [ -112.767345534804704, 54.635362076974467, 0.0 ], [ -112.767325842833699, 54.635372100497733, 0.0 ], [ -112.767231795679905, 54.635368888434257, 0.0 ], [ -112.766853134351706, 54.635599214395711, 0.0 ], [ -112.766078783671702, 54.635584928511932, 0.0 ], [ -112.765673341650299, 54.635798697288863, 0.0 ], [ -112.764904935930005, 54.635788081997418, 0.0 ], [ -112.764849578610097, 54.636134809502742, 0.0 ], [ -112.764837450686002, 54.636210782625128, 0.0 ], [ -112.764855641945701, 54.636686453640571, 0.0 ], [ -112.764456130691798, 54.636903897213848, 0.0 ], [ -112.764056615176798, 54.637121339421753, 0.0 ], [ -112.7636570954501, 54.637338779365827, 0.0 ], [ -112.763257571363596, 54.637556219741178, 0.0 ], [ -112.763232904994197, 54.638005404048329, 0.0 ], [ -112.762833372044796, 54.638222842919511, 0.0 ], [ -112.762433834883396, 54.638440279526769, 0.0 ], [ -112.762034293509899, 54.638657713870067, 0.0 ], [ -112.761634749325196, 54.638875148673122, 0.0 ], [ -112.761235197830601, 54.639092581154898, 0.0 ], [ -112.761155355135301, 54.639789654388629, 0.0 ], [ -112.761137707749498, 54.640156554352451, 0.0 ], [ -112.761133832900398, 54.640237113219271, 0.0 ], [ -112.761160370299393, 54.64025056802312, 0.0 ], [ -112.761216967271494, 54.640485365011479, 0.0 ], [ -112.761507279254005, 54.640851329046448, 0.0 ], [ -112.761501460736099, 54.640908558774548, 0.0 ], [ -112.761592731072696, 54.64095905123957, 0.0 ], [ -112.761864715284503, 54.641301905653677, 0.0 ], [ -112.761941767506599, 54.641399035231323, 0.0 ], [ -112.762437325760203, 54.641744521070173, 0.0 ], [ -112.762560477327895, 54.641830379008411, 0.0 ], [ -112.762552660892496, 54.64227976828407, 0.0 ], [ -112.762548988991895, 54.642490930845163, 0.0 ], [ -112.7620327090209, 54.64282606148145, 0.0 ], [ -112.761902449459996, 54.642910614981922, 0.0 ], [ -112.761659778966404, 54.643337420538387, 0.0 ], [ -112.761640310532599, 54.643371659561367, 0.0 ], [ -112.761000614256403, 54.643359831969093, 0.0 ], [ -112.760772760838805, 54.643483812362753, 0.0 ], [ -112.760601016369705, 54.643577260896848, 0.0 ], [ -112.760199355364094, 54.643832121641672, 0.0 ], [ -112.759826517425793, 54.643562932746242, 0.0 ], [ -112.759484142640105, 54.643556597266361, 0.0 ], [ -112.759052019164201, 54.643548599646067, 0.0 ], [ -112.758652409122206, 54.643766022920111, 0.0 ], [ -112.758521243340297, 54.643837388796783, 0.0 ], [ -112.758476686954296, 54.643850381348543, 0.0 ], [ -112.757856688318597, 54.64389364208958, 0.0 ], [ -112.757082184764201, 54.643879297235031, 0.0 ], [ -112.7569039177192, 54.643708549092032, 0.0 ], [ -112.756487952045603, 54.643685793090441, 0.0 ], [ -112.756199520492899, 54.644028679794552, 0.0 ], [ -112.755801515261496, 54.64424835288586, 0.0 ], [ -112.755245895004904, 54.644377372978973, 0.0 ], [ -112.755130015676301, 54.644375224429417, 0.0 ], [ -112.755064488587294, 54.644419496943172, 0.0 ], [ -112.754757565184505, 54.644626862666577, 0.0 ], [ -112.753924959227504, 54.644611418415678, 0.0 ], [ -112.7537587233995, 54.644483382581562, 0.0 ], [ -112.753580993882693, 54.644346493835371, 0.0 ], [ -112.752841165466904, 54.644313255331483, 0.0 ], [ -112.752181886229806, 54.644306471012939, 0.0 ], [ -112.7520550955593, 54.644305165497848, 0.0 ], [ -112.751249209448204, 54.644307851810233, 0.0 ], [ -112.750449929020803, 54.644306938753978, 0.0 ], [ -112.749683680306404, 54.644288052474529, 0.0 ], [ -112.749528034368694, 54.644179006149528, 0.0 ], [ -112.749236310544106, 54.644171655138592, 0.0 ], [ -112.748975870188801, 54.644041018593583, 0.0 ], [ -112.7489505200395, 54.643830794662307, 0.0 ], [ -112.748936572673102, 54.643823077576151, 0.0 ], [ -112.748942535651196, 54.643764601889877, 0.0 ], [ -112.748921804539904, 54.643592703180389, 0.0 ], [ -112.748895748652401, 54.643376629743429, 0.0 ], [ -112.748793884971406, 54.643244498671102, 0.0 ], [ -112.748608775887803, 54.64313002911495, 0.0 ], [ -112.748233952181295, 54.642898236362242, 0.0 ], [ -112.747859132687495, 54.642666443379177, 0.0 ], [ -112.747646225069403, 54.642534777943112, 0.0 ], [ -112.747574065924894, 54.642516081977128, 0.0 ], [ -112.747073377461902, 54.6422225055449, 0.0 ], [ -112.746709847192093, 54.642420237452242, 0.0 ], [ -112.745935377564507, 54.642405821586181, 0.0 ], [ -112.745560575855706, 54.642174020736327, 0.0 ], [ -112.745259313292095, 54.641987699117188, 0.0 ], [ -112.744947367181496, 54.642285783560197, 0.0 ], [ -112.744829084042294, 54.642398809302712, 0.0 ], [ -112.744670953334804, 54.642838762428703, 0.0 ], [ -112.744658181295705, 54.642874294464363, 0.0 ], [ -112.744564286750403, 54.64293371826264, 0.0 ], [ -112.744349121939194, 54.643050741752177, 0.0 ], [ -112.744348024359397, 54.643070585610722, 0.0 ], [ -112.744134652958806, 54.6432056215492, 0.0 ], [ -112.744008438773207, 54.643285498575651, 0.0 ], [ -112.743783868679103, 54.643715622590257, 0.0 ], [ -112.743559295274807, 54.644145746144261, 0.0 ], [ -112.743412528277801, 54.644426843053488, 0.0 ], [ -112.743197612069693, 54.644661416562627, 0.0 ], [ -112.7430489171131, 54.644823706731387, 0.0 ], [ -112.743004701025697, 54.644871965449198, 0.0 ], [ -112.742469092195606, 54.64519674651288, 0.0 ], [ -112.741933478013195, 54.645521523371698, 0.0 ], [ -112.741957771008899, 54.645785406766777, 0.0 ], [ -112.742442656251399, 54.646135972360881, 0.0 ], [ -112.742521667531193, 54.646193095155667, 0.0 ], [ -112.742043928261097, 54.646546946413388, 0.0 ], [ -112.741836426146406, 54.64670063568682, 0.0 ], [ -112.741804591665201, 54.647149666495793, 0.0 ], [ -112.741772756343707, 54.647598697258843, 0.0 ], [ -112.741740920231706, 54.648047727077682, 0.0 ], [ -112.741713917593202, 54.648428581401483, 0.0 ], [ -112.741598707188601, 54.648705773752759, 0.0 ], [ -112.7410372036545, 54.649015526229562, 0.0 ], [ -112.740738637697703, 54.649180226984662, 0.0 ], [ -112.740475691533604, 54.649325276905643, 0.0 ], [ -112.739914172375194, 54.649635025809893, 0.0 ], [ -112.739613403991498, 54.649800933653147, 0.0 ], [ -112.739192938777506, 54.650005495421027, 0.0 ], [ -112.738621633961401, 54.650116766937579, 0.0 ], [ -112.738051926285706, 54.650421453356827, 0.0 ], [ -112.737704373312994, 54.650607324385099, 0.0 ], [ -112.737482211693205, 54.650726136131581, 0.0 ], [ -112.737211616764398, 54.650870845554053, 0.0 ], [ -112.736437794127696, 54.650895906074773, 0.0 ], [ -112.735694709851501, 54.650919966342933, 0.0 ], [ -112.7351129234289, 54.651082831537238, 0.0 ], [ -112.734341481924901, 54.651126033066127, 0.0 ], [ -112.733907467125405, 54.651150336532723, 0.0 ], [ -112.733342511114202, 54.651457990327287, 0.0 ], [ -112.733017295875896, 54.6516350863998, 0.0 ], [ -112.732777546522797, 54.651765642289106, 0.0 ], [ -112.732212573501201, 54.652073289723091, 0.0 ], [ -112.731910007608704, 54.652238045328851, 0.0 ], [ -112.731685238889199, 54.652563668770412, 0.0 ], [ -112.731195055384006, 54.652911784856137, 0.0 ], [ -112.730985837262395, 54.65306036272947, 0.0 ], [ -112.730465262891798, 54.653088003209042, 0.0 ], [ -112.729967396021806, 54.653244681363027, 0.0 ], [ -112.729232338801594, 54.653257358180547, 0.0 ], [ -112.728458671271397, 54.653230321213897, 0.0 ], [ -112.727809873562094, 54.653207643310367, 0.0 ], [ -112.727118770273194, 54.653004200618867, 0.0 ], [ -112.727088738135194, 54.65299536072984, 0.0 ], [ -112.7263139526017, 54.652983255846692, 0.0 ], [ -112.7258798050769, 54.652976469557409, 0.0 ], [ -112.725605827294402, 54.653041072255753, 0.0 ], [ -112.7251748237546, 54.653266049375937, 0.0 ], [ -112.724784784464006, 54.653251291021299, 0.0 ], [ -112.724410006866194, 54.653019426176861, 0.0 ], [ -112.724035233533101, 54.652787560204573, 0.0 ], [ -112.723260579023702, 54.652772995723438, 0.0 ], [ -112.723635347694994, 54.653004864949281, 0.0 ], [ -112.723674088660204, 54.653467727501557, 0.0 ], [ -112.723210335516995, 54.653671339988229, 0.0 ], [ -112.722810436587807, 54.653888640956993, 0.0 ], [ -112.7224105332931, 54.654105942354029, 0.0 ], [ -112.722010625833903, 54.654323240585953, 0.0 ], [ -112.721842121077898, 54.654414801366833, 0.0 ], [ -112.721180042646793, 54.654585125841074, 0.0 ], [ -112.720495878415207, 54.654761126339643, 0.0 ], [ -112.720435569500495, 54.655148858591367, 0.0 ], [ -112.720381209703305, 54.655174021576443, 0.0 ], [ -112.720384203279906, 54.655479084198973, 0.0 ], [ -112.720356636402201, 54.655656307765597, 0.0 ], [ -112.720287012892598, 54.656103898350757, 0.0 ], [ -112.720281566508106, 54.656138913920692, 0.0 ], [ -112.720112718666996, 54.65623769439766, 0.0 ], [ -112.719960704279202, 54.656308056654112, 0.0 ], [ -112.719959628859499, 54.656327255096627, 0.0 ], [ -112.7197359368066, 54.656458117742098, 0.0 ], [ -112.719242409362707, 54.656746836251692, 0.0 ], [ -112.7191394531893, 54.656884587946927, 0.0 ], [ -112.719058586520802, 54.657184020569879, 0.0 ], [ -112.718954651305594, 54.657290138287479, 0.0 ], [ -112.718735689605396, 54.657409094444802, 0.0 ], [ -112.718333633077094, 54.657663811981337, 0.0 ], [ -112.717960951488806, 54.657394497078009, 0.0 ], [ -112.717261033774705, 54.657381303472768, 0.0 ], [ -112.717186211069603, 54.657379892904473, 0.0 ], [ -112.716811441569604, 54.657148005665427, 0.0 ], [ -112.716436673286694, 54.656916116342011, 0.0 ], [ -112.715661944289906, 54.65690150343405, 0.0 ], [ -112.715287186435901, 54.656669610657168, 0.0 ], [ -112.714512464298593, 54.65665499047185, 0.0 ], [ -112.714537685124597, 54.656205820851739, 0.0 ], [ -112.714162938467396, 54.655973925561447, 0.0 ], [ -112.713788197725904, 54.655742027376299, 0.0 ], [ -112.713413461199295, 54.655510128962099, 0.0 ], [ -112.712660652134502, 54.655450946012131, 0.0 ], [ -112.711833559083303, 54.655410340449492, 0.0 ], [ -112.711021715609803, 54.655404988200317, 0.0 ], [ -112.7103146629116, 54.655451571297903, 0.0 ], [ -112.710289396262297, 54.65590073875245, 0.0 ], [ -112.709920634865696, 54.656137324327773, 0.0 ], [ -112.709692773854897, 54.656278725768573, 0.0 ], [ -112.7095456219472, 54.656370040517601, 0.0 ], [ -112.708695964062102, 54.656309001889568, 0.0 ], [ -112.708314698401693, 54.656537849574953, 0.0 ], [ -112.707939986290896, 54.656305935375443, 0.0 ], [ -112.707565278496105, 54.656074019150523, 0.0 ], [ -112.706793100937006, 54.656014432132842, 0.0 ], [ -112.706015862886204, 54.656044674327333, 0.0 ], [ -112.705613740078107, 54.656299349918967, 0.0 ], [ -112.705241156104506, 54.656029994937931, 0.0 ], [ -112.704466449971605, 54.65601531149558, 0.0 ], [ -112.704111442641505, 54.655772697446089, 0.0 ], [ -112.703341198259395, 54.655755586820831, 0.0 ], [ -112.702540067967803, 54.655755242500831, 0.0 ], [ -112.702247304600405, 54.655757485940192, 0.0 ], [ -112.7017268295712, 54.655761470700732, 0.0 ], [ -112.700920255861405, 54.655764070832639, 0.0 ], [ -112.700139127763606, 54.655752850148318, 0.0 ], [ -112.699402224070397, 54.655717611829488, 0.0 ], [ -112.699031414544606, 54.655483583517793, 0.0 ], [ -112.698710937743996, 54.655222224280379, 0.0 ], [ -112.698622660164602, 54.655171941484497, 0.0 ], [ -112.698685533615404, 54.655148639728317, 0.0 ], [ -112.698277555569604, 54.654771723433832, 0.0 ], [ -112.697754553348801, 54.654440046507538, 0.0 ], [ -112.697260326888397, 54.654126611679281, 0.0 ], [ -112.697204355549502, 54.653678380742491, 0.0 ], [ -112.697177593396106, 54.653464063839543, 0.0 ], [ -112.696931829475105, 54.65321656760694, 0.0 ], [ -112.696826504678299, 54.652783974310942, 0.0 ], [ -112.696540814631007, 54.652449319876041, 0.0 ], [ -112.696548784069407, 54.652037504111071, 0.0 ], [ -112.696549510466397, 54.651999942737334, 0.0 ], [ -112.696558204419205, 54.651550565535807, 0.0 ], [ -112.696566899537302, 54.651101189228811, 0.0 ], [ -112.696566945951801, 54.651098779104821, 0.0 ], [ -112.696224363603406, 54.650912662294608, 0.0 ], [ -112.696247468224001, 54.650504364679783, 0.0 ], [ -112.696181837049906, 54.650456162843433, 0.0 ], [ -112.695677829389297, 54.650401749051483, 0.0 ], [ -112.695434521788499, 54.650387033513269, 0.0 ], [ -112.6946789220288, 54.650399341081346, 0.0 ], [ -112.694300574580694, 54.650651218928139, 0.0 ], [ -112.693502339413001, 54.650673485320922, 0.0 ], [ -112.693272890133301, 54.650497622237268, 0.0 ], [ -112.693235605350097, 54.65049486689432, 0.0 ], [ -112.692707736101895, 54.650165822568582, 0.0 ], [ -112.692179875376297, 54.649836776006808, 0.0 ], [ -112.691737637820395, 54.649561096804092, 0.0 ], [ -112.691698470294796, 54.64950471968465, 0.0 ], [ -112.6916531536788, 54.649476655633059, 0.0 ], [ -112.691278601906504, 54.649244689363989, 0.0 ], [ -112.690904054346603, 54.649012722867333, 0.0 ], [ -112.690529510999198, 54.648780756143083, 0.0 ], [ -112.690154972016799, 54.64854878649632, 0.0 ], [ -112.689780437195694, 54.648316817520367, 0.0 ], [ -112.689021887117306, 54.648293348167222, 0.0 ], [ -112.688199335406594, 54.648304622946178, 0.0 ], [ -112.6878568146644, 54.648055273241141, 0.0 ], [ -112.687482297701607, 54.647823295511493, 0.0 ], [ -112.687107784950797, 54.647591317554458, 0.0 ], [ -112.686733276462704, 54.647359338471809, 0.0 ], [ -112.686358772237597, 54.64712735826356, 0.0 ], [ -112.685984272224104, 54.646895377828052, 0.0 ], [ -112.685209750395401, 54.646880571102677, 0.0 ], [ -112.684835260808796, 54.646648587218777, 0.0 ], [ -112.684491778292497, 54.646393105683003, 0.0 ], [ -112.683700852782593, 54.646353888699153, 0.0 ], [ -112.682884395493204, 54.646346295396157, 0.0 ], [ -112.682137238773194, 54.646372139061683, 0.0 ], [ -112.681737197306603, 54.646589304078951, 0.0 ], [ -112.681513863863401, 54.646450942189688, 0.0 ], [ -112.681474290255693, 54.646464521853069, 0.0 ], [ -112.680953985622807, 54.646491836245538, 0.0 ], [ -112.680184943476306, 54.646436525904633, 0.0 ], [ -112.679891932431502, 54.64641545134964, 0.0 ], [ -112.679359092319402, 54.64608914396473, 0.0 ], [ -112.678826259190899, 54.645762834271252, 0.0 ], [ -112.678573209661494, 54.645607864378547, 0.0 ], [ -112.6780154987609, 54.645475339516963, 0.0 ], [ -112.677863429837799, 54.64539094372897, 0.0 ], [ -112.677541428224302, 54.645384768083879, 0.0 ], [ -112.677166995022901, 54.645152760055431, 0.0 ], [ -112.676792566134907, 54.644920750003656, 0.0 ], [ -112.676418141406401, 54.64468874062355, 0.0 ], [ -112.676043720991203, 54.644456729220167, 0.0 ], [ -112.675669304889198, 54.64422471579357, 0.0 ], [ -112.675294892997798, 54.643992702140409, 0.0 ], [ -112.674920485316903, 54.643760688260713, 0.0 ], [ -112.674546081949003, 54.643528672357867, 0.0 ], [ -112.674171682842797, 54.643296655330232, 0.0 ], [ -112.673961145121496, 54.64316618238081, 0.0 ], [ -112.673886512158106, 54.643146474651957, 0.0 ], [ -112.673337175149499, 54.64282952710834, 0.0 ], [ -112.673303480120893, 54.642810085970588, 0.0 ], [ -112.672747492437196, 54.64267663409359, 0.0 ], [ -112.672215997509198, 54.642349616678104, 0.0 ], [ -112.671684509611296, 54.642022596067548, 0.0 ], [ -112.671153031686899, 54.641695575016499, 0.0 ], [ -112.670706049187402, 54.641420538131342, 0.0 ], [ -112.670432850010698, 54.641408962844409, 0.0 ], [ -112.669615577533605, 54.64141732036375, 0.0 ], [ -112.668822799530602, 54.64141238203365, 0.0 ], [ -112.668678475997595, 54.641307980030923, 0.0 ], [ -112.668561270956602, 54.64130588839221, 0.0 ], [ -112.667786804136696, 54.641292060069382, 0.0 ], [ -112.667295930815698, 54.64128329501564, 0.0 ], [ -112.666522820863705, 54.641253346774498, 0.0 ], [ -112.666486380838293, 54.641251934833413, 0.0 ], [ -112.665904533722497, 54.641059221021663, 0.0 ], [ -112.665515842583105, 54.641031108023562, 0.0 ], [ -112.665135661636796, 54.641003608455378, 0.0 ], [ -112.664843127659694, 54.640982448640337, 0.0 ], [ -112.664434553259596, 54.640823387067243, 0.0 ], [ -112.663677189292301, 54.640728524913087, 0.0 ], [ -112.663620122333299, 54.640721376668203, 0.0 ], [ -112.662936946847594, 54.640509363202113, 0.0 ], [ -112.662854863534804, 54.640483889491023, 0.0 ], [ -112.662299271717202, 54.640170652986377, 0.0 ], [ -112.662215743445898, 54.640123560472979, 0.0 ], [ -112.661661020691298, 54.639989411350527, 0.0 ], [ -112.661121677027396, 54.639666767040687, 0.0 ], [ -112.6607074407423, 54.639418958694947, 0.0 ], [ -112.659957047961797, 54.639307061498407, 0.0 ], [ -112.659763833969294, 54.639278249468418, 0.0 ], [ -112.659229589103404, 54.638952769592059, 0.0 ], [ -112.658695354421198, 54.638627285658437, 0.0 ], [ -112.658441356989897, 54.638472535501542, 0.0 ], [ -112.657883677898596, 54.638316087020378, 0.0 ], [ -112.657743873856603, 54.638276867683409, 0.0 ], [ -112.657673913217494, 54.638257241081277, 0.0 ], [ -112.656630961319095, 54.638237055569313, 0.0 ], [ -112.655843694787293, 54.638446640282602, 0.0 ], [ -112.655677914205796, 54.638343838338358, 0.0 ], [ -112.655534142429701, 54.6384093786695, 0.0 ], [ -112.6554147537055, 54.638742847725887, 0.0 ], [ -112.655397442552797, 54.639090103376383, 0.0 ], [ -112.655388036918197, 54.639094451005477, 0.0 ], [ -112.655389338731894, 54.639252689884451, 0.0 ], [ -112.655369967150406, 54.639641274489158, 0.0 ], [ -112.655349544463903, 54.64005093638697, 0.0 ], [ -112.655347572838906, 54.640090489158709, 0.0 ], [ -112.655344451511198, 54.640153109292093, 0.0 ], [ -112.655048145525299, 54.640190238143973, 0.0 ], [ -112.654965907047, 54.640228247784613, 0.0 ], [ -112.654565784657393, 54.640445321493679, 0.0 ], [ -112.654165657903704, 54.640662395628041, 0.0 ], [ -112.6537655269928, 54.640879466594463, 0.0 ], [ -112.653308282765707, 54.641078568118992, 0.0 ], [ -112.653280459937207, 54.641561405719159, 0.0 ], [ -112.653713773435499, 54.641777768618446, 0.0 ], [ -112.653691475177794, 54.642164790827287, 0.0 ], [ -112.654009415688094, 54.642295708370348, 0.0 ], [ -112.654025219156907, 54.642745900405323, 0.0 ], [ -112.654027649241996, 54.642825511610553, 0.0 ], [ -112.653653792611806, 54.643219145530878, 0.0 ], [ -112.653279928728594, 54.643612777304192, 0.0 ], [ -112.653228178515306, 54.643667263015892, 0.0 ], [ -112.653197480008501, 54.644116311816788, 0.0 ], [ -112.653166780732803, 54.644565359674303, 0.0 ], [ -112.653136080584702, 54.645014408384988, 0.0 ], [ -112.653109562838594, 54.645402285663273, 0.0 ], [ -112.652998993687305, 54.645654220721688, 0.0 ], [ -112.652851984614799, 54.645672762464478, 0.0 ], [ -112.652312477803306, 54.645506051306732, 0.0 ], [ -112.651539059921106, 54.645478180150242, 0.0 ], [ -112.651364469865797, 54.645471887667107, 0.0 ], [ -112.650940754452705, 54.645502501716869, 0.0 ], [ -112.650513364373097, 54.645646533381402, 0.0 ], [ -112.6497628113232, 54.645705168837893, 0.0 ], [ -112.649640557745101, 54.645769238819412, 0.0 ], [ -112.649187866418401, 54.646006475015042, 0.0 ], [ -112.648898658932694, 54.646158034983209, 0.0 ], [ -112.648670985809403, 54.646482083530898, 0.0 ], [ -112.648116276054196, 54.646795894093493, 0.0 ], [ -112.647690163575902, 54.647036949707037, 0.0 ], [ -112.647488234878296, 54.647329952313697, 0.0 ], [ -112.647181184961298, 54.647496466870152, 0.0 ], [ -112.6470477783256, 54.647581354100637, 0.0 ], [ -112.646810891494695, 54.647732082477503, 0.0 ], [ -112.645991462405902, 54.647689174532779, 0.0 ], [ -112.645275936174599, 54.64768373161607, 0.0 ], [ -112.645231918302898, 54.647683396188732, 0.0 ], [ -112.645198310783002, 54.647704484130877, 0.0 ], [ -112.644808411922199, 54.647808724103598, 0.0 ], [ -112.644033620328003, 54.647799587603828, 0.0 ], [ -112.643661270999303, 54.647795193876959, 0.0 ], [ -112.643673969745905, 54.647925002169508, 0.0 ], [ -112.643279680236901, 54.647921334075527, 0.0 ], [ -112.642476062656797, 54.647897512792611, 0.0 ], [ -112.641707190500298, 54.647858012685823, 0.0 ], [ -112.641439503759798, 54.64766562113163, 0.0 ], [ -112.641314637467701, 54.647632260509731, 0.0 ], [ -112.640959086189795, 54.647825042910867, 0.0 ], [ -112.640558814595806, 54.648042069503923, 0.0 ], [ -112.639763504745503, 54.648014076345547, 0.0 ], [ -112.639384016238694, 54.648243995651029, 0.0 ], [ -112.638983732268798, 54.648461016001619, 0.0 ], [ -112.638583443932205, 54.648678036776303, 0.0 ], [ -112.638183151437303, 54.648895054381853, 0.0 ], [ -112.637782854575505, 54.649112072411427, 0.0 ], [ -112.637382553503002, 54.64932908817012, 0.0 ], [ -112.637008317182406, 54.649096957991027, 0.0 ], [ -112.636903266783406, 54.649094906742747, 0.0 ], [ -112.636233780561398, 54.649081837722953, 0.0 ], [ -112.636166121114201, 54.649505191044582, 0.0 ], [ -112.636223206998395, 54.65000591999835, 0.0 ], [ -112.636162239515102, 54.650387387418483, 0.0 ], [ -112.636060376124803, 54.650402239911493, 0.0 ], [ -112.6359081290625, 54.650424439711223, 0.0 ], [ -112.6353809842511, 54.650414145475168, 0.0 ], [ -112.635161038860105, 54.650533373948299, 0.0 ], [ -112.634980657549306, 54.650631153895873, 0.0 ], [ -112.634580326636694, 54.650848160045477, 0.0 ], [ -112.634179991513093, 54.651065163923967, 0.0 ], [ -112.633779652022, 54.651282168226118, 0.0 ], [ -112.633379308372099, 54.651499169358807, 0.0 ], [ -112.633329435817501, 54.651933574305787, 0.0 ], [ -112.633350846333897, 54.65241219579918, 0.0 ], [ -112.633300972176599, 54.652846598863569, 0.0 ], [ -112.632900610339206, 54.653063599083573, 0.0 ], [ -112.633297101303398, 54.653283686251513, 0.0 ], [ -112.633248744388595, 54.653744885888528, 0.0 ], [ -112.633623000937902, 54.653977026835562, 0.0 ], [ -112.633879698449306, 54.654136247635122, 0.0 ], [ -112.633997261646698, 54.654209168456099, 0.0 ], [ -112.633971154556093, 54.654658310766223, 0.0 ], [ -112.633542708153598, 54.654857902387327, 0.0 ], [ -112.633572735923295, 54.655341866639382, 0.0 ], [ -112.633144280315094, 54.655541456739897, 0.0 ], [ -112.6331181624805, 54.655990599572377, 0.0 ], [ -112.633092043872495, 54.656439743261167, 0.0 ], [ -112.632691645089295, 54.656656741414743, 0.0 ], [ -112.6330659245953, 54.656888886009718, 0.0 ], [ -112.633440208418307, 54.657121028583283, 0.0 ], [ -112.633814496505906, 54.657353170033637, 0.0 ], [ -112.634188788858395, 54.657585310360787, 0.0 ], [ -112.634220162599803, 54.658015955426578, 0.0 ], [ -112.634221656350704, 54.658475447351421, 0.0 ], [ -112.634194408217596, 54.658944190013983, 0.0 ], [ -112.634139556682896, 54.659402581889047, 0.0 ], [ -112.634058240218394, 54.659831025034372, 0.0 ], [ -112.6336578125469, 54.660048026891971, 0.0 ], [ -112.633257380610004, 54.660265027376219, 0.0 ], [ -112.632648815234603, 54.660253131036903, 0.0 ], [ -112.632482633614401, 54.660249881957832, 0.0 ], [ -112.632326142128207, 54.660334684357437, 0.0 ], [ -112.632082193507102, 54.660466878467908, 0.0 ], [ -112.631681749186498, 54.660683872706272, 0.0 ], [ -112.630939661213702, 54.660688979112876, 0.0 ], [ -112.630148574591502, 54.660663687704663, 0.0 ], [ -112.629341156359999, 54.66062826173691, 0.0 ], [ -112.628550072164501, 54.660602960804859, 0.0 ], [ -112.627922439438507, 54.66060726222549, 0.0 ], [ -112.627807985942397, 54.660608046233143, 0.0 ], [ -112.627764248679298, 54.660635575120757, 0.0 ], [ -112.627435589127302, 54.660842439027789, 0.0 ], [ -112.626604692486396, 54.660792430944831, 0.0 ], [ -112.626232287130705, 54.661026819947267, 0.0 ], [ -112.625457529576494, 54.661011629465101, 0.0 ], [ -112.625120035478304, 54.660759537477482, 0.0 ], [ -112.624357543347003, 54.660737697154303, 0.0 ], [ -112.623554186186496, 54.660737992269652, 0.0 ], [ -112.6227590023951, 54.66073385514283, 0.0 ], [ -112.622345385676695, 54.661175387489152, 0.0 ], [ -112.621944883197003, 54.661392350717662, 0.0 ], [ -112.621544376556599, 54.661609310775603, 0.0 ], [ -112.621143865545505, 54.661826271256032, 0.0 ], [ -112.621070451416998, 54.661824828981771, 0.0 ], [ -112.6203690956375, 54.661811048086818, 0.0 ], [ -112.620231313035603, 54.661705241768708, 0.0 ], [ -112.620018555611694, 54.661541861009027, 0.0 ], [ -112.619518493657594, 54.661555497924859, 0.0 ], [ -112.619220080665997, 54.661563635116117, 0.0 ], [ -112.618819557998194, 54.661780586893769, 0.0 ], [ -112.618419031064604, 54.66199753729726, 0.0 ], [ -112.6180184998653, 54.662214486326498, 0.0 ], [ -112.617617964399997, 54.66243143398146, 0.0 ], [ -112.617217424668894, 54.662648380262148, 0.0 ], [ -112.617191124335093, 54.663097516484477, 0.0 ], [ -112.616790575708606, 54.663314461243893, 0.0 ], [ -112.616390022763397, 54.663531405527188, 0.0 ], [ -112.615698827588204, 54.663313764290457, 0.0 ], [ -112.615697424763098, 54.66331527988396, 0.0 ], [ -112.615539279731195, 54.663740809213003, 0.0 ], [ -112.615411069725397, 54.663835812848667, 0.0 ], [ -112.614699924635104, 54.664014755346606, 0.0 ], [ -112.6139887734425, 54.66419369270303, 0.0 ], [ -112.613342347138499, 54.6643563399128, 0.0 ], [ -112.6132010960971, 54.664798213384387, 0.0 ], [ -112.613123658473995, 54.665040453986251, 0.0 ], [ -112.612795313279804, 54.665369465530553, 0.0 ], [ -112.612821703581005, 54.665750831836142, 0.0 ], [ -112.613487301978395, 54.665981278322171, 0.0 ], [ -112.613746391766199, 54.666070979475649, 0.0 ], [ -112.614519554557504, 54.666104285129357, 0.0 ], [ -112.614939359881902, 54.666122367475047, 0.0 ], [ -112.615069873586506, 54.666203340650178, 0.0 ], [ -112.615444137263196, 54.666435537453118, 0.0 ], [ -112.616218992408307, 54.666450792976619, 0.0 ], [ -112.616890721120598, 54.666464014104442, 0.0 ], [ -112.617362498673202, 54.666739688071267, 0.0 ], [ -112.6179085153599, 54.667058734578298, 0.0 ], [ -112.618234238263696, 54.66724905719758, 0.0 ], [ -112.618250469264893, 54.667245603831191, 0.0 ], [ -112.618679881058796, 54.66715425609236, 0.0 ], [ -112.619110535492496, 54.667298495211867, 0.0 ], [ -112.619620077050897, 54.667324472211888, 0.0 ], [ -112.620022015439005, 54.667222244844709, 0.0 ], [ -112.620100260935104, 54.667202344002042, 0.0 ], [ -112.620286690040004, 54.667154927002542, 0.0 ], [ -112.621029038633907, 54.667120186637781, 0.0 ], [ -112.621229308881794, 54.666998972210223, 0.0 ], [ -112.621808549216794, 54.666983100083932, 0.0 ], [ -112.621972737761595, 54.666978599365173, 0.0 ], [ -112.622772397167594, 54.666979312930742, 0.0 ], [ -112.623582371387101, 54.667000206241831, 0.0 ], [ -112.624356741116898, 54.667040380060051, 0.0 ], [ -112.624703114825095, 54.667291985777268, 0.0 ], [ -112.625077444080105, 54.667524155205157, 0.0 ], [ -112.625451777654803, 54.667756322611602, 0.0 ], [ -112.625826115497006, 54.667988488894842, 0.0 ], [ -112.626587905154395, 54.668228247309393, 0.0 ], [ -112.626962253846301, 54.668460410170653, 0.0 ], [ -112.627737153956701, 54.668475593308948, 0.0 ], [ -112.628118353931001, 54.668220762188241, 0.0 ], [ -112.628912592375102, 54.668273786193843, 0.0 ], [ -112.629264704197993, 54.668517997768618, 0.0 ], [ -112.629648106647707, 54.668519495539371, 0.0 ], [ -112.629894285848096, 54.668632995889503, 0.0 ], [ -112.6302747933224, 54.668653153155716, 0.0 ], [ -112.630436230261594, 54.668753262645431, 0.0 ], [ -112.630778563266503, 54.669002773086547, 0.0 ], [ -112.631601539522606, 54.668991891858433, 0.0 ], [ -112.632360431407207, 54.669015723456269, 0.0 ], [ -112.632751509712406, 54.669238828809434, 0.0 ], [ -112.633125903265594, 54.669470973018257, 0.0 ], [ -112.633465129413807, 54.669699695808013, 0.0 ], [ -112.633526558935301, 54.669943793092138, 0.0 ], [ -112.633535066209106, 54.66997759333681, 0.0 ], [ -112.633793712799701, 54.670272450956283, 0.0 ], [ -112.633807891657497, 54.670641092227719, 0.0 ], [ -112.633773722690094, 54.670859942203109, 0.0 ], [ -112.633817192273497, 54.670882913537064, 0.0 ], [ -112.633824441680105, 54.671071408257603, 0.0 ], [ -112.634135198670094, 54.671483135166881, 0.0 ], [ -112.634154908531301, 54.67150924841583, 0.0 ], [ -112.634154058372999, 54.671523866191031, 0.0 ], [ -112.634127936311103, 54.671973007260533, 0.0 ], [ -112.634502362499902, 54.672205148339998, 0.0 ], [ -112.635159225403498, 54.672199857532533, 0.0 ], [ -112.635317392460706, 54.672198582540616, 0.0 ], [ -112.636052314630803, 54.672235411909831, 0.0 ], [ -112.636426754399295, 54.672467546263441, 0.0 ], [ -112.636452766139698, 54.67248367213093, 0.0 ], [ -112.636518954214907, 54.672453557466177, 0.0 ], [ -112.637091566450394, 54.672338617191222, 0.0 ], [ -112.637513080373793, 54.672133375593432, 0.0 ], [ -112.638066916644604, 54.671818844444893, 0.0 ], [ -112.638620744301505, 54.671504311562863, 0.0 ], [ -112.638688529788197, 54.671465814799937, 0.0 ], [ -112.638997449483099, 54.671133740063283, 0.0 ], [ -112.639762572859198, 54.671060831787443, 0.0 ], [ -112.6398118655828, 54.671056134938681, 0.0 ], [ -112.640510781498605, 54.670861524814867, 0.0 ], [ -112.641092419591203, 54.670699567017827, 0.0 ], [ -112.641565609630106, 54.670815775844943, 0.0 ], [ -112.641806360064805, 54.67087489979231, 0.0 ], [ -112.641961085962507, 54.670912897265431, 0.0 ], [ -112.642736223151303, 54.670901387099399, 0.0 ], [ -112.642926005385405, 54.670898567359423, 0.0 ], [ -112.643080133518495, 54.670759405301787, 0.0 ], [ -112.643195035188995, 54.670314969460968, 0.0 ], [ -112.643249172519702, 54.67010556368281, 0.0 ], [ -112.643810517211193, 54.669795552369827, 0.0 ], [ -112.643944386765398, 54.669721620820717, 0.0 ], [ -112.644371853302204, 54.669485539254907, 0.0 ], [ -112.644751646934097, 54.669408194842283, 0.0 ], [ -112.645526919381297, 54.669401282239143, 0.0 ], [ -112.646046598248304, 54.669396644262903, 0.0 ], [ -112.646204253856197, 54.669344392543337, 0.0 ], [ -112.646369148004396, 54.669289740774893, 0.0 ], [ -112.646474556615303, 54.669254803751237, 0.0 ], [ -112.6472388864767, 54.669179267536222, 0.0 ], [ -112.647347504135496, 54.669168533870398, 0.0 ], [ -112.647484365830806, 54.669085640207811, 0.0 ], [ -112.647884811488098, 54.668868592177184, 0.0 ], [ -112.648180592287801, 54.668708272469893, 0.0 ], [ -112.648391215092701, 54.668407314931329, 0.0 ], [ -112.648941647298301, 54.668090812003769, 0.0 ], [ -112.649169980443105, 54.667959516647279, 0.0 ], [ -112.649592050694494, 54.667755877819417, 0.0 ], [ -112.650166658102506, 54.667631728966747, 0.0 ], [ -112.650287395494303, 54.667566280550567, 0.0 ], [ -112.650687811172901, 54.667349224705958, 0.0 ], [ -112.651088222635806, 54.667132166590243, 0.0 ], [ -112.651488629883005, 54.666915106203447, 0.0 ], [ -112.651889032758902, 54.666698046240498, 0.0 ], [ -112.651933830131995, 54.666698914856383, 0.0 ], [ -112.652379614876097, 54.66645941525816, 0.0 ], [ -112.653085026885293, 54.66627294169696, 0.0 ], [ -112.653790432522896, 54.666086463958337, 0.0 ], [ -112.653847594397703, 54.666071351633732, 0.0 ], [ -112.653865084779994, 54.666061869224897, 0.0 ], [ -112.653882209388399, 54.666062200993913, 0.0 ], [ -112.654614335487196, 54.666076383699988, 0.0 ], [ -112.654667289384605, 54.666096666012521, 0.0 ], [ -112.655005797900003, 54.666226319606849, 0.0 ], [ -112.655167648830201, 54.666248161800659, 0.0 ], [ -112.655700879937797, 54.666320117387301, 0.0 ], [ -112.656249718048798, 54.666637536366252, 0.0 ], [ -112.6567985647238, 54.666954952925742, 0.0 ], [ -112.657130005654906, 54.667146633199287, 0.0 ], [ -112.657903721926303, 54.66717555037151, 0.0 ], [ -112.658029273164004, 54.66718024203454, 0.0 ], [ -112.658739568605398, 54.667000084736578, 0.0 ], [ -112.658771029952703, 54.666992104672246, 0.0 ], [ -112.659546328030999, 54.66699548384468, 0.0 ], [ -112.660003739393403, 54.666997474163701, 0.0 ], [ -112.660326070356703, 54.66736038228801, 0.0 ], [ -112.660341352545103, 54.667699688267128, 0.0 ], [ -112.660329071966999, 54.667778689181233, 0.0 ], [ -112.660345297006998, 54.667787257318189, 0.0 ], [ -112.660346305106799, 54.667809630681027, 0.0 ], [ -112.660364610881203, 54.668216019832172, 0.0 ], [ -112.660679306953895, 54.668626738958487, 0.0 ], [ -112.660776828158504, 54.668754013823254, 0.0 ], [ -112.661069485675, 54.668933395782943, 0.0 ], [ -112.661058542288004, 54.669123743217057, 0.0 ], [ -112.6613905012223, 54.669130155011437, 0.0 ], [ -112.661530233967895, 54.669215801046619, 0.0 ], [ -112.662076409409806, 54.669289217218008, 0.0 ], [ -112.662208035241505, 54.669370763417547, 0.0 ], [ -112.662159981350896, 54.669831975552071, 0.0 ], [ -112.662556794122295, 54.670051969456964, 0.0 ], [ -112.662931367700295, 54.670284024102109, 0.0 ], [ -112.662530986840906, 54.670501120685117, 0.0 ], [ -112.662525988981798, 54.670963163890399, 0.0 ], [ -112.662104788990106, 54.671167368734388, 0.0 ], [ -112.662466465518193, 54.671623998572841, 0.0 ], [ -112.662841052789005, 54.671856053577208, 0.0 ], [ -112.662855286862396, 54.672283495003221, 0.0 ], [ -112.662789440347396, 54.672754355904722, 0.0 ], [ -112.6635515429668, 54.672993884584052, 0.0 ], [ -112.663926148914101, 54.67322593636608, 0.0 ], [ -112.664625689728894, 54.673239427787053, 0.0 ], [ -112.664776365293605, 54.673330352876867, 0.0 ], [ -112.664912547543807, 54.673371822928203, 0.0 ], [ -112.665462820306701, 54.673539384004819, 0.0 ], [ -112.665611526613802, 54.673584665781732, 0.0 ], [ -112.666353038213501, 54.673716160670203, 0.0 ], [ -112.667094554726006, 54.67384765106241, 0.0 ], [ -112.667652664771396, 54.673946613416391, 0.0 ], [ -112.668055766556094, 54.674217615218893, 0.0 ], [ -112.668177898742897, 54.674661408264363, 0.0 ], [ -112.668199059470496, 54.674738301783712, 0.0 ], [ -112.668724826317799, 54.675068640502751, 0.0 ], [ -112.669250600040797, 54.67539897877208, 0.0 ], [ -112.669314416324099, 54.675439072666393, 0.0 ], [ -112.670087200042701, 54.675476541815563, 0.0 ], [ -112.670859985377405, 54.675514005149061, 0.0 ], [ -112.671632772276595, 54.675551463565156, 0.0 ], [ -112.672077005355405, 54.675572994247013, 0.0 ], [ -112.672244362362093, 54.675645440512938, 0.0 ], [ -112.672448738131607, 54.67597001322271, 0.0 ], [ -112.673050631608604, 54.67624183593562, 0.0 ], [ -112.672695537897596, 54.676641358037102, 0.0 ], [ -112.672340437127303, 54.677040879005723, 0.0 ], [ -112.672117472100297, 54.677291731147008, 0.0 ], [ -112.671655175373701, 54.677528665493483, 0.0 ], [ -112.670932159784996, 54.677691216678667, 0.0 ], [ -112.670622064033097, 54.67776093159037, 0.0 ], [ -112.669846688758298, 54.677752004155813, 0.0 ], [ -112.669071315414001, 54.677743073587088, 0.0 ], [ -112.6684499920962, 54.677735911224651, 0.0 ], [ -112.668295941106095, 54.677734136231287, 0.0 ], [ -112.667848031708104, 54.67772897193025, 0.0 ], [ -112.667141391430505, 54.677914135608013, 0.0 ], [ -112.666858558295999, 54.677988246530809, 0.0 ], [ -112.666726149141496, 54.678431049135916, 0.0 ], [ -112.666653198771201, 54.678675007884323, 0.0 ], [ -112.6665932889983, 54.678742602237847, 0.0 ], [ -112.666316574663, 54.678892627963478, 0.0 ], [ -112.666306623995297, 54.679066033789603, 0.0 ], [ -112.666298882896299, 54.679074767887997, 0.0 ], [ -112.666187437419197, 54.679200505906209, 0.0 ], [ -112.665784376794406, 54.679416023324521, 0.0 ], [ -112.6652104180436, 54.679525821549298, 0.0 ], [ -112.665171333702304, 54.679545028914099, 0.0 ], [ -112.665115214085105, 54.679543947971133, 0.0 ], [ -112.6647147520343, 54.679761051595641, 0.0 ], [ -112.664575587268004, 54.679836496520593, 0.0 ], [ -112.664022960253206, 54.679961836584738, 0.0 ], [ -112.663891227570005, 54.680178633518253, 0.0 ], [ -112.663890941914005, 54.680310828286423, 0.0 ], [ -112.663822701393201, 54.680655636249107, 0.0 ], [ -112.664262690308107, 54.680876455906692, 0.0 ], [ -112.664342404439097, 54.681365112595863, 0.0 ], [ -112.663898854813596, 54.681581381888897, 0.0 ], [ -112.663061238000594, 54.681527752661253, 0.0 ], [ -112.662660745337902, 54.681744849133189, 0.0 ], [ -112.662260248352098, 54.681961945130553, 0.0 ], [ -112.661859747197894, 54.682179037958392, 0.0 ], [ -112.661060881126403, 54.682201085980957, 0.0 ], [ -112.660709896610101, 54.681932012338002, 0.0 ], [ -112.659912471076396, 54.681929098071478, 0.0 ], [ -112.659560060368506, 54.681684974131407, 0.0 ], [ -112.658784890859707, 54.681669993890367, 0.0 ], [ -112.658410238318396, 54.681437926033837, 0.0 ], [ -112.658035589945001, 54.681205858848372, 0.0 ], [ -112.657660945946503, 54.680973788740793, 0.0 ], [ -112.657286306115793, 54.680741719304301, 0.0 ], [ -112.656911670659795, 54.680509646945787, 0.0 ], [ -112.656511155888396, 54.680726723793853, 0.0 ], [ -112.656110636897594, 54.680943798370407, 0.0 ], [ -112.655372946296097, 54.680952002980717, 0.0 ], [ -112.654560330761896, 54.68091378728024, 0.0 ], [ -112.654126031831694, 54.681342535675483, 0.0 ], [ -112.654120933643597, 54.681804575928609, 0.0 ], [ -112.653691721777804, 54.682003881578837, 0.0 ], [ -112.653683006795106, 54.682463686245143, 0.0 ], [ -112.653697229764603, 54.682937699892243, 0.0 ], [ -112.653642640403106, 54.683369085612377, 0.0 ], [ -112.653242079989496, 54.683586149315303, 0.0 ], [ -112.652841515200294, 54.683803213441337, 0.0 ], [ -112.652440946242805, 54.684020274397291, 0.0 ], [ -112.652427980138299, 54.684244848770859, 0.0 ], [ -112.652329040139804, 54.68467830520175, 0.0 ], [ -112.652301459354106, 54.685155969287507, 0.0 ], [ -112.652350180111895, 54.685592288504587, 0.0 ], [ -112.6527248351141, 54.685824374994858, 0.0 ], [ -112.653099494440696, 54.686056459461398, 0.0 ], [ -112.652698904235507, 54.686273521891742, 0.0 ], [ -112.653073567476397, 54.686505606461438, 0.0 ], [ -112.6530476398475, 54.686954752521338, 0.0 ], [ -112.653435187981898, 54.687179860557578, 0.0 ], [ -112.653314835237097, 54.687680172092541, 0.0 ], [ -112.653690141831007, 54.687936086729387, 0.0 ], [ -112.654546351145797, 54.687883080855919, 0.0 ], [ -112.654946947824499, 54.687666011528947, 0.0 ], [ -112.655349698682798, 54.687411514253753, 0.0 ], [ -112.655722229362595, 54.687681019212697, 0.0 ], [ -112.656497511668306, 54.687696021041567, 0.0 ], [ -112.6568722098081, 54.6879280941492, 0.0 ], [ -112.657246912272896, 54.688160165232787, 0.0 ], [ -112.658022204503794, 54.688175158294399, 0.0 ], [ -112.658396915820802, 54.688407226795967, 0.0 ], [ -112.658771631462699, 54.688639293273432, 0.0 ], [ -112.6591463513262, 54.688871359523297, 0.0 ], [ -112.659921658216007, 54.688886339665999, 0.0 ], [ -112.660296386983703, 54.689118402435263, 0.0 ], [ -112.660671119973003, 54.689350464976862, 0.0 ], [ -112.661446436838702, 54.689365435453141, 0.0 ], [ -112.661821178783995, 54.689597493615587, 0.0 ], [ -112.662195925054505, 54.689829549753661, 0.0 ], [ -112.662570675495402, 54.690061606562232, 0.0 ], [ -112.663346007018404, 54.690076564118463, 0.0 ], [ -112.663720766363596, 54.690308617445872, 0.0 ], [ -112.664095530034302, 54.690540668748802, 0.0 ], [ -112.664470298030494, 54.690772718027169, 0.0 ], [ -112.664845070249001, 54.691004767077587, 0.0 ], [ -112.665219846741493, 54.691236815001723, 0.0 ], [ -112.665594627508099, 54.6914688617995, 0.0 ], [ -112.665969412497304, 54.691700908369242, 0.0 ], [ -112.666344201812294, 54.691932952914293, 0.0 ], [ -112.666718995401496, 54.692164996332927, 0.0 ], [ -112.666693212994701, 54.692614147243773, 0.0 ], [ -112.667068014776405, 54.692846189638438, 0.0 ], [ -112.667451723339397, 54.693073406743302, 0.0 ], [ -112.667417045549897, 54.693527381980722, 0.0 ], [ -112.668192445769094, 54.693542310063442, 0.0 ], [ -112.668567264700897, 54.693774347053683, 0.0 ], [ -112.668519246054899, 54.694235560414633, 0.0 ], [ -112.668916328247803, 54.694455535299433, 0.0 ], [ -112.668868312480001, 54.694916749679628, 0.0 ], [ -112.669265403195595, 54.695136722581601, 0.0 ], [ -112.6692173903579, 54.695597937082773, 0.0 ], [ -112.669614489544998, 54.695817908900139, 0.0 ], [ -112.6699893372312, 54.696049943487417, 0.0 ], [ -112.669963587245107, 54.696499095153243, 0.0 ], [ -112.670338443229397, 54.696731126919509, 0.0 ], [ -112.670713303386293, 54.696963159355533, 0.0 ], [ -112.671088167921795, 54.697195188868079, 0.0 ], [ -112.671463036630001, 54.697427219050347, 0.0 ], [ -112.671837909665598, 54.697659247207383, 0.0 ], [ -112.671812178619106, 54.698108398444766, 0.0 ], [ -112.672187059799299, 54.698340426475447, 0.0 ], [ -112.672561945307095, 54.698572452480803, 0.0 ], [ -112.672936835142394, 54.698804476460808, 0.0 ], [ -112.673311729202396, 54.699036500212067, 0.0 ], [ -112.673686627538601, 54.699268522836263, 0.0 ], [ -112.674061530099706, 54.699500545231608, 0.0 ], [ -112.6744364370401, 54.699732564703218, 0.0 ], [ -112.674410732624906, 54.700181718410967, 0.0 ], [ -112.674785647711502, 54.700413737755852, 0.0 ], [ -112.675160567126099, 54.700645755075172, 0.0 ], [ -112.675535490714594, 54.70087777306388, 0.0 ], [ -112.675910418631204, 54.701109789026972, 0.0 ], [ -112.675925640459099, 54.701542368880283, 0.0 ], [ -112.675928605388606, 54.701989592363852, 0.0 ], [ -112.675919597918394, 54.702446505342799, 0.0 ], [ -112.675898902653202, 54.702908151883378, 0.0 ], [ -112.675866799305496, 54.70336958045236, 0.0 ], [ -112.675823574081704, 54.703825835142638, 0.0 ], [ -112.675769508272694, 54.704271965346813, 0.0 ], [ -112.675704883638801, 54.704703013270233, 0.0 ], [ -112.675304225352505, 54.70492014923115, 0.0 ], [ -112.674903562839702, 54.705137282920433, 0.0 ], [ -112.674889261137295, 54.705387189610718, 0.0 ], [ -112.674765039045397, 54.705449390965349, 0.0 ], [ -112.674109641453896, 54.705488329597578, 0.0 ], [ -112.673906977780703, 54.705450730705458, 0.0 ], [ -112.673810931374504, 54.705432911667067, 0.0 ], [ -112.673476672118198, 54.705227893009571, 0.0 ], [ -112.6734037090811, 54.705110502133692, 0.0 ], [ -112.673379025336899, 54.70509302970941, 0.0 ], [ -112.673027764865196, 54.704823990009281, 0.0 ], [ -112.672201745030307, 54.704860580865933, 0.0 ], [ -112.6717854451894, 54.705068037821597, 0.0 ], [ -112.6713847627246, 54.705285159674048, 0.0 ], [ -112.671052691096193, 54.705480738205843, 0.0 ], [ -112.670999697436997, 54.705511949271823, 0.0 ], [ -112.670998922368696, 54.705584798646882, 0.0 ], [ -112.670898565274101, 54.70577901863863, 0.0 ], [ -112.670613795965394, 54.706016442918177, 0.0 ], [ -112.670592134754799, 54.706169073453268, 0.0 ], [ -112.670573253888705, 54.706178220465418, 0.0 ], [ -112.670561337520397, 54.706386050767946, 0.0 ], [ -112.670550227156497, 54.706464330101213, 0.0 ], [ -112.670538814671502, 54.706544735846727, 0.0 ], [ -112.670043518699998, 54.706890712305871, 0.0 ], [ -112.669981379153697, 54.706934118632979, 0.0 ], [ -112.669746087170907, 54.707061606974797, 0.0 ], [ -112.669345374032801, 54.707278721722062, 0.0 ], [ -112.669313655009304, 54.707724189472977, 0.0 ], [ -112.669314774660094, 54.707737997165893, 0.0 ], [ -112.669241841251207, 54.707951311072208, 0.0 ], [ -112.668969623662207, 54.708189812145889, 0.0 ], [ -112.668795616722406, 54.708617084268909, 0.0 ], [ -112.668492379937504, 54.70861125041791, 0.0 ], [ -112.668091644642701, 54.70882836165363, 0.0 ], [ -112.667690905120693, 54.709045470617141, 0.0 ], [ -112.667290161268298, 54.709262579104987, 0.0 ], [ -112.666889413137, 54.709479686218863, 0.0 ], [ -112.666885258935494, 54.709552015488647, 0.0 ], [ -112.666571474673106, 54.70988766282742, 0.0 ], [ -112.6662019994112, 54.710282874238459, 0.0 ], [ -112.666193695407699, 54.710291755782862, 0.0 ], [ -112.666062097741104, 54.710363045710359, 0.0 ], [ -112.665661332085506, 54.710580149456028, 0.0 ], [ -112.665649938603096, 54.710778409307743, 0.0 ], [ -112.665635520439196, 54.711029298655802, 0.0 ], [ -112.666075845186199, 54.711250113112683, 0.0 ], [ -112.666030869673193, 54.711477223801992, 0.0 ], [ -112.665676305602901, 54.711682051969213, 0.0 ], [ -112.665616948203706, 54.711909693010043, 0.0 ], [ -112.665583895005497, 54.711927596930082, 0.0 ], [ -112.6648368422141, 54.711930408034917, 0.0 ], [ -112.664020918495893, 54.711890591248959, 0.0 ], [ -112.663227954105807, 54.711864979017079, 0.0 ], [ -112.662855853037499, 54.71209983091029, 0.0 ], [ -112.662080101740997, 54.712084865301392, 0.0 ], [ -112.661705154563094, 54.711852806711967, 0.0 ], [ -112.661362965299901, 54.711591403018588, 0.0 ], [ -112.660541542422294, 54.711560557404951, 0.0 ], [ -112.659778729764696, 54.711590791467188, 0.0 ], [ -112.659377918875094, 54.71180787304818, 0.0 ], [ -112.659004442169504, 54.71204187468205, 0.0 ], [ -112.658220883644802, 54.712022049962698, 0.0 ], [ -112.657406081577307, 54.711982880216539, 0.0 ], [ -112.656622525268901, 54.711963045179331, 0.0 ], [ -112.656249031482503, 54.712197038146833, 0.0 ], [ -112.655473281990396, 54.712182030244747, 0.0 ], [ -112.655437441254193, 54.712156116010533, 0.0 ], [ -112.655450712744496, 54.712211724416058, 0.0 ], [ -112.655428504439698, 54.712660936763541, 0.0 ], [ -112.655423531330499, 54.712761513002377, 0.0 ], [ -112.655422438617094, 54.712783618110286, 0.0 ], [ -112.655417318745293, 54.712833888548701, 0.0 ], [ -112.655390511569806, 54.713097065572818, 0.0 ], [ -112.655386047543004, 54.713142942154327, 0.0 ], [ -112.655360029263505, 54.713410284675142, 0.0 ], [ -112.655345811375696, 54.713556376083801, 0.0 ], [ -112.655339790429693, 54.713649212487248, 0.0 ], [ -112.655324834753898, 54.713879841309627, 0.0 ], [ -112.655316568597897, 54.714007316465207, 0.0 ], [ -112.655316449463399, 54.714104925411917, 0.0 ], [ -112.655316182886594, 54.714324526230889, 0.0 ], [ -112.655316039443207, 54.714442708767429, 0.0 ], [ -112.655321540867504, 54.714445675877933, 0.0 ], [ -112.655529373080796, 54.714557780830248, 0.0 ], [ -112.655625468217394, 54.714703302404743, 0.0 ], [ -112.655665740823096, 54.714764290251992, 0.0 ], [ -112.655666894970196, 54.714829924215948, 0.0 ], [ -112.6556736443533, 54.71521366328345, 0.0 ], [ -112.655676140548906, 54.715355588779481, 0.0 ], [ -112.655641275931501, 54.715571910415193, 0.0 ], [ -112.655641197469194, 54.715644472970268, 0.0 ], [ -112.6556410169336, 54.7158100008145, 0.0 ], [ -112.655640801116107, 54.716007273965751, 0.0 ], [ -112.656015750768901, 54.716239351209808, 0.0 ], [ -112.656390704702105, 54.716471427326972, 0.0 ], [ -112.656571165556798, 54.716583121447229, 0.0 ], [ -112.656610216489, 54.716632008685082, 0.0 ], [ -112.656759038279006, 54.716818314790928, 0.0 ], [ -112.656752705148094, 54.716928074370657, 0.0 ], [ -112.656739747149103, 54.717152647311948, 0.0 ], [ -112.657063382392906, 54.717325075041707, 0.0 ], [ -112.657101837523001, 54.717607904603057, 0.0 ], [ -112.657101910755003, 54.717608439300307, 0.0 ], [ -112.657103689502406, 54.717621524245573, 0.0 ], [ -112.657132766214303, 54.717835381863473, 0.0 ], [ -112.657192057662996, 54.717921179649913, 0.0 ], [ -112.657398875887793, 54.718220449520608, 0.0 ], [ -112.657421113857097, 54.718252627195533, 0.0 ], [ -112.657434482399694, 54.718271972246491, 0.0 ], [ -112.657325928008106, 54.718594489918729, 0.0 ], [ -112.657239423218599, 54.718643596141419, 0.0 ], [ -112.656771641130106, 54.718909131920732, 0.0 ], [ -112.656733399983594, 54.718930838813037, 0.0 ], [ -112.656521151660499, 54.719229013926629, 0.0 ], [ -112.656503028797204, 54.719254474077083, 0.0 ], [ -112.656010116051107, 54.719601660704761, 0.0 ], [ -112.655799683368798, 54.719749878294081, 0.0 ], [ -112.655564172609104, 54.719747162960253, 0.0 ], [ -112.655207313257506, 54.719743048799018, 0.0 ], [ -112.655075386995406, 54.719826278730523, 0.0 ], [ -112.655061144280594, 54.719835264049763, 0.0 ], [ -112.654813292237506, 54.719827242718146, 0.0 ], [ -112.654367157457898, 54.719812800141547, 0.0 ], [ -112.654268030750501, 54.719809590834288, 0.0 ], [ -112.6537579720069, 54.719784661130419, 0.0 ], [ -112.653451962871401, 54.719769702419939, 0.0 ], [ -112.653311867614605, 54.719770216145847, 0.0 ], [ -112.653049773391004, 54.719771174525739, 0.0 ], [ -112.652817766265002, 54.719772024460482, 0.0 ], [ -112.652704765577894, 54.719772437283723, 0.0 ], [ -112.652303835532507, 54.719989494042551, 0.0 ], [ -112.651902901257401, 54.720206548527813, 0.0 ], [ -112.651501962596996, 54.72042360343432, 0.0 ], [ -112.651475157074501, 54.720624932442377, 0.0 ], [ -112.651456182274998, 54.720767446449493, 0.0 ], [ -112.651444738250106, 54.720853406769997, 0.0 ], [ -112.651446494676506, 54.721009554779513, 0.0 ], [ -112.651448238179896, 54.721164636870789, 0.0 ], [ -112.651446479060297, 54.721194271409487, 0.0 ], [ -112.651427032657693, 54.721521962621402, 0.0 ], [ -112.651410434312496, 54.721801644415791, 0.0 ], [ -112.651294892110997, 54.722079047925327, 0.0 ], [ -112.651287512254598, 54.722083026358433, 0.0 ], [ -112.650726713766105, 54.722385301028581, 0.0 ], [ -112.650158526704303, 54.722691554065172, 0.0 ], [ -112.649738038207701, 54.722918192079817, 0.0 ], [ -112.649685964304894, 54.722929417936051, 0.0 ], [ -112.649110888005495, 54.723053400160083, 0.0 ], [ -112.649072126549996, 54.72307437336994, 0.0 ], [ -112.648543709957394, 54.723360282292013, 0.0 ], [ -112.647976524844793, 54.723667162600073, 0.0 ], [ -112.647907712215201, 54.723704394188502, 0.0 ], [ -112.647690880521097, 54.724009306477122, 0.0 ], [ -112.647677982838701, 54.724027443108611, 0.0 ], [ -112.647119645050097, 54.724339718867753, 0.0 ], [ -112.646690832927803, 54.724579544004747, 0.0 ], [ -112.646513773461507, 54.725017097477803, 0.0 ], [ -112.646483814072994, 54.725091131977472, 0.0 ], [ -112.646099277284094, 54.725481540432803, 0.0 ], [ -112.645736491050101, 54.725849857301156, 0.0 ], [ -112.645559095153601, 54.725876545446802, 0.0 ], [ -112.645419716702804, 54.726003635506267, 0.0 ], [ -112.645279776382907, 54.726445670222901, 0.0 ], [ -112.645204425226794, 54.726683680367579, 0.0 ], [ -112.644635341454403, 54.726989409751702, 0.0 ], [ -112.644591476076997, 54.727012975767508, 0.0 ], [ -112.644557215910893, 54.727031379447077, 0.0 ], [ -112.644399610567604, 54.727116048674958, 0.0 ], [ -112.643848445002007, 54.727249916633717, 0.0 ], [ -112.643737325427693, 54.727248662692688, 0.0 ], [ -112.643708620656696, 54.727263353042879, 0.0 ], [ -112.643632297066702, 54.727302413795456, 0.0 ], [ -112.643387412642397, 54.727361890573732, 0.0 ], [ -112.643134614759305, 54.72736437387789, 0.0 ], [ -112.642611054330501, 54.727369515542598, 0.0 ], [ -112.641834695871694, 54.727377135535107, 0.0 ], [ -112.641537635502104, 54.727380049202637, 0.0 ], [ -112.641458475347804, 54.727422052557209, 0.0 ], [ -112.640965291487902, 54.727683738662961, 0.0 ], [ -112.640392938870406, 54.727987426221063, 0.0 ], [ -112.639820577754094, 54.728291110080278, 0.0 ], [ -112.6392482080863, 54.728594791138768, 0.0 ], [ -112.638856154744204, 54.728802797555893, 0.0 ], [ -112.638829153113093, 54.728804827285963, 0.0 ], [ -112.6380861232455, 54.728860669033793, 0.0 ], [ -112.637512476264803, 54.728903777426623, 0.0 ], [ -112.637380293664407, 54.729115279994033, 0.0 ], [ -112.637373632471494, 54.72925169665276, 0.0 ], [ -112.637372059484406, 54.729283874299682, 0.0 ], [ -112.637358358299693, 54.729564493528947, 0.0 ], [ -112.637355463582196, 54.729623783483447, 0.0 ], [ -112.637353304080506, 54.729667985881427, 0.0 ], [ -112.637396423439398, 54.729833855516688, 0.0 ], [ -112.637403953594699, 54.729862823872097, 0.0 ], [ -112.637668843134605, 54.730110789463133, 0.0 ], [ -112.637685964308901, 54.730560073601133, 0.0 ], [ -112.637688985940798, 54.73063938659935, 0.0 ], [ -112.637197037562899, 54.730987094263853, 0.0 ], [ -112.636987065325798, 54.73113550048442, 0.0 ], [ -112.636971768074801, 54.731157521864368, 0.0 ], [ -112.636777392713199, 54.731437350180222, 0.0 ], [ -112.636481162916994, 54.731597603477148, 0.0 ], [ -112.636080029051001, 54.731814604177487, 0.0 ], [ -112.635678890953002, 54.732031602602838, 0.0 ], [ -112.635277748518106, 54.732248600549717, 0.0 ], [ -112.634876601746399, 54.732465598018123, 0.0 ], [ -112.634858391244407, 54.732660147250883, 0.0 ], [ -112.634840576164194, 54.732850467606703, 0.0 ], [ -112.634835429528195, 54.732905449999848, 0.0 ], [ -112.634842473126199, 54.733083974668482, 0.0 ], [ -112.634801979551995, 54.733373654597649, 0.0 ], [ -112.634797071153002, 54.733408759982673, 0.0 ], [ -112.634423094691897, 54.733580868194593, 0.0 ], [ -112.634411831689107, 54.733774101493907, 0.0 ], [ -112.634396915632706, 54.734030004724957, 0.0 ], [ -112.634381999236396, 54.734285909738887, 0.0 ], [ -112.634373508589903, 54.73443157307473, 0.0 ], [ -112.634329591380293, 54.734477965820119, 0.0 ], [ -112.634284130690702, 54.734525987625332, 0.0 ], [ -112.6339695618679, 54.734696136241617, 0.0 ], [ -112.633568383706105, 54.734913128096387, 0.0 ], [ -112.633167201259099, 54.735130118574148, 0.0 ], [ -112.633166168026193, 54.735219197136637, 0.0 ], [ -112.632918338867498, 54.73551337524178, 0.0 ], [ -112.632629998920294, 54.735855639279229, 0.0 ], [ -112.632338619711305, 54.736013232012112, 0.0 ], [ -112.6319374198129, 54.736230217314109, 0.0 ], [ -112.631926143825197, 54.736423451080022, 0.0 ], [ -112.631918793868294, 54.73654940420348, 0.0 ], [ -112.631906278666094, 54.736599890820322, 0.0 ], [ -112.631883707964704, 54.73669093800595, 0.0 ], [ -112.631831459892794, 54.73690169888954, 0.0 ], [ -112.631717520334107, 54.737018351555257, 0.0 ], [ -112.631512790746697, 54.737227954737207, 0.0 ], [ -112.6314959075019, 54.737309356522317, 0.0 ], [ -112.631481973873505, 54.737376542303323, 0.0 ], [ -112.631464037283806, 54.73746302071477, 0.0 ], [ -112.631420249190597, 54.737674144597072, 0.0 ], [ -112.631395180170202, 54.73779502201392, 0.0 ], [ -112.631282766005398, 54.737906351487098, 0.0 ], [ -112.631056349423403, 54.738011594753203, 0.0 ], [ -112.6310489769334, 54.738137880124967, 0.0 ], [ -112.631003373548793, 54.738183041796347, 0.0 ], [ -112.630837239089601, 54.738347566472413, 0.0 ], [ -112.630672284392404, 54.738510921524231, 0.0 ], [ -112.6306475948562, 54.738667600936488, 0.0 ], [ -112.630618827721506, 54.738850162436748, 0.0 ], [ -112.630610210323894, 54.738904844801702, 0.0 ], [ -112.630601762598701, 54.738958457621379, 0.0 ], [ -112.630547005914096, 54.739305938517887, 0.0 ], [ -112.630254121349196, 54.739589998464723, 0.0 ], [ -112.630201489856603, 54.739717236171792, 0.0 ], [ -112.630186935275901, 54.739752420777187, 0.0 ], [ -112.630152441610207, 54.739835809045204, 0.0 ], [ -112.629773950408705, 54.740009941187921, 0.0 ], [ -112.629760500062801, 54.740240193172014, 0.0 ], [ -112.629454491072806, 54.740392449942753, 0.0 ], [ -112.629292949851006, 54.740472826175278, 0.0 ], [ -112.629275510054399, 54.740481503220877, 0.0 ], [ -112.629105650057994, 54.74056601694047, 0.0 ], [ -112.628328956115396, 54.740562282581472, 0.0 ], [ -112.627552264066395, 54.74055854237897, 0.0 ], [ -112.627535208556495, 54.740558460348133, 0.0 ], [ -112.6271907764079, 54.740556799160423, 0.0 ], [ -112.6271168702648, 54.740556443176608, 0.0 ], [ -112.626782388319299, 54.74062587804368, 0.0 ], [ -112.626759249374103, 54.740630681383308, 0.0 ], [ -112.626629483646397, 54.740622883226173, 0.0 ], [ -112.626213220508205, 54.740597870759942, 0.0 ], [ -112.626187186270599, 54.740614222725668, 0.0 ], [ -112.625979321362195, 54.74074478277241, 0.0 ], [ -112.625630346917802, 54.740742332139632, 0.0 ], [ -112.625425389429296, 54.740740891713372, 0.0 ], [ -112.624648724457899, 54.740735431084737, 0.0 ], [ -112.624363234257999, 54.740733424122517, 0.0 ], [ -112.623989986965, 54.740803972878368, 0.0 ], [ -112.623877622345802, 54.74093614781318, 0.0 ], [ -112.623490539052995, 54.740773798733137, 0.0 ], [ -112.623254944925193, 54.740674984045107, 0.0 ], [ -112.622719458870407, 54.740349463759003, 0.0 ], [ -112.622286426078105, 54.740086217369537, 0.0 ], [ -112.622046093775296, 54.740076933212663, 0.0 ], [ -112.621760641079007, 54.740065905335577, 0.0 ], [ -112.621635508639102, 54.740061070468137, 0.0 ], [ -112.621221898181602, 54.740067228339562, 0.0 ], [ -112.620808287640102, 54.740073384798301, 0.0 ], [ -112.620683167686906, 54.740068550090619, 0.0 ], [ -112.620397703146594, 54.740057517865857, 0.0 ], [ -112.620057504929704, 54.740044370674561, 0.0 ], [ -112.619682548227203, 54.739812182878538, 0.0 ], [ -112.619462473136394, 54.739675902049157, 0.0 ], [ -112.619405179008794, 54.739657404094203, 0.0 ], [ -112.619376388812299, 54.739622593308518, 0.0 ], [ -112.619307594311195, 54.739579993027803, 0.0 ], [ -112.618932647681007, 54.739347803908643, 0.0 ], [ -112.618557703837297, 54.739115612734828, 0.0 ], [ -112.618182764279695, 54.73888342043513, 0.0 ], [ -112.6178078290081, 54.738651227009584, 0.0 ], [ -112.617451262162206, 54.738634836026762, 0.0 ], [ -112.617228589439904, 54.738624598856532, 0.0 ], [ -112.617066419292897, 54.738617142557082, 0.0 ], [ -112.616836650265597, 54.738614522509941, 0.0 ], [ -112.616426254710703, 54.738609839256462, 0.0 ], [ -112.616278579522103, 54.738608154482293, 0.0 ], [ -112.615975789834195, 54.73860881711483, 0.0 ], [ -112.615470839974904, 54.738609918407711, 0.0 ], [ -112.615370625586195, 54.738609688734577, 0.0 ], [ -112.614920047470704, 54.738608661338063, 0.0 ], [ -112.614669733583199, 54.738608089781508, 0.0 ], [ -112.614509793714106, 54.738603973479982, 0.0 ], [ -112.614117750105393, 54.73859388627212, 0.0 ], [ -112.613901794162004, 54.738588328353273, 0.0 ], [ -112.613895120439494, 54.738583645609843, 0.0 ], [ -112.613551760265196, 54.738342677032961, 0.0 ], [ -112.613176858425703, 54.738110468705592, 0.0 ], [ -112.612801959213897, 54.737878261018658, 0.0 ], [ -112.612712985828395, 54.737823150356007, 0.0 ], [ -112.612466360374896, 54.737886792194118, 0.0 ], [ -112.612399951818304, 54.738334537410132, 0.0 ], [ -112.612357662332997, 54.738619650587871, 0.0 ], [ -112.612641126894999, 54.739038041303488, 0.0 ], [ -112.612685907295997, 54.739104135231337, 0.0 ], [ -112.612684270578995, 54.739553524090176, 0.0 ], [ -112.612683313738401, 54.739816287230568, 0.0 ], [ -112.612617844773595, 54.740134871805303, 0.0 ], [ -112.612246707464195, 54.740482756069873, 0.0 ], [ -112.611615862363394, 54.740744926664433, 0.0 ], [ -112.611540750028695, 54.740776142442947, 0.0 ], [ -112.611077658100001, 54.740767015191643, 0.0 ], [ -112.610822413282904, 54.740904963190218, 0.0 ], [ -112.610580091851304, 54.740927294980743, 0.0 ], [ -112.610447590288402, 54.740939506929728, 0.0 ], [ -112.609741742546802, 54.741127057196763, 0.0 ], [ -112.609520065462803, 54.741185957598951, 0.0 ], [ -112.609498657282302, 54.74118553538262, 0.0 ], [ -112.609476415027103, 54.74119755473351, 0.0 ], [ -112.609035886822696, 54.741314603252953, 0.0 ], [ -112.608330026327096, 54.741502143362993, 0.0 ], [ -112.607949327267505, 54.741603290778087, 0.0 ], [ -112.607947407700195, 54.741604581163891, 0.0 ], [ -112.607543977389597, 54.741875927504083, 0.0 ], [ -112.607487246683206, 54.742324116805612, 0.0 ], [ -112.607448353915004, 54.74263137968962, 0.0 ], [ -112.607279367352206, 54.742817666207451, 0.0 ], [ -112.606502743912102, 54.742809282806711, 0.0 ], [ -112.605726119440206, 54.742800893504189, 0.0 ], [ -112.604949496882895, 54.742792501055973, 0.0 ], [ -112.604172874846796, 54.742784102736671, 0.0 ], [ -112.603396253332306, 54.742775698546282, 0.0 ], [ -112.602785626873498, 54.742769088579408, 0.0 ], [ -112.602085516053094, 54.742963739960672, 0.0 ], [ -112.601379709846995, 54.742963768035899, 0.0 ], [ -112.601295876141094, 54.742963770941152, 0.0 ], [ -112.600519138917704, 54.742960209475036, 0.0 ], [ -112.599742403530598, 54.742956643063522, 0.0 ], [ -112.599516778672495, 54.742955605774078, 0.0 ], [ -112.599090597705199, 54.743099460933323, 0.0 ], [ -112.598323080863395, 54.743168595973913, 0.0 ], [ -112.598266105248499, 54.743173728890149, 0.0 ], [ -112.597741280630004, 54.743418591412059, 0.0 ], [ -112.597291536699302, 54.743400084297242, 0.0 ], [ -112.597197762287095, 54.743398522181593, 0.0 ], [ -112.5970686762669, 54.743359574668517, 0.0 ], [ -112.596557018344697, 54.743329990014537, 0.0 ], [ -112.595817524205401, 54.743467526394681, 0.0 ], [ -112.595078023619394, 54.743605058179817, 0.0 ], [ -112.595036346222997, 54.743612807923689, 0.0 ], [ -112.595010615029906, 54.74382166888438, 0.0 ], [ -112.594964600958903, 54.743820756795827, 0.0 ], [ -112.594912986336894, 54.744254396036197, 0.0 ], [ -112.594911681034901, 54.744624673887678, 0.0 ], [ -112.594899345011598, 54.744724801343622, 0.0 ], [ -112.594489039749902, 54.744922958843453, 0.0 ], [ -112.594483233375698, 54.745384987001003, 0.0 ], [ -112.5940817405465, 54.745601844638863, 0.0 ], [ -112.593659417834303, 54.745805797033711, 0.0 ], [ -112.593653601640995, 54.746267824096492, 0.0 ], [ -112.593222106682902, 54.746466097303873, 0.0 ], [ -112.593236631728601, 54.746843936987183, 0.0 ], [ -112.593068697405599, 54.747156664756233, 0.0 ], [ -112.5928444082043, 54.747574325449783, 0.0 ], [ -112.592797280869803, 54.747599776956662, 0.0 ], [ -112.592793123907498, 54.747669824842248, 0.0 ], [ -112.592689298019096, 54.747863161967643, 0.0 ], [ -112.592444131722701, 54.747944348164992, 0.0 ], [ -112.591768963956198, 54.74799337425231, 0.0 ], [ -112.591404500200596, 54.748120093273187, 0.0 ], [ -112.590657416429096, 54.748174152910387, 0.0 ], [ -112.590644704065099, 54.748180933697611, 0.0 ], [ -112.590816294102297, 54.748234899452143, 0.0 ], [ -112.590804360213198, 54.748435823199898, 0.0 ], [ -112.590792540830606, 54.748634816612608, 0.0 ], [ -112.590776279979494, 54.748908583446521, 0.0 ], [ -112.591125220830904, 54.749083790587022, 0.0 ], [ -112.591081206028505, 54.749362220960002, 0.0 ], [ -112.590731963756696, 54.74973561938809, 0.0 ], [ -112.590730829520695, 54.749764555344868, 0.0 ], [ -112.590714343679295, 54.750184890780687, 0.0 ], [ -112.590696727722502, 54.750634162228913, 0.0 ], [ -112.590693676893693, 54.750711902203193, 0.0 ], [ -112.5909012129964, 54.750864270860063, 0.0 ], [ -112.591078518396401, 54.750994446109743, 0.0 ], [ -112.591177996182694, 54.751020088079507, 0.0 ], [ -112.591419345557597, 54.751169623124227, 0.0 ], [ -112.5917582822822, 54.751379618611217, 0.0 ], [ -112.591747548364197, 54.751625795758279, 0.0 ], [ -112.591392673528503, 54.751618744280997, 0.0 ], [ -112.590616207091202, 54.7516033148801, 0.0 ], [ -112.590242748345702, 54.751837579573227, 0.0 ], [ -112.589410045310998, 54.75178729974143, 0.0 ], [ -112.589036578036499, 54.752021559727822, 0.0 ], [ -112.588282211635999, 54.752049378061791, 0.0 ], [ -112.587456438945694, 54.752032947530587, 0.0 ], [ -112.586707161961499, 54.751975209350597, 0.0 ], [ -112.586332290986704, 54.751742919620007, 0.0 ], [ -112.585957424354504, 54.751510627866473, 0.0 ], [ -112.585582561904303, 54.751278336784772, 0.0 ], [ -112.584786765684399, 54.751225013573389, 0.0 ], [ -112.584404502620103, 54.751479693652037, 0.0 ], [ -112.584356364622295, 54.751505682986767, 0.0 ], [ -112.584362824070396, 54.751306287276421, 0.0 ], [ -112.583859549002, 54.750963935031038, 0.0 ], [ -112.583561229000196, 54.75076100021635, 0.0 ], [ -112.582891373969204, 54.750687772278809, 0.0 ], [ -112.582114576836204, 54.750680354655422, 0.0 ], [ -112.581337777083405, 54.750672931096837, 0.0 ], [ -112.580560979316303, 54.750665502594238, 0.0 ], [ -112.580013540511104, 54.750660264964388, 0.0 ], [ -112.579305690141794, 54.750845481073057, 0.0 ], [ -112.578604279048093, 54.751029006030038, 0.0 ], [ -112.578594479605002, 54.751138951097779, 0.0 ], [ -112.578192845525905, 54.75135575449908, 0.0 ], [ -112.577791207211604, 54.751572555621451, 0.0 ], [ -112.577389564501004, 54.751789357159574, 0.0 ], [ -112.577369342483195, 54.751800272601677, 0.0 ], [ -112.577093254009299, 54.751615836595242, 0.0 ], [ -112.577006247175206, 54.751474399149878, 0.0 ], [ -112.576396552377801, 54.751195870306347, 0.0 ], [ -112.576023814955605, 54.751025588905698, 0.0 ], [ -112.575247322691794, 54.751010856201169, 0.0 ], [ -112.574470831086998, 54.750996119426603, 0.0 ], [ -112.573772666536897, 54.750982864468313, 0.0 ], [ -112.573193606112895, 54.75128246439553, 0.0 ], [ -112.572741567992097, 54.751516339520776, 0.0 ], [ -112.5726145371504, 54.751582061457484, 0.0 ], [ -112.572035461202006, 54.751881655685111, 0.0 ], [ -112.571456375107999, 54.752181247914407, 0.0 ], [ -112.571416405337899, 54.752201926243103, 0.0 ], [ -112.570844717835001, 54.752315386495503, 0.0 ], [ -112.570262526605703, 54.752612962126321, 0.0 ], [ -112.570223835013493, 54.752632738502733, 0.0 ], [ -112.569940068328094, 54.752666615479313, 0.0 ], [ -112.569236142697406, 54.752476425851427, 0.0 ], [ -112.568955010992397, 54.75240046680603, 0.0 ], [ -112.568399595099706, 54.752086237394252, 0.0 ], [ -112.568313407408496, 54.752037475557202, 0.0 ], [ -112.567756536287604, 54.751903147675733, 0.0 ], [ -112.567218380925596, 54.751579031142803, 0.0 ], [ -112.566680232714006, 54.75125491046353, 0.0 ], [ -112.566376714280807, 54.751072101287669, 0.0 ], [ -112.565942766461205, 54.751086949586963, 0.0 ], [ -112.565747716833997, 54.751248838649623, 0.0 ], [ -112.565622393306697, 54.75124400172465, 0.0 ], [ -112.565423173431, 54.751375377488621, 0.0 ], [ -112.564569756185804, 54.751346993241562, 0.0 ], [ -112.5643325169153, 54.75116466869386, 0.0 ], [ -112.564057028922704, 54.751072518682193, 0.0 ], [ -112.563759820376305, 54.750973101239438, 0.0 ], [ -112.563124578195399, 54.750760607564423, 0.0 ], [ -112.562347954867903, 54.750748564720638, 0.0 ], [ -112.561571330436095, 54.750736519569273, 0.0 ], [ -112.561350405375194, 54.750733091509701, 0.0 ], [ -112.560767938635806, 54.751030469019447, 0.0 ], [ -112.560185464818105, 54.751327845458881, 0.0 ], [ -112.560009696374394, 54.751417580564848, 0.0 ], [ -112.559806421492098, 54.751661509758513, 0.0 ], [ -112.559672354027796, 54.751822391067087, 0.0 ], [ -112.559369803169702, 54.752185444684393, 0.0 ], [ -112.558803150633096, 54.752492888066108, 0.0 ], [ -112.558236491013403, 54.752800329627767, 0.0 ], [ -112.558167737505599, 54.752837630390722, 0.0 ], [ -112.557392059086794, 54.752863251850393, 0.0 ], [ -112.556616379890997, 54.752888867438443, 0.0 ], [ -112.556562907137106, 54.752890633244441, 0.0 ], [ -112.555905732986702, 54.753065440133433, 0.0 ], [ -112.555128970834801, 54.753055728219088, 0.0 ], [ -112.554755710989795, 54.75305105940032, 0.0 ], [ -112.553978778362804, 54.753048407059048, 0.0 ], [ -112.553201847594707, 54.753045748872452, 0.0 ], [ -112.552584013734503, 54.753043632319987, 0.0 ], [ -112.552003698604395, 54.753342434733703, 0.0 ], [ -112.551506563403905, 54.753598401276818, 0.0 ], [ -112.550879913009894, 54.753733890739078, 0.0 ], [ -112.550297502220602, 54.75403133164145, 0.0 ], [ -112.549715081407498, 54.754328768716448, 0.0 ], [ -112.549132653513695, 54.754626204721419, 0.0 ], [ -112.548974478605601, 54.754706980067972, 0.0 ], [ -112.548198821602497, 54.754733149650143, 0.0 ], [ -112.547905826110593, 54.754743034224397, 0.0 ], [ -112.547238201502594, 54.754911351103168, 0.0 ], [ -112.546461224576205, 54.754910418961501, 0.0 ], [ -112.545684246391801, 54.754909480012387, 0.0 ], [ -112.545638723554305, 54.75490942439027, 0.0 ], [ -112.544922196808898, 54.755083209992208, 0.0 ], [ -112.544118621197001, 54.755075956873569, 0.0 ], [ -112.543342006289507, 54.755062160891832, 0.0 ], [ -112.542593434322299, 54.755048858253708, 0.0 ], [ -112.542277833089301, 54.754947184074283, 0.0 ], [ -112.542143753447803, 54.754504543450132, 0.0 ], [ -112.542122253496004, 54.75443356619126, 0.0 ], [ -112.541605798679896, 54.754097831355281, 0.0 ], [ -112.541209026159905, 54.753839895194787, 0.0 ], [ -112.541016854470698, 54.753509090805203, 0.0 ], [ -112.540496188862306, 54.753175545332653, 0.0 ], [ -112.540096328399102, 54.752919382679202, 0.0 ], [ -112.539989027596704, 54.752474307715993, 0.0 ], [ -112.539899378700497, 54.752102442586732, 0.0 ], [ -112.5395669504544, 54.751901573941751, 0.0 ], [ -112.538952596600694, 54.751744115930997, 0.0 ], [ -112.538418049255597, 54.751418011528258, 0.0 ], [ -112.537883512051707, 54.751091904871068, 0.0 ], [ -112.537405064554605, 54.750800012096981, 0.0 ], [ -112.537381833433898, 54.750799243371759, 0.0 ], [ -112.536614880846898, 54.750759814500647, 0.0 ], [ -112.536359711929705, 54.750578031755452, 0.0 ], [ -112.536299827190504, 54.750568007634357, 0.0 ], [ -112.535771237907497, 54.750238681152929, 0.0 ], [ -112.535242654146401, 54.749909351476013, 0.0 ], [ -112.534714080565394, 54.749580018698403, 0.0 ], [ -112.534185515447902, 54.749250685483247, 0.0 ], [ -112.534150698513301, 54.749228991656587, 0.0 ], [ -112.533896495708305, 54.748877364603032, 0.0 ], [ -112.533363791434098, 54.748730188252047, 0.0 ], [ -112.532805005392007, 54.748417999787378, 0.0 ], [ -112.532720780062405, 54.748370943650158, 0.0 ], [ -112.531944626857296, 54.748351901675903, 0.0 ], [ -112.531472549371998, 54.748340316539881, 0.0 ], [ -112.531369832134601, 54.748404646473652, 0.0 ], [ -112.530537286432406, 54.748353963707338, 0.0 ], [ -112.530163515322897, 54.748588040123472, 0.0 ], [ -112.529789005880303, 54.748355578204979, 0.0 ], [ -112.529122925261504, 54.748342002386082, 0.0 ], [ -112.529012637469705, 54.748339755084913, 0.0 ], [ -112.528610771589101, 54.748556391856937, 0.0 ], [ -112.528208901475693, 54.748773026347628, 0.0 ], [ -112.528042357129294, 54.748862804878307, 0.0 ], [ -112.527365445976201, 54.749020023826994, 0.0 ], [ -112.526720319369005, 54.749169857563452, 0.0 ], [ -112.526678363431898, 54.749191466468162, 0.0 ], [ -112.526628764988104, 54.749190454432799, 0.0 ], [ -112.526226878048405, 54.749407083057847, 0.0 ], [ -112.525824986821107, 54.749623710299602, 0.0 ], [ -112.525633198103094, 54.749727085134907, 0.0 ], [ -112.5249276664685, 54.749899872616737, 0.0 ], [ -112.524700799345496, 54.749955432409557, 0.0 ], [ -112.523924043655995, 54.749947403034867, 0.0 ], [ -112.523460003220293, 54.74994260328036, 0.0 ], [ -112.523540785397998, 54.750030931893718, 0.0 ], [ -112.523468396040698, 54.750025245935902, 0.0 ], [ -112.523079025801906, 54.749800788041931, 0.0 ], [ -112.522317519049807, 54.749776897354643, 0.0 ], [ -112.522251387711904, 54.749378226151528, 0.0 ], [ -112.522363880159602, 54.748883283572681, 0.0 ], [ -112.522399820749399, 54.748429600005402, 0.0 ], [ -112.522025356363102, 54.748197115430983, 0.0 ], [ -112.521650894766196, 54.747964628805477, 0.0 ], [ -112.521276440452297, 54.747732142918821, 0.0 ], [ -112.520901988927605, 54.747499654981162, 0.0 ], [ -112.520929436939397, 54.747050556218468, 0.0 ], [ -112.521352129014602, 54.74684686205218, 0.0 ], [ -112.521358770487495, 54.746384846172873, 0.0 ], [ -112.521805773488197, 54.746187000385873, 0.0 ], [ -112.5218712639019, 54.745720834919098, 0.0 ], [ -112.521868071340293, 54.745543894934237, 0.0 ], [ -112.521862037518702, 54.7455378225687, 0.0 ], [ -112.521775441756304, 54.745208485444742, 0.0 ], [ -112.521441093688907, 54.745037549041918, 0.0 ], [ -112.521462153220597, 54.744591888853279, 0.0 ], [ -112.521475545007206, 54.744525082381102, 0.0 ], [ -112.521467883022098, 54.744366466331179, 0.0 ], [ -112.521446184149696, 54.74391726166494, 0.0 ], [ -112.521435908333601, 54.743704542979522, 0.0 ], [ -112.521388086819798, 54.743687483413133, 0.0 ], [ -112.520747135830703, 54.743674374603629, 0.0 ], [ -112.520402863598406, 54.743425639623773, 0.0 ], [ -112.519566315441693, 54.74344224833515, 0.0 ], [ -112.519331759149594, 54.743272776017747, 0.0 ], [ -112.518806017580502, 54.743112347007767, 0.0 ], [ -112.518029725558193, 54.743096950405111, 0.0 ], [ -112.517253435829502, 54.743081548868233, 0.0 ], [ -112.516982084956098, 54.743076163839937, 0.0 ], [ -112.516242379816802, 54.743213285629821, 0.0 ], [ -112.516080343035796, 54.742774095197028, 0.0 ], [ -112.516054257127493, 54.742701113923793, 0.0 ], [ -112.515740002559696, 54.742290158195217, 0.0 ], [ -112.515687726830805, 54.74222179763828, 0.0 ], [ -112.515669935781901, 54.742198529039918, 0.0 ], [ -112.515143248605398, 54.741868243618313, 0.0 ], [ -112.514616570047195, 54.741537955081299, 0.0 ], [ -112.5143660091437, 54.741380822337312, 0.0 ], [ -112.514349030348598, 54.74093155031899, 0.0 ], [ -112.514332051777302, 54.740482278271813, 0.0 ], [ -112.514315698972894, 54.740049536884221, 0.0 ], [ -112.514047173725302, 54.739756784865691, 0.0 ], [ -112.513992360133301, 54.739460456960757, 0.0 ], [ -112.514063352352807, 54.739101491504613, 0.0 ], [ -112.514412426102894, 54.738729237419768, 0.0 ], [ -112.514434980184902, 54.738430478178543, 0.0 ], [ -112.514446317708803, 54.73828028635598, 0.0 ], [ -112.514474645929099, 54.73790501600795, 0.0 ], [ -112.514438955768497, 54.737853322136083, 0.0 ], [ -112.514118440986493, 54.737693007412972, 0.0 ], [ -112.514152092398007, 54.737381636149912, 0.0 ], [ -112.514107668737296, 54.737198187577597, 0.0 ], [ -112.513771638986498, 54.737011402204772, 0.0 ], [ -112.513783082280298, 54.73657096769719, 0.0 ], [ -112.513801293904393, 54.73645672614586, 0.0 ], [ -112.513794016710307, 54.736339511058198, 0.0 ], [ -112.513776175920697, 54.736052129651277, 0.0 ], [ -112.513452367805201, 54.735880697205701, 0.0 ], [ -112.512676247577303, 54.735864771037093, 0.0 ], [ -112.512660360404496, 54.7355732098329, 0.0 ], [ -112.512653259590493, 54.735442903196393, 0.0 ], [ -112.512755792567404, 54.734953376077463, 0.0 ], [ -112.512357014992602, 54.734734064261602, 0.0 ], [ -112.5119827330834, 54.734501550071727, 0.0 ], [ -112.511608455457704, 54.734269034761837, 0.0 ], [ -112.511234180563306, 54.734036518300123, 0.0 ], [ -112.511261723388102, 54.733587421855923, 0.0 ], [ -112.510887458176597, 54.733354905314627, 0.0 ], [ -112.510513197303496, 54.733122386755269, 0.0 ], [ -112.5104919079767, 54.733109160135882, 0.0 ], [ -112.510138939216404, 54.732889866145982, 0.0 ], [ -112.510448662646098, 54.732755011752758, 0.0 ], [ -112.510201905287204, 54.732410500513993, 0.0 ], [ -112.510162617326699, 54.731945767778299, 0.0 ], [ -112.510138162869694, 54.731554679679427, 0.0 ], [ -112.510034860459299, 54.731426558250433, 0.0 ], [ -112.509809821952501, 54.731147449605068, 0.0 ], [ -112.509481487581297, 54.730740217785723, 0.0 ], [ -112.509344995650494, 54.730570925115217, 0.0 ], [ -112.508810642241102, 54.730244872184372, 0.0 ], [ -112.508636508223205, 54.730138616465887, 0.0 ], [ -112.508025916833901, 54.72997922127842, 0.0 ], [ -112.507496263528594, 54.729650613168133, 0.0 ], [ -112.506966618788795, 54.729322002814982, 0.0 ], [ -112.5065746670343, 54.729078816416582, 0.0 ], [ -112.506513353137393, 54.728630841723543, 0.0 ], [ -112.506452042105096, 54.728182865218763, 0.0 ], [ -112.506436296858993, 54.728067817822833, 0.0 ], [ -112.505903445162602, 54.727740960292863, 0.0 ], [ -112.505370600431704, 54.727414101358463, 0.0 ], [ -112.504837765880197, 54.72708723928725, 0.0 ], [ -112.504527689619707, 54.726897022955917, 0.0 ], [ -112.504317377082202, 54.72692556038016, 0.0 ], [ -112.503915699698297, 54.727141060395347, 0.0 ], [ -112.503887703495707, 54.727140483724789, 0.0 ], [ -112.503485917896398, 54.72735703863205, 0.0 ], [ -112.503084129567398, 54.727573592187859, 0.0 ], [ -112.502682338564, 54.727790143494019, 0.0 ], [ -112.502523394598796, 54.727875808584862, 0.0 ], [ -112.502413548985402, 54.727896913694082, 0.0 ], [ -112.501985693320904, 54.727979118292502, 0.0 ], [ -112.501409389961196, 54.728280270386072, 0.0 ], [ -112.500833078010302, 54.728581420535171, 0.0 ], [ -112.500559223878497, 54.728724518505501, 0.0 ], [ -112.500011099529502, 54.72885012827318, 0.0 ], [ -112.500006281387996, 54.728859125570807, 0.0 ], [ -112.499897330966704, 54.728856876984359, 0.0 ], [ -112.499921869434203, 54.729016744025643, 0.0 ], [ -112.499781225571894, 54.729279362468397, 0.0 ], [ -112.499730067054898, 54.729374887527598, 0.0 ], [ -112.499041684417094, 54.729575059987148, 0.0 ], [ -112.498798050734493, 54.729585040578407, 0.0 ], [ -112.498030084986496, 54.729590939585549, 0.0 ], [ -112.497229999222597, 54.729577725151778, 0.0 ], [ -112.496413297794007, 54.729549891621069, 0.0 ], [ -112.495595493779206, 54.729511937523739, 0.0 ], [ -112.494792095402303, 54.729468358113458, 0.0 ], [ -112.494018611775701, 54.729423652672097, 0.0 ], [ -112.493661799319398, 54.729177736495629, 0.0 ], [ -112.492901893216796, 54.729153025146793, 0.0 ], [ -112.492077690048006, 54.729162950649282, 0.0 ], [ -112.491735725782107, 54.728913053327219, 0.0 ], [ -112.490913822861202, 54.728921735129717, 0.0 ], [ -112.490183776470701, 54.728880921653221, 0.0 ], [ -112.490205168322603, 54.728435269366727, 0.0 ], [ -112.489837449329997, 54.728199251120067, 0.0 ], [ -112.489463359297801, 54.727966668255441, 0.0 ], [ -112.489089271884097, 54.727734086036541, 0.0 ], [ -112.488715188807404, 54.72750150180098, 0.0 ], [ -112.4887652982068, 54.727040383520922, 0.0 ], [ -112.488368897511293, 54.726819827307537, 0.0 ], [ -112.488396684241806, 54.726370738125063, 0.0 ], [ -112.487957955505095, 54.726136811438202, 0.0 ], [ -112.488424470259503, 54.725921648001382, 0.0 ], [ -112.488452255397604, 54.725472559631058, 0.0 ], [ -112.488867399265501, 54.725264324881159, 0.0 ], [ -112.488792105204297, 54.724751145428172, 0.0 ], [ -112.488909657941704, 54.724357875243683, 0.0 ], [ -112.489619044118101, 54.724332604672902, 0.0 ], [ -112.490461431271001, 54.724390023218902, 0.0 ], [ -112.490863253603607, 54.724173511784528, 0.0 ], [ -112.491265071655803, 54.723956998966223, 0.0 ], [ -112.4916668854829, 54.723740483865853, 0.0 ], [ -112.492054160137997, 54.723754573058457, 0.0 ], [ -112.492463543409599, 54.723769462960767, 0.0 ], [ -112.492844565679206, 54.723540023889633, 0.0 ], [ -112.493620440199294, 54.723556075500298, 0.0 ], [ -112.4940222376717, 54.723339552405442, 0.0 ], [ -112.494424029201099, 54.72312302969118, 0.0 ], [ -112.494825819609105, 54.72290650475923, 0.0 ], [ -112.495227604185104, 54.72268997841153, 0.0 ], [ -112.495629384480793, 54.722473450680241, 0.0 ], [ -112.495712303353798, 54.722045122328623, 0.0 ], [ -112.495768819467301, 54.72158681321406, 0.0 ], [ -112.495797727649602, 54.721118125413042, 0.0 ], [ -112.495797820441695, 54.720658651047877, 0.0 ], [ -112.495767886853002, 54.720227990246407, 0.0 ], [ -112.4953637011144, 54.720011666279262, 0.0 ], [ -112.495451666006502, 54.719530094968519, 0.0 ], [ -112.495047488872999, 54.719313769115061, 0.0 ], [ -112.494952570097794, 54.719254753320257, 0.0 ], [ -112.494673447130694, 54.719081204326827, 0.0 ], [ -112.494299409778506, 54.718848636623846, 0.0 ], [ -112.494327121222298, 54.718399544777199, 0.0 ], [ -112.494728864563299, 54.71818302043264, 0.0 ], [ -112.495130602128995, 54.717966493774398, 0.0 ], [ -112.495532335415803, 54.717749965732779, 0.0 ], [ -112.495560033659004, 54.717300873413237, 0.0 ], [ -112.495759858940602, 54.717209128725521, 0.0 ], [ -112.495991442401404, 54.717102801797338, 0.0 ], [ -112.495989450876195, 54.71663525041965, 0.0 ], [ -112.495989011508698, 54.716532308561113, 0.0 ], [ -112.495987459064395, 54.716167701704123, 0.0 ], [ -112.496418853615296, 54.715969627488313, 0.0 ], [ -112.496425761317397, 54.715507614590123, 0.0 ], [ -112.496848242043299, 54.715304001924792, 0.0 ], [ -112.496875923239898, 54.71485490897161, 0.0 ], [ -112.497277616105706, 54.714638374627363, 0.0 ], [ -112.4976793047488, 54.714421838001819, 0.0 ], [ -112.4980809890031, 54.714205301789562, 0.0 ], [ -112.498482669034701, 54.713988763296072, 0.0 ], [ -112.498884344788294, 54.713772223419561, 0.0 ], [ -112.499256881527003, 54.713528314982888, 0.0 ], [ -112.500064664329699, 54.71352357282877, 0.0 ], [ -112.500869815287899, 54.713561594347127, 0.0 ], [ -112.501143304017504, 54.7137686686848, 0.0 ], [ -112.501248522199006, 54.713769192028828, 0.0 ], [ -112.502375746033394, 54.713127669283921, 0.0 ], [ -112.5028601480129, 54.712588971800614, 0.0 ], [ -112.502861964770204, 54.712515086232628, 0.0 ], [ -112.5028569348529, 54.712045696694247, 0.0 ], [ -112.502868225652904, 54.711586453384903, 0.0 ], [ -112.502928477636104, 54.711157652395478, 0.0 ], [ -112.502939255729999, 54.711151840038909, 0.0 ], [ -112.502929280167393, 54.711004835207312, 0.0 ], [ -112.504491733113397, 54.710162338234348, 0.0 ], [ -112.506032782787898, 54.709917946075358, 0.0 ], [ -112.506113776936502, 54.70987426828399, 0.0 ], [ -112.506515371363506, 54.709657703034289, 0.0 ], [ -112.506916961623901, 54.709441134605846, 0.0 ], [ -112.507318545945907, 54.709224566559513, 0.0 ], [ -112.507720129203804, 54.709007995398302, 0.0 ], [ -112.508121706523497, 54.708791424619271, 0.0 ], [ -112.5085232796215, 54.708574851559753, 0.0 ], [ -112.508924846891702, 54.708358277086148, 0.0 ], [ -112.509199879873904, 54.708235105863231, 0.0 ], [ -112.5092341883269, 54.706790812735058, 0.0 ], [ -112.508633456324603, 54.706778461507248, 0.0 ], [ -112.5082594487845, 54.706545937712477, 0.0 ], [ -112.507857894696102, 54.706762510155848, 0.0 ], [ -112.507483891812996, 54.706529984013549, 0.0 ], [ -112.507109893261102, 54.706297455854482, 0.0 ], [ -112.506334341653201, 54.70628149574771, 0.0 ], [ -112.506370832970603, 54.705827585893672, 0.0 ], [ -112.505987921545, 54.7055998673289, 0.0 ], [ -112.505613941537703, 54.705367336524212, 0.0 ], [ -112.505239964310306, 54.705134803671008, 0.0 ], [ -112.504865991413794, 54.704902268801249, 0.0 ], [ -112.504492022737693, 54.704669733711299, 0.0 ], [ -112.504597566727199, 54.704612812851181, 0.0 ], [ -112.504893573341704, 54.70445317322605, 0.0 ], [ -112.505295119725304, 54.704236610460377, 0.0 ], [ -112.505696660282496, 54.704020046280597, 0.0 ], [ -112.506098199721293, 54.703803479884343, 0.0 ], [ -112.506499733223507, 54.703586913870417, 0.0 ], [ -112.506901262560604, 54.703370344677992, 0.0 ], [ -112.507302787512202, 54.703153775899921, 0.0 ], [ -112.506543356885501, 54.703129154029391, 0.0 ], [ -112.505719682420093, 54.703139177830828, 0.0 ], [ -112.505377845634797, 54.702889319392582, 0.0 ], [ -112.504635963587603, 54.702855226179402, 0.0 ], [ -112.503857424318497, 54.702840896699037, 0.0 ], [ -112.503058521104904, 54.702837545980557, 0.0 ], [ -112.502255541745299, 54.702836387546967, 0.0 ], [ -112.5014647856176, 54.702828634682113, 0.0 ], [ -112.501419730679004, 54.702827266563489, 0.0 ], [ -112.500702542003694, 54.702805499079368, 0.0 ], [ -112.500351019949605, 54.702560869921022, 0.0 ], [ -112.499977098738597, 54.70232832040432, 0.0 ], [ -112.499603181747105, 54.702095770667853, 0.0 ], [ -112.499229268975299, 54.701863220711587, 0.0 ], [ -112.498855360533497, 54.701630668739263, 0.0 ], [ -112.498481456366406, 54.701398115649013, 0.0 ], [ -112.498107556473997, 54.701165561440916, 0.0 ], [ -112.497733659305297, 54.700933006082963, 0.0 ], [ -112.497359768017205, 54.700700448741053, 0.0 ], [ -112.496985882443894, 54.700467892109771, 0.0 ], [ -112.496226510222101, 54.700443206139802, 0.0 ], [ -112.495402889853594, 54.700453160337879, 0.0 ], [ -112.495061141049902, 54.700203273612942, 0.0 ], [ -112.494263403679199, 54.700199266981883, 0.0 ], [ -112.493911848265199, 54.699954670779853, 0.0 ], [ -112.493537988045205, 54.699722101928508, 0.0 ], [ -112.493164132044001, 54.699489532857868, 0.0 ], [ -112.492790280316797, 54.699256962669708, 0.0 ], [ -112.491992562208594, 54.69925294127902, 0.0 ], [ -112.491641028734705, 54.699008337780867, 0.0 ], [ -112.4908683984101, 54.698947370929247, 0.0 ], [ -112.490090222775606, 54.698976215743308, 0.0 ], [ -112.489717816331805, 54.699223311660141, 0.0 ], [ -112.488894960594607, 54.699221245478881, 0.0 ], [ -112.488137839097405, 54.699160580889767, 0.0 ], [ -112.487764019532307, 54.698927996407299, 0.0 ], [ -112.487390204352195, 54.6986954090113, 0.0 ], [ -112.486614809481793, 54.698679323340208, 0.0 ], [ -112.485864896312293, 54.698663762459347, 0.0 ], [ -112.485839415323497, 54.698663233610361, 0.0 ], [ -112.485510233462406, 54.698406586701182, 0.0 ], [ -112.484690223449306, 54.698414543341578, 0.0 ], [ -112.484291562224399, 54.698837712400938, 0.0 ], [ -112.484243308639194, 54.69885492990263, 0.0 ], [ -112.483499331631194, 54.69883947677463, 0.0 ], [ -112.483097725561294, 54.699055966812509, 0.0 ], [ -112.482696115217493, 54.699272455467288, 0.0 ], [ -112.482294500599906, 54.699488942738959, 0.0 ], [ -112.481892881708305, 54.699705428627489, 0.0 ], [ -112.481871973649405, 54.700042805791327, 0.0 ], [ -112.481598706367905, 54.700276903910698, 0.0 ], [ -112.481576820326794, 54.700309878989877, 0.0 ], [ -112.480865704041506, 54.701381274893741, 0.0 ], [ -112.479915153504905, 54.702096247633257, 0.0 ], [ -112.478824378705497, 54.703123187315398, 0.0 ], [ -112.478625269579894, 54.703836432303603, 0.0 ], [ -112.477424626082495, 54.703151507585673, 0.0 ], [ -112.476387888530994, 54.702577894572208, 0.0 ], [ -112.4748298241323, 54.702085410352517, 0.0 ], [ -112.473501351190293, 54.702057711203651, 0.0 ], [ -112.473195841738203, 54.70222233902571, 0.0 ], [ -112.472420388065004, 54.702206161859571, 0.0 ], [ -112.472046632512104, 54.701973529631807, 0.0 ], [ -112.471906977625196, 54.701886604581958, 0.0 ], [ -112.471672881289606, 54.701740895389413, 0.0 ], [ -112.471299134341393, 54.701508260030558, 0.0 ], [ -112.470925391667606, 54.701275623555311, 0.0 ], [ -112.470149957409305, 54.701259432051828, 0.0 ], [ -112.469776222119407, 54.701026792082907, 0.0 ], [ -112.469402494261502, 54.700794150164327, 0.0 ], [ -112.468627070041506, 54.700777949912151, 0.0 ], [ -112.4678516466509, 54.700761743804662, 0.0 ], [ -112.467477930781698, 54.700529096946127, 0.0 ], [ -112.4671042192426, 54.700296448073267, 0.0 ], [ -112.466735540442698, 54.70006693041416, 0.0 ], [ -112.466730511865407, 54.700063799880617, 0.0 ], [ -112.466356808818006, 54.699831149673663, 0.0 ], [ -112.466645012267705, 54.699698881477872, 0.0 ], [ -112.466544519384797, 54.699290316583152, 0.0 ], [ -112.466785465835201, 54.698872218553191, 0.0 ], [ -112.466784846598202, 54.698698083771113, 0.0 ], [ -112.466922124466194, 54.698635079734593, 0.0 ], [ -112.466989826393899, 54.698517597492462, 0.0 ], [ -112.467135059168697, 54.6977498364379, 0.0 ], [ -112.466884492751902, 54.697593838999303, 0.0 ], [ -112.466528218573004, 54.697372027183533, 0.0 ], [ -112.465767488350295, 54.697126593141682, 0.0 ], [ -112.465339465564099, 54.697124341364429, 0.0 ], [ -112.464988111418606, 54.696879662295949, 0.0 ], [ -112.464614448721704, 54.696647007945501, 0.0 ], [ -112.464240788859001, 54.696414350650407, 0.0 ], [ -112.463970163043697, 54.696245846199197, 0.0 ], [ -112.463775316384101, 54.696174426856501, 0.0 ], [ -112.463094602192896, 54.696120550086249, 0.0 ], [ -112.4623164666571, 54.69614921685605, 0.0 ], [ -112.461914778476398, 54.696365636772491, 0.0 ], [ -112.461513084584297, 54.696582053476057, 0.0 ], [ -112.461886730078405, 54.696814719031572, 0.0 ], [ -112.462260379901593, 54.697047382573167, 0.0 ], [ -112.462634034053906, 54.697280044100893, 0.0 ], [ -112.463007690816397, 54.697512706276683, 0.0 ], [ -112.463403671738305, 54.69773334290231, 0.0 ], [ -112.463353319884405, 54.69819444823883, 0.0 ], [ -112.463754762763202, 54.698412145626428, 0.0 ], [ -112.463725739545296, 54.698861763372783, 0.0 ], [ -112.463661011283605, 54.699330617724137, 0.0 ], [ -112.463608181950804, 54.699793058865701, 0.0 ], [ -112.463614863960004, 54.700223438111642, 0.0 ], [ -112.463988554580297, 54.700456096636671, 0.0 ], [ -112.4635868318923, 54.700672520706533, 0.0 ], [ -112.463185103323397, 54.700888944257883, 0.0 ], [ -112.462370744211597, 54.701081734099887, 0.0 ], [ -112.461620231630505, 54.70108099833665, 0.0 ], [ -112.461592173596699, 54.701530079211167, 0.0 ], [ -112.461190427538895, 54.701746495951546, 0.0 ], [ -112.460788675712095, 54.701962910376892, 0.0 ], [ -112.460044374193799, 54.701966042752233, 0.0 ], [ -112.459237793909907, 54.701930392451317, 0.0 ], [ -112.458431213714405, 54.701894735863974, 0.0 ], [ -112.457686915269093, 54.701897853798478, 0.0 ], [ -112.457285143623395, 54.702114256387461, 0.0 ], [ -112.457258799038499, 54.702535175653168, 0.0 ], [ -112.457257036520005, 54.702563337472448, 0.0 ], [ -112.456855255937199, 54.702779738520732, 0.0 ], [ -112.456453472630798, 54.702996138216953, 0.0 ], [ -112.456425357087895, 54.703445217182697, 0.0 ], [ -112.457200824804005, 54.703461496915843, 0.0 ], [ -112.457172716920795, 54.703910577903592, 0.0 ], [ -112.457546401726603, 54.7041432561088, 0.0 ], [ -112.457603899039896, 54.704179055915972, 0.0 ], [ -112.457317294381895, 54.704577155540463, 0.0 ], [ -112.457150882460795, 54.704808298630162, 0.0 ], [ -112.457132066835698, 54.704818433156397, 0.0 ], [ -112.456714695036894, 54.705025138220797, 0.0 ], [ -112.455939197785398, 54.705008855067383, 0.0 ], [ -112.455163701367596, 54.704992566058017, 0.0 ], [ -112.454791779929195, 54.705227575502107, 0.0 ], [ -112.453971438752703, 54.705183356490281, 0.0 ], [ -112.453210886977303, 54.705176364289457, 0.0 ], [ -112.452838952826895, 54.705411365798653, 0.0 ], [ -112.452018610374296, 54.705367135343849, 0.0 ], [ -112.451258055937402, 54.705360129952332, 0.0 ], [ -112.450886108963005, 54.705595125322539, 0.0 ], [ -112.450065763797397, 54.705550881595691, 0.0 ], [ -112.449305208195199, 54.705543863944108, 0.0 ], [ -112.448931380075507, 54.705777690554029, 0.0 ], [ -112.448099825948404, 54.705726451519887, 0.0 ], [ -112.447725987743297, 54.705960274280137, 0.0 ], [ -112.447324124828398, 54.706176641849517, 0.0 ], [ -112.446922256030902, 54.706393008899049, 0.0 ], [ -112.446146737037196, 54.70637666279606, 0.0 ], [ -112.445744861630303, 54.706593025878931, 0.0 ], [ -112.445371221926095, 54.706360311800502, 0.0 ], [ -112.444997586440607, 54.706127597504981, 0.0 ], [ -112.444623955286801, 54.705894881196087, 0.0 ], [ -112.444250328408103, 54.705662163772047, 0.0 ], [ -112.443876705861001, 54.705429444334719, 0.0 ], [ -112.443101208641906, 54.705413078973407, 0.0 ], [ -112.442727594922303, 54.705180357873587, 0.0 ], [ -112.442750679387999, 54.704813640579111, 0.0 ], [ -112.442755863643299, 54.704731282924698, 0.0 ], [ -112.443222359813504, 54.70451629270778, 0.0 ], [ -112.4427841316393, 54.704282207034289, 0.0 ], [ -112.442772210504501, 54.703854768141362, 0.0 ], [ -112.4428406651177, 54.703384057817779, 0.0 ], [ -112.442467071321801, 54.703151334260767, 0.0 ], [ -112.441691618412193, 54.703134960336612, 0.0 ], [ -112.441318031948398, 54.702902234186681, 0.0 ], [ -112.441346315353897, 54.702453160492823, 0.0 ], [ -112.440570876439594, 54.702436779538637, 0.0 ], [ -112.440197302798495, 54.702204050044159, 0.0 ], [ -112.439853876284701, 54.701955093770437, 0.0 ], [ -112.4398332004574, 54.701955491397108, 0.0 ], [ -112.4390181661702, 54.701971153497922, 0.0 ], [ -112.438674748854197, 54.701722194868317, 0.0 ], [ -112.437902155883094, 54.701660888689943, 0.0 ], [ -112.437123901377504, 54.701689394082699, 0.0 ], [ -112.436746243561998, 54.701924635910302, 0.0 ], [ -112.435973502387995, 54.701932810308392, 0.0 ], [ -112.435167952368602, 54.701923933228308, 0.0 ], [ -112.434363437185993, 54.701898720798063, 0.0 ], [ -112.433593789579305, 54.701857888906353, 0.0 ], [ -112.433246800269004, 54.701607305453273, 0.0 ], [ -112.433165372120897, 54.701556565710483, 0.0 ], [ -112.432873279875594, 54.701374553936773, 0.0 ], [ -112.432112057894699, 54.701133582353442, 0.0 ], [ -112.431374749891603, 54.700855642590668, 0.0 ], [ -112.430575440297602, 54.700876163255742, 0.0 ], [ -112.430201550077498, 54.701109930640563, 0.0 ], [ -112.4293701205074, 54.70105856520594, 0.0 ], [ -112.428996221701695, 54.701292329670601, 0.0 ], [ -112.428220812422296, 54.701275869946777, 0.0 ], [ -112.427818893208894, 54.701492173213524, 0.0 ], [ -112.427416969721705, 54.701708475094193, 0.0 ], [ -112.427341452644598, 54.701749115467237, 0.0 ], [ -112.4270150420177, 54.701924774690589, 0.0 ], [ -112.426665463170394, 54.701655040889513, 0.0 ], [ -112.425866136503402, 54.701675529387103, 0.0 ], [ -112.425728928543094, 54.701516903309177, 0.0 ], [ -112.424258370264894, 54.702540703062603, 0.0 ], [ -112.423454459204294, 54.70297328108402, 0.0 ], [ -112.423425980605799, 54.703422350307903, 0.0 ], [ -112.424546449528805, 54.704120686761421, 0.0 ], [ -112.424517980291597, 54.704569755354008, 0.0 ], [ -112.425249607822494, 54.705010085608762, 0.0 ], [ -112.425668645511905, 54.705251860883557, 0.0 ], [ -112.425579892723604, 54.705733374001333, 0.0 ], [ -112.425729166311299, 54.705796483120352, 0.0 ], [ -112.425983559647193, 54.705949925690561, 0.0 ], [ -112.426357081128302, 54.70618269831909, 0.0 ], [ -112.426306297326803, 54.706643783083393, 0.0 ], [ -112.426702160970194, 54.706864538160083, 0.0 ], [ -112.426673714155996, 54.70731360823951, 0.0 ], [ -112.426271726108396, 54.707529905454052, 0.0 ], [ -112.425965606240695, 54.70769461478713, 0.0 ], [ -112.425759004697994, 54.707675183306883, 0.0 ], [ -112.425377068781899, 54.707639257331273, 0.0 ], [ -112.424605670716502, 54.707814480408551, 0.0 ], [ -112.422472250789596, 54.708072119202818, 0.0 ], [ -112.420623159083505, 54.708162929007472, 0.0 ], [ -112.419326059384701, 54.708057204744428, 0.0 ], [ -112.417920714818294, 54.70753262873658, 0.0 ], [ -112.416136382802193, 54.707312352151362, 0.0 ], [ -112.414458633275501, 54.707536889343778, 0.0 ], [ -112.413348878763401, 54.707542398559852, 0.0 ], [ -112.412657217312102, 54.707914413776862, 0.0 ], [ -112.411860943953798, 54.70788491387389, 0.0 ], [ -112.411479622110093, 54.708114095436663, 0.0 ], [ -112.410704093449098, 54.708097521386797, 0.0 ], [ -112.410306404208896, 54.708350635575371, 0.0 ], [ -112.410384857751296, 54.708673441013516, 0.0 ], [ -112.411231465877606, 54.709498566057263, 0.0 ], [ -112.410741037373896, 54.710138919014021, 0.0 ], [ -112.411013909402001, 54.710795582486419, 0.0 ], [ -112.411930324322498, 54.711231695850877, 0.0 ], [ -112.412208195109699, 54.71181036350918, 0.0 ], [ -112.411331853383103, 54.712156106884798, 0.0 ], [ -112.410902869338202, 54.712537439538828, 0.0 ], [ -112.411658323066902, 54.712809251457912, 0.0 ], [ -112.413491654309894, 54.713103492148321, 0.0 ], [ -112.413118272836996, 54.713337652080753, 0.0 ], [ -112.413379122990307, 54.713500241552893, 0.0 ], [ -112.413377247781298, 54.714899747079698, 0.0 ], [ -112.413750777940606, 54.715132559303093, 0.0 ], [ -112.414527854511903, 54.716337606828368, 0.0 ], [ -112.416060121863396, 54.71657182726549, 0.0 ], [ -112.417626071264607, 54.717518785743692, 0.0 ], [ -112.416467735583296, 54.721261124349681, 0.0 ], [ -112.4168672731562, 54.721696832757409, 0.0 ], [ -112.416798481851899, 54.722167523586442, 0.0 ], [ -112.417093021325101, 54.722165686874753, 0.0 ], [ -112.4170667880514, 54.722541676286042, 0.0 ], [ -112.417128435885701, 54.723526174771813, 0.0 ], [ -112.417710948658595, 54.724267520013107, 0.0 ], [ -112.419125128742607, 54.724662115128567, 0.0 ], [ -112.420517547500694, 54.72469176382684, 0.0 ], [ -112.421655328498701, 54.724481680859867, 0.0 ], [ -112.422126100289603, 54.723905324630699, 0.0 ], [ -112.422143559778704, 54.723630376604113, 0.0 ], [ -112.422524321181399, 54.723388443136507, 0.0 ], [ -112.423824698326698, 54.723449334356893, 0.0 ], [ -112.425807760112207, 54.723277826718132, 0.0 ], [ -112.426439116691498, 54.723272015319218, 0.0 ], [ -112.426841262389999, 54.723055719706082, 0.0 ], [ -112.427243403809101, 54.722839422705761, 0.0 ], [ -112.427645541005703, 54.722623123420107, 0.0 ], [ -112.428050042999303, 54.72236940273546, 0.0 ], [ -112.428421357281806, 54.722639592003972, 0.0 ], [ -112.428795045090595, 54.722872357451173, 0.0 ], [ -112.429197172849797, 54.722656054696031, 0.0 ], [ -112.429972992364199, 54.722672511595057, 0.0 ], [ -112.4299958649259, 54.722672998523862, 0.0 ], [ -112.430748810999503, 54.722688965296669, 0.0 ], [ -112.431130167100207, 54.722459723017757, 0.0 ], [ -112.431926742355103, 54.722489100250193, 0.0 ], [ -112.432328853056802, 54.722272786039888, 0.0 ], [ -112.432730956375906, 54.722056470376941, 0.0 ], [ -112.433133058519005, 54.721840153392911, 0.0 ], [ -112.4335159702852, 54.721585956590957, 0.0 ], [ -112.434310955661701, 54.721640264790373, 0.0 ], [ -112.434684668738001, 54.721873013266737, 0.0 ], [ -112.435058384598605, 54.722105759696838, 0.0 ], [ -112.435834195499993, 54.722122180746247, 0.0 ], [ -112.436181993582096, 54.722368874340233, 0.0 ], [ -112.437016049651405, 54.72235395315888, 0.0 ], [ -112.437821383982396, 54.722354479365293, 0.0 ], [ -112.438239831553702, 54.722599315229182, 0.0 ], [ -112.437731214565105, 54.72283681729192, 0.0 ], [ -112.437702869825301, 54.723285889096758, 0.0 ], [ -112.437243655283893, 54.723484150528172, 0.0 ], [ -112.437213179858702, 54.723966901617914, 0.0 ], [ -112.437646182649303, 54.724184032674607, 0.0 ], [ -112.438019938128704, 54.724416771225911, 0.0 ], [ -112.438393697888003, 54.72464950866155, 0.0 ], [ -112.438767461984, 54.724882244083453, 0.0 ], [ -112.439141230246605, 54.725114980185971, 0.0 ], [ -112.439515002845994, 54.725347714274619, 0.0 ], [ -112.439888779782294, 54.725580446349433, 0.0 ], [ -112.440648576093295, 54.72560549088854, 0.0 ], [ -112.4414727084378, 54.725595914538509, 0.0 ], [ -112.441814331510102, 54.725845949327812, 0.0 ], [ -112.442245320955706, 54.726067986170051, 0.0 ], [ -112.442296360197901, 54.726562749490832, 0.0 ], [ -112.442226035550803, 54.727026399704407, 0.0 ], [ -112.441792715237298, 54.727232570885263, 0.0 ], [ -112.4409535126252, 54.727176784858358, 0.0 ], [ -112.4408824792865, 54.727599259316968, 0.0 ], [ -112.440896889175903, 54.728074930136913, 0.0 ], [ -112.440466730876096, 54.728273816792921, 0.0 ], [ -112.440494483817403, 54.728757799713101, 0.0 ], [ -112.440064316191595, 54.728956685721123, 0.0 ], [ -112.440035990835995, 54.729405757888543, 0.0 ], [ -112.439633851638703, 54.729622097197193, 0.0 ], [ -112.439203670598005, 54.729820979982918, 0.0 ], [ -112.439231407448901, 54.730304962001419, 0.0 ], [ -112.438801217137694, 54.730503843240783, 0.0 ], [ -112.438399060422896, 54.7307201782316, 0.0 ], [ -112.438167273813306, 54.730844861789087, 0.0 ], [ -112.437996896322701, 54.730936511769798, 0.0 ], [ -112.437594731101399, 54.731152843088488, 0.0 ], [ -112.437587997858301, 54.731562973969879, 0.0 ], [ -112.437587144023098, 54.731614845215347, 0.0 ], [ -112.437392188968801, 54.731805706256722, 0.0 ], [ -112.437150020959095, 54.732042781253718, 0.0 ], [ -112.4372000839316, 54.732043839997758, 0.0 ], [ -112.437926024560497, 54.732059190039656, 0.0 ], [ -112.438299852769305, 54.732291928237892, 0.0 ], [ -112.438673685260099, 54.732524665320163, 0.0 ], [ -112.439047520480898, 54.732757401253657, 0.0 ], [ -112.439421363088002, 54.732990136136728, 0.0 ], [ -112.439795208425195, 54.733222869870978, 0.0 ], [ -112.440169058044603, 54.733455602489137, 0.0 ], [ -112.440542911946395, 54.733688333991182, 0.0 ], [ -112.440492244751397, 54.734149425041551, 0.0 ], [ -112.440888449003594, 54.734370136473537, 0.0 ], [ -112.440837786243407, 54.734831226788479, 0.0 ], [ -112.441234000446002, 54.735051938089342, 0.0 ], [ -112.441607874977294, 54.735284666470299, 0.0 ], [ -112.4415795616748, 54.735733737841997, 0.0 ], [ -112.441953444323602, 54.735966466118541, 0.0 ], [ -112.442327329759905, 54.736199192347897, 0.0 ], [ -112.442276678840003, 54.736660283253947, 0.0 ], [ -112.442672920115996, 54.736880990093887, 0.0 ], [ -112.442644616865394, 54.737330062618007, 0.0 ], [ -112.443018520260495, 54.737562785976543, 0.0 ], [ -112.443392427882301, 54.737795509116793, 0.0 ], [ -112.443766339731098, 54.738028232038708, 0.0 ], [ -112.444140254367895, 54.738260952913272, 0.0 ], [ -112.444514174840506, 54.738493672704038, 0.0 ], [ -112.444888099596795, 54.738726391378258, 0.0 ], [ -112.445731266823003, 54.738706692887703, 0.0 ], [ -112.446105200659701, 54.738939406995442, 0.0 ], [ -112.446009901177504, 54.73942453983593, 0.0 ], [ -112.446436716581303, 54.739640382217637, 0.0 ], [ -112.4464326288075, 54.740116944500741, 0.0 ], [ -112.446364407132904, 54.740400966043332, 0.0 ], [ -112.4453280033933, 54.740749818288784, 0.0 ], [ -112.444846033234896, 54.740912044193919, 0.0 ], [ -112.4446248057411, 54.740986504666587, 0.0 ], [ -112.444593229002095, 54.741054301039838, 0.0 ], [ -112.444344457222002, 54.741188110379092, 0.0 ], [ -112.443942220289003, 54.741404461683743, 0.0 ], [ -112.443913924736805, 54.741853535180823, 0.0 ], [ -112.444151962394102, 54.742001673205777, 0.0 ], [ -112.444063099741797, 54.742192453757667, 0.0 ], [ -112.443859097110405, 54.742288836900109, 0.0 ], [ -112.4437913886985, 54.742730833193548, 0.0 ], [ -112.443785194432195, 54.74278907322379, 0.0 ], [ -112.443659307143605, 54.743059324192771, 0.0 ], [ -112.443698540239296, 54.7442033512271, 0.0 ], [ -112.443706568979707, 54.744211005756028, 0.0 ], [ -112.443715945864497, 54.744560587506029, 0.0 ], [ -112.444118121224506, 54.744780690575922, 0.0 ], [ -112.444483160321695, 54.745018219964173, 0.0 ], [ -112.444742105957303, 54.745022031826309, 0.0 ], [ -112.444868931971897, 54.74508524448737, 0.0 ], [ -112.444467966438594, 54.745282439925333, 0.0 ], [ -112.443876139270401, 54.745573493049747, 0.0 ], [ -112.443745804863298, 54.74563759032997, 0.0 ], [ -112.443364207737503, 54.745867296178147, 0.0 ], [ -112.443086858055906, 54.746219826535253, 0.0 ], [ -112.442518817444906, 54.74652634092056, 0.0 ], [ -112.441950769755707, 54.746832853469982, 0.0 ], [ -112.441382711939497, 54.747139363219787, 0.0 ], [ -112.440814648710699, 54.747445869370061, 0.0 ], [ -112.440719280333298, 54.747497324099747, 0.0 ], [ -112.440213701493505, 54.747505962900142, 0.0 ], [ -112.439663590732195, 54.747188685472032, 0.0 ], [ -112.439154023812193, 54.746894782410443, 0.0 ], [ -112.438694850626206, 54.746845806887293, 0.0 ], [ -112.438534388548206, 54.746828691112214, 0.0 ], [ -112.438479667635804, 54.746607832364823, 0.0 ], [ -112.437703642901397, 54.746587793625253, 0.0 ], [ -112.437384147549494, 54.746579542555217, 0.0 ], [ -112.4373467501172, 54.746609967946249, 0.0 ], [ -112.437330151751794, 54.746623469534597, 0.0 ], [ -112.437018410030902, 54.746429447445287, 0.0 ], [ -112.436705829273194, 54.746234898645767, 0.0 ], [ -112.436644464682701, 54.746196704551423, 0.0 ], [ -112.436601502573595, 54.746196978574318, 0.0 ], [ -112.435827958622895, 54.746201917091092, 0.0 ], [ -112.435091920846006, 54.746163859992087, 0.0 ], [ -112.434717984482404, 54.745931111189613, 0.0 ], [ -112.4343440555662, 54.745698360438382, 0.0 ], [ -112.433970129269397, 54.745465610334243, 0.0 ], [ -112.433626380694406, 54.745216633576177, 0.0 ], [ -112.432789780873605, 54.745232642622383, 0.0 ], [ -112.432580035766804, 54.745080716909129, 0.0 ], [ -112.431936912971395, 54.744849555849392, 0.0 ], [ -112.431634699080305, 54.744740926702711, 0.0 ], [ -112.431508032358394, 54.74469539606784, 0.0 ], [ -112.431182462353306, 54.744652843649213, 0.0 ], [ -112.430405995466103, 54.744640506962703, 0.0 ], [ -112.429629527713004, 54.74462816437579, 0.0 ], [ -112.429361421424602, 54.744623901934212, 0.0 ], [ -112.428772857903198, 54.744783834702027, 0.0 ], [ -112.428751354505096, 54.744784114182067, 0.0 ], [ -112.428579055586297, 54.7446768483413, 0.0 ], [ -112.428178356999794, 54.744668346482079, 0.0 ], [ -112.427802818079002, 54.744660376346047, 0.0 ], [ -112.427428939334604, 54.744427606525598, 0.0 ], [ -112.427128865961294, 54.744240782110431, 0.0 ], [ -112.427012488425902, 54.744205799462797, 0.0 ], [ -112.426956320989802, 54.744188915345369, 0.0 ], [ -112.426728794454107, 54.744120521138854, 0.0 ], [ -112.425952310059301, 54.744108775053, 0.0 ], [ -112.425882950757895, 54.744107725585373, 0.0 ], [ -112.425948426608301, 54.762306057332736, 0.0 ], [ -112.446343059430006, 54.762306055299653, 0.0 ], [ -112.446343154328304, 55.023643166267611, 0.0 ], [ -112.740790649107197, 55.024008472101897, 0.0 ], [ -112.742144977693499, 55.021359670157807, 0.0 ], [ -112.742144976813293, 55.019989531020478, 0.0 ], [ -112.741109313127893, 55.018893387408461, 0.0 ], [ -112.7398346475739, 55.017340463086462, 0.0 ], [ -112.736408985744404, 55.015559096768847, 0.0 ], [ -112.733429377189196, 55.012866144218158, 0.0 ], [ -112.7303543284103, 55.009803366772907, 0.0 ], [ -112.729318660754402, 55.005783001629673, 0.0 ], [ -112.727486330061396, 55.004138190604152, 0.0 ], [ -112.724379334110907, 55.001488076317301, 0.0 ], [ -112.722069003581694, 55.000208647528567, 0.0 ], [ -112.718802674352503, 54.995501827229788, 0.0 ], [ -112.718404343014797, 54.99426790920068, 0.0 ], [ -112.717129677486597, 54.991754255448747, 0.0 ], [ -112.7130666825785, 54.988326291918227, 0.0 ], [ -112.712110683856906, 54.986955024148678, 0.0 ], [ -112.711951349201996, 54.985812265170168, 0.0 ], [ -112.711792015554707, 54.983160940021463, 0.0 ], [ -112.713624344769997, 54.981103755774683, 0.0 ], [ -112.721272330437102, 54.976394693049933, 0.0 ], [ -112.729716980724703, 54.972736787390417, 0.0 ], [ -112.734297807457395, 54.970953437859407, 0.0 ], [ -112.739237130810594, 54.969604440154058, 0.0 ], [ -112.745172286384204, 54.968461187905987, 0.0 ], [ -112.750549777055397, 54.967843817183301, 0.0 ], [ -112.754612768974297, 54.96736363321363, 0.0 ], [ -112.768634079088898, 54.967272167128442, 0.0 ], [ -112.774529401029994, 54.966883442100247, 0.0 ], [ -112.7778355628149, 54.966357513670573, 0.0 ], [ -112.784766550753005, 54.965900178260249, 0.0 ], [ -112.792334869584394, 54.965511439357037, 0.0 ], [ -112.796796197212004, 54.965991644654082, 0.0 ], [ -112.801337189295793, 54.967157832996008, 0.0 ], [ -112.805280683427199, 54.968666967701402, 0.0 ], [ -112.807989346266098, 54.969284324759407, 0.0 ], [ -112.809582676222107, 54.969467243722811, 0.0 ], [ -112.810897173015306, 54.969169999326212, 0.0 ], [ -112.812570170684197, 54.968941349521302, 0.0 ], [ -112.813924501787795, 54.96834685222629, 0.0 ], [ -112.8171111621687, 54.966837703957879, 0.0 ], [ -112.819102825247796, 54.965328499369008, 0.0 ], [ -112.820775820816493, 54.963704897920337, 0.0 ], [ -112.822767484020204, 54.962538608220342, 0.0 ], [ -112.824918481425996, 54.961669585658697, 0.0 ], [ -112.827666975047606, 54.961029241701468, 0.0 ], [ -112.835115795264002, 54.95997722524578, 0.0 ], [ -112.839816119409903, 54.960388886222162, 0.0 ], [ -112.842445116630998, 54.960388885439052, 0.0 ], [ -112.850650768932994, 54.96061758418255, 0.0 ], [ -112.8555104279733, 54.961166455085319, 0.0 ], [ -112.861087084137097, 54.962264177784228, 0.0 ], [ -112.866663742835001, 54.962081224818313, 0.0 ], [ -112.870647069224702, 54.961623841308992, 0.0 ], [ -112.876223725344403, 54.961715318227363, 0.0 ], [ -112.883553046286707, 54.96327039394864, 0.0 ], [ -112.887138040981597, 54.965191287384947, 0.0 ], [ -112.891838367813705, 54.96697489247331, 0.0 ], [ -112.895821694743802, 54.967935262323167, 0.0 ], [ -112.904107012405703, 54.96784379799751, 0.0 ], [ -112.904585032384205, 55.024373791188822, 0.0 ], [ -113.361611996356899, 55.02499023647843, 0.0 ], [ -113.360974630988807, 54.937947113223842, 0.0 ], [ -113.667531435564101, 54.936482553104291, 0.0 ], [ -113.666894039044095, 54.761823270240683, 0.0 ], [ -113.686014007353194, 54.762190991762843, 0.0 ], [ -113.685695276740702, 54.586960994284922, 0.0 ], [ -114.322330427136393, 54.58869203400485, 0.0 ], [ -114.322927925158396, 54.586568519802533, 0.0 ], [ -114.324202588684699, 54.585056602697342, 0.0 ], [ -114.325039087847003, 54.584433354245817, 0.0 ], [ -114.326273917813594, 54.583971681487597, 0.0 ], [ -114.328564330370696, 54.583117573813233, 0.0 ], [ -114.330794993967203, 54.582448125047932, 0.0 ], [ -114.332647240324604, 54.581732496063047, 0.0 ], [ -114.333782487854805, 54.581293877917581, 0.0 ], [ -114.334738485985795, 54.580728286149537, 0.0 ], [ -114.335535150529907, 54.580035712038942, 0.0 ], [ -114.3360928173731, 54.579389299860878, 0.0 ], [ -114.336252150260194, 54.578904483849847, 0.0 ], [ -114.336052981760403, 54.578188792723523, 0.0 ], [ -114.334499484793099, 54.576480317692628, 0.0 ], [ -114.3331451531363, 54.575002659133553, 0.0 ], [ -114.331392490402393, 54.573825113108803, 0.0 ], [ -114.330277157488496, 54.5733633210262, 0.0 ], [ -114.327249830415596, 54.57267062266115, 0.0 ], [ -114.319402676293606, 54.572324269290107, 0.0 ], [ -114.313308186011, 54.570800280042597, 0.0 ], [ -114.311714855003103, 54.569714978829062, 0.0 ], [ -114.3104800240137, 54.568444908566242, 0.0 ], [ -114.309763023867205, 54.567475010292377, 0.0 ], [ -114.3097630241421, 54.566574370623847, 0.0 ], [ -114.309683356846705, 54.56463446276387, 0.0 ], [ -114.310280854725093, 54.561008433238271, 0.0 ], [ -114.312670848788997, 54.558375318514827, 0.0 ], [ -114.319522166177705, 54.547979783595608, 0.0 ], [ -114.319681498031301, 54.542896557999427, 0.0 ], [ -114.315857503188795, 54.534022502289602, 0.0 ], [ -114.315777833418196, 54.530324410123541, 0.0 ], [ -114.317450829562802, 54.526625980813407, 0.0 ], [ -114.319681492128296, 54.523019691527317, 0.0 ], [ -114.325417477740601, 54.516546063935223, 0.0 ], [ -114.329082138774197, 54.513678843602243, 0.0 ], [ -114.334021461822402, 54.508221320716963, 0.0 ], [ -114.339438782784896, 54.503595729492908, 0.0 ], [ -114.347405436448099, 54.501375260160557, 0.0 ], [ -114.304385509968199, 54.501560308305841, 0.0 ], [ -114.304385478641905, 54.414126510824872, 0.0 ], [ -114.2769801921755, 54.414126513043747, 0.0 ], [ -114.276342797554193, 54.239443059381813, 0.0 ], [ -114.189665614942797, 54.239443070211948, 0.0 ], [ -114.189028262713805, 54.181485438507167, 0.0 ], [ -114.1527003266077, 54.181485442485368, 0.0 ], [ -114.1511069548894, 54.065139069785019, 0.0 ], [ -114.051683126615202, 54.065139081353699, 0.0 ], [ -114.051345651011999, 53.926627468233697, 0.0 ], [ -114.051654690962494, 53.926630182316757, 0.0 ], [ -114.051654615611596, 53.926402916034583, 0.0 ], [ -114.051654283559301, 53.925413134748212, 0.0 ], [ -114.051654101150604, 53.924864623687277, 0.0 ], [ -114.051653518978497, 53.923131488892153, 0.0 ], [ -114.051653107853099, 53.923131143949277, 0.0 ], [ -114.051652094115695, 53.920006891587157, 0.0 ], [ -114.051364400449401, 53.890382101895767, 0.0 ], [ -114.0516830540234, 53.854026976102041, 0.0 ], [ -114.125932257977894, 53.853839003923163, 0.0 ], [ -114.125901964192394, 53.835719267678137, 0.0 ], [ -114.125913368850206, 53.815560297486407, 0.0 ], [ -114.125920435568503, 53.802964261271192, 0.0 ], [ -114.125920451206895, 53.802937508903717, 0.0 ], [ -114.175400467218097, 53.802919610697032, 0.0 ], [ -114.174320523188598, 53.750488375462183, 0.0 ], [ -114.173600932615699, 53.71549802853071, 0.0 ], [ -114.222257909499405, 53.715608158187102, 0.0 ], [ -114.222273149830599, 53.711867067911577, 0.0 ], [ -114.222279540757896, 53.710297849304993, 0.0 ], [ -114.222288415424501, 53.708118526357453, 0.0 ], [ -114.222729036268305, 53.599269520413358, 0.0 ], [ -114.222582678499293, 53.596319711839932, 0.0 ], [ -114.222592196765802, 53.592793675969411, 0.0 ], [ -114.222650325539703, 53.571221405078091, 0.0 ], [ -114.222652769091496, 53.570313871293337, 0.0 ], [ -114.222653360062793, 53.570094084504753, 0.0 ], [ -114.222656733016095, 53.568840208547513, 0.0 ], [ -114.222716833462101, 53.546463322287742, 0.0 ], [ -114.222717098031794, 53.546364417026822, 0.0 ], [ -114.222749156034695, 53.534400644778302, 0.0 ], [ -114.221790156019907, 53.53232921471389, 0.0 ], [ -114.221641234061494, 53.53216273642176, 0.0 ], [ -114.220976769331898, 53.531419917516907, 0.0 ], [ -114.220903847287701, 53.53133839511333, 0.0 ], [ -114.216369794140903, 53.52626886933426, 0.0 ], [ -114.216367653109998, 53.526266474993697, 0.0 ], [ -114.216366825039302, 53.526262690028688, 0.0 ], [ -114.215817151550795, 53.52374983573818, 0.0 ], [ -114.216364950661998, 53.521718156118048, 0.0 ], [ -114.221659849685594, 53.514997174849221, 0.0 ], [ -114.221683765153799, 53.514942725446197, 0.0 ], [ -114.222606635259694, 53.5128415976586, 0.0 ], [ -114.222827675828, 53.512338314027488, 0.0 ], [ -114.222829349221996, 53.512334503995369, 0.0 ], [ -114.2228325894948, 53.509260891807337, 0.0 ], [ -114.222842064570898, 53.500255717087761, 0.0 ], [ -114.222846820247696, 53.495729595901111, 0.0 ], [ -114.222879749828394, 53.464226555782901, 0.0 ], [ -114.222890229086801, 53.454144201181457, 0.0 ], [ -114.222494163257295, 53.454144739417274, 0.0 ], [ -113.805688035959506, 53.453984149939991, 0.0 ], [ -113.805639097169305, 53.4131794102288, 0.0 ], [ -113.805630701068097, 53.406129039949413, 0.0 ], [ -113.805615853090501, 53.393690740848278, 0.0 ], [ -113.805601260905902, 53.381505124766569, 0.0 ], [ -113.805566607203403, 53.352720656456938, 0.0 ], [ -113.805546892447794, 53.33643651791364, 0.0 ], [ -113.805462668230206, 53.267612942473107, 0.0 ], [ -113.805461737179499, 53.266858113220287, 0.0 ], [ -113.805459486685805, 53.265034520177771, 0.0 ], [ -113.805458211084499, 53.264002548745182, 0.0 ], [ -113.805456845179805, 53.262896953531502, 0.0 ], [ -113.805456421792101, 53.262555115641042, 0.0 ], [ -113.805454988983001, 53.261396200693561, 0.0 ], [ -113.805452448840498, 53.259340861236318, 0.0 ], [ -113.805452269148304, 53.25919564370345, 0.0 ], [ -113.805451036095803, 53.258198622861343, 0.0 ], [ -113.805439698685404, 53.249044672126438, 0.0 ], [ -113.805406715114401, 53.222530683568252, 0.0 ], [ -113.805403489750105, 53.219946996269933, 0.0 ], [ -113.805397419809793, 53.215088701510197, 0.0 ], [ -113.805369532525404, 53.192844213102049, 0.0 ], [ -113.805368883360899, 53.192327684367832, 0.0 ], [ -113.805367879958396, 53.191529686406, 0.0 ], [ -113.805352444922406, 53.179274177689138, 0.0 ], [ -113.805327816414106, 53.159790646218212, 0.0 ], [ -113.805315666738196, 53.15021374178886, 0.0 ], [ -113.805266941994503, 53.112022588161828, 0.0 ], [ -113.805239382308301, 53.0905725698873, 0.0 ], [ -113.805160819633997, 53.030012555660498, 0.0 ], [ -113.805147650574099, 53.019945048106777, 0.0 ], [ -113.8051391054166, 53.019933303030413, 0.0 ], [ -113.803803440140001, 53.018960946067388, 0.0 ], [ -113.8011514761467, 53.017030161033837, 0.0 ], [ -113.801029531706007, 53.016941373191379, 0.0 ], [ -113.801029867636103, 53.016614397317028, 0.0 ], [ -113.801031517042006, 53.015003663261183, 0.0 ], [ -113.801045450030699, 53.001355688878547, 0.0 ], [ -113.801052397771898, 52.994520917250142, 0.0 ], [ -113.8010665871643, 52.980505388545822, 0.0 ], [ -113.801087351816193, 52.959849002258473, 0.0 ], [ -113.8011458597245, 52.900681254244148, 0.0 ], [ -113.801201135720405, 52.843402399302278, 0.0 ], [ -113.7991068806855, 52.843392297915777, 0.0 ], [ -113.777196351910206, 52.843284386201752, 0.0 ], [ -113.753406091909596, 52.84329471644849, 0.0 ], [ -113.713680246610494, 52.843301337714237, 0.0 ], [ -113.644165607180796, 52.843280941721801, 0.0 ], [ -113.643679985162507, 52.843280655722893, 0.0 ], [ -113.632344917913599, 52.843273422995161, 0.0 ], [ -113.543734517938105, 52.843331795675233, 0.0 ], [ -113.4786039334127, 52.84333252265322, 0.0 ], [ -113.462797562098004, 52.843327310990936, 0.0 ], [ -113.442724493409798, 52.843317658588468, 0.0 ], [ -113.440002565834902, 52.843316087992058, 0.0 ], [ -113.439119252020703, 52.843315565108853, 0.0 ], [ -113.414543430503599, 52.843298378156852, 0.0 ], [ -113.402701656210795, 52.843298952977683, 0.0 ], [ -113.374532784454402, 52.84329557238302, 0.0 ], [ -113.342010613234294, 52.843283355926737, 0.0 ], [ -113.341693580476203, 52.843283585339897, 0.0 ], [ -113.330643747414896, 52.843291043563227, 0.0 ], [ -113.269331058206006, 52.843313738643943, 0.0 ], [ -113.213553436167203, 52.843306872600301, 0.0 ], [ -113.196924821817007, 52.843299753277257, 0.0 ], [ -113.075683688061901, 52.843298875322603, 0.0 ], [ -113.056793390826897, 52.843287586675643, 0.0 ], [ -113.051938748151898, 52.843284200154933, 0.0 ], [ -113.017923273652798, 52.843292304629159, 0.0 ], [ -113.003618268125507, 52.843292801466283, 0.0 ], [ -112.977157076635194, 52.84328917437356, 0.0 ], [ -112.964576099969094, 52.8432853817337, 0.0 ], [ -112.962973537812104, 52.843284801865799, 0.0 ], [ -112.326278318459501, 52.842962169935227, 0.0 ], [ -112.326344750045195, 52.980235808656069, 0.0 ], [ -112.326384595657402, 53.017905024136667, 0.0 ], [ -112.249682920156005, 53.017958827505822, 0.0 ], [ -112.249272911663297, 53.018378788597097, 0.0 ], [ -112.247315385067694, 53.020383718521572, 0.0 ], [ -112.247268118411199, 53.020432131627963, 0.0 ], [ -112.246460900811698, 53.021562750980429, 0.0 ], [ -112.246141725436701, 53.022191589499108, 0.0 ], [ -112.245845410864703, 53.023306835264549, 0.0 ], [ -112.245760320332494, 53.023972312498827, 0.0 ], [ -112.245731681922095, 53.024746595674699, 0.0 ], [ -112.2457184442939, 53.025104344029771, 0.0 ], [ -112.245739431391101, 53.026172899091357, 0.0 ], [ -112.245750367705, 53.026729570769902, 0.0 ], [ -112.245736742060799, 53.029205673694833, 0.0 ], [ -112.245735392991904, 53.029451428141712, 0.0 ], [ -112.245730200302305, 53.030394660999391, 0.0 ], [ -112.245792128570002, 53.032482222026552, 0.0 ], [ -112.245786904639104, 53.032616274135641, 0.0 ], [ -112.245746763087197, 53.033646125701154, 0.0 ], [ -112.245727866695404, 53.034130822448553, 0.0 ], [ -112.245736654812802, 53.038866744887478, 0.0 ], [ -112.245739332385298, 53.040308810304147, 0.0 ], [ -112.245752307703796, 53.046963526509067, 0.0 ], [ -112.245714130112304, 53.053394243204707, 0.0 ], [ -112.245716458937494, 53.05443088195539, 0.0 ], [ -112.245722950935999, 53.057318791454357, 0.0 ], [ -112.245707145242406, 53.058463797869983, 0.0 ], [ -112.245665029764794, 53.061513463585392, 0.0 ], [ -112.2456648671008, 53.06154810901532, 0.0 ], [ -112.245654455629406, 53.063731843799133, 0.0 ], [ -112.245704234371303, 53.076053064028393, 0.0 ], [ -112.245664390752907, 53.079582954188929, 0.0 ], [ -112.245663655159703, 53.0807414231747, 0.0 ], [ -112.245657876923403, 53.089782368586448, 0.0 ], [ -112.245654118583502, 53.095706581263002, 0.0 ], [ -112.245654073428696, 53.095776316399267, 0.0 ], [ -112.245653273061905, 53.097031787419979, 0.0 ], [ -112.245653002874704, 53.097452376051031, 0.0 ], [ -112.245652472944002, 53.098290272726381, 0.0 ], [ -112.245655692685801, 53.0985021375445, 0.0 ], [ -112.245695190755498, 53.101100013546933, 0.0 ], [ -112.245718824151098, 53.102654284455006, 0.0 ], [ -112.245708456075505, 53.104197562949501, 0.0 ], [ -112.245701927997303, 53.105169110462093, 0.0 ], [ -112.245696552507397, 53.109362260604641, 0.0 ], [ -112.2456962968363, 53.109563981978233, 0.0 ], [ -112.2456887396186, 53.115438817156488, 0.0 ], [ -112.245686775894598, 53.116962673351999, 0.0 ], [ -112.245689338542107, 53.120455016032459, 0.0 ], [ -112.245693660887298, 53.121152409965759, 0.0 ], [ -112.245718005235204, 53.125147790578033, 0.0 ], [ -112.245718895212505, 53.126959222042757, 0.0 ], [ -112.245718909592298, 53.126989430979322, 0.0 ], [ -112.245720180551999, 53.129561739526181, 0.0 ], [ -112.245721045608505, 53.131341810230147, 0.0 ], [ -112.245721317123596, 53.131892913373591, 0.0 ], [ -112.245722497851702, 53.134272783242977, 0.0 ], [ -112.245711484280207, 53.138548590906247, 0.0 ], [ -112.245704183609703, 53.141385790441149, 0.0 ], [ -112.245704144959504, 53.141462159660783, 0.0 ], [ -112.245704093083603, 53.141571920707356, 0.0 ], [ -112.245703461850994, 53.142938720134183, 0.0 ], [ -112.245701920900501, 53.146245359903403, 0.0 ], [ -112.245700966235802, 53.148291055170091, 0.0 ], [ -112.245700534668202, 53.149217056222668, 0.0 ], [ -112.245699734706506, 53.150947346537002, 0.0 ], [ -112.2456997222084, 53.150965113683867, 0.0 ], [ -112.245698510718299, 53.153581810866662, 0.0 ], [ -112.245696812793597, 53.153734172419369, 0.0 ], [ -112.245681897320594, 53.155072798293311, 0.0 ], [ -112.245703377711905, 53.16331902492265, 0.0 ], [ -112.245693856183294, 53.164657934998779, 0.0 ], [ -112.245691539396702, 53.18185377348221, 0.0 ], [ -112.245697288622097, 53.187683046410577, 0.0 ], [ -112.2457002900872, 53.190734658487038, 0.0 ], [ -112.245701953813494, 53.192432884626591, 0.0 ], [ -112.245705764436096, 53.195434218778963, 0.0 ], [ -112.245706646019002, 53.196129478822662, 0.0 ], [ -112.245711674072894, 53.19981058218233, 0.0 ], [ -112.245713619203102, 53.201238373722788, 0.0 ], [ -112.245720229817493, 53.206097944184499, 0.0 ], [ -112.2457223796536, 53.207211930581337, 0.0 ], [ -112.245722527004006, 53.208634078468911, 0.0 ], [ -112.245699915904595, 53.210951363703153, 0.0 ], [ -112.245704405798904, 53.21218113786832, 0.0 ], [ -112.245718407339197, 53.216016660490219, 0.0 ], [ -112.245720538016897, 53.218282821423728, 0.0 ], [ -112.245722493054203, 53.221539499328678, 0.0 ], [ -112.245718434352, 53.224392461402523, 0.0 ], [ -112.245717694387395, 53.224911867168387, 0.0 ], [ -112.2457163922207, 53.225825132539534, 0.0 ], [ -112.245709657325193, 53.23056773889293, 0.0 ], [ -112.245709199215995, 53.230888641693412, 0.0 ], [ -112.245710968156004, 53.231159158432433, 0.0 ], [ -112.245720438717797, 53.232606397563252, 0.0 ], [ -112.245734896564699, 53.233299855092298, 0.0 ], [ -112.245734613791498, 53.233323281239691, 0.0 ], [ -112.245728103904696, 53.233859093225703, 0.0 ], [ -112.245728014229798, 53.233866441471307, 0.0 ], [ -112.245725785679497, 53.234049332914267, 0.0 ], [ -112.245718885041001, 53.234709513710868, 0.0 ], [ -112.245716077819907, 53.234977596433303, 0.0 ], [ -112.245710897966305, 53.235386855455161, 0.0 ], [ -112.245698741430701, 53.236205371468927, 0.0 ], [ -112.245718085734595, 53.237387912636272, 0.0 ], [ -112.245693635563697, 53.240567861855872, 0.0 ], [ -112.245695615753107, 53.241519482084072, 0.0 ], [ -112.245699649497197, 53.243457630432147, 0.0 ], [ -112.245700817239694, 53.244018623430406, 0.0 ], [ -112.245712545932506, 53.24813361582882, 0.0 ], [ -112.245717881203404, 53.250007236571157, 0.0 ], [ -112.245725161574697, 53.250645327747371, 0.0 ], [ -112.245700942370206, 53.252387842858482, 0.0 ], [ -112.245733721698699, 53.255575669495087, 0.0 ], [ -112.245725453898501, 53.259872985521199, 0.0 ], [ -112.245700563553697, 53.264084850891763, 0.0 ], [ -112.245689185263103, 53.266009812272927, 0.0 ], [ -112.245690270520797, 53.267976928498399, 0.0 ], [ -112.245693211698693, 53.273359761255072, 0.0 ], [ -112.245695128475205, 53.274848755110568, 0.0 ], [ -112.245695491674397, 53.275283206334308, 0.0 ], [ -112.2456969503517, 53.27705854782198, 0.0 ], [ -112.245686150505506, 53.27830946096158, 0.0 ], [ -112.245682576899696, 53.278723387574153, 0.0 ], [ -112.245677937348901, 53.279260367744399, 0.0 ], [ -112.245673536287299, 53.279770425169303, 0.0 ], [ -112.245672996913498, 53.279853361698358, 0.0 ], [ -112.245663724962299, 53.281268380671627, 0.0 ], [ -112.245634482160099, 53.285733168147971, 0.0 ], [ -112.2456322363727, 53.286075323424363, 0.0 ], [ -112.245633804581402, 53.288074361930633, 0.0 ], [ -112.245635361159003, 53.290063781602932, 0.0 ], [ -112.245635466317594, 53.290196235440931, 0.0 ], [ -112.245635487917298, 53.290223864878342, 0.0 ], [ -112.245607252723204, 53.295787607824117, 0.0 ], [ -112.245640131932504, 53.299318485108131, 0.0 ], [ -112.245624085556898, 53.299890058899038, 0.0 ], [ -112.245590434817998, 53.301477265732153, 0.0 ], [ -112.245605838360703, 53.308850646931468, 0.0 ], [ -112.245614858029498, 53.310294479479609, 0.0 ], [ -112.245659920630104, 53.310485369493307, 0.0 ], [ -112.245592638948807, 53.314059569889316, 0.0 ], [ -112.245604846776601, 53.316864806986679, 0.0 ], [ -112.245613697082803, 53.318899932041347, 0.0 ], [ -112.245607138824795, 53.320140551175967, 0.0 ], [ -112.245590648603098, 53.323255796585059, 0.0 ], [ -112.245625234940306, 53.324593357566563, 0.0 ], [ -112.245632430655505, 53.32487154538007, 0.0 ], [ -112.245601432110604, 53.329808216557737, 0.0 ], [ -112.245601960484606, 53.33012756471291, 0.0 ], [ -112.245608606836498, 53.334167093993152, 0.0 ], [ -112.245582343136505, 53.337912229969987, 0.0 ], [ -112.245633893680093, 53.343442881890311, 0.0 ], [ -112.2456408748873, 53.344404830043501, 0.0 ], [ -112.245645740724001, 53.347987862690857, 0.0 ], [ -112.245625437546906, 53.349060759181747, 0.0 ], [ -112.245625812928793, 53.349980023420272, 0.0 ], [ -112.245627155109702, 53.353293263381211, 0.0 ], [ -112.245627232316195, 53.353474585218002, 0.0 ], [ -112.245605572398503, 53.364998018708008, 0.0 ], [ -112.245601812020197, 53.366990773354267, 0.0 ], [ -112.245377133430495, 53.396006595142609, 0.0 ], [ -112.263434881858302, 53.396133269297273, 0.0 ], [ -112.263647334793902, 53.425258766557477, 0.0 ], [ -112.325468560731295, 53.425258759246759, 0.0 ], [ -112.337603464915802, 53.425212933805717, 0.0 ], [ -112.336397372988301, 53.570685596125237, 0.0 ], [ -112.790841538382594, 53.570664899459253, 0.0 ], [ -112.794137029752406, 53.570825915307047, 0.0 ], [ -112.796747699288204, 53.571072598720278, 0.0 ], [ -112.797189184723905, 53.571116980657393, 0.0 ], [ -112.797357782120898, 53.571141751463159, 0.0 ], [ -112.798902979541495, 53.571355405351632, 0.0 ], [ -112.800422104766994, 53.57160827753718, 0.0 ], [ -112.8034951151852, 53.572122275776991, 0.0 ], [ -112.803520885988604, 53.541529788501087, 0.0 ], [ -112.803390799382399, 53.514913521388877, 0.0 ], [ -112.814672283080498, 53.514472752612868, 0.0 ], [ -112.8220333149672, 53.513743694404603, 0.0 ], [ -112.826181265524298, 53.515874463016033, 0.0 ], [ -112.833555157861895, 53.51676318227431, 0.0 ], [ -112.836671784451497, 53.517895098755332, 0.0 ], [ -112.8404925126557, 53.518395876837779, 0.0 ], [ -112.853281001758702, 53.515716722590511, 0.0 ], [ -112.857689297952405, 53.51303015279354, 0.0 ], [ -112.863272601838403, 53.514146447348331, 0.0 ], [ -112.876901706717604, 53.511313398512101, 0.0 ], [ -112.883433042998902, 53.51146149508223, 0.0 ], [ -112.9002958467551, 53.516417041948927, 0.0 ], [ -112.902483213866404, 53.51847463120081, 0.0 ], [ -112.915641678329095, 53.519498375582998, 0.0 ], [ -112.9285788741348, 53.520072067616759, 0.0 ], [ -112.938323477864401, 53.52123436897773, 0.0 ], [ -112.945596258655499, 53.524287111440522, 0.0 ], [ -112.950856635656393, 53.525623094053259, 0.0 ], [ -112.950979432806307, 53.570446644256528, 0.0 ] ] ] ] } }
]
}
