{
"type": "FeatureCollection",
"name": "Name_Calgary Region Airshed Zone",
"crs": { "type": "name", "properties": { "name": "urn:ogc:def:crs:OGC:1.3:CRS84" } },
"xy_coordinate_resolution": 1e-15,
"features": [
{ "type": "Feature", "properties": { "Name": "Calgary Region Airshed Zone", "description": "<html xmlns:fo=\"http://www.w3.org/1999/XSL/Format\" xmlns:msxsl=\"urn:schemas-microsoft-com:xslt\">\n\n<head>\n\n<META http-equiv=\"Content-Type\" content=\"text/html\">\n\n<meta http-equiv=\"content-type\" content=\"text/html; charset=UTF-8\">\n\n</head>\n\n<body style=\"margin:0px 0px 0px 0px;overflow:auto;background:#FFFFFF;\">\n\n<table style=\"font-family:Arial,Verdana,Times;font-size:12px;text-align:left;width:100%;border-collapse:collapse;padding:3px 3px 3px 3px\">\n\n<tr style=\"text-align:center;font-weight:bold;background:#9CBCE2\">\n\n<td>Calgary Region Airshed Zone</td>\n\n</tr>\n\n<tr>\n\n<td>\n\n<table style=\"font-family:Arial,Verdana,Times;font-size:12px;text-align:left;width:100%;border-spacing:0px; padding:3px 3px 3px 3px\">\n\n<tr>\n\n<td>FID</td>\n\n<td>4</td>\n\n</tr>\n\n<tr bgcolor=\"#D4E4F3\">\n\n<td>Name</td>\n\n<td>Calgary Region Airshed Zone</td>\n\n</tr>\n\n<tr>\n\n<td>Abrreviati</td>\n\n<td>CRAZ</td>\n\n</tr>\n\n<tr bgcolor=\"#D4E4F3\">\n\n<td>YrCreated</td>\n\n<td>2008</td>\n\n</tr>\n\n<tr>\n\n<td>Shape_Leng</td>\n\n<td>1182869.22668</td>\n\n</tr>\n\n<tr bgcolor=\"#D4E4F3\">\n\n<td>Shape_Le_1</td>\n\n<td>1182869.22668</td>\n\n</tr>\n\n</table>\n\n</td>\n\n</tr>\n\n</table>\n\n</body><script type=\"text/javascript\">\n\n\t\t\t\tfunction changeImage(attElement, nameElement) {\n\n\t\t\t\tdocument.getElementById('imageAttachment').src = attElement;\n\n\t\t\t\tdocument.getElementById('imageName').innerHTML = nameElement;}\n\n\t\t\t</script></html>\n\n", "timestamp": null, "begin": null, "end": null, "altitudeMode": "clampToGround", "tessellate": -1, "extrude": 0, "visibility": -1, "drawOrder": null, "icon": null }, "geometry": { "type": "MultiPolygon", "coordinates": [ [ [ [ -116.382950129509695, 51.53266143968785, 0.0 ], [ -116.382942200010405, 51.532649989671292, 0.0 ], [ -116.382110600559301, 51.531017299620977, 0.0 ], [ -116.3833694506272, 51.529636380376203, 0.0 ], [ -116.387863159552495, 51.527435299684903, 0.0 ], [ -116.395370480665704, 51.525535579701788, 0.0 ], [ -116.393577580708197, 51.522441860100763, 0.0 ], [ -116.393463129872302, 51.517971040223081, 0.0 ], [ -116.394737240549702, 51.51487732021247, 0.0 ], [ -116.396308899445799, 51.512565609873228, 0.0 ], [ -116.395317080704999, 51.509483340220051, 0.0 ], [ -116.393867489376504, 51.505668639612097, 0.0 ], [ -116.392509459310205, 51.504455569667137, 0.0 ], [ -116.389549261680401, 51.500076290254967, 0.0 ], [ -116.388206479931398, 51.499942780161078, 0.0 ], [ -116.384399409306198, 51.492683410082982, 0.0 ], [ -116.379821780623104, 51.488349909932772, 0.0 ], [ -116.368972780506098, 51.48301315021294, 0.0 ], [ -116.367927550278196, 51.478599550127392, 0.0 ], [ -116.3619918800335, 51.473651889756738, 0.0 ], [ -116.360641479413204, 51.47087479034542, 0.0 ], [ -116.346603389329104, 51.469535830437749, 0.0 ], [ -116.338043209423205, 51.464294430218317, 0.0 ], [ -116.322326659622306, 51.462455749839471, 0.0 ], [ -116.318382260407901, 51.46317291027669, 0.0 ], [ -116.317001340526801, 51.465080260016997, 0.0 ], [ -116.315063479873103, 51.465572360139653, 0.0 ], [ -116.308708189611295, 51.462783809587613, 0.0 ], [ -116.292480470187201, 51.461811070011798, 0.0 ], [ -116.290489200549004, 51.461181639806782, 0.0 ], [ -116.285545367093206, 51.45565284991693, 0.0 ], [ -116.2861844727218, 51.454657238276823, 0.0 ], [ -116.285651884103999, 51.453860732779958, 0.0 ], [ -116.286290990294006, 51.452400437561963, 0.0 ], [ -116.285971437427605, 51.450342669710338, 0.0 ], [ -116.288634381839302, 51.449612471599657, 0.0 ], [ -116.2867170621181, 51.436134904390862, 0.0 ], [ -116.294273380257493, 51.429943079822557, 0.0 ], [ -116.293266300002202, 51.425590519929123, 0.0 ], [ -116.287879940216001, 51.418663020438878, 0.0 ], [ -116.285102839788806, 51.412071230165317, 0.0 ], [ -116.282516479356303, 51.406845089606577, 0.0 ], [ -116.284309390030302, 51.406814580324813, 0.0 ], [ -116.286247249477498, 51.405616759948273, 0.0 ], [ -116.292526249674907, 51.403602600026332, 0.0 ], [ -116.293731689806407, 51.401599879606103, 0.0 ], [ -116.293136600261604, 51.399272920278079, 0.0 ], [ -116.291862489324004, 51.397220609829091, 0.0 ], [ -116.298332210509599, 51.391971589844452, 0.0 ], [ -116.3082427993278, 51.385925290346059, 0.0 ], [ -116.311462399585196, 51.384967799720897, 0.0 ], [ -116.305809020123306, 51.377262119710259, 0.0 ], [ -116.302658079433499, 51.371330259859377, 0.0 ], [ -116.300247189678203, 51.37094497983351, 0.0 ], [ -116.298599240287103, 51.36909484941441, 0.0 ], [ -116.293426509347796, 51.364845279750803, 0.0 ], [ -116.2905731195996, 51.363582609638406, 0.0 ], [ -116.289001459747297, 51.364120479607799, 0.0 ], [ -116.277732850377703, 51.361732479809397, 0.0 ], [ -116.279876709856595, 51.359630581160303, 0.0 ], [ -116.277259829984601, 51.354698179845947, 0.0 ], [ -116.282310490675002, 51.35094069981907, 0.0 ], [ -116.283462520686797, 51.348880760131159, 0.0 ], [ -116.290039059433795, 51.343109130010028, 0.0 ], [ -116.288900676954498, 51.340615888813971, 0.0 ], [ -116.288314828776194, 51.337854373711217, 0.0 ], [ -116.287675722611496, 51.335658351689482, 0.0 ], [ -116.286930098318805, 51.334027903868012, 0.0 ], [ -116.285087589308006, 51.333423609727923, 0.0 ], [ -116.282371520084894, 51.332195279711293, 0.0 ], [ -116.282608030898999, 51.331501005619501, 0.0 ], [ -116.281272889343796, 51.330139149841521, 0.0 ], [ -116.278892520182694, 51.329254139890509, 0.0 ], [ -116.274803160047199, 51.328163139719138, 0.0 ], [ -116.274597170215401, 51.319431300149397, 0.0 ], [ -116.269096370631402, 51.316150660037081, 0.0 ], [ -116.268013000279396, 51.311931599757393, 0.0 ], [ -116.259971619416604, 51.309787740321887, 0.0 ], [ -116.256752010502495, 51.30812454036603, 0.0 ], [ -116.255233760526707, 51.307514180344192, 0.0 ], [ -116.248992919530707, 51.304988860075341, 0.0 ], [ -116.245506290006901, 51.302398679665536, 0.0 ], [ -116.2433776896751, 51.301380150433573, 0.0 ], [ -116.236022949827003, 51.302745810378973, 0.0 ], [ -116.232673651003296, 51.301750179634368, 0.0 ], [ -116.228469849758397, 51.301891319864907, 0.0 ], [ -116.227096559646398, 51.301528920225209, 0.0 ], [ -116.226631159560299, 51.299736020030537, 0.0 ], [ -116.223220829959303, 51.298122399912153, 0.0 ], [ -116.220520019893698, 51.294979089994477, 0.0 ], [ -116.219093320202703, 51.294494619884773, 0.0 ], [ -116.219032290599998, 51.291603080061883, 0.0 ], [ -116.216667180475497, 51.292484279946983, 0.0 ], [ -116.209899900707796, 51.294864650386167, 0.0 ], [ -116.206771850615397, 51.296150199953907, 0.0 ], [ -116.203369139988396, 51.29523849030403, 0.0 ], [ -116.2008209199021, 51.29637907955729, 0.0 ], [ -116.197723389584297, 51.299636829863893, 0.0 ], [ -116.188507079474704, 51.301464069914452, 0.0 ], [ -116.186416629888299, 51.298381799883863, 0.0 ], [ -116.182640080215094, 51.296363820305793, 0.0 ], [ -116.182136539713895, 51.295425410132523, 0.0 ], [ -116.179428100509497, 51.295402519687741, 0.0 ], [ -116.174140930411895, 51.297374720072582, 0.0 ], [ -116.168006899614298, 51.297145839667643, 0.0 ], [ -116.164131159322807, 51.297771449906897, 0.0 ], [ -116.160179139406097, 51.296009060081573, 0.0 ], [ -116.159782409685306, 51.292217250065363, 0.0 ], [ -116.157989499985703, 51.290119169821253, 0.0 ], [ -116.155311580396102, 51.288246150380168, 0.0 ], [ -116.151557920588601, 51.287139890220629, 0.0 ], [ -116.152847289524999, 51.283348079882693, 0.0 ], [ -116.155586240085995, 51.280750270355213, 0.0 ], [ -116.159126280171705, 51.275791160372883, 0.0 ], [ -116.157409670253998, 51.272754659639851, 0.0 ], [ -116.155731199397806, 51.27048873031984, 0.0 ], [ -116.154037479480095, 51.268016809696199, 0.0 ], [ -116.153236389952099, 51.263408659917111, 0.0 ], [ -116.148651119304304, 51.264705649609681, 0.0 ], [ -116.144142149992305, 51.264709471187388, 0.0 ], [ -116.134361270821103, 51.260520929745446, 0.0 ], [ -116.125129700072307, 51.259307859632187, 0.0 ], [ -116.122329709580896, 51.25774763988224, 0.0 ], [ -116.119453430512607, 51.255359639805327, 0.0 ], [ -116.115913389478195, 51.256076810135617, 0.0 ], [ -116.114509580182997, 51.25635527983605, 0.0 ], [ -116.114646909990299, 51.255332945013834, 0.0 ], [ -116.111671449863294, 51.253322600332908, 0.0 ], [ -116.100807190094699, 51.25166702010376, 0.0 ], [ -116.091812129920001, 51.250820150019813, 0.0 ], [ -116.089332579545399, 51.25186919991512, 0.0 ], [ -116.081306459795101, 51.251831050120103, 0.0 ], [ -116.076789860422593, 51.250064840036522, 0.0 ], [ -116.074256899633795, 51.249076839662322, 0.0 ], [ -116.065170290273997, 51.247894280961411, 0.0 ], [ -116.059677120551697, 51.239196769976992, 0.0 ], [ -116.050827029819303, 51.229194640106513, 0.0 ], [ -116.049240110295798, 51.227397909623903, 0.0 ], [ -116.026649480476294, 51.219844810424298, 0.0 ], [ -116.0250396694247, 51.221027370168699, 0.0 ], [ -116.021392819410906, 51.222366329709843, 0.0 ], [ -116.016532899708906, 51.223583220353177, 0.0 ], [ -116.011177059829706, 51.222343440074241, 0.0 ], [ -116.007583620585095, 51.221973409728257, 0.0 ], [ -116.004936220410201, 51.218181599712189, 0.0 ], [ -116.002037049293605, 51.215377800323139, 0.0 ], [ -116.004898070345504, 51.212966910086053, 0.0 ], [ -116.006507869437698, 51.210723870260729, 0.0 ], [ -116.006362920341303, 51.208713530163358, 0.0 ], [ -116.004028320638, 51.207881919580743, 0.0 ], [ -116.0043487495101, 51.204128259624838, 0.0 ], [ -116.003936769881904, 51.202957149771933, 0.0 ], [ -116.001312260102793, 51.198459620003753, 0.0 ], [ -115.999999999571997, 51.195388789896391, 0.0 ], [ -115.999923710534503, 51.195205679643202, 0.0 ], [ -115.999999999625402, 51.19391249878089, 0.0 ], [ -116.001663209559396, 51.192893980016343, 0.0 ], [ -116.004127500006504, 51.190937040320627, 0.0 ], [ -116.006111149676599, 51.190155020044749, 0.0 ], [ -116.009323120590693, 51.189914699650991, 0.0 ], [ -116.012931820048706, 51.189575189555647, 0.0 ], [ -116.016929629479904, 51.188785550282731, 0.0 ], [ -116.018753050566403, 51.187408440104583, 0.0 ], [ -116.021339420699306, 51.187042229687933, 0.0 ], [ -116.021713259720102, 51.186386100258893, 0.0 ], [ -116.021606449801297, 51.184291829688817, 0.0 ], [ -116.020622255449695, 51.18255996000385, 0.0 ], [ -116.022453310540698, 51.179061879734697, 0.0 ], [ -116.023857119313305, 51.176162710239822, 0.0 ], [ -116.028892520471103, 51.173629749935273, 0.0 ], [ -116.034477230327099, 51.170745839718322, 0.0 ], [ -116.036827086294096, 51.170013419624901, 0.0 ], [ -116.033523560546001, 51.166038510145661, 0.0 ], [ -116.030471799661797, 51.163196559907952, 0.0 ], [ -116.0295028698023, 51.162734980383767, 0.0 ], [ -116.025726319613497, 51.162975310360864, 0.0 ], [ -116.020896909782707, 51.159454339957932, 0.0 ], [ -116.019943239815603, 51.157222740285967, 0.0 ], [ -116.017486570654498, 51.156105039891642, 0.0 ], [ -116.007392885651299, 51.156307210226522, 0.0 ], [ -116.009429930394703, 51.155090330169728, 0.0 ], [ -116.009658810456898, 51.154396049974558, 0.0 ], [ -116.009551999772498, 51.152797694993282, 0.0 ], [ -116.010093690021606, 51.150825490072421, 0.0 ], [ -116.010429381848198, 51.147632595806733, 0.0 ], [ -116.009872440445704, 51.14374542024234, 0.0 ], [ -116.015586850111703, 51.138069149863803, 0.0 ], [ -116.013542179664199, 51.135547630286062, 0.0 ], [ -116.012672420469301, 51.13329315029759, 0.0 ], [ -116.012680051356696, 51.130111689965112, 0.0 ], [ -116.011268620485197, 51.127712240122008, 0.0 ], [ -116.008743290183304, 51.126014700184989, 0.0 ], [ -116.007431030652398, 51.126518239620253, 0.0 ], [ -116.004882810216898, 51.12532424019917, 0.0 ], [ -116.004447939571605, 51.124652860142881, 0.0 ], [ -116.000000000280494, 51.124877920351253, 0.0 ], [ -115.998466489611701, 51.12495421962241, 0.0 ], [ -115.998497011849594, 51.124309535376518, 0.0 ], [ -115.996093750353495, 51.124561300047873, 0.0 ], [ -115.994728090126799, 51.124904629823867, 0.0 ], [ -115.991027830223103, 51.126327510304897, 0.0 ], [ -115.9869613605496, 51.126285549838443, 0.0 ], [ -115.984756470102994, 51.125991820082639, 0.0 ], [ -115.982223510654904, 51.12500381004773, 0.0 ], [ -115.979858401478793, 51.124816889608589, 0.0 ], [ -115.9751434303232, 51.123390189592143, 0.0 ], [ -115.971649170408398, 51.122497550260029, 0.0 ], [ -115.968276979945401, 51.122138969992619, 0.0 ], [ -115.967048649286994, 51.120895379627697, 0.0 ], [ -115.966506961642594, 51.118625634971217, 0.0 ], [ -115.967559810165, 51.116035459698473, 0.0 ], [ -115.963890079890305, 51.115543359634167, 0.0 ], [ -115.959938050375698, 51.115684500059743, 0.0 ], [ -115.957237240320097, 51.115158080363933, 0.0 ], [ -115.953361509756306, 51.110515589881508, 0.0 ], [ -115.952758790469105, 51.109394070406552, 0.0 ], [ -115.950393679567796, 51.106880179863722, 0.0 ], [ -115.950431820275497, 51.105529779975022, 0.0 ], [ -115.949607849465494, 51.102981565044438, 0.0 ], [ -115.9505233754344, 51.102119439708019, 0.0 ], [ -115.948478699526305, 51.099239340449543, 0.0 ], [ -115.945388789518503, 51.097896569555722, 0.0 ], [ -115.941543579383506, 51.096954339859053, 0.0 ], [ -115.938888550569203, 51.097194669599823, 0.0 ], [ -115.934196470594699, 51.097591389709997, 0.0 ], [ -115.932540890672996, 51.096736899622421, 0.0 ], [ -115.931427000689098, 51.094612119892624, 0.0 ], [ -115.930297849897698, 51.090869899941843, 0.0 ], [ -115.926628109903902, 51.088611600274291, 0.0 ], [ -115.924911499824404, 51.086429590077508, 0.0 ], [ -115.923866269493502, 51.084220879990838, 0.0 ], [ -115.923599240558502, 51.083087920228337, 0.0 ], [ -115.921829219924504, 51.082965840248903, 0.0 ], [ -115.920440669493701, 51.083595270173063, 0.0 ], [ -115.917747499543793, 51.08412932955649, 0.0 ], [ -115.916511539402293, 51.083942409994442, 0.0 ], [ -115.912078860239603, 51.083499899557218, 0.0 ], [ -115.907188420465104, 51.084087370368287, 0.0 ], [ -115.903846739664402, 51.08287429044335, 0.0 ], [ -115.903137210650996, 51.083545680440793, 0.0 ], [ -115.9031372100618, 51.085311880088447, 0.0 ], [ -115.904869079305399, 51.089115139846932, 0.0 ], [ -115.904472349603296, 51.090976709825988, 0.0 ], [ -115.902549739454003, 51.092376700323328, 0.0 ], [ -115.9008865406132, 51.093742360014581, 0.0 ], [ -115.899726870377293, 51.093681330438358, 0.0 ], [ -115.899398799396707, 51.092632290124342, 0.0 ], [ -115.898323059477306, 51.09036635957257, 0.0 ], [ -115.896469120495198, 51.087791439742247, 0.0 ], [ -115.894729609329502, 51.086105340048057, 0.0 ], [ -115.893379209824502, 51.0860939001441, 0.0 ], [ -115.890861509426799, 51.086368549886799, 0.0 ], [ -115.888473509465001, 51.086471549569033, 0.0 ], [ -115.884979250560306, 51.08592985984825, 0.0 ], [ -115.883010859909106, 51.086002340221228, 0.0 ], [ -115.878829959519095, 51.086833950008177, 0.0 ], [ -115.876152039704493, 51.087573999555573, 0.0 ], [ -115.874801639357898, 51.087203970200569, 0.0 ], [ -115.8724975596772, 51.087638849835308, 0.0 ], [ -115.870452880429298, 51.088291159806197, 0.0 ], [ -115.869178770016205, 51.08931350038889, 0.0 ], [ -115.867919920073206, 51.08927535011432, 0.0 ], [ -115.866767879996303, 51.087799070304477, 0.0 ], [ -115.863777160644304, 51.08642577994322, 0.0 ], [ -115.863006589987094, 51.084499349870178, 0.0 ], [ -115.861816410186293, 51.082256309979329, 0.0 ], [ -115.860237119453302, 51.080463400210427, 0.0 ], [ -115.8577270504978, 51.079116819754219, 0.0 ], [ -115.851669309443096, 51.080802909783912, 0.0 ], [ -115.847557069457295, 51.081756589785947, 0.0 ], [ -115.846130370236693, 51.081268299712811, 0.0 ], [ -115.843749999356902, 51.079605099563928, 0.0 ], [ -115.842887879746996, 51.078056330417482, 0.0 ], [ -115.8424529987456, 51.076469420133087, 0.0 ], [ -115.838996890384905, 51.077400199825661, 0.0 ], [ -115.833366390366805, 51.075912470409321, 0.0 ], [ -115.829483030381994, 51.07935333009835, 0.0 ], [ -115.825729369480101, 51.081413260274282, 0.0 ], [ -115.8255081192858, 51.082668299609573, 0.0 ], [ -115.822563169515306, 51.08333205974882, 0.0 ], [ -115.816612240060493, 51.084743490411242, 0.0 ], [ -115.812767029284799, 51.08647536971133, 0.0 ], [ -115.812332150626801, 51.085597989608047, 0.0 ], [ -115.8122711203698, 51.083354939677967, 0.0 ], [ -115.810287479892395, 51.082508080379327, 0.0 ], [ -115.808006289288002, 51.080570219645097, 0.0 ], [ -115.806343079515898, 51.07844543019484, 0.0 ], [ -115.803962709420304, 51.07572554979, 0.0 ], [ -115.803680419418299, 51.073677060307062, 0.0 ], [ -115.803833009926606, 51.071594235374093, 0.0 ], [ -115.802803039413703, 51.069591519966117, 0.0 ], [ -115.793800349835806, 51.070774069800017, 0.0 ], [ -115.789222720612003, 51.072406760428493, 0.0 ], [ -115.784286499858595, 51.070602409716372, 0.0 ], [ -115.783576970387202, 51.069297780191008, 0.0 ], [ -115.780601500155399, 51.069896690170808, 0.0 ], [ -115.776252750692507, 51.066535940182632, 0.0 ], [ -115.7723999001838, 51.066997520410183, 0.0 ], [ -115.768058780024603, 51.06899642001779, 0.0 ], [ -115.762039179398101, 51.071903220198507, 0.0 ], [ -115.757667540665906, 51.075103749997552, 0.0 ], [ -115.755302430231296, 51.074913019989197, 0.0 ], [ -115.753410345785298, 51.074398035600709, 0.0 ], [ -115.759048460333403, 51.071235649887328, 0.0 ], [ -115.758872989653597, 51.069164275142867, 0.0 ], [ -115.761482239438493, 51.066894530359811, 0.0 ], [ -115.759391786183002, 51.06374359107366, 0.0 ], [ -115.761276250511102, 51.060771940359501, 0.0 ], [ -115.766456600390597, 51.059555049563592, 0.0 ], [ -115.772071840292099, 51.058158869855561, 0.0 ], [ -115.773582459331706, 51.057712549858593, 0.0 ], [ -115.773406979739605, 51.055992120405357, 0.0 ], [ -115.772529600386406, 51.053882590021807, 0.0 ], [ -115.771606449800501, 51.052417749974907, 0.0 ], [ -115.7715606701328, 51.05109405040362, 0.0 ], [ -115.769821169916099, 51.049198139797411, 0.0 ], [ -115.769073490218901, 51.047832485542777, 0.0 ], [ -115.770439149334507, 51.046787259660171, 0.0 ], [ -115.7721328701152, 51.046085349647313, 0.0 ], [ -115.7710876495495, 51.04443740011385, 0.0 ], [ -115.769256590034104, 51.041511529716928, 0.0 ], [ -115.767028809570505, 51.039382930410092, 0.0 ], [ -115.764831539594994, 51.038730620210274, 0.0 ], [ -115.761886599799098, 51.037418359848033, 0.0 ], [ -115.760276790528195, 51.035915370019858, 0.0 ], [ -115.754333500142195, 51.033023829847288, 0.0 ], [ -115.751457209681703, 51.031478880163078, 0.0 ], [ -115.748130800158506, 51.030616749779931, 0.0 ], [ -115.7431106597395, 51.033943170311012, 0.0 ], [ -115.735260010710405, 51.029617305011371, 0.0 ], [ -115.736366270512406, 51.028354640254129, 0.0 ], [ -115.738876340474704, 51.026462549719987, 0.0 ], [ -115.740043640411798, 51.024906155836511, 0.0 ], [ -115.739166259483895, 51.023357389967707, 0.0 ], [ -115.737373349876705, 51.023315420151263, 0.0 ], [ -115.733909610333995, 51.022270200421353, 0.0 ], [ -115.730537409575305, 51.02007674982093, 0.0 ], [ -115.726760860442397, 51.018688200210619, 0.0 ], [ -115.717132569462095, 51.017410270077981, 0.0 ], [ -115.715682979984905, 51.01847839034442, 0.0 ], [ -115.713623050141905, 51.0198364196943, 0.0 ], [ -115.711410520121902, 51.020240780175847, 0.0 ], [ -115.709556579719703, 51.020137779931943, 0.0 ], [ -115.706787109791705, 51.020187369695691, 0.0 ], [ -115.705467220142907, 51.02067183988688, 0.0 ], [ -115.703796389452506, 51.021285999824102, 0.0 ], [ -115.702713010434096, 51.022048939949187, 0.0 ], [ -115.701217649862997, 51.0236167799684, 0.0 ], [ -115.697921750324994, 51.025844570439418, 0.0 ], [ -115.6947403005083, 51.02719496982543, 0.0 ], [ -115.692352289819397, 51.02856444974212, 0.0 ], [ -115.690460209365497, 51.025367729961502, 0.0 ], [ -115.690788270367406, 51.024089809937919, 0.0 ], [ -115.692283630489896, 51.021461479821618, 0.0 ], [ -115.692253109641499, 51.020118709873323, 0.0 ], [ -115.692237849565203, 51.019783009685192, 0.0 ], [ -115.690521239993004, 51.016574850295029, 0.0 ], [ -115.688560489870895, 51.013610830231258, 0.0 ], [ -115.682479860583001, 51.009410849669827, 0.0 ], [ -115.679809570665498, 51.008167259758281, 0.0 ], [ -115.677749630483504, 51.00719833030351, 0.0 ], [ -115.676040649309499, 51.004100790261347, 0.0 ], [ -115.671569820308704, 51.001399989735503, 0.0 ], [ -115.670639039456006, 51.000064839821988, 0.0 ], [ -115.670570370177998, 50.999958030415073, 0.0 ], [ -115.669349670712904, 50.999271390433847, 0.0 ], [ -115.663368230602799, 50.999698629659918, 0.0 ], [ -115.662483220688301, 51.000072470407432, 0.0 ], [ -115.660087590236799, 51.001071920401323, 0.0 ], [ -115.657447810699097, 51.001308439965918, 0.0 ], [ -115.655853269916605, 51.000072470394471, 0.0 ], [ -115.654212950079398, 50.998798360120503, 0.0 ], [ -115.652122499771806, 50.998680109978963, 0.0 ], [ -115.648826600298705, 50.997520439658388, 0.0 ], [ -115.648323059954095, 50.996063230449273, 0.0 ], [ -115.642326349292404, 50.990570059841239, 0.0 ], [ -115.641578670469201, 50.987373350395437, 0.0 ], [ -115.640060419378699, 50.985286710240587, 0.0 ], [ -115.636230470057797, 50.982006069696773, 0.0 ], [ -115.631973269450896, 50.980522149940867, 0.0 ], [ -115.628280639806803, 50.980873100321027, 0.0 ], [ -115.628112789710599, 50.977745049826019, 0.0 ], [ -115.625518799564304, 50.973735799562427, 0.0 ], [ -115.6259689307618, 50.97042083511996, 0.0 ], [ -115.622009279660503, 50.965480800366748, 0.0 ], [ -115.618011469374295, 50.963161460445448, 0.0 ], [ -115.611679079368002, 50.958885189922349, 0.0 ], [ -115.611557010325399, 50.957080839794941, 0.0 ], [ -115.614593505107095, 50.951187129814791, 0.0 ], [ -115.610847470136704, 50.946762079760163, 0.0 ], [ -115.604736329356498, 50.944011679568028, 0.0 ], [ -115.597038269481303, 50.939861290192958, 0.0 ], [ -115.597732540385806, 50.937011710036117, 0.0 ], [ -115.605522159970803, 50.933395379696407, 0.0 ], [ -115.605453491914901, 50.929679864975242, 0.0 ], [ -115.609802246010204, 50.926280970170147, 0.0 ], [ -115.6058196996173, 50.922195430043658, 0.0 ], [ -115.601806639538793, 50.919666279817179, 0.0 ], [ -115.599906920490298, 50.917881010212518, 0.0 ], [ -115.595863339968403, 50.916454310335638, 0.0 ], [ -115.589691160216503, 50.915657040048217, 0.0 ], [ -115.584182740230105, 50.915756219825603, 0.0 ], [ -115.583160400330698, 50.913753500170017, 0.0 ], [ -115.578468319772099, 50.91336440020266, 0.0 ], [ -115.578178409979799, 50.909843440587323, 0.0 ], [ -115.575073239671696, 50.907867430218509, 0.0 ], [ -115.572196960346801, 50.907379139808157, 0.0 ], [ -115.572242740433296, 50.905818935344172, 0.0 ], [ -115.568626399382197, 50.902137749964048, 0.0 ], [ -115.567863460405405, 50.899089809666158, 0.0 ], [ -115.566436770167897, 50.898242940253617, 0.0 ], [ -115.562088015567497, 50.894252774263492, 0.0 ], [ -115.566581730003904, 50.893066399953078, 0.0 ], [ -115.571350099906596, 50.890693659667249, 0.0 ], [ -115.577857969779103, 50.888343809560993, 0.0 ], [ -115.582328800016796, 50.889278410024993, 0.0 ], [ -115.590202329931799, 50.89247130958924, 0.0 ], [ -115.592643740042604, 50.892642969986291, 0.0 ], [ -115.599853520238497, 50.890434259566753, 0.0 ], [ -115.599777220781704, 50.886016845413593, 0.0 ], [ -115.604446409350501, 50.887256620267863, 0.0 ], [ -115.612731930123701, 50.885341639878533, 0.0 ], [ -115.616912840474498, 50.87941360042101, 0.0 ], [ -115.628952030387097, 50.87980650959031, 0.0 ], [ -115.630073549517107, 50.879108419782973, 0.0 ], [ -115.634078980030694, 50.87874603007122, 0.0 ], [ -115.636009220086706, 50.877002710348052, 0.0 ], [ -115.642013550504103, 50.875373830182987, 0.0 ], [ -115.648933410302206, 50.874145499654773, 0.0 ], [ -115.650848389443496, 50.872402190260161, 0.0 ], [ -115.650627140058404, 50.868446345278599, 0.0 ], [ -115.651039119826095, 50.865875239746693, 0.0 ], [ -115.649063109303498, 50.865028379954651, 0.0 ], [ -115.648376466341404, 50.863929745361538, 0.0 ], [ -115.649459841080002, 50.862712855729647, 0.0 ], [ -115.644783020313994, 50.858383169826119, 0.0 ], [ -115.643913270522503, 50.857330320006383, 0.0 ], [ -115.6442413298725, 50.855907429585962, 0.0 ], [ -115.645393369635897, 50.854354849990393, 0.0 ], [ -115.642677310176694, 50.846015925416928, 0.0 ], [ -115.642990111975706, 50.842205045156732, 0.0 ], [ -115.641510010432199, 50.839824670205068, 0.0 ], [ -115.639358520296696, 50.837966910098409, 0.0 ], [ -115.634887700400498, 50.837036130021978, 0.0 ], [ -115.631393429839093, 50.83677673005927, 0.0 ], [ -115.626983640677693, 50.833435049893353, 0.0 ], [ -115.623596189570506, 50.834064479949802, 0.0 ], [ -115.621589660038694, 50.835124960381719, 0.0 ], [ -115.618057250037594, 50.835720059820979, 0.0 ], [ -115.607360839356502, 50.84403991033188, 0.0 ], [ -115.606582640258495, 50.84564207963102, 0.0 ], [ -115.6015777606098, 50.844207759563147, 0.0 ], [ -115.595848080253901, 50.843936910259814, 0.0 ], [ -115.590568540380701, 50.843132010070953, 0.0 ], [ -115.585586550250895, 50.841548910149918, 0.0 ], [ -115.578163149837494, 50.840503690406408, 0.0 ], [ -115.573120120067699, 50.837741849720111, 0.0 ], [ -115.572196960146997, 50.836421960418953, 0.0 ], [ -115.566383360304897, 50.832580560242633, 0.0 ], [ -115.564903260019506, 50.832172390391037, 0.0 ], [ -115.564292909814498, 50.829017629722081, 0.0 ], [ -115.560806275724104, 50.826534270091443, 0.0 ], [ -115.562362670339297, 50.824886320385858, 0.0 ], [ -115.561828609352403, 50.821704860065879, 0.0 ], [ -115.565498350316403, 50.816295620380053, 0.0 ], [ -115.566513059730994, 50.814704890263243, 0.0 ], [ -115.565513609331504, 50.813262929856833, 0.0 ], [ -115.561477660545194, 50.811588279960993, 0.0 ], [ -115.560653690337404, 50.810245509746458, 0.0 ], [ -115.561172486121393, 50.80856704015963, 0.0 ], [ -115.560470580043997, 50.804729459573252, 0.0 ], [ -115.557929989492905, 50.803668970182407, 0.0 ], [ -115.555572510590594, 50.803623189004441, 0.0 ], [ -115.552886959841501, 50.802524560088813, 0.0 ], [ -115.551536559996507, 50.799518579881457, 0.0 ], [ -115.550918579951798, 50.797065729768093, 0.0 ], [ -115.547950740702106, 50.796394339701173, 0.0 ], [ -115.544692989883302, 50.794879910311508, 0.0 ], [ -115.542953490623006, 50.795661919642967, 0.0 ], [ -115.538627620262702, 50.796588889698818, 0.0 ], [ -115.535530089478996, 50.795528409786627, 0.0 ], [ -115.533126829677698, 50.792884819853562, 0.0 ], [ -115.532463070705603, 50.788192740221241, 0.0 ], [ -115.529212949382796, 50.786888120387722, 0.0 ], [ -115.527801509606704, 50.785125730419743, 0.0 ], [ -115.516998290495593, 50.7801971401462, 0.0 ], [ -115.515678409848903, 50.781650540412123, 0.0 ], [ -115.515869139539305, 50.784488669847839, 0.0 ], [ -115.512153630024599, 50.786392209964362, 0.0 ], [ -115.509658810114402, 50.786304470157539, 0.0 ], [ -115.503883360404103, 50.785202019734108, 0.0 ], [ -115.501182559643297, 50.784248349762137, 0.0 ], [ -115.499999999585995, 50.783615110015823, 0.0 ], [ -115.497627259313802, 50.782344809777747, 0.0 ], [ -115.495002750613594, 50.780017850013003, 0.0 ], [ -115.494712829749005, 50.779762260222377, 0.0 ], [ -115.494468690555706, 50.778835290135639, 0.0 ], [ -115.488647460210302, 50.773872369825853, 0.0 ], [ -115.481948856134196, 50.768566130193612, 0.0 ], [ -115.482627869478407, 50.768047329627827, 0.0 ], [ -115.484268190694394, 50.76475524024913, 0.0 ], [ -115.484756470488307, 50.7606925954655, 0.0 ], [ -115.481163020672597, 50.755184170259888, 0.0 ], [ -115.477691649550806, 50.755584709577299, 0.0 ], [ -115.475021357980594, 50.754837029672288, 0.0 ], [ -115.471313479522607, 50.752941129993957, 0.0 ], [ -115.470283509750004, 50.75199889994748, 0.0 ], [ -115.466766360452496, 50.752586359693311, 0.0 ], [ -115.463966369418401, 50.753627769691697, 0.0 ], [ -115.462432860394898, 50.7552719097324, 0.0 ], [ -115.460533139636397, 50.756866450002349, 0.0 ], [ -115.458946230100693, 50.757186879769478, 0.0 ], [ -115.457641599978203, 50.757228849849071, 0.0 ], [ -115.456237790658193, 50.756378170372223, 0.0 ], [ -115.454978940121507, 50.755775450419478, 0.0 ], [ -115.453643800494504, 50.755752559659463, 0.0 ], [ -115.452339170277796, 50.756355280249011, 0.0 ], [ -115.450576780377304, 50.754749289944193, 0.0 ], [ -115.448600770164504, 50.7536926198053, 0.0 ], [ -115.447090150126996, 50.753219599729412, 0.0 ], [ -115.4443435694199, 50.754322050242571, 0.0 ], [ -115.436332700648094, 50.755729669946632, 0.0 ], [ -115.431213379946101, 50.75006103023501, 0.0 ], [ -115.425140380551895, 50.743339529688157, 0.0 ], [ -115.4195938093835, 50.736618039950201, 0.0 ], [ -115.417770389471798, 50.736366270431411, 0.0 ], [ -115.416297910264802, 50.736305230001491, 0.0 ], [ -115.414711000386703, 50.735713950290879, 0.0 ], [ -115.413116459435798, 50.734558099708927, 0.0 ], [ -115.412422180503697, 50.733604429980048, 0.0 ], [ -115.413566589316204, 50.731845850338999, 0.0 ], [ -115.413276670437298, 50.730651850288353, 0.0 ], [ -115.412109380280697, 50.729465479582672, 0.0 ], [ -115.410842899531701, 50.728302000042703, 0.0 ], [ -115.410667420617003, 50.72728728978182, 0.0 ], [ -115.4119491593964, 50.726127619747587, 0.0 ], [ -115.411407471124093, 50.723239894975357, 0.0 ], [ -115.415832520234801, 50.722152700104147, 0.0 ], [ -115.4169082597911, 50.719917290277998, 0.0 ], [ -115.416427609506002, 50.718769070113801, 0.0 ], [ -115.416023249639807, 50.714862820178823, 0.0 ], [ -115.416656490179903, 50.713722225760797, 0.0 ], [ -115.416290279510903, 50.712757100173931, 0.0 ], [ -115.413818360133703, 50.711257929662793, 0.0 ], [ -115.410263060534007, 50.711677549775189, 0.0 ], [ -115.405418399840102, 50.712448109633868, 0.0 ], [ -115.403678889320304, 50.71231841022253, 0.0 ], [ -115.400558469561403, 50.710834500362097, 0.0 ], [ -115.394599910342095, 50.707595819597927, 0.0 ], [ -115.392356870432806, 50.706836689956702, 0.0 ], [ -115.391242980024302, 50.706451409638738, 0.0 ], [ -115.388023380127294, 50.707481380382497, 0.0 ], [ -115.386421199296507, 50.707992549605869, 0.0 ], [ -115.378936769303706, 50.70533369996582, 0.0 ], [ -115.375633239844603, 50.707904810299688, 0.0 ], [ -115.377601619850196, 50.710933679813706, 0.0 ], [ -115.369911189375102, 50.71430205994124, 0.0 ], [ -115.370162960537598, 50.717258449670787, 0.0 ], [ -115.367843629820399, 50.717620839749117, 0.0 ], [ -115.363449100201606, 50.717857350105938, 0.0 ], [ -115.358978270357795, 50.721065520252438, 0.0 ], [ -115.357437129387506, 50.721443169752803, 0.0 ], [ -115.354560849892394, 50.722713459862163, 0.0 ], [ -115.3499069197224, 50.721256250218417, 0.0 ], [ -115.346206670238601, 50.722091669810332, 0.0 ], [ -115.340217590446699, 50.722228999717267, 0.0 ], [ -115.339218139636102, 50.722053520603822, 0.0 ], [ -115.335952760397205, 50.723442070094713, 0.0 ], [ -115.335128779661204, 50.72421646027891, 0.0 ], [ -115.333038329428007, 50.724140160038672, 0.0 ], [ -115.327606200319394, 50.72193907998718, 0.0 ], [ -115.326423650153004, 50.722114560127302, 0.0 ], [ -115.324211120181801, 50.723361959580863, 0.0 ], [ -115.320663450675497, 50.724235530242282, 0.0 ], [ -115.319816589522205, 50.726207729929627, 0.0 ], [ -115.318298339742398, 50.726463309994116, 0.0 ], [ -115.315116879658504, 50.725826259603473, 0.0 ], [ -115.313476560170798, 50.724342339751047, 0.0 ], [ -115.312301639698205, 50.723926540058557, 0.0 ], [ -115.313197741291305, 50.721314182206328, 0.0 ], [ -115.313590999688898, 50.716892240382023, 0.0 ], [ -115.314689640024497, 50.716266629766103, 0.0 ], [ -115.314346309324605, 50.715408319795181, 0.0 ], [ -115.311042790223595, 50.71209715974468, 0.0 ], [ -115.308807369571795, 50.70781326007706, 0.0 ], [ -115.306289669993603, 50.704895010395063, 0.0 ], [ -115.301612849883398, 50.700565330333283, 0.0 ], [ -115.301374266679204, 50.699459934418428, 0.0 ], [ -115.300894935913504, 50.699257532007799, 0.0 ], [ -115.301054712514699, 50.696727435818438, 0.0 ], [ -115.298817838753806, 50.694500839256378, 0.0 ], [ -115.3008270293724, 50.690738670355593, 0.0 ], [ -115.298377990104498, 50.68333052998328, 0.0 ], [ -115.294212340593702, 50.677402490268051, 0.0 ], [ -115.290489199863302, 50.672187799700687, 0.0 ], [ -115.287918090623194, 50.668872829727484, 0.0 ], [ -115.283683780704493, 50.665550229671361, 0.0 ], [ -115.282257079601706, 50.663192739656438, 0.0 ], [ -115.284889220329404, 50.661724080159587, 0.0 ], [ -115.285881039690807, 50.660301199601278, 0.0 ], [ -115.281700130423303, 50.657085410199727, 0.0 ], [ -115.282463070233803, 50.656192769789158, 0.0 ], [ -115.281349180588194, 50.653755180327828, 0.0 ], [ -115.277938840449593, 50.650588979810877, 0.0 ], [ -115.274147030505901, 50.648921960100672, 0.0 ], [ -115.275230410203804, 50.647953029651639, 0.0 ], [ -115.277496339883001, 50.648338310340527, 0.0 ], [ -115.282058719483004, 50.646984090025697, 0.0 ], [ -115.285453800334494, 50.63885116001903, 0.0 ], [ -115.288429260347399, 50.637649529908103, 0.0 ], [ -115.294822690487507, 50.639022820414901, 0.0 ], [ -115.299598690031601, 50.639266960276167, 0.0 ], [ -115.303016660578294, 50.638191220147768, 0.0 ], [ -115.311943049739895, 50.638236989906801, 0.0 ], [ -115.313041689866907, 50.63761520026015, 0.0 ], [ -115.310127260652393, 50.635265340206047, 0.0 ], [ -115.309532169499505, 50.631523129696888, 0.0 ], [ -115.311813350449697, 50.630378719729343, 0.0 ], [ -115.3114471403495, 50.628578179901133, 0.0 ], [ -115.310096740529403, 50.627262109963667, 0.0 ], [ -115.305206300283203, 50.625930779558558, 0.0 ], [ -115.300148009719706, 50.625526419813113, 0.0 ], [ -115.296859739839405, 50.62621307020774, 0.0 ], [ -115.2980194103407, 50.624752040049742, 0.0 ], [ -115.298233029479604, 50.620223990173351, 0.0 ], [ -115.297393800585994, 50.617603300373197, 0.0 ], [ -115.295227050355507, 50.614364619806473, 0.0 ], [ -115.295349120103694, 50.613040920382623, 0.0 ], [ -115.293617249634593, 50.611106869639578, 0.0 ], [ -115.290550229832405, 50.609390250278771, 0.0 ], [ -115.289459229501901, 50.609420770340073, 0.0 ], [ -115.287620539746499, 50.608222959725893, 0.0 ], [ -115.285919190285398, 50.608169550381909, 0.0 ], [ -115.284660340591202, 50.608833309553383, 0.0 ], [ -115.280433649327804, 50.605514520355541, 0.0 ], [ -115.277923582085606, 50.60106658032872, 0.0 ], [ -115.271919249436493, 50.597885130380092, 0.0 ], [ -115.2684936500373, 50.597431180226302, 0.0 ], [ -115.265892029396994, 50.597717279670583, 0.0 ], [ -115.264343260577306, 50.596683500375697, 0.0 ], [ -115.260063170316101, 50.596321100326414, 0.0 ], [ -115.251266479866899, 50.589763640307481, 0.0 ], [ -115.2473297101469, 50.588138570406599, 0.0 ], [ -115.243690489870403, 50.589149470160393, 0.0 ], [ -115.239646909597695, 50.589199060377283, 0.0 ], [ -115.236228940190003, 50.585678090097048, 0.0 ], [ -115.230186459628996, 50.57750700978908, 0.0 ], [ -115.231956480321102, 50.577072140236147, 0.0 ], [ -115.235008239680496, 50.574794759870763, 0.0 ], [ -115.2393264794201, 50.574909199792231, 0.0 ], [ -115.241912840681493, 50.571220389702667, 0.0 ], [ -115.234901429421598, 50.567581169736677, 0.0 ], [ -115.233650210335597, 50.566120140441768, 0.0 ], [ -115.234161380016701, 50.564819329771247, 0.0 ], [ -115.231422420156804, 50.560897820151787, 0.0 ], [ -115.229820250581795, 50.559169759695941, 0.0 ], [ -115.229682920566304, 50.554965970079323, 0.0 ], [ -115.228416440042096, 50.554100029849828, 0.0 ], [ -115.229599000461903, 50.551456450341213, 0.0 ], [ -115.231887820236196, 50.550659169577287, 0.0 ], [ -115.230979920338598, 50.54487991033627, 0.0 ], [ -115.222480770644097, 50.539665220309743, 0.0 ], [ -115.221031189488301, 50.536960599872607, 0.0 ], [ -115.2168807996608, 50.536506650369901, 0.0 ], [ -115.213249210543196, 50.532333370415301, 0.0 ], [ -115.208137508484896, 50.527820580433691, 0.0 ], [ -115.206077579552499, 50.528087609821362, 0.0 ], [ -115.205947880698801, 50.528255460383519, 0.0 ], [ -115.202232360653298, 50.533031459954522, 0.0 ], [ -115.190917970677006, 50.535099020176553, 0.0 ], [ -115.189117429756607, 50.538246150198617, 0.0 ], [ -115.186172490477304, 50.539787289678543, 0.0 ], [ -115.1837463399077, 50.544033040342491, 0.0 ], [ -115.189880369988103, 50.549003589785997, 0.0 ], [ -115.190887450294795, 50.554054250025281, 0.0 ], [ -115.189872740545496, 50.555122369756951, 0.0 ], [ -115.186752319944901, 50.555770869916692, 0.0 ], [ -115.183380129662496, 50.556007379596942, 0.0 ], [ -115.177696229565598, 50.558219899909602, 0.0 ], [ -115.174972530112697, 50.561359400140098, 0.0 ], [ -115.173553470575797, 50.567588800444007, 0.0 ], [ -115.154617309340495, 50.573272700352973, 0.0 ], [ -115.148498539852795, 50.570766439735728, 0.0 ], [ -115.145202640627801, 50.571483609936493, 0.0 ], [ -115.136138919341604, 50.574378959651568, 0.0 ], [ -115.131706240183206, 50.571792600243768, 0.0 ], [ -115.117523189470305, 50.569751729620641, 0.0 ], [ -115.115859989776894, 50.571762080436521, 0.0 ], [ -115.100852970333605, 50.577938069627272, 0.0 ], [ -115.087912620530403, 50.58039836318455, 0.0 ], [ -115.079284678896101, 50.58465938002611, 0.0 ], [ -115.070976290868401, 50.586282523347293, 0.0 ], [ -115.063331600074804, 50.583171840363732, 0.0 ], [ -115.061286930378699, 50.57977293956732, 0.0 ], [ -115.052078250191499, 50.571445460283847, 0.0 ], [ -115.049537659994201, 50.575157160184482, 0.0 ], [ -115.033576969561395, 50.579288480055538, 0.0 ], [ -115.027046200531103, 50.583106989634437, 0.0 ], [ -115.020530700412706, 50.584686270245108, 0.0 ], [ -115.019142150371096, 50.583877559810148, 0.0 ], [ -115.0151061996268, 50.582397450412238, 0.0 ], [ -115.013366700243296, 50.574085230079902, 0.0 ], [ -115.013687130661097, 50.570857999701524, 0.0 ], [ -115.011230470556995, 50.567333220369157, 0.0 ], [ -115.006027220654204, 50.562557209588732, 0.0 ], [ -115.005889889880507, 50.560813899649247, 0.0 ], [ -115.004280089496504, 50.559776299891681, 0.0 ], [ -115.000236510188898, 50.55497359993003, 0.0 ], [ -114.999999999590798, 50.554683680370772, 0.0 ], [ -114.995452879500505, 50.549350730185623, 0.0 ], [ -114.992668150128793, 50.547851560062753, 0.0 ], [ -114.991256709539499, 50.545787809999027, 0.0 ], [ -114.991401670500693, 50.544380179572052, 0.0 ], [ -114.983146670198494, 50.539741510345628, 0.0 ], [ -114.978340150214095, 50.53498076963708, 0.0 ], [ -114.977523799347196, 50.53226089023687, 0.0 ], [ -114.977462770226197, 50.529590599959413, 0.0 ], [ -114.968566889729701, 50.517692560276281, 0.0 ], [ -114.967727659625695, 50.516124720367429, 0.0 ], [ -114.965797419730606, 50.51515959968895, 0.0 ], [ -114.963653560234903, 50.513793940230492, 0.0 ], [ -114.9625701898957, 50.512451169743223, 0.0 ], [ -114.959037779789696, 50.504409780300627, 0.0 ], [ -114.955726619611895, 50.501430509858046, 0.0 ], [ -114.954963680501507, 50.500133510113159, 0.0 ], [ -114.954902650372603, 50.50004576963768, 0.0 ], [ -114.953277589574398, 50.497909539716943, 0.0 ], [ -114.9512863202754, 50.497589110217653, 0.0 ], [ -114.950546260634496, 50.496337879845868, 0.0 ], [ -114.945762630026493, 50.48963164990716, 0.0 ], [ -114.943496699671499, 50.488403310249183, 0.0 ], [ -114.9382095304926, 50.487052910323243, 0.0 ], [ -114.937156680517901, 50.486335750055353, 0.0 ], [ -114.9356613196654, 50.480804439720899, 0.0 ], [ -114.931686400261498, 50.47850416984101, 0.0 ], [ -114.932777399732799, 50.475353230340708, 0.0 ], [ -114.932312010660098, 50.473522179732733, 0.0 ], [ -114.928367609842397, 50.471847530054347, 0.0 ], [ -114.9269485499197, 50.468414299902918, 0.0 ], [ -114.923896790537896, 50.466751089589337, 0.0 ], [ -114.917373660218104, 50.461494440278713, 0.0 ], [ -114.916198730476395, 50.458003990104409, 0.0 ], [ -114.913192750273893, 50.455814360433813, 0.0 ], [ -114.912437440256099, 50.454853050142027, 0.0 ], [ -114.9121704101467, 50.451374049970738, 0.0 ], [ -114.911209109598204, 50.45051573979444, 0.0 ], [ -114.905433649385699, 50.448482510279248, 0.0 ], [ -114.899368289486404, 50.44414519990152, 0.0 ], [ -114.897460939489704, 50.441234580285197, 0.0 ], [ -114.895523069924593, 50.4394721896928, 0.0 ], [ -114.887779240229705, 50.435626979975517, 0.0 ], [ -114.886543269741594, 50.435810080099003, 0.0 ], [ -114.885406490170297, 50.436313620245372, 0.0 ], [ -114.884033199768396, 50.437450399980357, 0.0 ], [ -114.880783079602296, 50.438007350215457, 0.0 ], [ -114.8747100801356, 50.439556119791767, 0.0 ], [ -114.873863220311193, 50.437072750217979, 0.0 ], [ -114.873008730635803, 50.43019103029215, 0.0 ], [ -114.870002750265598, 50.427661890186577, 0.0 ], [ -114.8684463502602, 50.42580413023466, 0.0 ], [ -114.862548830286599, 50.425514210003328, 0.0 ], [ -114.859832760573198, 50.423797600366413, 0.0 ], [ -114.859596250499393, 50.420993799889402, 0.0 ], [ -114.8622131298916, 50.419963830041468, 0.0 ], [ -114.863616939667494, 50.417339320432511, 0.0 ], [ -114.864067080361195, 50.411457060405858, 0.0 ], [ -114.8624115000666, 50.409111019778457, 0.0 ], [ -114.861633299705801, 50.409011829604601, 0.0 ], [ -114.860122680035005, 50.407665249788352, 0.0 ], [ -114.865241999778505, 50.405426020185047, 0.0 ], [ -114.865730290431998, 50.400962820036227, 0.0 ], [ -114.866401670406304, 50.3993720901397, 0.0 ], [ -114.865386959744995, 50.398872370294647, 0.0 ], [ -114.8636016799705, 50.396160119561259, 0.0 ], [ -114.8622512806336, 50.394485469627902, 0.0 ], [ -114.859558109506693, 50.393711080310347, 0.0 ], [ -114.856903079578501, 50.392524709582887, 0.0 ], [ -114.854751590479296, 50.392238610064851, 0.0 ], [ -114.851821899461598, 50.393177030421938, 0.0 ], [ -114.848426819794696, 50.392570490240942, 0.0 ], [ -114.838279720496999, 50.393562309944187, 0.0 ], [ -114.831253049765294, 50.39028549025705, 0.0 ], [ -114.825866700641399, 50.39329909978003, 0.0 ], [ -114.824821469421593, 50.393325800156951, 0.0 ], [ -114.820259089733, 50.384536739986238, 0.0 ], [ -114.817878720640493, 50.382484429987109, 0.0 ], [ -114.815597531011804, 50.382404319650249, 0.0 ], [ -114.813888550665894, 50.381931299586739, 0.0 ], [ -114.8143463098707, 50.380447379590173, 0.0 ], [ -114.812530519476397, 50.378261559763949, 0.0 ], [ -114.813072200549897, 50.376758570302592, 0.0 ], [ -114.8172531097796, 50.374893180250623, 0.0 ], [ -114.818209581275198, 50.373581744090941, 0.0 ], [ -114.816771591216593, 50.371645562110082, 0.0 ], [ -114.812777174647493, 50.370932211183828, 0.0 ], [ -114.808776859812596, 50.370704639614047, 0.0 ], [ -114.803916930674902, 50.364879600138281, 0.0 ], [ -114.7994613593618, 50.362754819655073, 0.0 ], [ -114.798950200524402, 50.361736290419238, 0.0 ], [ -114.7958908093958, 50.361557000060017, 0.0 ], [ -114.7914504993457, 50.358570089754913, 0.0 ], [ -114.789093020587998, 50.35805510969746, 0.0 ], [ -114.786842350495604, 50.361053459693949, 0.0 ], [ -114.784767149322704, 50.362239829643222, 0.0 ], [ -114.784492490166798, 50.362819670113183, 0.0 ], [ -114.781883240513096, 50.362022390004093, 0.0 ], [ -114.781723019936706, 50.362518300328603, 0.0 ], [ -114.774948120280001, 50.362548820242147, 0.0 ], [ -114.773368840335394, 50.362129210290291, 0.0 ], [ -114.768630980220493, 50.358787529834473, 0.0 ], [ -114.768623349422697, 50.352390280156847, 0.0 ], [ -114.766212460581102, 50.350742329865703, 0.0 ], [ -114.767539980534494, 50.349796290177423, 0.0 ], [ -114.769416809830204, 50.34905623963661, 0.0 ], [ -114.771888729775597, 50.347488399795189, 0.0 ], [ -114.772850040113696, 50.346229549896726, 0.0 ], [ -114.773857119565207, 50.34461593038823, 0.0 ], [ -114.774818420162902, 50.34381484043795, 0.0 ], [ -114.775962830426707, 50.343627920230247, 0.0 ], [ -114.792236330403497, 50.335811609703519, 0.0 ], [ -114.794403080465798, 50.331581109763881, 0.0 ], [ -114.795410159581493, 50.330879209920766, 0.0 ], [ -114.796600340178998, 50.330936429665591, 0.0 ], [ -114.798339839787303, 50.330402369957987, 0.0 ], [ -114.799293520209105, 50.330341329584762, 0.0 ], [ -114.800033570418293, 50.329765309584793, 0.0 ], [ -114.799713129371895, 50.32909773985854, 0.0 ], [ -114.798637389768999, 50.326499930365578, 0.0 ], [ -114.797607420178494, 50.326122279687759, 0.0 ], [ -114.792266850131497, 50.322353360147957, 0.0 ], [ -114.790367129704194, 50.320640560444822, 0.0 ], [ -114.788032530029497, 50.319263450168698, 0.0 ], [ -114.784469599394498, 50.318809499966413, 0.0 ], [ -114.780433650412505, 50.315273279993001, 0.0 ], [ -114.7826995803523, 50.311408990335927, 0.0 ], [ -114.782379150503303, 50.309944149930629, 0.0 ], [ -114.780982970128605, 50.307281490439273, 0.0 ], [ -114.781570430520404, 50.301601400289073, 0.0 ], [ -114.780349729967099, 50.299839010022687, 0.0 ], [ -114.776199341577097, 50.29975508984699, 0.0 ], [ -114.772476199935298, 50.301620479952327, 0.0 ], [ -114.769401550689594, 50.30259322010847, 0.0 ], [ -114.762207029798503, 50.299301140288833, 0.0 ], [ -114.755126950383698, 50.299240109559527, 0.0 ], [ -114.752830509746801, 50.293823240351337, 0.0 ], [ -114.753570559704798, 50.287479389964588, 0.0 ], [ -114.7525176999454, 50.285846700781477, 0.0 ], [ -114.755050659503596, 50.281352990084471, 0.0 ], [ -114.754226679894103, 50.280719749579703, 0.0 ], [ -114.752861019963703, 50.278537740220557, 0.0 ], [ -114.751663210143505, 50.275287619736829, 0.0 ], [ -114.752120969667899, 50.273178090149479, 0.0 ], [ -114.758132929565505, 50.271728510288341, 0.0 ], [ -114.764106750025206, 50.265205379637628, 0.0 ], [ -114.766838070460196, 50.258178700251932, 0.0 ], [ -114.766502380539507, 50.257461539818102, 0.0 ], [ -114.767021179481105, 50.256820669957612, 0.0 ], [ -114.766197199421697, 50.255420679555172, 0.0 ], [ -114.766532900014198, 50.254028310441363, 0.0 ], [ -114.769653320593207, 50.251903529726533, 0.0 ], [ -114.770233149808504, 50.249996179598277, 0.0 ], [ -114.769592290644795, 50.249977109754923, 0.0 ], [ -114.768913269813197, 50.248657220201629, 0.0 ], [ -114.7671432494366, 50.247028340004867, 0.0 ], [ -114.766983030503795, 50.245525350007668, 0.0 ], [ -114.767776490262193, 50.24522018022261, 0.0 ], [ -114.768569949518593, 50.243999469862253, 0.0 ], [ -114.768043520188399, 50.243099209741999, 0.0 ], [ -114.763031009871, 50.240924830157049, 0.0 ], [ -114.761993409399295, 50.240867610366408, 0.0 ], [ -114.762260439910094, 50.238780969825413, 0.0 ], [ -114.762687680553697, 50.235515590426218, 0.0 ], [ -114.7629318202939, 50.234668729988677, 0.0 ], [ -114.761627200187505, 50.233715049816063, 0.0 ], [ -114.755821230024495, 50.231800070340903, 0.0 ], [ -114.751899720372094, 50.227214809798333, 0.0 ], [ -114.747482300279898, 50.224723809764811, 0.0 ], [ -114.745300290508197, 50.222251889968597, 0.0 ], [ -114.744789120262794, 50.218223569958823, 0.0 ], [ -114.749008179374101, 50.214916219799228, 0.0 ], [ -114.743659969970395, 50.212730400380423, 0.0 ], [ -114.741127010653202, 50.212394710050617, 0.0 ], [ -114.739593509433504, 50.211658469715523, 0.0 ], [ -114.737556459616599, 50.20883178043826, 0.0 ], [ -114.738876340184504, 50.202667230327009, 0.0 ], [ -114.736297609767604, 50.20063017972128, 0.0 ], [ -114.735649110057807, 50.199928280444823, 0.0 ], [ -114.734298709356196, 50.198474880224758, 0.0 ], [ -114.733062739895502, 50.197158809815107, 0.0 ], [ -114.731742859377604, 50.195739739969852, 0.0 ], [ -114.730979919774299, 50.194026939930083, 0.0 ], [ -114.728797910229503, 50.192813869867067, 0.0 ], [ -114.728179930048796, 50.192173000332502, 0.0 ], [ -114.724670410292703, 50.190177909573173, 0.0 ], [ -114.724777219685905, 50.186992639570512, 0.0 ], [ -114.725486760108495, 50.186107629907312, 0.0 ], [ -114.723937990293706, 50.183876030076277, 0.0 ], [ -114.727851870420395, 50.178588860102607, 0.0 ], [ -114.730911249977794, 50.176033010448563, 0.0 ], [ -114.730438230418699, 50.174171439572319, 0.0 ], [ -114.730667109318006, 50.17119598033883, 0.0 ], [ -114.732627870073003, 50.169300069643953, 0.0 ], [ -114.725341799896299, 50.161354060191357, 0.0 ], [ -114.726318359823594, 50.160736080288103, 0.0 ], [ -114.725692750526306, 50.160758969561194, 0.0 ], [ -114.727456426466006, 50.159172437050103, 0.0 ], [ -114.727775978726797, 50.155077778569883, 0.0 ], [ -114.727456426107395, 50.148252570816858, 0.0 ], [ -114.725219551331307, 50.145385692780152, 0.0 ], [ -114.725752141340806, 50.143952189836561, 0.0 ], [ -114.725432587621199, 50.141631189384853, 0.0 ], [ -114.727083612871198, 50.139378344001557, 0.0 ], [ -114.727935755668398, 50.137876388790438, 0.0 ], [ -114.727775979214996, 50.136886437898312, 0.0 ], [ -114.727669461253896, 50.135486817642366, 0.0 ], [ -114.6841036861085, 50.135486817811703, 0.0 ], [ -114.684722900080004, 50.177013389819201, 0.0 ], [ -114.679359440542498, 50.178218840053617, 0.0 ], [ -114.678176880311099, 50.178428640137341, 0.0 ], [ -114.673964523710495, 50.178037451062643, 0.0 ], [ -114.671328208398194, 50.17703980365264, 0.0 ], [ -114.667673316804397, 50.176425858318161, 0.0 ], [ -114.665336583433998, 50.177653743354767, 0.0 ], [ -114.663239512857601, 50.178459526017363, 0.0 ], [ -114.661981272517806, 50.179495511747348, 0.0 ], [ -114.659165208766794, 50.180109418886751, 0.0 ], [ -114.656280520278798, 50.181182849849563, 0.0 ], [ -114.651401666582601, 50.181598366075498, 0.0 ], [ -114.649514303253895, 50.181540815346743, 0.0 ], [ -114.647716816423994, 50.182231429949873, 0.0 ], [ -114.645649705531298, 50.183382433709227, 0.0 ], [ -114.643223097386496, 50.183612630595498, 0.0 ], [ -114.638549628936602, 50.183957924920144, 0.0 ], [ -114.632766720489897, 50.182865140298262, 0.0 ], [ -114.629472315553798, 50.182922035748113, 0.0 ], [ -114.625877341184307, 50.179814231867788, 0.0 ], [ -114.623091234772502, 50.180101999810198, 0.0 ], [ -114.620844375353002, 50.180389767116402, 0.0 ], [ -114.618867139120198, 50.1795264618275, 0.0 ], [ -114.613654424085496, 50.18033221405247, 0.0 ], [ -114.607992337808895, 50.182058777072811, 0.0 ], [ -114.605850219686801, 50.182250969893879, 0.0 ], [ -114.605743410218196, 50.177974689917207, 0.0 ], [ -114.6053260656345, 50.176169019826013, 0.0 ], [ -114.604846734950797, 50.174212001714963, 0.0 ], [ -114.605247500267495, 50.171451560184977, 0.0 ], [ -114.605552669394697, 50.168983449918542, 0.0 ], [ -114.6045471546106, 50.167150721101763, 0.0 ], [ -114.604393010011293, 50.164848319637073, 0.0 ], [ -114.604057309468104, 50.164474480405573, 0.0 ], [ -114.601311676459702, 50.16035709059431, 0.0 ], [ -114.599873686659095, 50.159397461201507, 0.0 ], [ -114.598196031515798, 50.15774685192391, 0.0 ], [ -114.595886230166897, 50.158161159908772, 0.0 ], [ -114.593822143795194, 50.158169105574657, 0.0 ], [ -114.590347001413704, 50.158476197133297, 0.0 ], [ -114.586402889990495, 50.160671229874943, 0.0 ], [ -114.583961490008306, 50.16115950999837, 0.0 ], [ -114.581283569601098, 50.161205289990647, 0.0 ], [ -114.579202576479801, 50.160779321773759, 0.0 ], [ -114.573806759841602, 50.16254423995175, 0.0 ], [ -114.571533296383507, 50.162314677268078, 0.0 ], [ -114.570182799837298, 50.163547510440992, 0.0 ], [ -114.567016599322997, 50.164558399802807, 0.0 ], [ -114.564109800019494, 50.165199270449023, 0.0 ], [ -114.561546330051598, 50.165390009878777, 0.0 ], [ -114.558771134316004, 50.165960945731001, 0.0 ], [ -114.559609961945995, 50.167572892411599, 0.0 ], [ -114.560089292583996, 50.169031272740959, 0.0 ], [ -114.561126709926199, 50.171001430231343, 0.0 ], [ -114.563232420368394, 50.174697870427877, 0.0 ], [ -114.564033510472001, 50.175533290304642, 0.0 ], [ -114.565986629549101, 50.179595940103653, 0.0 ], [ -114.567222599806698, 50.181339260269382, 0.0 ], [ -114.569041142455504, 50.181533883386997, 0.0 ], [ -114.5704678323238, 50.183876102875587, 0.0 ], [ -114.570574639072106, 50.187103822233283, 0.0 ], [ -114.570534693031206, 50.188459307633202, 0.0 ], [ -114.570255082388798, 50.188970801876302, 0.0 ], [ -114.569549559546701, 50.189079279964517, 0.0 ], [ -114.568130489573903, 50.189365379910818, 0.0 ], [ -114.565781335709303, 50.189405567427322, 0.0 ], [ -114.563105077106499, 50.189559012948052, 0.0 ], [ -114.560229096689596, 50.19042852908435, 0.0 ], [ -114.556554233546706, 50.191451468743793, 0.0 ], [ -114.555076298942893, 50.191656054982452, 0.0 ], [ -114.5534385883537, 50.192167513575178, 0.0 ], [ -114.551121825711803, 50.192397668762403, 0.0 ], [ -114.549484115295698, 50.192218660288809, 0.0 ], [ -114.543692210224805, 50.190121642968563, 0.0 ], [ -114.538579355315804, 50.188740630242208, 0.0 ], [ -114.534664826936407, 50.187973383260328, 0.0 ], [ -114.530191079451001, 50.187001519788147, 0.0 ], [ -114.5252609303528, 50.186363209696502, 0.0 ], [ -114.521888730330204, 50.186397549615513, 0.0 ], [ -114.519577029900105, 50.185989370215957, 0.0 ], [ -114.515731290395905, 50.185518112303541, 0.0 ], [ -114.512935199313205, 50.184955426917959, 0.0 ], [ -114.510009770371695, 50.184074399813547, 0.0 ], [ -114.508621228310901, 50.183318490336482, 0.0 ], [ -114.500000000391395, 50.184040060273837, 0.0 ], [ -114.494480991592695, 50.183574265308863, 0.0 ], [ -114.4873709305039, 50.183881193431773, 0.0 ], [ -114.482417852460401, 50.183062713302057, 0.0 ], [ -114.477344942608198, 50.183650997447593, 0.0 ], [ -114.473823550477405, 50.182483670142851, 0.0 ], [ -114.470154992232395, 50.1805816098856, 0.0 ], [ -114.468077894816304, 50.180044447156121, 0.0 ], [ -114.465201914386498, 50.179942129104333, 0.0 ], [ -114.462685431884594, 50.179021261732061, 0.0 ], [ -114.461646884140393, 50.179123582352297, 0.0 ], [ -114.460648279598999, 50.179635175943638, 0.0 ], [ -114.456374253102993, 50.180300239614027, 0.0 ], [ -114.454376220163198, 50.180438989942907, 0.0 ], [ -114.4499432421227, 50.181502447283442, 0.0 ], [ -114.447850166796997, 50.182423266483482, 0.0 ], [ -114.445485473630399, 50.183681689942148, 0.0 ], [ -114.443775862105994, 50.184745698017707, 0.0 ], [ -114.442321894333404, 50.185860835158252, 0.0 ], [ -114.442130162162002, 50.186454199157261, 0.0 ], [ -114.442753291035004, 50.187395382569107, 0.0 ], [ -114.443232621252704, 50.188602526812247, 0.0 ], [ -114.444862344227701, 50.19210102526857, 0.0 ], [ -114.444542789518493, 50.194228640561263, 0.0 ], [ -114.445117985406497, 50.195456068576163, 0.0 ], [ -114.445117985774203, 50.19680620324003, 0.0 ], [ -114.445629271887995, 50.19795174233623, 0.0 ], [ -114.446524020705596, 50.200201827314608, 0.0 ], [ -114.446396200428097, 50.201715460198677, 0.0 ], [ -114.442817202130598, 50.204047180433513, 0.0 ], [ -114.438726918721002, 50.207237771008501, 0.0 ], [ -114.435699460407506, 50.208568570074988, 0.0 ], [ -114.435676569719902, 50.209018699980533, 0.0 ], [ -114.435563341059407, 50.210080489075303, 0.0 ], [ -114.436777643521594, 50.210653103096512, 0.0 ], [ -114.439397981572696, 50.211021208102039, 0.0 ], [ -114.4409866302165, 50.210594169884153, 0.0 ], [ -114.441570944319906, 50.211471109760822, 0.0 ], [ -114.441040039403205, 50.212162010056467, 0.0 ], [ -114.439971920476495, 50.212974539692318, 0.0 ], [ -114.438567142415806, 50.213229778093698, 0.0 ], [ -114.437800214562202, 50.21269809419789, 0.0 ], [ -114.435818983001397, 50.212207304436212, 0.0 ], [ -114.433326467055593, 50.212534498403819, 0.0 ], [ -114.430642219019106, 50.213475168166347, 0.0 ], [ -114.428277523935094, 50.213516066379917, 0.0 ], [ -114.4262962924726, 50.214579409229707, 0.0 ], [ -114.422333831136498, 50.215847209562988, 0.0 ], [ -114.417061016421997, 50.216430993756347, 0.0 ], [ -114.415235633723299, 50.215760800332077, 0.0 ], [ -114.414427675422104, 50.215593250274352, 0.0 ], [ -114.413589794087798, 50.215511868260748, 0.0 ], [ -114.4131334478285, 50.215578888328018, 0.0 ], [ -114.412692063882801, 50.215784734794767, 0.0 ], [ -114.411794333504602, 50.216296955011522, 0.0 ], [ -114.410612321361398, 50.216880976263667, 0.0 ], [ -114.409490160503594, 50.217637319085853, 0.0 ], [ -114.406288255894793, 50.21976267456553, 0.0 ], [ -114.404283325063005, 50.221753913827982, 0.0 ], [ -114.403505291496401, 50.223381307721233, 0.0 ], [ -114.402308317600898, 50.224453441567633, 0.0 ], [ -114.400273463405796, 50.228512018935419, 0.0 ], [ -114.399116520469306, 50.229202259946867, 0.0 ], [ -114.396951861330606, 50.230177466718807, 0.0 ], [ -114.394557914362693, 50.23107716802285, 0.0 ], [ -114.391086690718097, 50.232283122984519, 0.0 ], [ -114.3867476616781, 50.233125359025109, 0.0 ], [ -114.382438557606406, 50.233986722441131, 0.0 ], [ -114.380762794818395, 50.234254698344003, 0.0 ], [ -114.3788177125017, 50.234426967649988, 0.0 ], [ -114.3775908156979, 50.234503532311848, 0.0 ], [ -114.376723009631803, 50.234407826593227, 0.0 ], [ -114.375570922013097, 50.234867210424348, 0.0 ], [ -114.374822812899595, 50.2349629142116, 0.0 ], [ -114.374388909384393, 50.235154321550141, 0.0 ], [ -114.373850272145305, 50.2352213148774, 0.0 ], [ -114.373386444940095, 50.235374439812468, 0.0 ], [ -114.372473752450801, 50.235814673006928, 0.0 ], [ -114.372189471945106, 50.235958226652691, 0.0 ], [ -114.371980000723397, 50.236226192168942, 0.0 ], [ -114.370289276300596, 50.237106639247422, 0.0 ], [ -114.368104798530098, 50.238015777883561, 0.0 ], [ -114.367042484334306, 50.23850383594587, 0.0 ], [ -114.365508862823305, 50.238905761369203, 0.0 ], [ -114.363466527583398, 50.23912107729646, 0.0 ], [ -114.360481573421495, 50.239336392287193, 0.0 ], [ -114.359449183712599, 50.23933639175619, 0.0 ], [ -114.358327020795301, 50.239436872123619, 0.0 ], [ -114.357474177816798, 50.239393810314567, 0.0 ], [ -114.356441787957493, 50.239623478186118, 0.0 ], [ -114.355588944377402, 50.23976701998626, 0.0 ], [ -114.354825873375006, 50.240054101574117, 0.0 ], [ -114.353748598501198, 50.240441661346033, 0.0 ], [ -114.352693764734397, 50.241001463275254, 0.0 ], [ -114.350696314647806, 50.242379408013413, 0.0 ], [ -114.348205114663003, 50.24427401740386, 0.0 ], [ -114.346073004920697, 50.245781039273673, 0.0 ], [ -114.345377263892203, 50.246283368775629, 0.0 ], [ -114.344614193009804, 50.247173197611197, 0.0 ], [ -114.341502997461703, 50.248635280445981, 0.0 ], [ -114.340863365063797, 50.249248802373288, 0.0 ], [ -114.340349975110499, 50.249873081133302, 0.0 ], [ -114.339441023537304, 50.251272294873623, 0.0 ], [ -114.338195422336796, 50.253403328283341, 0.0 ], [ -114.338363746930497, 50.254694816006143, 0.0 ], [ -114.334896264445405, 50.255814078258723, 0.0 ], [ -114.333785322925706, 50.257579014029481, 0.0 ], [ -114.333145691197501, 50.258138614919091, 0.0 ], [ -114.332405063501398, 50.258461457708037, 0.0 ], [ -114.3320347495129, 50.258978002778697, 0.0 ], [ -114.329673769993505, 50.260593409981453, 0.0 ], [ -114.327658314303207, 50.262012589814873, 0.0 ], [ -114.324931459428299, 50.262529096215388, 0.0 ], [ -114.323584863476796, 50.262701263790227, 0.0 ], [ -114.322305599011102, 50.263024075987367, 0.0 ], [ -114.322137273352695, 50.26313167992592, 0.0 ], [ -114.322097780065604, 50.266181940431267, 0.0 ], [ -114.322120669433701, 50.280963889917217, 0.0 ], [ -114.322151179680603, 50.29526138011353, 0.0 ], [ -114.328216550487198, 50.295261379923573, 0.0 ], [ -114.345298769849094, 50.295261380441971, 0.0 ], [ -114.345336910376801, 50.304988850259662, 0.0 ], [ -114.345359800134503, 50.309776299621731, 0.0 ], [ -114.334587100203905, 50.30961989965455, 0.0 ], [ -114.3257827799263, 50.309490199847573, 0.0 ], [ -114.300666809668499, 50.309528339667281, 0.0 ], [ -114.294052119628702, 50.309535969857279, 0.0 ], [ -114.262306210227294, 50.309570310380558, 0.0 ], [ -114.236358639816302, 50.309593190294017, 0.0 ], [ -114.231353760302298, 50.309597009832963, 0.0 ], [ -114.230583190073105, 50.309597009747698, 0.0 ], [ -114.227653499520301, 50.309600819768427, 0.0 ], [ -114.207771299604403, 50.309612269594567, 0.0 ], [ -114.198837280441396, 50.309616079731903, 0.0 ], [ -114.167099000439805, 50.309619899609032, 0.0 ], [ -114.154327389742804, 50.309669490115901, 0.0 ], [ -114.139152529421693, 50.309726709708251, 0.0 ], [ -114.135650630215494, 50.309738149823872, 0.0 ], [ -114.133979799517405, 50.30973433976645, 0.0 ], [ -114.110221860217393, 50.309696190179721, 0.0 ], [ -114.104492190109497, 50.309684750020281, 0.0 ], [ -114.100372309671002, 50.309738149795159, 0.0 ], [ -114.070053099640305, 50.310123439783403, 0.0 ], [ -114.070129390408994, 50.304645530242482, 0.0 ], [ -114.070213320453405, 50.298095699677873, 0.0 ], [ -114.070373539768994, 50.285434719751727, 0.0 ], [ -114.070159910462493, 50.2661323497192, 0.0 ], [ -114.070152279581706, 50.26189802973856, 0.0 ], [ -114.070106509927399, 50.250064840384148, 0.0 ], [ -114.070091250394, 50.246799459970958, 0.0 ], [ -114.069831850542499, 50.236892689690869, 0.0 ], [ -114.069831849319797, 50.236679070134308, 0.0 ], [ -114.069572450435203, 50.227188099583458, 0.0 ], [ -114.068740840696805, 50.207557669780101, 0.0 ], [ -114.068481449428504, 50.194690700232819, 0.0 ], [ -114.068450929920502, 50.193588250148409, 0.0 ], [ -114.066276550500106, 50.193576810379341, 0.0 ], [ -114.061607360340105, 50.193546290115023, 0.0 ], [ -114.035057069834096, 50.193382260000988, 0.0 ], [ -114.027381900232399, 50.193477620380158, 0.0 ], [ -114.0000534102073, 50.193805690277927, 0.0 ], [ -114.000160220474598, 50.181220999668852, 0.0 ], [ -114.000076289959296, 50.160747519696592, 0.0 ], [ -114.0000762904249, 50.153297419988597, 0.0 ], [ -114.000076289363705, 50.150730129832432, 0.0 ], [ -114.000068660170299, 50.146366110319462, 0.0 ], [ -114.000076290658399, 50.14356993976881, 0.0 ], [ -114.000068660041507, 50.140266410353043, 0.0 ], [ -114.000053409740403, 50.119785299907683, 0.0 ], [ -114.000053409635598, 50.099304190059513, 0.0 ], [ -114.000030519004696, 50.078823079818562, 0.0 ], [ -114.000053409754301, 50.078044879694161, 0.0 ], [ -114.000053409461302, 50.077415460227627, 0.0 ], [ -114.000160220548395, 50.072174069611428, 0.0 ], [ -114.000076289964795, 50.072040550170627, 0.0 ], [ -114.000007630598802, 50.065563200297788, 0.0 ], [ -114.000038149616003, 50.058387750296873, 0.0 ], [ -114.000000000186304, 50.048404690085562, 0.0 ], [ -113.999999999853202, 50.047908779819387, 0.0 ], [ -114.0000000000353, 50.047515860357557, 0.0 ], [ -113.999839780405097, 50.03930282019531, 0.0 ], [ -113.999763490505899, 50.022823329656667, 0.0 ], [ -113.999748230126798, 50.005664820070479, 0.0 ], [ -113.9999999999675, 50.004657739950282, 0.0 ], [ -114.0009307899128, 50.00087356036169, 0.0 ], [ -114.000923160559594, 50.000000000188763, 0.0 ], [ -114.000762940280794, 49.990425099801421, 0.0 ], [ -114.000793460670295, 49.97402191031582, 0.0 ], [ -114.000793460694894, 49.972339620170771, 0.0 ], [ -114.000793459579796, 49.971729269661772, 0.0 ], [ -114.000801089494601, 49.970268239949519, 0.0 ], [ -114.000801090670294, 49.969657890147793, 0.0 ], [ -114.000816349712295, 49.962486260392318, 0.0 ], [ -114.000816350359401, 49.962314600251283, 0.0 ], [ -114.000816350585495, 49.962257379603393, 0.0 ], [ -114.000816349499999, 49.961193079725859, 0.0 ], [ -114.000831599705407, 49.957622520422582, 0.0 ], [ -114.000862120482495, 49.944454189782178, 0.0 ], [ -114.000869749542304, 49.941219319816597, 0.0 ], [ -114.000892639870202, 49.934120169780542, 0.0 ], [ -114.000892640449194, 49.930789939713137, 0.0 ], [ -114.000923159704499, 49.924816129918497, 0.0 ], [ -114.000953669490599, 49.911907190077727, 0.0 ], [ -114.000953670270405, 49.908416740376303, 0.0 ], [ -114.000846859940907, 49.899356839313469, 0.0 ], [ -114.0007705693627, 49.89202499029016, 0.0 ], [ -114.001220699932006, 49.875675189942143, 0.0 ], [ -114.001266479668601, 49.873657219556783, 0.0 ], [ -114.001273600605401, 49.873399989746979, 0.0 ], [ -113.232757569656698, 49.873416889642961, 0.0 ], [ -113.232757209924202, 49.87342827005245, 0.0 ], [ -113.232566830453095, 49.879474629872917, 0.0 ], [ -113.232559200428099, 49.894157400350593, 0.0 ], [ -113.232727050696695, 49.902633660034219, 0.0 ], [ -113.232719419428506, 49.90465544955731, 0.0 ], [ -113.232688899486106, 49.90986632987336, 0.0 ], [ -113.235588069356695, 49.909877770157678, 0.0 ], [ -113.254600520101505, 49.909942620010213, 0.0 ], [ -113.275871280101398, 49.910011280448721, 0.0 ], [ -113.275878909597907, 49.910087579592187, 0.0 ], [ -113.275878909764103, 49.910179130191167, 0.0 ], [ -113.275878910655905, 49.91026686994087, 0.0 ], [ -113.275878909452899, 49.91035841961704, 0.0 ], [ -113.275878910304499, 49.910446160263511, 0.0 ], [ -113.275878910485503, 49.910537709957701, 0.0 ], [ -113.275886540362094, 49.910625449773768, 0.0 ], [ -113.275878910108602, 49.910717000272307, 0.0 ], [ -113.275886541739297, 49.91080855996875, 0.0 ], [ -113.275878909746993, 49.910896289682228, 0.0 ], [ -113.2758865396316, 49.910984030393067, 0.0 ], [ -113.275886539448507, 49.911075589972327, 0.0 ], [ -113.275878910527197, 49.911167139584641, 0.0 ], [ -113.275886540442102, 49.911254880291992, 0.0 ], [ -113.275878910091194, 49.91134642988056, 0.0 ], [ -113.275886540058295, 49.911434169686238, 0.0 ], [ -113.275878909638394, 49.911525720171191, 0.0 ], [ -113.275886539625503, 49.911613459974546, 0.0 ], [ -113.275886538372305, 49.911705009630481, 0.0 ], [ -113.275886539868097, 49.911796560225788, 0.0 ], [ -113.275886540699602, 49.911884299952149, 0.0 ], [ -113.275886539433401, 49.911975849603998, 0.0 ], [ -113.275886540224604, 49.91206359022712, 0.0 ], [ -113.275878909707302, 49.91215513980211, 0.0 ], [ -113.275886540071198, 49.912246700357798, 0.0 ], [ -113.275886539489306, 49.912334440056917, 0.0 ], [ -113.275886539594296, 49.912425989722628, 0.0 ], [ -113.275886539662807, 49.912517540286323, 0.0 ], [ -113.275886540461102, 49.912605280002211, 0.0 ], [ -113.275886540553103, 49.912696829663808, 0.0 ], [ -113.275886539918403, 49.912784570255774, 0.0 ], [ -113.275886540001807, 49.912876119914628, 0.0 ], [ -113.275886539390996, 49.912963859604602, 0.0 ], [ -113.275886539433699, 49.913055410160148, 0.0 ], [ -113.275886540207395, 49.913143149868233, 0.0 ], [ -113.275886540241501, 49.91323470042105, 0.0 ], [ -113.275886539950505, 49.913326259966198, 0.0 ], [ -113.275886539671703, 49.913413989756563, 0.0 ], [ -113.275886539340107, 49.913505550198352, 0.0 ], [ -113.275886540093097, 49.913593289899893, 0.0 ], [ -113.275886540105603, 49.913684840445868, 0.0 ], [ -113.275886539457602, 49.913772580124132, 0.0 ], [ -113.275886539493598, 49.913864129768037, 0.0 ], [ -113.275886540198101, 49.913951870363739, 0.0 ], [ -113.2758865402255, 49.914043420004937, 0.0 ], [ -113.275886539561, 49.91413115967795, 0.0 ], [ -113.275886539547798, 49.914222710215803, 0.0 ], [ -113.275886539562194, 49.91431425985288, 0.0 ], [ -113.275886540246006, 49.914402000442053, 0.0 ], [ -113.275886540251804, 49.914493550076422, 0.0 ], [ -113.2758865399326, 49.914585108703108, 0.0 ], [ -113.275886540571804, 49.914672850187721, 0.0 ], [ -113.275886540564699, 49.914764399817983, 0.0 ], [ -113.275886539835, 49.914852140379907, 0.0 ], [ -113.275886539819297, 49.914943690007448, 0.0 ], [ -113.275886539799203, 49.91503523963361, 0.0 ], [ -113.275901790122106, 49.915122980223963, 0.0 ], [ -113.275886539735694, 49.915210719869641, 0.0 ], [ -113.275901789399498, 49.915302270403373, 0.0 ], [ -113.275886539633504, 49.91539382001185, 0.0 ], [ -113.275901790085001, 49.915481559698812, 0.0 ], [ -113.275901790036002, 49.915573110216513, 0.0 ], [ -113.2758865398186, 49.915664669713053, 0.0 ], [ -113.275901790663994, 49.915752400403257, 0.0 ], [ -113.275886540050195, 49.915840140037737, 0.0 ], [ -113.275901789561601, 49.915931699557731, 0.0 ], [ -113.275886539534696, 49.916023250053939, 0.0 ], [ -113.275901790155999, 49.916110989733824, 0.0 ], [ -113.275901790076702, 49.916202540241997, 0.0 ], [ -113.275901789340693, 49.916290279883938, 0.0 ], [ -113.275901790645705, 49.916381830410103, 0.0 ], [ -113.275901789901397, 49.916469570049429, 0.0 ], [ -113.275901789837107, 49.916561119652783, 0.0 ], [ -113.275886539581407, 49.916652670137367, 0.0 ], [ -113.275901790372302, 49.916740409810252, 0.0 ], [ -113.275901790262907, 49.916831960308848, 0.0 ], [ -113.275901789497894, 49.916919699941637, 0.0 ], [ -113.275901789379901, 49.917011250437547, 0.0 ], [ -113.275901789999594, 49.917098990088469, 0.0 ], [ -113.275901789552194, 49.917190549575331, 0.0 ], [ -113.275909419472995, 49.917282100148277, 0.0 ], [ -113.275901790028399, 49.917369839714112, 0.0 ], [ -113.275909419968897, 49.917461390284643, 0.0 ], [ -113.275901790487794, 49.917549129847558, 0.0 ], [ -113.275909420448002, 49.917640680415658, 0.0 ], [ -113.2759017895374, 49.917728419954983, 0.0 ], [ -113.275901789380598, 49.917819970438607, 0.0 ], [ -113.275909419402694, 49.917911520103672, 0.0 ], [ -113.275901789829902, 49.917999259659311, 0.0 ], [ -113.275909419839607, 49.918090810221351, 0.0 ], [ -113.275901790557995, 49.918182369631403, 0.0 ], [ -113.275909420259595, 49.918270100333693, 0.0 ], [ -113.275909419442399, 49.918357839945777, 0.0 ], [ -113.275909420309901, 49.918449400333792, 0.0 ], [ -113.275909420165107, 49.918540949907303, 0.0 ], [ -113.275909419303304, 49.918628690414813, 0.0 ], [ -113.275909420542803, 49.918720240006287, 0.0 ], [ -113.275909419704902, 49.918807979611827, 0.0 ], [ -113.275909419510796, 49.918899530079237, 0.0 ], [ -113.275909419344401, 49.91899107964592, 0.0 ], [ -113.275909419854898, 49.919078820167599, 0.0 ], [ -113.275909419679905, 49.919170369731553, 0.0 ], [ -113.275909420182202, 49.919258110250617, 0.0 ], [ -113.275909419998598, 49.919349659811857, 0.0 ], [ -113.275909420492596, 49.919437400328327, 0.0 ], [ -113.275909420300394, 49.919528949886853, 0.0 ], [ -113.275917049845802, 49.919616689565167, 0.0 ], [ -113.275909420232594, 49.919708249849577, 0.0 ], [ -113.275917050150795, 49.919795979632511, 0.0 ], [ -113.275909420500795, 49.91988753991393, 0.0 ], [ -113.275917049339498, 49.919979090429443, 0.0 ], [ -113.275917049850605, 49.920066830037527, 0.0 ], [ -113.275909420497698, 49.920158380421313, 0.0 ], [ -113.275917050113407, 49.92024612009152, 0.0 ], [ -113.275909419362705, 49.920337669552232, 0.0 ], [ -113.275917049643994, 49.92042922008234, 0.0 ], [ -113.275917050134296, 49.920516959683923, 0.0 ], [ -113.275917049872803, 49.920608510125611, 0.0 ], [ -113.275917050354906, 49.920696249724543, 0.0 ], [ -113.275917050084701, 49.920787800163517, 0.0 ], [ -113.275917050558704, 49.920875539759869, 0.0 ], [ -113.275917049927003, 49.920967100089193, 0.0 ], [ -113.275917049675897, 49.92105864962469, 0.0 ], [ -113.275917050105306, 49.921146390116462, 0.0 ], [ -113.275917049845702, 49.921237939649252, 0.0 ], [ -113.275917050266798, 49.921325680138438, 0.0 ], [ -113.275917049998597, 49.921417229668499, 0.0 ], [ -113.275917049693803, 49.921508780096538, 0.0 ], [ -113.275917050134595, 49.921596519682417, 0.0 ], [ -113.275917049821302, 49.921688070107763, 0.0 ], [ -113.275917050253895, 49.92177580969102, 0.0 ], [ -113.275917049931905, 49.921867360113623, 0.0 ], [ -113.275917050356298, 49.921955099694301, 0.0 ], [ -113.275917050025697, 49.922046650114197, 0.0 ], [ -113.275917050441805, 49.922134389692282, 0.0 ], [ -113.275917049749793, 49.922225950002513, 0.0 ], [ -113.275917049406303, 49.922317500418288, 0.0 ], [ -113.275917049809905, 49.922405239992422, 0.0 ], [ -113.275917049457902, 49.922496790405489, 0.0 ], [ -113.275917049853305, 49.922584529977037, 0.0 ], [ -113.275917049492605, 49.92267608038739, 0.0 ], [ -113.275917049879794, 49.92276381995633, 0.0 ], [ -113.275917049510497, 49.922855370363948, 0.0 ], [ -113.275917050561901, 49.922946919891551, 0.0 ], [ -113.275917049511506, 49.923034660335198, 0.0 ], [ -113.275917050554398, 49.923126209860072, 0.0 ], [ -113.275917049495803, 49.923213950301118, 0.0 ], [ -113.275917050529998, 49.923305499823257, 0.0 ], [ -113.275917049463203, 49.923393240261717, 0.0 ], [ -113.275917050135902, 49.923484799674213, 0.0 ], [ -113.275917049732001, 49.923576350070931, 0.0 ], [ -113.275917050077894, 49.92366408962679, 0.0 ], [ -113.275917049665395, 49.923755640020779, 0.0 ], [ -113.275917050003002, 49.923843379574031, 0.0 ], [ -113.275932310393401, 49.923934930126528, 0.0 ], [ -113.275917049879197, 49.924022670415333, 0.0 ], [ -113.275932310349702, 49.924114220066357, 0.0 ], [ -113.275917050440697, 49.92420577031239, 0.0 ], [ -113.275932310289207, 49.924293510000822, 0.0 ], [ -113.2759323098755, 49.924385060385568, 0.0 ], [ -113.2759323102119, 49.924472799929973, 0.0 ], [ -113.275932309436598, 49.924564360205103, 0.0 ], [ -113.275917049396, 49.924655909543439, 0.0 ], [ -113.275932309333896, 49.92474365012621, 0.0 ], [ -113.275932310323796, 49.924835199625477, 0.0 ], [ -113.275932310607402, 49.924922940062707, 0.0 ], [ -113.275932310163498, 49.925014490437952, 0.0 ], [ -113.275932310471006, 49.925102229973213, 0.0 ], [ -113.275932310018504, 49.925193780345708, 0.0 ], [ -113.2759323103177, 49.925281519878347, 0.0 ], [ -113.2759323098566, 49.925373070248149, 0.0 ], [ -113.275939939373998, 49.925464619789217, 0.0 ], [ -113.275932309677998, 49.925552360145268, 0.0 ], [ -113.275932310629102, 49.925643909632292, 0.0 ], [ -113.275932309482499, 49.925731650037037, 0.0 ], [ -113.275932310040005, 49.925823210313801, 0.0 ], [ -113.275932310663293, 49.925910939944259, 0.0 ], [ -113.275932309818998, 49.926002500197569, 0.0 ], [ -113.275939939405603, 49.926094049730153, 0.0 ], [ -113.275932309581293, 49.926181790076008, 0.0 ], [ -113.2759399402659, 49.926269519774642, 0.0 ], [ -113.275932309326706, 49.926361079949118, 0.0 ], [ -113.275939940313705, 49.926452630396973, 0.0 ], [ -113.275939940569003, 49.926540369911493, 0.0 ], [ -113.275939940062003, 49.926631920262359, 0.0 ], [ -113.275939939582699, 49.926723469712442, 0.0 ], [ -113.275932309630093, 49.926811210048108, 0.0 ], [ -113.275939940698706, 49.926902759590497, 0.0 ], [ -113.275939939508007, 49.92699049997713, 0.0 ], [ -113.275939940019697, 49.927082060234952, 0.0 ], [ -113.275939939518807, 49.927173609678228, 0.0 ], [ -113.275939939708906, 49.927261350081658, 0.0 ], [ -113.275939940560505, 49.927352900442301, 0.0 ], [ -113.275939939381203, 49.927440639923027, 0.0 ], [ -113.275939940224205, 49.927532190280978, 0.0 ], [ -113.275947569327798, 49.927619929834243, 0.0 ], [ -113.275939939871193, 49.927711480114297, 0.0 ], [ -113.275947570387999, 49.927799219685987, 0.0 ], [ -113.275939939501299, 49.927890769942323, 0.0 ], [ -113.275939940322701, 49.927982320293431, 0.0 ], [ -113.275947569476699, 49.928070059840913, 0.0 ], [ -113.275939939927397, 49.92816161011342, 0.0 ], [ -113.275947570494694, 49.928249349679312, 0.0 ], [ -113.275939940555503, 49.928340909841843, 0.0 ], [ -113.2759475700705, 49.92842864039104, 0.0 ], [ -113.275939940126506, 49.928520199651182, 0.0 ], [ -113.275947569972303, 49.928611750048823, 0.0 ], [ -113.275947570110205, 49.928699490431534, 0.0 ], [ -113.275947569546204, 49.928791039850452, 0.0 ], [ -113.275947569675793, 49.928878780230512, 0.0 ], [ -113.275947570496498, 49.928970329667443, 0.0 ], [ -113.275947570617902, 49.929058070044903, 0.0 ], [ -113.275939939471996, 49.929149620280093, 0.0 ], [ -113.275947569419102, 49.92924116976986, 0.0 ], [ -113.275947570921304, 49.929328910164138, 0.0 ], [ -113.275947569664993, 49.9294166496163, 0.0 ], [ -113.275947570427803, 49.929508199944443, 0.0 ], [ -113.275947569440007, 49.929599760143539, 0.0 ], [ -113.275947569917605, 49.929687489719448, 0.0 ], [ -113.275962830185307, 49.929779050071787, 0.0 ], [ -113.275947569666599, 49.929870600238438, 0.0 ], [ -113.275962829706302, 49.929958339839338, 0.0 ], [ -113.275947570515498, 49.930049890023433, 0.0 ], [ -113.275962830603603, 49.930137629622287, 0.0 ], [ -113.275947569954397, 49.930229179782351, 0.0 ], [ -113.275947570678298, 49.93032073009816, 0.0 ], [ -113.2759628294462, 49.930408469673303, 0.0 ], [ -113.275947570091702, 49.930500019849063, 0.0 ], [ -113.275962830269194, 49.930587760342263, 0.0 ], [ -113.275947569488395, 49.930679309594623, 0.0 ], [ -113.275962829714203, 49.930767050085819, 0.0 ], [ -113.275962830088204, 49.93085861028684, 0.0 ], [ -113.275962830535704, 49.930946339844773, 0.0 ], [ -113.275962829507804, 49.931037900022368, 0.0 ], [ -113.275962829947105, 49.931125629577693, 0.0 ], [ -113.275962830303797, 49.931217189773278, 0.0 ], [ -113.275947570655205, 49.931308739934103, 0.0 ], [ -113.275962829657701, 49.931396480397517, 0.0 ], [ -113.275962830386604, 49.931488029796618, 0.0 ], [ -113.275962830420099, 49.931575770137812, 0.0 ], [ -113.275962829714999, 49.931667320412807, 0.0 ], [ -113.275962830430998, 49.93175886980778, 0.0 ], [ -113.275962830452002, 49.931846610145058, 0.0 ], [ -113.275901790351995, 49.931961050146072, 0.0 ], [ -113.275901790552993, 49.93205261032778, 0.0 ], [ -113.275901789441505, 49.93214033984647, 0.0 ], [ -113.275901789633906, 49.932231900025492, 0.0 ], [ -113.275901790175098, 49.932323450310037, 0.0 ], [ -113.275901790091396, 49.932411189738573, 0.0 ], [ -113.275901790623905, 49.932502740020432, 0.0 ], [ -113.275901790499901, 49.932590480345688, 0.0 ], [ -113.275901789662598, 49.932682029704758, 0.0 ], [ -113.275901789530295, 49.932769770027441, 0.0 ], [ -113.275901790045694, 49.93286132030385, 0.0 ], [ -113.275901789937294, 49.932949059724592, 0.0 ], [ -113.275901789050707, 49.933040609977553, 0.0 ], [ -113.275901790593295, 49.933132170163653, 0.0 ], [ -113.275901789432197, 49.933219899666639, 0.0 ], [ -113.275901790668598, 49.933307640002248, 0.0 ], [ -113.275901789764802, 49.933399190249801, 0.0 ], [ -113.275901789896906, 49.933490750409717, 0.0 ], [ -113.275901790112599, 49.933578479928272, 0.0 ], [ -113.275901790236205, 49.933670040085438, 0.0 ], [ -113.275901789315, 49.933761590327499, 0.0 ], [ -113.275901790558606, 49.933849329755859, 0.0 ], [ -113.275901789628904, 49.933940879995198, 0.0 ], [ -113.275901789438706, 49.934028620299621, 0.0 ], [ -113.275909419850194, 49.93412016972534, 0.0 ], [ -113.275901789727499, 49.93420790995939, 0.0 ], [ -113.275901790173904, 49.934299460213992, 0.0 ], [ -113.275901789999395, 49.934387199613838, 0.0 ], [ -113.275901790437302, 49.934478749865747, 0.0 ], [ -113.275901790517594, 49.934570310009313, 0.0 ], [ -113.275901790651702, 49.93465804041152, 0.0 ], [ -113.275901790460694, 49.934745779806157, 0.0 ], [ -113.275901789488003, 49.934837330031897, 0.0 ], [ -113.275901789551199, 49.934928890170028, 0.0 ], [ -113.275901789347799, 49.935016629560707, 0.0 ], [ -113.275901789755395, 49.93510817980308, 0.0 ], [ -113.275909420253598, 49.935199730113617, 0.0 ], [ -113.275901789910804, 49.935287470330188, 0.0 ], [ -113.275901790337599, 49.935379019669099, 0.0 ], [ -113.275901790081406, 49.935466759952597, 0.0 ], [ -113.275901790499503, 49.93555830928878, 0.0 ], [ -113.275901790235096, 49.935646049569733, 0.0 ], [ -113.275901790612593, 49.935737599802543, 0.0 ], [ -113.275909420533694, 49.935825340151453, 0.0 ], [ -113.275901789315498, 49.935916890290251, 0.0 ], [ -113.275901789326895, 49.936008450411997, 0.0 ], [ -113.275901789426996, 49.936096179893987, 0.0 ], [ -113.275901789429795, 49.936187740013033, 0.0 ], [ -113.2759017905299, 49.936275480305547, 0.0 ], [ -113.275901789515899, 49.936367029608739, 0.0 ], [ -113.275901789858807, 49.936458579830642, 0.0 ], [ -113.275901789553004, 49.9365463200985, 0.0 ], [ -113.275901789887399, 49.936637870317668, 0.0 ], [ -113.275901789605498, 49.936725609683549, 0.0 ], [ -113.275901789931197, 49.936817159900023, 0.0 ], [ -113.275909419973203, 49.936904900235056, 0.0 ], [ -113.275901789926095, 49.936996450376412, 0.0 ], [ -113.275901789917896, 49.937088009582418, 0.0 ], [ -113.275901789936299, 49.937175739948103, 0.0 ], [ -113.275901789887399, 49.937267300050813, 0.0 ], [ -113.275901789897503, 49.937355030413848, 0.0 ], [ -113.275901789872094, 49.937446589614453, 0.0 ], [ -113.275901790163303, 49.937538139819992, 0.0 ], [ -113.275901789807904, 49.937625880072169, 0.0 ], [ -113.275901790090501, 49.937717430274994, 0.0 ], [ -113.275901789759004, 49.937805169625193, 0.0 ], [ -113.275901790033004, 49.937896719825311, 0.0 ], [ -113.275901789661106, 49.937984460072258, 0.0 ], [ -113.275901789926607, 49.938076010269668, 0.0 ], [ -113.275901789866595, 49.938167569459338, 0.0 ], [ -113.275901789835402, 49.938255299809327, 0.0 ], [ -113.275901789734704, 49.938346859895653, 0.0 ], [ -113.275901789695297, 49.938434590243041, 0.0 ], [ -113.275901789586001, 49.938526150326638, 0.0 ], [ -113.275901790610803, 49.938613889685818, 0.0 ], [ -113.275901789452504, 49.938705439852953, 0.0 ], [ -113.275901789683402, 49.938796990039428, 0.0 ], [ -113.275901790663696, 49.938884730294028, 0.0 ], [ -113.275901789524497, 49.938976279557693, 0.0 ], [ -113.275901790496604, 49.939064019809699, 0.0 ], [ -113.275901789316706, 49.939155569969998, 0.0 ], [ -113.275901790280599, 49.93924331021941, 0.0 ], [ -113.275901790485605, 49.939334860397743, 0.0 ], [ -113.275901790365296, 49.939426419568328, 0.0 ], [ -113.275901790276293, 49.939514149900027, 0.0 ], [ -113.275901790115199, 49.939605709967267, 0.0 ], [ -113.275901790017997, 49.939693440296388, 0.0 ], [ -113.275901789848305, 49.939785000360921, 0.0 ], [ -113.275901790059606, 49.93987654963167, 0.0 ], [ -113.275901789596702, 49.939964289849883, 0.0 ], [ -113.275901790523406, 49.940052030087521, 0.0 ], [ -113.275901790689701, 49.94014358025359, 0.0 ], [ -113.275901789458104, 49.940235130397546, 0.0 ], [ -113.275901790404404, 49.940322869731901, 0.0 ], [ -113.275901790557796, 49.940414419893877, 0.0 ], [ -113.275901789313195, 49.940505970033719, 0.0 ], [ -113.275901790214903, 49.940593710263506, 0.0 ], [ -113.275901790002195, 49.940685270314397, 0.0 ], [ -113.275901789887399, 49.940772999728452, 0.0 ], [ -113.275901789665994, 49.940864559776642, 0.0 ], [ -113.275901789510897, 49.940952290087438, 0.0 ], [ -113.275901790674496, 49.94104385015364, 0.0 ], [ -113.275901790158002, 49.941131590354892, 0.0 ], [ -113.275901790304701, 49.941223139605221, 0.0 ], [ -113.275901790414906, 49.941314689753547, 0.0 ], [ -113.275901789885907, 49.941402429950877, 0.0 ], [ -113.275901789353, 49.94149017014692, 0.0 ], [ -113.275901789450401, 49.94158172029119, 0.0 ], [ -113.275901789543397, 49.941673270434073, 0.0 ], [ -113.275901790423703, 49.941761009747538, 0.0 ], [ -113.275901790508001, 49.941852559887721, 0.0 ], [ -113.275901790234897, 49.941944119919512, 0.0 ], [ -113.275901790030304, 49.942031850214683, 0.0 ], [ -113.275901789748502, 49.942123410243802, 0.0 ], [ -113.275901789567698, 49.94221113963696, 0.0 ], [ -113.275909420494401, 49.942302699744708, 0.0 ], [ -113.275901790096597, 49.942390439867033, 0.0 ], [ -113.275901790150797, 49.942481989997653, 0.0 ], [ -113.275901789568294, 49.942569730178043, 0.0 ], [ -113.275901789613897, 49.942661280305941, 0.0 ], [ -113.275901789655194, 49.942752830432468, 0.0 ], [ -113.275901790485804, 49.942840569730258, 0.0 ], [ -113.275901789886802, 49.942928309905447, 0.0 ], [ -113.275901789915295, 49.943019860027903, 0.0 ], [ -113.275901789939297, 49.943111410148987, 0.0 ], [ -113.275901789327804, 49.943199150320233, 0.0 ], [ -113.275901789343294, 49.94329070043861, 0.0 ], [ -113.275909420142796, 49.943378439791019, 0.0 ], [ -113.275901790156198, 49.943469989844253, 0.0 ], [ -113.275901789805502, 49.943561549851559, 0.0 ], [ -113.275901790566905, 49.943649290036952, 0.0 ], [ -113.275901790560795, 49.943740840148521, 0.0 ], [ -113.275901789920397, 49.943828580310601, 0.0 ], [ -113.275901789905703, 49.94392013041945, 0.0 ], [ -113.275909420012297, 49.944011679691037, 0.0 ], [ -113.275901790659503, 49.944099419806413, 0.0 ], [ -113.275901790631806, 49.944190969911148, 0.0 ], [ -113.275901789970703, 49.944278710066691, 0.0 ], [ -113.275901789934395, 49.944370260168718, 0.0 ], [ -113.275901790658807, 49.944458000342387, 0.0 ], [ -113.275901790613901, 49.944549550441707, 0.0 ], [ -113.275901790211407, 49.944641110432627, 0.0 ], [ -113.275901789914897, 49.944728839789249, 0.0 ], [ -113.275901789503806, 49.944820399777491, 0.0 ], [ -113.275901790207499, 49.944908139944602, 0.0 ], [ -113.275901790141006, 49.944999690037093, 0.0 ], [ -113.275909419706295, 49.94508743024619, 0.0 ], [ -113.275901789367694, 49.945178980270661, 0.0 ], [ -113.275901790681999, 49.945270530379759, 0.0 ], [ -113.275901790003303, 49.945358269620272, 0.0 ], [ -113.275901789915295, 49.945449819705928, 0.0 ], [ -113.275901790590098, 49.945537559863943, 0.0 ], [ -113.275901790493407, 49.945629109946857, 0.0 ], [ -113.2759017900392, 49.945720669921457, 0.0 ], [ -113.275901789661006, 49.945808400161788, 0.0 ], [ -113.275901790591902, 49.945899960154357, 0.0 ], [ -113.275901790205495, 49.945987690392087, 0.0 ], [ -113.275901789733993, 49.94607925036123, 0.0 ], [ -113.275901790411993, 49.946166989610688, 0.0 ], [ -113.275901790285204, 49.946258539684109, 0.0 ], [ -113.275901790153995, 49.94635008975613, 0.0 ], [ -113.2759017893937, 49.946437829880352, 0.0 ], [ -113.275901790647595, 49.946529379970357, 0.0 ], [ -113.275901789879001, 49.94661712009195, 0.0 ], [ -113.275901789730696, 49.946708670158529, 0.0 ], [ -113.275901790347604, 49.946796410298226, 0.0 ], [ -113.275901790190602, 49.946887960362112, 0.0 ], [ -113.275901789675999, 49.94697952031764, 0.0 ], [ -113.275901790665799, 49.947067249661004, 0.0 ], [ -113.275901790142598, 49.947158809613803, 0.0 ], [ -113.275901790738899, 49.947246549746993, 0.0 ], [ -113.275901790560397, 49.947338099804021, 0.0 ], [ -113.275901789754599, 49.947425839913883, 0.0 ], [ -113.275901789567399, 49.947517389968212, 0.0 ], [ -113.275901789375894, 49.947608940021148, 0.0 ], [ -113.275901789951504, 49.947696680147807, 0.0 ], [ -113.275901789751302, 49.947788230198029, 0.0 ], [ -113.275901790318699, 49.947875970322052, 0.0 ], [ -113.275901790109899, 49.947967520369573, 0.0 ], [ -113.275901790701198, 49.948055259591648, 0.0 ], [ -113.2759017904838, 49.948146809636427, 0.0 ], [ -113.275901789640898, 49.948234549734543, 0.0 ], [ -113.275901789415002, 49.948326099776629, 0.0 ], [ -113.275901790225205, 49.948417659731057, 0.0 ], [ -113.275901789369897, 49.94850539982523, 0.0 ], [ -113.275901790524799, 49.948596949883928, 0.0 ], [ -113.275901790281495, 49.948688499920522, 0.0 ], [ -113.275901789413695, 49.948776240010758, 0.0 ], [ -113.275901789967705, 49.948863979221088, 0.0 ], [ -113.275901789679494, 49.948955530152972, 0.0 ], [ -113.275901789418995, 49.949047080184137, 0.0 ], [ -113.275901789928596, 49.949134820289913, 0.0 ], [ -113.2759017896595, 49.949226370318328, 0.0 ], [ -113.275901790160802, 49.949314110421497, 0.0 ], [ -113.275901789883093, 49.949405660447219, 0.0 ], [ -113.275901790408298, 49.949493399648389, 0.0 ], [ -113.275901790122006, 49.949584949671411, 0.0 ], [ -113.275901789212995, 49.949672689748617, 0.0 ], [ -113.275901789958695, 49.949764249682637, 0.0 ], [ -113.2759017896594, 49.94985579970156, 0.0 ], [ -113.275901790131797, 49.949943539795562, 0.0 ], [ -113.275901789823905, 49.950035089811749, 0.0 ], [ -113.275901789511707, 49.950126639826557, 0.0 ], [ -113.275901789971599, 49.950214379916623, 0.0 ], [ -113.275901790427497, 49.950302120005439, 0.0 ], [ -113.275901790102495, 49.950393670016183, 0.0 ], [ -113.275909419495804, 49.950485220079102, 0.0 ], [ -113.275901790216494, 49.950572960110442, 0.0 ], [ -113.275901789878503, 49.950664510117058, 0.0 ], [ -113.275901790313696, 49.950752250199322, 0.0 ], [ -113.275901789967094, 49.950843800203259, 0.0 ], [ -113.275901790394101, 49.95093154028293, 0.0 ], [ -113.275901789685605, 49.95102310017716, 0.0 ], [ -113.275909420279305, 49.9511108304158, 0.0 ], [ -113.275901789740502, 49.951202390252718, 0.0 ], [ -113.275901789372298, 49.95129394024984, 0.0 ], [ -113.275901789778601, 49.951381680322953, 0.0 ], [ -113.2759017894019, 49.951473230317347, 0.0 ], [ -113.27590942034, 49.95156477948705, 0.0 ], [ -113.275901789414505, 49.951652520379547, 0.0 ], [ -113.275901790418601, 49.951744070390561, 0.0 ], [ -113.275901789410398, 49.951831810436438, 0.0 ], [ -113.275901790405896, 49.951923360444717, 0.0 ], [ -113.275901789421496, 49.952011099588617, 0.0 ], [ -113.275901790408398, 49.952102649594217, 0.0 ], [ -113.275909419376006, 49.952190389691268, 0.0 ], [ -113.275901789976601, 49.952281950430113, 0.0 ], [ -113.275901789556599, 49.952373500410857, 0.0 ], [ -113.275901789945493, 49.952461239568962, 0.0 ], [ -113.275901789516993, 49.952552789546978, 0.0 ], [ -113.275909419928894, 49.952640529658972, 0.0 ], [ -113.275901789428303, 49.952732079577167, 0.0 ], [ -113.275901790380601, 49.952823629571803, 0.0 ], [ -113.275901789322802, 49.952911369602013, 0.0 ], [ -113.275901790266502, 49.953002919593942, 0.0 ], [ -113.275901790594403, 49.953090659642257, 0.0 ], [ -113.275901790135606, 49.953182209610773, 0.0 ], [ -113.275909420618106, 49.953269949714652, 0.0 ], [ -113.275901789987898, 49.953361499622247, 0.0 ], [ -113.275901790524699, 49.953453060399752, 0.0 ], [ -113.275901789437896, 49.953540800420789, 0.0 ], [ -113.275901790351497, 49.95363235040319, 0.0 ], [ -113.275901790650394, 49.953720090442381, 0.0 ], [ -113.275901790161498, 49.953811640401327, 0.0 ], [ -113.275901789668197, 49.953903190358908, 0.0 ], [ -113.275901789954602, 49.953990930394149, 0.0 ], [ -113.275901789452703, 49.954082480348987, 0.0 ], [ -113.275901789730995, 49.954170220381663, 0.0 ], [ -113.275901790614398, 49.954261770354499, 0.0 ], [ -113.275909419824004, 49.954349510423782, 0.0 ], [ -113.275901790365296, 49.95444106033397, 0.0 ], [ -113.275901789488501, 49.954532620175023, 0.0 ], [ -113.275901790099397, 49.954620350308112, 0.0 ], [ -113.275901790607904, 49.954711910167177, 0.0 ], [ -113.275901789463305, 49.954799650169939, 0.0 ], [ -113.275901790316595, 49.954891200133268, 0.0 ], [ -113.275909419596701, 49.954978940194458, 0.0 ], [ -113.275901790008405, 49.955070490094052, 0.0 ], [ -113.275901789454693, 49.955162040032548, 0.0 ], [ -113.275901789683402, 49.955249780049513, 0.0 ], [ -113.275901790515107, 49.955341330006007, 0.0 ], [ -113.275901789341503, 49.955429069999653, 0.0 ], [ -113.275901790164596, 49.95552061995344, 0.0 ], [ -113.275901790344705, 49.955608360864566, 0.0 ], [ -113.275901789797302, 49.955699909895543, 0.0 ], [ -113.275901790001299, 49.9557876499047, 0.0 ], [ -113.275901789413197, 49.955879199832331, 0.0 ], [ -113.275901789861393, 49.955970759672297, 0.0 ], [ -113.275909420656603, 49.95605849974033, 0.0 ], [ -113.275901789451893, 49.956150049601078, 0.0 ], [ -113.275901790208295, 49.956241600443299, 0.0 ], [ -113.275901790387394, 49.95632934044459, 0.0 ], [ -113.275901790562401, 49.956417080444602, 0.0 ], [ -113.2759017899442, 49.956508630362698, 0.0 ], [ -113.275901789321495, 49.956600180279409, 0.0 ], [ -113.275901789484095, 49.956687920275478, 0.0 ], [ -113.275901790246905, 49.956779470210193, 0.0 ], [ -113.275901790401306, 49.956867210203683, 0.0 ], [ -113.275901789761406, 49.956958760114951, 0.0 ], [ -113.275901789907607, 49.957046500105818, 0.0 ], [ -113.275901790299798, 49.957138059928113, 0.0 ], [ -113.275901789396997, 49.957225790002653, 0.0 ], [ -113.275901789780704, 49.957317349822233, 0.0 ], [ -113.275901790513302, 49.957408899747392, 0.0 ], [ -113.275901790638798, 49.957496639731758, 0.0 ], [ -113.2759017899687, 49.957588189633483, 0.0 ], [ -113.275901790656306, 49.957679740453912, 0.0 ], [ -113.275901789375197, 49.957767480413608, 0.0 ], [ -113.275901789484195, 49.957855220392737, 0.0 ], [ -113.275901790191, 49.957946770309754, 0.0 ], [ -113.2759017894994, 49.958038320204693, 0.0 ], [ -113.275901789596006, 49.958126060179872, 0.0 ], [ -113.275901790289893, 49.958217610092802, 0.0 ], [ -113.2759017903781, 49.958305350065423, 0.0 ], [ -113.275901789315995, 49.958396909847913, 0.0 ], [ -113.275901789996894, 49.958488459756722, 0.0 ], [ -113.275901790072695, 49.958576199725393, 0.0 ], [ -113.275901790497898, 49.958663929799762, 0.0 ], [ -113.275901789418498, 49.958755489576838, 0.0 ], [ -113.275901790050099, 49.958847040379581, 0.0 ], [ -113.275901790109501, 49.958934780343043, 0.0 ], [ -113.275901789370494, 49.959026330222983, 0.0 ], [ -113.275909419714594, 49.959117880169451, 0.0 ], [ -113.275901790068204, 49.959205620081782, 0.0 ], [ -113.275909419832104, 49.959293360087507, 0.0 ], [ -113.275901789354904, 49.959384909914547, 0.0 ], [ -113.275901789988495, 49.959476459808407, 0.0 ], [ -113.275901790018906, 49.959564199762731, 0.0 ], [ -113.275901790258402, 49.959655760446218, 0.0 ], [ -113.275901790666097, 49.959743489605579, 0.0 ], [ -113.275901789502896, 49.959835050265653, 0.0 ], [ -113.275901790114801, 49.959926600152663, 0.0 ], [ -113.275901790124607, 49.960014340100457, 0.0 ], [ -113.275901789333901, 49.960105889964048, 0.0 ], [ -113.275909420592896, 49.960193629978917, 0.0 ], [ -113.275901789930202, 49.960285179790823, 0.0 ], [ -113.275909419815207, 49.960372919782671, 0.0 ], [ -113.275901790509707, 49.96046446961229, 0.0 ], [ -113.275901789665298, 49.960556020368408, 0.0 ], [ -113.275901789646099, 49.96064376030705, 0.0 ], [ -113.275901790219294, 49.960735310181818, 0.0 ], [ -113.275909420154804, 49.960823050167903, 0.0 ], [ -113.275901790403196, 49.960914609882941, 0.0 ], [ -113.275909419318097, 49.961002339952962, 0.0 ], [ -113.275901789529499, 49.961093899664988, 0.0 ], [ -113.275901790049005, 49.961185450432339, 0.0 ], [ -113.275901789752595, 49.961257929948857, 0.0 ], [ -113.275901790296402, 49.961349479814317, 0.0 ], [ -113.275901790240795, 49.961437219741427, 0.0 ], [ -113.275901789381805, 49.961528769583467, 0.0 ], [ -113.275909419406304, 49.96161650955932, 0.0 ], [ -113.275901789812494, 49.961708060267391, 0.0 ], [ -113.2759094200986, 49.961799620070707, 0.0 ], [ -113.275901790258402, 49.961887350046631, 0.0 ], [ -113.275901790418601, 49.961978909795569, 0.0 ], [ -113.275901789533705, 49.962070459629423, 0.0 ], [ -113.275901789444902, 49.96215819954606, 0.0 ], [ -113.275909419893495, 49.962245929620813, 0.0 ], [ -113.275901789816501, 49.962337490211297, 0.0 ], [ -113.275909420525394, 49.962429040113101, 0.0 ], [ -113.275901790203307, 49.962516779971857, 0.0 ], [ -113.275909419537797, 49.962608329850518, 0.0 ], [ -113.275909420031397, 49.962699879695691, 0.0 ], [ -113.2759017896541, 49.96278761955007, 0.0 ], [ -113.275909419787595, 49.962875360409093, 0.0 ], [ -113.275901789966497, 49.962966910196627, 0.0 ], [ -113.275909420391301, 49.963058469982968, 0.0 ], [ -113.275909419230302, 49.963146199971668, 0.0 ], [ -113.2759094193447, 49.963237759701713, 0.0 ], [ -113.2759094197759, 49.963329310436713, 0.0 ], [ -113.275909419643199, 49.963417050335202, 0.0 ], [ -113.275909420098003, 49.963508600168133, 0.0 ], [ -113.275909419957102, 49.963596340064043, 0.0 ], [ -113.275909421797493, 49.963687889914979, 0.0 ], [ -113.275909420254095, 49.963775629787563, 0.0 ], [ -113.275909420691704, 49.963867179615029, 0.0 ], [ -113.275909419698607, 49.963958730319767, 0.0 ], [ -113.275909419537001, 49.964046470209148, 0.0 ], [ -113.275909419961593, 49.964138020032529, 0.0 ], [ -113.275909419791702, 49.964225759919302, 0.0 ], [ -113.275909419854301, 49.964317319632968, 0.0 ], [ -113.275917050559002, 49.964405049679613, 0.0 ], [ -113.275909420641099, 49.964500420169507, 0.0 ], [ -113.275909420454596, 49.964588160051008, 0.0 ], [ -113.275909420264099, 49.964675899931237, 0.0 ], [ -113.275909420658493, 49.964767449745104, 0.0 ], [ -113.275917049666006, 49.964855189658223, 0.0 ], [ -113.275909419419193, 49.964946740312477, 0.0 ], [ -113.275917049841098, 49.965034480244043, 0.0 ], [ -113.275909419589496, 49.965126029995908, 0.0 ], [ -113.275917050031495, 49.965213769925171, 0.0 ], [ -113.275909419743002, 49.965305319674073, 0.0 ], [ -113.275917050204995, 49.965393059600991, 0.0 ], [ -113.275917050547406, 49.96548461030347, 0.0 ], [ -113.275909419849697, 49.965576169940817, 0.0 ], [ -113.275917050695597, 49.965663899971268, 0.0 ], [ -113.275917050703697, 49.965755459663271, 0.0 ], [ -113.275917049432607, 49.965843189612997, 0.0 ], [ -113.275917049399993, 49.965934750201669, 0.0 ], [ -113.275917049514902, 49.966022480169507, 0.0 ], [ -113.275917049505793, 49.966114039856102, 0.0 ], [ -113.275917049845901, 49.966205589648297, 0.0 ], [ -113.275917050957005, 49.966293330425273, 0.0 ], [ -113.275917049894204, 49.966384880194063, 0.0 ], [ -113.275917049634998, 49.966472620048343, 0.0 ], [ -113.275917049957798, 49.966564169835117, 0.0 ], [ -113.275917050276206, 49.966655719620519, 0.0 ], [ -113.275917049972406, 49.966743460370232, 0.0 ], [ -113.275917049928793, 49.966835020045913, 0.0 ], [ -113.275917050002406, 49.966922750000677, 0.0 ], [ -113.275917049950195, 49.967014309673623, 0.0 ], [ -113.275917050015494, 49.967102039625793, 0.0 ], [ -113.275917049922597, 49.967193600195387, 0.0 ], [ -113.275917050210893, 49.967285149971232, 0.0 ], [ -113.275917049910305, 49.967372889812459, 0.0 ], [ -113.275917051584301, 49.967464439606317, 0.0 ], [ -113.275917049848999, 49.967552180323558, 0.0 ], [ -113.2759170501201, 49.96764373009399, 0.0 ], [ -113.275917049802999, 49.967731469930023, 0.0 ], [ -113.275917050065502, 49.967823019697718, 0.0 ], [ -113.275917050291497, 49.967914570363412, 0.0 ], [ -113.275917049962004, 49.968002310195487, 0.0 ], [ -113.275917049857995, 49.968093869852069, 0.0 ], [ -113.275917049873797, 49.968181599788572, 0.0 ], [ -113.275917049729102, 49.968273160341788, 0.0 ], [ -113.275917049965599, 49.968364710101291, 0.0 ], [ -113.275917049615401, 49.968452449926851, 0.0 ], [ -113.275917049843301, 49.968543999683618, 0.0 ], [ -113.275917049452801, 49.968631740405932, 0.0 ], [ -113.275917049672103, 49.968723290160007, 0.0 ], [ -113.275917049305505, 49.968811029980337, 0.0 ], [ -113.275917049516195, 49.968902579731683, 0.0 ], [ -113.275917049690406, 49.968994130381013, 0.0 ], [ -113.275917049311303, 49.969081870197407, 0.0 ], [ -113.275917049509104, 49.96917341994466, 0.0 ], [ -113.275917050516099, 49.969261159779187, 0.0 ], [ -113.275917050319705, 49.969352720316067, 0.0 ], [ -113.275917050309701, 49.969440449334932, 0.0 ], [ -113.275917050104695, 49.969532009869113, 0.0 ], [ -113.275917050054403, 49.969619739784697, 0.0 ], [ -113.2759170498407, 49.969711300316149, 0.0 ], [ -113.275932309404695, 49.969799040208038, 0.0 ], [ -113.275917049592096, 49.969890589858529, 0.0 ], [ -113.275917049751001, 49.969982139593519, 0.0 ], [ -113.275917049294407, 49.970069880294957, 0.0 ], [ -113.2759170494448, 49.970161430027233, 0.0 ], [ -113.275917050406505, 49.970249169847399, 0.0 ], [ -113.275917050548301, 49.970340719576967, 0.0 ], [ -113.275932309435504, 49.970432270271779, 0.0 ], [ -113.275917050208406, 49.970520010000037, 0.0 ], [ -113.275932311385503, 49.970607749903593, 0.0 ], [ -113.275917049883802, 49.970699299518429, 0.0 ], [ -113.2759170496184, 49.970790860033503, 0.0 ], [ -113.275932309827795, 49.97087859002032, 0.0 ], [ -113.275917050662798, 49.970970149564593, 0.0 ], [ -113.275932309718897, 49.971061700251937, 0.0 ], [ -113.2759170502638, 49.971149439968947, 0.0 ], [ -113.275932309400204, 49.971240989754868, 0.0 ], [ -113.275932310340096, 49.971328729559673, 0.0 ], [ -113.275932310426896, 49.971420280172531, 0.0 ], [ -113.275932309964105, 49.971508019954001, 0.0 ], [ -113.275932310074495, 49.971599569664797, 0.0 ], [ -113.275932309794896, 49.971691130166548, 0.0 ], [ -113.275917050465395, 49.971778859979359, 0.0 ], [ -113.275932309417101, 49.971870419650791, 0.0 ], [ -113.275932309477994, 49.97196197025545, 0.0 ], [ -113.275932310384803, 49.972049710049802, 0.0 ], [ -113.275932310246603, 49.972137439929149, 0.0 ], [ -113.275932309941098, 49.972229000422729, 0.0 ], [ -113.275932310016998, 49.972320550122618, 0.0 ], [ -113.275932309512797, 49.972408289891042, 0.0 ], [ -113.275932309580099, 49.972499839588153, 0.0 ], [ -113.275932311005306, 49.972591390204023, 0.0 ], [ -113.275932310488699, 49.972679129968498, 0.0 ], [ -113.275932310542998, 49.972770679661537, 0.0 ], [ -113.275932309986004, 49.972858420322787, 0.0 ], [ -113.275932309678097, 49.972949979906097, 0.0 ], [ -113.275939939998807, 49.973037709819963, 0.0 ], [ -113.275932310544505, 49.973129270273063, 0.0 ], [ -113.275939939490797, 49.973217000163913, 0.0 ], [ -113.275932310031607, 49.973308559714631, 0.0 ], [ -113.275939940392604, 49.973396289623871, 0.0 ], [ -113.275932309469795, 49.973487850050233, 0.0 ], [ -113.275932309485299, 49.97357939973103, 0.0 ], [ -113.275939939490996, 49.973667140429143, 0.0 ], [ -113.275932310292603, 49.973758690079329, 0.0 ], [ -113.275939940350497, 49.973846429875778, 0.0 ], [ -113.2759323096885, 49.973937980401587, 0.0 ], [ -113.275939939766602, 49.974025720195741, 0.0 ], [ -113.275932310494298, 49.97411726983988, 0.0 ], [ -113.275939940592494, 49.974205009631703, 0.0 ], [ -113.275939940556, 49.974296560201147, 0.0 ], [ -113.2759323094797, 49.974388119713019, 0.0 ], [ -113.275939939961901, 49.974475849608403, 0.0 ], [ -113.275932310211104, 49.974567410037317, 0.0 ], [ -113.275939939318803, 49.974655139909643, 0.0 ], [ -113.275939940301697, 49.974746700385992, 0.0 ], [ -113.2759399402714, 49.974838250047881, 0.0 ], [ -113.275939939665406, 49.974925989779869, 0.0 ], [ -113.2759399404178, 49.975013730430668, 0.0 ], [ -113.275939940374599, 49.975105280088513, 0.0 ], [ -113.275939940327106, 49.975196829744959, 0.0 ], [ -113.275939939672497, 49.975284570371102, 0.0 ], [ -113.275939939616407, 49.975376120024848, 0.0 ], [ -113.2759399405968, 49.975467679590892, 0.0 ], [ -113.275939940283394, 49.975555410320133, 0.0 ], [ -113.275939939644402, 49.975643150041712, 0.0 ], [ -113.275939939571103, 49.975734699690001, 0.0 ], [ -113.275939940502198, 49.975826260149987, 0.0 ], [ -113.275939940204395, 49.975913989974657, 0.0 ], [ -113.275947569339706, 49.976005549543117, 0.0 ], [ -113.275939939641702, 49.976097100054012, 0.0 ], [ -113.275939940372396, 49.976184839788473, 0.0 ], [ -113.275939940241003, 49.976276390327897, 0.0 ], [ -113.2759399395689, 49.976364130039002, 0.0 ], [ -113.275947570502098, 49.976455679729149, 0.0 ], [ -113.275939940143203, 49.976543420304978, 0.0 ], [ -113.275947569701501, 49.97663496997199, 0.0 ], [ -113.2759399395201, 49.976726530365269, 0.0 ], [ -113.275947570278703, 49.976814260230228, 0.0 ], [ -113.275939940092499, 49.976905819721132, 0.0 ], [ -113.2759475694766, 49.976993549563041, 0.0 ], [ -113.275947570361893, 49.977085110004118, 0.0 ], [ -113.275939939906607, 49.977172849670417, 0.0 ], [ -113.275947569502193, 49.977264400228258, 0.0 ], [ -113.275939939576901, 49.977355949818623, 0.0 ], [ -113.275947570052494, 49.977443689568467, 0.0 ], [ -113.275939940057995, 49.977535240055182, 0.0 ], [ -113.275947570553797, 49.977622979802717, 0.0 ], [ -113.275947570367904, 49.977714530320547, 0.0 ], [ -113.275947569643606, 49.977802270010919, 0.0 ], [ -113.275947569481303, 49.977893819626651, 0.0 ], [ -113.275939940434995, 49.977985380019497, 0.0 ], [ -113.2759475699403, 49.978073109847543, 0.0 ], [ -113.275947569379198, 49.978164670251523, 0.0 ], [ -113.275947570382499, 49.978252400063113, 0.0 ], [ -113.275947569845002, 49.978343959565017, 0.0 ], [ -113.275947571848903, 49.97843170018708, 0.0 ], [ -113.275947570261707, 49.978523249772529, 0.0 ], [ -113.275947569468102, 49.978610990350539, 0.0 ], [ -113.2759475706617, 49.978702539974783, 0.0 ], [ -113.275947570456196, 49.978794089576859, 0.0 ], [ -113.275947569650199, 49.978881830150932, 0.0 ], [ -113.275947569436099, 49.978973379750329, 0.0 ], [ -113.275947570016498, 49.979061120342507, 0.0 ], [ -113.2759475697938, 49.979152669939182, 0.0 ], [ -113.275962830571999, 49.979240409701212, 0.0 ], [ -113.275947570134605, 49.979331960122707, 0.0 ], [ -113.275962829566694, 49.979419699862021, 0.0 ], [ -113.275947570458698, 49.979511250300938, 0.0 ], [ -113.275962830149396, 49.979602809856772, 0.0 ], [ -113.2759475704122, 49.979690550366797, 0.0 ], [ -113.275947570159403, 49.979782099953958, 0.0 ], [ -113.275962830276498, 49.979873649613623, 0.0 ], [ -113.275947569046494, 49.979961390098097, 0.0 ], [ -113.275962830043497, 49.980049129851068, 0.0 ], [ -113.275947569311398, 49.980140680257648, 0.0 ], [ -113.275962829524801, 49.980232229913057, 0.0 ], [ -113.275947569559605, 49.980319970411912, 0.0 ], [ -113.275962829821097, 49.980411520065168, 0.0 ], [ -113.275962830571501, 49.980503080454739, 0.0 ], [ -113.275947569499195, 49.980590810135688, 0.0 ], [ -113.275962829479795, 49.980682369678718, 0.0 ], [ -113.275947569705096, 49.980770100276558, 0.0 ], [ -113.2759628297338, 49.980861659817492, 0.0 ], [ -113.275962830255196, 49.980949400382549, 0.0 ], [ -113.275962829970993, 49.981040949950923, 0.0 ], [ -113.275962829650197, 49.981132500417267, 0.0 ], [ -113.275962830191304, 49.98122024007904, 0.0 ], [ -113.275962829333693, 49.981307979718807, 0.0 ], [ -113.275962830394803, 49.981399530201841, 0.0 ], [ -113.275962830089, 49.98149107976338, 0.0 ], [ -113.275962830581506, 49.981578820319328, 0.0 ], [ -113.275962830267105, 49.981670369878159, 0.0 ], [ -113.275962829562502, 49.981761930227947, 0.0 ], [ -113.275962830428398, 49.981849659987603, 0.0 ], [ -113.275962829715198, 49.981941220334662, 0.0 ], [ -113.275962830572794, 49.982028950091731, 0.0 ], [ -113.275962829851096, 49.982120510436069, 0.0 ], [ -113.275962830346799, 49.982208250083509, 0.0 ], [ -113.2759628300022, 49.982299799632791, 0.0 ], [ -113.275962829621093, 49.982391350080057, 0.0 ], [ -113.275962830104405, 49.982479089723569, 0.0 ], [ -113.2759628297147, 49.982570640168127, 0.0 ], [ -113.275962830189698, 49.982658379809017, 0.0 ], [ -113.275962829791396, 49.982749930250868, 0.0 ], [ -113.275962830258194, 49.982837669889143, 0.0 ], [ -113.275962829851295, 49.98292922032828, 0.0 ], [ -113.275962830309894, 49.983016959963948, 0.0 ], [ -113.275962829894397, 49.983108510400378, 0.0 ], [ -113.275962830344795, 49.983196250033458, 0.0 ], [ -113.275962829952803, 49.983287799567798, 0.0 ], [ -113.275962830565504, 49.983379359913798, 0.0 ], [ -113.2759628295764, 49.983467100421578, 0.0 ], [ -113.2759628305663, 49.983558649972537, 0.0 ], [ -113.275962829601198, 49.983646389578347, 0.0 ], [ -113.275962830550299, 49.983737940025961, 0.0 ], [ -113.275962829576997, 49.98382567962917, 0.0 ], [ -113.2759628305175, 49.983917230074063, 0.0 ], [ -113.275962830091004, 49.984008779597467, 0.0 ], [ -113.275962830467805, 49.984096520116843, 0.0 ], [ -113.275962830032697, 49.984188069637568, 0.0 ], [ -113.275962830602197, 49.984279629969897, 0.0 ], [ -113.275962829957606, 49.984367359672298, 0.0 ], [ -113.275962830317994, 49.984455100186487, 0.0 ], [ -113.275962829865705, 49.984546649701727, 0.0 ], [ -113.275962830417996, 49.984638210028663, 0.0 ], [ -113.275962829403298, 49.984725949618813, 0.0 ], [ -113.275962830300699, 49.984817500050049, 0.0 ], [ -113.275962829831002, 49.984909049559818, 0.0 ], [ -113.275970459769496, 49.984996790090108, 0.0 ], [ -113.275962830530105, 49.985084529671788, 0.0 ], [ -113.275962830015501, 49.98517608007689, 0.0 ], [ -113.275962829528694, 49.985267629581237, 0.0 ], [ -113.2759628298477, 49.985355370082317, 0.0 ], [ -113.275970460421306, 49.985446919629418, 0.0 ], [ -113.275962829861299, 49.98553847989723, 0.0 ], [ -113.275970460256403, 49.985626209627107, 0.0 ], [ -113.275962829659505, 49.985717769891913, 0.0 ], [ -113.275970460074703, 49.985805499619467, 0.0 ], [ -113.275970460581107, 49.985897059927503, 0.0 ], [ -113.275962829730901, 49.985984800373259, 0.0 ], [ -113.275970460373998, 49.986076349911848, 0.0 ], [ -113.275962830037997, 49.986167900276143, 0.0 ], [ -113.275970460125393, 49.98628233987732, 0.0 ], [ -113.275970460437605, 49.986343380377789, 0.0 ], [ -113.275970459909203, 49.986434929864593, 0.0 ], [ -113.275978090584303, 49.986526480296121, 0.0 ], [ -113.275978089510502, 49.986614219859142, 0.0 ], [ -113.275993350093401, 49.986705770313229, 0.0 ], [ -113.275993350434007, 49.986793509894653, 0.0 ], [ -113.275993349895401, 49.986885060274453, 0.0 ], [ -113.275993350425694, 49.986976619667217, 0.0 ], [ -113.275993349326896, 49.987064360123362, 0.0 ], [ -113.276000980147103, 49.987155909645971, 0.0 ], [ -113.276000980448799, 49.987243650120391, 0.0 ], [ -113.276000979935304, 49.98733519959417, 0.0 ], [ -113.276000979385202, 49.987426749965927, 0.0 ], [ -113.2760086097081, 49.987514489562699, 0.0 ], [ -113.276016240574805, 49.987606039977933, 0.0 ], [ -113.276016239488698, 49.987693780425353, 0.0 ], [ -113.276016239825594, 49.987781519992893, 0.0 ], [ -113.276016240678004, 49.987873070378917, 0.0 ], [ -113.276016240163202, 49.987964619843467, 0.0 ], [ -113.276016240455604, 49.988052360306433, 0.0 ], [ -113.276031491764996, 49.988143909694728, 0.0 ], [ -113.276031490681902, 49.988231650134651, 0.0 ], [ -113.276031489792999, 49.988323210386397, 0.0 ], [ -113.276031490680595, 49.988414759865158, 0.0 ], [ -113.276039119743004, 49.98850250032644, 0.0 ], [ -113.276046749413894, 49.988594049806842, 0.0 ], [ -113.276046749732799, 49.988681790261253, 0.0 ], [ -113.276046750632204, 49.988773339734891, 0.0 ], [ -113.276046749548001, 49.98886108016594, 0.0 ], [ -113.276046750438695, 49.98895262963687, 0.0 ], [ -113.276062010385303, 49.989044180034909, 0.0 ], [ -113.276062009348493, 49.989131919562993, 0.0 ], [ -113.276069639941994, 49.98921966003433, 0.0 ], [ -113.276062010540997, 49.989311210375043, 0.0 ], [ -113.276069640344602, 49.989402759843458, 0.0 ], [ -113.276069640668098, 49.989490500286578, 0.0 ], [ -113.2760772701523, 49.989582059645201, 0.0 ], [ -113.276077269440194, 49.989669790172137, 0.0 ], [ -113.276077269964205, 49.989761350423748, 0.0 ], [ -113.276077269474797, 49.989852899860928, 0.0 ], [ -113.2760772697915, 49.989940640297633, 0.0 ], [ -113.276092530093706, 49.990032189781182, 0.0 ], [ -113.276092530429906, 49.990119930215577, 0.0 ], [ -113.276092529952294, 49.990211479647627, 0.0 ], [ -113.276092529438202, 49.990303029977618, 0.0 ], [ -113.276100160218803, 49.990390770432498, 0.0 ], [ -113.276107790214098, 49.990482319884627, 0.0 ], [ -113.276107790557404, 49.990570060312777, 0.0 ], [ -113.276123049691705, 49.990661609764757, 0.0 ], [ -113.276107790621694, 49.990753169975498, 0.0 ], [ -113.276123050613805, 49.990840910426783, 0.0 ], [ -113.276123049959295, 49.990928640036977, 0.0 ], [ -113.2761230501482, 49.990985859781681, 0.0 ], [ -113.276123049829906, 49.991054530845233, 0.0 ], [ -113.276100160426196, 49.991146080231239, 0.0 ], [ -113.276077269536302, 49.991237629589683, 0.0 ], [ -113.276077269757195, 49.991325370905649, 0.0 ], [ -113.2760620101961, 49.991413110386652, 0.0 ], [ -113.276046749727399, 49.991504659761169, 0.0 ], [ -113.276039120660798, 49.991592400164151, 0.0 ], [ -113.276031489349705, 49.991683949542256, 0.0 ], [ -113.276016240159706, 49.991767880157219, 0.0 ], [ -113.276016239969707, 49.991863240380013, 0.0 ], [ -113.276039119670997, 49.99195097979495, 0.0 ], [ -113.276046749336402, 49.992042540021167, 0.0 ], [ -113.276046750042596, 49.992134090343242, 0.0 ], [ -113.276062010329298, 49.992221829886567, 0.0 ], [ -113.276077269594097, 49.992309560412899, 0.0 ], [ -113.276077270023805, 49.992401119725123, 0.0 ], [ -113.276092529559804, 49.992492670058219, 0.0 ], [ -113.276092529815102, 49.99258040955754, 0.0 ], [ -113.276107789428295, 49.99267195988682, 0.0 ], [ -113.276123049939699, 49.992759700316597, 0.0 ], [ -113.276123049393505, 49.992851249709261, 0.0 ], [ -113.276130680483902, 49.992938991029298, 0.0 ], [ -113.276153560012304, 49.993030540310123, 0.0 ], [ -113.276153560354004, 49.993118279802793, 0.0 ], [ -113.276161189324597, 49.993209830094322, 0.0 ], [ -113.276176450111095, 49.99329756961275, 0.0 ], [ -113.2761764496084, 49.99338911989765, 0.0 ], [ -113.276191710439093, 49.993476860311709, 0.0 ], [ -113.276191709988893, 49.993568409694873, 0.0 ], [ -113.276206969500905, 49.993656150084448, 0.0 ], [ -113.276206970401802, 49.993747701284633, 0.0 ], [ -113.276222230256806, 49.993839259681558, 0.0 ], [ -113.276229860276004, 49.99392700006419, 0.0 ], [ -113.276252749976194, 49.994014729652797, 0.0 ], [ -113.276252750625403, 49.994106289842087, 0.0 ], [ -113.276260379688793, 49.994194020306153, 0.0 ], [ -113.276268010054594, 49.994285579592592, 0.0 ], [ -113.276283260693901, 49.994377129737003, 0.0 ], [ -113.276290889489601, 49.994464870089097, 0.0 ], [ -113.276290890543393, 49.994556420379347, 0.0 ], [ -113.276313780271195, 49.99464415984405, 0.0 ], [ -113.276313779964696, 49.994735710111307, 0.0 ], [ -113.2763214102836, 49.994823449578767, 0.0 ], [ -113.276329039761407, 49.994914999839587, 0.0 ], [ -113.276336670096001, 49.99500274020339, 0.0 ], [ -113.276336669848007, 49.995094289566318, 0.0 ], [ -113.276359559857895, 49.995182029917068, 0.0 ], [ -113.276367189447797, 49.995273580171308, 0.0 ], [ -113.276367190075405, 49.995361319635528, 0.0 ], [ -113.276382449563002, 49.995452869880481, 0.0 ], [ -113.276390080267703, 49.995544430043708, 0.0 ], [ -113.276412959407097, 49.995632170214819, 0.0 ], [ -113.276412960455204, 49.995719899781733, 0.0 ], [ -113.276420589852194, 49.995811459919203, 0.0 ], [ -113.276428219627505, 49.995903010162159, 0.0 ], [ -113.276443480234903, 49.995990749599663, 0.0 ], [ -113.276443479894795, 49.996078480040573, 0.0 ], [ -113.276458739366603, 49.996170040161488, 0.0 ], [ -113.276466370110796, 49.99625777960371, 0.0 ], [ -113.276466370016806, 49.996349329849593, 0.0 ], [ -113.276481629958596, 49.996440880071809, 0.0 ], [ -113.276489259347599, 49.996528620388133, 0.0 ], [ -113.276496889364793, 49.996620169718923, 0.0 ], [ -113.276512150259293, 49.996707910039987, 0.0 ], [ -113.276519780307694, 49.996799460266651, 0.0 ], [ -113.276527400040294, 49.996887200431473, 0.0 ], [ -113.276542660274899, 49.996978749741153, 0.0 ], [ -113.276542659716299, 49.997066490062572, 0.0 ], [ -113.276557919995895, 49.997158040267792, 0.0 ], [ -113.276573179784407, 49.997245779655898, 0.0 ], [ -113.276573179845897, 49.997337329888907, 0.0 ], [ -113.276580809502505, 49.99742507018945, 0.0 ], [ -113.276588439406794, 49.997516630296218, 0.0 ], [ -113.276603699926696, 49.997608179591658, 0.0 ], [ -113.276611329669294, 49.997695919887263, 0.0 ], [ -113.276611329781701, 49.997787470114218, 0.0 ], [ -113.276626589805801, 49.997875210388642, 0.0 ], [ -113.276641849913602, 49.997962949761003, 0.0 ], [ -113.276641850071201, 49.998054499984512, 0.0 ], [ -113.276649479933496, 49.998142240272607, 0.0 ], [ -113.276657100634793, 49.99823379032852, 0.0 ], [ -113.276672360082799, 49.998325339587062, 0.0 ], [ -113.276679990031099, 49.99841307987024, 0.0 ], [ -113.276687620003202, 49.998500820151953, 0.0 ], [ -113.276702879548907, 49.9985923703033, 0.0 ], [ -113.276710510200004, 49.998683919596409, 0.0 ], [ -113.276710509868707, 49.998771659896299, 0.0 ], [ -113.276733399934699, 49.99886321001793, 0.0 ], [ -113.276733399636797, 49.998950950315638, 0.0 ], [ -113.276741030385594, 49.999042499602517, 0.0 ], [ -113.276748660539596, 49.999130239873281, 0.0 ], [ -113.276756289556104, 49.999221799928662, 0.0 ], [ -113.276771550586503, 49.999309530277742, 0.0 ], [ -113.276779169899598, 49.999401090184527, 0.0 ], [ -113.276786800549203, 49.999488819656612, 0.0 ], [ -113.276786800555499, 49.999580379752842, 0.0 ], [ -113.276809689479606, 49.999668110025453, 0.0 ], [ -113.276809689520803, 49.99975967011941, 0.0 ], [ -113.276817319880493, 49.999847410377733, 0.0 ], [ -113.276832580067094, 49.999938959599298, 0.0 ], [ -113.2768402096861, 50.000030509746964, 0.0 ], [ -113.276840209528999, 50.00011825002975, 0.0 ], [ -113.276847839984697, 50.000205990282033, 0.0 ], [ -113.2768402098271, 50.000297539605391, 0.0 ], [ -113.276847839468104, 50.000389090647218, 0.0 ], [ -113.276863100659995, 50.000476829966509, 0.0 ], [ -113.276847839769104, 50.000568380215142, 0.0 ], [ -113.276863099582101, 50.000656120411072, 0.0 ], [ -113.276863100063196, 50.000747669698839, 0.0 ], [ -113.276863100154003, 50.000839229777519, 0.0 ], [ -113.2768631003552, 50.000926960156072, 0.0 ], [ -113.276863100198597, 50.001014700426289, 0.0 ], [ -113.276863100308802, 50.001106259601563, 0.0 ], [ -113.2768630993409, 50.001197809761159, 0.0 ], [ -113.276863099763901, 50.001289359940081, 0.0 ], [ -113.276863099590699, 50.001377100205019, 0.0 ], [ -113.276870730229604, 50.001464840440072, 0.0 ], [ -113.276870730686497, 50.001556389715716, 0.0 ], [ -113.276870729711405, 50.001647939868647, 0.0 ], [ -113.276878360394704, 50.001735680099841, 0.0 ], [ -113.276870729947404, 50.001827230299448, 0.0 ], [ -113.276878360683, 50.001914969628977, 0.0 ], [ -113.276878359705293, 50.002006519776643, 0.0 ], [ -113.276878359764794, 50.002098079836557, 0.0 ], [ -113.276893620047602, 50.002185820011931, 0.0 ], [ -113.276893620481204, 50.002277370176508, 0.0 ], [ -113.276893620318205, 50.002365110427682, 0.0 ], [ -113.276893619380104, 50.002456659669463, 0.0 ], [ -113.276893620033306, 50.002563470141922, 0.0 ], [ -113.276893619625298, 50.002635950077163, 0.0 ], [ -113.2768936194459, 50.002723690323172, 0.0 ], [ -113.276893619885897, 50.002815239580222, 0.0 ], [ -113.2768936202894, 50.002906789735242, 0.0 ], [ -113.276901249760598, 50.002994529928458, 0.0 ], [ -113.276893620492402, 50.00308608012962, 0.0 ], [ -113.2769012502213, 50.003177640124939, 0.0 ], [ -113.276901250416699, 50.003265369570933, 0.0 ], [ -113.276901250459403, 50.00335692961221, 0.0 ], [ -113.276908870227501, 50.003444669654208, 0.0 ], [ -113.276908870629796, 50.003536219800012, 0.0 ], [ -113.276908869632393, 50.003627769923703, 0.0 ], [ -113.276908869435104, 50.003715510155573, 0.0 ], [ -113.276916500420398, 50.003803250358409, 0.0 ], [ -113.276908869651194, 50.003894799627183, 0.0 ], [ -113.276916499852106, 50.003986349717962, 0.0 ], [ -113.276916499652202, 50.004074089944787, 0.0 ], [ -113.276916500038894, 50.004165640081197, 0.0 ], [ -113.276916499830804, 50.0042533803054, 0.0 ], [ -113.276916500208898, 50.00434493043911, 0.0 ], [ -113.276916500260995, 50.004436489565023, 0.0 ], [ -113.276931760205002, 50.004524219796252, 0.0 ], [ -113.276931760008296, 50.004611960015538, 0.0 ], [ -113.276931760044405, 50.00470352003704, 0.0 ], [ -113.276931760429903, 50.004795070164228, 0.0 ], [ -113.276939390182903, 50.004882810331402, 0.0 ], [ -113.276931760629793, 50.004974359604709, 0.0 ], [ -113.276939390403001, 50.00506209976956, 0.0 ], [ -113.276939389390407, 50.005153649870728, 0.0 ], [ -113.276939389768799, 50.005245199991258, 0.0 ], [ -113.276947019586302, 50.005332940152257, 0.0 ], [ -113.276939389922703, 50.005424490318063, 0.0 ], [ -113.276947019792502, 50.005512229577377, 0.0 ], [ -113.276947020168294, 50.00560377969262, 0.0 ], [ -113.276947019949802, 50.005691519896537, 0.0 ], [ -113.276947020316996, 50.005783070009073, 0.0 ], [ -113.276947020090205, 50.005870810210361, 0.0 ], [ -113.276947020094994, 50.005962370213112, 0.0 ], [ -113.276947020449299, 50.006053920321563, 0.0 ], [ -113.276962280533098, 50.006141660424163, 0.0 ], [ -113.276947020587798, 50.006233209725274, 0.0 ], [ -113.276962279324806, 50.006320949805179, 0.0 ], [ -113.276962279690807, 50.006412499908443, 0.0 ], [ -113.276962279463007, 50.00650024010092, 0.0 ], [ -113.276969910053197, 50.006591790154118, 0.0 ], [ -113.276969909830996, 50.006679530344122, 0.0 ], [ -113.276969910194396, 50.006771080442128, 0.0 ], [ -113.276969910585507, 50.006862629639393, 0.0 ], [ -113.276977540640502, 50.006950369778188, 0.0 ], [ -113.276977539609902, 50.00704191985151, 0.0 ], [ -113.276977539380894, 50.007129660035133, 0.0 ], [ -113.276977539383395, 50.007221220019417, 0.0 ], [ -113.276977539735299, 50.007312770109387, 0.0 ], [ -113.276992800215794, 50.007400510194458, 0.0 ], [ -113.276977539837205, 50.007492060376308, 0.0 ], [ -113.276992800398403, 50.007579799560027, 0.0 ], [ -113.276992799366596, 50.007671349624133, 0.0 ], [ -113.276992799725903, 50.007762899707593, 0.0 ], [ -113.276992799491694, 50.007850639881042, 0.0 ], [ -113.276992800648799, 50.007938380073917, 0.0 ], [ -113.276992799599896, 50.008029930132608, 0.0 ], [ -113.276992799942093, 50.008121480210633, 0.0 ], [ -113.277000430180294, 50.008209220332148, 0.0 ], [ -113.277000430528403, 50.008300770407601, 0.0 ], [ -113.277000430315496, 50.008388509674013, 0.0 ], [ -113.277008059437605, 50.008480069572201, 0.0 ], [ -113.277000430636306, 50.008571619711027, 0.0 ], [ -113.277008059543604, 50.008659359805698, 0.0 ], [ -113.277008059649702, 50.008747090073477, 0.0 ], [ -113.277008059632706, 50.008838650033873, 0.0 ], [ -113.277008059965098, 50.008930200099918, 0.0 ], [ -113.277023319543801, 50.009017940142733, 0.0 ], [ -113.2770233198966, 50.009109490206413, 0.0 ], [ -113.277023319656095, 50.009197230360883, 0.0 ], [ -113.277023320000296, 50.009288780421812, 0.0 ], [ -113.277023320372294, 50.009380329582022, 0.0 ], [ -113.277023320119397, 50.009468069732527, 0.0 ], [ -113.277023320450695, 50.009559619789393, 0.0 ], [ -113.2770233201895, 50.009647359937347, 0.0 ], [ -113.277030939725293, 50.00973891967238, 0.0 ], [ -113.277023320476601, 50.009830469937107, 0.0 ], [ -113.277030939798294, 50.009918209869447, 0.0 ], [ -113.277030940122501, 50.010009759919598, 0.0 ], [ -113.277030939854498, 50.01009750006115, 0.0 ], [ -113.277038569577201, 50.010189050041937, 0.0 ], [ -113.277038569314897, 50.010276790181052, 0.0 ], [ -113.277038569636403, 50.010368340225931, 0.0 ], [ -113.277038569953504, 50.010459890269431, 0.0 ], [ -113.277046200538294, 50.010547630358772, 0.0 ], [ -113.277046199465701, 50.010639180378973, 0.0 ], [ -113.277046200624397, 50.010726919633051, 0.0 ], [ -113.277046199543193, 50.010818469650538, 0.0 ], [ -113.277046199499495, 50.010910029580309, 0.0 ], [ -113.277046200613498, 50.010997769729798, 0.0 ], [ -113.277046200681795, 50.011085499964381, 0.0 ], [ -113.277046200625307, 50.011177059890102, 0.0 ], [ -113.277061460074293, 50.011268609789227, 0.0 ], [ -113.277046200620106, 50.011356350045062, 0.0 ], [ -113.277061460117494, 50.011447899942112, 0.0 ], [ -113.277061459839004, 50.011535640063357, 0.0 ], [ -113.277061460143699, 50.011627190089627, 0.0 ], [ -113.277061459857094, 50.011714930208292, 0.0 ], [ -113.277069089816493, 50.011806480165852, 0.0 ], [ -113.277069090122794, 50.011898030188192, 0.0 ], [ -113.277069089837497, 50.011985770303063, 0.0 ], [ -113.277076719487596, 50.012077330149538, 0.0 ], [ -113.277069089841703, 50.012165060434938, 0.0 ], [ -113.277076719511598, 50.012256620278997, 0.0 ], [ -113.277076719609894, 50.012344349596539, 0.0 ], [ -113.277076719518803, 50.012435910403163, 0.0 ], [ -113.2770767196088, 50.012523639718083, 0.0 ], [ -113.277076719541398, 50.012615199622623, 0.0 ], [ -113.277076719823398, 50.012706749632862, 0.0 ], [ -113.277076719514895, 50.012794489736123, 0.0 ], [ -113.277091979456998, 50.01288603961271, 0.0 ], [ -113.277076720057394, 50.012977589749767, 0.0 ], [ -113.277091979462, 50.013065329718799, 0.0 ], [ -113.277099610437205, 50.013153069772109, 0.0 ], [ -113.277091979450105, 50.013244619819531, 0.0 ], [ -113.277099610678505, 50.013336179668713, 0.0 ], [ -113.2770919794214, 50.013423909914962, 0.0 ], [ -113.277099610669595, 50.013515469761721, 0.0 ], [ -113.277107240667505, 50.013603199895257, 0.0 ], [ -113.277099610643901, 50.013694759849407, 0.0 ], [ -113.277107239499003, 50.013786309757798, 0.0 ], [ -113.277107240592301, 50.013874049866708, 0.0 ], [ -113.277107239476294, 50.013965599837761, 0.0 ], [ -113.277107240561307, 50.014053339944063, 0.0 ], [ -113.277107239436802, 50.014144889912387, 0.0 ], [ -113.277107239703497, 50.014236439900067, 0.0 ], [ -113.277107239380399, 50.014324179981713, 0.0 ], [ -113.277122500601195, 50.014411919952948, 0.0 ], [ -113.277107239307298, 50.014503470045703, 0.0 ], [ -113.277122499413196, 50.0145950297916, 0.0 ], [ -113.277122499455302, 50.014682759975429, 0.0 ], [ -113.277122499371401, 50.014774319848151, 0.0 ], [ -113.277130129552702, 50.014862049964428, 0.0 ], [ -113.277130130870404, 50.014953609855333, 0.0 ], [ -113.277130129746297, 50.015045159810477, 0.0 ], [ -113.277130129427704, 50.015132899880818, 0.0 ], [ -113.277137757913707, 50.015220639864317, 0.0 ], [ -113.277137759582601, 50.015312189857028, 0.0 ], [ -113.277137759851499, 50.015403739827612, 0.0 ], [ -113.277137760115906, 50.015495289796831, 0.0 ], [ -113.277137759790605, 50.015583029860792, 0.0 ], [ -113.277153020012406, 50.015670769793751, 0.0 ], [ -113.277137759713, 50.015762319888623, 0.0 ], [ -113.277153020215493, 50.015853879616209, 0.0 ], [ -113.277153020255398, 50.015941609782352, 0.0 ], [ -113.277153020169294, 50.016033169636628, 0.0 ], [ -113.277153020200899, 50.016120899800143, 0.0 ], [ -113.277153020106198, 50.016212459651719, 0.0 ], [ -113.277153020360899, 50.016304009608959, 0.0 ], [ -113.277153020026304, 50.016391749661459, 0.0 ], [ -113.277160639478595, 50.016483300285287, 0.0 ], [ -113.2771530199296, 50.016571039665934, 0.0 ], [ -113.2771606394016, 50.016662590287339, 0.0 ], [ -113.277168269511094, 50.016750330270447, 0.0 ], [ -113.277160639307894, 50.016841880284041, 0.0 ], [ -113.277168270022599, 50.016933430167917, 0.0 ], [ -113.277168269686797, 50.017021170211557, 0.0 ], [ -113.277168269577899, 50.017112730049789, 0.0 ], [ -113.277183530623702, 50.017200460069297, 0.0 ], [ -113.277183530535297, 50.017292019905113, 0.0 ], [ -113.277183530564699, 50.017379750050928, 0.0 ], [ -113.277183530467696, 50.01747130988403, 0.0 ], [ -113.277183530135005, 50.017559049920173, 0.0 ], [ -113.277183530383198, 50.017650599857632, 0.0 ], [ -113.277183530627099, 50.017742149793712, 0.0 ], [ -113.277183530282002, 50.01782988982594, 0.0 ], [ -113.277183530517206, 50.017921439759313, 0.0 ], [ -113.277191159414201, 50.018009179704457, 0.0 ], [ -113.277183530390602, 50.018100729719563, 0.0 ], [ -113.277191160703595, 50.018188469683118, 0.0 ], [ -113.277191159540394, 50.018280019590513, 0.0 ], [ -113.277191159382497, 50.01837158030947, 0.0 ], [ -113.277198790093706, 50.018459310376279, 0.0 ], [ -113.277198789743494, 50.018547050398382, 0.0 ], [ -113.277198789973397, 50.018638600321182, 0.0 ], [ -113.277198789845102, 50.018730160135497, 0.0 ], [ -113.277206420256704, 50.018817900090269, 0.0 ], [ -113.277198789699398, 50.018909450072393, 0.0 ], [ -113.277206420131193, 50.018997190024827, 0.0 ], [ -113.277206420354005, 50.019088739940983, 0.0 ], [ -113.277206420572497, 50.019180289855719, 0.0 ], [ -113.2772064202031, 50.019268029867497, 0.0 ], [ -113.277206419829596, 50.019355769878011, 0.0 ], [ -113.277206420618697, 50.019439690113558, 0.0 ], [ -113.277206419424502, 50.019531240002273, 0.0 ], [ -113.277221679675705, 50.019622799656872, 0.0 ], [ -113.277206420627905, 50.01971052993639, 0.0 ], [ -113.277221679531493, 50.019802089568131, 0.0 ], [ -113.277206420647005, 50.019893639638603, 0.0 ], [ -113.277221679338297, 50.019981380373473, 0.0 ], [ -113.277206420388396, 50.020072930440591, 0.0 ], [ -113.277221680556295, 50.020160670294828, 0.0 ], [ -113.277229310358095, 50.020252220110393, 0.0 ], [ -113.277221680361606, 50.020339960190142, 0.0 ], [ -113.277229310183202, 50.020431510003299, 0.0 ], [ -113.277221680150106, 50.020519250080163, 0.0 ], [ -113.277229309991597, 50.020610799890882, 0.0 ], [ -113.277229309826794, 50.020702359675973, 0.0 ], [ -113.277229309783095, 50.020790089773158, 0.0 ], [ -113.277229309609694, 50.020881649555513, 0.0 ], [ -113.277229309557697, 50.020969379650118, 0.0 ], [ -113.2772293107395, 50.021060940349827, 0.0 ], [ -113.277229310325396, 50.021148680334719, 0.0 ], [ -113.277229310488707, 50.021240230218737, 0.0 ], [ -113.277236940424402, 50.021331780019402, 0.0 ], [ -113.277236940011804, 50.021419520000507, 0.0 ], [ -113.277236940176707, 50.021511069880582, 0.0 ], [ -113.277236939755895, 50.0215988098591, 0.0 ], [ -113.2772369399121, 50.021690359736432, 0.0 ], [ -113.277236939483103, 50.021778099712357, 0.0 ], [ -113.277236939630797, 50.021869649586982, 0.0 ], [ -113.277236940589404, 50.021957389581033, 0.0 ], [ -113.277236939300394, 50.022048940331558, 0.0 ], [ -113.277236940477096, 50.022140500115718, 0.0 ], [ -113.277236940607395, 50.022232049984851, 0.0 ], [ -113.2772369401535, 50.022319789952917, 0.0 ], [ -113.277236939695598, 50.022407529919683, 0.0 ], [ -113.277236939813093, 50.022499079784787, 0.0 ], [ -113.277236939346906, 50.022586819748952, 0.0 ], [ -113.277236939455904, 50.02267836961132, 0.0 ], [ -113.2772521995375, 50.022769920210997, 0.0 ], [ -113.277236940445505, 50.022857660352663, 0.0 ], [ -113.277252200607606, 50.022949210050847, 0.0 ], [ -113.277252200148595, 50.02303695000878, 0.0 ], [ -113.277252200264996, 50.023128499864647, 0.0 ], [ -113.277252200023099, 50.023220059612029, 0.0 ], [ -113.277252199905504, 50.023307789673133, 0.0 ], [ -113.277252199622893, 50.023399350317149, 0.0 ], [ -113.277252199496999, 50.023487080375638, 0.0 ], [ -113.277259829370806, 50.02357864003784, 0.0 ], [ -113.277259830292707, 50.023666380007512, 0.0 ], [ -113.277259830393405, 50.023757929854, 0.0 ], [ -113.277259830489797, 50.023849479699123, 0.0 ], [ -113.277259830003402, 50.023937219644097, 0.0 ], [ -113.277259830058995, 50.024028770385833, 0.0 ], [ -113.277259829564301, 50.024116510328227, 0.0 ], [ -113.277259829643398, 50.024208060167886, 0.0 ], [ -113.277259830536494, 50.024295800128428, 0.0 ], [ -113.277259830607093, 50.024387349965387, 0.0 ], [ -113.277267460594899, 50.024478909615077, 0.0 ], [ -113.277259830157902, 50.024566639736832, 0.0 ], [ -113.277267460133402, 50.024658200283461, 0.0 ], [ -113.277267459977594, 50.024745930323967, 0.0 ], [ -113.277267459687195, 50.024837490047162, 0.0 ], [ -113.277267460565298, 50.024925229998708, 0.0 ], [ -113.277267460620195, 50.025016779826288, 0.0 ], [ -113.277282709643202, 50.025104520331048, 0.0 ], [ -113.277267460140393, 50.025196069579323, 0.0 ], [ -113.277282709789603, 50.025287619979977, 0.0 ], [ -113.277282709856195, 50.02537916980237, 0.0 ], [ -113.277282709341193, 50.025466909725587, 0.0 ], [ -113.277282710218103, 50.025554649668308, 0.0 ], [ -113.277282710271905, 50.025646199486637, 0.0 ], [ -113.277282709935307, 50.025737760095843, 0.0 ], [ -113.277282709757699, 50.025825490120987, 0.0 ], [ -113.277282710618195, 50.025913230058478, 0.0 ], [ -113.277282710654802, 50.026004779871379, 0.0 ], [ -113.277282710333196, 50.026096339575773, 0.0 ], [ -113.277282709752996, 50.026184080387956, 0.0 ], [ -113.277282709776699, 50.026275630196757, 0.0 ], [ -113.277282709795998, 50.026367180004208, 0.0 ], [ -113.277282710631596, 50.026454919933798, 0.0 ], [ -113.277282710642297, 50.026546469738527, 0.0 ], [ -113.277290340690797, 50.026634209568122, 0.0 ], [ -113.277282710043707, 50.026725760346167, 0.0 ], [ -113.277290340112302, 50.026813500173454, 0.0 ], [ -113.277282709460295, 50.02690505004913, 0.0 ], [ -113.277290339770005, 50.026996609663811, 0.0 ], [ -113.2772903395486, 50.027084339670807, 0.0 ], [ -113.277290340553606, 50.027175900279133, 0.0 ], [ -113.277297969644707, 50.027263630186617, 0.0 ], [ -113.277290339956394, 50.027355189969029, 0.0 ], [ -113.2772979701098, 50.027442929787867, 0.0 ], [ -113.2772903393425, 50.027534479653639, 0.0 ], [ -113.277297969483897, 50.027622220369508, 0.0 ], [ -113.277297969467696, 50.027713770156851, 0.0 ], [ -113.277297969447105, 50.027805319942779, 0.0 ], [ -113.277297970244504, 50.02789305985182, 0.0 ], [ -113.2772979702154, 50.027984609635048, 0.0 ], [ -113.277313229870401, 50.028072350248259, 0.0 ], [ -113.277297969538594, 50.028163900200617, 0.0 ], [ -113.277313230670501, 50.028251639933181, 0.0 ], [ -113.277313230653107, 50.028343189711293, 0.0 ], [ -113.277313230245298, 50.028434750280248, 0.0 ], [ -113.277313229999507, 50.028522480266801, 0.0 ], [ -113.277313229615302, 50.0286140399337, 0.0 ], [ -113.277313230403394, 50.028701779831302, 0.0 ], [ -113.277313230364499, 50.028793329602578, 0.0 ], [ -113.277313230289096, 50.028884880271818, 0.0 ], [ -113.277313229668707, 50.028972620144764, 0.0 ], [ -113.277313229616894, 50.029064169911933, 0.0 ], [ -113.277313230384394, 50.029151909802991, 0.0 ], [ -113.277313230323898, 50.029243459567439, 0.0 ], [ -113.277313229654894, 50.029331200334532, 0.0 ], [ -113.2773132295859, 50.02942275009628, 0.0 ], [ -113.277313230554597, 50.029514309770263, 0.0 ], [ -113.277320859950706, 50.029602039646669, 0.0 ], [ -113.277313229791105, 50.029693600291047, 0.0 ], [ -113.277320860249603, 50.029781340078749, 0.0 ], [ -113.277313230439205, 50.029872889927901, 0.0 ], [ -113.277320859521694, 50.029960629692567, 0.0 ], [ -113.277320859404796, 50.030052180344271, 0.0 ], [ -113.277320859315793, 50.030143730095283, 0.0 ], [ -113.277320860047595, 50.030231469970808, 0.0 ], [ -113.277320859949995, 50.030323019719063, 0.0 ], [ -113.277328490461002, 50.030410760397672, 0.0 ], [ -113.2773284903693, 50.030502310143383, 0.0 ], [ -113.277328489702498, 50.030590049993108, 0.0 ], [ -113.277328489602198, 50.030681599736113, 0.0 ], [ -113.277328490323299, 50.030769339603978, 0.0 ], [ -113.2773284901822, 50.030860890243602, 0.0 ], [ -113.277328489714904, 50.03095244987535, 0.0 ], [ -113.277328490423599, 50.031040189739308, 0.0 ], [ -113.277328490269497, 50.031131740374818, 0.0 ], [ -113.277328489573804, 50.031219480215441, 0.0 ], [ -113.277343749367901, 50.031311029762989, 0.0 ], [ -113.277328490704704, 50.031402579701691, 0.0 ], [ -113.277343749977902, 50.031490319353061, 0.0 ], [ -113.277343750657593, 50.031578060108828, 0.0 ], [ -113.277343750538904, 50.031669609837159, 0.0 ], [ -113.277343750415994, 50.031761159564091, 0.0 ], [ -113.277343749687006, 50.031848900295223, 0.0 ], [ -113.2773437495553, 50.031940450019462, 0.0 ], [ -113.277343750461597, 50.032032009655893, 0.0 ], [ -113.277343750106297, 50.032119739590833, 0.0 ], [ -113.277343749575607, 50.032211300103192, 0.0 ], [ -113.277343750254303, 50.032299039949152, 0.0 ], [ -113.277343750101096, 50.032390589666548, 0.0 ], [ -113.277343747947, 50.032478330367823, 0.0 ], [ -113.277351379343301, 50.0325698800116, 0.0 ], [ -113.277343750411603, 50.032661429837248, 0.0 ], [ -113.277351379863703, 50.032749169564653, 0.0 ], [ -113.277343749466496, 50.032840720265888, 0.0 ], [ -113.277351380335006, 50.032928460011703, 0.0 ], [ -113.277351380166294, 50.033020009719714, 0.0 ], [ -113.277351379393394, 50.033107750432698, 0.0 ], [ -113.277351380612203, 50.033199300158721, 0.0 ], [ -113.277351379863305, 50.033287039969778, 0.0 ], [ -113.277351379677299, 50.03337858967236, 0.0 ], [ -113.277351380496995, 50.033470150186531, 0.0 ], [ -113.277351379735606, 50.033557889993638, 0.0 ], [ -113.277359009869699, 50.033649439601803, 0.0 ], [ -113.277359010477994, 50.033737180326533, 0.0 ], [ -113.277359010284997, 50.033828730022456, 0.0 ], [ -113.277359009521007, 50.033916469824497, 0.0 ], [ -113.277359010683497, 50.03400802043781, 0.0 ], [ -113.277359009911393, 50.034095760237221, 0.0 ], [ -113.2773590097012, 50.034187309927731, 0.0 ], [ -113.277366639887205, 50.034278860426397, 0.0 ], [ -113.277359010066107, 50.034366600332433, 0.0 ], [ -113.277366640304095, 50.034458149929328, 0.0 ], [ -113.277359010657605, 50.03454970961743, 0.0 ], [ -113.277366640672, 50.034637440326293, 0.0 ], [ -113.277366640096403, 50.03472899990161, 0.0 ], [ -113.277366640701302, 50.034816739711466, 0.0 ], [ -113.277366640259899, 50.034904469606417, 0.0 ], [ -113.277366639639297, 50.034996030077053, 0.0 ], [ -113.277366639400498, 50.035087579754062, 0.0 ], [ -113.277366640521393, 50.035179130349782, 0.0 ], [ -113.2773666397093, 50.035266870132382, 0.0 ], [ -113.2773666402896, 50.035354609934409, 0.0 ], [ -113.277366640033605, 50.035446159605982, 0.0 ], [ -113.277366639741004, 50.035537710175539, 0.0 ], [ -113.277366640308799, 50.035625449973651, 0.0 ], [ -113.277366640039901, 50.035716999641117, 0.0 ], [ -113.277366640567294, 50.035804740335998, 0.0 ], [ -113.277366640289699, 50.03589629000075, 0.0 ], [ -113.277381899454696, 50.035984029576802, 0.0 ], [ -113.2773819002077, 50.036075590052093, 0.0 ], [ -113.277381899946207, 50.036167139713058, 0.0 ], [ -113.277381900480705, 50.036254880401671, 0.0 ], [ -113.277381900210699, 50.036346430059908, 0.0 ], [ -113.277389530147303, 50.036434169738143, 0.0 ], [ -113.277381900458295, 50.036525720401478, 0.0 ], [ -113.277389530415206, 50.036613460077369, 0.0 ], [ -113.277381899324993, 50.036705009817631, 0.0 ], [ -113.277389529833101, 50.036796560281267, 0.0 ], [ -113.277381899538995, 50.036884300148529, 0.0 ], [ -113.2773895300992, 50.036975849710423, 0.0 ], [ -113.277397160088498, 50.037063590279551, 0.0 ], [ -113.277389530316199, 50.037155140033612, 0.0 ], [ -113.277397160357907, 50.037242879701068, 0.0 ], [ -113.277389530162395, 50.037334440244329, 0.0 ], [ -113.277397160578303, 50.037422170016619, 0.0 ], [ -113.277397159927304, 50.037513729550383, 0.0 ], [ -113.277397159593804, 50.037605280089203, 0.0 ], [ -113.277397160684401, 50.037696829748029, 0.0 ], [ -113.277397159780193, 50.037784570394017, 0.0 ], [ -113.277397160300495, 50.037872310160083, 0.0 ], [ -113.277397159982002, 50.037963859794139, 0.0 ], [ -113.277397159626901, 50.038055410326173, 0.0 ], [ -113.277397160134797, 50.038143150088317, 0.0 ], [ -113.2773971598033, 50.038234699718267, 0.0 ], [ -113.277397160270795, 50.038322440377158, 0.0 ], [ -113.277397159576594, 50.03841399989728, 0.0 ], [ -113.277397160422097, 50.038501729761379, 0.0 ], [ -113.277397159687197, 50.038593290178099, 0.0 ], [ -113.2773971593341, 50.038684839801228, 0.0 ], [ -113.277397159813106, 50.038772579554269, 0.0 ], [ -113.277397159419294, 50.038864130074018, 0.0 ], [ -113.277412409637805, 50.038951870367598, 0.0 ], [ -113.277397159487606, 50.039043420341493, 0.0 ], [ -113.277412409786905, 50.039131159733721, 0.0 ], [ -113.277412409404903, 50.03922271024836, 0.0 ], [ -113.277412410447099, 50.039314259883007, 0.0 ], [ -113.277412409528594, 50.039401999606412, 0.0 ], [ -113.277412410530104, 50.039493550137699, 0.0 ], [ -113.277420039480504, 50.039581289753293, 0.0 ], [ -113.277412410242107, 50.039672850279977, 0.0 ], [ -113.277420039566806, 50.03976058000039, 0.0 ], [ -113.277420040211496, 50.039852140419264, 0.0 ], [ -113.277420039841701, 50.039943690023762, 0.0 ], [ -113.277420038908204, 50.040031429738221, 0.0 ], [ -113.277420039893997, 50.040122980260143, 0.0 ], [ -113.277420039511199, 50.040214529860528, 0.0 ], [ -113.277420039961697, 50.040302269591777, 0.0 ], [ -113.2774276703814, 50.04039001011671, 0.0 ], [ -113.277427670000307, 50.040481559713228, 0.0 ], [ -113.277427670420295, 50.040569300340103, 0.0 ], [ -113.277427670030605, 50.040660849933921, 0.0 ], [ -113.277427669604407, 50.040752400425703, 0.0 ], [ -113.277427670044105, 50.040840140149271, 0.0 ], [ -113.277427670683807, 50.040931699652603, 0.0 ], [ -113.277427670244606, 50.04102325014027, 0.0 ], [ -113.277427670671898, 50.041110989859916, 0.0 ], [ -113.2774276702241, 50.041202540344891, 0.0 ], [ -113.277442929543, 50.041290279833873, 0.0 ], [ -113.277427670218998, 50.041381829644827, 0.0 ], [ -113.277442929554397, 50.041469570031161, 0.0 ], [ -113.277442930547096, 50.041561119632362, 0.0 ], [ -113.277442930106702, 50.041652670110828, 0.0 ], [ -113.277442930532999, 50.041740409821621, 0.0 ], [ -113.277442930084007, 50.041831960297372, 0.0 ], [ -113.277442930502104, 50.041919700005558, 0.0 ], [ -113.277442930076703, 50.04201124957924, 0.0 ], [ -113.277442930454399, 50.042098990184201, 0.0 ], [ -113.277442929666293, 50.042190549648019, 0.0 ], [ -113.277442930389796, 50.042278280357493, 0.0 ], [ -113.277442928196706, 50.042369839797878, 0.0 ], [ -113.277442930510603, 50.042461390305533, 0.0 ], [ -113.277442929503195, 50.042549129983882, 0.0 ], [ -113.277442930444295, 50.042640679568763, 0.0 ], [ -113.277450559772703, 50.04272842004179, 0.0 ], [ -113.277442930328903, 50.042819969725969, 0.0 ], [ -113.277450559677504, 50.042907710196722, 0.0 ], [ -113.277450560615904, 50.042999259776323, 0.0 ], [ -113.277450559565594, 50.043087000346333, 0.0 ], [ -113.277450560495396, 50.043178549923212, 0.0 ], [ -113.277450559992005, 50.043270100377313, 0.0 ], [ -113.277450560358005, 50.043357840064779, 0.0 ], [ -113.277458189982497, 50.043449400307694, 0.0 ], [ -113.277450560404404, 50.043540949980432, 0.0 ], [ -113.277458189848204, 50.043628690441537, 0.0 ], [ -113.277458190565696, 50.043716420231107, 0.0 ], [ -113.277458189729202, 50.043807979670717, 0.0 ], [ -113.277458190606794, 50.04389953013618, 0.0 ], [ -113.277458189561202, 50.043987269793931, 0.0 ], [ -113.277473450214501, 50.044078820033832, 0.0 ], [ -113.277458189344202, 50.044166560811171, 0.0 ], [ -113.277473450077906, 50.044258110149592, 0.0 ], [ -113.277458189728605, 50.044349659910402, 0.0 ], [ -113.277473449924599, 50.044437400260072, 0.0 ], [ -113.277473449436698, 50.044528949796188, 0.0 ], [ -113.277473449754496, 50.044616690365189, 0.0 ], [ -113.277473450300405, 50.044708249812203, 0.0 ], [ -113.277473449599697, 50.044795979565663, 0.0 ], [ -113.277473450104907, 50.044887539909318, 0.0 ], [ -113.277473449395899, 50.044975269660142, 0.0 ], [ -113.277473449892497, 50.045066830001097, 0.0 ], [ -113.277473449342295, 50.045158380427047, 0.0 ], [ -113.277473449663304, 50.045246120087569, 0.0 ], [ -113.277473450533293, 50.045337669632197, 0.0 ], [ -113.2774734494173, 50.045425410168711, 0.0 ], [ -113.277473450278706, 50.045516959710618, 0.0 ], [ -113.277473450551, 50.04560470026528, 0.0 ], [ -113.277473450007307, 50.045696249783752, 0.0 ], [ -113.277481080288297, 50.045787800101188, 0.0 ], [ -113.277473449719096, 50.045875539851558, 0.0 ], [ -113.277481079633603, 50.045967100958777, 0.0 ], [ -113.277481080317799, 50.046054829815489, 0.0 ], [ -113.277481079380607, 50.046146390119503, 0.0 ], [ -113.277481080024302, 50.046234119872928, 0.0 ], [ -113.277481080475198, 50.046325680194961, 0.0 ], [ -113.277488709476003, 50.046417229583497, 0.0 ], [ -113.277481080156306, 50.046504970244399, 0.0 ], [ -113.277488710573607, 50.046596519651231, 0.0 ], [ -113.277481080371601, 50.046688070173047, 0.0 ], [ -113.277488710257799, 50.046775809692932, 0.0 ], [ -113.277488709654804, 50.046867360093309, 0.0 ], [ -113.277488709925194, 50.046955099729303, 0.0 ], [ -113.277488710159403, 50.047042840263387, 0.0 ], [ -113.277488709575806, 50.047134389760373, 0.0 ], [ -113.277496339690998, 50.04722594995058, 0.0 ], [ -113.277496340312993, 50.047313679688649, 0.0 ], [ -113.277496339344495, 50.047405239973912, 0.0 ], [ -113.277496340122497, 50.047496790385608, 0.0 ], [ -113.277496340377994, 50.047584530012628, 0.0 ], [ -113.277496339750698, 50.047676080400919, 0.0 ], [ -113.277496339997896, 50.047763820025317, 0.0 ], [ -113.277496339362003, 50.047855370410879, 0.0 ], [ -113.277496339601001, 50.047943110032691, 0.0 ], [ -113.277496340353196, 50.048034660436286, 0.0 ], [ -113.277496339736601, 50.048126209918387, 0.0 ], [ -113.277496339931005, 50.04821395043561, 0.0 ], [ -113.277496340348307, 50.048305509828602, 0.0 ], [ -113.277496339491904, 50.048393240429633, 0.0 ], [ -113.277496339900594, 50.04848479981991, 0.0 ], [ -113.277496340432606, 50.048572530439053, 0.0 ], [ -113.277496339978995, 50.048625939771817, 0.0 ], [ -113.256111149983099, 50.048595419606613, 0.0 ], [ -113.255966189842297, 50.048595420314463, 0.0 ], [ -113.255836489354294, 50.048591609974572, 0.0 ], [ -113.255699159390701, 50.04859541974416, 0.0 ], [ -113.255546570546997, 50.048591609644753, 0.0 ], [ -113.255416870442204, 50.048595420406798, 0.0 ], [ -113.255271910323501, 50.048595420247217, 0.0 ], [ -113.255142209877704, 50.048591610031188, 0.0 ], [ -113.254997249746594, 50.04859161042792, 0.0 ], [ -113.254859919556907, 50.048591610217343, 0.0 ], [ -113.254707339307501, 50.048591609925801, 0.0 ], [ -113.2545929002668, 50.048591609967367, 0.0 ], [ -113.254440310217106, 50.048591610076933, 0.0 ], [ -113.254302980011602, 50.048591610106513, 0.0 ], [ -113.254158019874595, 50.048591610354087, 0.0 ], [ -113.254020689677603, 50.048591610049549, 0.0 ], [ -113.253883359484703, 50.048591609582452, 0.0 ], [ -113.253753659492503, 50.048587789721417, 0.0 ], [ -113.253601070508097, 50.048591610324273, 0.0 ], [ -113.253463750071901, 50.048591610407009, 0.0 ], [ -113.253318789961597, 50.048591609606063, 0.0 ], [ -113.253181460064397, 50.048587790330103, 0.0 ], [ -113.253036499941999, 50.048587790075949, 0.0 ], [ -113.252906799657296, 50.048587789945003, 0.0 ], [ -113.252761839511095, 50.048587790247041, 0.0 ], [ -113.252616879369398, 50.048587790367947, 0.0 ], [ -113.252487180493404, 50.048587789788961, 0.0 ], [ -113.252342220360504, 50.04858778956676, 0.0 ], [ -113.252197269976193, 50.048587790210007, 0.0 ], [ -113.252059939751405, 50.048587790282852, 0.0 ], [ -113.251930239541494, 50.048583980076572, 0.0 ], [ -113.251792909335606, 50.048583979833467, 0.0 ], [ -113.2516479506004, 50.048583979664343, 0.0 ], [ -113.251502990326898, 50.048587790075082, 0.0 ], [ -113.2513732901444, 50.048583980146027, 0.0 ], [ -113.251228329993197, 50.048583980330953, 0.0 ], [ -113.251090999775897, 50.048583980156387, 0.0 ], [ -113.250953669562605, 50.048583979819277, 0.0 ], [ -113.250808720598101, 50.048583979648377, 0.0 ], [ -113.250663760432204, 50.048583980027281, 0.0 ], [ -113.250526430199301, 50.048583980083848, 0.0 ], [ -113.250389099970405, 50.048583979977863, 0.0 ], [ -113.250251769745802, 50.048583979709313, 0.0 ], [ -113.250106809564997, 50.04858398029171, 0.0 ], [ -113.249977109870301, 50.048580159809838, 0.0 ], [ -113.249832150500794, 50.04858397984426, 0.0 ], [ -113.249687189553896, 50.048580160107477, 0.0 ], [ -113.249549869873903, 50.048583979849887, 0.0 ], [ -113.249412539609196, 50.048583980386702, 0.0 ], [ -113.249282839956805, 50.048580160028678, 0.0 ], [ -113.249137879785806, 50.048580160299991, 0.0 ], [ -113.248992919619297, 50.048580160390209, 0.0 ], [ -113.248863219307296, 50.048580160236028, 0.0 ], [ -113.248710630621702, 50.048580160026532, 0.0 ], [ -113.248580930317701, 50.048580159556813, 0.0 ], [ -113.248443600060497, 50.048580159846217, 0.0 ], [ -113.2482910197362, 50.048580160110717, 0.0 ], [ -113.248153689487793, 50.048580160056993, 0.0 ], [ -113.248016359633098, 50.048576349961003, 0.0 ], [ -113.247879029403904, 50.048576349582312, 0.0 ], [ -113.247741700542704, 50.0485763499615, 0.0 ], [ -113.247596740366902, 50.04857635010616, 0.0 ], [ -113.247451779761505, 50.048580159948969, 0.0 ], [ -113.247322079872603, 50.048576349991563, 0.0 ], [ -113.247177119710202, 50.04857634961197, 0.0 ], [ -113.247039789441004, 50.048576350038623, 0.0 ], [ -113.246887210507197, 50.048576350276903, 0.0 ], [ -113.246757510200098, 50.048576349567668, 0.0 ], [ -113.246620179910806, 50.048576350397013, 0.0 ], [ -113.246482849658406, 50.048576350164467, 0.0 ], [ -113.246337889490107, 50.048576349635702, 0.0 ], [ -113.246200560610106, 50.048576349989453, 0.0 ], [ -113.246063230337697, 50.048576350159557, 0.0 ], [ -113.245933529539997, 50.0485725296368, 0.0 ], [ -113.245780939416804, 50.048572530050222, 0.0 ], [ -113.245643620341198, 50.048572529892724, 0.0 ], [ -113.245498660145699, 50.048572530114221, 0.0 ], [ -113.245368959823196, 50.048572529651572, 0.0 ], [ -113.245216369686204, 50.048572530221847, 0.0 ], [ -113.245086669339003, 50.048572530342973, 0.0 ], [ -113.244941710558095, 50.048572529889768, 0.0 ], [ -113.244796750352293, 50.048572530133669, 0.0 ], [ -113.2446670500171, 50.048572529785723, 0.0 ], [ -113.244529719736505, 50.048572529939548, 0.0 ], [ -113.244377139404406, 50.048572529554008, 0.0 ], [ -113.244247440445093, 50.048572529657477, 0.0 ], [ -113.244102480228705, 50.048572529933317, 0.0 ], [ -113.243972780590397, 50.048568719832282, 0.0 ], [ -113.243827820394301, 50.048568719765107, 0.0 ], [ -113.243682859404501, 50.048572531191517, 0.0 ], [ -113.243553159844296, 50.048568719722468, 0.0 ], [ -113.243408199628902, 50.048568720030353, 0.0 ], [ -113.243270869364594, 50.048568719593597, 0.0 ], [ -113.243133540468193, 50.048568719914833, 0.0 ], [ -113.2429885900427, 50.048568719846493, 0.0 ], [ -113.242843629812597, 50.048568720348342, 0.0 ], [ -113.2427062995325, 50.048568720142733, 0.0 ], [ -113.242568970438896, 50.04856490000676, 0.0 ], [ -113.242431640348798, 50.048568720164369, 0.0 ], [ -113.242286680136402, 50.048568719970369, 0.0 ], [ -113.242149349840503, 50.048568720004887, 0.0 ], [ -113.242012019378606, 50.048564900088337, 0.0 ], [ -113.241867071728194, 50.048564900460008, 0.0 ], [ -113.241729740059299, 50.048564899976839, 0.0 ], [ -113.241592409758297, 50.048564900251577, 0.0 ], [ -113.241462709404303, 50.048564899919207, 0.0 ], [ -113.2413177505655, 50.048564900334632, 0.0 ], [ -113.2411727903676, 50.048564899648433, 0.0 ], [ -113.2410430899928, 50.048564899746317, 0.0 ], [ -113.240890499829007, 50.04856490002377, 0.0 ], [ -113.240760799462294, 50.048564899806081, 0.0 ], [ -113.240623470554496, 50.048564899854512, 0.0 ], [ -113.240478520089695, 50.048564900247811, 0.0 ], [ -113.240333559852999, 50.048564900311767, 0.0 ], [ -113.240196229561604, 50.04856489983333, 0.0 ], [ -113.240058900261204, 50.048561090218698, 0.0 ], [ -113.239921569956095, 50.0485610903146, 0.0 ], [ -113.239776609748802, 50.048561089682828, 0.0 ], [ -113.239639279419407, 50.048561090343959, 0.0 ], [ -113.239486690678902, 50.048561089695873, 0.0 ], [ -113.239356990264099, 50.048561090607031, 0.0 ], [ -113.239219669757006, 50.048561090020513, 0.0 ], [ -113.239067079601099, 50.048561089698687, 0.0 ], [ -113.238937380595004, 50.048561090162018, 0.0 ], [ -113.238800050013893, 50.048557279936702, 0.0 ], [ -113.238662719958697, 50.048561090234401, 0.0 ], [ -113.238517759438096, 50.048557280834999, 0.0 ], [ -113.238380429402, 50.048561089898989, 0.0 ], [ -113.238243100245697, 50.048557279935451, 0.0 ], [ -113.238113399844096, 50.048557280355922, 0.0 ], [ -113.237960819481302, 50.048557279627133, 0.0 ], [ -113.237823490548905, 50.048557279959063, 0.0 ], [ -113.237678530288804, 50.048557280303477, 0.0 ], [ -113.237541199968405, 50.04855728028005, 0.0 ], [ -113.237396239717398, 50.048557280271773, 0.0 ], [ -113.237266539340098, 50.04855727974558, 0.0 ], [ -113.237121580461604, 50.048557280314689, 0.0 ], [ -113.236976620224098, 50.048557279782138, 0.0 ], [ -113.236846920065801, 50.048553459902109, 0.0 ], [ -113.236709589497906, 50.048557279577793, 0.0 ], [ -113.236557009346797, 50.048553459917059, 0.0 ], [ -113.236427310061401, 50.048557280056478, 0.0 ], [ -113.236282350098094, 50.048553459772243, 0.0 ], [ -113.236152649697303, 50.048553459799663, 0.0 ], [ -113.236007689436505, 50.048553459855341, 0.0 ], [ -113.235870360508699, 50.048553459674302, 0.0 ], [ -113.235733030155401, 50.048553460208808, 0.0 ], [ -113.235588069908204, 50.048553459740234, 0.0 ], [ -113.235450739563504, 50.048553459940628, 0.0 ], [ -113.235313420396196, 50.048553460148369, 0.0 ], [ -113.235168460129501, 50.048553460054883, 0.0 ], [ -113.235046389657896, 50.04855345971378, 0.0 ], [ -113.234916690623393, 50.048553460179477, 0.0 ], [ -113.234786990269498, 50.048549649689889, 0.0 ], [ -113.234642029998199, 50.048549649838122, 0.0 ], [ -113.234497069668194, 50.048553459694737, 0.0 ], [ -113.234359739290795, 50.048553460402452, 0.0 ], [ -113.234153749368701, 50.048553459895288, 0.0 ], [ -113.234008790572204, 50.048549650283768, 0.0 ], [ -113.233871460107494, 50.048553460302621, 0.0 ], [ -113.233726499945803, 50.048549650317391, 0.0 ], [ -113.233596799530005, 50.048549650185826, 0.0 ], [ -113.233451840660805, 50.048549649767672, 0.0 ], [ -113.233306880208801, 50.048553459934929, 0.0 ], [ -113.233169559779896, 50.048549650393767, 0.0 ], [ -113.233039859380099, 50.048549649639597, 0.0 ], [ -113.232887270536807, 50.04854965020548, 0.0 ], [ -113.232757570112199, 50.048549650035113, 0.0 ], [ -113.232612609807305, 50.048549650345826, 0.0 ], [ -113.232482909390598, 50.04854964986842, 0.0 ], [ -113.2323379504912, 50.048549649857257, 0.0 ], [ -113.232200620124601, 50.048549649808187, 0.0 ], [ -113.232063289762195, 50.048549649596559, 0.0 ], [ -113.2319183294467, 50.04854964993919, 0.0 ], [ -113.231773380275996, 50.048549651170291, 0.0 ], [ -113.231643679883504, 50.04854964975474, 0.0 ], [ -113.231498719581495, 50.048549649573111, 0.0 ], [ -113.231361390604206, 50.048549649451331, 0.0 ], [ -113.231216430278295, 50.048549649816337, 0.0 ], [ -113.231079099879906, 50.048549650238471, 0.0 ], [ -113.230926509640497, 50.048549650003039, 0.0 ], [ -113.230796810569998, 50.048549650360087, 0.0 ], [ -113.2306594801844, 50.048549650285537, 0.0 ], [ -113.230522159579493, 50.04854965019755, 0.0 ], [ -113.230377200644298, 50.048549650434673, 0.0 ], [ -113.230239870271504, 50.04854964986346, 0.0 ], [ -113.230102539869904, 50.048549650029052, 0.0 ], [ -113.229972839393398, 50.048549650343048, 0.0 ], [ -113.229820250555306, 50.048549649573367, 0.0 ], [ -113.229682920133399, 50.048549650141616, 0.0 ], [ -113.2295532196691, 50.048549649986562, 0.0 ], [ -113.229408259335401, 50.048549649891129, 0.0 ], [ -113.229263310179505, 50.048549649785087, 0.0 ], [ -113.229133609694202, 50.048549650060288, 0.0 ], [ -113.228981019421795, 50.048549649964237, 0.0 ], [ -113.228843690422295, 50.048549649560456, 0.0 ], [ -113.228706359997204, 50.048549649872157, 0.0 ], [ -113.228569029576406, 50.048549650021272, 0.0 ], [ -113.228416440686701, 50.048549650103382, 0.0 ], [ -113.2282867401928, 50.048549650331239, 0.0 ], [ -113.228149409784805, 50.048549649983691, 0.0 ], [ -113.228012079347906, 50.048549650372969, 0.0 ], [ -113.227867130170907, 50.048549650321362, 0.0 ], [ -113.227729799742704, 50.048549650376479, 0.0 ], [ -113.227592469318594, 50.048549650269067, 0.0 ], [ -113.227447510345598, 50.048549650443228, 0.0 ], [ -113.227310179530704, 50.048545830204397, 0.0 ], [ -113.227172849485896, 50.048549650296962, 0.0 ], [ -113.2270278905265, 50.048549649946871, 0.0 ], [ -113.226890560090894, 50.048549649907983, 0.0 ], [ -113.226753229659494, 50.048549649706558, 0.0 ], [ -113.226608280457, 50.04854964988094, 0.0 ], [ -113.226470949701294, 50.048545829548829, 0.0 ], [ -113.226333619582405, 50.048549649546651, 0.0 ], [ -113.226196290531604, 50.048549649606692, 0.0 ], [ -113.226051330140805, 50.048549649813822, 0.0 ], [ -113.225906369754895, 50.048549649839813, 0.0 ], [ -113.225776670664004, 50.04854964908175, 0.0 ], [ -113.225631709987496, 50.048545829868047, 0.0 ], [ -113.2254867593699, 50.048545830418767, 0.0 ], [ -113.225357060512707, 50.048549649886724, 0.0 ], [ -113.225212100115996, 50.048549649944633, 0.0 ], [ -113.225067139502599, 50.048545830026079, 0.0 ], [ -113.224937440380003, 50.048545830128639, 0.0 ], [ -113.224800109919897, 50.048545830313557, 0.0 ], [ -113.224662779463998, 50.048545830335932, 0.0 ], [ -113.224517820642603, 50.048549650242151, 0.0 ], [ -113.224380490017595, 50.04854583013546, 0.0 ], [ -113.224243159574598, 50.048545829661137, 0.0 ], [ -113.224098210332201, 50.048545830297172, 0.0 ], [ -113.223960879864606, 50.048545830388093, 0.0 ], [ -113.223823549401303, 50.048545830316442, 0.0 ], [ -113.223686220338806, 50.04854583010362, 0.0 ], [ -113.223541259941499, 50.048545829872801, 0.0 ], [ -113.2233962995155, 50.04854583036019, 0.0 ], [ -113.223258970466205, 50.048545829641682, 0.0 ], [ -113.223121639991305, 50.04854582963857, 0.0 ], [ -113.222976679579006, 50.048545829601693, 0.0 ], [ -113.222846980417401, 50.048545830065407, 0.0 ], [ -113.222702029790398, 50.048545829835128, 0.0 ], [ -113.222557069358601, 50.048545830173317, 0.0 ], [ -113.222419740268606, 50.048545830260132, 0.0 ], [ -113.222290039726602, 50.048545830079867, 0.0 ], [ -113.222152710644806, 50.048545829850639, 0.0 ], [ -113.222007750197506, 50.048545830401842, 0.0 ], [ -113.221862789788105, 50.048545829872623, 0.0 ], [ -113.221733090625705, 50.048545829990488, 0.0 ], [ -113.221580510029199, 50.048545830204219, 0.0 ], [ -113.221450809478299, 50.048545829985173, 0.0 ], [ -113.221313480389099, 50.048545829661919, 0.0 ], [ -113.221168519935802, 50.048545830063929, 0.0 ], [ -113.221023559487193, 50.048545830284809, 0.0 ], [ -113.2208862303779, 50.048545830355202, 0.0 ], [ -113.220748899876199, 50.048545830241608, 0.0 ], [ -113.220611569378704, 50.048545829965491, 0.0 ], [ -113.220466610311604, 50.048545830411292, 0.0 ], [ -113.220329279822806, 50.048545829801022, 0.0 ], [ -113.220176700604398, 50.048545829988747, 0.0 ], [ -113.220047000027805, 50.048545829999057, 0.0 ], [ -113.2199096695187, 50.048545829791472, 0.0 ], [ -113.219772340377105, 50.048545830342078, 0.0 ], [ -113.219627379940604, 50.048545829717909, 0.0 ], [ -113.219490049411107, 50.048545829912968, 0.0 ], [ -113.219352720148606, 50.048542020068957, 0.0 ], [ -113.2192230196965, 50.048545829955437, 0.0 ], [ -113.219070430673099, 50.048545830336963, 0.0 ], [ -113.218933109937097, 50.04854583002286, 0.0 ], [ -113.218788149461304, 50.048545830148818, 0.0 ], [ -113.218658450255205, 50.04854583042701, 0.0 ], [ -113.218513489720905, 50.048542020312567, 0.0 ], [ -113.218383789193496, 50.048545830159512, 0.0 ], [ -113.218231200165405, 50.048545830336657, 0.0 ], [ -113.218086239712406, 50.048545829585677, 0.0 ], [ -113.217956540470098, 50.048542020081747, 0.0 ], [ -113.217819209936394, 50.048542020097919, 0.0 ], [ -113.217666629319794, 50.048545829557938, 0.0 ], [ -113.217536930123003, 50.048542019585327, 0.0 ], [ -113.217391969616003, 50.048545829661968, 0.0 ], [ -113.217247010520296, 50.048545829682567, 0.0 ], [ -113.217117309938999, 50.048542020119108, 0.0 ], [ -113.216979979397806, 50.048542020041253, 0.0 ], [ -113.216842650257405, 50.048542019822342, 0.0 ], [ -113.216697689761205, 50.048542020034603, 0.0 ], [ -113.216552730666294, 50.048542020087197, 0.0 ], [ -113.216423030072207, 50.048542019643762, 0.0 ], [ -113.216278079332596, 50.048542020381362, 0.0 ], [ -113.2161407501806, 50.04854202023099, 0.0 ], [ -113.216003419636195, 50.048542019896573, 0.0 ], [ -113.215858460530498, 50.048542019981113, 0.0 ], [ -113.215721129961494, 50.048542020211883, 0.0 ], [ -113.215583799396597, 50.048542020280131, 0.0 ], [ -113.215438840304699, 50.048542019840397, 0.0 ], [ -113.215301509748599, 50.048542019574498, 0.0 ], [ -113.215156560408801, 50.048542019831793, 0.0 ], [ -113.215026859788694, 50.048542019626268, 0.0 ], [ -113.214881900648194, 50.048542020289347, 0.0 ], [ -113.214736940148995, 50.048542019850508, 0.0 ], [ -113.214599609581299, 50.048542019653148, 0.0 ], [ -113.2144622803809, 50.048542020214072, 0.0 ], [ -113.2143173198955, 50.048542019250952, 0.0 ], [ -113.214187620629801, 50.048542019927403, 0.0 ], [ -113.214042660086605, 50.048542020419788, 0.0 ], [ -113.213912959465603, 50.048542019868407, 0.0 ], [ -113.213768010104303, 50.048542020189629, 0.0 ], [ -113.213630679533097, 50.048542019744723, 0.0 ], [ -113.213493350329301, 50.048542020058107, 0.0 ], [ -113.213348389808701, 50.048542019683062, 0.0 ], [ -113.213203430656094, 50.048542020047748, 0.0 ], [ -113.2130737299928, 50.048542020356862, 0.0 ], [ -113.212928769452503, 50.048542020356841, 0.0 ], [ -113.212791440270394, 50.048542019839431, 0.0 ], [ -113.212646479705896, 50.048542020386073, 0.0 ], [ -113.212509160308997, 50.048542019685136, 0.0 ], [ -113.212371829709795, 50.048542019548883, 0.0 ], [ -113.212226870555597, 50.048542019592773, 0.0 ], [ -113.212142939745107, 50.048542020373333, 0.0 ], [ -113.211997991771398, 50.048542020303429, 0.0 ], [ -113.211853029836206, 50.048542019837207, 0.0 ], [ -113.2117233305421, 50.048542020456907, 0.0 ], [ -113.2115783694654, 50.048538199863742, 0.0 ], [ -113.211441040235698, 50.048538200446053, 0.0 ], [ -113.211303710172402, 50.048542019750023, 0.0 ], [ -113.211158750472407, 50.048538200453109, 0.0 ], [ -113.211013790441498, 50.048542019664147, 0.0 ], [ -113.210876459330507, 50.048538199751853, 0.0 ], [ -113.210739139898905, 50.048538199654097, 0.0 ], [ -113.2106018106617, 50.048538200142382, 0.0 ], [ -113.210456850113303, 50.048538199752073, 0.0 ], [ -113.210319519488294, 50.048538199884703, 0.0 ], [ -113.210166930360501, 50.048538200248309, 0.0 ], [ -113.210037229695999, 50.048538199861063, 0.0 ], [ -113.209899900446999, 50.04853820041788, 0.0 ], [ -113.209762569839199, 50.048538199891269, 0.0 ], [ -113.209617610647996, 50.048538200272617, 0.0 ], [ -113.209480289825294, 50.048538199562728, 0.0 ], [ -113.209342960560093, 50.04853820035968, 0.0 ], [ -113.209213259886198, 50.048538199950663, 0.0 ], [ -113.209060669366394, 50.048538199737138, 0.0 ], [ -113.208923340114296, 50.048538200037378, 0.0 ], [ -113.208778379520396, 50.048538200247947, 0.0 ], [ -113.208648680226105, 50.048538200128682, 0.0 ], [ -113.208503719641101, 50.048538199996088, 0.0 ], [ -113.208366390406297, 50.048538199637143, 0.0 ], [ -113.208221439573407, 50.048538200202138, 0.0 ], [ -113.2080764803991, 50.048538199557321, 0.0 ], [ -113.207946779661796, 50.048538200430507, 0.0 ], [ -113.207809450410593, 50.048538200311661, 0.0 ], [ -113.207656859872202, 50.04853820005053, 0.0 ], [ -113.2075271605773, 50.048538199576882, 0.0 ], [ -113.207382199961998, 50.048538199841701, 0.0 ], [ -113.207252500641701, 50.04853819996034, 0.0 ], [ -113.207107539474706, 50.048534389972993, 0.0 ], [ -113.206970209380202, 50.048538199647552, 0.0 ], [ -113.206832889868593, 50.048538200322511, 0.0 ], [ -113.2066879306727, 50.0485381997415, 0.0 ], [ -113.206550599480394, 50.048534390001159, 0.0 ], [ -113.206413270216402, 50.048534390028493, 0.0 ], [ -113.206268309615595, 50.048534389801091, 0.0 ], [ -113.206130980326805, 50.048534390393613, 0.0 ], [ -113.205993650151697, 50.048538199810757, 0.0 ], [ -113.205856320398993, 50.048534390170161, 0.0 ], [ -113.205711359782896, 50.048534390146187, 0.0 ], [ -113.205566410344503, 50.048534390113907, 0.0 ], [ -113.205429079680798, 50.048534389854041, 0.0 ], [ -113.205291750384603, 50.048534390352593, 0.0 ], [ -113.205146789786994, 50.048534389623264, 0.0 ], [ -113.2050170904417, 50.048534389941047, 0.0 ], [ -113.204872129819606, 50.048534389767887, 0.0 ], [ -113.204727170565207, 50.048534390334531, 0.0 ], [ -113.204589839894098, 50.048534389980652, 0.0 ], [ -113.204460140598798, 50.048534388776552, 0.0 ], [ -113.204322809868799, 50.048534389905228, 0.0 ], [ -113.204177860408805, 50.04853438993684, 0.0 ], [ -113.2040328997806, 50.048534389614467, 0.0 ], [ -113.203903200434496, 50.048534389586408, 0.0 ], [ -113.203758239781706, 50.04853438982019, 0.0 ], [ -113.203620910470207, 50.048534390139679, 0.0 ], [ -113.203483579766299, 50.04853439027503, 0.0 ], [ -113.203338620523894, 50.048534390006118, 0.0 ], [ -113.203193659856097, 50.048534390433829, 0.0 ], [ -113.203056340467896, 50.04853057043848, 0.0 ], [ -113.202919009792495, 50.048530569905687, 0.0 ], [ -113.202781680333004, 50.048534389929053, 0.0 ], [ -113.202636719846296, 50.04853056986331, 0.0 ], [ -113.202499390339497, 50.048534390451572, 0.0 ], [ -113.202346799727906, 50.048534390401521, 0.0 ], [ -113.202217100593899, 50.048530569590689, 0.0 ], [ -113.2020797698774, 50.048530569863189, 0.0 ], [ -113.201942440561695, 50.048530569994782, 0.0 ], [ -113.201797489693902, 50.048530569729017, 0.0 ], [ -113.201660160112993, 50.048534390222557, 0.0 ], [ -113.201522829654195, 50.048530570039063, 0.0 ], [ -113.201393130291294, 50.048530569903157, 0.0 ], [ -113.201240539662805, 50.048530570196938, 0.0 ], [ -113.201103210339596, 50.048530570234497, 0.0 ], [ -113.200958249689407, 50.048530569668038, 0.0 ], [ -113.200828550309396, 50.048530569800313, 0.0 ], [ -113.200683589634707, 50.04853056979001, 0.0 ], [ -113.200546260295198, 50.048530570067634, 0.0 ], [ -113.200401309406004, 50.048530569856233, 0.0 ], [ -113.200256350108205, 50.048530570233119, 0.0 ], [ -113.2001266493522, 50.048530569559077, 0.0 ], [ -113.199989319996405, 50.048530570076842, 0.0 ], [ -113.199836729349201, 50.048530570323031, 0.0 ], [ -113.199707029968593, 50.048530570100922, 0.0 ], [ -113.199562070693602, 50.048530569610357, 0.0 ], [ -113.199432369890701, 50.048530569958849, 0.0 ], [ -113.199287410591197, 50.04853057002444, 0.0 ], [ -113.199150089641194, 50.048530569678903, 0.0 ], [ -113.199012760282102, 50.04853056994007, 0.0 ], [ -113.198867799566102, 50.048530570359048, 0.0 ], [ -113.198730470318495, 50.048526760384291, 0.0 ], [ -113.198593139473203, 50.048530570028923, 0.0 ], [ -113.198448180292601, 50.048526760043728, 0.0 ], [ -113.198310849400002, 50.048530570253291, 0.0 ], [ -113.198173520033507, 50.048530570420439, 0.0 ], [ -113.198036189465896, 50.048526759602822, 0.0 ], [ -113.197898860085104, 50.048526760344309, 0.0 ], [ -113.197746280447205, 50.048530569714437, 0.0 ], [ -113.1976089498595, 50.048526760190121, 0.0 ], [ -113.197471620491996, 50.048526760425929, 0.0 ], [ -113.197326659804403, 50.048526759818813, 0.0 ], [ -113.197196960373105, 50.04852676038815, 0.0 ], [ -113.1970519996609, 50.048526760337211, 0.0 ], [ -113.196907040349998, 50.048526760126833, 0.0 ], [ -113.196777339534506, 50.048526760205398, 0.0 ], [ -113.1966400101592, 50.048526760356147, 0.0 ], [ -113.196502690598194, 50.048526759597038, 0.0 ], [ -113.196357729875103, 50.04852675957796, 0.0 ], [ -113.196212770519693, 50.048526760298827, 0.0 ], [ -113.196083069724693, 50.048526759601252, 0.0 ], [ -113.195938110378293, 50.048526759978948, 0.0 ], [ -113.195800779598798, 50.048526760013978, 0.0 ], [ -113.195663450220295, 50.048526759908192, 0.0 ], [ -113.195518489491107, 50.048526759739872, 0.0 ], [ -113.195381160087607, 50.048526760199273, 0.0 ], [ -113.195236209894503, 50.048522940039142, 0.0 ], [ -113.195098879749295, 50.048526759955607, 0.0 ], [ -113.194961550358997, 50.048526759918339, 0.0 ], [ -113.194816590402993, 50.048522939981552, 0.0 ], [ -113.194679260203898, 50.048526760300291, 0.0 ], [ -113.194541929430002, 50.048526759744632, 0.0 ], [ -113.1943969694874, 50.048522940183233, 0.0 ], [ -113.194259640096107, 50.04852294021461, 0.0 ], [ -113.194122309870096, 50.04852675987361, 0.0 ], [ -113.193977359751003, 50.048522939940518, 0.0 ], [ -113.193840030339004, 50.048522940374497, 0.0 ], [ -113.193702699568504, 50.048522939724897, 0.0 ], [ -113.1935730001194, 50.048522939840467, 0.0 ], [ -113.193428039369394, 50.048522939758399, 0.0 ], [ -113.193283079986998, 50.048522940416291, 0.0 ], [ -113.193153380550299, 50.048522940062767, 0.0 ], [ -113.193008419780398, 50.048522940355767, 0.0 ], [ -113.192863460445594, 50.048522939590057, 0.0 ], [ -113.192733759590894, 50.048522939645032, 0.0 ], [ -113.192588810007706, 50.048522939587762, 0.0 ], [ -113.192436220666806, 50.048522940015509, 0.0 ], [ -113.192306519824697, 50.048522939592871, 0.0 ], [ -113.192169190397394, 50.048522939847821, 0.0 ], [ -113.192031859577796, 50.048522939918499, 0.0 ], [ -113.191886900207706, 50.048522939731278, 0.0 ], [ -113.191749569363097, 50.048522940367107, 0.0 ], [ -113.191612239953201, 50.048522939962837, 0.0 ], [ -113.191467290339403, 50.04852294030308, 0.0 ], [ -113.191329959507897, 50.04852294044224, 0.0 ], [ -113.191192630077296, 50.04852294044062, 0.0 ], [ -113.191047669304496, 50.048522940082421, 0.0 ], [ -113.190910340604702, 50.048519129851691, 0.0 ], [ -113.1907730104314, 50.048522940147691, 0.0 ], [ -113.190643310314002, 50.048519129769637, 0.0 ], [ -113.190490720196195, 50.048522940231443, 0.0 ], [ -113.190353389361505, 50.048522940113969, 0.0 ], [ -113.190223690652502, 50.048519130188303, 0.0 ], [ -113.190078739665594, 50.048519129671448, 0.0 ], [ -113.189949040164805, 50.048519130232542, 0.0 ], [ -113.189811709324005, 50.048519130373407, 0.0 ], [ -113.189666749937203, 50.048519130110407, 0.0 ], [ -113.189529420501998, 50.048519129938889, 0.0 ], [ -113.1893920896743, 50.048519129583028, 0.0 ], [ -113.189247130267603, 50.04851912969508, 0.0 ], [ -113.189109799414993, 50.048519129904427, 0.0 ], [ -113.188980099909003, 50.048519130281683, 0.0 ], [ -113.188842770461306, 50.048519130196723, 0.0 ], [ -113.188690189473306, 50.048519130325303, 0.0 ], [ -113.188552860034704, 50.04851912989723, 0.0 ], [ -113.188423160545199, 50.048519129651879, 0.0 ], [ -113.188270569761698, 50.048519129975311, 0.0 ], [ -113.188133240336299, 50.048519129050547, 0.0 ], [ -113.188003539394899, 50.048519130112957, 0.0 ], [ -113.187858579966303, 50.048519130288767, 0.0 ], [ -113.187713620542496, 50.048519130283481, 0.0 ], [ -113.187530519719402, 50.048519130013979, 0.0 ], [ -113.187446590097096, 50.056793209949383, 0.0 ], [ -113.187461849913305, 50.062702169916619, 0.0 ], [ -113.175056460354995, 50.062686909987917, 0.0 ], [ -113.166557310385997, 50.062660209769682, 0.0 ], [ -113.159263610444498, 50.062633510387762, 0.0 ], [ -113.144523620129704, 50.062576290299567, 0.0 ], [ -113.143493649656193, 50.06257247022895, 0.0 ], [ -113.127296450678102, 50.062522879944133, 0.0 ], [ -113.121307370567393, 50.062499990450952, 0.0 ], [ -113.112167360589197, 50.062465660392597, 0.0 ], [ -113.098533630854902, 50.06238174007985, 0.0 ], [ -113.097473140141105, 50.062377919995292, 0.0 ], [ -113.086853029512994, 50.062404629970082, 0.0 ], [ -113.083007809540803, 50.06241225977989, 0.0 ], [ -113.068122859740797, 50.062442770013512, 0.0 ], [ -113.054122919721095, 50.062454220322913, 0.0 ], [ -113.053291319297898, 50.0624542203891, 0.0 ], [ -113.038757319476304, 50.062374109689799, 0.0 ], [ -113.0241699198384, 50.062381739737042, 0.0 ], [ -113.011138920359798, 50.062458029719622, 0.0 ], [ -113.010131839987295, 50.062461850019332, 0.0 ], [ -113.006286620445906, 50.062461850109699, 0.0 ], [ -113.002456669573803, 50.062461849673497, 0.0 ], [ -112.999999999796401, 50.062465660136994, 0.0 ], [ -112.994178770510302, 50.062465659852009, 0.0 ], [ -112.978057860459799, 50.062377920406433, 0.0 ], [ -112.962921139403306, 50.062389370385219, 0.0 ], [ -112.962387079935695, 50.062389370563046, 0.0 ], [ -112.938018799681601, 50.0624236998584, 0.0 ], [ -112.917648319673404, 50.062511440372539, 0.0 ], [ -112.917617799732398, 50.0772590599342, 0.0 ], [ -112.894546509638104, 50.077278129922497, 0.0 ], [ -112.8893966705606, 50.077274320094787, 0.0 ], [ -112.871658329824697, 50.077362049951361, 0.0 ], [ -112.867408749762006, 50.077304830256118, 0.0 ], [ -112.849456789762797, 50.077510830399731, 0.0 ], [ -112.826606750184396, 50.077495569581707, 0.0 ], [ -112.814056400656199, 50.077491750308653, 0.0 ], [ -112.813316350143694, 50.077491750025303, 0.0 ], [ -112.813026430327199, 50.080970759593839, 0.0 ], [ -112.813110350037405, 50.106868739704311, 0.0 ], [ -112.813186649828396, 50.136123650312349, 0.0 ], [ -112.803459169763698, 50.13610838963875, 0.0 ], [ -112.797760009796207, 50.136096950317253, 0.0 ], [ -112.792228700560102, 50.135795590145293, 0.0 ], [ -112.780456539616296, 50.135768879763511, 0.0 ], [ -112.774932859288896, 50.135925290358863, 0.0 ], [ -112.773117069821694, 50.135929100033039, 0.0 ], [ -112.735137940694301, 50.135864249569003, 0.0 ], [ -112.721549989598799, 50.135837550231592, 0.0 ], [ -112.683448790260101, 50.135688779672194, 0.0 ], [ -112.680496220376398, 50.135799399614939, 0.0 ], [ -112.677276609946801, 50.135917660038693, 0.0 ], [ -112.676742549841805, 50.135856620111802, 0.0 ], [ -112.667968750431001, 50.13570021989203, 0.0 ], [ -112.667953490350797, 50.134895319979982, 0.0 ], [ -112.663963319291696, 50.135627740323649, 0.0 ], [ -112.643791200475803, 50.13558958962259, 0.0 ], [ -112.643707279494706, 50.165328969559972, 0.0 ], [ -112.643638610211198, 50.193367000433398, 0.0 ], [ -112.6436309804253, 50.193542470019892, 0.0 ], [ -112.629867549974705, 50.193683619819119, 0.0 ], [ -112.620857240130604, 50.193775169863308, 0.0 ], [ -112.600807189482595, 50.193973530249004, 0.0 ], [ -112.598243710424796, 50.194000240015868, 0.0 ], [ -112.594390870670793, 50.194034569789473, 0.0 ], [ -112.586250310260695, 50.194114680461141, 0.0 ], [ -112.582366939341398, 50.194080350408392, 0.0 ], [ -112.5761337297658, 50.194046009734677, 0.0 ], [ -112.553611760616604, 50.193908690367941, 0.0 ], [ -112.553749079583, 50.201614370270647, 0.0 ], [ -112.553688049797501, 50.207866659825051, 0.0 ], [ -112.5536880498682, 50.208087909926633, 0.0 ], [ -112.530380250089905, 50.208137510069562, 0.0 ], [ -112.530066635126204, 50.209098849874508, 0.0 ], [ -112.529779036528396, 50.222615061284067, 0.0 ], [ -112.524921826048498, 50.222615061451798, 0.0 ], [ -112.524848940542995, 50.252494809825812, 0.0 ], [ -112.524780269371206, 50.266399379876738, 0.0 ], [ -112.501960750650795, 50.266403190171083, 0.0 ], [ -112.499999999359105, 50.266407009718023, 0.0 ], [ -112.479217529959797, 50.266407010205953, 0.0 ], [ -112.433465653500903, 50.266613329362769, 0.0 ], [ -112.433582823520098, 50.281100226253962, 0.0 ], [ -112.433142548590396, 50.310015445574152, 0.0 ], [ -112.356614844508897, 50.309994470542392, 0.0 ], [ -112.234034173295498, 50.310331198189402, 0.0 ], [ -112.168334002871603, 50.309759781985782, 0.0 ], [ -112.169740038302294, 50.312045406052462, 0.0 ], [ -112.172807749483596, 50.313351428296997, 0.0 ], [ -112.175274620061899, 50.314293149977793, 0.0 ], [ -112.176750000566798, 50.316828990339843, 0.0 ], [ -112.176436999338193, 50.318982990106853, 0.0 ], [ -112.174969999336895, 50.320817989546079, 0.0 ], [ -112.172516999834599, 50.322057990184078, 0.0 ], [ -112.167746000358804, 50.320872989514562, 0.0 ], [ -112.161286000516697, 50.320574990199567, 0.0 ], [ -112.156760999609304, 50.321936989799163, 0.0 ], [ -112.154742999736499, 50.32516598988839, 0.0 ], [ -112.154371000119397, 50.328070989854901, 0.0 ], [ -112.156181999569995, 50.331326989690552, 0.0 ], [ -112.164499000325094, 50.335259990226923, 0.0 ], [ -112.172995999547197, 50.338391990009832, 0.0 ], [ -112.181425000488304, 50.342426990101622, 0.0 ], [ -112.184827000516506, 50.34735999042806, 0.0 ], [ -112.184775000243107, 50.351127989626221, 0.0 ], [ -112.182649000153901, 50.358247989648618, 0.0 ], [ -112.175063999376505, 50.370820989724983, 0.0 ], [ -112.174325999379505, 50.374264989689983, 0.0 ], [ -112.179589000527002, 50.385735990115492, 0.0 ], [ -112.175616000394697, 50.394354990308663, 0.0 ], [ -112.173397000605206, 50.40167399045756, 0.0 ], [ -112.168046999935697, 50.407916990115432, 0.0 ], [ -112.167180000238901, 50.413014990197517, 0.0 ], [ -112.171048000016299, 50.421124989913203, 0.0 ], [ -112.174213784924405, 50.42488366689453, 0.0 ], [ -112.179012999467005, 50.428309990067881, 0.0 ], [ -112.183544742601299, 50.432130704205818, 0.0 ], [ -112.189635999958199, 50.434823989804158, 0.0 ], [ -112.195432128683905, 50.437015720605153, 0.0 ], [ -112.200937000240799, 50.435629989829451, 0.0 ], [ -112.211403000249803, 50.431885989595678, 0.0 ], [ -112.225994000566104, 50.429927990423778, 0.0 ], [ -112.236863999449795, 50.428130990383607, 0.0 ], [ -112.256896000635507, 50.426033989790398, 0.0 ], [ -112.267348000298796, 50.425448989747281, 0.0 ], [ -112.278778000289194, 50.427606990256812, 0.0 ], [ -112.287207854573396, 50.428548038126891, 0.0 ], [ -112.295570999515903, 50.427665989589677, 0.0 ], [ -112.305105000502905, 50.429913990107941, 0.0 ], [ -112.309805999413797, 50.433523990434097, 0.0 ], [ -112.308648999591696, 50.436352990334122, 0.0 ], [ -112.300407999821303, 50.438966990388153, 0.0 ], [ -112.298026000177501, 50.442361990282308, 0.0 ], [ -112.295508999872894, 50.446891989739449, 0.0 ], [ -112.299736999782596, 50.447991990484802, 0.0 ], [ -112.314056000222806, 50.449631990157812, 0.0 ], [ -112.323701000050804, 50.45369398999884, 0.0 ], [ -112.329264999664105, 50.458536989636642, 0.0 ], [ -112.339139999493497, 50.469797989878863, 0.0 ], [ -112.354281999803803, 50.476429990274603, 0.0 ], [ -112.360841999399696, 50.483859989825419, 0.0 ], [ -112.367942000296907, 50.490399990115741, 0.0 ], [ -112.368777000134699, 50.49841199025974, 0.0 ], [ -112.365520999564197, 50.504041989586362, 0.0 ], [ -112.365223000182795, 50.508101989940307, 0.0 ], [ -112.367431999862703, 50.516756989997063, 0.0 ], [ -112.366363999348707, 50.521094990005771, 0.0 ], [ -112.363236999570404, 50.528688990053418, 0.0 ], [ -112.359533999314905, 50.530688989686347, 0.0 ], [ -112.356384999730395, 50.534815990427298, 0.0 ], [ -112.352051999417895, 50.538907989692049, 0.0 ], [ -112.353160999377195, 50.543161990225322, 0.0 ], [ -112.357902999726903, 50.5455359895737, 0.0 ], [ -112.366333000223605, 50.54806098999137, 0.0 ], [ -112.380942999878599, 50.550963990319808, 0.0 ], [ -112.387938999871594, 50.554038989892611, 0.0 ], [ -112.395277999654098, 50.557321990368017, 0.0 ], [ -112.397002999678804, 50.561404989892203, 0.0 ], [ -112.397324000506003, 50.564109989728777, 0.0 ], [ -112.394468000361996, 50.568449990175573, 0.0 ], [ -112.392410000486805, 50.573413989613947, 0.0 ], [ -112.385380000030096, 50.579182990195022, 0.0 ], [ -112.381865999942306, 50.582808989752131, 0.0 ], [ -112.370141000143306, 50.589584990442972, 0.0 ], [ -112.365500999713305, 50.594571989911437, 0.0 ], [ -112.367130999753797, 50.598237989733228, 0.0 ], [ -112.372017000379003, 50.606069990314083, 0.0 ], [ -112.371641999375598, 50.611184990185023, 0.0 ], [ -112.368400000182305, 50.61651699018573, 0.0 ], [ -112.370096999623996, 50.619281989728883, 0.0 ], [ -112.372986000093604, 50.618763989962453, 0.0 ], [ -112.380278999499097, 50.613248989580988, 0.0 ], [ -112.388512999623401, 50.611079990403049, 0.0 ], [ -112.392949999415904, 50.61211499040374, 0.0 ], [ -112.393555213649606, 50.613919607336832, 0.0 ], [ -112.395812000280301, 50.615213990189837, 0.0 ], [ -112.407731000594893, 50.61898398974764, 0.0 ], [ -112.412600593858699, 50.62300283822006, 0.0 ], [ -112.416141999461402, 50.624202989730783, 0.0 ], [ -112.4184803766192, 50.625922075730692, 0.0 ], [ -112.421883999422604, 50.626931989661493, 0.0 ], [ -112.427939154866493, 50.627057285850817, 0.0 ], [ -112.431916999785102, 50.626168990158661, 0.0 ], [ -112.4498149998131, 50.625028990335181, 0.0 ], [ -112.459254749665305, 50.628845352820122, 0.0 ], [ -112.470631484418902, 50.630868148210673, 0.0 ], [ -112.488018748995401, 50.635245352709177, 0.0 ], [ -112.490699436575596, 50.638326813218683, 0.0 ], [ -112.490512000556905, 50.640662989587483, 0.0 ], [ -112.493158999284802, 50.646916990196843, 0.0 ], [ -112.492378999700406, 50.65457998993957, 0.0 ], [ -112.487704000237997, 50.660173990355382, 0.0 ], [ -112.482982999335505, 50.663053990272587, 0.0 ], [ -112.481366999460306, 50.665720990017718, 0.0 ], [ -112.483114999620298, 50.667880989710071, 0.0 ], [ -112.503049000558804, 50.668449990226783, 0.0 ], [ -112.508210960440707, 50.669202818320841, 0.0 ], [ -112.511789958547595, 50.671066075252767, 0.0 ], [ -112.521383999677894, 50.678317990260723, 0.0 ], [ -112.5240909993842, 50.683872990066398, 0.0 ], [ -112.5245969997315, 50.690216990308478, 0.0 ], [ -112.517940999311193, 50.707055990381171, 0.0 ], [ -112.521048000141704, 50.713623990137798, 0.0 ], [ -112.525466841533898, 50.715438311660201, 0.0 ], [ -112.538367999889999, 50.714412989740069, 0.0 ], [ -112.544233999583099, 50.715631990319388, 0.0 ], [ -112.546938000356107, 50.717817990583718, 0.0 ], [ -112.545911000516298, 50.722309989617933, 0.0 ], [ -112.551637000556198, 50.732417990186008, 0.0 ], [ -112.559302999494307, 50.738661990034402, 0.0 ], [ -112.561512461325094, 50.741248810083817, 0.0 ], [ -112.561532999643504, 50.744301989643347, 0.0 ], [ -112.556527429422999, 50.748123815741089, 0.0 ], [ -112.545173000263802, 50.750023990289407, 0.0 ], [ -112.533042999985199, 50.74817298957511, 0.0 ], [ -112.527282999520096, 50.747176989738968, 0.0 ], [ -112.4975249994839, 50.74671699038791, 0.0 ], [ -112.496956999849203, 50.790878990417283, 0.0 ], [ -112.510358999841102, 50.793519989958547, 0.0 ], [ -112.550003000489298, 50.799459989704538, 0.0 ], [ -112.613444000472299, 50.813244989579204, 0.0 ], [ -112.612556000200001, 50.833951990000088, 0.0 ], [ -112.635776662651395, 50.833935872007913, 0.0 ], [ -112.635478000162607, 50.921321989604799, 0.0 ], [ -112.516604999329402, 50.921081989770236, 0.0 ], [ -112.516338000607107, 51.008449990001537, 0.0 ], [ -112.377066259879399, 51.008948194910147, 0.0 ], [ -112.377212999898802, 51.095984990035177, 0.0 ], [ -112.237868814833803, 51.09628787009494, 0.0 ], [ -112.237733999759996, 51.212870990343028, 0.0 ], [ -112.240589999474906, 51.214188990239663, 0.0 ], [ -112.241363999643298, 51.216987990397037, 0.0 ], [ -112.238160999497097, 51.220286990355909, 0.0 ], [ -112.239181999429803, 51.223092990356989, 0.0 ], [ -112.243351000403095, 51.226608990135468, 0.0 ], [ -112.251379999513901, 51.227924990904611, 0.0 ], [ -112.257044000605205, 51.227936990089219, 0.0 ], [ -112.259650999759799, 51.226008989867729, 0.0 ], [ -112.265972000543997, 51.227118990312327, 0.0 ], [ -112.268290294849194, 51.229510062212853, 0.0 ], [ -112.269571999967198, 51.231697989939711, 0.0 ], [ -112.268233000612, 51.236439990171128, 0.0 ], [ -112.268801580660096, 51.239914348037672, 0.0 ], [ -112.270805000451006, 51.241605990439027, 0.0 ], [ -112.2744760005816, 51.245260989783397, 0.0 ], [ -112.280931999291198, 51.247917989905503, 0.0 ], [ -112.288102603980803, 51.249196187346421, 0.0 ], [ -112.295004955589704, 51.250796314966728, 0.0 ], [ -112.298447000220094, 51.251049990092532, 0.0 ], [ -112.304422999668802, 51.25693198961752, 0.0 ], [ -112.303950999967697, 51.26000399036257, 0.0 ], [ -112.302293000452593, 51.262424989645893, 0.0 ], [ -112.303589000028794, 51.264930990220563, 0.0 ], [ -112.312772122812206, 51.26751431876847, 0.0 ], [ -112.315226110671503, 51.268857590157488, 0.0 ], [ -112.317757155819805, 51.271912783311087, 0.0 ], [ -112.323636938414793, 51.27359208566272, 0.0 ], [ -112.332456610633102, 51.280948307250213, 0.0 ], [ -112.340637175595106, 51.283346819652117, 0.0 ], [ -112.3472838855687, 51.284226243360877, 0.0 ], [ -112.351118527457501, 51.286144927006383, 0.0 ], [ -112.355288698027294, 51.28880297037184, 0.0 ], [ -112.355160877179202, 51.291121139121103, 0.0 ], [ -112.357078197712696, 51.293838841682899, 0.0 ], [ -112.360657194471401, 51.295637234411323, 0.0 ], [ -112.364236191494001, 51.295317525089473, 0.0 ], [ -112.367623457445902, 51.295597269748669, 0.0 ], [ -112.368630050423505, 51.29597692176425, 0.0 ], [ -112.369285135329704, 51.296606338091763, 0.0 ], [ -112.371250388318401, 51.29710586767942, 0.0 ], [ -112.3728321780507, 51.297285697425487, 0.0 ], [ -112.377194081136096, 51.297755249121501, 0.0 ], [ -112.378951625722706, 51.297885123902503, 0.0 ], [ -112.380661235012099, 51.29827474669306, 0.0 ], [ -112.383121795916594, 51.298284737836212, 0.0 ], [ -112.385198892680293, 51.29855447465696, 0.0 ], [ -112.386045708804801, 51.298774259166308, 0.0 ], [ -112.3883944264294, 51.299673366925973, 0.0 ], [ -112.388921689844594, 51.300452580263688, 0.0 ], [ -112.389992193638903, 51.301431571900238, 0.0 ], [ -112.392500687700306, 51.301891091842087, 0.0 ], [ -112.394098454050507, 51.301771217202287, 0.0 ], [ -112.395408622702007, 51.301851134248039, 0.0 ], [ -112.402633670609802, 51.303764340002807, 0.0 ], [ -112.406672879151301, 51.30394888359033, 0.0 ], [ -112.409357127361304, 51.304028797327469, 0.0 ], [ -112.412360928773296, 51.30490782404582, 0.0 ], [ -112.418368531509103, 51.306705782207473, 0.0 ], [ -112.421372333912601, 51.307065365442782, 0.0 ], [ -112.424759599695903, 51.308463716758112, 0.0 ], [ -112.428338597637605, 51.311659791497711, 0.0 ], [ -112.437030447573704, 51.316133919960308, 0.0 ], [ -112.454470960385805, 51.321495198257928, 0.0 ], [ -112.484329219753704, 51.321506489810737, 0.0 ], [ -112.485687260487197, 51.321537010412662, 0.0 ], [ -112.489465605466407, 51.321779222321702, 0.0 ], [ -112.489579223533198, 51.32682035103339, 0.0 ], [ -112.489579224645396, 51.333067742381147, 0.0 ], [ -112.493328649791593, 51.33548127833415, 0.0 ], [ -112.500091549879599, 51.337642659953779, 0.0 ], [ -112.504122452509193, 51.341514564211103, 0.0 ], [ -112.506167594533494, 51.34626965344291, 0.0 ], [ -112.512643874445402, 51.35237247703482, 0.0 ], [ -112.517870348244898, 51.352230560018789, 0.0 ], [ -112.521278916735994, 51.354855952047771, 0.0 ], [ -112.523551297397205, 51.357835944430327, 0.0 ], [ -112.5216481794114, 51.362128211250251, 0.0 ], [ -112.523863748453806, 51.363511582912928, 0.0 ], [ -112.528465317799601, 51.36484170982132, 0.0 ], [ -112.529658317151799, 51.366437809943932, 0.0 ], [ -112.5317886725812, 51.367661449054403, 0.0 ], [ -112.532470385350805, 51.369363849573219, 0.0 ], [ -112.539287526153899, 51.374257897938648, 0.0 ], [ -112.539117096061005, 51.376491964210523, 0.0 ], [ -112.544911664682402, 51.377396197132157, 0.0 ], [ -112.5492362860209, 51.379111533086217, 0.0 ], [ -112.549875393520395, 51.379098235742312, 0.0 ], [ -112.5529218026536, 51.380068900594019, 0.0 ], [ -112.554370443383306, 51.380215164046589, 0.0 ], [ -112.557182513593901, 51.381079434762782, 0.0 ], [ -112.559270262428598, 51.381757544045527, 0.0 ], [ -112.559653726130904, 51.381637878382847, 0.0 ], [ -112.560058493084597, 51.381717655973823, 0.0 ], [ -112.561208885138896, 51.382209611046719, 0.0 ], [ -112.561698866490602, 51.382169723407038, 0.0 ], [ -112.562018420603195, 51.382315978990583, 0.0 ], [ -112.5624977508825, 51.382435643107698, 0.0 ], [ -112.562838608547494, 51.382615137661617, 0.0 ], [ -112.563488366691004, 51.38298742179672, 0.0 ], [ -112.564233990806201, 51.383306520099623, 0.0 ], [ -112.564436373884504, 51.38346606828474, 0.0 ], [ -112.564734623400994, 51.383525897750523, 0.0 ], [ -112.565309819754603, 51.383931413661223, 0.0 ], [ -112.564745276302105, 51.383844993434913, 0.0 ], [ -112.565927623043805, 51.38450976487951, 0.0 ], [ -112.567621256593398, 51.385161233431617, 0.0 ], [ -112.567951460605599, 51.385141289610061, 0.0 ], [ -112.569858130621697, 51.385726273685108, 0.0 ], [ -112.569559880713697, 51.3858326337809, 0.0 ], [ -112.570113773200106, 51.386151712433353, 0.0 ], [ -112.571136342388797, 51.386391019960797, 0.0 ], [ -112.573586252109294, 51.386736682995391, 0.0 ], [ -112.575269232979196, 51.386949398216153, 0.0 ], [ -112.576739179423399, 51.387334940566419, 0.0 ], [ -112.577548713666502, 51.387667303354966, 0.0 ], [ -112.578464766550198, 51.387733776414201, 0.0 ], [ -112.579785587798298, 51.388238960959256, 0.0 ], [ -112.581383354451006, 51.388983433987512, 0.0 ], [ -112.583300674326097, 51.39002035774481, 0.0 ], [ -112.583311326421594, 51.386995928944977, 0.0 ], [ -112.630232412290795, 51.38694939837854, 0.0 ], [ -112.630241390382395, 51.379211419978994, 0.0 ], [ -112.630203250220603, 51.37905501991046, 0.0 ], [ -112.630249019629701, 51.378662100346851, 0.0 ], [ -112.630210879796806, 51.378337850110952, 0.0 ], [ -112.630249019669506, 51.378200529952551, 0.0 ], [ -112.630218510058299, 51.376575459708903, 0.0 ], [ -112.630241390690003, 51.376163479639203, 0.0 ], [ -112.630210879543895, 51.375640860107708, 0.0 ], [ -112.630256649400906, 51.372444149540932, 0.0 ], [ -112.639991759838594, 51.372543330098921, 0.0 ], [ -112.646636960707198, 51.372520440231909, 0.0 ], [ -112.657722469489897, 51.372478480389582, 0.0 ], [ -112.665064911657396, 51.3724138247795, 0.0 ], [ -112.677222141732301, 51.372476872335021, 0.0 ], [ -112.688760780442394, 51.372445348581749, 0.0 ], [ -112.688760779772096, 51.365194432790567, 0.0 ], [ -112.7004761596978, 51.365257489059779, 0.0 ], [ -112.700577154250794, 51.366833871329703, 0.0 ], [ -112.702849532977098, 51.366171796710617, 0.0 ], [ -112.708454735934296, 51.362388336154353, 0.0 ], [ -112.711030098820999, 51.359739727084502, 0.0 ], [ -112.712595515765102, 51.358068501672449, 0.0 ], [ -112.714665905611, 51.356807158862942, 0.0 ], [ -112.716988783229397, 51.355924199273367, 0.0 ], [ -112.719564145402401, 51.355356572961149, 0.0 ], [ -112.722492990967595, 51.354694333355233, 0.0 ], [ -112.724058408670302, 51.354000547639252, 0.0 ], [ -112.725320840937101, 51.35314907030731, 0.0 ], [ -112.726974236757499, 51.352505715806068, 0.0 ], [ -112.729966594866198, 51.351319916006076, 0.0 ], [ -112.733349915732205, 51.350279157748751, 0.0 ], [ -112.737187712689206, 51.348880931042928, 0.0 ], [ -112.743011736159005, 51.346946470694682, 0.0 ], [ -112.744930634040799, 51.346294622680979, 0.0 ], [ -112.747388170470501, 51.346021265195809, 0.0 ], [ -112.749105080536594, 51.345222209012597, 0.0 ], [ -112.750687328872701, 51.344801647893668, 0.0 ], [ -112.753043871244003, 51.344549308854091, 0.0 ], [ -112.754600519476895, 51.344573969729993, 0.0 ], [ -112.757016326756997, 51.344759590887023, 0.0 ], [ -112.759911506570504, 51.344633421705417, 0.0 ], [ -112.764355271405293, 51.343750226483017, 0.0 ], [ -112.767654428916103, 51.342656724218962, 0.0 ], [ -112.772502171455699, 51.341184659743668, 0.0 ], [ -112.775868660726601, 51.340890240804569, 0.0 ], [ -112.778763840515097, 51.340469640076797, 0.0 ], [ -112.780783733400398, 51.339418119779467, 0.0 ], [ -112.781288706146597, 51.338261419603462, 0.0 ], [ -112.781086716369202, 51.337378102819429, 0.0 ], [ -112.779706456814296, 51.335821740227111, 0.0 ], [ -112.779336142456501, 51.334559784881669, 0.0 ], [ -112.779437137691701, 51.333907760636443, 0.0 ], [ -112.7799421113466, 51.333066426977439, 0.0 ], [ -112.781322371668793, 51.331341642707002, 0.0 ], [ -112.782635300372704, 51.32984818002349, 0.0 ], [ -112.783645248479303, 51.329385406838291, 0.0 ], [ -112.784756189038404, 51.329217124883087, 0.0 ], [ -112.787180060544699, 51.329890249835721, 0.0 ], [ -112.789873251553701, 51.331636122573542, 0.0 ], [ -112.791388170111802, 51.332435415567453, 0.0 ], [ -112.793408062412894, 51.332898157646817, 0.0 ], [ -112.796303243375505, 51.332835057163599, 0.0 ], [ -112.801016326289499, 51.331467848821703, 0.0 ], [ -112.804281819459405, 51.330500262238303, 0.0 ], [ -112.806773020837596, 51.330226809206039, 0.0 ], [ -112.811082126612405, 51.330016460160643, 0.0 ], [ -112.815357566689698, 51.328607096803083, 0.0 ], [ -112.8164239314453, 51.328618588171871, 0.0 ], [ -112.817880249751994, 51.329079810761549, 0.0 ], [ -112.8200547520687, 51.32970307734287, 0.0 ], [ -112.821331522567803, 51.329565958897703, 0.0 ], [ -112.823924966069399, 51.328693382190103, 0.0 ], [ -112.825680526642699, 51.327995306855527, 0.0 ], [ -112.827116895283197, 51.327521609014823, 0.0 ], [ -112.828613113129705, 51.327409414757369, 0.0 ], [ -112.831066907316895, 51.327783389758771, 0.0 ], [ -112.833161612385297, 51.327982842319273, 0.0 ], [ -112.835296215162401, 51.32788311604623, 0.0 ], [ -112.837750010558807, 51.327297222189173, 0.0 ], [ -112.83920632761, 51.326586661010758, 0.0 ], [ -112.842857097586304, 51.324629443084063, 0.0 ], [ -112.846627564077096, 51.322697075838057, 0.0 ], [ -112.848542721961294, 51.32214851771095, 0.0 ], [ -112.851136165179895, 51.322160986409692, 0.0 ], [ -112.853470263503297, 51.322397862625877, 0.0 ], [ -112.855904108793098, 51.322722009948151, 0.0 ], [ -112.858198308738395, 51.322746945008582, 0.0 ], [ -112.860662079062905, 51.322123583626947, 0.0 ], [ -112.862268018522698, 51.32130073387615, 0.0 ], [ -112.8650160703192, 51.319425892423723, 0.0 ], [ -112.868811473491505, 51.317410701002999, 0.0 ], [ -112.870222906530003, 51.316550361358068, 0.0 ], [ -112.871843807048904, 51.316163826027868, 0.0 ], [ -112.876316248852802, 51.315978739610713, 0.0 ], [ -112.876636065350297, 51.315841971232672, 0.0 ], [ -112.888169195786205, 51.31524111626856, 0.0 ], [ -112.888262294395403, 51.318640917614367, 0.0 ], [ -112.888209095340201, 51.328980088318367, 0.0 ], [ -112.888262294393797, 51.336334107164767, 0.0 ], [ -112.888222394805794, 51.340023135661227, 0.0 ], [ -112.888262293889696, 51.345481359267403, 0.0 ], [ -112.888242344363604, 51.34842204930046, 0.0 ], [ -112.888282245038596, 51.34919457244137, 0.0 ], [ -112.888282243917004, 51.353218957433732, 0.0 ], [ -112.888262294279201, 51.359086699070012, 0.0 ], [ -112.888282243400198, 51.364343358243389, 0.0 ], [ -112.888262293502393, 51.366236603927867, 0.0 ], [ -112.888302194238904, 51.368677778921381, 0.0 ], [ -112.888122560120095, 51.379032130268762, 0.0 ], [ -112.888076779729701, 51.379241940230322, 0.0 ], [ -112.888130189756694, 51.380199430412738, 0.0 ], [ -112.888076779457293, 51.380321500368041, 0.0 ], [ -112.8881301896823, 51.381031029803957, 0.0 ], [ -112.888092040298005, 51.381561269918997, 0.0 ], [ -112.888130190598801, 51.381668090079692, 0.0 ], [ -112.888092040642604, 51.38174056018768, 0.0 ], [ -112.888137819640704, 51.381874080205137, 0.0 ], [ -112.888322142913793, 51.386882849193483, 0.0 ], [ -112.911468510452593, 51.387180319772753, 0.0 ], [ -112.927642819728206, 51.387176510070653, 0.0 ], [ -112.931426999714702, 51.387195580067797, 0.0 ], [ -112.934936519962406, 51.387165060245181, 0.0 ], [ -112.948577879880105, 51.387161250294533, 0.0 ], [ -112.958946230289996, 51.387214649864518, 0.0 ], [ -112.9701538092514, 51.387161250191014, 0.0 ], [ -112.971168519575798, 51.387161249879171, 0.0 ], [ -112.992530820265202, 51.387176509681836, 0.0 ], [ -112.992736819557095, 51.387157430003541, 0.0 ], [ -112.993247989515794, 51.387184139830637, 0.0 ], [ -112.999862670418594, 51.387145990361908, 0.0 ], [ -112.999999999465103, 51.387145989610389, 0.0 ], [ -113.017158510037305, 51.387287129911179, 0.0 ], [ -113.024337770512901, 51.387233729756517, 0.0 ], [ -113.026657100084094, 51.387283319592491, 0.0 ], [ -113.026741029572904, 51.387298580156752, 0.0 ], [ -113.028747559861401, 51.387302390350868, 0.0 ], [ -113.044883730541102, 51.387336729582458, 0.0 ], [ -113.045227050148299, 51.387275690216477, 0.0 ], [ -113.052528379898405, 51.3872680604211, 0.0 ], [ -113.054168700472701, 51.387271879822393, 0.0 ], [ -113.075683589317194, 51.387290949718313, 0.0 ], [ -113.096862789446504, 51.38729858004158, 0.0 ], [ -113.097076420302002, 51.387214650244957, 0.0 ], [ -113.097297670630297, 51.387298579937337, 0.0 ], [ -113.0989532496084, 51.38729858034101, 0.0 ], [ -113.118637079611105, 51.387310019734052, 0.0 ], [ -113.118972780368395, 51.387332909641749, 0.0 ], [ -113.119407649392798, 51.387317650010708, 0.0 ], [ -113.122528080074105, 51.387340540449067, 0.0 ], [ -113.145820619384494, 51.387302390066189, 0.0 ], [ -113.169403079952303, 51.387229909990353, 0.0 ], [ -113.175872799363802, 51.38718795034314, 0.0 ], [ -113.176727289957995, 51.387218469611497, 0.0 ], [ -113.178222660131098, 51.387180320014359, 0.0 ], [ -113.192703250018894, 51.38714599020647, 0.0 ], [ -113.192863459454301, 51.387115469690968, 0.0 ], [ -113.216186520604197, 51.387115470109087, 0.0 ], [ -113.239631650638302, 51.387119290008478, 0.0 ], [ -113.239912129586699, 51.387118379765553, 0.0 ], [ -113.380364720643698, 51.386808150616659, 0.0 ], [ -113.378769256195, 51.387981293937862, 0.0 ], [ -113.380272704648604, 51.443969639302821, 0.0 ], [ -113.804639570459798, 51.445562979802112, 0.0 ], [ -113.804639571722802, 51.460431482901669, 0.0 ], [ -113.896670939372996, 51.460166016851197, 0.0 ], [ -113.895818798632504, 51.488562178089047, 0.0 ], [ -114.071360112196999, 51.489159103554528, 0.0 ], [ -114.071679664720904, 51.47443265258029, 0.0 ], [ -114.188636195721202, 51.47443265257759, 0.0 ], [ -114.189594856102502, 51.445762144367777, 0.0 ], [ -114.704075770678301, 51.447156265575273, 0.0 ], [ -114.7038497898983, 51.465168000068161, 0.0 ], [ -114.703819269518107, 51.486244199951798, 0.0 ], [ -114.703742980660195, 51.486335750214153, 0.0 ], [ -114.703590390225699, 51.486682890223022, 0.0 ], [ -114.703598019450794, 51.487071990062319, 0.0 ], [ -114.703643800297598, 51.487190250102053, 0.0 ], [ -114.703781130499493, 51.487388610404977, 0.0 ], [ -114.703811649739905, 51.488243099553493, 0.0 ], [ -114.703811649954403, 51.489723209732148, 0.0 ], [ -114.709732059960103, 51.489639279769989, 0.0 ], [ -114.715171810600197, 51.489555359944347, 0.0 ], [ -114.715156560705907, 51.496215820415898, 0.0 ], [ -114.7151718104422, 51.496913909834923, 0.0 ], [ -114.716873170702698, 51.49695586968619, 0.0 ], [ -114.717933649677704, 51.497001650064121, 0.0 ], [ -114.718109129646095, 51.497032170383811, 0.0 ], [ -114.726951600427398, 51.496994019830723, 0.0 ], [ -114.727310179753701, 51.499954219949487, 0.0 ], [ -114.727333069337305, 51.500026700126618, 0.0 ], [ -114.727409360172203, 51.500720980255501, 0.0 ], [ -114.727798459352201, 51.503898620372553, 0.0 ], [ -114.740142820579507, 51.503784180338251, 0.0 ], [ -114.750892639930001, 51.503681180124786, 0.0 ], [ -114.7508926393038, 51.505084990228198, 0.0 ], [ -114.750686649763907, 51.512214659814241, 0.0 ], [ -114.750976559449398, 51.513896940259663, 0.0 ], [ -114.751243590242197, 51.514068599685167, 0.0 ], [ -114.750869749885297, 51.532661439959838, 0.0 ], [ -114.705274096078, 51.533185689444032, 0.0 ], [ -114.7047947653774, 51.619871252677868, 0.0 ], [ -114.710786392197207, 51.62002005538595, 0.0 ], [ -114.710786391772203, 51.649027121714653, 0.0 ], [ -114.780768579521506, 51.64902712182213, 0.0 ], [ -114.781247909518598, 51.707579675367903, 0.0 ], [ -114.852098881584695, 51.707746753600247, 0.0 ], [ -114.852068922383907, 51.703495342955087, 0.0 ], [ -114.856652515374606, 51.700394717254603, 0.0 ], [ -114.858330171201104, 51.699094990060964, 0.0 ], [ -114.861415859669094, 51.698222296327693, 0.0 ], [ -114.865400287996493, 51.694749919103828, 0.0 ], [ -114.866299032649295, 51.693598590558231, 0.0 ], [ -114.869923967626704, 51.691611551848339, 0.0 ], [ -114.8775033731295, 51.689884429268879, 0.0 ], [ -114.881308054789599, 51.690423000742683, 0.0 ], [ -114.885891649220198, 51.689550139847967, 0.0 ], [ -114.887808969714499, 51.686838588888747, 0.0 ], [ -114.890385367367699, 51.685612765674207, 0.0 ], [ -114.894010302023304, 51.685222725181802, 0.0 ], [ -114.895657998395507, 51.684089727794003, 0.0 ], [ -114.897575318994399, 51.684164024013128, 0.0 ], [ -114.900031885268504, 51.683309616372391, 0.0 ], [ -114.902877906819498, 51.68314244709137, 0.0 ], [ -114.904226022515005, 51.682157996919798, 0.0 ], [ -114.906682589411801, 51.681637901274541, 0.0 ], [ -114.908539994337502, 51.681749349921773, 0.0 ], [ -114.910876727482503, 51.682232294765768, 0.0 ], [ -114.912194885297893, 51.682975278192963, 0.0 ], [ -114.913513043235099, 51.683829691758703, 0.0 ], [ -114.9142919537437, 51.685835645923753, 0.0 ], [ -114.917377641087896, 51.687080035123337, 0.0 ], [ -114.921302155431306, 51.686132816291163, 0.0 ], [ -114.924417801033798, 51.686504276818972, 0.0 ], [ -114.927593363614307, 51.686095670350468, 0.0 ], [ -114.9291511856933, 51.686541423213818, 0.0 ], [ -114.929450766701706, 51.68706146203867, 0.0 ], [ -114.931368087131503, 51.687172898578787, 0.0 ], [ -114.932686244613294, 51.688510111899348, 0.0 ], [ -114.934423816485506, 51.689364422420851, 0.0 ], [ -114.938857618544901, 51.689215848108482, 0.0 ], [ -114.946886397584194, 51.690478714647469, 0.0 ], [ -114.948863633330205, 51.690293001597823, 0.0 ], [ -114.951380115874301, 51.690961567247641, 0.0 ], [ -114.952997855213994, 51.69073871338977, 0.0 ], [ -114.954735426527705, 51.690812997574817, 0.0 ], [ -114.957671322437506, 51.691481555956763, 0.0 ], [ -114.962674331454195, 51.689457281407698, 0.0 ], [ -114.965041022578902, 51.687024317360958, 0.0 ], [ -114.965760017777797, 51.678777267869933, 0.0 ], [ -114.967377756457196, 51.678517200951049, 0.0 ], [ -114.968456248809503, 51.676956770824248, 0.0 ], [ -114.968875662635497, 51.675619216145897, 0.0 ], [ -114.970493402541607, 51.673204086899169, 0.0 ], [ -114.970373568394507, 51.6722379987675, 0.0 ], [ -114.969414909109503, 51.66852208483472, 0.0 ], [ -114.970253737430497, 51.666738337737002, 0.0 ], [ -114.969774407141799, 51.665623459678542, 0.0 ], [ -114.971032647766506, 51.663244962638807, 0.0 ], [ -114.970912816517398, 51.65926813363857, 0.0 ], [ -114.972171056463694, 51.656368916951408, 0.0 ], [ -114.977623436451694, 51.654324485830159, 0.0 ], [ -114.981458077467906, 51.652242789193643, 0.0 ], [ -114.984334057650798, 51.651164730436953, 0.0 ], [ -114.987869115303496, 51.650458401446748, 0.0 ], [ -114.989966185392205, 51.651387778307537, 0.0 ], [ -114.993501244220298, 51.653023436768251, 0.0 ], [ -114.992392793449, 51.619276040164557, 0.0 ], [ -115.314981914491597, 51.620020054714587, 0.0 ], [ -115.576815951506703, 51.620168856566337, 0.0 ], [ -115.562226342788506, 51.608281798776787, 0.0 ], [ -115.496917623495406, 51.565916998198666, 0.0 ], [ -115.500572515624498, 51.563458776326833, 0.0 ], [ -115.503927826269503, 51.562788328603752, 0.0 ], [ -115.505605481157801, 51.561074918983081, 0.0 ], [ -115.508960790659202, 51.560329938138743, 0.0 ], [ -115.511237609063002, 51.557722408804601, 0.0 ], [ -115.516859750798204, 51.553879134975432, 0.0 ], [ -115.517468900701502, 51.550867618650258, 0.0 ], [ -115.524129590335093, 51.547768965357761, 0.0 ], [ -115.525018348591601, 51.545576802598703, 0.0 ], [ -115.523101028443904, 51.540807089191063, 0.0 ], [ -115.526576169681206, 51.539689115192722, 0.0 ], [ -115.531958647625004, 51.540018299580517, 0.0 ], [ -115.536272617337204, 51.532614187888768, 0.0 ], [ -116.382950129509695, 51.53266143968785, 0.0 ] ] ] ] } }
]
}
