{
"type": "FeatureCollection",
"name": "Name_Lakeland Industry and Community Association",
"crs": { "type": "name", "properties": { "name": "urn:ogc:def:crs:OGC:1.3:CRS84" } },
"xy_coordinate_resolution": 1e-15,
"features": [
{ "type": "Feature", "properties": { "Name": "Lakeland Industry and Community Association", "description": "<html xmlns:fo=\"http://www.w3.org/1999/XSL/Format\" xmlns:msxsl=\"urn:schemas-microsoft-com:xslt\">\n\n<head>\n\n<META http-equiv=\"Content-Type\" content=\"text/html\">\n\n<meta http-equiv=\"content-type\" content=\"text/html; charset=UTF-8\">\n\n</head>\n\n<body style=\"margin:0px 0px 0px 0px;overflow:auto;background:#FFFFFF;\">\n\n<table style=\"font-family:Arial,Verdana,Times;font-size:12px;text-align:left;width:100%;border-collapse:collapse;padding:3px 3px 3px 3px\">\n\n<tr style=\"text-align:center;font-weight:bold;background:#9CBCE2\">\n\n<td>Lakeland Industry and Community Association</td>\n\n</tr>\n\n<tr>\n\n<td>\n\n<table style=\"font-family:Arial,Verdana,Times;font-size:12px;text-align:left;width:100%;border-spacing:0px; padding:3px 3px 3px 3px\">\n\n<tr>\n\n<td>FID</td>\n\n<td>6</td>\n\n</tr>\n\n<tr bgcolor=\"#D4E4F3\">\n\n<td>Name</td>\n\n<td>Lakeland Industry and Community Association</td>\n\n</tr>\n\n<tr>\n\n<td>Abrreviati</td>\n\n<td>LICA</td>\n\n</tr>\n\n<tr bgcolor=\"#D4E4F3\">\n\n<td>YrCreated</td>\n\n<td>2007</td>\n\n</tr>\n\n<tr>\n\n<td>Shape_Leng</td>\n\n<td>980070.085361</td>\n\n</tr>\n\n<tr bgcolor=\"#D4E4F3\">\n\n<td>Shape_Le_1</td>\n\n<td>979972.330426</td>\n\n</tr>\n\n</table>\n\n</td>\n\n</tr>\n\n</table>\n\n</body><script type=\"text/javascript\">\n\n\t\t\t\tfunction changeImage(attElement, nameElement) {\n\n\t\t\t\tdocument.getElementById('imageAttachment').src = attElement;\n\n\t\t\t\tdocument.getElementById('imageName').innerHTML = nameElement;}\n\n\t\t\t</script></html>\n\n", "timestamp": null, "begin": null, "end": null, "altitudeMode": "clampToGround", "tessellate": -1, "extrude": 0, "visibility": -1, "drawOrder": null, "icon": null }, "geometry": { "type": "MultiPolygon", "coordinates": [ [ [ [ -111.040073002740002, 55.331305407947617, 0.0 ], [ -111.039924248008205, 55.331306611497268, 0.0 ], [ -111.039580215213803, 55.331309047304693, 0.0 ], [ -111.039485109277507, 55.331309592233232, 0.0 ], [ -111.039589916965397, 55.331309044628178, 0.0 ], [ -111.040185478436896, 55.331304835193087, 0.0 ], [ -111.040073002740002, 55.331305407947617, 0.0 ] ] ], [ [ [ -111.039485109277507, 55.331309592233232, 0.0 ], [ -111.038819500135602, 55.331313058966209, 0.0 ], [ -111.038818118078794, 55.33131306987768, 0.0 ], [ -111.038787448545605, 55.331313585654748, 0.0 ], [ -111.039485109277507, 55.331309592233232, 0.0 ] ] ], [ [ [ -111.038776403335802, 55.331313291830128, 0.0 ], [ -111.038775297119301, 55.331313448453123, 0.0 ], [ -111.0388152879827, 55.331313088658632, 0.0 ], [ -111.038776403335802, 55.331313291830128, 0.0 ] ] ], [ [ [ -111.038773781010093, 55.331313663745121, 0.0 ], [ -111.038772586657899, 55.331313833701387, 0.0 ], [ -111.038787448545605, 55.331313585654748, 0.0 ], [ -111.038773781010093, 55.331313663745121, 0.0 ] ] ], [ [ [ -111.038775297119301, 55.331313448453123, 0.0 ], [ -111.038712181477095, 55.331314016526697, 0.0 ], [ -111.038773781010093, 55.331313663745121, 0.0 ], [ -111.038775297119301, 55.331313448453123, 0.0 ] ] ], [ [ [ -111.040073002740002, 55.331305407947617, 0.0 ], [ -111.040173643656402, 55.33130459324471, 0.0 ], [ -111.146830720228095, 55.330923778121303, 0.0 ], [ -111.147448939674902, 55.330922895514917, 0.0 ], [ -111.147787706130899, 55.330921950305182, 0.0 ], [ -111.148577952078298, 55.330923038144753, 0.0 ], [ -111.236747280916404, 55.330159553773981, 0.0 ], [ -111.306758579008502, 55.330178239785774, 0.0 ], [ -111.314395019990897, 55.330137334647887, 0.0 ], [ -111.314394410713703, 55.222134127566036, 0.0 ], [ -111.315134403302096, 55.222150488835887, 0.0 ], [ -111.315919587188802, 55.222167841205241, 0.0 ], [ -111.316704767027602, 55.222185191074438, 0.0 ], [ -111.317489951080006, 55.222202534195119, 0.0 ], [ -111.317813986717297, 55.222209690976896, 0.0 ], [ -111.318100483688198, 55.22206235834701, 0.0 ], [ -111.3185135558886, 55.221849933874523, 0.0 ], [ -111.318926622041801, 55.221637508781569, 0.0 ], [ -111.319339682313696, 55.221425081273992, 0.0 ], [ -111.319752739842897, 55.221212651446628, 0.0 ], [ -111.320158372765206, 55.221004038056073, 0.0 ], [ -111.3201997614117, 55.220705469607992, 0.0 ], [ -111.320249180890301, 55.220648128757936, 0.0 ], [ -111.320596447082707, 55.220245198226827, 0.0 ], [ -111.320601283257105, 55.220196584078323, 0.0 ], [ -111.320645902934999, 55.219748127026229, 0.0 ], [ -111.320690519980701, 55.219299668075223, 0.0 ], [ -111.320707900439004, 55.219124960834513, 0.0 ], [ -111.320713899219498, 55.218974044873612, 0.0 ], [ -111.320763015154, 55.218530367355058, 0.0 ], [ -111.320767247551103, 55.218528448517759, 0.0 ], [ -111.320779750220296, 55.218402751795551, 0.0 ], [ -111.320914475165296, 55.218072835628313, 0.0 ], [ -111.321038526005907, 55.218010707422941, 0.0 ], [ -111.3211793671951, 55.217940171701493, 0.0 ], [ -111.3211744401613, 55.217842032099249, 0.0 ], [ -111.321281931270207, 55.217435451102517, 0.0 ], [ -111.3220516520974, 55.217449690505752, 0.0 ], [ -111.322138763671006, 55.217459673309243, 0.0 ], [ -111.322220500132502, 55.21741873830706, 0.0 ], [ -111.322356284404705, 55.217417713215937, 0.0 ], [ -111.323141891731495, 55.21741178528503, 0.0 ], [ -111.323243873287794, 55.217411013963478, 0.0 ], [ -111.323927503922704, 55.217405850633668, 0.0 ], [ -111.324713109827897, 55.217399910724637, 0.0 ], [ -111.324834316608801, 55.217335841578297, 0.0 ], [ -111.325411194796601, 55.217030898847078, 0.0 ], [ -111.325988065738002, 55.216725953291743, 0.0 ], [ -111.326019494721294, 55.216548209294082, 0.0 ], [ -111.326098519288905, 55.21610130394383, 0.0 ], [ -111.326177540376506, 55.21565439754599, 0.0 ], [ -111.326603458116907, 55.215348538739804, 0.0 ], [ -111.326819713925602, 55.215325420214519, 0.0 ], [ -111.327278251977702, 55.215489477106658, 0.0 ], [ -111.327884276551302, 55.215503392511202, 0.0 ], [ -111.328133688278399, 55.215442638669018, 0.0 ], [ -111.328856461725593, 55.215266575436743, 0.0 ], [ -111.329579227287297, 55.215090508670421, 0.0 ], [ -111.329722286448501, 55.215018226523348, 0.0 ], [ -111.330310979430493, 55.21472077572114, 0.0 ], [ -111.330899663565603, 55.214423322832857, 0.0 ], [ -111.331488340422993, 55.214125867905828, 0.0 ], [ -111.332077007029994, 55.213828409051423, 0.0 ], [ -111.332225676712596, 55.213626108929802, 0.0 ], [ -111.332280130642602, 55.213328460851983, 0.0 ], [ -111.332361859671593, 55.21288171216522, 0.0 ], [ -111.332699399744698, 55.212561933984588, 0.0 ], [ -111.332724688299905, 55.212351941641209, 0.0 ], [ -111.332778654056497, 55.21190381824416, 0.0 ], [ -111.3328276902011, 55.211496634527499, 0.0 ], [ -111.332832620028, 55.211455693929338, 0.0 ], [ -111.332969361181597, 55.211243112186388, 0.0 ], [ -111.3336107573992, 55.211203533618651, 0.0 ], [ -111.333806063003905, 55.211265309740227, 0.0 ], [ -111.3342510874092, 55.211406073102999, 0.0 ], [ -111.334413369304301, 55.211533889369719, 0.0 ], [ -111.335193720723097, 55.211602343970767, 0.0 ], [ -111.335503362684193, 55.211593995783829, 0.0 ], [ -111.335701510822204, 55.211906869705537, 0.0 ], [ -111.335921323313698, 55.212044141667533, 0.0 ], [ -111.336451829973399, 55.212375431478627, 0.0 ], [ -111.3366725943674, 55.212442218079168, 0.0 ], [ -111.337366978422693, 55.212652282485628, 0.0 ], [ -111.337835277001602, 55.212671013993869, 0.0 ], [ -111.338618950149694, 55.212702356062813, 0.0 ], [ -111.338851521564706, 55.212644292634863, 0.0 ], [ -111.339143279014195, 55.212323284578233, 0.0 ], [ -111.339387249430004, 55.212200123100757, 0.0 ], [ -111.339976144305794, 55.211902830314159, 0.0 ], [ -111.340111232763505, 55.211892067898219, 0.0 ], [ -111.340889290102893, 55.211830082029238, 0.0 ], [ -111.341033644821593, 55.211791860960091, 0.0 ], [ -111.341746495632293, 55.211603113873387, 0.0 ], [ -111.341778440408802, 55.211538277237679, 0.0 ], [ -111.341991467533305, 55.21110592192457, 0.0 ], [ -111.342242752512107, 55.210909372001403, 0.0 ], [ -111.342386801895202, 55.210525484574362, 0.0 ], [ -111.342550052043904, 55.210390878870818, 0.0 ], [ -111.343303475552304, 55.210329892852258, 0.0 ], [ -111.343967256409201, 55.210181935100422, 0.0 ], [ -111.344247752987499, 55.210231430357979, 0.0 ], [ -111.344333649305, 55.210278095657728, 0.0 ], [ -111.344903154222294, 55.210587481712587, 0.0 ], [ -111.345614072120597, 55.2104478965176, 0.0 ], [ -111.346058943316294, 55.210457006829621, 0.0 ], [ -111.346843985194198, 55.210473076587739, 0.0 ], [ -111.347629029332893, 55.210489143138339, 0.0 ], [ -111.348414074492297, 55.210505202845788, 0.0 ], [ -111.349199120343101, 55.210521259298638, 0.0 ], [ -111.349422044637194, 55.210467030630433, 0.0 ], [ -111.350144897416698, 55.210291187067703, 0.0 ], [ -111.350250586736294, 55.210236107871481, 0.0 ], [ -111.350831177136001, 55.20993353431885, 0.0 ], [ -111.351411755600097, 55.209630957766507, 0.0 ], [ -111.351992328322197, 55.209328379299627, 0.0 ], [ -111.352419139502203, 55.209124758793678, 0.0 ], [ -111.353005479920299, 55.208990862805663, 0.0 ], [ -111.3531303569561, 55.208864413963887, 0.0 ], [ -111.353172874003306, 55.208694895231901, 0.0 ], [ -111.353284391167705, 55.208250255641381, 0.0 ], [ -111.353341804533699, 55.208220321357153, 0.0 ], [ -111.353922258800907, 55.207917679363412, 0.0 ], [ -111.354502701133299, 55.207615034371358, 0.0 ], [ -111.355083134586593, 55.207312387372127, 0.0 ], [ -111.355663560975998, 55.207009735721279, 0.0 ], [ -111.356243978322397, 55.206707083857772, 0.0 ], [ -111.356824387036397, 55.206404427295887, 0.0 ], [ -111.356837813762994, 55.206372180276723, 0.0 ], [ -111.357019752888306, 55.205935208603599, 0.0 ], [ -111.357327176865994, 55.20565579778134, 0.0 ], [ -111.357380755652599, 55.205307679645699, 0.0 ], [ -111.357449621599599, 55.204860218943537, 0.0 ], [ -111.357518487185004, 55.20441275999498, 0.0 ], [ -111.357832381851495, 55.204137468325762, 0.0 ], [ -111.357890946270899, 55.203924692741289, 0.0 ], [ -111.358013078228694, 55.203480966990071, 0.0 ], [ -111.358406999293294, 55.203256497402357, 0.0 ], [ -111.358602089710899, 55.203237017237313, 0.0 ], [ -111.359375791912896, 55.203159758099318, 0.0 ], [ -111.359469119079705, 55.203117515343081, 0.0 ], [ -111.360084977806395, 55.202838752684599, 0.0 ], [ -111.360666932269197, 55.202733231360682, 0.0 ], [ -111.361078570079201, 55.202518147392418, 0.0 ], [ -111.361317729070905, 55.202191540667812, 0.0 ], [ -111.361754268756002, 55.201979373523642, 0.0 ], [ -111.361859119619794, 55.202003278332583, 0.0 ], [ -111.362588681979204, 55.202169603814781, 0.0 ], [ -111.362987068674599, 55.202183297602012, 0.0 ], [ -111.363771043712603, 55.202210238991597, 0.0 ], [ -111.3645550182992, 55.202237177099192, 0.0 ], [ -111.365050381340893, 55.202195183757517, 0.0 ], [ -111.365494010942996, 55.201942752672451, 0.0 ], [ -111.365526861653805, 55.201866496328797, 0.0 ], [ -111.365595713879998, 55.201706663081083, 0.0 ], [ -111.365714742695104, 55.20143034812326, 0.0 ], [ -111.365838306229506, 55.201367844840469, 0.0 ], [ -111.366426611313202, 55.201070264139616, 0.0 ], [ -111.367014904419804, 55.200772681263622, 0.0 ], [ -111.367469737622002, 55.20075560233002, 0.0 ], [ -111.3682534093778, 55.200726172170768, 0.0 ], [ -111.368726483144101, 55.20059828581271, 0.0 ], [ -111.369436520530599, 55.200406334286747, 0.0 ], [ -111.369700705981202, 55.200530171892318, 0.0 ], [ -111.370308132204002, 55.200814903686627, 0.0 ], [ -111.370882418644101, 55.200838316593767, 0.0 ], [ -111.371665794606201, 55.2008702498579, 0.0 ], [ -111.371715629602406, 55.200872281893339, 0.0 ], [ -111.3719754258845, 55.200738398136828, 0.0 ], [ -111.372387989631505, 55.200525783101362, 0.0 ], [ -111.372800552043799, 55.200313167590252, 0.0 ], [ -111.372820723765301, 55.199851472154059, 0.0 ], [ -111.3732539270475, 55.199651964331963, 0.0 ], [ -111.373274095905302, 55.199190269690753, 0.0 ], [ -111.373662816377603, 55.199011241730602, 0.0 ], [ -111.373646150312695, 55.198969556514747, 0.0 ], [ -111.373471089827106, 55.198531667064252, 0.0 ], [ -111.373296029850806, 55.198093777298688, 0.0 ], [ -111.373072241381493, 55.197889889106463, 0.0 ], [ -111.373094550210595, 55.197634937889539, 0.0 ], [ -111.373458342636894, 55.19744553749608, 0.0 ], [ -111.374039090170101, 55.197143175269311, 0.0 ], [ -111.374619828995193, 55.196840809238438, 0.0 ], [ -111.375085105086001, 55.196598554541467, 0.0 ], [ -111.375087422550195, 55.196545435511958, 0.0 ], [ -111.375520578185501, 55.196345918864722, 0.0 ], [ -111.375540715885705, 55.195884223199421, 0.0 ], [ -111.375973862074602, 55.195684703890279, 0.0 ], [ -111.376386353250894, 55.19547207326648, 0.0 ], [ -111.376427132087997, 55.195023487002423, 0.0 ], [ -111.376839613835898, 55.194810855589658, 0.0 ], [ -111.377252091276503, 55.194598221813997, 0.0 ], [ -111.377664562678504, 55.194385587423213, 0.0 ], [ -111.378077031260304, 55.194172951613417, 0.0 ], [ -111.378489495453493, 55.193960314338028, 0.0 ], [ -111.378530246877304, 55.193511725975142, 0.0 ], [ -111.378942701724796, 55.193299087013934, 0.0 ], [ -111.379355152183805, 55.193086446587181, 0.0 ], [ -111.379767598173203, 55.192873805592143, 0.0 ], [ -111.379808335238096, 55.192425215664649, 0.0 ], [ -111.380220771882406, 55.192212572983983, 0.0 ], [ -111.380633204301603, 55.191999927043561, 0.0 ], [ -111.381045630601605, 55.191787281385551, 0.0 ], [ -111.381458054244703, 55.191574632514453, 0.0 ], [ -111.381870473418502, 55.191361983075232, 0.0 ], [ -111.382312626304, 55.191168208214023, 0.0 ], [ -111.3823087246016, 55.19069130417418, 0.0 ], [ -111.382364296067095, 55.190252152112777, 0.0 ], [ -111.382605351106804, 55.190145411680909, 0.0 ], [ -111.382709421460405, 55.190038604470757, 0.0 ], [ -111.382754044088102, 55.189862906545351, 0.0 ], [ -111.382793676541297, 55.189706868685029, 0.0 ], [ -111.382789516633494, 55.189573213244302, 0.0 ], [ -111.382832450887506, 55.189554202217202, 0.0 ], [ -111.382866944990596, 55.18941838136643, 0.0 ], [ -111.383244038660905, 55.189071280852787, 0.0 ], [ -111.383259038975197, 55.189055716977272, 0.0 ], [ -111.383270474743, 55.188929662035967, 0.0 ], [ -111.383489387262202, 55.188816775007787, 0.0 ], [ -111.383633436067697, 55.1886673471733, 0.0 ], [ -111.383906223422798, 55.188384373238833, 0.0 ], [ -111.383723541592303, 55.188268415429093, 0.0 ], [ -111.383754289823997, 55.187929361949699, 0.0 ], [ -111.383653436636095, 55.187794797951788, 0.0 ], [ -111.383241334321795, 55.187530046140907, 0.0 ], [ -111.382719194589896, 55.187194593054038, 0.0 ], [ -111.382718942550397, 55.187183609564308, 0.0 ], [ -111.382583852453394, 55.187110075900058, 0.0 ], [ -111.382715936486306, 55.187051812730978, 0.0 ], [ -111.382712529290103, 55.186902235107112, 0.0 ], [ -111.383166806324994, 55.186656006982247, 0.0 ], [ -111.383737565021804, 55.186539543571477, 0.0 ], [ -111.384022272049904, 55.186222250203947, 0.0 ], [ -111.384602533400894, 55.185919683493111, 0.0 ], [ -111.3851827875353, 55.185617113926433, 0.0 ], [ -111.385779244959295, 55.185497773118577, 0.0 ], [ -111.385947990092504, 55.185410741228438, 0.0 ], [ -111.386360320882204, 55.185198074262743, 0.0 ], [ -111.386418150656695, 55.185168248201371, 0.0 ], [ -111.386772647204296, 55.184985406729517, 0.0 ], [ -111.387184967490896, 55.184772738582311, 0.0 ], [ -111.387597291393803, 55.184560067408597, 0.0 ], [ -111.388009602907999, 55.184347396332122, 0.0 ], [ -111.388421911685498, 55.184134722940357, 0.0 ], [ -111.388834217726099, 55.183922047233352, 0.0 ], [ -111.389246516163595, 55.183709370866048, 0.0 ], [ -111.389658813351005, 55.183496693127218, 0.0 ], [ -111.390071104584607, 55.183284013877461, 0.0 ], [ -111.3904833898644, 55.183071333116843, 0.0 ], [ -111.390895673894306, 55.182858650984713, 0.0 ], [ -111.390915618408997, 55.18239695016883, 0.0 ], [ -111.391348540697095, 55.182197371750341, 0.0 ], [ -111.391412729975698, 55.181763754645537, 0.0 ], [ -111.391406116462207, 55.181285201966837, 0.0 ], [ -111.391470304782899, 55.180851584795839, 0.0 ], [ -111.391882560152894, 55.180638899754491, 0.0 ], [ -111.392294809651105, 55.180426212305328, 0.0 ], [ -111.393078728483303, 55.180449428699681, 0.0 ], [ -111.393227002369102, 55.180372927899157, 0.0 ], [ -111.393490969777403, 55.180236737077479, 0.0 ], [ -111.393903205118704, 55.180024043944769, 0.0 ], [ -111.394315437642803, 55.179811349394427, 0.0 ], [ -111.395075748700293, 55.179819576730701, 0.0 ], [ -111.395906856381302, 55.179872730262261, 0.0 ], [ -111.396667167801894, 55.179880947639518, 0.0 ], [ -111.396295477694807, 55.179645051242282, 0.0 ], [ -111.396363485574398, 55.179182274268378, 0.0 ], [ -111.396376534489605, 55.17874785468311, 0.0 ], [ -111.395592647858507, 55.178724659107978, 0.0 ], [ -111.395633184031297, 55.178276062054117, 0.0 ], [ -111.396045389196303, 55.178063360312358, 0.0 ], [ -111.396457589814602, 55.177850658901171, 0.0 ], [ -111.3968697861295, 55.177637955128958, 0.0 ], [ -111.397281978140995, 55.177425248995768, 0.0 ], [ -111.3976941641194, 55.177212542249677, 0.0 ], [ -111.3981063472811, 55.17699983408626, 0.0 ], [ -111.398910852853405, 55.177036118068223, 0.0 ], [ -111.399302378673795, 55.176810301633893, 0.0 ], [ -111.4000862340678, 55.176833472926027, 0.0 ], [ -111.400870087456198, 55.176856639093721, 0.0 ], [ -111.401282251959302, 55.176643919924651, 0.0 ], [ -111.401694409023705, 55.176431198302232, 0.0 ], [ -111.402106564677396, 55.176218477103397, 0.0 ], [ -111.402518714541102, 55.176005752600432, 0.0 ], [ -111.402930858291299, 55.175793028382166, 0.0 ], [ -111.403343000954493, 55.175580300998718, 0.0 ], [ -111.4034072939629, 55.175582200525412, 0.0 ], [ -111.403908865917103, 55.175326855463013, 0.0 ], [ -111.404310393993399, 55.175335595249919, 0.0 ], [ -111.404486547943307, 55.175386913360249, 0.0 ], [ -111.404652933773605, 55.175435384409539, 0.0 ], [ -111.404910666770107, 55.175626586685958, 0.0 ], [ -111.405694503843193, 55.175649720705763, 0.0 ], [ -111.405718820048605, 55.175557957569367, 0.0 ], [ -111.405759911277897, 55.175559036189647, 0.0 ], [ -111.406543963461402, 55.175579595565807, 0.0 ], [ -111.407328021294305, 55.175600150942088, 0.0 ], [ -111.407534680169803, 55.175553233037341, 0.0 ], [ -111.407791088853102, 55.175241488751489, 0.0 ], [ -111.408263208450705, 55.17500750621307, 0.0 ], [ -111.408326223054502, 55.175003134881479, 0.0 ], [ -111.409105384153506, 55.174949079922207, 0.0 ], [ -111.409545206698297, 55.174806393343928, 0.0 ], [ -111.409687266618704, 55.174806722893223, 0.0 ], [ -111.410472122288795, 55.174808536967248, 0.0 ], [ -111.410514416923704, 55.174639183386262, 0.0 ], [ -111.4106254754833, 55.174194502797661, 0.0 ], [ -111.410853214504201, 55.174077735777708, 0.0 ], [ -111.411437790620795, 55.173778004672158, 0.0 ], [ -111.4120223578973, 55.173478271521098, 0.0 ], [ -111.412157228750104, 55.173324952411001, 0.0 ], [ -111.412181092162896, 55.173023604604822, 0.0 ], [ -111.412216629732995, 55.172574865542941, 0.0 ], [ -111.412173355739796, 55.172508064583738, 0.0 ], [ -111.411900520164707, 55.17208688270582, 0.0 ], [ -111.411967845867906, 55.171759305004088, 0.0 ], [ -111.412059535572297, 55.17131318100116, 0.0 ], [ -111.412420278831306, 55.171142734347178, 0.0 ], [ -111.413025498136193, 55.170856770862727, 0.0 ], [ -111.413185065969103, 55.17086012655728, 0.0 ], [ -111.413969324025402, 55.170876616230743, 0.0 ], [ -111.414753581381305, 55.170893100816997, 0.0 ], [ -111.415537837956094, 55.170909581213309, 0.0 ], [ -111.415543507366905, 55.170550059119932, 0.0 ], [ -111.415550590952904, 55.170100876117807, 0.0 ], [ -111.415336289209193, 55.169960883205349, 0.0 ], [ -111.414819112102606, 55.16962303052108, 0.0 ], [ -111.414770653252006, 55.169608340389473, 0.0 ], [ -111.414077134285407, 55.169398119061839, 0.0 ], [ -111.4133836244783, 55.169187892134822, 0.0 ], [ -111.413064013248999, 55.168978625061733, 0.0 ], [ -111.412883772151403, 55.168643917777963, 0.0 ], [ -111.412820496935296, 55.168603161995939, 0.0 ], [ -111.412299218254702, 55.168267390135377, 0.0 ], [ -111.411777943618503, 55.167931616014997, 0.0 ], [ -111.4117129317261, 55.167927429880571, 0.0 ], [ -111.410933122112297, 55.167877224947617, 0.0 ], [ -111.410153311459595, 55.167827015853838, 0.0 ], [ -111.409373507766603, 55.167776801035771, 0.0 ], [ -111.409199938354305, 55.16765951505316, 0.0 ], [ -111.409178776672206, 55.167348783912821, 0.0 ], [ -111.408572230068401, 55.167133412953348, 0.0 ], [ -111.408345890103305, 55.167116349192831, 0.0 ], [ -111.407567899379501, 55.167057690166857, 0.0 ], [ -111.407008299926304, 55.166865407779007, 0.0 ], [ -111.406642173561707, 55.166831339667617, 0.0 ], [ -111.4058676346488, 55.166759267709573, 0.0 ], [ -111.405676042676006, 55.166658445949572, 0.0 ], [ -111.405098349752194, 55.166354442509508, 0.0 ], [ -111.404416176932202, 55.166315710808497, 0.0 ], [ -111.404327626461395, 55.166310682639732, 0.0 ], [ -111.403546766033898, 55.166266341405262, 0.0 ], [ -111.402765907476706, 55.166221996085604, 0.0 ], [ -111.402619565350705, 55.166175212299493, 0.0 ], [ -111.401934476167796, 55.165956188151362, 0.0 ], [ -111.401566545715298, 55.165718418211917, 0.0 ], [ -111.401533565386998, 55.165464988718689, 0.0 ], [ -111.401475274675406, 55.165017030559511, 0.0 ], [ -111.401199641759007, 55.164678149243251, 0.0 ], [ -111.401201168085905, 55.164649983068657, 0.0 ], [ -111.401225514896694, 55.164200998910992, 0.0 ], [ -111.401249862345097, 55.163752016554533, 0.0 ], [ -111.4012633746066, 55.163287383979032, 0.0 ], [ -111.400974237728903, 55.162869795779528, 0.0 ], [ -111.400967963500804, 55.162524455641517, 0.0 ], [ -111.400959801803097, 55.162075279752777, 0.0 ], [ -111.400684248653903, 55.161736367663252, 0.0 ], [ -111.400683058503503, 55.161560790032709, 0.0 ], [ -111.400681872877797, 55.161386399098348, 0.0 ], [ -111.400678824043993, 55.160937203293038, 0.0 ], [ -111.400252352499805, 55.160622754547539, 0.0 ], [ -111.399755884130897, 55.160504839212443, 0.0 ], [ -111.399633875769197, 55.160407440881777, 0.0 ], [ -111.399637895452997, 55.160319832991469, 0.0 ], [ -111.39965849747, 55.159870788376651, 0.0 ], [ -111.399679098803304, 55.159421743724948, 0.0 ], [ -111.399012357067093, 55.159650368581488, 0.0 ], [ -111.398571603747001, 55.159868324435088, 0.0 ], [ -111.397977839979106, 55.160161939900497, 0.0 ], [ -111.397436970818603, 55.160429392867343, 0.0 ], [ -111.397384067427197, 55.160455553231436, 0.0 ], [ -111.396767709694899, 55.160439420256218, 0.0 ], [ -111.395983954867802, 55.160418902764043, 0.0 ], [ -111.395200199661403, 55.160398378398042, 0.0 ], [ -111.394626724518105, 55.160197345006537, 0.0 ], [ -111.393957615432697, 55.159962783351517, 0.0 ], [ -111.393545921573704, 55.1599163042209, 0.0 ], [ -111.393127953736993, 55.15993831042546, 0.0 ], [ -111.392942885465004, 55.159991423627709, 0.0 ], [ -111.3925904814717, 55.160092561057652, 0.0 ], [ -111.391889092955495, 55.160293848441448, 0.0 ], [ -111.391670861018795, 55.160290480860951, 0.0 ], [ -111.390886574774001, 55.160278370010467, 0.0 ], [ -111.390616637895505, 55.160201468645809, 0.0 ], [ -111.390589506435703, 55.1601818781009, 0.0 ], [ -111.390614038156201, 55.159910569376272, 0.0 ], [ -111.3902425669406, 55.15967465800361, 0.0 ], [ -111.390147238734301, 55.159614118195009, 0.0 ], [ -111.389871098456297, 55.159438746404028, 0.0 ], [ -111.389929770437206, 55.159013077513357, 0.0 ], [ -111.389912706690296, 55.158965916611322, 0.0 ], [ -111.389540208179397, 55.158754235500218, 0.0 ], [ -111.389571040460794, 55.158413347968263, 0.0 ], [ -111.389469115798903, 55.158277452263107, 0.0 ], [ -111.389220278290495, 55.15812676462653, 0.0 ], [ -111.388731295878898, 55.157830649112412, 0.0 ], [ -111.388681287562406, 55.157800363468361, 0.0 ], [ -111.388440045718895, 55.157739513916439, 0.0 ], [ -111.388203179742106, 55.157814984051171, 0.0 ], [ -111.388054411127897, 55.157810571092106, 0.0 ], [ -111.387754790965701, 55.157933819635858, 0.0 ], [ -111.387284606514896, 55.15800183444621, 0.0 ], [ -111.387264188684298, 55.15816240725141, 0.0 ], [ -111.387179806412803, 55.158203826544828, 0.0 ], [ -111.387169527216201, 55.158671679610968, 0.0 ], [ -111.387179228134102, 55.158830516515202, 0.0 ], [ -111.387122740163704, 55.159274733410342, 0.0 ], [ -111.387105894457306, 55.159489407055013, 0.0 ], [ -111.387098674241102, 55.159581416194399, 0.0 ], [ -111.386325031170401, 55.159558458933638, 0.0 ], [ -111.385914388585505, 55.159772029689158, 0.0 ], [ -111.384987256361299, 55.159657545616362, 0.0 ], [ -111.384345958317994, 55.159724610093541, 0.0 ], [ -111.384157666260094, 55.160079414226608, 0.0 ], [ -111.384137597555195, 55.160541072721067, 0.0 ], [ -111.384185137265206, 55.161045674241443, 0.0 ], [ -111.384199658872404, 55.161529303435408, 0.0 ], [ -111.383771319805803, 55.161731646562608, 0.0 ], [ -111.383739733943102, 55.16208026098991, 0.0 ], [ -111.383578811138406, 55.162079837708113, 0.0 ], [ -111.382794213837798, 55.16207777565122, 0.0 ], [ -111.382009620136699, 55.162075706838927, 0.0 ], [ -111.381335763561594, 55.162240811455561, 0.0 ], [ -111.380767056279893, 55.162225929190903, 0.0 ], [ -111.379983271130897, 55.162205414246401, 0.0 ], [ -111.379199483874302, 55.162184894175418, 0.0 ], [ -111.378508910346994, 55.162166809370923, 0.0 ], [ -111.378415697725899, 55.162164368173912, 0.0 ], [ -111.377995315577294, 55.1621134884832, 0.0 ], [ -111.377909852904097, 55.162085334674821, 0.0 ], [ -111.377632147983604, 55.161993856061272, 0.0 ], [ -111.377462288826905, 55.161993920803752, 0.0 ], [ -111.377279135878894, 55.161877569812447, 0.0 ], [ -111.377229790519706, 55.161861312255311, 0.0 ], [ -111.377161985482402, 55.161821424352553, 0.0 ], [ -111.377071297105005, 55.161768074009437, 0.0 ], [ -111.376614778505996, 55.161499510525012, 0.0 ], [ -111.376464440570899, 55.16148953131043, 0.0 ], [ -111.376400465518699, 55.161604586756347, 0.0 ], [ -111.376162463960597, 55.162032614244723, 0.0 ], [ -111.375862202225903, 55.162185963801861, 0.0 ], [ -111.375276699608406, 55.162484984501482, 0.0 ], [ -111.375149503846202, 55.162483242964662, 0.0 ], [ -111.374365116154493, 55.162472501181938, 0.0 ], [ -111.373580733726698, 55.162461755389863, 0.0 ], [ -111.372906404546796, 55.162283001629142, 0.0 ], [ -111.372557672635807, 55.162588613992291, 0.0 ], [ -111.372413877452004, 55.162628720393421, 0.0 ], [ -111.371708515639995, 55.162825453512461, 0.0 ], [ -111.371578474738797, 55.162824609446687, 0.0 ], [ -111.370793911315005, 55.162819526786087, 0.0 ], [ -111.370009345260797, 55.162814438082911, 0.0 ], [ -111.369629946872905, 55.162869951030451, 0.0 ], [ -111.3695980611555, 55.162935090818173, 0.0 ], [ -111.369511929628104, 55.163111052296479, 0.0 ], [ -111.369386333006304, 55.163367621101152, 0.0 ], [ -111.369339777915698, 55.163416209721063, 0.0 ], [ -111.3689624241525, 55.163810045980597, 0.0 ], [ -111.368786014200893, 55.163919442079717, 0.0 ], [ -111.368253777015795, 55.164249494975287, 0.0 ], [ -111.368211439297497, 55.164463433291893, 0.0 ], [ -111.368194840943104, 55.164547296092728, 0.0 ], [ -111.368123105438599, 55.164909770439287, 0.0 ], [ -111.3680347723582, 55.165356109355614, 0.0 ], [ -111.367782512898401, 55.165433283158833, 0.0 ], [ -111.367564820964006, 55.165437330370857, 0.0 ], [ -111.366780568558696, 55.165451906270768, 0.0 ], [ -111.366090140789694, 55.165617954118503, 0.0 ], [ -111.365434984845294, 55.165606665178863, 0.0 ], [ -111.365066846169697, 55.165527218470388, 0.0 ], [ -111.365028015514298, 55.165278797909401, 0.0 ], [ -111.364958084534507, 55.164831393273218, 0.0 ], [ -111.364723823668399, 55.16457787353125, 0.0 ], [ -111.364716592132496, 55.164548630923427, 0.0 ], [ -111.364657853353705, 55.164311142508993, 0.0 ], [ -111.364606590563895, 55.164103875542388, 0.0 ], [ -111.364440950450302, 55.164035403664514, 0.0 ], [ -111.363804819561807, 55.163772439803722, 0.0 ], [ -111.3631686986933, 55.163509472778593, 0.0 ], [ -111.362936015254306, 55.163567428903526, 0.0 ], [ -111.362592786279194, 55.163915801786672, 0.0 ], [ -111.3625496368726, 55.163937372792887, 0.0 ], [ -111.361958611965406, 55.164232825149782, 0.0 ], [ -111.361761345998403, 55.164331436201181, 0.0 ], [ -111.361580349460795, 55.164189240156723, 0.0 ], [ -111.360751124607603, 55.164149467724947, 0.0 ], [ -111.360566658157097, 55.164154703102803, 0.0 ], [ -111.359979135251294, 55.164171372962691, 0.0 ], [ -111.359566890004601, 55.164383952317031, 0.0 ], [ -111.3591989731203, 55.164110567192722, 0.0 ], [ -111.358783314000803, 55.164360523191696, 0.0 ], [ -111.357948532508104, 55.164406243410838, 0.0 ], [ -111.357216168307801, 55.164313652639741, 0.0 ], [ -111.357250568695093, 55.163868447421898, 0.0 ], [ -111.357110050394198, 55.163776226791107, 0.0 ], [ -111.357018898917502, 55.163772241283411, 0.0 ], [ -111.356678144596401, 55.16375734146358, 0.0 ], [ -111.356236549445399, 55.16373803061434, 0.0 ], [ -111.355454200132002, 55.163703813096973, 0.0 ], [ -111.354671852298907, 55.163669591469628, 0.0 ], [ -111.354540451148296, 55.163623065643407, 0.0 ], [ -111.353873139994505, 55.163386789975213, 0.0 ], [ -111.353853493861493, 55.163317051309939, 0.0 ], [ -111.353728566418198, 55.162873590520967, 0.0 ], [ -111.353334814793797, 55.162595726559452, 0.0 ], [ -111.352754111218204, 55.162545953705127, 0.0 ], [ -111.351978153623094, 55.16247944147517, 0.0 ], [ -111.351202203611095, 55.162412923581137, 0.0 ], [ -111.351105460327204, 55.162142224472952, 0.0 ], [ -111.351132826923305, 55.161714016865581, 0.0 ], [ -111.351161511632199, 55.161265126177462, 0.0 ], [ -111.351190197039998, 55.16081623549362, 0.0 ], [ -111.350947885693898, 55.160567162821977, 0.0 ], [ -111.350928340235299, 55.160496322757012, 0.0 ], [ -111.350805926295493, 55.160052633058719, 0.0 ], [ -111.350731868169404, 55.159999717680201, 0.0 ], [ -111.350241283459297, 55.159649179336007, 0.0 ], [ -111.3502338169708, 55.159616203336768, 0.0 ], [ -111.350132969115506, 55.159170738340222, 0.0 ], [ -111.350018471832001, 55.159083989432247, 0.0 ], [ -111.349545478100893, 55.158725616993422, 0.0 ], [ -111.349538252974398, 55.158696521006597, 0.0 ], [ -111.349427812520105, 55.158251802188893, 0.0 ], [ -111.349192633955298, 55.158159051953227, 0.0 ], [ -111.348979557595001, 55.158141617489797, 0.0 ], [ -111.348202930557704, 55.158078071550783, 0.0 ], [ -111.347636254810297, 55.157883521390751, 0.0 ], [ -111.346893443250593, 55.157902706747358, 0.0 ], [ -111.3464849791945, 55.1581218587176, 0.0 ], [ -111.346168716477493, 55.158456799262318, 0.0 ], [ -111.345405159099798, 55.158456974927901, 0.0 ], [ -111.344620635321704, 55.15845715149073, 0.0 ], [ -111.343836114894401, 55.158457323092819, 0.0 ], [ -111.343684670525107, 55.158522877062211, 0.0 ], [ -111.343058846648105, 55.158793758688958, 0.0 ], [ -111.342475008826895, 55.158897172879421, 0.0 ], [ -111.342108124809201, 55.159079222550467, 0.0 ], [ -111.341936144291694, 55.159385225640953, 0.0 ], [ -111.341913082985798, 55.159592042612651, 0.0 ], [ -111.341863099298806, 55.160040320783253, 0.0 ], [ -111.341813112864301, 55.160488597049223, 0.0 ], [ -111.341763126487393, 55.160936875093277, 0.0 ], [ -111.341343134109295, 55.161204709529748, 0.0 ], [ -111.341060914547, 55.161263703167343, 0.0 ], [ -111.340834338740905, 55.161254846942697, 0.0 ], [ -111.340051586115706, 55.161224246155498, 0.0 ], [ -111.339268833345898, 55.161193640306777, 0.0 ], [ -111.338860272108107, 55.161028166240257, 0.0 ], [ -111.338797409571399, 55.161019645918593, 0.0 ], [ -111.338033946961801, 55.160916158358603, 0.0 ], [ -111.337966699388701, 55.160894329937051, 0.0 ], [ -111.337284196897301, 55.160672787655827, 0.0 ], [ -111.337235215454996, 55.160533595472593, 0.0 ], [ -111.337352312464802, 55.160429247469807, 0.0 ], [ -111.337445299414497, 55.160346386585957, 0.0 ], [ -111.337553366785997, 55.160250086453367, 0.0 ], [ -111.337585360337997, 55.159901430642883, 0.0 ], [ -111.336874889532396, 55.159840241503403, 0.0 ], [ -111.3360949485145, 55.159814851460567, 0.0 ], [ -111.3352757388393, 55.159809695308333, 0.0 ], [ -111.3344474681967, 55.159809204259382, 0.0 ], [ -111.333640344002305, 55.159797809408147, 0.0 ], [ -111.333028250480893, 55.159767144894083, 0.0 ], [ -111.332384988819399, 55.159866968263117, 0.0 ], [ -111.332140692125506, 55.159745036676213, 0.0 ], [ -111.332111172399195, 55.159730303198643, 0.0 ], [ -111.332020350856098, 55.159684973017733, 0.0 ], [ -111.331645157797098, 55.159497707120003, 0.0 ], [ -111.331549310469796, 55.159449868152059, 0.0 ], [ -111.331405954595198, 55.159409985220258, 0.0 ], [ -111.330700311160896, 55.159213668976122, 0.0 ], [ -111.330606997211206, 55.159260650804079, 0.0 ], [ -111.330575430929798, 55.159240569098827, 0.0 ], [ -111.330163085701102, 55.159453046602543, 0.0 ], [ -111.329750737578493, 55.159665523584323, 0.0 ], [ -111.329338382109, 55.159877997211019, 0.0 ], [ -111.328997850363194, 55.159620960608329, 0.0 ], [ -111.328208526327501, 55.159572171579327, 0.0 ], [ -111.327384269895603, 55.159547311603319, 0.0 ], [ -111.326590364441003, 55.159548352264387, 0.0 ], [ -111.326297057283497, 55.159727104581727, 0.0 ], [ -111.326204549948102, 55.159783483314897, 0.0 ], [ -111.325395890637495, 55.159796565930037, 0.0 ], [ -111.325222251148801, 55.159659597576912, 0.0 ], [ -111.324962545655197, 55.159643283009572, 0.0 ], [ -111.324860194703902, 55.159614844205016, 0.0 ], [ -111.324440356442096, 55.159498184005713, 0.0 ], [ -111.324283065283197, 55.159491590622132, 0.0 ], [ -111.323450130192199, 55.159493430578173, 0.0 ], [ -111.323314196658401, 55.159391661195272, 0.0 ], [ -111.322693558185804, 55.15937166899905, 0.0 ], [ -111.322039738355201, 55.159350604752312, 0.0 ], [ -111.321910263823497, 55.159346432769993, 0.0 ], [ -111.321675418563501, 55.159402836408518, 0.0 ], [ -111.321388746975899, 55.15970084813226, 0.0 ], [ -111.321091441650907, 55.159854005455678, 0.0 ], [ -111.320679039320694, 55.160066449946413, 0.0 ], [ -111.320655089244696, 55.16032627680147, 0.0 ], [ -111.320637689161799, 55.160515012764158, 0.0 ], [ -111.320225280715107, 55.160727454762117, 0.0 ], [ -111.319812864673494, 55.160939896095577, 0.0 ], [ -111.319025257115001, 55.160961069582349, 0.0 ], [ -111.318245921452203, 55.160892525736607, 0.0 ], [ -111.317874877451402, 55.16065639976604, 0.0 ], [ -111.317503837746102, 55.16042027361879, 0.0 ], [ -111.317132804068606, 55.160184145548072, 0.0 ], [ -111.316930921178894, 55.160055664954427, 0.0 ], [ -111.316843340119206, 55.160033847417523, 0.0 ], [ -111.316474034722106, 55.159796590982353, 0.0 ], [ -111.316448629526207, 55.159748724371923, 0.0 ], [ -111.316390746714006, 55.15971188609079, 0.0 ], [ -111.316019724603706, 55.159475754751647, 0.0 ], [ -111.315648705387304, 55.159239621394363, 0.0 ], [ -111.315453193696399, 55.159094137346877, 0.0 ], [ -111.315194387287704, 55.159018218958408, 0.0 ], [ -111.315012194606496, 55.158964773933818, 0.0 ], [ -111.314916857660904, 55.159013334486943, 0.0 ], [ -111.314538567011496, 55.159206024906368, 0.0 ], [ -111.314394568786597, 55.159201665278999, 0.0 ], [ -111.314394939227896, 55.111687321995618, 0.0 ], [ -111.302454935963397, 55.111687323216799, 0.0 ], [ -111.300743393044698, 54.925013535282311, 0.0 ], [ -111.300928861466801, 54.925015493154618, 0.0 ], [ -111.301396329621994, 54.925020425815177, 0.0 ], [ -111.302145153532294, 54.925028321177038, 0.0 ], [ -111.302176155648198, 54.925028652013467, 0.0 ], [ -111.302267124663999, 54.924985968289221, 0.0 ], [ -111.302362417481504, 54.924941258845401, 0.0 ], [ -111.302383994925194, 54.924706296014961, 0.0 ], [ -111.302833987987597, 54.924720002255178, 0.0 ], [ -111.3028718156433, 54.924702254522593, 0.0 ], [ -111.303409447992607, 54.924602263522758, 0.0 ], [ -111.303572878588596, 54.924517591966499, 0.0 ], [ -111.303982895331202, 54.924305164316152, 0.0 ], [ -111.304392907759507, 54.924092735210181, 0.0 ], [ -111.304802915873594, 54.923880304648613, 0.0 ], [ -111.305602253126693, 54.923917129837207, 0.0 ], [ -111.305991761591997, 54.923691576259543, 0.0 ], [ -111.306412527581898, 54.923704379954607, 0.0 ], [ -111.306770607767604, 54.923715274998962, 0.0 ], [ -111.307180599766895, 54.923502836150689, 0.0 ], [ -111.307590587452097, 54.923290395846983, 0.0 ], [ -111.308000569265602, 54.923077954040529, 0.0 ], [ -111.308410548322698, 54.922865510826092, 0.0 ], [ -111.308820523065904, 54.922653066156307, 0.0 ], [ -111.309230495052802, 54.922440620078618, 0.0 ], [ -111.309640461168101, 54.922228172498308, 0.0 ], [ -111.310050422969596, 54.922015723462771, 0.0 ], [ -111.310091526447593, 54.921567149210247, 0.0 ], [ -111.3105346715856, 54.921371255980013, 0.0 ], [ -111.310619084564394, 54.92092344290613, 0.0 ], [ -111.310670712691405, 54.920454640467071, 0.0 ], [ -111.310687113822297, 54.91999143281091, 0.0 ], [ -111.310665860467495, 54.919560400007121, 0.0 ], [ -111.310297025173995, 54.919324277089487, 0.0 ], [ -111.309928195750999, 54.919088153155869, 0.0 ], [ -111.309595422273304, 54.918875111648113, 0.0 ], [ -111.309559367526006, 54.918852028064229, 0.0 ], [ -111.309190546811195, 54.918615901106897, 0.0 ], [ -111.308821728687207, 54.918379774833227, 0.0 ], [ -111.3084529134007, 54.918143646551847, 0.0 ], [ -111.308516802403602, 54.917683270213587, 0.0 ], [ -111.3081457837512, 54.91723465693628, 0.0 ], [ -111.308965482947798, 54.917284575601563, 0.0 ], [ -111.309334417706694, 54.917045892474057, 0.0 ], [ -111.309802280579902, 54.917033671442553, 0.0 ], [ -111.310092329667995, 54.917026094078629, 0.0 ], [ -111.310920493216898, 54.917051267357067, 0.0 ], [ -111.311670578763795, 54.917116903645123, 0.0 ], [ -111.312039402667097, 54.917353022275663, 0.0 ], [ -111.312449301395802, 54.917140564070849, 0.0 ], [ -111.312696255583703, 54.916995002254488, 0.0 ], [ -111.312837763357507, 54.916911593477593, 0.0 ], [ -111.313071860453505, 54.916911691740196, 0.0 ], [ -111.313607775210698, 54.916911914061863, 0.0 ], [ -111.314406684338394, 54.916924641570709, 0.0 ], [ -111.3152145236254, 54.916949168368298, 0.0 ], [ -111.315314642514807, 54.916953657030341, 0.0 ], [ -111.315407282075896, 54.916963062742767, 0.0 ], [ -111.315737771485004, 54.917112657613878, 0.0 ], [ -111.316474924746004, 54.917211412085067, 0.0 ], [ -111.317112728977506, 54.917414946739193, 0.0 ], [ -111.317340372770104, 54.917422417721063, 0.0 ], [ -111.317490520741501, 54.917518524604198, 0.0 ], [ -111.318269256225904, 54.917542147857432, 0.0 ], [ -111.319047992847899, 54.917565766128142, 0.0 ], [ -111.319393809499203, 54.917840523380207, 0.0 ], [ -111.320249402658305, 54.917877709864293, 0.0 ], [ -111.320636209007105, 54.917632661807367, 0.0 ], [ -111.320794492552906, 54.917535734227229, 0.0 ], [ -111.321015327053303, 54.917400499963087, 0.0 ], [ -111.321425181847303, 54.91718801079697, 0.0 ], [ -111.321835029213602, 54.916975520082083, 0.0 ], [ -111.322136086649095, 54.91681943205792, 0.0 ], [ -111.322361232328007, 54.916519722787257, 0.0 ], [ -111.322673059224996, 54.916349601496023, 0.0 ], [ -111.322695669096603, 54.916101953367928, 0.0 ], [ -111.3222607619374, 54.915876359876563, 0.0 ], [ -111.322367751534998, 54.915417285464443, 0.0 ], [ -111.322781616609902, 54.915243699036459, 0.0 ], [ -111.322790810229094, 54.91485967407931, 0.0 ], [ -111.322801564363502, 54.914410515400341, 0.0 ], [ -111.322759194866606, 54.914343781787473, 0.0 ], [ -111.322676291610804, 54.914213201305976, 0.0 ], [ -111.322430679666795, 54.91408659471044, 0.0 ], [ -111.322474704876498, 54.913604370040908, 0.0 ], [ -111.322584300545103, 54.913558832765972, 0.0 ], [ -111.322631366293805, 54.913374978903711, 0.0 ], [ -111.322771970119703, 54.913302038565028, 0.0 ], [ -111.323043855247107, 54.913160995772422, 0.0 ], [ -111.323200502952005, 54.913122959566103, 0.0 ], [ -111.323755912623795, 54.912988096300452, 0.0 ], [ -111.323760975973698, 54.912985471562983, 0.0 ], [ -111.323766083936604, 54.912985626275713, 0.0 ], [ -111.323919018866505, 54.912948490604769, 0.0 ], [ -111.323978204587306, 54.912944187180308, 0.0 ], [ -111.324751795789695, 54.912887942794519, 0.0 ], [ -111.325186557363594, 54.912750762027073, 0.0 ], [ -111.325557804630293, 54.91273927218608, 0.0 ], [ -111.326336407845304, 54.91271517250113, 0.0 ], [ -111.326485972429893, 54.912677197522527, 0.0 ], [ -111.327199473891596, 54.912496036171952, 0.0 ], [ -111.327289731357993, 54.912453105113059, 0.0 ], [ -111.327324646304902, 54.912436497143467, 0.0 ], [ -111.327326271156394, 54.912418674915237, 0.0 ], [ -111.327402231331206, 54.912399594295017, 0.0 ], [ -111.327890995058596, 54.912167109719121, 0.0 ], [ -111.328015564504, 54.912169035106558, 0.0 ], [ -111.328049766405101, 54.912169563338182, 0.0 ], [ -111.328794997140605, 54.912181079927187, 0.0 ], [ -111.329574432024899, 54.912193119796562, 0.0 ], [ -111.330353867681296, 54.91220515377033, 0.0 ], [ -111.331133303946004, 54.912217183642817, 0.0 ], [ -111.331193614728207, 54.912208031978153, 0.0 ], [ -111.331947612737295, 54.912093617752127, 0.0 ], [ -111.3319997367757, 54.912110489587597, 0.0 ], [ -111.332679515283502, 54.912330516539917, 0.0 ], [ -111.332715443557106, 54.912352238965667, 0.0 ], [ -111.3327172211701, 54.912353313767902, 0.0 ], [ -111.333253328789297, 54.912677443452168, 0.0 ], [ -111.333808125540799, 54.912817487611882, 0.0 ], [ -111.334118727990202, 54.913016845226423, 0.0 ], [ -111.334639566840494, 54.913351136532548, 0.0 ], [ -111.335160418983193, 54.913685425858553, 0.0 ], [ -111.335681275155906, 54.914019712025038, 0.0 ], [ -111.335703646692593, 54.914034070027242, 0.0 ], [ -111.3362021429826, 54.91435399706139, 0.0 ], [ -111.336250945090995, 54.914375541104313, 0.0 ], [ -111.3368698786187, 54.914648767558212, 0.0 ], [ -111.337496823605207, 54.914879213536082, 0.0 ], [ -111.338024433265204, 54.914908270987603, 0.0 ], [ -111.338007127843596, 54.91499949041382, 0.0 ], [ -111.337982733198203, 54.915439577261523, 0.0 ], [ -111.338334626587496, 54.915684474524461, 0.0 ], [ -111.338703599231295, 54.915920514343547, 0.0 ], [ -111.339089646527995, 54.916147696423813, 0.0 ], [ -111.339109621586104, 54.916160473684918, 0.0 ], [ -111.339458626263394, 54.916383734015078, 0.0 ], [ -111.340237360564601, 54.91640721624492, 0.0 ], [ -111.340583584016898, 54.916655059203123, 0.0 ], [ -111.3413850866865, 54.916666725330572, 0.0 ], [ -111.341731322621698, 54.916914565238351, 0.0 ], [ -111.342447642295298, 54.916924984794797, 0.0 ], [ -111.342532829565599, 54.916926223821342, 0.0 ], [ -111.342901838432098, 54.917162251373583, 0.0 ], [ -111.343069200823294, 54.917269300778592, 0.0 ], [ -111.343270848496701, 54.917398277766956, 0.0 ], [ -111.343619502402106, 54.917858598858267, 0.0 ], [ -111.343988526082299, 54.918094623298998, 0.0 ], [ -111.344043983099795, 54.91813009295285, 0.0 ], [ -111.344075980180904, 54.918177196306473, 0.0 ], [ -111.344149766463701, 54.918229926002702, 0.0 ], [ -111.344639176833894, 54.918579655348871, 0.0 ], [ -111.3446813555842, 54.918878802135673, 0.0 ], [ -111.344709563655996, 54.919078851636478, 0.0 ], [ -111.344655272422401, 54.919458604749117, 0.0 ], [ -111.344577120963507, 54.919926615992672, 0.0 ], [ -111.344535392286005, 54.920375732331159, 0.0 ], [ -111.344932771904197, 54.920597058010358, 0.0 ], [ -111.345301826277307, 54.92083307881235, 0.0 ], [ -111.3456481199308, 54.921080908252549, 0.0 ], [ -111.346449712027706, 54.921092542211319, 0.0 ], [ -111.3467860003298, 54.921345564780829, 0.0 ], [ -111.347614004944404, 54.921343491827173, 0.0 ], [ -111.348376451852005, 54.921375426503573, 0.0 ], [ -111.348745533804305, 54.921611437215859, 0.0 ], [ -111.349114620071006, 54.921847446862657, 0.0 ], [ -111.349916230914502, 54.921859059113949, 0.0 ], [ -111.350262560616699, 54.922106874963319, 0.0 ], [ -111.351113280036003, 54.922093004493689, 0.0 ], [ -111.351970719122406, 54.922075639708147, 0.0 ], [ -111.352107486328507, 54.922179561347988, 0.0 ], [ -111.3521058006842, 54.922394702006223, 0.0 ], [ -111.352102277304397, 54.922843902518359, 0.0 ], [ -111.352098753541298, 54.923293103899738, 0.0 ], [ -111.3520967631068, 54.923546951977542, 0.0 ], [ -111.352049845673605, 54.923744628139943, 0.0 ], [ -111.352374321130796, 54.923934959021523, 0.0 ], [ -111.352436590631697, 54.923971485731478, 0.0 ], [ -111.352805720046405, 54.92420748472167, 0.0 ], [ -111.353174853776295, 54.924443482646033, 0.0 ], [ -111.353198006220296, 54.924906489371537, 0.0 ], [ -111.352894881406201, 54.925033350628723, 0.0 ], [ -111.352724454345605, 54.925104675696602, 0.0 ], [ -111.352617782000706, 54.925563781987833, 0.0 ], [ -111.352677346110198, 54.925594645921933, 0.0 ], [ -111.352708963198197, 54.925823065224208, 0.0 ], [ -111.352978457899098, 54.926114321949008, 0.0 ], [ -111.352966185774903, 54.926379032638387, 0.0 ], [ -111.352945369082406, 54.926828077680938, 0.0 ], [ -111.353327001158803, 54.926839542136037, 0.0 ], [ -111.353724315261402, 54.926851476408608, 0.0 ], [ -111.354503262567903, 54.926874870151529, 0.0 ], [ -111.355282209443502, 54.926898258862948, 0.0 ], [ -111.356061160561794, 54.926921642683112, 0.0 ], [ -111.356840109691007, 54.926945021424963, 0.0 ], [ -111.357619061504494, 54.926968395228783, 0.0 ], [ -111.358398014444205, 54.926991764047791, 0.0 ], [ -111.358454731447793, 54.927058460977079, 0.0 ], [ -111.358769589181705, 54.927070830820391, 0.0 ], [ -111.359560202804801, 54.927101644460279, 0.0 ], [ -111.360347954328603, 54.92713062273554, 0.0 ], [ -111.361130392340598, 54.927156196140118, 0.0 ], [ -111.361367883544602, 54.927032957371893, 0.0 ], [ -111.361453423010801, 54.92706289509885, 0.0 ], [ -111.362056246034001, 54.927100809812643, 0.0 ], [ -111.3628316480374, 54.927149574225801, 0.0 ], [ -111.362867243571898, 54.927171424803291, 0.0 ], [ -111.362891567034694, 54.927186355075698, 0.0 ], [ -111.363400929334503, 54.927499030787928, 0.0 ], [ -111.363934620570902, 54.927826635344118, 0.0 ], [ -111.364468322117204, 54.928154236817313, 0.0 ], [ -111.365002033892594, 54.928481836104673, 0.0 ], [ -111.365280715499694, 54.928500111050447, 0.0 ], [ -111.366055747876104, 54.928550930437183, 0.0 ], [ -111.366830783902799, 54.928601745848397, 0.0 ], [ -111.367184474100398, 54.928688579861891, 0.0 ], [ -111.367707009890395, 54.929022104553027, 0.0 ], [ -111.368229554234205, 54.929355628005013, 0.0 ], [ -111.368752104177901, 54.929689148330077, 0.0 ], [ -111.369359468551593, 54.929854986178043, 0.0 ], [ -111.369751385920495, 54.930079186946642, 0.0 ], [ -111.369831574047296, 54.93013087343968, 0.0 ], [ -111.370351297448494, 54.930465863725622, 0.0 ], [ -111.370871026438707, 54.930800850908632, 0.0 ], [ -111.371390765530506, 54.931135836922827, 0.0 ], [ -111.371910511769798, 54.931470819880502, 0.0 ], [ -111.372021331605495, 54.931680565884143, 0.0 ], [ -111.372018874178195, 54.931760117392351, 0.0 ], [ -111.372013525917097, 54.931933199329059, 0.0 ], [ -111.371931576683593, 54.932454402569583, 0.0 ], [ -111.371940315510003, 54.93287748761589, 0.0 ], [ -111.372309639670306, 54.933113429852582, 0.0 ], [ -111.372340022073402, 54.933132839361043, 0.0 ], [ -111.372678969706698, 54.933349371068587, 0.0 ], [ -111.373048305619207, 54.933585311263883, 0.0 ], [ -111.3734176427335, 54.933821250298777, 0.0 ], [ -111.373786985724195, 54.934057188312899, 0.0 ], [ -111.374156334591206, 54.934293125306191, 0.0 ], [ -111.374525684660199, 54.934529061139017, 0.0 ], [ -111.374895040605693, 54.934764995950992, 0.0 ], [ -111.375264402427902, 54.93500092974201, 0.0 ], [ -111.375633765452093, 54.935236862372527, 0.0 ], [ -111.376003134272295, 54.935472794879267, 0.0 ], [ -111.376372509131002, 54.935708724570553, 0.0 ], [ -111.376741885111102, 54.935944653998448, 0.0 ], [ -111.377111266887496, 54.936180583302487, 0.0 ], [ -111.377480654702595, 54.936416509790973, 0.0 ], [ -111.377850043639199, 54.93665243601604, 0.0 ], [ -111.3782194384532, 54.936888361219893, 0.0 ], [ -111.378588839144498, 54.937124285402533, 0.0 ], [ -111.378958242596596, 54.937360208470928, 0.0 ], [ -111.379327648809607, 54.937596130425071, 0.0 ], [ -111.379697060900199, 54.937832051357923, 0.0 ], [ -111.379875497529696, 54.937959571855913, 0.0 ], [ -111.3800437138066, 54.938079787403048, 0.0 ], [ -111.3807850132076, 54.938090336051893, 0.0 ], [ -111.380925885381203, 54.938142428247488, 0.0 ], [ -111.381215089766698, 54.938327115810793, 0.0 ], [ -111.381558842992305, 54.938579304871659, 0.0 ], [ -111.382327853466606, 54.938626073463027, 0.0 ], [ -111.383130287280807, 54.938660202624071, 0.0 ], [ -111.383940380357203, 54.938680923507171, 0.0 ], [ -111.384732379269806, 54.93868746916187, 0.0 ], [ -111.385480519516307, 54.938679073875328, 0.0 ], [ -111.385663789194396, 54.938562006619627, 0.0 ], [ -111.385861782888, 54.938435531034372, 0.0 ], [ -111.386108714329794, 54.938438405311288, 0.0 ], [ -111.386689076359602, 54.938445159382518, 0.0 ], [ -111.387354042218803, 54.938504323570172, 0.0 ], [ -111.387742185567404, 54.938756159944482, 0.0 ], [ -111.387751850673197, 54.93920533597381, 0.0 ], [ -111.387761515773605, 54.939654511978723, 0.0 ], [ -111.388048318115906, 54.93987474503507, 0.0 ], [ -111.388038795272095, 54.939917212560758, 0.0 ], [ -111.388408278742403, 54.940153107928467, 0.0 ], [ -111.389255804038498, 54.940140829529007, 0.0 ], [ -111.389592779448193, 54.940393604675528, 0.0 ], [ -111.390404538066804, 54.940399888843501, 0.0 ], [ -111.3912162970975, 54.940406168485481, 0.0 ], [ -111.391553288848201, 54.940658937543702, 0.0 ], [ -111.392355298648496, 54.940670275174817, 0.0 ], [ -111.392702053265495, 54.940917975536621, 0.0 ], [ -111.393071575183498, 54.941153857262229, 0.0 ], [ -111.393387339617306, 54.94116323674065, 0.0 ], [ -111.393671514285401, 54.941344662761992, 0.0 ], [ -111.393814695024901, 54.941580259831753, 0.0 ], [ -111.393810631980898, 54.941625617507327, 0.0 ], [ -111.393862308956798, 54.94165860376728, 0.0 ], [ -111.393893818722006, 54.941710450689698, 0.0 ], [ -111.394108890770497, 54.941849360362191, 0.0 ], [ -111.394628098127399, 54.94218469692504, 0.0 ], [ -111.394704217415693, 54.942207790367583, 0.0 ], [ -111.394896388034397, 54.942345118959551, 0.0 ], [ -111.395195731808101, 54.94235690461759, 0.0 ], [ -111.395662162272899, 54.942375266875857, 0.0 ], [ -111.396457031885305, 54.942390303417604, 0.0 ], [ -111.397264370897204, 54.942398862232693, 0.0 ], [ -111.398067554525298, 54.942409571130518, 0.0 ], [ -111.398849956351597, 54.942431066397212, 0.0 ], [ -111.399594957268107, 54.942471979550447, 0.0 ], [ -111.399964535939105, 54.94270784109306, 0.0 ], [ -111.400334115814005, 54.942943701474107, 0.0 ], [ -111.400703703127206, 54.943179560878427, 0.0 ], [ -111.401073291644295, 54.943415419121173, 0.0 ], [ -111.401442887599899, 54.943651276387101, 0.0 ], [ -111.401779707417106, 54.943904153508818, 0.0 ], [ -111.402608191314201, 54.94390171221746, 0.0 ], [ -111.403371123520301, 54.943933308240332, 0.0 ], [ -111.403722557265795, 54.944188210305548, 0.0 ], [ -111.404528026643007, 54.944258875780299, 0.0 ], [ -111.405377884946205, 54.944327456554603, 0.0 ], [ -111.406225380962397, 54.944376286886794, 0.0 ], [ -111.407023774259102, 54.944387701771163, 0.0 ], [ -111.407726317004801, 54.944344035393797, 0.0 ], [ -111.408023902003507, 54.944236887522102, 0.0 ], [ -111.408037775303399, 54.944125205337308, 0.0 ], [ -111.408093434092805, 54.943677136559359, 0.0 ], [ -111.408138541564199, 54.943313994795027, 0.0 ], [ -111.408127151225898, 54.943174472574633, 0.0 ], [ -111.408536825798294, 54.942961687156192, 0.0 ], [ -111.408946497608099, 54.94274890033271, 0.0 ], [ -111.409242476759701, 54.942595163469917, 0.0 ], [ -111.409470684917196, 54.942293331329857, 0.0 ], [ -111.409955269240299, 54.942028171533053, 0.0 ], [ -111.410520845348898, 54.941718686392711, 0.0 ], [ -111.410566673408994, 54.941671248882301, 0.0 ], [ -111.410609268428701, 54.941627155000802, 0.0 ], [ -111.410625148388505, 54.941449115414343, 0.0 ], [ -111.410908180699096, 54.941317729670182, 0.0 ], [ -111.410945923169507, 54.941278661415247, 0.0 ], [ -111.410959295354701, 54.941246030132817, 0.0 ], [ -111.411066503537896, 54.940984416293283, 0.0 ], [ -111.411074800716804, 54.940787697919177, 0.0 ], [ -111.411267106293096, 54.940702786350272, 0.0 ], [ -111.411422190489802, 54.94057496052006, 0.0 ], [ -111.411510177873495, 54.940174431566177, 0.0 ], [ -111.411509654402806, 54.94011684547128, 0.0 ], [ -111.411564439323598, 54.939677655009788, 0.0 ], [ -111.411709420817402, 54.939602338385953, 0.0 ], [ -111.411994752498401, 54.939329800014157, 0.0 ], [ -111.412397534675094, 54.938945066537592, 0.0 ], [ -111.412347647964793, 54.938923385480017, 0.0 ], [ -111.411724908650498, 54.938652737267653, 0.0 ], [ -111.411472710498401, 54.938479207610463, 0.0 ], [ -111.410972009761394, 54.938134688401433, 0.0 ], [ -111.410969494877506, 54.937915140305037, 0.0 ], [ -111.410964344496193, 54.937465936092231, 0.0 ], [ -111.410959194010104, 54.937016731853952, 0.0 ], [ -111.410828648027703, 54.936861220888247, 0.0 ], [ -111.410589596575093, 54.936737597794561, 0.0 ], [ -111.410618786353297, 54.936611224099757, 0.0 ], [ -111.410386308770896, 54.936334283316022, 0.0 ], [ -111.410424867675104, 54.936277829212287, 0.0 ], [ -111.410710394161995, 54.935859777626341, 0.0 ], [ -111.410720594198693, 54.935755483973658, 0.0 ], [ -111.410764454486994, 54.935306979965432, 0.0 ], [ -111.410808313579395, 54.934858475900377, 0.0 ], [ -111.410823747232499, 54.934700649003062, 0.0 ], [ -111.410852172954307, 54.93440997272176, 0.0 ], [ -111.410863432646906, 54.934294835867071, 0.0 ], [ -111.410827697088195, 54.934276058924347, 0.0 ], [ -111.410832182804697, 54.933808535388877, 0.0 ], [ -111.410910870056895, 54.93334320622494, 0.0 ], [ -111.410958469392497, 54.933322922751202, 0.0 ], [ -111.410983741028005, 54.933064460060947, 0.0 ], [ -111.411353969175295, 54.932693647864816, 0.0 ], [ -111.411742794221198, 54.932304204523902, 0.0 ], [ -111.411756356185904, 54.932270714260262, 0.0 ], [ -111.411933520437003, 54.931833236711512, 0.0 ], [ -111.412243889582797, 54.931536681906152, 0.0 ], [ -111.412289986943705, 54.931492637097563, 0.0 ], [ -111.412304266122405, 54.931378111150792, 0.0 ], [ -111.412535706982993, 54.931257849308807, 0.0 ], [ -111.4126465532987, 54.931151934210213, 0.0 ], [ -111.413049210773707, 54.930767185093302, 0.0 ], [ -111.413102867051407, 54.930658110892509, 0.0 ], [ -111.413138793614607, 54.930585082984067, 0.0 ], [ -111.413142763320906, 54.930490780626712, 0.0 ], [ -111.413197741545702, 54.930465250093633, 0.0 ], [ -111.413315479849004, 54.930225902544159, 0.0 ], [ -111.413744608789102, 54.930025612416763, 0.0 ], [ -111.414121550305296, 54.930014931562539, 0.0 ], [ -111.414900690529393, 54.929992850309119, 0.0 ], [ -111.415100356686906, 54.929931050415028, 0.0 ], [ -111.415229397967593, 54.929891108953377, 0.0 ], [ -111.415338587557997, 54.929857313012867, 0.0 ], [ -111.415402567908899, 54.929852839113977, 0.0 ], [ -111.416176962795504, 54.929798692322869, 0.0 ], [ -111.416724545317805, 54.929490942217789, 0.0 ], [ -111.416737923927101, 54.929319488980433, 0.0 ], [ -111.416765274013102, 54.928968915522283, 0.0 ], [ -111.416439306157301, 54.928801400112761, 0.0 ], [ -111.416476881087505, 54.928525385040253, 0.0 ], [ -111.416165788326694, 54.928162499492373, 0.0 ], [ -111.416162575155695, 54.928147158936468, 0.0 ], [ -111.416109688168902, 54.928116962211703, 0.0 ], [ -111.416123572873204, 54.927960974742192, 0.0 ], [ -111.416074700505106, 54.927727661816547, 0.0 ], [ -111.415957601574107, 54.92756875667596, 0.0 ], [ -111.415726551450604, 54.927448935375153, 0.0 ], [ -111.415742914659702, 54.926972624617001, 0.0 ], [ -111.415859951954204, 54.926535270492778, 0.0 ], [ -111.416073093587599, 54.926447237700543, 0.0 ], [ -111.416310985872599, 54.92634898420004, 0.0 ], [ -111.416329303970997, 54.925649515151733, 0.0 ], [ -111.4164101767864, 54.925179606650801, 0.0 ], [ -111.416409155952095, 54.92475226127867, 0.0 ], [ -111.416095444874401, 54.924585614425069, 0.0 ], [ -111.416121206767102, 54.924493055585927, 0.0 ], [ -111.416310236439898, 54.924393336354363, 0.0 ], [ -111.416885399384697, 54.924089918117573, 0.0 ], [ -111.417164440498794, 54.924030175530618, 0.0 ], [ -111.417912748486202, 54.924048660359048, 0.0 ], [ -111.418692000946393, 54.924067905894638, 0.0 ], [ -111.419471257645398, 54.924087144736468, 0.0 ], [ -111.420250512031998, 54.924106380289729, 0.0 ], [ -111.421029767461107, 54.924125609954572, 0.0 ], [ -111.421384766971599, 54.924066332906449, 0.0 ], [ -111.422133888297907, 54.923941243388157, 0.0 ], [ -111.422392271103405, 54.923947638254177, 0.0 ], [ -111.423171519110397, 54.923966921436573, 0.0 ], [ -111.423950771197596, 54.9239861997197, 0.0 ], [ -111.424730022691193, 54.924005472965767, 0.0 ], [ -111.425509276706606, 54.924024741266599, 0.0 ], [ -111.426288530127906, 54.924044004530423, 0.0 ], [ -111.426875333394605, 54.923885091657652, 0.0 ], [ -111.427244224701099, 54.923872818747967, 0.0 ], [ -111.4280228948532, 54.923846909640503, 0.0 ], [ -111.428076132550203, 54.923833426523963, 0.0 ], [ -111.428213064183495, 54.923750711633133, 0.0 ], [ -111.428622434996498, 54.923537853553739, 0.0 ], [ -111.429031798377196, 54.923324993933583, 0.0 ], [ -111.429441160557303, 54.923112132955978, 0.0 ], [ -111.430189300701699, 54.92311539327342, 0.0 ], [ -111.430296696211698, 54.923121036868437, 0.0 ], [ -111.430448131762802, 54.923083266661337, 0.0 ], [ -111.430601727843097, 54.923086302070537, 0.0 ], [ -111.431381224854604, 54.923101705880278, 0.0 ], [ -111.432160722680507, 54.923117104693567, 0.0 ], [ -111.432702916919993, 54.923127812389048, 0.0 ], [ -111.432966266934699, 54.922990859823358, 0.0 ], [ -111.433069258638596, 54.922562825508543, 0.0 ], [ -111.433069979677498, 54.92255748864266, 0.0 ], [ -111.433028281698597, 54.922503433220307, 0.0 ], [ -111.433030074100898, 54.922373105130617, 0.0 ], [ -111.433036259404901, 54.921923900521463, 0.0 ], [ -111.433042442794701, 54.92147469583724, 0.0 ], [ -111.432910287117394, 54.921298610130087, 0.0 ], [ -111.4326008171589, 54.920886268849529, 0.0 ], [ -111.432565588247897, 54.920839328494012, 0.0 ], [ -111.432386048627706, 54.920724795103077, 0.0 ], [ -111.432016471894102, 54.920489031733183, 0.0 ], [ -111.431646902591694, 54.920253267384929, 0.0 ], [ -111.431277336047103, 54.920017501920967, 0.0 ], [ -111.430907772260397, 54.919781735341367, 0.0 ], [ -111.431093940253206, 54.919684918039437, 0.0 ], [ -111.431001188687901, 54.91962380039412, 0.0 ], [ -111.431288636724304, 54.919339511012737, 0.0 ], [ -111.4313420945454, 54.919286640160948, 0.0 ], [ -111.431356838791004, 54.919120232571437, 0.0 ], [ -111.431635848933794, 54.91899610862118, 0.0 ], [ -111.431681125295398, 54.918951328391188, 0.0 ], [ -111.431702518999202, 54.91883895858421, 0.0 ], [ -111.431396586950797, 54.918671597771798, 0.0 ], [ -111.431425619335599, 54.918343933802703, 0.0 ], [ -111.431279545211794, 54.918150693358818, 0.0 ], [ -111.431239016053993, 54.918097076377478, 0.0 ], [ -111.4309682143695, 54.917738823229449, 0.0 ], [ -111.4308938107838, 54.917686155114517, 0.0 ], [ -111.430401602348795, 54.917337718473902, 0.0 ], [ -111.430370560557094, 54.917078805543269, 0.0 ], [ -111.4303643716908, 54.917027187616192, 0.0 ], [ -111.430316834856995, 54.91663065438113, 0.0 ], [ -111.430084247344695, 54.916330289714672, 0.0 ], [ -111.429766572348001, 54.915920034966412, 0.0 ], [ -111.429858266512397, 54.915871636821159, 0.0 ], [ -111.4304332235251, 54.915568161235889, 0.0 ], [ -111.430565148654196, 54.915498527409831, 0.0 ], [ -111.431008171893893, 54.915264682789598, 0.0 ], [ -111.431557439856803, 54.915164233848692, 0.0 ], [ -111.431714544987997, 54.91508251784277, 0.0 ], [ -111.432123807720501, 54.914869646167233, 0.0 ], [ -111.432533064581193, 54.914656772997411, 0.0 ], [ -111.432947756657796, 54.914668959839688, 0.0 ], [ -111.433251982444204, 54.914503482849298, 0.0 ], [ -111.4333562852798, 54.91438070525804, 0.0 ], [ -111.433376199317905, 54.914246739863572, 0.0 ], [ -111.433391284134103, 54.91378238617532, 0.0 ], [ -111.4337760127584, 54.91361205670448, 0.0 ], [ -111.433794476368703, 54.913443051261403, 0.0 ], [ -111.433842935529398, 54.912999474812302, 0.0 ], [ -111.433850624683402, 54.912653525006682, 0.0 ], [ -111.433882262973398, 54.912639517449072, 0.0 ], [ -111.433892435226994, 54.912546386785259, 0.0 ], [ -111.433941414213606, 54.91209805494799, 0.0 ], [ -111.434094202424504, 54.911938759451118, 0.0 ], [ -111.434471319190806, 54.91154557438216, 0.0 ], [ -111.434888917212206, 54.911519393052608, 0.0 ], [ -111.434918763006095, 54.911528151102083, 0.0 ], [ -111.435049404152295, 54.911566488866157, 0.0 ], [ -111.435613553223405, 54.911732042002008, 0.0 ], [ -111.435894360986396, 54.911743205931508, 0.0 ], [ -111.436118528205597, 54.911752116064328, 0.0 ], [ -111.436263074209094, 54.911860470431918, 0.0 ], [ -111.437074280319095, 54.911866434460492, 0.0 ], [ -111.437885485268595, 54.911872393922749, 0.0 ], [ -111.438222544606802, 54.912125035170632, 0.0 ], [ -111.439001278337003, 54.912147883323932, 0.0 ], [ -111.439099588560694, 54.911736664089219, 0.0 ], [ -111.439074722434796, 54.911246863613208, 0.0 ], [ -111.4390901492757, 54.911096082734289, 0.0 ], [ -111.439120238335903, 54.910801966156512, 0.0 ], [ -111.439364026585096, 54.910688613044059, 0.0 ], [ -111.439431697081602, 54.910625921925543, 0.0 ], [ -111.439463875945805, 54.910554887585853, 0.0 ], [ -111.439560760351, 54.910341021064923, 0.0 ], [ -111.439569064826301, 54.910140428821059, 0.0 ], [ -111.439978232756104, 54.90992752910747, 0.0 ], [ -111.440387398009506, 54.909714627094459, 0.0 ], [ -111.440796560348701, 54.909501725473852, 0.0 ], [ -111.441205715339507, 54.909288821416872, 0.0 ], [ -111.441614867574799, 54.9090759159578, 0.0 ], [ -111.442024017054607, 54.908863009096663, 0.0 ], [ -111.442433159106898, 54.908650100696548, 0.0 ], [ -111.4428422999611, 54.908437190940077, 0.0 ], [ -111.443251435024493, 54.908224278793057, 0.0 ], [ -111.443604701781993, 54.907864172522423, 0.0 ], [ -111.443680362470005, 54.90778704616357, 0.0 ], [ -111.443684173561394, 54.907702434068767, 0.0 ], [ -111.443921357348799, 54.907656632348363, 0.0 ], [ -111.444102588190702, 54.907567312623947, 0.0 ], [ -111.444498606013696, 54.907361216211292, 0.0 ], [ -111.444907721316895, 54.907148299063941, 0.0 ], [ -111.4449502368563, 54.907149544336143, 0.0 ], [ -111.444996971019094, 54.907126509619552, 0.0 ], [ -111.445150650078503, 54.907088557498547, 0.0 ], [ -111.445867247307802, 54.906911582770213, 0.0 ], [ -111.445927280548105, 54.906907215261917, 0.0 ], [ -111.446700782835407, 54.906850927486197, 0.0 ], [ -111.446792164854102, 54.906808336484673, 0.0 ], [ -111.447398321917305, 54.906525819653602, 0.0 ], [ -111.448025000296497, 54.906381964208613, 0.0 ], [ -111.448101401715803, 54.906342197610037, 0.0 ], [ -111.448510487930207, 54.906129267866383, 0.0 ], [ -111.448897925743495, 54.906161045566208, 0.0 ], [ -111.4490676170238, 54.906068952125388, 0.0 ], [ -111.449635138491999, 54.905760946435088, 0.0 ], [ -111.449681349792897, 54.905712129185837, 0.0 ], [ -111.450054677093206, 54.905317760324557, 0.0 ], [ -111.450108261333398, 54.905209780365617, 0.0 ], [ -111.450175229722404, 54.905074825055728, 0.0 ], [ -111.450186308527094, 54.904828889434761, 0.0 ], [ -111.450595369957398, 54.904615951388998, 0.0 ], [ -111.450638102577003, 54.904617201951531, 0.0 ], [ -111.450684053827104, 54.90459380218374, 0.0 ], [ -111.451265551398393, 54.904490851912442, 0.0 ], [ -111.451543665639903, 54.904349901310937, 0.0 ], [ -111.452129051857995, 54.904053220033028, 0.0 ], [ -111.452714431041997, 54.90375653584131, 0.0 ], [ -111.453254088999898, 54.903659948761813, 0.0 ], [ -111.453419184610496, 54.903573998024143, 0.0 ], [ -111.453463193211903, 54.903575283991877, 0.0 ], [ -111.454143120475393, 54.903595149992867, 0.0 ], [ -111.454661796066603, 54.903186980693967, 0.0 ], [ -111.454651240453003, 54.903024680427492, 0.0 ], [ -111.454640040882197, 54.902852469340061, 0.0 ], [ -111.454765930984195, 54.902727374289057, 0.0 ], [ -111.455356311052697, 54.90259857238528, 0.0 ], [ -111.455486712342207, 54.902523539781413, 0.0 ], [ -111.455464292295005, 54.902509240782521, 0.0 ], [ -111.455439968517695, 54.902046236707292, 0.0 ], [ -111.455885655389295, 54.901859020048462, 0.0 ], [ -111.455918781210997, 54.901679794778531, 0.0 ], [ -111.455919874608796, 54.901673875852772, 0.0 ], [ -111.455931674010699, 54.901385895898422, 0.0 ], [ -111.455976996778006, 54.901364806727841, 0.0 ], [ -111.456001339819494, 54.901233099133677, 0.0 ], [ -111.4562863776314, 54.901000074683573, 0.0 ], [ -111.456443896651095, 54.900607127162523, 0.0 ], [ -111.456471706516098, 54.900308900408611, 0.0 ], [ -111.456496160986703, 54.899850692470373, 0.0 ], [ -111.456513225445903, 54.899387772546902, 0.0 ], [ -111.456532754927395, 54.898926423309867, 0.0 ], [ -111.456564597733703, 54.898472928134709, 0.0 ], [ -111.456618613591402, 54.898033577921488, 0.0 ], [ -111.456955251372406, 54.897875314078483, 0.0 ], [ -111.456958322640503, 54.897872569101082, 0.0 ], [ -111.456981401965393, 54.897791170564432, 0.0 ], [ -111.456676732889903, 54.897596842978047, 0.0 ], [ -111.456647475586095, 54.897267004086153, 0.0 ], [ -111.456637532974995, 54.897154895289283, 0.0 ], [ -111.456705286068001, 54.896680084437392, 0.0 ], [ -111.457164546587606, 54.896486585207391, 0.0 ], [ -111.457573483968304, 54.896273622508403, 0.0 ], [ -111.458007051577297, 54.896076370977347, 0.0 ], [ -111.458436508955501, 54.895876498919698, 0.0 ], [ -111.458430759220704, 54.89539904308328, 0.0 ], [ -111.458839680373202, 54.895186075877007, 0.0 ], [ -111.459248595659403, 54.894973107179169, 0.0 ], [ -111.459657505079306, 54.894760136989852, 0.0 ], [ -111.460066411825395, 54.894547164502583, 0.0 ], [ -111.460844827868101, 54.894569868854802, 0.0 ], [ -111.461253726463099, 54.894356893140873, 0.0 ], [ -111.461480225068101, 54.894238918409982, 0.0 ], [ -111.461540671653907, 54.89422432078392, 0.0 ], [ -111.461645518688599, 54.894169243927969, 0.0 ], [ -111.462221562054694, 54.89386663908072, 0.0 ], [ -111.462797595000595, 54.893564034009067, 0.0 ], [ -111.463373621033597, 54.893261424317423, 0.0 ], [ -111.463425969379301, 54.893242880733531, 0.0 ], [ -111.464089980473005, 54.893007670352517, 0.0 ], [ -111.464426533111805, 54.892756532238657, 0.0 ], [ -111.464631741867095, 54.892603402336427, 0.0 ], [ -111.464902959132601, 54.892401013246449, 0.0 ], [ -111.464954678357401, 54.892007108762662, 0.0 ], [ -111.465013491026298, 54.89155916422915, 0.0 ], [ -111.465072300775006, 54.891111217781472, 0.0 ], [ -111.465131111880197, 54.890663274042183, 0.0 ], [ -111.465189919986798, 54.890215329286008, 0.0 ], [ -111.465191794875807, 54.890215091529733, 0.0 ], [ -111.465358871390094, 54.890194029022872, 0.0 ], [ -111.4661201980133, 54.890098038971161, 0.0 ], [ -111.466623559297304, 54.88988612009851, 0.0 ], [ -111.466856531750096, 54.88975686979272, 0.0 ], [ -111.467418031951794, 54.889445352978427, 0.0 ], [ -111.467495195973498, 54.889299302420767, 0.0 ], [ -111.467722238053696, 54.888869563534037, 0.0 ], [ -111.467913282222099, 54.888773002970282, 0.0 ], [ -111.468001340367607, 54.888728491899897, 0.0 ], [ -111.468096265637499, 54.888680515678857, 0.0 ], [ -111.468400823082206, 54.888492811252853, 0.0 ], [ -111.468463990183295, 54.888494650476659, 0.0 ], [ -111.468499235388506, 54.888476835925921, 0.0 ], [ -111.469058613552903, 54.888359663856278, 0.0 ], [ -111.469158754589103, 54.888245679543211, 0.0 ], [ -111.469188525425096, 54.888125341281857, 0.0 ], [ -111.469249467779093, 54.887878980460208, 0.0 ], [ -111.469257697103799, 54.887618149679007, 0.0 ], [ -111.469409711898095, 54.887550390760758, 0.0 ], [ -111.469595512487203, 54.887332751315583, 0.0 ], [ -111.469296977846795, 54.887169493220242, 0.0 ], [ -111.469265270257694, 54.886735984150889, 0.0 ], [ -111.469292755673806, 54.886262888756647, 0.0 ], [ -111.469374631448503, 54.885805146016288, 0.0 ], [ -111.469598017080102, 54.885708306880147, 0.0 ], [ -111.469812384207302, 54.885465926370777, 0.0 ], [ -111.469827967316107, 54.885313379867462, 0.0 ], [ -111.469873777169497, 54.884864930281019, 0.0 ], [ -111.469914180066297, 54.884469396898027, 0.0 ], [ -111.469916768320303, 54.884248843328621, 0.0 ], [ -111.469955124980203, 54.883799604722093, 0.0 ], [ -111.469983926345094, 54.883786559118327, 0.0 ], [ -111.470011196372994, 54.883519579282797, 0.0 ], [ -111.470363368275997, 54.883150594327347, 0.0 ], [ -111.470408062230007, 54.882984200530828, 0.0 ], [ -111.470527299093206, 54.88254026601156, 0.0 ], [ -111.470551304263196, 54.882517272472249, 0.0 ], [ -111.470783063044294, 54.882295287363441, 0.0 ], [ -111.470550443183498, 54.881989990924829, 0.0 ], [ -111.470564876134901, 54.881737342401827, 0.0 ], [ -111.470573871271299, 54.881579875897167, 0.0 ], [ -111.470590523913401, 54.881288357368582, 0.0 ], [ -111.470824865651494, 54.881033804612898, 0.0 ], [ -111.471190154746196, 54.880637008441589, 0.0 ], [ -111.471555436611496, 54.880240210148877, 0.0 ], [ -111.471868834212103, 54.880068980217573, 0.0 ], [ -111.471870704456506, 54.88004758011575, 0.0 ], [ -111.472279397522399, 54.87983456303774, 0.0 ], [ -111.4725748345287, 54.879680575309827, 0.0 ], [ -111.4723663320583, 54.879416327594882, 0.0 ], [ -111.472338342061207, 54.879380855965692, 0.0 ], [ -111.472015711229901, 54.878971955544628, 0.0 ], [ -111.471973974749403, 54.878783070792977, 0.0 ], [ -111.4720026769577, 54.878654459670109, 0.0 ], [ -111.472028678218507, 54.878537944251669, 0.0 ], [ -111.472315040624295, 54.878302634335711, 0.0 ], [ -111.472329195254503, 54.878268514847242, 0.0 ], [ -111.472414339987594, 54.878063273432048, 0.0 ], [ -111.472415814367096, 54.878026841246403, 0.0 ], [ -111.472432719142702, 54.87801896917496, 0.0 ], [ -111.472510443705104, 54.877831610959767, 0.0 ], [ -111.472700239132607, 54.877729939046283, 0.0 ], [ -111.473270220695198, 54.877424596156807, 0.0 ], [ -111.473271009531501, 54.87742417468494, 0.0 ], [ -111.473841769737902, 54.877118407456621, 0.0 ], [ -111.474412522707297, 54.876812639246502, 0.0 ], [ -111.474983264085097, 54.876506866329741, 0.0 ], [ -111.475035599473998, 54.87648831502289, 0.0 ], [ -111.475699297390605, 54.876253064477467, 0.0 ], [ -111.475704347665896, 54.876195539880747, 0.0 ], [ -111.475743736185194, 54.87574688605217, 0.0 ], [ -111.475783123613695, 54.875298232171161, 0.0 ], [ -111.475822508395296, 54.874849578192517, 0.0 ], [ -111.475848976812301, 54.874548066568032, 0.0 ], [ -111.475861895198307, 54.87440092425183, 0.0 ], [ -111.475886737046594, 54.874117936627677, 0.0 ], [ -111.475836683627605, 54.874090561793068, 0.0 ], [ -111.475891276668804, 54.874066214873153, 0.0 ], [ -111.475901279354503, 54.873952270213543, 0.0 ], [ -111.475940663976104, 54.873503616168023, 0.0 ], [ -111.475975818216, 54.873103134041777, 0.0 ], [ -111.475960790318396, 54.872764400833191, 0.0 ], [ -111.475972541854702, 54.872305130412407, 0.0 ], [ -111.476013437179901, 54.871836891893572, 0.0 ], [ -111.476081766913197, 54.871379263900529, 0.0 ], [ -111.476175820304405, 54.870951825901749, 0.0 ], [ -111.476320497387206, 54.870890965572428, 0.0 ], [ -111.476540560800004, 54.870655015567472, 0.0 ], [ -111.476513289381103, 54.870610981757913, 0.0 ], [ -111.476251270095403, 54.870187929277421, 0.0 ], [ -111.476257768454104, 54.870092865170157, 0.0 ], [ -111.476214933497303, 54.870069765343999, 0.0 ], [ -111.476211303029103, 54.869615175750774, 0.0 ], [ -111.4762525207789, 54.869143148370881, 0.0 ], [ -111.476335325254794, 54.868691069234359, 0.0 ], [ -111.476389489045204, 54.868667262072883, 0.0 ], [ -111.476421383406503, 54.868543275860972, 0.0 ], [ -111.476774577591996, 54.868176375948337, 0.0 ], [ -111.476806533273702, 54.867921105251753, 0.0 ], [ -111.4768626255416, 54.867473044019732, 0.0 ], [ -111.476869908580994, 54.867414865426127, 0.0 ], [ -111.476918714951196, 54.867024980877019, 0.0 ], [ -111.477068950024204, 54.86686193059014, 0.0 ], [ -111.477648354677299, 54.866561713558049, 0.0 ], [ -111.478227752288802, 54.866261493668112, 0.0 ], [ -111.478525215277699, 54.86625479228077, 0.0 ], [ -111.479303491088601, 54.866237256386313, 0.0 ], [ -111.479271328031501, 54.866207080725118, 0.0 ], [ -111.478863411920599, 54.86582439065949, 0.0 ], [ -111.478360868734299, 54.865504952859872, 0.0 ], [ -111.477837498227998, 54.86517226613676, 0.0 ], [ -111.477314134616805, 54.864839579014223, 0.0 ], [ -111.476790781325306, 54.864506887993393, 0.0 ], [ -111.476267433372698, 54.864174196528097, 0.0 ], [ -111.475744097216804, 54.863841502107192, 0.0 ], [ -111.475220769667402, 54.863508805537741, 0.0 ], [ -111.474697447691696, 54.863176105832103, 0.0 ], [ -111.474174137355106, 54.862843404965773, 0.0 ], [ -111.473650834069005, 54.862510701905883, 0.0 ], [ -111.473127540865903, 54.862177997640323, 0.0 ], [ -111.473056026010198, 54.861787033888668, 0.0 ], [ -111.473083772704697, 54.861515443197497, 0.0 ], [ -111.473129590361495, 54.86106699333456, 0.0 ], [ -111.473175405308595, 54.860618542470128, 0.0 ], [ -111.473221220578694, 54.860170091591932, 0.0 ], [ -111.473267031505401, 54.859721640564288, 0.0 ], [ -111.473734205813798, 54.859378264094481, 0.0 ], [ -111.473742144739305, 54.859372428884612, 0.0 ], [ -111.473766777199501, 54.859361277434942, 0.0 ], [ -111.474083188036502, 54.859196260482733, 0.0 ], [ -111.474491652232203, 54.858983233007542, 0.0 ], [ -111.474595180543204, 54.858986240941981, 0.0 ], [ -111.474713760136694, 54.858932556343618, 0.0 ], [ -111.475083877489993, 54.858956778028038, 0.0 ], [ -111.475243756340404, 54.859005089323617, 0.0 ], [ -111.475286392275507, 54.859017971685233, 0.0 ], [ -111.475615987569, 54.859253297698181, 0.0 ], [ -111.476416428919805, 54.859264057422223, 0.0 ], [ -111.476753619877201, 54.859532485612228, 0.0 ], [ -111.477589707091596, 54.859556766407579, 0.0 ], [ -111.477971927231806, 54.859309230481372, 0.0 ], [ -111.4787496764596, 54.859331809504603, 0.0 ], [ -111.479137600837205, 54.859105675983002, 0.0 ], [ -111.479935866219293, 54.859141337407031, 0.0 ], [ -111.480344301366401, 54.858928289817129, 0.0 ], [ -111.480687367791404, 54.858749333666182, 0.0 ], [ -111.480800934754797, 54.858717393972583, 0.0 ], [ -111.480919813866606, 54.858683958423647, 0.0 ], [ -111.480977368971296, 54.858679608906741, 0.0 ], [ -111.481749492307102, 54.858621248030808, 0.0 ], [ -111.481964192827903, 54.858511549433999, 0.0 ], [ -111.482347308945407, 54.858311693960147, 0.0 ], [ -111.482354916746303, 54.85831191457595, 0.0 ], [ -111.482696264059499, 54.858137506309482, 0.0 ], [ -111.483279202528394, 54.857839651966707, 0.0 ], [ -111.483862130787898, 54.857541795539547, 0.0 ], [ -111.483986391793295, 54.857265871627398, 0.0 ], [ -111.484002323890493, 54.85711162019043, 0.0 ], [ -111.484013189616803, 54.857006445036738, 0.0 ], [ -111.484048647623695, 54.856663186113657, 0.0 ], [ -111.484094967159393, 54.856214750092548, 0.0 ], [ -111.484141285374207, 54.855766314909253, 0.0 ], [ -111.48431383962, 54.855654141287339, 0.0 ], [ -111.484830688438393, 54.855318143289821, 0.0 ], [ -111.484947805848606, 54.855096867900748, 0.0 ], [ -111.484962453409906, 54.854931524024501, 0.0 ], [ -111.485002195126, 54.85448287734738, 0.0 ], [ -111.485041937143805, 54.854034232457217, 0.0 ], [ -111.4850816765871, 54.853585586571853, 0.0 ], [ -111.485121414933005, 54.853136940633682, 0.0 ], [ -111.485161153658794, 54.852688295585139, 0.0 ], [ -111.485200891365494, 54.852239649586458, 0.0 ], [ -111.485240626419696, 54.851791003489922, 0.0 ], [ -111.485191787233006, 54.851769514696556, 0.0 ], [ -111.484572688145505, 54.851497100129059, 0.0 ], [ -111.484145178928301, 54.851218333371413, 0.0 ], [ -111.483629242457695, 54.850881897638168, 0.0 ], [ -111.483113314557798, 54.850545459818512, 0.0 ], [ -111.483074337577307, 54.850490908067719, 0.0 ], [ -111.482777595034307, 54.850075585365843, 0.0 ], [ -111.4824808614745, 54.849660262989907, 0.0 ], [ -111.482184134021594, 54.849244938157788, 0.0 ], [ -111.481887412284607, 54.848829615356159, 0.0 ], [ -111.481641465560998, 54.84867029735382, 0.0 ], [ -111.481123633639797, 54.848334849421867, 0.0 ], [ -111.480605811851404, 54.847999399432638, 0.0 ], [ -111.480539841507806, 54.847911809352922, 0.0 ], [ -111.480229536410903, 54.847499806819329, 0.0 ], [ -111.480122974329404, 54.847211886588617, 0.0 ], [ -111.479960379310796, 54.846772564287917, 0.0 ], [ -111.479807847404899, 54.846360411038503, 0.0 ], [ -111.479797789344204, 54.846333240044579, 0.0 ], [ -111.479731847537295, 54.846245461356958, 0.0 ], [ -111.479422214708293, 54.845833293269948, 0.0 ], [ -111.479363256401101, 54.845791570450771, 0.0 ], [ -111.478871285615, 54.845443419979013, 0.0 ], [ -111.478809444719701, 54.845082392725772, 0.0 ], [ -111.478949471730701, 54.845082539365329, 0.0 ], [ -111.4797279312521, 54.845083347622293, 0.0 ], [ -111.480162191151095, 54.844939278331701, 0.0 ], [ -111.480224619506401, 54.84493486307467, 0.0 ], [ -111.480969823353405, 54.844882155505573, 0.0 ], [ -111.480798505310204, 54.844772823234813, 0.0 ], [ -111.480429318733698, 54.844537210883352, 0.0 ], [ -111.480837598778805, 54.844324159010007, 0.0 ], [ -111.481245874527602, 54.844111105694253, 0.0 ], [ -111.481654145980002, 54.843898050936133, 0.0 ], [ -111.481761146960196, 54.843468568478492, 0.0 ], [ -111.481816201798793, 54.842996270471858, 0.0 ], [ -111.481814528465307, 54.84253609696227, 0.0 ], [ -111.481402210448294, 54.84231644719744, 0.0 ], [ -111.481441293665299, 54.841867782499193, 0.0 ], [ -111.481072125965397, 54.84163217224971, 0.0 ], [ -111.480771294173707, 54.841440171760979, 0.0 ], [ -111.480726952412795, 54.841395389512229, 0.0 ], [ -111.480731528605006, 54.841372455726443, 0.0 ], [ -111.480820562536607, 54.840926172550141, 0.0 ], [ -111.481123174932904, 54.840776087967363, 0.0 ], [ -111.481713511472805, 54.840483295914702, 0.0 ], [ -111.482291806746304, 54.840447072258833, 0.0 ], [ -111.483065635088096, 54.840398595462993, 0.0 ], [ -111.483290103538593, 54.840282958331471, 0.0 ], [ -111.483870790007899, 54.839983809376911, 0.0 ], [ -111.484341736534006, 54.839741187269517, 0.0 ], [ -111.484362491785404, 54.839469754571823, 0.0 ], [ -111.484416069691605, 54.839030362418313, 0.0 ], [ -111.484851961049799, 54.838834965859029, 0.0 ], [ -111.484835624216501, 54.838350959271729, 0.0 ], [ -111.485271506138503, 54.838155561052233, 0.0 ], [ -111.485310538865306, 54.837706894136282, 0.0 ], [ -111.485718723294298, 54.837493824275192, 0.0 ], [ -111.486126903506701, 54.837280752074967, 0.0 ], [ -111.486904237427296, 54.837303273806192, 0.0 ], [ -111.4873124079582, 54.837090198345251, 0.0 ], [ -111.487720577381893, 54.836877120635343, 0.0 ], [ -111.488128740878395, 54.836664042336068, 0.0 ], [ -111.488536898525794, 54.83645096255016, 0.0 ], [ -111.488907981560899, 54.836257236959497, 0.0 ], [ -111.488912911243006, 54.836217368386372, 0.0 ], [ -111.4889468885643, 54.8359425415901, 0.0 ], [ -111.488639920182806, 54.835549444656593, 0.0 ], [ -111.488617720985104, 54.835521016972592, 0.0 ], [ -111.488320107176094, 54.835139892820848, 0.0 ], [ -111.488297957972804, 54.834928189207581, 0.0 ], [ -111.488296091729694, 54.834910355557199, 0.0 ], [ -111.488252076919593, 54.834886415654843, 0.0 ], [ -111.488278619616196, 54.834743338945557, 0.0 ], [ -111.488251046067305, 54.834479773068168, 0.0 ], [ -111.487974732444002, 54.834142172708383, 0.0 ], [ -111.487993800677899, 54.833878788933063, 0.0 ], [ -111.488001581277999, 54.833771304760248, 0.0 ], [ -111.487965362471698, 54.833751174498971, 0.0 ], [ -111.488005367851898, 54.833301979227898, 0.0 ], [ -111.488059700092293, 54.832968546835303, 0.0 ], [ -111.488091282885605, 54.832532265989528, 0.0 ], [ -111.488123777206994, 54.832083424377707, 0.0 ], [ -111.487973373375894, 54.831876930195463, 0.0 ], [ -111.487873929634802, 54.831740399798903, 0.0 ], [ -111.4876717503425, 54.831462813768788, 0.0 ], [ -111.487486156325005, 54.831431973126861, 0.0 ], [ -111.486738325188, 54.831307701163183, 0.0 ], [ -111.486674653788796, 54.8312674454736, 0.0 ], [ -111.486149938260596, 54.830935694495288, 0.0 ], [ -111.485625231249998, 54.830603942252772, 0.0 ], [ -111.485601777579802, 54.830512691108147, 0.0 ], [ -111.485572622605901, 54.830399268780631, 0.0 ], [ -111.485534194786098, 54.83024977013519, 0.0 ], [ -111.485196733918499, 54.830057022832371, 0.0 ], [ -111.485222214143107, 54.829764056432673, 0.0 ], [ -111.485223499588599, 54.829749294419948, 0.0 ], [ -111.4852099657802, 54.829750011340622, 0.0 ], [ -111.485127138450693, 54.829607601726657, 0.0 ], [ -111.484714755510893, 54.829329141925037, 0.0 ], [ -111.484209093808403, 54.828987686918339, 0.0 ], [ -111.484159192769397, 54.828921134406762, 0.0 ], [ -111.484128530570004, 54.828901559829838, 0.0 ], [ -111.483759463593998, 54.828665958870907, 0.0 ], [ -111.483781133115997, 54.828416896706223, 0.0 ], [ -111.483768169214997, 54.828399605646382, 0.0 ], [ -111.483507756699893, 54.828052271378887, 0.0 ], [ -111.483405459098293, 54.827994210621412, 0.0 ], [ -111.483433161139999, 54.827551461882202, 0.0 ], [ -111.483492257115699, 54.827092323404813, 0.0 ], [ -111.483519953850703, 54.826907324572083, 0.0 ], [ -111.483542153069294, 54.826513485671427, 0.0 ], [ -111.4835674598298, 54.826064489866383, 0.0 ], [ -111.483588472547197, 54.825691706702827, 0.0 ], [ -111.483255584471806, 54.825502753482148, 0.0 ], [ -111.483288510203593, 54.825124342495243, 0.0 ], [ -111.483221076660001, 54.824845924884059, 0.0 ], [ -111.482964831495096, 54.824551437042921, 0.0 ], [ -111.482969613328194, 54.824424387835172, 0.0 ], [ -111.482969804630301, 54.824419324147478, 0.0 ], [ -111.482919293969005, 54.824393490709951, 0.0 ], [ -111.482984514728599, 54.824028395862527, 0.0 ], [ -111.482986514112895, 54.823975261505232, 0.0 ], [ -111.482988748935099, 54.823915893462868, 0.0 ], [ -111.483003414384896, 54.823526134242982, 0.0 ], [ -111.483020317096205, 54.823077007933321, 0.0 ], [ -111.482925483965303, 54.822950889833358, 0.0 ], [ -111.482886664311096, 54.822899261233502, 0.0 ], [ -111.482712737832202, 54.822788212702442, 0.0 ], [ -111.482311090014406, 54.822569652185393, 0.0 ], [ -111.482351188182804, 54.822353574114302, 0.0 ], [ -111.482046419704901, 54.822140083020187, 0.0 ], [ -111.482044221604198, 54.822104364543243, 0.0 ], [ -111.482016583367297, 54.821655414861148, 0.0 ], [ -111.481999996280607, 54.821385937322233, 0.0 ], [ -111.481683835665706, 54.821184062190717, 0.0 ], [ -111.481314853254503, 54.820948455707793, 0.0 ], [ -111.480945873657504, 54.820712847213983, 0.0 ], [ -111.480576898350506, 54.82047723765173, 0.0 ], [ -111.480190925436105, 54.820250504579647, 0.0 ], [ -111.479821958731705, 54.820014892829462, 0.0 ], [ -111.479469996693794, 54.819770401612352, 0.0 ], [ -111.479506028301401, 54.819356651319893, 0.0 ], [ -111.479198332273, 54.819183905678962, 0.0 ], [ -111.478849522823296, 54.818937773193831, 0.0 ], [ -111.478783472752895, 54.818851261946428, 0.0 ], [ -111.478469636777803, 54.818440206416717, 0.0 ], [ -111.478489742610705, 54.818084859015627, 0.0 ], [ -111.478509469896807, 54.817736141458489, 0.0 ], [ -111.478480376974105, 54.817717562621873, 0.0 ], [ -111.478511439896593, 54.817701343660033, 0.0 ], [ -111.478515142658097, 54.817635866739607, 0.0 ], [ -111.478533517112098, 54.817311116612423, 0.0 ], [ -111.4784870740272, 54.817285806798147, 0.0 ], [ -111.478558534405394, 54.816820232288613, 0.0 ], [ -111.4785628926806, 54.816791834343597, 0.0 ], [ -111.478565943600699, 54.816737881258781, 0.0 ], [ -111.478588891329494, 54.816332258510002, 0.0 ], [ -111.478591344495797, 54.81628888805394, 0.0 ], [ -111.478411759901405, 54.816235723163437, 0.0 ], [ -111.478364460903705, 54.816221721587013, 0.0 ], [ -111.478355600767401, 54.816205118483843, 0.0 ], [ -111.478228687932301, 54.816135950943263, 0.0 ], [ -111.478241862465495, 54.815700812671302, 0.0 ], [ -111.478253726407601, 54.815638716013652, 0.0 ], [ -111.478259155303704, 54.815248610738593, 0.0 ], [ -111.478265406614895, 54.814799393183897, 0.0 ], [ -111.478198041169904, 54.814713227382981, 0.0 ], [ -111.478170371336304, 54.814677834850819, 0.0 ], [ -111.477977014375099, 54.814554338644122, 0.0 ], [ -111.477608111484599, 54.814318720014072, 0.0 ], [ -111.477174472240804, 54.814081220026011, 0.0 ], [ -111.477428217459604, 54.813967873713452, 0.0 ], [ -111.477292375573697, 54.813866408114677, 0.0 ], [ -111.477334548404798, 54.813652413830248, 0.0 ], [ -111.477625764618395, 54.813420727572257, 0.0 ], [ -111.477637471980202, 54.813351470979931, 0.0 ], [ -111.4773173856006, 54.813185772389282, 0.0 ], [ -111.4773514540273, 54.812794674709039, 0.0 ], [ -111.477066860289597, 54.81255481797664, 0.0 ], [ -111.477066303617207, 54.812551767444887, 0.0 ], [ -111.476987587263693, 54.812501488062992, 0.0 ], [ -111.476618708400594, 54.812265867607813, 0.0 ], [ -111.476269381446599, 54.81180591383643, 0.0 ], [ -111.475883513943202, 54.811579168329693, 0.0 ], [ -111.475449912222103, 54.811341662610467, 0.0 ], [ -111.475900321755901, 54.811139280225277, 0.0 ], [ -111.475428548264105, 54.810834561960718, 0.0 ], [ -111.474910090316399, 54.810499686213767, 0.0 ], [ -111.474887101663001, 54.810247332432198, 0.0 ], [ -111.475057074915497, 54.810084221885482, 0.0 ], [ -111.474872149709896, 54.80996608950246, 0.0 ], [ -111.474956606239402, 54.809584286486711, 0.0 ], [ -111.474979248925294, 54.809481918823643, 0.0 ], [ -111.474610407176201, 54.809246293580657, 0.0 ], [ -111.4744030224862, 54.809249464574357, 0.0 ], [ -111.473765631252803, 54.809259206918462, 0.0 ], [ -111.473396801972797, 54.809023576403177, 0.0 ], [ -111.4730279737161, 54.80878794652461, 0.0 ], [ -111.472822071556806, 54.808656400066198, 0.0 ], [ -111.472743162676906, 54.808636616757028, 0.0 ], [ -111.472417045932701, 54.808426452156809, 0.0 ], [ -111.471897960074401, 54.808091917674673, 0.0 ], [ -111.4713788811477, 54.807757381930998, 0.0 ], [ -111.470859809230802, 54.807422844028572, 0.0 ], [ -111.470830566985299, 54.807384019539093, 0.0 ], [ -111.470815104065295, 54.807374138826553, 0.0 ], [ -111.470446308921694, 54.807138501566477, 0.0 ], [ -111.470485461192098, 54.806689838598487, 0.0 ], [ -111.470707107686394, 54.806590438965628, 0.0 ], [ -111.470824029432094, 54.806477337938098, 0.0 ], [ -111.470899885657602, 54.806125241792927, 0.0 ], [ -111.470907536461297, 54.806089728658193, 0.0 ], [ -111.470904887026606, 54.80601048008085, 0.0 ], [ -111.470926717799401, 54.806000688315208, 0.0 ], [ -111.470995925685898, 54.805679449300513, 0.0 ], [ -111.471063277095297, 54.805608890226019, 0.0 ], [ -111.471002287450503, 54.805563513621699, 0.0 ], [ -111.470164384667797, 54.805572853064653, 0.0 ], [ -111.469826204411504, 54.805321235657772, 0.0 ], [ -111.469457430251694, 54.805085595587762, 0.0 ], [ -111.469459715335205, 54.804613369752929, 0.0 ], [ -111.4695357510669, 54.804188272090229, 0.0 ], [ -111.469907565271797, 54.804029004959609, 0.0 ], [ -111.469915815844701, 54.803955609002251, 0.0 ], [ -111.4699662021943, 54.803507319945503, 0.0 ], [ -111.469952436762796, 54.803486482765017, 0.0 ], [ -111.469675200778994, 54.80306676792339, 0.0 ], [ -111.469583009788707, 54.802632547978483, 0.0 ], [ -111.469346377964101, 54.802381347576222, 0.0 ], [ -111.469333232653796, 54.802212939206861, 0.0 ], [ -111.469309802390299, 54.801912794493411, 0.0 ], [ -111.469016072941102, 54.80189038743935, 0.0 ], [ -111.468178247966705, 54.801899714297733, 0.0 ], [ -111.467809513950201, 54.801664069696407, 0.0 ], [ -111.467440785928403, 54.801428422278761, 0.0 ], [ -111.466683749749194, 54.801181457275177, 0.0 ], [ -111.466304036142802, 54.800737453025953, 0.0 ], [ -111.466404012952594, 54.800258742809888, 0.0 ], [ -111.466401316191295, 54.800255138638853, 0.0 ], [ -111.466005108555294, 54.800037165130483, 0.0 ], [ -111.466029482473104, 54.799758151323552, 0.0 ], [ -111.465937278250394, 54.799634912249253, 0.0 ], [ -111.465796557508298, 54.799446821874419, 0.0 ], [ -111.465652942667802, 54.799364688019168, 0.0 ], [ -111.465665449056601, 54.799271578190933, 0.0 ], [ -111.465628770052106, 54.79922255247881, 0.0 ], [ -111.465320267994201, 54.798810191991457, 0.0 ], [ -111.464717176943097, 54.798596044965443, 0.0 ], [ -111.463965512707901, 54.798500710558727, 0.0 ], [ -111.463565913986798, 54.798334698014237, 0.0 ], [ -111.462841474908799, 54.798284674196147, 0.0 ], [ -111.462266852217994, 54.79827013257556, 0.0 ], [ -111.461490044026107, 54.798250467730362, 0.0 ], [ -111.460713236726804, 54.798230798814977, 0.0 ], [ -111.459936428845793, 54.798211124886848, 0.0 ], [ -111.4596325130845, 54.798253770725232, 0.0 ], [ -111.459484213725304, 54.798320623253879, 0.0 ], [ -111.459134314641901, 54.798478356526921, 0.0 ], [ -111.459133539305697, 54.798487215712228, 0.0 ], [ -111.459115808743803, 54.798486697756992, 0.0 ], [ -111.458356971900002, 54.798464528644423, 0.0 ], [ -111.458175491017897, 54.798579598889248, 0.0 ], [ -111.457977529535697, 54.798705116629328, 0.0 ], [ -111.457168272341207, 54.798702885517251, 0.0 ], [ -111.4563627595425, 54.79865791996292, 0.0 ], [ -111.456027279547001, 54.798396435063736, 0.0 ], [ -111.455250718122002, 54.79837372729336, 0.0 ], [ -111.454882095621102, 54.798138043114832, 0.0 ], [ -111.454899015298295, 54.79794492572605, 0.0 ], [ -111.454398997056501, 54.797625409833962, 0.0 ], [ -111.453877539095103, 54.79729218416842, 0.0 ], [ -111.453774692903295, 54.797156022983167, 0.0 ], [ -111.453482774266504, 54.796769540214193, 0.0 ], [ -111.453446969965498, 54.796746644638709, 0.0 ], [ -111.453078369357797, 54.79651095699527, 0.0 ], [ -111.453117700126, 54.796062301698058, 0.0 ], [ -111.452749109093503, 54.795826613195658, 0.0 ], [ -111.452380520869596, 54.795590922684632, 0.0 ], [ -111.452776413952506, 54.795384237009451, 0.0 ], [ -111.4524390247947, 54.795103548937973, 0.0 ], [ -111.452520487396697, 54.794898800515831, 0.0 ], [ -111.452661033192896, 54.794822683095973, 0.0 ], [ -111.453013169090895, 54.794631972428661, 0.0 ], [ -111.453580418124005, 54.794324754704483, 0.0 ], [ -111.453593410070596, 54.794246722079357, 0.0 ], [ -111.453667873281802, 54.793799557886473, 0.0 ], [ -111.453742251113795, 54.793351872077963, 0.0 ], [ -111.453672652623794, 54.792904445573043, 0.0 ], [ -111.453470141456407, 54.792775563868808, 0.0 ], [ -111.452947541392206, 54.792442967989942, 0.0 ], [ -111.452424953003202, 54.792110370058758, 0.0 ], [ -111.452312458287494, 54.791901530452982, 0.0 ], [ -111.452321475078193, 54.791796615425568, 0.0 ], [ -111.452321550771799, 54.791795734222852, 0.0 ], [ -111.452360024575398, 54.791347939031532, 0.0 ], [ -111.452398577738805, 54.790899261824833, 0.0 ], [ -111.452437126725499, 54.790450584475487, 0.0 ], [ -111.452475676272698, 54.790001906222606, 0.0 ], [ -111.452514223038804, 54.789553229667163, 0.0 ], [ -111.452516860362707, 54.789522537450893, 0.0 ], [ -111.452552771839507, 54.789104553150892, 0.0 ], [ -111.452646304724098, 54.788864147456621, 0.0 ], [ -111.4529629989661, 54.788584011584227, 0.0 ], [ -111.4529442722597, 54.78820593615638, 0.0 ], [ -111.4527054297902, 54.788159073924383, 0.0 ], [ -111.451969346271397, 54.78801464354558, 0.0 ], [ -111.451956616800103, 54.788006123097823, 0.0 ], [ -111.451564382932901, 54.78774356863552, 0.0 ], [ -111.451556794170301, 54.787709155790658, 0.0 ], [ -111.451458546057793, 54.787263528772563, 0.0 ], [ -111.451207570407604, 54.78696644903264, 0.0 ], [ -111.451202731386402, 54.786782912397022, 0.0 ], [ -111.451202027807696, 54.786756262374283, 0.0 ], [ -111.451190188293097, 54.786307083859029, 0.0 ], [ -111.451178345561303, 54.785857907023058, 0.0 ], [ -111.450807867935595, 54.785623251310817, 0.0 ], [ -111.450196585884996, 54.785460824941246, 0.0 ], [ -111.450162189383704, 54.785438905925808, 0.0 ], [ -111.449640005959793, 54.785106143994987, 0.0 ], [ -111.449117828152296, 54.784773378038899, 0.0 ], [ -111.448595663487893, 54.784440610976922, 0.0 ], [ -111.4480735026509, 54.784107842536223, 0.0 ], [ -111.4479541828305, 54.783934946280802, 0.0 ], [ -111.447791371970695, 54.783699033720843, 0.0 ], [ -111.447734687063004, 54.783616893640733, 0.0 ], [ -111.447600488697702, 54.783531044690562, 0.0 ], [ -111.447232043001407, 54.783295341191128, 0.0 ], [ -111.447248481173503, 54.783108038613257, 0.0 ], [ -111.446969919668504, 54.782918202924549, 0.0 ], [ -111.446784685660703, 54.782586835489802, 0.0 ], [ -111.446753996762496, 54.782565761828302, 0.0 ], [ -111.446253489068098, 54.782222072331017, 0.0 ], [ -111.446231040395105, 54.782181108605023, 0.0 ], [ -111.446166112997204, 54.78213956937342, 0.0 ], [ -111.445797685127104, 54.781903860787303, 0.0 ], [ -111.445429264641106, 54.781668151227329, 0.0 ], [ -111.444672733233404, 54.781421053657589, 0.0 ], [ -111.444304320533803, 54.781185341628237, 0.0 ], [ -111.444314253639305, 54.780717833292449, 0.0 ], [ -111.444343832283394, 54.780262895935692, 0.0 ], [ -111.444394397537906, 54.780241658010148, 0.0 ], [ -111.444404858539102, 54.780169205883873, 0.0 ], [ -111.444715293922798, 54.779889162453152, 0.0 ], [ -111.444729452826607, 54.779856351476347, 0.0 ], [ -111.444830752609903, 54.779621589377832, 0.0 ], [ -111.444869721808502, 54.779177796585493, 0.0 ], [ -111.445216105968797, 54.779023074948391, 0.0 ], [ -111.445221886218604, 54.778900745753923, 0.0 ], [ -111.444909116580405, 54.778729144843091, 0.0 ], [ -111.444563382703905, 54.778481603779923, 0.0 ], [ -111.443764557444894, 54.77847065717571, 0.0 ], [ -111.443396177880302, 54.778234941909702, 0.0 ], [ -111.443027802593903, 54.77799922557903, 0.0 ], [ -111.443049063125997, 54.777757214299243, 0.0 ], [ -111.442830016034094, 54.77743932840125, 0.0 ], [ -111.442780049797605, 54.777366818068103, 0.0 ], [ -111.442698848756393, 54.777314857412577, 0.0 ], [ -111.442330485758902, 54.777079139114612, 0.0 ], [ -111.442358911392503, 54.776755636016567, 0.0 ], [ -111.442254870723104, 54.776604645856423, 0.0 ], [ -111.441860848811302, 54.77634555357367, 0.0 ], [ -111.441347755080798, 54.776008159999229, 0.0 ], [ -111.441328317684295, 54.775936123634807, 0.0 ], [ -111.441208558206597, 54.775492261299433, 0.0 ], [ -111.440956349676497, 54.775195898819312, 0.0 ], [ -111.440958263065397, 54.775118532213561, 0.0 ], [ -111.440969367869002, 54.774669349634138, 0.0 ], [ -111.4409779861667, 54.774320836678932, 0.0 ], [ -111.440621209368402, 54.774119129117537, 0.0 ], [ -111.440652217857306, 54.77367487988198, 0.0 ], [ -111.440667270290106, 54.77356744988208, 0.0 ], [ -111.440716926791097, 54.773213031770368, 0.0 ], [ -111.440788370117303, 54.772747664221278, 0.0 ], [ -111.440839594296094, 54.772292853479399, 0.0 ], [ -111.440843643496095, 54.771862681142281, 0.0 ], [ -111.4404753398276, 54.771626957018228, 0.0 ], [ -111.440107040277695, 54.771391233624563, 0.0 ], [ -111.4401464748465, 54.770942583577757, 0.0 ], [ -111.439778184934696, 54.770706858430188, 0.0 ], [ -111.439409897746899, 54.770471132172879, 0.0 ], [ -111.438653610893198, 54.770224000251687, 0.0 ], [ -111.438285334668194, 54.769988270721051, 0.0 ], [ -111.437936791755902, 54.769528216502657, 0.0 ], [ -111.438344515522502, 54.769315297772778, 0.0 ], [ -111.438383966562199, 54.768866648431029, 0.0 ], [ -111.438402769020598, 54.768652842841448, 0.0 ], [ -111.438423419614594, 54.768417999127898, 0.0 ], [ -111.438851587058195, 54.768218174600271, 0.0 ], [ -111.438870575051993, 54.767756428911802, 0.0 ], [ -111.439278275804497, 54.767543506656338, 0.0 ], [ -111.439685970729798, 54.76733058291461, 0.0 ], [ -111.439725405586401, 54.76688193281668, 0.0 ], [ -111.440133094598806, 54.76666900661364, 0.0 ], [ -111.4405023280178, 54.766513879686507, 0.0 ], [ -111.440505380284193, 54.766483554187118, 0.0 ], [ -111.440550489746897, 54.766035083233419, 0.0 ], [ -111.440595598073102, 54.765586611324053, 0.0 ], [ -111.440599681831003, 54.765546014603302, 0.0 ], [ -111.440640708208804, 54.765138140344817, 0.0 ], [ -111.440764718153403, 54.764862108488593, 0.0 ], [ -111.440887123971194, 54.764799810027228, 0.0 ], [ -111.441470296635998, 54.764502997595137, 0.0 ], [ -111.442053460782603, 54.764206182219247, 0.0 ], [ -111.442353319051804, 54.764209042024227, 0.0 ], [ -111.443130111405793, 54.764216444123811, 0.0 ], [ -111.443906899605906, 54.764223841110528, 0.0 ], [ -111.443952564529397, 54.764224274600437, 0.0 ], [ -111.444014433106105, 54.763940809439497, 0.0 ], [ -111.444009912287996, 54.763464055345032, 0.0 ], [ -111.443976697752205, 54.762968932709178, 0.0 ], [ -111.443981357832399, 54.762498057137591, 0.0 ], [ -111.444406626075406, 54.762296411696227, 0.0 ], [ -111.444814240788801, 54.762083469383043, 0.0 ], [ -111.445221852780094, 54.76187052567527, 0.0 ], [ -111.445261218527804, 54.761421871576957, 0.0 ], [ -111.445668822978703, 54.761208926260387, 0.0 ], [ -111.446076421525603, 54.760995980355567, 0.0 ], [ -111.446484015877502, 54.760783032113437, 0.0 ], [ -111.446891604482801, 54.760570081488552, 0.0 ], [ -111.447282834687897, 54.760365676594191, 0.0 ], [ -111.447304284289601, 54.760007020586421, 0.0 ], [ -111.447331136302097, 54.759558058508539, 0.0 ], [ -111.447266521657994, 54.759430633989751, 0.0 ], [ -111.4468303494954, 54.759126876912752, 0.0 ], [ -111.446334092448694, 54.758781268803027, 0.0 ], [ -111.446758315896204, 54.758519954956093, 0.0 ], [ -111.446901534454696, 54.758508156627443, 0.0 ], [ -111.447670559675998, 54.758444807676938, 0.0 ], [ -111.447818661075104, 54.758405678074787, 0.0 ], [ -111.448525199034094, 54.758218998449962, 0.0 ], [ -111.448680267415, 54.75805847280477, 0.0 ], [ -111.449059104354902, 54.757666291394671, 0.0 ], [ -111.449070581485103, 54.757320154349813, 0.0 ], [ -111.448892811184507, 54.75711271812024, 0.0 ], [ -111.448809215693402, 54.757015173831142, 0.0 ], [ -111.448464280124995, 54.756612665971168, 0.0 ], [ -111.448442257539398, 54.756400848119661, 0.0 ], [ -111.448395637920498, 54.755952427154661, 0.0 ], [ -111.4483835466241, 54.755933976899797, 0.0 ], [ -111.448108256533004, 54.755513906935953, 0.0 ], [ -111.448131492862998, 54.755240907004278, 0.0 ], [ -111.448169681055205, 54.754792218597807, 0.0 ], [ -111.448207868185193, 54.754343530139948, 0.0 ], [ -111.448246052623006, 54.753894842482488, 0.0 ], [ -111.448284235998898, 54.753446154773613, 0.0 ], [ -111.448374087444705, 54.75320751200789, 0.0 ], [ -111.448607666683799, 54.752973663081541, 0.0 ], [ -111.449111699989501, 54.752988439289588, 0.0 ], [ -111.449151009724204, 54.75253978353534, 0.0 ], [ -111.449586113726696, 54.752344500303863, 0.0 ], [ -111.449570191619202, 54.751860490095368, 0.0 ], [ -111.450005287861998, 54.75166520435257, 0.0 ], [ -111.450044585715503, 54.751216548962731, 0.0 ], [ -111.450452059199804, 54.751003585350453, 0.0 ], [ -111.451227708314505, 54.7510263106915, 0.0 ], [ -111.451266993433705, 54.750577652910792, 0.0 ], [ -111.452042635013598, 54.750600373820063, 0.0 ], [ -111.452450091956507, 54.750387403225567, 0.0 ], [ -111.452489361082698, 54.749938744757912, 0.0 ], [ -111.452528629044807, 54.749490087135129, 0.0 ], [ -111.4529360720895, 54.749277114673937, 0.0 ], [ -111.453384419899294, 54.749090328924723, 0.0 ], [ -111.453382797624698, 54.74862335696546, 0.0 ], [ -111.4533827696646, 54.748615482716389, 0.0 ], [ -111.453396822032801, 54.748615895044807, 0.0 ], [ -111.453860814628698, 54.748369007232888, 0.0 ], [ -111.454355064351205, 54.748152386577637, 0.0 ], [ -111.454923860228106, 54.748080524662832, 0.0 ], [ -111.455034606571303, 54.748066531771912, 0.0 ], [ -111.455042047913295, 54.747782511835162, 0.0 ], [ -111.455027956791, 54.74729971623546, 0.0 ], [ -111.455459107432901, 54.747101932236042, 0.0 ], [ -111.455513063716495, 54.746662699987709, 0.0 ], [ -111.455508113590298, 54.74618575855073, 0.0 ], [ -111.455944962360704, 54.745991629346157, 0.0 ], [ -111.455984184766507, 54.745542970603708, 0.0 ], [ -111.456391571137004, 54.745329985608599, 0.0 ], [ -111.456798950135607, 54.74511699908404, 0.0 ], [ -111.457206328045004, 54.744904010314293, 0.0 ], [ -111.457245534931801, 54.744455350878852, 0.0 ], [ -111.457652903760106, 54.744242360456987, 0.0 ], [ -111.458060266611099, 54.744029370345849, 0.0 ], [ -111.458256088264505, 54.743942337977479, 0.0 ], [ -111.458426335533701, 54.743771269509828, 0.0 ], [ -111.458493300746497, 54.743473934928431, 0.0 ], [ -111.458492091903096, 54.743358290212832, 0.0 ], [ -111.458546010264101, 54.74291905498891, 0.0 ], [ -111.458938493332795, 54.742744384261989, 0.0 ], [ -111.458974089610194, 54.74240850335724, 0.0 ], [ -111.458993153626494, 54.742228629645993, 0.0 ], [ -111.459002506709098, 54.741790034589023, 0.0 ], [ -111.459336537296593, 54.741641370103693, 0.0 ], [ -111.459380966484801, 54.741596404397313, 0.0 ], [ -111.459471994614901, 54.741177136512313, 0.0 ], [ -111.459475068207993, 54.741026589637762, 0.0 ], [ -111.459484239051406, 54.740577387294529, 0.0 ], [ -111.459470995198799, 54.740558594968171, 0.0 ], [ -111.459177830250994, 54.740142612513793, 0.0 ], [ -111.459187559117794, 54.740059497315599, 0.0 ], [ -111.459128825453803, 54.740029217575383, 0.0 ], [ -111.459170945759496, 54.739546905520037, 0.0 ], [ -111.459251500427897, 54.739513144504187, 0.0 ], [ -111.459265245977605, 54.739395689705788, 0.0 ], [ -111.459597424398396, 54.739208715442778, 0.0 ], [ -111.460153938349706, 54.738895460836702, 0.0 ], [ -111.460288371045195, 54.738884535245823, 0.0 ], [ -111.461057239153504, 54.738822052244103, 0.0 ], [ -111.461231538031299, 54.738740399627943, 0.0 ], [ -111.461239583087306, 54.738484720764937, 0.0 ], [ -111.461644703722001, 54.738289950403733, 0.0 ], [ -111.461748347897597, 54.738074377567713, 0.0 ], [ -111.462234871931301, 54.737829165240584, 0.0 ], [ -111.462311239235305, 54.73784821409383, 0.0 ], [ -111.462947843029497, 54.738007006720679, 0.0 ], [ -111.463092227397098, 54.738012637283568, 0.0 ], [ -111.463241811482803, 54.738108389781587, 0.0 ], [ -111.463982031782507, 54.738149438470863, 0.0 ], [ -111.464782589487697, 54.738158924797688, 0.0 ], [ -111.465595211135295, 54.738162093534157, 0.0 ], [ -111.466371635812393, 54.738184192854447, 0.0 ], [ -111.466711640392404, 54.738434563667127, 0.0 ], [ -111.467079807088794, 54.738670205123789, 0.0 ], [ -111.467447976346307, 54.738905847265592, 0.0 ], [ -111.467816153130002, 54.739141486638843, 0.0 ], [ -111.468541068747399, 54.739162624667912, 0.0 ], [ -111.468569386000397, 54.739180127278239, 0.0 ], [ -111.4691000119536, 54.739508078662617, 0.0 ], [ -111.469105107543299, 54.739508377441773, 0.0 ], [ -111.469296797620004, 54.739651675044257, 0.0 ], [ -111.470090948308396, 54.739664494284163, 0.0 ], [ -111.470910033147902, 54.739664266266438, 0.0 ], [ -111.471142028919004, 54.739676390862982, 0.0 ], [ -111.471226209887007, 54.739701734887348, 0.0 ], [ -111.471914976055103, 54.739909102603939, 0.0 ], [ -111.472019280464195, 54.739976086807872, 0.0 ], [ -111.471983487122202, 54.740387455934041, 0.0 ], [ -111.472351700684101, 54.74062308375624, 0.0 ], [ -111.472697002118196, 54.740844043438983, 0.0 ], [ -111.472714257162593, 54.740923823108908, 0.0 ], [ -111.472680889411507, 54.741307377753117, 0.0 ], [ -111.472960771012595, 54.741333667652349, 0.0 ], [ -111.473452037347997, 54.741379810765586, 0.0 ], [ -111.473863625703302, 54.741116912455126, 0.0 ], [ -111.474639107061606, 54.741139485410372, 0.0 ], [ -111.475414587947199, 54.741162053368058, 0.0 ], [ -111.475794212001702, 54.740931329563203, 0.0 ], [ -111.476624926719794, 54.740989232166292, 0.0 ], [ -111.477004540839701, 54.740758504394137, 0.0 ], [ -111.477372789147296, 54.740994116560458, 0.0 ], [ -111.478117105160095, 54.741032973049549, 0.0 ], [ -111.478936220027293, 54.741032690258237, 0.0 ], [ -111.479730403450006, 54.74104544762757, 0.0 ], [ -111.480067506747503, 54.741297357428351, 0.0 ], [ -111.480809119023604, 54.741344609152129, 0.0 ], [ -111.481583127272003, 54.741384230378721, 0.0 ], [ -111.482376870625103, 54.741415851009172, 0.0 ], [ -111.483111693195795, 54.741437188722763, 0.0 ], [ -111.483238108101006, 54.74137126827619, 0.0 ], [ -111.483814869019795, 54.741070499310389, 0.0 ], [ -111.483933433362196, 54.740740025393237, 0.0 ], [ -111.4840912378409, 54.740300162142887, 0.0 ], [ -111.484475888675107, 54.740072650667607, 0.0 ], [ -111.484841890798094, 54.740010773768788, 0.0 ], [ -111.485444220765899, 54.740007716329423, 0.0 ], [ -111.486220634085996, 54.740003771420163, 0.0 ], [ -111.486662949324497, 54.739780530370084, 0.0 ], [ -111.487248055184196, 54.739485219840901, 0.0 ], [ -111.487459962836795, 54.739457166783559, 0.0 ], [ -111.487569541611194, 54.739491988971231, 0.0 ], [ -111.488250093088595, 54.739708248851137, 0.0 ], [ -111.488317548983304, 54.739751661952667, 0.0 ], [ -111.488730252852406, 54.740017274465302, 0.0 ], [ -111.488714522654604, 54.740198923571512, 0.0 ], [ -111.489082835602204, 54.740434501063483, 0.0 ], [ -111.4893932596718, 54.740604756187807, 0.0 ], [ -111.489415957097407, 54.740716641975467, 0.0 ], [ -111.489422349643306, 54.740748153262622, 0.0 ], [ -111.4895128624851, 54.74119432900563, 0.0 ], [ -111.490042587932507, 54.741345435045233, 0.0 ], [ -111.490076283250602, 54.741365146596337, 0.0 ], [ -111.490622301257005, 54.741684551289417, 0.0 ], [ -111.491175478912098, 54.741823383684178, 0.0 ], [ -111.491582351967807, 54.742075823056084, 0.0 ], [ -111.492111916379201, 54.742404376171052, 0.0 ], [ -111.492620602102207, 54.742460809541647, 0.0 ], [ -111.493383205382401, 54.742545407701279, 0.0 ], [ -111.493482685018904, 54.742600677696842, 0.0 ], [ -111.494042757547604, 54.742911841451772, 0.0 ], [ -111.494711106679105, 54.742777861413771, 0.0 ], [ -111.495179662157597, 54.742785552536837, 0.0 ], [ -111.495955850957898, 54.742798291177607, 0.0 ], [ -111.496465088118995, 54.742855183879819, 0.0 ], [ -111.4968693926795, 54.743019352491153, 0.0 ], [ -111.497232876934703, 54.743053068381847, 0.0 ], [ -111.497999592192699, 54.743124184660957, 0.0 ], [ -111.4984595251847, 54.743402368413904, 0.0 ], [ -111.498996275700406, 54.743727005734087, 0.0 ], [ -111.499120505684004, 54.743745481928492, 0.0 ], [ -111.499872574202698, 54.743857330294723, 0.0 ], [ -111.500280853162593, 54.744018454283193, 0.0 ], [ -111.501023486941193, 54.744111645756142, 0.0 ], [ -111.501293846255194, 54.744276735611272, 0.0 ], [ -111.501827921193495, 54.744602853264347, 0.0 ], [ -111.5023620016877, 54.744928967685148, 0.0 ], [ -111.503055472280806, 54.745029300886287, 0.0 ], [ -111.503670676088902, 54.745030205347547, 0.0 ], [ -111.504447218227398, 54.745031340998459, 0.0 ], [ -111.504761357581003, 54.744950644645293, 0.0 ], [ -111.505471074510297, 54.744768326337123, 0.0 ], [ -111.506180786750804, 54.744586003819087, 0.0 ], [ -111.506849502112004, 54.744414209559267, 0.0 ], [ -111.507017018501898, 54.744326498516457, 0.0 ], [ -111.507424131505104, 54.744113338745159, 0.0 ], [ -111.507501465935505, 54.744116782037302, 0.0 ], [ -111.507584280224194, 54.744077894363087, 0.0 ], [ -111.507643180283495, 54.7440735031402, 0.0 ], [ -111.508413338586294, 54.74401608434129, 0.0 ], [ -111.508471856670994, 54.744001500960913, 0.0 ], [ -111.508587788639502, 54.743972605454893, 0.0 ], [ -111.508761122853301, 54.743929403623383, 0.0 ], [ -111.509300944034294, 54.743794854154977, 0.0 ], [ -111.510003127271901, 54.743619831348958, 0.0 ], [ -111.5101965506, 54.743518544470767, 0.0 ], [ -111.5106036391266, 54.743305372735982, 0.0 ], [ -111.510679099989403, 54.742880238808979, 0.0 ], [ -111.510679263111697, 54.742836643638277, 0.0 ], [ -111.510667241729706, 54.742815037170487, 0.0 ], [ -111.510666600944802, 54.742444637511817, 0.0 ], [ -111.510680194912993, 54.742407570782618, 0.0 ], [ -111.510754837278697, 54.742204069448007, 0.0 ], [ -111.511063419807499, 54.741924442876659, 0.0 ], [ -111.511106164292102, 54.741717863550313, 0.0 ], [ -111.511145921063601, 54.741525707756267, 0.0 ], [ -111.511141766327697, 54.741282501680487, 0.0 ], [ -111.511203767134504, 54.740848768258061, 0.0 ], [ -111.511610821629702, 54.74063559165797, 0.0 ], [ -111.512017870150004, 54.740422415372372, 0.0 ], [ -111.512424917657199, 54.740209235945827, 0.0 ], [ -111.512476366065698, 54.740211525111292, 0.0 ], [ -111.512517874730307, 54.740190020709669, 0.0 ], [ -111.513094046204998, 54.740084944296378, 0.0 ], [ -111.513371304885794, 54.739944116037712, 0.0 ], [ -111.513954804460994, 54.739647735090927, 0.0 ], [ -111.514034678757199, 54.739607161806923, 0.0 ], [ -111.514025424373301, 54.739338845464907, 0.0 ], [ -111.514460083011599, 54.739143321544418, 0.0 ], [ -111.514478182223002, 54.738681551584882, 0.0 ], [ -111.514905664298496, 54.738481446731058, 0.0 ], [ -111.514944225884406, 54.738032758199672, 0.0 ], [ -111.5153512353764, 54.737819569246881, 0.0 ], [ -111.5157582375749, 54.737606377872218, 0.0 ], [ -111.515796788414704, 54.737157689766221, 0.0 ], [ -111.516224247796799, 54.736957579893371, 0.0 ], [ -111.516242326593101, 54.73649580748107, 0.0 ], [ -111.5166493104973, 54.736282614610722, 0.0 ], [ -111.516863136619804, 54.736170601985457, 0.0 ], [ -111.517014878853999, 54.736023453907372, 0.0 ], [ -111.517035284931694, 54.735898646069813, 0.0 ], [ -111.517108405858906, 54.735451400691517, 0.0 ], [ -111.517110428017702, 54.73543904172093, 0.0 ], [ -111.517133356360105, 54.735172039837501, 0.0 ], [ -111.517156021136998, 54.735160167402043, 0.0 ], [ -111.5171815265916, 54.735004154366081, 0.0 ], [ -111.517461040000299, 54.734741182029722, 0.0 ], [ -111.517862688977303, 54.734349128236161, 0.0 ], [ -111.517773244745499, 54.734183547283202, 0.0 ], [ -111.517631072335405, 54.73392034372894, 0.0 ], [ -111.517634096065606, 54.733891754256213, 0.0 ], [ -111.517681510292604, 54.733443350250823, 0.0 ], [ -111.5177289234135, 54.732994944389759, 0.0 ], [ -111.517759812296504, 54.732702814369958, 0.0 ], [ -111.517776335120203, 54.732546540262653, 0.0 ], [ -111.517892218954302, 54.732425118767758, 0.0 ], [ -111.518175478869097, 54.732128319097413, 0.0 ], [ -111.518178405271996, 54.732053501992311, 0.0 ], [ -111.518585333779001, 54.731840300805089, 0.0 ], [ -111.518992258095594, 54.731627097285703, 0.0 ], [ -111.519364526401802, 54.731457556910662, 0.0 ], [ -111.5194250069313, 54.731425892135533, 0.0 ], [ -111.519462239587995, 54.730980902275633, 0.0 ], [ -111.519467082304502, 54.730510697903519, 0.0 ], [ -111.519482842921306, 54.73004746967159, 0.0 ], [ -111.519553179151202, 54.729619128116148, 0.0 ], [ -111.519984850309399, 54.729424869359512, 0.0 ], [ -111.519987107685196, 54.729406365675807, 0.0 ], [ -111.519970938687905, 54.728939568836182, 0.0 ], [ -111.520048361379807, 54.728904727469349, 0.0 ], [ -111.5200678175447, 54.728745387038508, 0.0 ], [ -111.520221703485007, 54.728662613554057, 0.0 ], [ -111.520790283737995, 54.728356777721878, 0.0 ], [ -111.521236437050007, 54.728116790560478, 0.0 ], [ -111.521257693732906, 54.727868910493868, 0.0 ], [ -111.5216645636565, 54.727655697108247, 0.0 ], [ -111.522071430710497, 54.727442484127508, 0.0 ], [ -111.522478292024601, 54.727229268770472, 0.0 ], [ -111.522773787840293, 54.727074412116067, 0.0 ], [ -111.523042835999902, 54.726742429051619, 0.0 ], [ -111.523262648021898, 54.726633137178737, 0.0 ], [ -111.5238514143835, 54.726340393982539, 0.0 ], [ -111.524099341509995, 54.726293714262418, 0.0 ], [ -111.524112614385601, 54.726295628115899, 0.0 ], [ -111.524114027397601, 54.726279135926532, 0.0 ], [ -111.524144135777902, 54.72592769913733, 0.0 ], [ -111.524521763462602, 54.725758252689062, 0.0 ], [ -111.524527444780205, 54.725724881555998, 0.0 ], [ -111.524599294989201, 54.725302698433516, 0.0 ], [ -111.524603530635801, 54.725277801369401, 0.0 ], [ -111.524679613209102, 54.724830719244572, 0.0 ], [ -111.524760030730803, 54.724749232436231, 0.0 ], [ -111.525144995887999, 54.724359139011682, 0.0 ], [ -111.525179240577202, 54.724340149702982, 0.0 ], [ -111.525739695657904, 54.724029362857628, 0.0 ], [ -111.525980666394204, 54.723710051405106, 0.0 ], [ -111.526506926828503, 54.723408213582267, 0.0 ], [ -111.527058234928404, 54.723092002100167, 0.0 ], [ -111.527072854561197, 54.72296899080775, 0.0 ], [ -111.527126121975499, 54.722520803400741, 0.0 ], [ -111.5268349245151, 54.722178235186149, 0.0 ], [ -111.526833938219298, 54.722098376942583, 0.0 ], [ -111.526828389220597, 54.721649143241613, 0.0 ], [ -111.526494908229495, 54.721592187894643, 0.0 ], [ -111.526433214111805, 54.721240236043784, 0.0 ], [ -111.526121422492693, 54.721109039308622, 0.0 ], [ -111.526128562949296, 54.72095425666086, 0.0 ], [ -111.5261492724173, 54.720505171488917, 0.0 ], [ -111.5257833856936, 54.720507911683868, 0.0 ], [ -111.525707630181898, 54.720710030772999, 0.0 ], [ -111.525354931749106, 54.720707280911597, 0.0 ], [ -111.525232850112303, 54.720834386526853, 0.0 ], [ -111.524657436607498, 54.720971301225482, 0.0 ], [ -111.524568423330805, 54.721014610694724, 0.0 ], [ -111.523974312004697, 54.721303663034483, 0.0 ], [ -111.523887523580896, 54.721325174829509, 0.0 ], [ -111.523174084275794, 54.721502009127803, 0.0 ], [ -111.5231114101027, 54.721506453798987, 0.0 ], [ -111.522341067255695, 54.721561078549762, 0.0 ], [ -111.522199010311596, 54.721599558831251, 0.0 ], [ -111.5219296924801, 54.721672510651914, 0.0 ], [ -111.521796266622005, 54.721587212931233, 0.0 ], [ -111.521389459667802, 54.721800426920652, 0.0 ], [ -111.520982648448907, 54.722013639475982, 0.0 ], [ -111.520961176781796, 54.722264061105818, 0.0 ], [ -111.520616521913297, 54.722470723399788, 0.0 ], [ -111.520583225155804, 54.72254840940159, 0.0 ], [ -111.520538722246798, 54.722652235932387, 0.0 ], [ -111.520516889156596, 54.722662461349501, 0.0 ], [ -111.520515145107396, 54.722707247093773, 0.0 ], [ -111.520498876628594, 54.723124235287543, 0.0 ], [ -111.520092047363704, 54.723337443657627, 0.0 ], [ -111.519297623648399, 54.723539512982008, 0.0 ], [ -111.518565301334505, 54.723544632667107, 0.0 ], [ -111.517795478106905, 54.723525770386509, 0.0 ], [ -111.517004224656503, 54.723493203111524, 0.0 ], [ -111.516494760028294, 54.723470179582982, 0.0 ], [ -111.516246673173399, 54.723577495244548, 0.0 ], [ -111.515896930287099, 54.723534184563242, 0.0 ], [ -111.515734259027099, 54.723439644542907, 0.0 ], [ -111.515504314817704, 54.723306007182927, 0.0 ], [ -111.515159017006596, 54.723081561430043, 0.0 ], [ -111.514642877237804, 54.722746056996151, 0.0 ], [ -111.514126742802503, 54.722410551278116, 0.0 ], [ -111.513610618582604, 54.722075041717737, 0.0 ], [ -111.513094501246101, 54.721739530917993, 0.0 ], [ -111.512860108454802, 54.721587158256973, 0.0 ], [ -111.512578389396793, 54.721404017039497, 0.0 ], [ -111.512532257835204, 54.721320778286753, 0.0 ], [ -111.512394356833198, 54.721071966722683, 0.0 ], [ -111.512363563889494, 54.721051083611258, 0.0 ], [ -111.511859723762697, 54.720709384271217, 0.0 ], [ -111.511765626522802, 54.720581379504537, 0.0 ], [ -111.511461758860904, 54.720168004562083, 0.0 ], [ -111.511448336480498, 54.719998915204087, 0.0 ], [ -111.511412708373399, 54.719550145820513, 0.0 ], [ -111.511125499401103, 54.719160634817577, 0.0 ], [ -111.511195742230299, 54.718782574337951, 0.0 ], [ -111.511238991540097, 54.71854977975697, 0.0 ], [ -111.511278727062802, 54.718335906853383, 0.0 ], [ -111.5114031878459, 54.718272530847692, 0.0 ], [ -111.511985871185303, 54.717975816539457, 0.0 ], [ -111.512568544249802, 54.717679101940362, 0.0 ], [ -111.512695428854897, 54.717679752337261, 0.0 ], [ -111.513471423811097, 54.71768373565336, 0.0 ], [ -111.514247417737195, 54.717687712159467, 0.0 ], [ -111.514626870135501, 54.717634533493253, 0.0 ], [ -111.514742945045697, 54.717515907757502, 0.0 ], [ -111.515125423439997, 54.717125019193197, 0.0 ], [ -111.515184162481901, 54.71691676321862, 0.0 ], [ -111.515212471056799, 54.716816391998002, 0.0 ], [ -111.515243841706607, 54.716451049522718, 0.0 ], [ -111.515378218984495, 54.716454915640917, 0.0 ], [ -111.515961411789604, 54.716298803822617, 0.0 ], [ -111.516185578236104, 54.716183396512321, 0.0 ], [ -111.516443658202903, 54.716050527179888, 0.0 ], [ -111.516464178025799, 54.715811462861623, 0.0 ], [ -111.516870950236694, 54.715598265695668, 0.0 ], [ -111.517286230939604, 54.715616733391528, 0.0 ], [ -111.517345307588002, 54.715586317766061, 0.0 ], [ -111.517413209017604, 54.71558478110704, 0.0 ], [ -111.517763386100199, 54.715576849928503, 0.0 ], [ -111.518188599736703, 54.715567219674668, 0.0 ], [ -111.518963994570399, 54.715549654298542, 0.0 ], [ -111.519596453781006, 54.715369237416994, 0.0 ], [ -111.520252311939203, 54.715374472864561, 0.0 ], [ -111.520478513544404, 54.715193722849307, 0.0 ], [ -111.521080965235797, 54.715164807930442, 0.0 ], [ -111.521271190252904, 54.715000896961513, 0.0 ], [ -111.5215724809146, 54.714976217676103, 0.0 ], [ -111.521719677636796, 54.714838043489443, 0.0 ], [ -111.521943055603799, 54.714628352509159, 0.0 ], [ -111.521985216417093, 54.714451446161462, 0.0 ], [ -111.522091278427894, 54.714006417191626, 0.0 ], [ -111.522372831404795, 54.713772326095523, 0.0 ], [ -111.522404772122698, 54.713699362298918, 0.0 ], [ -111.522595402285802, 54.713263883792841, 0.0 ], [ -111.523000179788696, 54.713049428330237, 0.0 ], [ -111.523653668697094, 54.712906798546271, 0.0 ], [ -111.524331147368002, 54.712758929162433, 0.0 ], [ -111.524502739188705, 54.71266896687488, 0.0 ], [ -111.524909436733793, 54.712455739718138, 0.0 ], [ -111.525316129939597, 54.712242512025298, 0.0 ], [ -111.525722818883196, 54.712029282899039, 0.0 ], [ -111.525761221808196, 54.711580587199727, 0.0 ], [ -111.526251373625897, 54.71160966234779, 0.0 ], [ -111.526295950789702, 54.711568621542654, 0.0 ], [ -111.526437887500293, 54.71156327459731, 0.0 ], [ -111.526692132158601, 54.711553695930498, 0.0 ], [ -111.526942858513607, 54.711389587772757, 0.0 ], [ -111.5277178164677, 54.711411813269692, 0.0 ], [ -111.527870304425207, 54.71150930300805, 0.0 ], [ -111.527986434083701, 54.711504927955907, 0.0 ], [ -111.528466718390604, 54.711253192471283, 0.0 ], [ -111.529041935146594, 54.710951693265073, 0.0 ], [ -111.529617141752297, 54.71065019204444, 0.0 ], [ -111.529642646648696, 54.710547625352064, 0.0 ], [ -111.529753215512599, 54.710102962890907, 0.0 ], [ -111.529740615866402, 54.710084254563469, 0.0 ], [ -111.529512035846096, 54.709744815598263, 0.0 ], [ -111.529356611202601, 54.70965960772071, 0.0 ], [ -111.529467739505805, 54.709609755617088, 0.0 ], [ -111.529493132710499, 54.709451590826703, 0.0 ], [ -111.5296183585683, 54.709323493844742, 0.0 ], [ -111.529859583649397, 54.709076736313001, 0.0 ], [ -111.529866185950993, 54.70899951725734, 0.0 ], [ -111.530007535136804, 54.708925391643987, 0.0 ], [ -111.530382737071506, 54.708541575507112, 0.0 ], [ -111.530702041839405, 54.708368327717032, 0.0 ], [ -111.531268180062398, 54.708061149269518, 0.0 ], [ -111.531834311434906, 54.707753966288941, 0.0 ], [ -111.531853710793001, 54.707680333370128, 0.0 ], [ -111.531970714503302, 54.707236224155423, 0.0 ], [ -111.531988344556694, 54.707169311781527, 0.0 ], [ -111.532081258665002, 54.706816634469632, 0.0 ], [ -111.5320877185505, 54.706792114852952, 0.0 ], [ -111.532431558707898, 54.706736711471869, 0.0 ], [ -111.532969990012106, 54.706755737796449, 0.0 ], [ -111.533151072359303, 54.706762136428416, 0.0 ], [ -111.533621489467805, 54.706412441942852, 0.0 ], [ -111.533640026442797, 54.706408835413178, 0.0 ], [ -111.534260151306597, 54.70628819408612, 0.0 ], [ -111.534665783555795, 54.706074323994983, 0.0 ], [ -111.5347463013523, 54.705989822238116, 0.0 ], [ -111.535121100801007, 54.705596477492911, 0.0 ], [ -111.5352796999573, 54.705165505210402, 0.0 ], [ -111.535555660475296, 54.704927740115707, 0.0 ], [ -111.535587231803305, 54.704863560655362, 0.0 ], [ -111.5357997781488, 54.704431501877998, 0.0 ], [ -111.536227545202493, 54.704405400645307, 0.0 ], [ -111.536999049999807, 54.704358318068749, 0.0 ], [ -111.537494056593403, 54.704248452096287, 0.0 ], [ -111.5377580349396, 54.704607785634302, 0.0 ], [ -111.537826801475305, 54.704650964150893, 0.0 ], [ -111.538178681074498, 54.704871910702977, 0.0 ], [ -111.538352747325106, 54.704981207765911, 0.0 ], [ -111.538878704813101, 54.70531144929236, 0.0 ], [ -111.5396180131752, 54.705406176591573, 0.0 ], [ -111.540022552184894, 54.705569988062749, 0.0 ], [ -111.540439426757999, 54.705620901075832, 0.0 ], [ -111.541007253588106, 54.705630165998457, 0.0 ], [ -111.541782748579394, 54.705642816706778, 0.0 ], [ -111.542012419534004, 54.705586001094531, 0.0 ], [ -111.5423444126248, 54.705503873504618, 0.0 ], [ -111.542489033405403, 54.705529988503542, 0.0 ], [ -111.542564347050501, 54.705842460959552, 0.0 ], [ -111.5425394429937, 54.705979772165243, 0.0 ], [ -111.542537940239399, 54.705988060359708, 0.0 ], [ -111.542456911930302, 54.706434853527668, 0.0 ], [ -111.542393488523203, 54.706491103745783, 0.0 ], [ -111.542077334053204, 54.70663210152194, 0.0 ], [ -111.542081072065898, 54.706930085166853, 0.0 ], [ -111.541955555522094, 54.707367770276548, 0.0 ], [ -111.541887920938294, 54.707406770881711, 0.0 ], [ -111.541338163195206, 54.707723767462753, 0.0 ], [ -111.541325445876197, 54.707846892793413, 0.0 ], [ -111.541375544996598, 54.707878775905733, 0.0 ], [ -111.541897676891097, 54.708211068347502, 0.0 ], [ -111.54241981429, 54.708543357658861, 0.0 ], [ -111.542561656860897, 54.708590107935628, 0.0 ], [ -111.543235933651303, 54.708812347663248, 0.0 ], [ -111.543849576364295, 54.708840461166133, 0.0 ], [ -111.5446230198812, 54.708875891880723, 0.0 ], [ -111.545396472782897, 54.708911316997508, 0.0 ], [ -111.545636703168199, 54.708856051426778, 0.0 ], [ -111.545745510960103, 54.708648677787238, 0.0 ], [ -111.545466502839801, 54.70822948146175, 0.0 ], [ -111.545482831657097, 54.708106399543048, 0.0 ], [ -111.545492108988697, 54.708036462083243, 0.0 ], [ -111.545542242702794, 54.707658469948498, 0.0 ], [ -111.545601658503799, 54.707210539558268, 0.0 ], [ -111.545613206049595, 54.707204167067012, 0.0 ], [ -111.545570112138293, 54.70697190327131, 0.0 ], [ -111.545981212764005, 54.706761522768893, 0.0 ], [ -111.546387739978101, 54.706548221748811, 0.0 ], [ -111.546794262931101, 54.706334919296673, 0.0 ], [ -111.547200780149396, 54.706121614470852, 0.0 ], [ -111.547301923286597, 54.705693447214387, 0.0 ], [ -111.547363192990503, 54.705226656991449, 0.0 ], [ -111.547381416485905, 54.704758641936508, 0.0 ], [ -111.547357268847307, 54.704386268353851, 0.0 ], [ -111.547116307503998, 54.704205400961307, 0.0 ], [ -111.546939901596204, 54.704115088971598, 0.0 ], [ -111.546963310448106, 54.703982380796347, 0.0 ], [ -111.5470232300124, 54.703642681182806, 0.0 ], [ -111.547429719901302, 54.70342937694739, 0.0 ], [ -111.548229244654706, 54.703414690409353, 0.0 ], [ -111.548572884490596, 54.703686866336199, 0.0 ], [ -111.548979366988604, 54.703473555892117, 0.0 ], [ -111.549385843600206, 54.703260244869497, 0.0 ], [ -111.549792317577399, 54.703046931561893, 0.0 ], [ -111.550263357143805, 54.702835456614871, 0.0 ], [ -111.549830445203199, 54.70259822386992, 0.0 ], [ -111.549462105898996, 54.702362828908512, 0.0 ], [ -111.549459588459797, 54.701935452591911, 0.0 ], [ -111.549483810458398, 54.701790920525532, 0.0 ], [ -111.5495383622834, 54.701465414492503, 0.0 ], [ -111.5499448156407, 54.701252099411519, 0.0 ], [ -111.550351267684704, 54.701038784782057, 0.0 ], [ -111.550720589442605, 54.700844951316419, 0.0 ], [ -111.550757712522298, 54.700825466837863, 0.0 ], [ -111.551532488515704, 54.700847538157241, 0.0 ], [ -111.551938928382796, 54.700634217111983, 0.0 ], [ -111.551977027369801, 54.70018550818228, 0.0 ], [ -111.552759978177306, 54.700212801826957, 0.0 ], [ -111.553158217776996, 54.699994245254963, 0.0 ], [ -111.553564639055793, 54.699780918439799, 0.0 ], [ -111.553971056075099, 54.699567590193269, 0.0 ], [ -111.554377468834801, 54.699354260515399, 0.0 ], [ -111.554783875861702, 54.699140928464729, 0.0 ], [ -111.5555586230373, 54.699162973597673, 0.0 ], [ -111.555881817188293, 54.699422052644792, 0.0 ], [ -111.556701725020801, 54.699420385451397, 0.0 ], [ -111.557070081335596, 54.699655757801388, 0.0 ], [ -111.5574384403604, 54.699891129039813, 0.0 ], [ -111.557806806743898, 54.700126499298833, 0.0 ], [ -111.557859167788493, 54.700159957470852, 0.0 ], [ -111.557888128498504, 54.700212130119127, 0.0 ], [ -111.558104540227603, 54.700349684268353, 0.0 ], [ -111.558626992683898, 54.700681760357249, 0.0 ], [ -111.558691757231301, 54.700691932291072, 0.0 ], [ -111.558911926804399, 54.700832603538181, 0.0 ], [ -111.5592803086777, 54.701067969482722, 0.0 ], [ -111.5599695131407, 54.701087554747772, 0.0 ], [ -111.560045143384698, 54.701136332715812, 0.0 ], [ -111.560563439618207, 54.701470592088498, 0.0 ], [ -111.561081742888206, 54.7018048484071, 0.0 ], [ -111.561055213883407, 54.702221881918788, 0.0 ], [ -111.561026655509806, 54.702670829018793, 0.0 ], [ -111.560998094668804, 54.703119776929043, 0.0 ], [ -111.560969532986206, 54.703568724796128, 0.0 ], [ -111.560940972087593, 54.704017671766593, 0.0 ], [ -111.560912413370602, 54.704466619679337, 0.0 ], [ -111.560807779973004, 54.704762848613903, 0.0 ], [ -111.560578186835201, 54.704965196945253, 0.0 ], [ -111.560721009589599, 54.705056438130548, 0.0 ], [ -111.561230160014006, 54.705075163720309, 0.0 ], [ -111.562004400387295, 54.705103634796451, 0.0 ], [ -111.5620406216117, 54.705095277921473, 0.0 ], [ -111.562761323637901, 54.704929005861338, 0.0 ], [ -111.563356153048503, 54.704923163666592, 0.0 ], [ -111.563797114195097, 54.70491882974477, 0.0 ], [ -111.564131834898802, 54.704915540173808, 0.0 ], [ -111.564537262231696, 54.70457867256323, 0.0 ], [ -111.564637033843397, 54.704551308919108, 0.0 ], [ -111.565338163221696, 54.704359016326393, 0.0 ], [ -111.565500316571104, 54.70437831438506, 0.0 ], [ -111.565572213292398, 54.704420617341427, 0.0 ], [ -111.566116394711898, 54.70474080384858, 0.0 ], [ -111.566164687029001, 54.704742396547431, 0.0 ], [ -111.5669392284872, 54.704767918267457, 0.0 ], [ -111.567027124162195, 54.704722661478137, 0.0 ], [ -111.567606874431107, 54.704424140565322, 0.0 ], [ -111.568186619147497, 54.704125618626101, 0.0 ], [ -111.568766352416105, 54.703827091895228, 0.0 ], [ -111.569346073933701, 54.703528563962529, 0.0 ], [ -111.569925796249805, 54.703230033384457, 0.0 ], [ -111.570505500844007, 54.702931498736852, 0.0 ], [ -111.571002676851506, 54.703099007564219, 0.0 ], [ -111.571673216552696, 54.703324924078721, 0.0 ], [ -111.572256814626499, 54.703372263512648, 0.0 ], [ -111.572558913436296, 54.703330496732313, 0.0 ], [ -111.572654596700403, 54.703284788940458, 0.0 ], [ -111.573253030923794, 54.70299891502524, 0.0 ], [ -111.573697268388202, 54.702980400374919, 0.0 ], [ -111.574471023343804, 54.702948148412297, 0.0 ], [ -111.574990701008304, 54.702799404507367, 0.0 ], [ -111.575686148684198, 54.702600346934489, 0.0 ], [ -111.576236622773607, 54.702607191173172, 0.0 ], [ -111.577012203533798, 54.702616829461498, 0.0 ], [ -111.577787780298294, 54.702626461758001, 0.0 ], [ -111.578258890601504, 54.702680202964252, 0.0 ], [ -111.578168378157201, 54.7027277416353, 0.0 ], [ -111.5785135978401, 54.702948176461241, 0.0 ], [ -111.578550327900103, 54.703017209110783, 0.0 ], [ -111.578778774327603, 54.70344654227128, 0.0 ], [ -111.578683449877403, 54.703529368101627, 0.0 ], [ -111.5784801774588, 54.7036361316976, 0.0 ], [ -111.578387662105598, 54.704063679919763, 0.0 ], [ -111.578320846848698, 54.704521394895373, 0.0 ], [ -111.578281382302904, 54.70498969807813, 0.0 ], [ -111.578270919869396, 54.705449004631923, 0.0 ], [ -111.578291108915494, 54.705879736842917, 0.0 ], [ -111.578617410374804, 54.706066161152513, 0.0 ], [ -111.578627181822696, 54.706163590898491, 0.0 ], [ -111.5786476061607, 54.706367238088603, 0.0 ], [ -111.578621838920597, 54.706563766976082, 0.0 ], [ -111.578670283889593, 54.706593350255929, 0.0 ], [ -111.578672162734307, 54.706612091198558, 0.0 ], [ -111.578708620330403, 54.706658328789118, 0.0 ], [ -111.578978158259304, 54.70700013717962, 0.0 ], [ -111.578952577996702, 54.707247797153173, 0.0 ], [ -111.579639869741897, 54.707267212842922, 0.0 ], [ -111.580151834547806, 54.707587459346932, 0.0 ], [ -111.5806788899488, 54.707917140780843, 0.0 ], [ -111.580714747415996, 54.708025236451178, 0.0 ], [ -111.5808058809382, 54.708299958401227, 0.0 ], [ -111.580795405398007, 54.708424321632279, 0.0 ], [ -111.580857853463499, 54.708456633800587, 0.0 ], [ -111.580861103745804, 54.708466426630729, 0.0 ], [ -111.581084506444498, 54.708673376637748, 0.0 ], [ -111.581084901122793, 54.708787623393739, 0.0 ], [ -111.581086082982793, 54.709129410938637, 0.0 ], [ -111.580719820945703, 54.709321766258682, 0.0 ], [ -111.580895034424103, 54.709433621522017, 0.0 ], [ -111.5807246980537, 54.709608685863913, 0.0 ], [ -111.580675061551005, 54.709951473558142, 0.0 ], [ -111.580866920189607, 54.710110587698779, 0.0 ], [ -111.581311087688206, 54.710478947776629, 0.0 ], [ -111.581318719923104, 54.710510689860023, 0.0 ], [ -111.581425657286204, 54.710955657108173, 0.0 ], [ -111.581666727353195, 54.711204415833777, 0.0 ], [ -111.581663991045403, 54.711650511968962, 0.0 ], [ -111.581661237283299, 54.712099764208347, 0.0 ], [ -111.581658481700799, 54.712549016375483, 0.0 ], [ -111.5821225200757, 54.712841428389389, 0.0 ], [ -111.582243102737095, 54.71285237479205, 0.0 ], [ -111.582570186201593, 54.712882067901887, 0.0 ], [ -111.582719952049004, 54.712989033370278, 0.0 ], [ -111.583517564058099, 54.712999044635588, 0.0 ], [ -111.583843932726893, 54.713207361044439, 0.0 ], [ -111.583876233499794, 54.713310400324538, 0.0 ], [ -111.583825855734901, 54.713694920004727, 0.0 ], [ -111.584183773671697, 54.713899335168222, 0.0 ], [ -111.584190187729106, 54.713964362970387, 0.0 ], [ -111.5841991497892, 54.714055186935518, 0.0 ], [ -111.584156734675204, 54.71437893641604, 0.0 ], [ -111.5842505103397, 54.71443249224717, 0.0 ], [ -111.584516242181394, 54.714756753570988, 0.0 ], [ -111.584526155301006, 54.714768850904889, 0.0 ], [ -111.5844876274965, 54.71506295120664, 0.0 ], [ -111.584840217161101, 54.715264315461447, 0.0 ], [ -111.584878865470003, 54.71528638623689, 0.0 ], [ -111.5848669115517, 54.715721558226853, 0.0 ], [ -111.584777545670406, 54.716197383938393, 0.0 ], [ -111.584765591537007, 54.716632555888829, 0.0 ], [ -111.585134266236196, 54.716867845895003, 0.0 ], [ -111.584697105859306, 54.717061671593797, 0.0 ], [ -111.584287772869899, 54.717236873214553, 0.0 ], [ -111.584237024434898, 54.717258595083173, 0.0 ], [ -111.584235649334303, 54.717289223748587, 0.0 ], [ -111.583984002546998, 54.717541959927502, 0.0 ], [ -111.584216804512806, 54.717709350216268, 0.0 ], [ -111.584214859060907, 54.717752736774287, 0.0 ], [ -111.584436122019696, 54.717867043694042, 0.0 ], [ -111.584448420165302, 54.717875884354989, 0.0 ], [ -111.5849351043681, 54.718225814856083, 0.0 ], [ -111.584943007454598, 54.718259279753212, 0.0 ], [ -111.584997696308406, 54.71849088220857, 0.0 ], [ -111.584983233067305, 54.718662739522813, 0.0 ], [ -111.5849454741237, 54.719111462632391, 0.0 ], [ -111.585304087937899, 54.71929694367094, 0.0 ], [ -111.585307582043797, 54.719394798181533, 0.0 ], [ -111.585194884267494, 54.719838285814873, 0.0 ], [ -111.584869948455705, 54.720008908567209, 0.0 ], [ -111.5844634818868, 54.720222338483111, 0.0 ], [ -111.584455869898605, 54.720312776753843, 0.0 ], [ -111.584411885705805, 54.720360897759917, 0.0 ], [ -111.584048943001903, 54.720758000483791, 0.0 ], [ -111.584056672436802, 54.720836834244302, 0.0 ], [ -111.583954636961593, 54.720882668154097, 0.0 ], [ -111.584085133308093, 54.720954081730383, 0.0 ], [ -111.584296561702402, 54.721204365476581, 0.0 ], [ -111.584373187776194, 54.721295074600853, 0.0 ], [ -111.584350171972204, 54.721568506406193, 0.0 ], [ -111.584718889249501, 54.721803799955289, 0.0 ], [ -111.584901250212297, 54.721920171475318, 0.0 ], [ -111.584978438823498, 54.722011540130303, 0.0 ], [ -111.585047427320703, 54.72222352377328, 0.0 ], [ -111.584982094692506, 54.722523386524301, 0.0 ], [ -111.585014787343198, 54.722544249290863, 0.0 ], [ -111.585350822684205, 54.722758677351493, 0.0 ], [ -111.586193795194802, 54.722744958790322, 0.0 ], [ -111.585787305763503, 54.722958393635338, 0.0 ], [ -111.585749548155306, 54.723407116757471, 0.0 ], [ -111.585322562383098, 54.723607479921867, 0.0 ], [ -111.585305286230096, 54.724069272830789, 0.0 ], [ -111.584834173960303, 54.724280882626829, 0.0 ], [ -111.585267520196496, 54.724517995601147, 0.0 ], [ -111.585636267520201, 54.724753285773893, 0.0 ], [ -111.586005020585603, 54.724988575817719, 0.0 ], [ -111.585977964061499, 54.725016421396226, 0.0 ], [ -111.585579626006805, 54.725426370175327, 0.0 ], [ -111.585541861109306, 54.725875092972977, 0.0 ], [ -111.5859106235376, 54.726110383404077, 0.0 ], [ -111.5862793872829, 54.726345670882758, 0.0 ], [ -111.586648158320898, 54.726580958276131, 0.0 ], [ -111.587423454717097, 54.726602806149103, 0.0 ], [ -111.587792233260501, 54.726838090133228, 0.0 ], [ -111.588161015995695, 54.727073373944577, 0.0 ], [ -111.588507216776307, 54.72732051377033, 0.0 ], [ -111.589305113328393, 54.727330491779909, 0.0 ], [ -111.589673911013193, 54.727565770301368, 0.0 ], [ -111.590042711414895, 54.727801047708759, 0.0 ], [ -111.590004994060607, 54.728249772459037, 0.0 ], [ -111.590373800925704, 54.728485048907068, 0.0 ], [ -111.590742615159897, 54.728720324371928, 0.0 ], [ -111.591111430560503, 54.728955598678994, 0.0 ], [ -111.591073723479496, 54.729404322944909, 0.0 ], [ -111.591849077342303, 54.72942614327134, 0.0 ], [ -111.592184897043694, 54.729687258710094, 0.0 ], [ -111.5929892304151, 54.729731305832289, 0.0 ], [ -111.593797152590795, 54.729732611790482, 0.0 ], [ -111.594175146731601, 54.729491574582703, 0.0 ], [ -111.594950504760405, 54.729513375101362, 0.0 ], [ -111.595319352119901, 54.729748637013053, 0.0 ], [ -111.595688206773701, 54.72998389883859, 0.0 ], [ -111.596057064220403, 54.730219158652247, 0.0 ], [ -111.596425926010696, 54.730454416497622, 0.0 ], [ -111.596794791918796, 54.730689675067012, 0.0 ], [ -111.597163660695202, 54.730924930727021, 0.0 ], [ -111.597446463039702, 54.730932876539669, 0.0 ], [ -111.597497303460102, 54.730999038765148, 0.0 ], [ -111.597812736620199, 54.731409536158587, 0.0 ], [ -111.597863139507993, 54.731699589031997, 0.0 ], [ -111.597940808059903, 54.732146592030638, 0.0 ], [ -111.598141975560793, 54.732213878087961, 0.0 ], [ -111.598728874727996, 54.732410182682592, 0.0 ], [ -111.598937931376895, 54.73256700543341, 0.0 ], [ -111.599762132642795, 54.73256315862772, 0.0 ], [ -111.600380468913102, 54.732587841454723, 0.0 ], [ -111.600628754702598, 54.732673247029027, 0.0 ], [ -111.600859713832804, 54.732844719712674, 0.0 ], [ -111.601696119473104, 54.732834456280962, 0.0 ], [ -111.602034549442095, 54.733085709274363, 0.0 ], [ -111.6023914297011, 54.732898284025381, 0.0 ], [ -111.602441059382798, 54.732872220418813, 0.0 ], [ -111.603216488535693, 54.732893969876223, 0.0 ], [ -111.603585416436303, 54.733129206753453, 0.0 ], [ -111.6039543484559, 54.733364444354208, 0.0 ], [ -111.604323284819898, 54.733599679986092, 0.0 ], [ -111.604285715709494, 54.734048410019092, 0.0 ], [ -111.604654661644105, 54.734283644777101, 0.0 ], [ -111.605023610297295, 54.734518878420161, 0.0 ], [ -111.605264044625898, 54.734672172081197, 0.0 ], [ -111.605392563219993, 54.734754110991709, 0.0 ], [ -111.6057615204125, 54.73498934249173, 0.0 ], [ -111.606536992662598, 54.735011071276482, 0.0 ], [ -111.607162616573902, 54.73502859694382, 0.0 ], [ -111.607434021810803, 54.735116521196971, 0.0 ], [ -111.607442067354597, 54.735115417877367, 0.0 ], [ -111.607990589183601, 54.735040220306729, 0.0 ], [ -111.608046849634206, 54.735076094484398, 0.0 ], [ -111.608358817647897, 54.735275022017078, 0.0 ], [ -111.608880569008704, 54.735607709809663, 0.0 ], [ -111.60940233046, 54.735940395502723, 0.0 ], [ -111.609550744485603, 54.736152401799458, 0.0 ], [ -111.609526354685201, 54.736444133993267, 0.0 ], [ -111.610216429967096, 54.7364634466444, 0.0 ], [ -111.610301859367894, 54.736465838233407, 0.0 ], [ -111.610670859264999, 54.736701055296038, 0.0 ], [ -111.611039864983397, 54.736936271330187, 0.0 ], [ -111.611408876598205, 54.737171485438303, 0.0 ], [ -111.611777890857297, 54.737406699328552, 0.0 ], [ -111.611764930421998, 54.73756182762866, 0.0 ], [ -111.611740398772596, 54.73785543343876, 0.0 ], [ -111.612109421129603, 54.738090645513282, 0.0 ], [ -111.612407693152406, 54.738280759848287, 0.0 ], [ -111.612412586966201, 54.738327684902863, 0.0 ], [ -111.612299950850499, 54.738419615342899, 0.0 ], [ -111.612071934788304, 54.738539380710669, 0.0 ], [ -111.612034444383497, 54.738988114873017, 0.0 ], [ -111.6123611349566, 54.739245569388139, 0.0 ], [ -111.6123746962827, 54.739255125109338, 0.0 ], [ -111.612428818696003, 54.739498021726497, 0.0 ], [ -111.6127735555377, 54.739747026317232, 0.0 ], [ -111.613214063382898, 54.739837636824717, 0.0 ], [ -111.613727442848798, 54.739861879002312, 0.0 ], [ -111.614501347933796, 54.739898418238688, 0.0 ], [ -111.615275253066898, 54.739934952506651, 0.0 ], [ -111.615496440856305, 54.740007297410742, 0.0 ], [ -111.616172397025494, 54.740228378415743, 0.0 ], [ -111.616848360672194, 54.74044945574483, 0.0 ], [ -111.617309164282403, 54.740727149644478, 0.0 ], [ -111.617846941449301, 54.741051224152969, 0.0 ], [ -111.618355406543301, 54.741105779234751, 0.0 ], [ -111.619118894411201, 54.74118769193921, 0.0 ], [ -111.6195824322661, 54.741469815115501, 0.0 ], [ -111.620117434336294, 54.741795427184407, 0.0 ], [ -111.620557586149701, 54.741807683650727, 0.0 ], [ -111.621333203866001, 54.741829279227822, 0.0 ], [ -111.621522795378993, 54.741733271751677, 0.0 ], [ -111.6214859349531, 54.742175668528809, 0.0 ], [ -111.621855053273407, 54.742410853005282, 0.0 ], [ -111.622611429987501, 54.742476921324723, 0.0 ], [ -111.623434840612603, 54.742484883182549, 0.0 ], [ -111.623812804575806, 54.742240542239792, 0.0 ], [ -111.624219296746702, 54.742026979350008, 0.0 ], [ -111.624625782945202, 54.741813416782144, 0.0 ], [ -111.625063027028602, 54.741619449482798, 0.0 ], [ -111.625172564429803, 54.741559444621558, 0.0 ], [ -111.625461818126396, 54.741400984015442, 0.0 ], [ -111.625360738782902, 54.740864053823827, 0.0 ], [ -111.625792842580694, 54.7406668175853, 0.0 ], [ -111.626542805398302, 54.740672086839012, 0.0 ], [ -111.627395306032497, 54.740742678031339, 0.0 ], [ -111.628227300309007, 54.740800196607942, 0.0 ], [ -111.628615813273299, 54.74057518754617, 0.0 ], [ -111.6290222637586, 54.74036160790768, 0.0 ], [ -111.629428709823102, 54.740148028634678, 0.0 ], [ -111.630224808135395, 54.740182671020712, 0.0 ], [ -111.630610736187705, 54.739956022232739, 0.0 ], [ -111.631358072556594, 54.739959596541269, 0.0 ], [ -111.631856277931206, 54.739988175685063, 0.0 ], [ -111.631998846023706, 54.73993327247846, 0.0 ], [ -111.632774282385398, 54.739956600905373, 0.0 ], [ -111.633084597123698, 54.739965935137562, 0.0 ], [ -111.633343924712094, 54.739807123725093, 0.0 ], [ -111.634119511124993, 54.739828676493467, 0.0 ], [ -111.634895098493004, 54.739850225204968, 0.0 ], [ -111.635304612058803, 54.739599229108038, 0.0 ], [ -111.635670686965, 54.73987176806456, 0.0 ], [ -111.635953980424802, 54.740052207715152, 0.0 ], [ -111.636039868922296, 54.740106910240797, 0.0 ], [ -111.636815463134994, 54.740128446744073, 0.0 ], [ -111.637184654150005, 54.740363585547492, 0.0 ], [ -111.637553849511207, 54.740598722379978, 0.0 ], [ -111.637898104410596, 54.740817971399693, 0.0 ], [ -111.637891645187295, 54.74119370180172, 0.0 ], [ -111.637998439577899, 54.741406325525233, 0.0 ], [ -111.638463384575104, 54.741648184462221, 0.0 ], [ -111.638903084048096, 54.74166801321811, 0.0 ], [ -111.639677254014202, 54.741702921801391, 0.0 ], [ -111.640076954074999, 54.741658045271961, 0.0 ], [ -111.640423381886507, 54.741464747509241, 0.0 ], [ -111.640524111731693, 54.741408541810237, 0.0 ], [ -111.6406049917167, 54.741318959853153, 0.0 ], [ -111.640964516324601, 54.74092075405747, 0.0 ], [ -111.641019667100096, 54.740704852458776, 0.0 ], [ -111.6411331897352, 54.740260416982963, 0.0 ], [ -111.641213610542394, 54.740181120046728, 0.0 ], [ -111.641606579360598, 54.739793638688838, 0.0 ], [ -111.642076968610496, 54.73973758117274, 0.0 ], [ -111.642259956503807, 54.73974389933894, 0.0 ], [ -111.643035058991003, 54.739770654692727, 0.0 ], [ -111.643810164182099, 54.739797406041497, 0.0 ], [ -111.6441696899346, 54.739902012210223, 0.0 ], [ -111.644863405349199, 54.740103845736627, 0.0 ], [ -111.644945535538497, 54.740151781870502, 0.0 ], [ -111.645492193098406, 54.740470846349488, 0.0 ], [ -111.646050826492697, 54.740631570937751, 0.0 ], [ -111.646746111185195, 54.740831606205887, 0.0 ], [ -111.647207277356202, 54.741111976577898, 0.0 ], [ -111.647742592766406, 54.741437420890882, 0.0 ], [ -111.648184923150495, 54.741450505154312, 0.0 ], [ -111.648338504058998, 54.741410528791967, 0.0 ], [ -111.649046647695002, 54.741226196802153, 0.0 ], [ -111.649560749941301, 54.740979090073409, 0.0 ], [ -111.650041088220107, 54.740748209227249, 0.0 ], [ -111.650314984698397, 54.740887899687692, 0.0 ], [ -111.650387998187398, 54.740979027451097, 0.0 ], [ -111.650314390830303, 54.741402021207193, 0.0 ], [ -111.651477838395905, 54.741434185475207, 0.0 ], [ -111.651816651991894, 54.741685305190728, 0.0 ], [ -111.652653240164497, 54.741674690394113, 0.0 ], [ -111.652992061497898, 54.741925807796569, 0.0 ], [ -111.653164114848707, 54.74203533219233, 0.0 ], [ -111.653283303649602, 54.742171358467978, 0.0 ], [ -111.653300574311601, 54.742620510715838, 0.0 ], [ -111.653317843451902, 54.743069664690871, 0.0 ], [ -111.6536314695703, 54.743435196097948, 0.0 ], [ -111.654162375982807, 54.743615440743433, 0.0 ], [ -111.654395246452594, 54.743763672047827, 0.0 ], [ -111.655134528848706, 54.743819068065619, 0.0 ], [ -111.655932916044407, 54.743856103044401, 0.0 ], [ -111.656744442087003, 54.74387350370651, 0.0 ], [ -111.657523137092994, 54.743870004167412, 0.0 ], [ -111.657592337295796, 54.743827454929743, 0.0 ], [ -111.657904303286102, 54.743635641810073, 0.0 ], [ -111.658310634791107, 54.743421963195011, 0.0 ], [ -111.658716962097301, 54.743208282254301, 0.0 ], [ -111.659086310163005, 54.743443356337373, 0.0 ], [ -111.659298053278604, 54.743578121858349, 0.0 ], [ -111.659510671341806, 54.743475464909757, 0.0 ], [ -111.660106870329102, 54.743187597166148, 0.0 ], [ -111.660245488843302, 54.743190534487411, 0.0 ], [ -111.661021521420906, 54.743206975796333, 0.0 ], [ -111.661201450838902, 54.743210787058082, 0.0 ], [ -111.661450291445703, 54.743058752110628, 0.0 ], [ -111.662225960660095, 54.743080126830577, 0.0 ], [ -111.662632265924003, 54.742866432459557, 0.0 ], [ -111.663001634072302, 54.743101495783137, 0.0 ], [ -111.663371006641299, 54.743336556236741, 0.0 ], [ -111.663740381784095, 54.743571617367657, 0.0 ], [ -111.664109762825206, 54.743806676568781, 0.0 ], [ -111.664479149764503, 54.744041733840042, 0.0 ], [ -111.664848539277997, 54.744276791788529, 0.0 ], [ -111.665257917324794, 54.744025693559543, 0.0 ], [ -111.665624236076894, 54.74429814423614, 0.0 ], [ -111.666030534742006, 54.744084439280073, 0.0 ], [ -111.666791932747302, 54.744105390777392, 0.0 ], [ -111.666793556157799, 54.744084035195819, 0.0 ], [ -111.666827650856902, 54.743635202839911, 0.0 ], [ -111.666861746149195, 54.743186370478938, 0.0 ], [ -111.666895837454305, 54.742737537087301, 0.0 ], [ -111.666855193662002, 54.742674683732339, 0.0 ], [ -111.666583098549395, 54.742253901357273, 0.0 ], [ -111.666595246636305, 54.742127006215213, 0.0 ], [ -111.666524842294507, 54.742090924772228, 0.0 ], [ -111.6665644983307, 54.741608508743667, 0.0 ], [ -111.666648266004103, 54.741573182021547, 0.0 ], [ -111.666659301272503, 54.74145792698905, 0.0 ], [ -111.666827861210905, 54.741361707609947, 0.0 ], [ -111.667380620698793, 54.74104617125267, 0.0 ], [ -111.667933371513399, 54.740730633138902, 0.0 ], [ -111.668339225156799, 54.740583534683367, 0.0 ], [ -111.668660064845795, 54.740467247205572, 0.0 ], [ -111.668689443532202, 54.740109619475788, 0.0 ], [ -111.668726307720902, 54.739660859285699, 0.0 ], [ -111.669150707788205, 54.739461308318837, 0.0 ], [ -111.669153617644099, 54.739444544296092, 0.0 ], [ -111.669169399837401, 54.738998382443008, 0.0 ], [ -111.669575627688602, 54.738784663601088, 0.0 ], [ -111.669206258757896, 54.738549621993897, 0.0 ], [ -111.668772263157294, 54.738312800205421, 0.0 ], [ -111.669227551184804, 54.738107867372747, 0.0 ], [ -111.669246243622894, 54.738012358196833, 0.0 ], [ -111.669259450253094, 54.737639043721117, 0.0 ], [ -111.669473207481801, 54.73753852783058, 0.0 ], [ -111.669659343693198, 54.73734429923023, 0.0 ], [ -111.669699891070096, 54.73704252182371, 0.0 ], [ -111.669740871241103, 54.736737490941522, 0.0 ], [ -111.669736427916803, 54.736525937250263, 0.0 ], [ -111.669796727862803, 54.736092099587708, 0.0 ], [ -111.670202921132599, 54.735878378966312, 0.0 ], [ -111.670609110131295, 54.735664656917777, 0.0 ], [ -111.670900757696998, 54.735511200187169, 0.0 ], [ -111.671124999323098, 54.735205602091447, 0.0 ], [ -111.671423097153095, 54.735052282746842, 0.0 ], [ -111.671444485716805, 54.735041282505229, 0.0 ], [ -111.672003396495597, 54.734753815671461, 0.0 ], [ -111.672052297479794, 54.734755218540961, 0.0 ], [ -111.672827740532199, 54.734777467539587, 0.0 ], [ -111.673056579802207, 54.7348530423182, 0.0 ], [ -111.673730889775896, 54.735075732522617, 0.0 ], [ -111.6744052074785, 54.735298416375393, 0.0 ], [ -111.674488241811503, 54.735346129371287, 0.0 ], [ -111.675039173528404, 54.735662691007278, 0.0 ], [ -111.675403619410403, 54.735695648624372, 0.0 ], [ -111.676170722894696, 54.735765013534028, 0.0 ], [ -111.676577562937794, 54.73592664956962, 0.0 ], [ -111.676632469349201, 54.735934102857577, 0.0 ], [ -111.677388360274705, 54.736036726974731, 0.0 ], [ -111.677720727893004, 54.736183875614671, 0.0 ], [ -111.677774275350799, 54.736191224539247, 0.0 ], [ -111.678529746613805, 54.736294886873743, 0.0 ], [ -111.678932470303707, 54.736458688555047, 0.0 ], [ -111.679570700977493, 54.736480167887812, 0.0 ], [ -111.680345821905902, 54.736506249892223, 0.0 ], [ -111.681120942482096, 54.736532326907771, 0.0 ], [ -111.681896064256904, 54.736558398977053, 0.0 ], [ -111.682671187230198, 54.736584466099963, 0.0 ], [ -111.683241704687106, 54.736659946819408, 0.0 ], [ -111.683526929202301, 54.736837898444342, 0.0 ], [ -111.6840549141466, 54.737167303336491, 0.0 ], [ -111.684582909056701, 54.737496707867109, 0.0 ], [ -111.685110910977102, 54.737826110156121, 0.0 ], [ -111.685530122144201, 54.738201844581262, 0.0 ], [ -111.685418599087996, 54.738624586400853, 0.0 ], [ -111.685377750013998, 54.738647183341598, 0.0 ], [ -111.684816496821, 54.738957644878283, 0.0 ], [ -111.684574484854906, 54.739277031304283, 0.0 ], [ -111.684491077548003, 54.739324522960892, 0.0 ], [ -111.683937630931396, 54.739639645218013, 0.0 ], [ -111.683912222912795, 54.739771055729037, 0.0 ], [ -111.683825889896198, 54.740217540232848, 0.0 ], [ -111.684123102314601, 54.740582911439873, 0.0 ], [ -111.684128148555203, 54.74058911608325, 0.0 ], [ -111.6842090268308, 54.741035847138143, 0.0 ], [ -111.684559369263596, 54.741280918179037, 0.0 ], [ -111.684764353854604, 54.741347850750692, 0.0 ], [ -111.685440610014197, 54.741568667980552, 0.0 ], [ -111.685537145046595, 54.741582577765683, 0.0 ], [ -111.685567931235198, 54.741587012837819, 0.0 ], [ -111.686321444982298, 54.741695582606091, 0.0 ], [ -111.686335513333404, 54.741704423118179, 0.0 ], [ -111.686571242720504, 54.741852548727202, 0.0 ], [ -111.687097228794897, 54.742183059958847, 0.0 ], [ -111.687623223500296, 54.742513568111121, 0.0 ], [ -111.688193812972202, 54.742589037826782, 0.0 ], [ -111.688575256712397, 54.742599614246387, 0.0 ], [ -111.688690999313593, 54.742681967271153, 0.0 ], [ -111.689451718201298, 54.742711043509082, 0.0 ], [ -111.690293484656095, 54.742697456494078, 0.0 ], [ -111.6910781505361, 54.742713919285798, 0.0 ], [ -111.691432719846304, 54.742956775044817, 0.0 ], [ -111.691709672334696, 54.743177654594589, 0.0 ], [ -111.691750014084107, 54.743302752511823, 0.0 ], [ -111.691720516313893, 54.743664276512078, 0.0 ], [ -111.692060005839593, 54.743905798214428, 0.0 ], [ -111.692067500717499, 54.743911130242061, 0.0 ], [ -111.692053453800796, 54.744348022250662, 0.0 ], [ -111.692719095454805, 54.744441990957448, 0.0 ], [ -111.693516036456302, 54.744479569927407, 0.0 ], [ -111.694362196108003, 54.744478506568939, 0.0 ], [ -111.695175509999203, 54.744456551734089, 0.0 ], [ -111.695562486463203, 54.744218900294882, 0.0 ], [ -111.696338206289596, 54.744240056285093, 0.0 ], [ -111.696744345022495, 54.744026246973363, 0.0 ], [ -111.697150482657705, 54.743812435422562, 0.0 ], [ -111.697520063642898, 54.744047395397118, 0.0 ], [ -111.697889647350394, 54.744282354252597, 0.0 ], [ -111.697853099283506, 54.744731127346178, 0.0 ], [ -111.698222694136405, 54.744966085358989, 0.0 ], [ -111.698592291784905, 54.74520104135506, 0.0 ], [ -111.698961892009805, 54.745435998026963, 0.0 ], [ -111.699331499684902, 54.745670952808908, 0.0 ], [ -111.699701110155701, 54.745905905574027, 0.0 ], [ -111.699714776878594, 54.74591459409757, 0.0 ], [ -111.699779016451402, 54.74587822251732, 0.0 ], [ -111.700364629098999, 54.7458365850704, 0.0 ], [ -111.700955645788099, 54.745853324420807, 0.0 ], [ -111.701731332212404, 54.745875292725643, 0.0 ], [ -111.702507018272797, 54.745897254238074, 0.0 ], [ -111.703282705374505, 54.745919210795421, 0.0 ], [ -111.7040583935173, 54.745941162397649, 0.0 ], [ -111.704834082555095, 54.745963110839867, 0.0 ], [ -111.705339907538701, 54.746019312145393, 0.0 ], [ -111.705454153822402, 54.746057458584538, 0.0 ], [ -111.7059042502285, 54.746207738421809, 0.0 ], [ -111.706109248932606, 54.746210140338633, 0.0 ], [ -111.706885711143499, 54.74621923230638, 0.0 ], [ -111.707662175528696, 54.74622831844713, 0.0 ], [ -111.707842927370606, 54.74613468887074, 0.0 ], [ -111.708193914920798, 54.745952875945733, 0.0 ], [ -111.708772479207198, 54.745653173552661, 0.0 ], [ -111.709351033483898, 54.745353467328542, 0.0 ], [ -111.709370207758695, 54.745278989398841, 0.0 ], [ -111.709484616767199, 54.744834620471941, 0.0 ], [ -111.709505825583804, 54.744752252189727, 0.0 ], [ -111.709599026323801, 54.744390249664782, 0.0 ], [ -111.709724173353393, 54.744260118891177, 0.0 ], [ -111.710101729203203, 54.743867517347681, 0.0 ], [ -111.710455367978895, 54.743499781496432, 0.0 ], [ -111.710479280738397, 54.743474914591317, 0.0 ], [ -111.710830212564204, 54.743285010607487, 0.0 ], [ -111.711113689798793, 54.743212916141687, 0.0 ], [ -111.711486295929802, 54.743118155102501, 0.0 ], [ -111.711667970680494, 54.743071949711201, 0.0 ], [ -111.711824596195399, 54.743032115624388, 0.0 ], [ -111.712265850913298, 54.743012755988651, 0.0 ], [ -111.712532401760697, 54.743001060494713, 0.0 ], [ -111.713040190586597, 54.742978778240627, 0.0 ], [ -111.713124276115593, 54.742957291210963, 0.0 ], [ -111.713367783673306, 54.742895067943103, 0.0 ], [ -111.713834632793393, 54.742775772407107, 0.0 ], [ -111.714110534724995, 54.742631479461522, 0.0 ], [ -111.714686599175494, 54.742330198787123, 0.0 ], [ -111.715262655158895, 54.742028914347443, 0.0 ], [ -111.715361707187, 54.742024316451172, 0.0 ], [ -111.716135762975597, 54.741988384685982, 0.0 ], [ -111.716169232400802, 54.741991175542793, 0.0 ], [ -111.716937831569496, 54.742055288843019, 0.0 ], [ -111.717083090084401, 54.74210279681656, 0.0 ], [ -111.717759099293602, 54.742323891014948, 0.0 ], [ -111.717795971415001, 54.742345136667041, 0.0 ], [ -111.7181488385433, 54.742548451084602, 0.0 ], [ -111.718359134453394, 54.74268962454299, 0.0 ], [ -111.7188701966693, 54.743035784888171, 0.0 ], [ -111.718969943950597, 54.743177843700451, 0.0 ], [ -111.718943464204202, 54.74350507714405, 0.0 ], [ -111.719313172970004, 54.743739972350959, 0.0 ], [ -111.719406120993696, 54.743799026704977, 0.0 ], [ -111.719682884530997, 54.743974865540267, 0.0 ], [ -111.720052598669398, 54.744209759404697, 0.0 ], [ -111.720422320330101, 54.744444650479963, 0.0 ], [ -111.720792044640902, 54.744679541332673, 0.0 ], [ -111.721161773153497, 54.744914432004848, 0.0 ], [ -111.721531506012994, 54.745149320701287, 0.0 ], [ -111.7216827698293, 54.745262199641438, 0.0 ], [ -111.721869017985, 54.745401183976931, 0.0 ], [ -111.722677005762193, 54.745405196143331, 0.0 ], [ -111.723484992364902, 54.745409202881262, 0.0 ], [ -111.723822520413407, 54.74566106004297, 0.0 ], [ -111.724594662766094, 54.745726915008262, 0.0 ], [ -111.725374060209504, 54.745703006297212, 0.0 ], [ -111.725780064771598, 54.745489096932637, 0.0 ], [ -111.725873008568897, 54.745440129549593, 0.0 ], [ -111.725988135425297, 54.745454370656972, 0.0 ], [ -111.726550805007705, 54.745641319353901, 0.0 ], [ -111.726727896535294, 54.745646795816917, 0.0 ], [ -111.727503407142905, 54.745670771808733, 0.0 ], [ -111.728278918939395, 54.745694741951141, 0.0 ], [ -111.729054431779701, 54.745718708039242, 0.0 ], [ -111.729531834570096, 54.745789440396628, 0.0 ], [ -111.729637695281298, 54.745856938138722, 0.0 ], [ -111.729622715825499, 54.746042650803133, 0.0 ], [ -111.729942497435403, 54.746051281523847, 0.0 ], [ -111.730287030281303, 54.746270954843162, 0.0 ], [ -111.730746871192594, 54.746564142957858, 0.0 ], [ -111.730732107467304, 54.746747238476097, 0.0 ], [ -111.7311019132311, 54.746982098876323, 0.0 ], [ -111.731471723270005, 54.747216958197782, 0.0 ], [ -111.731523455597596, 54.747249812112528, 0.0 ], [ -111.731555269926801, 54.74730155308481, 0.0 ], [ -111.731770807933898, 54.747439712356162, 0.0 ], [ -111.732291154011705, 54.74777324384317, 0.0 ], [ -111.732404953544204, 54.747809617183528, 0.0 ], [ -111.732581179037894, 54.747921529689307, 0.0 ], [ -111.7329510061778, 54.748156384695442, 0.0 ], [ -111.733726830339407, 54.748177302547532, 0.0 ], [ -111.734074111281501, 54.748424039706983, 0.0 ], [ -111.734872496466807, 54.748433064757798, 0.0 ], [ -111.7352423417084, 54.748667912994208, 0.0 ], [ -111.735612191225499, 54.748902760151537, 0.0 ], [ -111.735934986135902, 54.749107724516527, 0.0 ], [ -111.735944697856496, 54.749289004189343, 0.0 ], [ -111.735968756171701, 54.749738065418228, 0.0 ], [ -111.736066080080107, 54.749895162056148, 0.0 ], [ -111.736290921822899, 54.749962963244663, 0.0 ], [ -111.736357222898107, 54.749964219362987, 0.0 ], [ -111.736440400554898, 54.74996579420263, 0.0 ], [ -111.737216687389207, 54.749980496718727, 0.0 ], [ -111.737992971954796, 54.749995193287468, 0.0 ], [ -111.738769261937804, 54.750009885015331, 0.0 ], [ -111.739545549507199, 54.750024572590952, 0.0 ], [ -111.739974290191796, 54.749884022957573, 0.0 ], [ -111.740098330478801, 54.749872448970727, 0.0 ], [ -111.740865120336395, 54.749800902260027, 0.0 ], [ -111.741313191164494, 54.749568922996382, 0.0 ], [ -111.741891922861299, 54.749269288998718, 0.0 ], [ -111.742195104792998, 54.749226635423227, 0.0 ], [ -111.742198481739294, 54.749226159523587, 0.0 ], [ -111.7422412173878, 54.749227867216938, 0.0 ], [ -111.743016059887097, 54.749258831027348, 0.0 ], [ -111.743573688757493, 54.749456553614252, 0.0 ], [ -111.744296885377196, 54.74950919834442, 0.0 ], [ -111.745024566937403, 54.749496262490368, 0.0 ], [ -111.745694169995005, 54.749325589722091, 0.0 ], [ -111.745743892990504, 54.749327042185683, 0.0 ], [ -111.746519597618899, 54.749349692365158, 0.0 ], [ -111.747295303240406, 54.749372338487433, 0.0 ], [ -111.747534025944304, 54.749462360436077, 0.0 ], [ -111.747758498591494, 54.749799269279968, 0.0 ], [ -111.748037818289703, 54.750218488967398, 0.0 ], [ -111.748503978658704, 54.75051321419955, 0.0 ], [ -111.7490178307131, 54.750838085562528, 0.0 ], [ -111.749028280138305, 54.750844690478992, 0.0 ], [ -111.749552591654293, 54.7511761655283, 0.0 ], [ -111.750076910319294, 54.751507636571311, 0.0 ], [ -111.750109191970907, 54.75153774141004, 0.0 ], [ -111.750518607572801, 54.751919541116493, 0.0 ], [ -111.750710229819305, 54.751924575688463, 0.0 ], [ -111.751486171902002, 54.751944959883403, 0.0 ], [ -111.752262115035194, 54.751965338221929, 0.0 ], [ -111.753038062250198, 54.751985711684817, 0.0 ], [ -111.753456996400104, 54.751956816168523, 0.0 ], [ -111.753795075370604, 54.751866055382877, 0.0 ], [ -111.754044502616296, 54.751799093017979, 0.0 ], [ -111.754803596777094, 54.751816167516502, 0.0 ], [ -111.755579753813805, 54.751833619477758, 0.0 ], [ -111.756355909949704, 54.751851069127241, 0.0 ], [ -111.756461899927402, 54.751713904257507, 0.0 ], [ -111.756917707218093, 54.751459456860069, 0.0 ], [ -111.757476599712703, 54.751147455551809, 0.0 ], [ -111.7577861878802, 54.750786462974673, 0.0 ], [ -111.758131348514794, 54.750383982109739, 0.0 ], [ -111.758235454901794, 54.750328664881089, 0.0 ], [ -111.758807460473093, 54.750024728257429, 0.0 ], [ -111.759379456004396, 54.749720787866913, 0.0 ], [ -111.759951444384001, 54.749416846485403, 0.0 ], [ -111.760238881282703, 54.749096301640719, 0.0 ], [ -111.760468607925503, 54.749037660769773, 0.0 ], [ -111.760834155908498, 54.748686931907478, 0.0 ], [ -111.760991291599197, 54.748249374367553, 0.0 ], [ -111.761259952970406, 54.748001191791339, 0.0 ], [ -111.761672152086007, 54.747620408844448, 0.0 ], [ -111.761703736513596, 54.747546569554643, 0.0 ], [ -111.761890283284501, 54.747110442022063, 0.0 ], [ -111.762182804167495, 54.746960808760477, 0.0 ], [ -111.762764608603206, 54.746663191566952, 0.0 ], [ -111.762830295250595, 54.746661795630047, 0.0 ], [ -111.763606417378099, 54.746645310705311, 0.0 ], [ -111.764382539143796, 54.74662881990271, 0.0 ], [ -111.764533937523098, 54.746590397667212, 0.0 ], [ -111.764962356802698, 54.746481671933083, 0.0 ], [ -111.764975484784699, 54.746317134473799, 0.0 ], [ -111.7653812935704, 54.746103088874932, 0.0 ], [ -111.765787098009, 54.745889042750953, 0.0 ], [ -111.766164283230594, 54.745726444853616, 0.0 ], [ -111.766216075988098, 54.745423898136913, 0.0 ], [ -111.766271359086701, 54.745100951738927, 0.0 ], [ -111.766282380602902, 54.74455298698323, 0.0 ], [ -111.766688164565906, 54.744338937524823, 0.0 ], [ -111.767093944325595, 54.744124885746231, 0.0 ], [ -111.7674997196671, 54.743910834340312, 0.0 ], [ -111.767905490805305, 54.743696780614307, 0.0 ], [ -111.768311257668699, 54.743482725465853, 0.0 ], [ -111.768717020328793, 54.743268667997349, 0.0 ], [ -111.769122778571102, 54.743054610901652, 0.0 ], [ -111.769528532610295, 54.742840551485983, 0.0 ], [ -111.769934282374805, 54.742626490647993, 0.0 ], [ -111.770340026313306, 54.742412428346313, 0.0 ], [ -111.7703922741334, 54.742413821155651, 0.0 ], [ -111.771016876622497, 54.742366945122619, 0.0 ], [ -111.771786987934306, 54.742309144357009, 0.0 ], [ -111.772066936627496, 54.742165885056707, 0.0 ], [ -111.772648604719294, 54.741868220241187, 0.0 ], [ -111.773230262744605, 54.741570552465738, 0.0 ], [ -111.773811913806597, 54.741272881813131, 0.0 ], [ -111.774393554731105, 54.740975209098337, 0.0 ], [ -111.774975188763804, 54.740677532608913, 0.0 ], [ -111.775111673314896, 54.740680411084362, 0.0 ], [ -111.775887691700603, 54.74069677479104, 0.0 ], [ -111.776663712461001, 54.740713133576513, 0.0 ], [ -111.777439732350402, 54.740729489153459, 0.0 ], [ -111.777610027857193, 54.740783332974637, 0.0 ], [ -111.778079309923498, 54.74093171021854, 0.0 ], [ -111.778819377940593, 54.741030788009532, 0.0 ], [ -111.779148573182297, 54.741178173486396, 0.0 ], [ -111.779652434652903, 54.741174325959449, 0.0 ], [ -111.779725420214604, 54.741135494601863, 0.0 ], [ -111.780297013381102, 54.740831375257919, 0.0 ], [ -111.780874598094698, 54.740520528540408, 0.0 ], [ -111.781230670652107, 54.740121262789749, 0.0 ], [ -111.781586734604005, 54.739721994938357, 0.0 ], [ -111.781942792839899, 54.739322727761653, 0.0 ], [ -111.782346598579096, 54.739107453232279, 0.0 ], [ -111.782984802629898, 54.738981721226779, 0.0 ], [ -111.783453421218695, 54.738630992854247, 0.0 ], [ -111.783225940460596, 54.73856466115452, 0.0 ], [ -111.783176365914699, 54.738456845089338, 0.0 ], [ -111.783475675466306, 54.738379963685937, 0.0 ], [ -111.783883733437307, 54.738275149451518, 0.0 ], [ -111.784659407844799, 54.73829573902767, 0.0 ], [ -111.785065033258107, 54.738081626618339, 0.0 ], [ -111.785470652917496, 54.737867511848869, 0.0 ], [ -111.785855712912905, 54.737640357864677, 0.0 ], [ -111.7866519339712, 54.737673971477747, 0.0 ], [ -111.787029788742899, 54.73744225021769, 0.0 ], [ -111.787860959999406, 54.737498023029758, 0.0 ], [ -111.788238806405204, 54.737266296982227, 0.0 ], [ -111.788644403028698, 54.737052170375797, 0.0 ], [ -111.789049995236695, 54.736838044143568, 0.0 ], [ -111.789825646189797, 54.736858599418703, 0.0 ], [ -111.790246650235204, 54.736654247886207, 0.0 ], [ -111.790652230205595, 54.736440115215572, 0.0 ], [ -111.790842744793196, 54.736330778466296, 0.0 ], [ -111.791042385968595, 54.736216202457719, 0.0 ], [ -111.791447957372, 54.736002066996392, 0.0 ], [ -111.791450932336701, 54.736000126386443, 0.0 ], [ -111.791470120615401, 54.735944343166757, 0.0 ], [ -111.791621675362293, 54.735503699747127, 0.0 ], [ -111.791833945022304, 54.735392721287333, 0.0 ], [ -111.792410051755795, 54.735091516894933, 0.0 ], [ -111.792986151646502, 54.734790307882783, 0.0 ], [ -111.793562241308294, 54.734489097759308, 0.0 ], [ -111.794182292372, 54.734334372450832, 0.0 ], [ -111.794065750231297, 54.73404744492683, 0.0 ], [ -111.793888106584802, 54.733610076962947, 0.0 ], [ -111.793819402094002, 54.733520358385213, 0.0 ], [ -111.793504855577496, 54.73310959617568, 0.0 ], [ -111.793214800828594, 54.732919097075353, 0.0 ], [ -111.792701538510897, 54.732581995169909, 0.0 ], [ -111.7921882846275, 54.73224489208436, 0.0 ], [ -111.792187630846996, 54.732029476808663, 0.0 ], [ -111.792447819142396, 54.73175278286125, 0.0 ], [ -111.792157693975, 54.731390133279838, 0.0 ], [ -111.791831525123797, 54.730982421679244, 0.0 ], [ -111.792077325264202, 54.730934006101357, 0.0 ], [ -111.792558029113493, 54.730695429544276, 0.0 ], [ -111.792633772658107, 54.730657837658292, 0.0 ], [ -111.793147336760597, 54.730402945523359, 0.0 ], [ -111.793689280904303, 54.730302729571058, 0.0 ], [ -111.793722840788703, 54.730296522511168, 0.0 ], [ -111.794118051319401, 54.730090170607212, 0.0 ], [ -111.794694062909699, 54.729789409015289, 0.0 ], [ -111.795438272975105, 54.729766136586143, 0.0 ], [ -111.796121144719706, 54.729823984169947, 0.0 ], [ -111.796302019593895, 54.729889728708898, 0.0 ], [ -111.796580291915802, 54.730066195046213, 0.0 ], [ -111.796950338544903, 54.730300857975017, 0.0 ], [ -111.7977258704951, 54.730321362882997, 0.0 ], [ -111.798501403495393, 54.730341861938527, 0.0 ], [ -111.798713864555594, 54.730213956328598, 0.0 ], [ -111.798882655483496, 54.730112341292212, 0.0 ], [ -111.799010041701905, 54.73011530274438, 0.0 ], [ -111.799654147309596, 54.73013027145182, 0.0 ], [ -111.800457937933899, 54.730168677988047, 0.0 ], [ -111.801261730359499, 54.730207078312937, 0.0 ], [ -111.802033227042898, 54.730224995194177, 0.0 ], [ -111.802414456883696, 54.729995462211818, 0.0 ], [ -111.802784537329899, 54.730230107756753, 0.0 ], [ -111.803154622118797, 54.730464751322117, 0.0 ], [ -111.803503977811502, 54.730473971377513, 0.0 ], [ -111.803854971028898, 54.730761214106181, 0.0 ], [ -111.803830387060501, 54.731188725154723, 0.0 ], [ -111.803804564891706, 54.731637763829383, 0.0 ], [ -111.803778741885196, 54.732086803360339, 0.0 ], [ -111.803769493235507, 54.732247635181373, 0.0 ], [ -111.803763971021198, 54.732293577583363, 0.0 ], [ -111.803766760546594, 54.732295143468662, 0.0 ], [ -111.803752918182198, 54.732535841952298, 0.0 ], [ -111.803830809131099, 54.732817662106847, 0.0 ], [ -111.803876604404095, 54.732846075989947, 0.0 ], [ -111.804406161214999, 54.733174632335547, 0.0 ], [ -111.804935724826905, 54.733503189116128, 0.0 ], [ -111.804966169714007, 54.733498195660111, 0.0 ], [ -111.805233840522902, 54.733667882437082, 0.0 ], [ -111.805561949484499, 54.73385119413831, 0.0 ], [ -111.805544888432095, 54.7341584325005, 0.0 ], [ -111.805522122430901, 54.734568409683177, 0.0 ], [ -111.805519952784294, 54.734607488243107, 0.0 ], [ -111.805495016389003, 54.735056543945049, 0.0 ], [ -111.805645215663006, 54.735353813222893, 0.0 ], [ -111.806126572228607, 54.735476423685519, 0.0 ], [ -111.806215380769103, 54.73552644969871, 0.0 ], [ -111.806793432446995, 54.735841512353907, 0.0 ], [ -111.806815963820597, 54.735843245922773, 0.0 ], [ -111.807228922581302, 54.735875016705997, 0.0 ], [ -111.807384032920197, 54.735973335973263, 0.0 ], [ -111.807526781827605, 54.73589793225581, 0.0 ], [ -111.807789517648601, 54.735759145528199, 0.0 ], [ -111.808194998174201, 54.73554495276548, 0.0 ], [ -111.808697224796305, 54.735538828360347, 0.0 ], [ -111.808924368071402, 54.735536057775832, 0.0 ], [ -111.809705151550503, 54.735559745915957, 0.0 ], [ -111.810506500144399, 54.735596462784748, 0.0 ], [ -111.811297568321294, 54.735626656666128, 0.0 ], [ -111.811667749830704, 54.735861275298802, 0.0 ], [ -111.811795324693094, 54.73594213148067, 0.0 ], [ -111.811798381605797, 54.735946789513648, 0.0 ], [ -111.812022777155704, 54.736288782378097, 0.0 ], [ -111.812002661714203, 54.736544719120722, 0.0 ], [ -111.812701928587103, 54.73662036031601, 0.0 ], [ -111.813499539046404, 54.736656787795553, 0.0 ], [ -111.814329868264096, 54.736663179584873, 0.0 ], [ -111.815127289014896, 54.736648710846353, 0.0 ], [ -111.815295426700104, 54.736544973655647, 0.0 ], [ -111.815510769895099, 54.736412108940968, 0.0 ], [ -111.816286434215996, 54.736432495803903, 0.0 ], [ -111.8163309105596, 54.736446857656503, 0.0 ], [ -111.817044486410595, 54.736677290935823, 0.0 ], [ -111.817375415250893, 54.736886990975037, 0.0 ], [ -111.817371050730898, 54.737315893746043, 0.0 ], [ -111.817369267293103, 54.73749107562211, 0.0 ], [ -111.817344277900801, 54.737809545968133, 0.0 ], [ -111.817449141943598, 54.737866745032711, 0.0 ], [ -111.817641975141299, 54.738103676514527, 0.0 ], [ -111.817665815330798, 54.738315159881829, 0.0 ], [ -111.817673678164198, 54.738384907941629, 0.0 ], [ -111.817648891436704, 54.738509041378236, 0.0 ], [ -111.817690212102704, 54.738531579039957, 0.0 ], [ -111.817716354605096, 54.738763496610829, 0.0 ], [ -111.817831817478606, 54.738848658617989, 0.0 ], [ -111.818311092648798, 54.739202157314857, 0.0 ], [ -111.818331095134496, 54.739275157401693, 0.0 ], [ -111.8184526831716, 54.739718905580368, 0.0 ], [ -111.818847949565907, 54.739977274381019, 0.0 ], [ -111.819104351997197, 54.740144871019332, 0.0 ], [ -111.819089908471994, 54.740329025729793, 0.0 ], [ -111.819460179325901, 54.740563622487969, 0.0 ], [ -111.819591879232405, 54.740638288976889, 0.0 ], [ -111.819632890229798, 54.74069635805126, 0.0 ], [ -111.819829392857997, 54.740974590867083, 0.0 ], [ -111.819795259164096, 54.741247045647029, 0.0 ], [ -111.820165542286006, 54.741481641280203, 0.0 ], [ -111.820205291770606, 54.741506823593838, 0.0 ], [ -111.820535829823697, 54.74171623403479, 0.0 ], [ -111.820906121495995, 54.741950827501363, 0.0 ], [ -111.821276417584201, 54.742185418089257, 0.0 ], [ -111.821241236475501, 54.742634246099719, 0.0 ], [ -111.820835750798196, 54.742848482288402, 0.0 ], [ -111.820430260845399, 54.743062717057398, 0.0 ], [ -111.820024766546695, 54.743276951304352, 0.0 ], [ -111.8196192680427, 54.7434911832339, 0.0 ], [ -111.819213765333501, 54.743705412846019, 0.0 ], [ -111.818808258207795, 54.743919642833653, 0.0 ], [ -111.818439468653807, 54.74408551687047, 0.0 ], [ -111.818373358587394, 54.744115250833879, 0.0 ], [ -111.818369209229004, 54.744448162075571, 0.0 ], [ -111.818283217902106, 54.744891994300453, 0.0 ], [ -111.818242159846406, 54.745103910230853, 0.0 ], [ -111.817926789934901, 54.745245749547493, 0.0 ], [ -111.817907707340694, 54.745488915576772, 0.0 ], [ -111.817345159124102, 54.745781720295597, 0.0 ], [ -111.816767803273194, 54.74608222718868, 0.0 ], [ -111.816730920338998, 54.746110440744133, 0.0 ], [ -111.816262456067193, 54.746468793717227, 0.0 ], [ -111.8160006091056, 54.746648012050613, 0.0 ], [ -111.815767953701595, 54.746807249982133, 0.0 ], [ -111.815413514949896, 54.746960875967943, 0.0 ], [ -111.815339919946794, 54.74742654031116, 0.0 ], [ -111.815340211795004, 54.747894146668671, 0.0 ], [ -111.815454493349506, 54.747953766018888, 0.0 ], [ -111.815459382860595, 54.747965675323442, 0.0 ], [ -111.815878528975503, 54.74824294210616, 0.0 ], [ -111.816389813116899, 54.748581152677957, 0.0 ], [ -111.816474184781498, 54.748723113582891, 0.0 ], [ -111.816523054927202, 54.748744466410002, 0.0 ], [ -111.817142832378806, 54.749015256763499, 0.0 ], [ -111.817454345437696, 54.749213455708798, 0.0 ], [ -111.817976845504802, 54.749545886658098, 0.0 ], [ -111.818499352429299, 54.749878317205543, 0.0 ], [ -111.819021869526395, 54.750210744739583, 0.0 ], [ -111.819544395174006, 54.75054317011702, 0.0 ], [ -111.819638576585703, 54.750570342501987, 0.0 ], [ -111.819831871186594, 54.75069277923361, 0.0 ], [ -111.820202238724704, 54.750927374678781, 0.0 ], [ -111.820572610540495, 54.751161969040268, 0.0 ], [ -111.821295626888499, 54.751180938549311, 0.0 ], [ -111.821436569927997, 54.751264610560959, 0.0 ], [ -111.821505471019506, 54.751281713101918, 0.0 ], [ -111.821718939808406, 54.751416919003937, 0.0 ], [ -111.822089324944102, 54.751651508886603, 0.0 ], [ -111.822459714427893, 54.751886096787771, 0.0 ], [ -111.822830108049004, 54.752120685400413, 0.0 ], [ -111.823166806874099, 54.752129513388248, 0.0 ], [ -111.823303909176502, 54.752214301249737, 0.0 ], [ -111.823911784256396, 54.752377219936918, 0.0 ], [ -111.824081422007893, 54.752485872498937, 0.0 ], [ -111.824602035177094, 54.752819316892833, 0.0 ], [ -111.824786461162205, 54.753152148842283, 0.0 ], [ -111.825181514413003, 54.753410709101502, 0.0 ], [ -111.825695911706006, 54.75374737133685, 0.0 ], [ -111.825716035447996, 54.753819229724463, 0.0 ], [ -111.825787405198597, 54.754074071885483, 0.0 ], [ -111.825775840009698, 54.754221762692943, 0.0 ], [ -111.825838600515496, 54.754256873504858, 0.0 ], [ -111.825840242369694, 54.754262738074317, 0.0 ], [ -111.8261047596841, 54.754607050178009, 0.0 ], [ -111.826094703870893, 54.754760899822777, 0.0 ], [ -111.826065359174393, 54.755209868305457, 0.0 ], [ -111.826036013633797, 54.755658836744217, 0.0 ], [ -111.826032797675595, 54.755708029780671, 0.0 ], [ -111.826017377176896, 54.755815223081292, 0.0 ], [ -111.825970497629797, 54.756270249989242, 0.0 ], [ -111.825970548416393, 54.756700485417667, 0.0 ], [ -111.826146396500604, 54.756811835776261, 0.0 ], [ -111.826267786079299, 54.756994954517531, 0.0 ], [ -111.8262821020285, 54.757163955860989, 0.0 ], [ -111.826337983616199, 54.757625466410254, 0.0 ], [ -111.826650387475098, 54.757848618161489, 0.0 ], [ -111.826608736357102, 54.758084438356782, 0.0 ], [ -111.827011658914401, 54.758301873915393, 0.0 ], [ -111.827335479952495, 54.758506907274437, 0.0 ], [ -111.827338715546404, 54.758536864336882, 0.0 ], [ -111.827380926057302, 54.758927562096837, 0.0 ], [ -111.827387161858596, 54.758985278873162, 0.0 ], [ -111.827647590207604, 54.759277987998473, 0.0 ], [ -111.827662157717697, 54.759446477522459, 0.0 ], [ -111.827700957293203, 54.759895205075402, 0.0 ], [ -111.827942393043102, 54.760144165667597, 0.0 ], [ -111.827950315249694, 54.760179513737427, 0.0 ], [ -111.828050174774603, 54.760625077405798, 0.0 ], [ -111.828277389970097, 54.76081678793885, 0.0 ], [ -111.828716628246795, 54.761187387100271, 0.0 ], [ -111.828969711923406, 54.761247330217003, 0.0 ], [ -111.829394746098302, 54.761511555566628, 0.0 ], [ -111.829923929501803, 54.761840518768857, 0.0 ], [ -111.830452755102499, 54.761948438481333, 0.0 ], [ -111.830728890027302, 54.762103779628212, 0.0 ], [ -111.830978384180895, 54.762119029278608, 0.0 ], [ -111.831751039984795, 54.762166253536741, 0.0 ], [ -111.832048641387999, 54.762158827542002, 0.0 ], [ -111.832802383912806, 54.762140016017938, 0.0 ], [ -111.832939816626507, 54.762054939846877, 0.0 ], [ -111.833345436091506, 54.761840664501882, 0.0 ], [ -111.833371571342497, 54.761842517671397, 0.0 ], [ -111.8336258472916, 54.761704404838163, 0.0 ], [ -111.833856367054196, 54.7613792924667, 0.0 ], [ -111.834327932945101, 54.761147888849827, 0.0 ], [ -111.835081869293901, 54.761095223113593, 0.0 ], [ -111.835752882501296, 54.76093118873235, 0.0 ], [ -111.835889821819706, 54.760932902306521, 0.0 ], [ -111.836666578639793, 54.760942620666867, 0.0 ], [ -111.837443332921396, 54.760952333972291, 0.0 ], [ -111.838220089391299, 54.760962041446618, 0.0 ], [ -111.838753042137697, 54.760705007448983, 0.0 ], [ -111.838883626530006, 54.760636011666293, 0.0 ], [ -111.839289200776804, 54.760421716688768, 0.0 ], [ -111.839336341875097, 54.760423684690657, 0.0 ], [ -111.839381508946403, 54.760401901296213, 0.0 ], [ -111.839629153494101, 54.760368104781023, 0.0 ], [ -111.840385309834701, 54.760264906289322, 0.0 ], [ -111.840414597576299, 54.760260908874173, 0.0 ], [ -111.840470906580407, 54.760227658286439, 0.0 ], [ -111.840654117224503, 54.760228218005508, 0.0 ], [ -111.841218682324893, 54.760229942938729, 0.0 ], [ -111.842034525481097, 54.760275297947352, 0.0 ], [ -111.842827680161406, 54.760306290486533, 0.0 ], [ -111.842974721964794, 54.760215749013341, 0.0 ], [ -111.843204870468298, 54.760074033201263, 0.0 ], [ -111.843950077906399, 54.760064614454741, 0.0 ], [ -111.844734192641695, 54.760067734764377, 0.0 ], [ -111.845537312034395, 54.760082877094092, 0.0 ], [ -111.846339536714396, 54.76010952230439, 0.0 ], [ -111.847120965515799, 54.760147153533481, 0.0 ], [ -111.847861700360099, 54.76019525270943, 0.0 ], [ -111.848134249301395, 54.760367711561557, 0.0 ], [ -111.8482323182199, 54.760429764488677, 0.0 ], [ -111.848602940220601, 54.760664276977693, 0.0 ], [ -111.848973566571701, 54.76089878748342, 0.0 ], [ -111.849344197203607, 54.761133296903509, 0.0 ], [ -111.850069667468205, 54.76118026494597, 0.0 ], [ -111.850851461537104, 54.761197460114211, 0.0 ], [ -111.851655785334103, 54.76120274249913, 0.0 ], [ -111.852396246894202, 54.761213228463028, 0.0 ], [ -111.8527517204042, 54.761451717587633, 0.0 ], [ -111.852778488658402, 54.761657293415162, 0.0 ], [ -111.852789045720399, 54.761738370650839, 0.0 ], [ -111.852754229074506, 54.76191338710472, 0.0 ], [ -111.852816232422597, 54.761947155015399, 0.0 ], [ -111.852836827778404, 54.762105317548318, 0.0 ], [ -111.852957731765997, 54.762238796196407, 0.0 ], [ -111.853130851694402, 54.762273561351513, 0.0 ], [ -111.853198888355905, 54.762274614728547, 0.0 ], [ -111.853340302925304, 54.76227680608411, 0.0 ], [ -111.8539755794976, 54.762286650359961, 0.0 ], [ -111.854453274723795, 54.762294050012287, 0.0 ], [ -111.854752266775193, 54.762298679103282, 0.0 ], [ -111.855195418602804, 54.762171448496943, 0.0 ], [ -111.855328243168699, 54.762133311755761, 0.0 ], [ -111.855540882004902, 54.76213321464158, 0.0 ], [ -111.856317845612907, 54.762132861763767, 0.0 ], [ -111.857094811021895, 54.762132503047077, 0.0 ], [ -111.857200386895101, 54.762109899688788, 0.0 ], [ -111.857340922481001, 54.762079812382041, 0.0 ], [ -111.857441725030796, 54.762018165020677, 0.0 ], [ -111.857661452977894, 54.762011187925772, 0.0 ], [ -111.858221388453998, 54.761993406553273, 0.0 ], [ -111.8589940933756, 54.762058410736678, 0.0 ], [ -111.859361894717395, 54.762330294241288, 0.0 ], [ -111.8597702805789, 54.762078525743974, 0.0 ], [ -111.859913743638003, 54.762002680577211, 0.0 ], [ -111.860539267850896, 54.762018047552573, 0.0 ], [ -111.861291606785301, 54.762036524875207, 0.0 ], [ -111.861315529803093, 54.76203711208241, 0.0 ], [ -111.861700178061199, 54.762046556336593, 0.0 ], [ -111.861700187220293, 54.762213733675239, 0.0 ], [ -111.8617001587141, 54.762304086538137, 0.0 ], [ -111.861700171274904, 54.763117197271292, 0.0 ], [ -111.861700177831594, 54.764284523495057, 0.0 ], [ -111.861700185531404, 54.765825520274753, 0.0 ], [ -111.861700191081596, 54.767363683335702, 0.0 ], [ -111.861700193632004, 54.769438825742512, 0.0 ], [ -111.861701618673393, 54.771664897078793, 0.0 ], [ -111.8617017003765, 54.771784303437776, 0.0 ], [ -111.861701767893507, 54.771885335600643, 0.0 ], [ -111.861701838077195, 54.772004749753663, 0.0 ], [ -111.861701817577398, 54.772172731171473, 0.0 ], [ -111.861701790557802, 54.77237461679028, 0.0 ], [ -111.861701864229204, 54.772466450948968, 0.0 ], [ -111.8617047949148, 54.7766658206763, 0.0 ], [ -111.861704240387098, 54.783497459840618, 0.0 ], [ -111.861704299275601, 54.783633850439557, 0.0 ], [ -111.8617041638648, 54.783770739718342, 0.0 ], [ -111.861704409852393, 54.783897888440173, 0.0 ], [ -111.861704989622496, 54.785704260131183, 0.0 ], [ -111.861704858800707, 54.786067388171787, 0.0 ], [ -111.8617060429643, 54.786349695462377, 0.0 ], [ -111.861706079003, 54.786625127934187, 0.0 ], [ -111.861706309492305, 54.78814499485437, 0.0 ], [ -111.861706623545302, 54.790349453015622, 0.0 ], [ -111.861706432158599, 54.790980589937178, 0.0 ], [ -111.861707711530698, 54.791123713176518, 0.0 ], [ -111.861708109944701, 54.791250892719127, 0.0 ], [ -111.861708054082499, 54.791305624951839, 0.0 ], [ -111.861708505011293, 54.791429315848319, 0.0 ], [ -111.861708462715896, 54.791748308198613, 0.0 ], [ -111.861707077204301, 54.792028605892767, 0.0 ], [ -111.861709914488401, 54.798533124149372, 0.0 ], [ -111.861715893074603, 54.803232712689969, 0.0 ], [ -111.861716837217202, 54.803420534096311, 0.0 ], [ -111.861718583986303, 54.80364237406809, 0.0 ], [ -111.861719257704607, 54.80364302294327, 0.0 ], [ -111.861798146719096, 54.80367294695435, 0.0 ], [ -111.8618576581094, 54.80369451600383, 0.0 ], [ -111.861905662982394, 54.803857602556832, 0.0 ], [ -111.862041122739299, 54.803999307677422, 0.0 ], [ -111.862182772876594, 54.804099290165169, 0.0 ], [ -111.862359513770897, 54.804178682860297, 0.0 ], [ -111.862562393531803, 54.804186460136187, 0.0 ], [ -111.862858118360705, 54.804107950183258, 0.0 ], [ -111.863067046348903, 54.804160425526177, 0.0 ], [ -111.863082191601606, 54.804182386963703, 0.0 ], [ -111.863262292539602, 54.804234934705512, 0.0 ], [ -111.863408921415697, 54.804137167145292, 0.0 ], [ -111.863621075277393, 54.804073511717029, 0.0 ], [ -111.863700596981403, 54.804074912015977, 0.0 ], [ -111.863863169310903, 54.804136045274888, 0.0 ], [ -111.863919491857501, 54.804221801588056, 0.0 ], [ -111.863853900922606, 54.804256426262818, 0.0 ], [ -111.863613695450297, 54.804306718770931, 0.0 ], [ -111.863591610544702, 54.804325063645187, 0.0 ], [ -111.863610970107004, 54.804463608120223, 0.0 ], [ -111.863805315831002, 54.804540323816227, 0.0 ], [ -111.864167733511493, 54.804559438545091, 0.0 ], [ -111.864345921408699, 54.804604964164447, 0.0 ], [ -111.864604902168495, 54.804636711818837, 0.0 ], [ -111.864845341600102, 54.804596470611727, 0.0 ], [ -111.865306351579207, 54.804724189123341, 0.0 ], [ -111.865506286427106, 54.804797556528591, 0.0 ], [ -111.8655956701175, 54.804806343400728, 0.0 ], [ -111.866410881353403, 54.804765439471517, 0.0 ], [ -111.866750638338303, 54.804788269323311, 0.0 ], [ -111.866936318772005, 54.804836422287032, 0.0 ], [ -111.867179547759406, 54.804875771768778, 0.0 ], [ -111.867485732473, 54.804889573832028, 0.0 ], [ -111.867941060931201, 54.805008158551743, 0.0 ], [ -111.868228681843405, 54.805027442772307, 0.0 ], [ -111.868500584241701, 54.804975800984643, 0.0 ], [ -111.868626650260197, 54.804864534656787, 0.0 ], [ -111.868524510797897, 54.804726812685033, 0.0 ], [ -111.868404084828796, 54.804615530834873, 0.0 ], [ -111.868570783898207, 54.804556260642592, 0.0 ], [ -111.868880814114306, 54.804578091946567, 0.0 ], [ -111.869008660148793, 54.804688881301011, 0.0 ], [ -111.8691824832365, 54.804755874580543, 0.0 ], [ -111.869472203077194, 54.804714405102303, 0.0 ], [ -111.869746782170793, 54.80472834790578, 0.0 ], [ -111.869998484004597, 54.804775142263402, 0.0 ], [ -111.870209443219494, 54.804834529589073, 0.0 ], [ -111.870442322748602, 54.804786274697499, 0.0 ], [ -111.870628324282094, 54.804708125071024, 0.0 ], [ -111.870728047099206, 54.804646457763148, 0.0 ], [ -111.870765487977295, 54.804591997980793, 0.0 ], [ -111.8706185446094, 54.804366285651369, 0.0 ], [ -111.870869552052895, 54.804277679372078, 0.0 ], [ -111.871101627952996, 54.804316481297427, 0.0 ], [ -111.871236442835695, 54.804387960841503, 0.0 ], [ -111.871304354575997, 54.804387680353287, 0.0 ], [ -111.871435121932095, 54.804280733103809, 0.0 ], [ -111.871351339864702, 54.804150368296249, 0.0 ], [ -111.871425290715194, 54.804112456368159, 0.0 ], [ -111.871546758331604, 54.804152756972073, 0.0 ], [ -111.871683243336506, 54.80426144566411, 0.0 ], [ -111.872584748048396, 54.804043640106833, 0.0 ], [ -111.872801902392993, 54.80377345105989, 0.0 ], [ -111.873673805772398, 54.803701543452974, 0.0 ], [ -111.874239470798202, 54.803698218325479, 0.0 ], [ -111.874250203437896, 54.80369816219261, 0.0 ], [ -111.8743064708123, 54.803697831712888, 0.0 ], [ -111.874446421223993, 54.80380043611855, 0.0 ], [ -111.874646422033905, 54.803871082554529, 0.0 ], [ -111.874859730886499, 54.803888984329973, 0.0 ], [ -111.8750955475453, 54.803995497909831, 0.0 ], [ -111.875316794721698, 54.804049942445111, 0.0 ], [ -111.8755943996171, 54.804076686637153, 0.0 ], [ -111.875881676337002, 54.8040556111821, 0.0 ], [ -111.875908495964396, 54.804042621103527, 0.0 ], [ -111.875926336564206, 54.803909768858041, 0.0 ], [ -111.876051456798393, 54.803795313555007, 0.0 ], [ -111.876500705548906, 54.80392886554506, 0.0 ], [ -111.876893333830097, 54.804073406275243, 0.0 ], [ -111.877208393324594, 54.804117230129741, 0.0 ], [ -111.877768200989706, 54.804089586581718, 0.0 ], [ -111.8789508007617, 54.804156596070378, 0.0 ], [ -111.879886617881795, 54.804188082895017, 0.0 ], [ -111.880438231016996, 54.80424429041345, 0.0 ], [ -111.881387610076899, 54.804477840495288, 0.0 ], [ -111.881539153099396, 54.804538989804023, 0.0 ], [ -111.881545155330798, 54.804571219562092, 0.0 ], [ -111.881374992705801, 54.804653660798799, 0.0 ], [ -111.881336916278102, 54.804803218154063, 0.0 ], [ -111.881462391299706, 54.804936527819528, 0.0 ], [ -111.881615390106901, 54.80503639200478, 0.0 ], [ -111.881808126288206, 54.805117282476807, 0.0 ], [ -111.882067333208994, 54.80515862280518, 0.0 ], [ -111.882343408953105, 54.805132206877452, 0.0 ], [ -111.882553634880296, 54.805199540953183, 0.0 ], [ -111.8827316897667, 54.805294983798468, 0.0 ], [ -111.882825467686601, 54.805423033667807, 0.0 ], [ -111.883410040710402, 54.805650588634357, 0.0 ], [ -111.883544765407905, 54.805718921630287, 0.0 ], [ -111.883590069153897, 54.805741889321432, 0.0 ], [ -111.883599255473698, 54.805746550847203, 0.0 ], [ -111.884015123373302, 54.80588184288964, 0.0 ], [ -111.884564817803806, 54.806145536276247, 0.0 ], [ -111.884704857265703, 54.806251872467051, 0.0 ], [ -111.884783207387599, 54.806406877429083, 0.0 ], [ -111.884862621217707, 54.806728474804899, 0.0 ], [ -111.884946192962204, 54.806863006760182, 0.0 ], [ -111.884982793159196, 54.80688760323401, 0.0 ], [ -111.885149037741797, 54.806937387317546, 0.0 ], [ -111.885391396712293, 54.806898198129417, 0.0 ], [ -111.885518314438499, 54.806928262439342, 0.0 ], [ -111.885608210895597, 54.80689833411644, 0.0 ], [ -111.885698611522599, 54.806834544383698, 0.0 ], [ -111.885833236691397, 54.806959701104347, 0.0 ], [ -111.886063684605602, 54.807010314243954, 0.0 ], [ -111.8863320902433, 54.807003966333681, 0.0 ], [ -111.886770729437202, 54.806996402820879, 0.0 ], [ -111.886788864109505, 54.806996085869272, 0.0 ], [ -111.887083535498803, 54.806991004297942, 0.0 ], [ -111.8871018411227, 54.806990691688164, 0.0 ], [ -111.887342841668996, 54.806986543316881, 0.0 ], [ -111.888068149320802, 54.807022663252837, 0.0 ], [ -111.888237329694803, 54.807009024374842, 0.0 ], [ -111.8884383979304, 54.806942585764062, 0.0 ], [ -111.888600980108095, 54.806850522668697, 0.0 ], [ -111.888814280662004, 54.806798537081661, 0.0 ], [ -111.888953345000303, 54.80683449515908, 0.0 ], [ -111.889028320383105, 54.806877677678237, 0.0 ], [ -111.889016390175797, 54.807032018468021, 0.0 ], [ -111.888816818162496, 54.807286567813478, 0.0 ], [ -111.888832138994005, 54.807467629605931, 0.0 ], [ -111.888920439954305, 54.807606462517207, 0.0 ], [ -111.889083509672304, 54.807699253520333, 0.0 ], [ -111.889443397676601, 54.807828314015467, 0.0 ], [ -111.8895114281883, 54.80783607659977, 0.0 ], [ -111.889739675004506, 54.807784589660173, 0.0 ], [ -111.890099160246805, 54.807814191843363, 0.0 ], [ -111.890426433001593, 54.807727825078253, 0.0 ], [ -111.890857747892397, 54.807844222401698, 0.0 ], [ -111.891136260693102, 54.807870953774973, 0.0 ], [ -111.891288333651204, 54.807975611701202, 0.0 ], [ -111.891463057459305, 54.808247369878799, 0.0 ], [ -111.891600349783602, 54.808360193487708, 0.0 ], [ -111.891765351555605, 54.808456736116341, 0.0 ], [ -111.891879372242201, 54.808497094839893, 0.0 ], [ -111.891998373683904, 54.808490664510202, 0.0 ], [ -111.892085982727494, 54.808360759122451, 0.0 ], [ -111.892106409260094, 54.808357981578411, 0.0 ], [ -111.892338257661706, 54.808587002275189, 0.0 ], [ -111.892548001297499, 54.808618884864288, 0.0 ], [ -111.892618627956494, 54.808470212628372, 0.0 ], [ -111.892722049788503, 54.808482118409231, 0.0 ], [ -111.892769259312402, 54.80860770746142, 0.0 ], [ -111.892800269089904, 54.808630152408519, 0.0 ], [ -111.893057226515793, 54.808645650180587, 0.0 ], [ -111.893236679824994, 54.808564815884473, 0.0 ], [ -111.893358848343794, 54.808446570750718, 0.0 ], [ -111.893448302695603, 54.808316100067728, 0.0 ], [ -111.893535636952507, 54.808307129972349, 0.0 ], [ -111.893728511926994, 54.808329925441448, 0.0 ], [ -111.893881464309104, 54.808429727375497, 0.0 ], [ -111.893988290185405, 54.808559361493572, 0.0 ], [ -111.894229521169507, 54.809007100987998, 0.0 ], [ -111.8945592479552, 54.809390464218701, 0.0 ], [ -111.895315170879499, 54.809923554769853, 0.0 ], [ -111.895670905235406, 54.810091823852197, 0.0 ], [ -111.896541334519895, 54.810344386607817, 0.0 ], [ -111.896978778084801, 54.810490286160643, 0.0 ], [ -111.897414997807402, 54.810613602991332, 0.0 ], [ -111.897602181585199, 54.810693920709937, 0.0 ], [ -111.898054922451095, 54.811009038666278, 0.0 ], [ -111.898230970764502, 54.811092650428662, 0.0 ], [ -111.899167109765301, 54.811300326825076, 0.0 ], [ -111.899652749054994, 54.811463000700329, 0.0 ], [ -111.899663498406696, 54.811466612563848, 0.0 ], [ -111.900015901450701, 54.811584664694116, 0.0 ], [ -111.900751258770597, 54.811738381431589, 0.0 ], [ -111.901266829726296, 54.811809734721827, 0.0 ], [ -111.901911030157393, 54.811826751887331, 0.0 ], [ -111.903676519606407, 54.811699054632278, 0.0 ], [ -111.904186410219793, 54.811625318652993, 0.0 ], [ -111.904521334458195, 54.811612353083447, 0.0 ], [ -111.904859690893502, 54.811602766254687, 0.0 ], [ -111.904868838382995, 54.811603098670354, 0.0 ], [ -111.9048689932672, 54.811603109819274, 0.0 ], [ -111.905109534268405, 54.81161206430766, 0.0 ], [ -111.905383375755093, 54.811642018955517, 0.0 ], [ -111.905383524010205, 54.811642035331417, 0.0 ], [ -111.906131586894503, 54.811643009278413, 0.0 ], [ -111.906131743676895, 54.81164301597677, 0.0 ], [ -111.907018103221603, 54.811685798648128, 0.0 ], [ -111.907018251752206, 54.811685811431182, 0.0 ], [ -111.9075364392057, 54.811675433828213, 0.0 ], [ -111.909929599282506, 54.811788863199837, 0.0 ], [ -111.910985165176697, 54.811945337845657, 0.0 ], [ -111.912118947695504, 54.812243379790452, 0.0 ], [ -111.912214500309801, 54.812278508503638, 0.0 ], [ -111.912224547942301, 54.812282210203392, 0.0 ], [ -111.912514566452202, 54.812388857019947, 0.0 ], [ -111.912527893617295, 54.812395869482899, 0.0 ], [ -111.912537807176406, 54.812401104034549, 0.0 ], [ -111.912859491983198, 54.812570588043918, 0.0 ], [ -111.913423867555295, 54.812807735159943, 0.0 ], [ -111.913712997052102, 54.812962190096847, 0.0 ], [ -111.913721193492407, 54.812966582119707, 0.0 ], [ -111.914138187161299, 54.813189360243427, 0.0 ], [ -111.914696023712196, 54.813422764829468, 0.0 ], [ -111.915769077549498, 54.813973088724822, 0.0 ], [ -111.916403796770396, 54.814381956658423, 0.0 ], [ -111.916604048341995, 54.814666951658701, 0.0 ], [ -111.916877756378796, 54.814877993217159, 0.0 ], [ -111.917411928655596, 54.815149169678691, 0.0 ], [ -111.9179966192862, 54.815370089909592, 0.0 ], [ -111.918515798655605, 54.815631615782479, 0.0 ], [ -111.919390108821005, 54.816271491532532, 0.0 ], [ -111.921516070331805, 54.817371645170986, 0.0 ], [ -111.922345336226499, 54.817641425880538, 0.0 ], [ -111.922628345743902, 54.817760861593037, 0.0 ], [ -111.922860447192306, 54.817874372718393, 0.0 ], [ -111.923830494953805, 54.818222974910803, 0.0 ], [ -111.924525454864195, 54.818426992612032, 0.0 ], [ -111.924884379635998, 54.818532351900288, 0.0 ], [ -111.925122521798301, 54.818580094475102, 0.0 ], [ -111.925123525954604, 54.818580306123231, 0.0 ], [ -111.9253468916705, 54.818625094848123, 0.0 ], [ -111.925894362258305, 54.818681815346821, 0.0 ], [ -111.926513420966899, 54.818689705057508, 0.0 ], [ -111.927395807398497, 54.818640005581017, 0.0 ], [ -111.928398864835501, 54.818476682070852, 0.0 ], [ -111.929537062253601, 54.81817703033802, 0.0 ], [ -111.930512758164994, 54.817799944702557, 0.0 ], [ -111.931051418509597, 54.817545494527629, 0.0 ], [ -111.931377297753002, 54.81735904909857, 0.0 ], [ -111.931942709647501, 54.816941560807493, 0.0 ], [ -111.932178100662497, 54.816699270136162, 0.0 ], [ -111.932364752984896, 54.816284753024192, 0.0 ], [ -111.932450809341901, 54.815919779989898, 0.0 ], [ -111.932513091353002, 54.815773175196199, 0.0 ], [ -111.932568893473203, 54.815723362230322, 0.0 ], [ -111.932604333007404, 54.815580715191658, 0.0 ], [ -111.9325264717436, 54.815499509490238, 0.0 ], [ -111.932280754002207, 54.815401111865242, 0.0 ], [ -111.932311748402398, 54.815319217285939, 0.0 ], [ -111.932404193345604, 54.815191780323872, 0.0 ], [ -111.932150444057399, 54.815159545196671, 0.0 ], [ -111.932021954099696, 54.81515767183356, 0.0 ], [ -111.931880813074102, 54.815126328489789, 0.0 ], [ -111.931523149954899, 54.814963073763941, 0.0 ], [ -111.931227914764307, 54.81476018427206, 0.0 ], [ -111.930959161903502, 54.814530250847888, 0.0 ], [ -111.930991468242397, 54.814430886223207, 0.0 ], [ -111.931000500549004, 54.814403127108271, 0.0 ], [ -111.9301485417474, 54.813701235218417, 0.0 ], [ -111.929888320368406, 54.813524454004721, 0.0 ], [ -111.929360139524405, 54.812961830326103, 0.0 ], [ -111.929358694845803, 54.81296030423443, 0.0 ], [ -111.929097878636099, 54.812682430704761, 0.0 ], [ -111.928829866188806, 54.812360823174927, 0.0 ], [ -111.926990110560396, 54.810153007462347, 0.0 ], [ -111.926749372788606, 54.809728837318417, 0.0 ], [ -111.925416102884498, 54.80842048162534, 0.0 ], [ -111.925316514012906, 54.808322747263041, 0.0 ], [ -111.925108727596594, 54.808060138859119, 0.0 ], [ -111.925105507002499, 54.808053606228519, 0.0 ], [ -111.925100919958396, 54.808044276690403, 0.0 ], [ -111.925097839460605, 54.808038011155368, 0.0 ], [ -111.924968312954405, 54.807774572473988, 0.0 ], [ -111.924933844094795, 54.807430253703892, 0.0 ], [ -111.925087470388405, 54.806599932041181, 0.0 ], [ -111.925094448288604, 54.806581837242668, 0.0 ], [ -111.925098370056702, 54.806571663894168, 0.0 ], [ -111.925207181491402, 54.806289584817407, 0.0 ], [ -111.925633420414201, 54.805723740382248, 0.0 ], [ -111.925633981528506, 54.805722995459661, 0.0 ], [ -111.926170941899102, 54.805010154038733, 0.0 ], [ -111.926605496485905, 54.804522036756858, 0.0 ], [ -111.927093823999897, 54.803877714229202, 0.0 ], [ -111.927431236667005, 54.803519750431633, 0.0 ], [ -111.927617216709393, 54.803268094658932, 0.0 ], [ -111.927945274616505, 54.802908032402037, 0.0 ], [ -111.927947820153406, 54.802904548504273, 0.0 ], [ -111.928228162055404, 54.802520324076568, 0.0 ], [ -111.928610716221897, 54.802186796923174, 0.0 ], [ -111.929279787441104, 54.801463368905623, 0.0 ], [ -111.930108303041195, 54.800658285972062, 0.0 ], [ -111.9303879773517, 54.800445268392323, 0.0 ], [ -111.930733054299495, 54.800100138288357, 0.0 ], [ -111.931998541617205, 54.799146080688097, 0.0 ], [ -111.932196337730502, 54.799077081045247, 0.0 ], [ -111.932576709512105, 54.798879902285726, 0.0 ], [ -111.933330922870994, 54.798488897549447, 0.0 ], [ -111.933359171122603, 54.798474279743807, 0.0 ], [ -111.933133712763293, 54.79842675395637, 0.0 ], [ -111.933139528263396, 54.79842308822451, 0.0 ], [ -111.933623413556504, 54.798337539550303, 0.0 ], [ -111.933673649358397, 54.798348129342934, 0.0 ], [ -111.933737241682493, 54.798317411706662, 0.0 ], [ -111.9339679504738, 54.798269162902358, 0.0 ], [ -111.934180243420599, 54.798326933739709, 0.0 ], [ -111.934346591013906, 54.798415084924088, 0.0 ], [ -111.934875350296295, 54.798478336201569, 0.0 ], [ -111.934992703575801, 54.798487554945993, 0.0 ], [ -111.935425053265405, 54.798521570756208, 0.0 ], [ -111.936404004517797, 54.798678656722331, 0.0 ], [ -111.937172967396293, 54.798830881103846, 0.0 ], [ -111.937348111141702, 54.798865552312627, 0.0 ], [ -111.937669169311107, 54.799127437693393, 0.0 ], [ -111.937669345386595, 54.799127579758178, 0.0 ], [ -111.937888775709794, 54.799306561322688, 0.0 ], [ -111.937982412310603, 54.799359740257273, 0.0 ], [ -111.937982443652302, 54.799359758138529, 0.0 ], [ -111.938060945050395, 54.799404348094157, 0.0 ], [ -111.938039500977894, 54.799449098108319, 0.0 ], [ -111.9380820572148, 54.799486443603847, 0.0 ], [ -111.938336679614807, 54.799471902261118, 0.0 ], [ -111.938532514178704, 54.799538896454052, 0.0 ], [ -111.939126798764704, 54.799578597476533, 0.0 ], [ -111.939430824312197, 54.799565891901423, 0.0 ], [ -111.9413293562707, 54.799280325159813, 0.0 ], [ -111.941480854899893, 54.799257537979528, 0.0 ], [ -111.942096145715894, 54.79923149549407, 0.0 ], [ -111.942402466820894, 54.799239192511301, 0.0 ], [ -111.942755868748506, 54.79928366754676, 0.0 ], [ -111.943169619683701, 54.799366990634162, 0.0 ], [ -111.943342440768305, 54.799448092165868, 0.0 ], [ -111.943926032079105, 54.799847419321857, 0.0 ], [ -111.944092532582204, 54.799938251799063, 0.0 ], [ -111.944325474207901, 54.800004451902147, 0.0 ], [ -111.94457006236, 54.800046420331462, 0.0 ], [ -111.945207054727703, 54.800029889886687, 0.0 ], [ -111.946184577885603, 54.799825744557978, 0.0 ], [ -111.947047407849595, 54.799752912141543, 0.0 ], [ -111.947282654861795, 54.799697636722222, 0.0 ], [ -111.947650539377094, 54.79952807931285, 0.0 ], [ -111.948250786897702, 54.799110283626938, 0.0 ], [ -111.9485605862873, 54.798920137301238, 0.0 ], [ -111.948878617599505, 54.798485721531257, 0.0 ], [ -111.949039002329499, 54.79826664275091, 0.0 ], [ -111.949461833648002, 54.797202334672257, 0.0 ], [ -111.949708602780703, 54.796410074690748, 0.0 ], [ -111.949948383889506, 54.795826497493778, 0.0 ], [ -111.950122340000902, 54.795542137838623, 0.0 ], [ -111.9503340344462, 54.79528435278791, 0.0 ], [ -111.950429122674905, 54.795104747830322, 0.0 ], [ -111.950565818114796, 54.794560469004942, 0.0 ], [ -111.950790555093405, 54.793665562439656, 0.0 ], [ -111.951000608052496, 54.793035819298851, 0.0 ], [ -111.951169731759904, 54.792741568632721, 0.0 ], [ -111.951181410815593, 54.792721255701132, 0.0 ], [ -111.951267514266803, 54.792651679077863, 0.0 ], [ -111.951377256185395, 54.79256306608211, 0.0 ], [ -111.951410380552304, 54.792445543599293, 0.0 ], [ -111.951438176169205, 54.792347123861681, 0.0 ], [ -111.951992534847406, 54.79168668835063, 0.0 ], [ -111.952013970812501, 54.791667271844091, 0.0 ], [ -111.952367217765499, 54.79134720705455, 0.0 ], [ -111.952497641273695, 54.791250124682897, 0.0 ], [ -111.952497672549697, 54.791250102083133, 0.0 ], [ -111.952505627269005, 54.79124417941356, 0.0 ], [ -111.952660122587204, 54.791069383316056, 0.0 ], [ -111.952660188314198, 54.791069316609182, 0.0 ], [ -111.952856852443702, 54.790846810589997, 0.0 ], [ -111.953632086040798, 54.790161252106067, 0.0 ], [ -111.953957116361806, 54.789804384941192, 0.0 ], [ -111.954118621531705, 54.789504475757987, 0.0 ], [ -111.954318289018701, 54.78925321261277, 0.0 ], [ -111.954352358401806, 54.78917962385642, 0.0 ], [ -111.954385194308003, 54.789108712376347, 0.0 ], [ -111.954328872801895, 54.788753810950077, 0.0 ], [ -111.954546226342401, 54.788126750707157, 0.0 ], [ -111.9551397101812, 54.787142442309637, 0.0 ], [ -111.955362319404301, 54.786876540343599, 0.0 ], [ -111.955513910760303, 54.786593355989567, 0.0 ], [ -111.955616364841006, 54.786083139131051, 0.0 ], [ -111.9556214352137, 54.785728384863553, 0.0 ], [ -111.955603015973594, 54.785627221569293, 0.0 ], [ -111.955526490910103, 54.785207116962873, 0.0 ], [ -111.955222684106204, 54.784610880886817, 0.0 ], [ -111.955217118254794, 54.784589320471483, 0.0 ], [ -111.955158246776605, 54.784361374168121, 0.0 ], [ -111.955152461417796, 54.784068473705297, 0.0 ], [ -111.955161698977804, 54.783984635943597, 0.0 ], [ -111.955181152135097, 54.783959141850517, 0.0 ], [ -111.955197228452207, 54.783938072831099, 0.0 ], [ -111.955212634691094, 54.783894413246259, 0.0 ], [ -111.955207261188903, 54.783859615816297, 0.0 ], [ -111.955236367958406, 54.783748658282363, 0.0 ], [ -111.955122014462404, 54.783422075161617, 0.0 ], [ -111.954999707981202, 54.783303005234579, 0.0 ], [ -111.954968602652301, 54.783140358079933, 0.0 ], [ -111.955010181738999, 54.782985289562347, 0.0 ], [ -111.955119944847198, 54.782845340082368, 0.0 ], [ -111.955016310755099, 54.782541275057703, 0.0 ], [ -111.9549455442192, 54.781924171740272, 0.0 ], [ -111.954849854522706, 54.781693146100729, 0.0 ], [ -111.954840726136297, 54.781560440761517, 0.0 ], [ -111.954958143259603, 54.781384465166127, 0.0 ], [ -111.955138645887502, 54.781295122448022, 0.0 ], [ -111.955497847048903, 54.780929941027438, 0.0 ], [ -111.955897488832207, 54.780588695963722, 0.0 ], [ -111.956216386437504, 54.780432683465591, 0.0 ], [ -111.957302928804694, 54.779901105646047, 0.0 ], [ -111.958100314759506, 54.779595916173761, 0.0 ], [ -111.958308487626098, 54.779541850139793, 0.0 ], [ -111.958808875492593, 54.779453632959097, 0.0 ], [ -111.959494551100804, 54.779284079317328, 0.0 ], [ -111.959861680588503, 54.779227899186367, 0.0 ], [ -111.960326646213005, 54.779219584020247, 0.0 ], [ -111.960420525626205, 54.779217904859237, 0.0 ], [ -111.960926841850906, 54.779250931655113, 0.0 ], [ -111.961381028994694, 54.779264509368517, 0.0 ], [ -111.9613912403547, 54.77926799078827, 0.0 ], [ -111.961469536997697, 54.779299581531554, 0.0 ], [ -111.961639422019999, 54.779375427581513, 0.0 ], [ -111.961723308510003, 54.779406168856873, 0.0 ], [ -111.961883577346796, 54.77945795588586, 0.0 ], [ -111.961960135754794, 54.779478313479743, 0.0 ], [ -111.962120309383806, 54.779489055533617, 0.0 ], [ -111.962327800207305, 54.779548609383532, 0.0 ], [ -111.962410980868398, 54.779568440048664, 0.0 ], [ -111.962497488558895, 54.77958105042368, 0.0 ], [ -111.962586841205606, 54.779575231072172, 0.0 ], [ -111.962676379947396, 54.779564647392419, 0.0 ], [ -111.962724612576594, 54.779567311207643, 0.0 ], [ -111.9631485804954, 54.779681441797067, 0.0 ], [ -111.963461394271604, 54.779765640077251, 0.0 ], [ -111.963469202343802, 54.779767743412073, 0.0 ], [ -111.963594725002494, 54.779814217142253, 0.0 ], [ -111.963829025747401, 54.77985942166044, 0.0 ], [ -111.963966860402394, 54.779869785230183, 0.0 ], [ -111.964097419219499, 54.779840968653012, 0.0 ], [ -111.964151312777204, 54.779699235360603, 0.0 ], [ -111.963975963947206, 54.779626241372043, 0.0 ], [ -111.963507179938404, 54.779526702842581, 0.0 ], [ -111.963461267349302, 54.779507789388347, 0.0 ], [ -111.963333586531206, 54.779455184705853, 0.0 ], [ -111.963523270631498, 54.779384996990657, 0.0 ], [ -111.963634104580606, 54.779354790082643, 0.0 ], [ -111.963749080100897, 54.779330569261177, 0.0 ], [ -111.963861148418502, 54.779311915117162, 0.0 ], [ -111.963974988439006, 54.779297856497969, 0.0 ], [ -111.964097413990004, 54.779292342664952, 0.0 ], [ -111.9643515952326, 54.779265039633152, 0.0 ], [ -111.964465705117405, 54.779268366629452, 0.0 ], [ -111.964572663996407, 54.779285760061313, 0.0 ], [ -111.9645777634274, 54.779286589328223, 0.0 ], [ -111.964751458479498, 54.779326205359681, 0.0 ], [ -111.964840551336295, 54.779359139961556, 0.0 ], [ -111.964959754373396, 54.779391791290493, 0.0 ], [ -111.9653287936287, 54.779572077375157, 0.0 ], [ -111.965367004579306, 54.779611278847987, 0.0 ], [ -111.965455381642101, 54.779644103318901, 0.0 ], [ -111.965576516801505, 54.779707767995298, 0.0 ], [ -111.965672669586098, 54.779785027631931, 0.0 ], [ -111.965750718723896, 54.779869849111243, 0.0 ], [ -111.9658532429101, 54.780017441898977, 0.0 ], [ -111.965881236433802, 54.780077903368444, 0.0 ], [ -111.965919650668397, 54.780235234508993, 0.0 ], [ -111.965948532471401, 54.780370876803232, 0.0 ], [ -111.965949597875294, 54.78043641990341, 0.0 ], [ -111.965930294214303, 54.780501120398398, 0.0 ], [ -111.965836630916598, 54.780615139739673, 0.0 ], [ -111.965836948109299, 54.780685682183559, 0.0 ], [ -111.965815193990906, 54.780741128880287, 0.0 ], [ -111.965780947069405, 54.780794248100328, 0.0 ], [ -111.9657187013308, 54.780863198516784, 0.0 ], [ -111.965608892209701, 54.780965866272801, 0.0 ], [ -111.965565255313606, 54.781000599355849, 0.0 ], [ -111.965424338772195, 54.781082088605693, 0.0 ], [ -111.965387007409504, 54.781158084650961, 0.0 ], [ -111.965225095126002, 54.781295256058449, 0.0 ], [ -111.965199312786297, 54.781310161329259, 0.0 ], [ -111.965113345293204, 54.781330361567683, 0.0 ], [ -111.965020444433307, 54.781331983475461, 0.0 ], [ -111.964963878024193, 54.781321176947628, 0.0 ], [ -111.964860119189197, 54.781288690214957, 0.0 ], [ -111.964728112460904, 54.781261648404197, 0.0 ], [ -111.964633797850297, 54.781234587806743, 0.0 ], [ -111.964545061225394, 54.7812288220372, 0.0 ], [ -111.964454856182599, 54.781240135202523, 0.0 ], [ -111.964369037786398, 54.781262308460263, 0.0 ], [ -111.964304421734298, 54.781299933698158, 0.0 ], [ -111.964285572952505, 54.781328837063477, 0.0 ], [ -111.964276432340796, 54.78135964033779, 0.0 ], [ -111.964258317513895, 54.781517014458238, 0.0 ], [ -111.964223730106397, 54.781585226626447, 0.0 ], [ -111.964183578328502, 54.781652723787033, 0.0 ], [ -111.964148643374898, 54.781728059927737, 0.0 ], [ -111.964127756198195, 54.781804702182669, 0.0 ], [ -111.964134913691794, 54.781886299391338, 0.0 ], [ -111.964175812482296, 54.782033251537101, 0.0 ], [ -111.964204459123593, 54.782097668471962, 0.0 ], [ -111.964250832347005, 54.78215413827111, 0.0 ], [ -111.964327365448995, 54.782195261213808, 0.0 ], [ -111.964397781684397, 54.782214599893152, 0.0 ], [ -111.964510044358207, 54.782242536402627, 0.0 ], [ -111.964543456248194, 54.782248079880318, 0.0 ], [ -111.964837596906705, 54.782262250825767, 0.0 ], [ -111.965736004445603, 54.782219702093549, 0.0 ], [ -111.966006037045702, 54.782190492223371, 0.0 ], [ -111.966468604865497, 54.782070766428362, 0.0 ], [ -111.966848404247003, 54.781904299218517, 0.0 ], [ -111.967205498841096, 54.781717548552933, 0.0 ], [ -111.967470047516201, 54.78150830342603, 0.0 ], [ -111.967705800563195, 54.78125356883654, 0.0 ], [ -111.967976031852601, 54.780816919477481, 0.0 ], [ -111.968030969466597, 54.780681655346619, 0.0 ], [ -111.968265670666298, 54.780374793339377, 0.0 ], [ -111.968310140416094, 54.780273971017813, 0.0 ], [ -111.968327144212495, 54.780101865276762, 0.0 ], [ -111.968264943173807, 54.779828163015488, 0.0 ], [ -111.968126328896403, 54.77963935251136, 0.0 ], [ -111.968005820461499, 54.7795192292444, 0.0 ], [ -111.967853703448995, 54.779418459452387, 0.0 ], [ -111.967815452984993, 54.779393121124443, 0.0 ], [ -111.967736818509493, 54.779361237372562, 0.0 ], [ -111.967714587393502, 54.779349461463163, 0.0 ], [ -111.967563476852106, 54.779262742588038, 0.0 ], [ -111.967494684451793, 54.779242339987277, 0.0 ], [ -111.9674220147174, 54.779224862522881, 0.0 ], [ -111.967334125150998, 54.779191857407213, 0.0 ], [ -111.967252151883599, 54.779154448090111, 0.0 ], [ -111.9671199311192, 54.779078572856143, 0.0 ], [ -111.966949906224002, 54.778975594496401, 0.0 ], [ -111.966827161344497, 54.778910568708582, 0.0 ], [ -111.966713744006896, 54.778829253169157, 0.0 ], [ -111.966668154642903, 54.778803854048391, 0.0 ], [ -111.966524890019102, 54.778726288736117, 0.0 ], [ -111.966418244070596, 54.778673646140788, 0.0 ], [ -111.966326011108407, 54.778622785287453, 0.0 ], [ -111.966317181197198, 54.77861791321962, 0.0 ], [ -111.966278203750704, 54.778564077583589, 0.0 ], [ -111.966260139090096, 54.778504000491438, 0.0 ], [ -111.966212485807006, 54.778384655225381, 0.0 ], [ -111.966201417920402, 54.778373431839341, 0.0 ], [ -111.966121757513704, 54.778164978595747, 0.0 ], [ -111.966113167988397, 54.778151871702327, 0.0 ], [ -111.966126360694304, 54.778091704406137, 0.0 ], [ -111.966088767934707, 54.778054084583751, 0.0 ], [ -111.966060080587397, 54.77801577828447, 0.0 ], [ -111.966078521138101, 54.777928947510752, 0.0 ], [ -111.966049914286302, 54.777876854545113, 0.0 ], [ -111.966049811824803, 54.777831295379663, 0.0 ], [ -111.966162571761203, 54.777760334162522, 0.0 ], [ -111.966112592344899, 54.777729581103308, 0.0 ], [ -111.966112528470205, 54.777544133942563, 0.0 ], [ -111.966554867483595, 54.777225793136068, 0.0 ], [ -111.967149477744499, 54.776935135827188, 0.0 ], [ -111.967845954392402, 54.776594683527968, 0.0 ], [ -111.968179188129795, 54.776431800680719, 0.0 ], [ -111.969824266565297, 54.775841361010073, 0.0 ], [ -111.970540432113395, 54.77566724106795, 0.0 ], [ -111.971162827166395, 54.775453451950021, 0.0 ], [ -111.971545605919601, 54.775299842801047, 0.0 ], [ -111.973547748306899, 54.774715002665843, 0.0 ], [ -111.974281961565097, 54.774561709471072, 0.0 ], [ -111.974522986639997, 54.774572435986109, 0.0 ], [ -111.974548730227895, 54.774603442330147, 0.0 ], [ -111.974586209337801, 54.77452633655313, 0.0 ], [ -111.974741663287205, 54.774442504248903, 0.0 ], [ -111.976056578673493, 54.774183750576697, 0.0 ], [ -111.976252111072895, 54.774145276410657, 0.0 ], [ -111.976948886433505, 54.773979856770289, 0.0 ], [ -111.977397133419899, 54.77384781936999, 0.0 ], [ -111.978709755209294, 54.77365457191609, 0.0 ], [ -111.979065156142596, 54.773619916890553, 0.0 ], [ -111.979601600711803, 54.773435141658489, 0.0 ], [ -111.980561166684893, 54.773256092661534, 0.0 ], [ -111.980768128497601, 54.773191797471711, 0.0 ], [ -111.981032573593794, 54.773165815714812, 0.0 ], [ -111.981858572762803, 54.773075327930009, 0.0 ], [ -111.982738440872097, 54.773124904394521, 0.0 ], [ -111.9841671357823, 54.773146619898988, 0.0 ], [ -111.985116081436203, 54.773143240651173, 0.0 ], [ -111.9867645931688, 54.773116883332939, 0.0 ], [ -111.987343302694498, 54.77317875172055, 0.0 ], [ -111.987982811404706, 54.773223343960318, 0.0 ], [ -111.988009137919903, 54.773221273693913, 0.0 ], [ -111.9880716723885, 54.773216355999963, 0.0 ], [ -111.988552437994997, 54.77303813271012, 0.0 ], [ -111.988575870160403, 54.773015994712907, 0.0 ], [ -111.988572557142604, 54.772632771313489, 0.0 ], [ -111.988655024638504, 54.772447106393557, 0.0 ], [ -111.988655038178607, 54.772447070751902, 0.0 ], [ -111.988731948626906, 54.772273907719622, 0.0 ], [ -111.988734432152796, 54.772220694012759, 0.0 ], [ -111.988563812389899, 54.772143561008733, 0.0 ], [ -111.988321421025304, 54.77202586288314, 0.0 ], [ -111.9882525512417, 54.771986878447059, 0.0 ], [ -111.988186404676696, 54.771927337210258, 0.0 ], [ -111.988073174163205, 54.771862471425649, 0.0 ], [ -111.988005194579898, 54.77182656619761, 0.0 ], [ -111.988005384634306, 54.77185686445069, 0.0 ], [ -111.987954111277105, 54.771812840323989, 0.0 ], [ -111.987923912780204, 54.771793803160492, 0.0 ], [ -111.987832254662095, 54.771752660165141, 0.0 ], [ -111.987806796892301, 54.771717362663388, 0.0 ], [ -111.987769184837305, 54.771690901542158, 0.0 ], [ -111.987733268592194, 54.771654606571467, 0.0 ], [ -111.987709811611893, 54.771624206813648, 0.0 ], [ -111.987666305058696, 54.771588514709791, 0.0 ], [ -111.987648112984104, 54.771561357883172, 0.0 ], [ -111.987626983865994, 54.771510553431597, 0.0 ], [ -111.987615485777795, 54.77143816762721, 0.0 ], [ -111.987594687137204, 54.77139901028702, 0.0 ], [ -111.9875710749116, 54.771235325873022, 0.0 ], [ -111.987576705115899, 54.771189944542009, 0.0 ], [ -111.987565270275994, 54.771145794092192, 0.0 ], [ -111.9875652797448, 54.771070132440613, 0.0 ], [ -111.987566030853301, 54.771052916711263, 0.0 ], [ -111.987580009260398, 54.770999270917301, 0.0 ], [ -111.987573041233404, 54.770942522223791, 0.0 ], [ -111.987573898626195, 54.770859641056362, 0.0 ], [ -111.987579969176196, 54.770828841787477, 0.0 ], [ -111.987605319129202, 54.770774560262083, 0.0 ], [ -111.987647199960506, 54.770611981809822, 0.0 ], [ -111.987686996744301, 54.770567404606894, 0.0 ], [ -111.9877126595905, 54.770527324187142, 0.0 ], [ -111.987785258345298, 54.770464448779236, 0.0 ], [ -111.987803463236105, 54.77042988642777, 0.0 ], [ -111.987835935912898, 54.770397394791907, 0.0 ], [ -111.987873211965393, 54.770367047179398, 0.0 ], [ -111.987985465902497, 54.77030835914325, 0.0 ], [ -111.988015653597301, 54.770287766194393, 0.0 ], [ -111.988053222078406, 54.770271060585053, 0.0 ], [ -111.988133463734897, 54.770204138478242, 0.0 ], [ -111.988163319157593, 54.770188222482027, 0.0 ], [ -111.988254991535598, 54.77015818301922, 0.0 ], [ -111.9882979858357, 54.77014298921344, 0.0 ], [ -111.988298007758203, 54.770191668085047, 0.0 ], [ -111.988300178230006, 54.770193862709519, 0.0 ], [ -111.988423293427502, 54.770137431935872, 0.0 ], [ -111.988527495566402, 54.770074235885417, 0.0 ], [ -111.988622094595996, 54.770005231762802, 0.0 ], [ -111.988723855803102, 54.76991311959975, 0.0 ], [ -111.988894166310303, 54.769723815577237, 0.0 ], [ -111.9889688544298, 54.76964764353712, 0.0 ], [ -111.989014393694404, 54.769610962746448, 0.0 ], [ -111.989253242956806, 54.769434261261537, 0.0 ], [ -111.989465017109296, 54.769339475387817, 0.0 ], [ -111.989498349586199, 54.769324463937288, 0.0 ], [ -111.989498365413695, 54.769364471931951, 0.0 ], [ -111.989539698975193, 54.76933947200699, 0.0 ], [ -111.989600659258201, 54.769302620851413, 0.0 ], [ -111.989664918156805, 54.769271728606043, 0.0 ], [ -111.989682337192605, 54.769256717640147, 0.0 ], [ -111.989750768180102, 54.769244421688569, 0.0 ], [ -111.989877042902293, 54.769210958996638, 0.0 ], [ -111.990123803439204, 54.769127231636112, 0.0 ], [ -111.990246964948994, 54.769093763214833, 0.0 ], [ -111.990373347295701, 54.769055886382432, 0.0 ], [ -111.990473358098399, 54.769019737284736, 0.0 ], [ -111.990573729378099, 54.768975548767102, 0.0 ], [ -111.990671023233602, 54.768942022311421, 0.0 ], [ -111.990824684499998, 54.76890340115348, 0.0 ], [ -111.990936669650296, 54.76888320031037, 0.0 ], [ -111.990960769017704, 54.768877520416872, 0.0 ], [ -111.991048817610704, 54.768856804389777, 0.0 ], [ -111.991153073085698, 54.768836593152677, 0.0 ], [ -111.991280921210404, 54.768802250643027, 0.0 ], [ -111.991563826537003, 54.768758381831432, 0.0 ], [ -111.991677195841007, 54.768744377705701, 0.0 ], [ -111.991806399779506, 54.76871711729725, 0.0 ], [ -111.992098463556701, 54.768678573534451, 0.0 ], [ -111.9923985342636, 54.768629419054108, 0.0 ], [ -111.992464061907299, 54.768622573076719, 0.0 ], [ -111.992680923316499, 54.768605907409182, 0.0 ], [ -111.992957094256397, 54.768575097409013, 0.0 ], [ -111.993186942777598, 54.768556156321807, 0.0 ], [ -111.993352801788703, 54.768548407812432, 0.0 ], [ -111.993460687357, 54.76853256244506, 0.0 ], [ -111.9934662500755, 54.76853174970735, 0.0 ], [ -111.993622885235098, 54.768522220483142, 0.0 ], [ -111.9937142477865, 54.768514217521862, 0.0 ], [ -111.993804517230998, 54.768502998829398, 0.0 ], [ -111.993933732679594, 54.768474860398648, 0.0 ], [ -111.9939999483191, 54.768463451557622, 0.0 ], [ -111.995046582196295, 54.768340632986487, 0.0 ], [ -111.995117663877906, 54.768334084279573, 0.0 ], [ -111.9951703736442, 54.768325640961137, 0.0 ], [ -111.995279489821101, 54.768325404769449, 0.0 ], [ -111.995418219358299, 54.768311619291133, 0.0 ], [ -111.995611865576095, 54.768301794297003, 0.0 ], [ -111.995643508710998, 54.768302200862003, 0.0 ], [ -111.995688564471095, 54.76829690456087, 0.0 ], [ -111.995751378250802, 54.768297166261618, 0.0 ], [ -111.995816844583004, 54.768290397014788, 0.0 ], [ -111.996047307305901, 54.768260715533913, 0.0 ], [ -111.996222072130195, 54.768251455989343, 0.0 ], [ -111.9962781968607, 54.768243528558173, 0.0 ], [ -111.996290975130705, 54.768243863211218, 0.0 ], [ -111.996290593446005, 54.768231594252903, 0.0 ], [ -111.999357005745296, 54.768199143776293, 0.0 ], [ -112.000394799019503, 54.768256518574887, 0.0 ], [ -112.000711480758596, 54.76830595472525, 0.0 ], [ -112.0012724530322, 54.768400946842611, 0.0 ], [ -112.001489870861803, 54.768431240318691, 0.0 ], [ -112.001839942241702, 54.768498723915741, 0.0 ], [ -112.002187581454706, 54.76855430959565, 0.0 ], [ -112.002360884970201, 54.768466807041357, 0.0 ], [ -112.002522049011404, 54.768491659900008, 0.0 ], [ -112.002553809860501, 54.768530222150211, 0.0 ], [ -112.002595206482496, 54.768616648444912, 0.0 ], [ -112.0026211668429, 54.768648033550633, 0.0 ], [ -112.002769440467205, 54.76878217402011, 0.0 ], [ -112.002933489645699, 54.768968683454553, 0.0 ], [ -112.003062627634606, 54.76907278553108, 0.0 ], [ -112.003085598642699, 54.769102108835639, 0.0 ], [ -112.003138522285198, 54.769183729047548, 0.0 ], [ -112.003162828914498, 54.769212033004322, 0.0 ], [ -112.003192782094203, 54.769238452804011, 0.0 ], [ -112.003199045411606, 54.769238535702563, 0.0 ], [ -112.003231066970898, 54.769284947386083, 0.0 ], [ -112.003368940849001, 54.769379703964553, 0.0 ], [ -112.003429389497498, 54.769436577383892, 0.0 ], [ -112.003459459066505, 54.769460165830679, 0.0 ], [ -112.003396020010996, 54.76950468338574, 0.0 ], [ -112.004073157597006, 54.770007712612291, 0.0 ], [ -112.004375021929107, 54.770183457162837, 0.0 ], [ -112.006048150748597, 54.77071851508687, 0.0 ], [ -112.006488370997403, 54.770916455527932, 0.0 ], [ -112.006871546561797, 54.771145191297499, 0.0 ], [ -112.007575191273105, 54.771681072667228, 0.0 ], [ -112.008222750923807, 54.772216355143783, 0.0 ], [ -112.008518000629394, 54.77250291186126, 0.0 ], [ -112.008707575648799, 54.77285269140814, 0.0 ], [ -112.008709350393303, 54.772980241538747, 0.0 ], [ -112.008694216291801, 54.773035327896217, 0.0 ], [ -112.008659644147997, 54.773072157921412, 0.0 ], [ -112.008608234713705, 54.773164296691107, 0.0 ], [ -112.008570696572406, 54.773186782890519, 0.0 ], [ -112.008561935520902, 54.77320387201889, 0.0 ], [ -112.008525080460601, 54.773225745450141, 0.0 ], [ -112.008483945682897, 54.773245948215518, 0.0 ], [ -112.008455838150297, 54.773271563334688, 0.0 ], [ -112.008436782086207, 54.773299965253912, 0.0 ], [ -112.008406596269296, 54.773369314094253, 0.0 ], [ -112.008386405565304, 54.77343878368336, 0.0 ], [ -112.008373959165695, 54.773502615989358, 0.0 ], [ -112.008382966476901, 54.773594069077213, 0.0 ], [ -112.008373639434595, 54.773690664228042, 0.0 ], [ -112.008368134921596, 54.773810626876902, 0.0 ], [ -112.008365824331705, 54.773860961301907, 0.0 ], [ -112.008359018765205, 54.773907609494223, 0.0 ], [ -112.008358788626296, 54.773978776958558, 0.0 ], [ -112.008329955797606, 54.774044543401537, 0.0 ], [ -112.008331983572504, 54.774122215616913, 0.0 ], [ -112.008322777298503, 54.774263732062089, 0.0 ], [ -112.008294365729398, 54.774383412677928, 0.0 ], [ -112.008290711024102, 54.774416467054373, 0.0 ], [ -112.008294361724893, 54.77446858109623, 0.0 ], [ -112.008308348686398, 54.774541061844637, 0.0 ], [ -112.008309263859999, 54.774614416240723, 0.0 ], [ -112.008320685169096, 54.77469993858886, 0.0 ], [ -112.008311103944607, 54.774761835833218, 0.0 ], [ -112.008308799020597, 54.774847190310751, 0.0 ], [ -112.008315558716106, 54.774874061682468, 0.0 ], [ -112.008357862070596, 54.774972263841349, 0.0 ], [ -112.008399233103503, 54.775102265359493, 0.0 ], [ -112.008470287041007, 54.775208939223631, 0.0 ], [ -112.008495644652299, 54.775299167780929, 0.0 ], [ -112.008509481392693, 54.775330288275818, 0.0 ], [ -112.008516848296694, 54.775367059523802, 0.0 ], [ -112.008527910258294, 54.775388559427491, 0.0 ], [ -112.008562112971404, 54.775432127142928, 0.0 ], [ -112.008572662586801, 54.77547552489191, 0.0 ], [ -112.008576645922801, 54.775491957122391, 0.0 ], [ -112.0085947665318, 54.775521114596039, 0.0 ], [ -112.008598250105294, 54.775540943391228, 0.0 ], [ -112.008613626242607, 54.775566390380547, 0.0 ], [ -112.008620543732107, 54.775612198951087, 0.0 ], [ -112.0086401628825, 54.775681535649419, 0.0 ], [ -112.008649959022506, 54.775752626710812, 0.0 ], [ -112.008666664943505, 54.775792515623081, 0.0 ], [ -112.008688177294601, 54.775812618410313, 0.0 ], [ -112.008695444224301, 54.775828412106669, 0.0 ], [ -112.008716900585299, 54.775903424652377, 0.0 ], [ -112.008723554626201, 54.775980194619059, 0.0 ], [ -112.008729180471903, 54.77599924878151, 0.0 ], [ -112.008763173114005, 54.776052624193817, 0.0 ], [ -112.008687077092802, 54.776071194425093, 0.0 ], [ -112.008677783969901, 54.77607346196335, 0.0 ], [ -112.008712728388403, 54.776158659870013, 0.0 ], [ -112.008778008134101, 54.776317813974039, 0.0 ], [ -112.008836695160596, 54.776448719276161, 0.0 ], [ -112.008876197285403, 54.776570354585459, 0.0 ], [ -112.008879790207999, 54.776581119656328, 0.0 ], [ -112.008894489880504, 54.776668413758173, 0.0 ], [ -112.008923697948205, 54.77677816521404, 0.0 ], [ -112.008921048984902, 54.776826049281993, 0.0 ], [ -112.008988645015094, 54.776809557351243, 0.0 ], [ -112.009005020496403, 54.776843816515978, 0.0 ], [ -112.009004076929699, 54.776858912909887, 0.0 ], [ -112.009009534235503, 54.77688783880479, 0.0 ], [ -112.009024276604293, 54.776903124348308, 0.0 ], [ -112.009028390552402, 54.776923481361067, 0.0 ], [ -112.009056317712606, 54.776990108748556, 0.0 ], [ -112.009082600314798, 54.777084488409642, 0.0 ], [ -112.009089991584005, 54.777129580074053, 0.0 ], [ -112.009111485053396, 54.777168705571988, 0.0 ], [ -112.009122919656804, 54.777249020328419, 0.0 ], [ -112.009163512406005, 54.777344526554472, 0.0 ], [ -112.009169255638099, 54.777390234145237, 0.0 ], [ -112.009171202182699, 54.777468605856207, 0.0 ], [ -112.009193628189905, 54.77758951390679, 0.0 ], [ -112.009223808239994, 54.777714148073883, 0.0 ], [ -112.009224392185899, 54.777757153259351, 0.0 ], [ -112.009224608495202, 54.777773063484091, 0.0 ], [ -112.009229711884501, 54.777777514824123, 0.0 ], [ -112.009241098308607, 54.777787447689377, 0.0 ], [ -112.009255624271901, 54.77784781704208, 0.0 ], [ -112.009275927940607, 54.777900323873162, 0.0 ], [ -112.009277387957397, 54.777949883339943, 0.0 ], [ -112.009281951848195, 54.777977489273773, 0.0 ], [ -112.009311127848704, 54.778089175408773, 0.0 ], [ -112.009319085110107, 54.778113477747063, 0.0 ], [ -112.009319541014506, 54.778121380725473, 0.0 ], [ -112.009348786384095, 54.778233331196233, 0.0 ], [ -112.009366917636001, 54.778273220963229, 0.0 ], [ -112.0094542358908, 54.778383533353441, 0.0 ], [ -112.009479202805494, 54.778421782049413, 0.0 ], [ -112.009517081423795, 54.77846745487323, 0.0 ], [ -112.009610929980994, 54.778593443657712, 0.0 ], [ -112.009642614889799, 54.77864186885737, 0.0 ], [ -112.009679901291307, 54.7786799716784, 0.0 ], [ -112.009766174041303, 54.778796248329662, 0.0 ], [ -112.009815552701994, 54.778846135291793, 0.0 ], [ -112.009892268934394, 54.778961609467153, 0.0 ], [ -112.009935596163601, 54.779019909826637, 0.0 ], [ -112.009962254289903, 54.779063084108927, 0.0 ], [ -112.010036164491694, 54.779156083800373, 0.0 ], [ -112.010090466682897, 54.779202944018003, 0.0 ], [ -112.010128239202203, 54.779260612604411, 0.0 ], [ -112.010154236426402, 54.77930030767638, 0.0 ], [ -112.010217416641296, 54.779380576302458, 0.0 ], [ -112.010252521467706, 54.779433492945017, 0.0 ], [ -112.0102940560419, 54.779484049702738, 0.0 ], [ -112.010354506549604, 54.779563360477873, 0.0 ], [ -112.010417282579198, 54.779671672695933, 0.0 ], [ -112.010437504297698, 54.779696861138021, 0.0 ], [ -112.010465229197195, 54.779746888385773, 0.0 ], [ -112.010505639574205, 54.779806780556036, 0.0 ], [ -112.010536137955796, 54.779859079818969, 0.0 ], [ -112.010599580047199, 54.779950579745417, 0.0 ], [ -112.010630408364094, 54.780008742500563, 0.0 ], [ -112.010639563637497, 54.78002026528511, 0.0 ], [ -112.010681343314502, 54.780064774675758, 0.0 ], [ -112.0107090538271, 54.780123943457333, 0.0 ], [ -112.010752508558596, 54.780216727732373, 0.0 ], [ -112.010775470956204, 54.780253703451322, 0.0 ], [ -112.010875515777101, 54.780356354925843, 0.0 ], [ -112.011331713110707, 54.780993272167329, 0.0 ], [ -112.0116681986553, 54.781261439908008, 0.0 ], [ -112.011964463554705, 54.781570691296402, 0.0 ], [ -112.013703445236402, 54.78241859659348, 0.0 ], [ -112.014031918109595, 54.782646877466412, 0.0 ], [ -112.014032004101594, 54.782646935349902, 0.0 ], [ -112.014344709211301, 54.782815109328233, 0.0 ], [ -112.014344788430094, 54.782815153553031, 0.0 ], [ -112.0144831685664, 54.782887385944733, 0.0 ], [ -112.015339523803306, 54.78345673454735, 0.0 ], [ -112.015688205136001, 54.783802022002689, 0.0 ], [ -112.015839610479006, 54.783951950646824, 0.0 ], [ -112.0160639246415, 54.784279013645467, 0.0 ], [ -112.0162283410573, 54.784648763733003, 0.0 ], [ -112.016282452300302, 54.784898514283327, 0.0 ], [ -112.016219546196496, 54.785825674510747, 0.0 ], [ -112.016211100190702, 54.785837436421978, 0.0 ], [ -112.016173890932293, 54.785908050596888, 0.0 ], [ -112.016114216268207, 54.785986558505819, 0.0 ], [ -112.0161003111768, 54.786011681283107, 0.0 ], [ -112.016065112280302, 54.786129731126721, 0.0 ], [ -112.016060801214707, 54.786143649125577, 0.0 ], [ -112.016056650733702, 54.786183772731178, 0.0 ], [ -112.016032929841998, 54.786266443978683, 0.0 ], [ -112.016005715631593, 54.786285408987233, 0.0 ], [ -112.015971790574994, 54.786302851556471, 0.0 ], [ -112.0159484825638, 54.786335736225922, 0.0 ], [ -112.015898727749303, 54.786366632468336, 0.0 ], [ -112.016024168040701, 54.786335900028803, 0.0 ], [ -112.016035906294306, 54.786333023801099, 0.0 ], [ -112.016235517175204, 54.786284104965141, 0.0 ], [ -112.0163117252647, 54.786265452527488, 0.0 ], [ -112.016223707797806, 54.786417564986337, 0.0 ], [ -112.016127778964005, 54.786558374561913, 0.0 ], [ -112.016045164305197, 54.786702053586247, 0.0 ], [ -112.015965921749199, 54.786811857113427, 0.0 ], [ -112.015929708103201, 54.786935086116657, 0.0 ], [ -112.015865796100599, 54.787070427917527, 0.0 ], [ -112.015797228981896, 54.787205256652328, 0.0 ], [ -112.015760619392793, 54.787272415425122, 0.0 ], [ -112.015745466685203, 54.787347631576182, 0.0 ], [ -112.015709478749997, 54.787486047761867, 0.0 ], [ -112.015646808519904, 54.787763905172163, 0.0 ], [ -112.0155248771743, 54.788177616228673, 0.0 ], [ -112.015539115207304, 54.788238577430079, 0.0 ], [ -112.015486176683595, 54.788251521441467, 0.0 ], [ -112.015408656200293, 54.788378143428318, 0.0 ], [ -112.015380345107403, 54.788412344845867, 0.0 ], [ -112.015372410632907, 54.788425623164677, 0.0 ], [ -112.015181306624697, 54.789092888252227, 0.0 ], [ -112.014999041559804, 54.789418992770607, 0.0 ], [ -112.014994771284606, 54.789439630572843, 0.0 ], [ -112.014977739947994, 54.789506390598262, 0.0 ], [ -112.014911053958798, 54.789636103294093, 0.0 ], [ -112.014838041120001, 54.789812143356762, 0.0 ], [ -112.014800820739495, 54.789909104239143, 0.0 ], [ -112.014747145461101, 54.789968315114251, 0.0 ], [ -112.014344225716698, 54.790213043814468, 0.0 ], [ -112.014340781278705, 54.790215216594049, 0.0 ], [ -112.014299333847404, 54.790246235861872, 0.0 ], [ -112.014031017580095, 54.790487196899292, 0.0 ], [ -112.014030950334003, 54.790487264500221, 0.0 ], [ -112.013818517033002, 54.790678049819391, 0.0 ], [ -112.013583463603297, 54.790937015714498, 0.0 ], [ -112.013543322582905, 54.790981240150828, 0.0 ], [ -112.013535454858101, 54.791013706910327, 0.0 ], [ -112.013529435812899, 54.791038541564689, 0.0 ], [ -112.013485651701203, 54.79121933484106, 0.0 ], [ -112.013438785480602, 54.791412847651102, 0.0 ], [ -112.013438328772096, 54.79141473422483, 0.0 ], [ -112.013333154958701, 54.792143360525678, 0.0 ], [ -112.013341493038396, 54.792295784854772, 0.0 ], [ -112.013489104141698, 54.792677973673918, 0.0 ], [ -112.014030658325197, 54.793531178549458, 0.0 ], [ -112.014030738150296, 54.79353129924165, 0.0 ], [ -112.014129382030902, 54.793686721795318, 0.0 ], [ -112.014343577579695, 54.79393228143136, 0.0 ], [ -112.014345266324497, 54.793933740535977, 0.0 ], [ -112.014400026476295, 54.793996563109303, 0.0 ], [ -112.014735823957196, 54.794271365540631, 0.0 ], [ -112.014742256966699, 54.794276630058228, 0.0 ], [ -112.014886883313395, 54.79505552305546, 0.0 ], [ -112.014893909600104, 54.795093316086067, 0.0 ], [ -112.014893926419603, 54.795093404645428, 0.0 ], [ -112.015222697226207, 54.796113573320248, 0.0 ], [ -112.025893107937804, 54.793506096310622, 0.0 ], [ -112.025980366443505, 54.793484770282028, 0.0 ], [ -112.029826635751604, 54.792544518032109, 0.0 ], [ -112.032183320707603, 54.791968320847133, 0.0 ], [ -112.031601507256795, 54.791176541404873, 0.0 ], [ -112.031588132486505, 54.791158342132327, 0.0 ], [ -112.0315891655694, 54.791157584014819, 0.0 ], [ -112.031809691861795, 54.790995877287543, 0.0 ], [ -112.031993855965098, 54.790996131303267, 0.0 ], [ -112.039300278956006, 54.791001058973578, 0.0 ], [ -112.039613097602498, 54.791000764256509, 0.0 ], [ -112.040146630048497, 54.791000062830193, 0.0 ], [ -112.0521926647246, 54.790983668794453, 0.0 ], [ -112.064771862748898, 54.790965492080979, 0.0 ], [ -112.065084581691195, 54.79096503024423, 0.0 ], [ -112.077624921396406, 54.790969852272838, 0.0 ], [ -112.090165013127503, 54.790973397172941, 0.0 ], [ -112.090164545406694, 54.790195062342391, 0.0 ], [ -112.089712697006803, 54.789838974495318, 0.0 ], [ -112.081983810729298, 54.783746476850752, 0.0 ], [ -112.077626511715295, 54.780310599214381, 0.0 ], [ -112.073235659119604, 54.776847580008337, 0.0 ], [ -112.072826091685002, 54.776524294512328, 0.0 ], [ -112.065182802978796, 54.770489456464958, 0.0 ], [ -112.065102339236205, 54.770425915288882, 0.0 ], [ -112.064789381629794, 54.770178759761983, 0.0 ], [ -112.064789654960407, 54.769343389378491, 0.0 ], [ -112.064790680595095, 54.769252994423589, 0.0 ], [ -112.064794541130397, 54.762081483958433, 0.0 ], [ -112.061606331107399, 54.762083180462326, 0.0 ], [ -112.060055147693205, 54.762083972085676, 0.0 ], [ -112.060050264063705, 54.761893902370481, 0.0 ], [ -112.060050125716103, 54.761811969660798, 0.0 ], [ -112.060082872764099, 54.761811626198373, 0.0 ], [ -112.060115617193603, 54.761811211608382, 0.0 ], [ -112.060148358939202, 54.761810726788653, 0.0 ], [ -112.060181098131196, 54.761810169943487, 0.0 ], [ -112.060213831533801, 54.76180954279333, 0.0 ], [ -112.060246562382304, 54.761808843617722, 0.0 ], [ -112.060279287441105, 54.761808074137093, 0.0 ], [ -112.0603120082625, 54.76180723438911, 0.0 ], [ -112.060344723424095, 54.761806322540359, 0.0 ], [ -112.060377431242699, 54.76180534034895, 0.0 ], [ -112.060410133336006, 54.761804286954643, 0.0 ], [ -112.060442828151196, 54.761803162319822, 0.0 ], [ -112.060475515622798, 54.761801967342308, 0.0 ], [ -112.060508194263406, 54.761800701086663, 0.0 ], [ -112.0605408656252, 54.761799363590477, 0.0 ], [ -112.060573528090501, 54.761797955713973, 0.0 ], [ -112.060606180106305, 54.761796477419487, 0.0 ], [ -112.060638823355404, 54.761794926949001, 0.0 ], [ -112.060671456089594, 54.761793306958417, 0.0 ], [ -112.060704076886296, 54.761791615614378, 0.0 ], [ -112.060736687232904, 54.761789853852427, 0.0 ], [ -112.060769287194304, 54.761788020774659, 0.0 ], [ -112.060801873599999, 54.76178611720367, 0.0 ], [ -112.060834448002296, 54.761784143177103, 0.0 ], [ -112.060867008848604, 54.761782098657342, 0.0 ], [ -112.060899556203793, 54.761779982746503, 0.0 ], [ -112.060932089937396, 54.761777797240327, 0.0 ], [ -112.060964608626804, 54.761775540305457, 0.0 ], [ -112.060997113694398, 54.761773213775257, 0.0 ], [ -112.061029602164794, 54.761770815778753, 0.0 ], [ -112.061062075525498, 54.761768347251433, 0.0 ], [ -112.061094532158506, 54.761765809053529, 0.0 ], [ -112.061126973681496, 54.76176320032485, 0.0 ], [ -112.061159395436206, 54.761760520952407, 0.0 ], [ -112.061191802080501, 54.761757771049247, 0.0 ], [ -112.061224188891103, 54.761754951400228, 0.0 ], [ -112.061256557485706, 54.761752061145188, 0.0 ], [ -112.061288907798996, 54.761749101181969, 0.0 ], [ -112.061321238343197, 54.761746070575093, 0.0 ], [ -112.061353549118294, 54.761742969324587, 0.0 ], [ -112.061385839993704, 54.761739799226163, 0.0 ], [ -112.061418109547006, 54.761736558446472, 0.0 ], [ -112.0614503577129, 54.761733247883413, 0.0 ], [ -112.061482584556202, 54.761729866639108, 0.0 ], [ -112.061514788394007, 54.761726416471667, 0.0 ], [ -112.061546969356399, 54.761722895585379, 0.0 ], [ -112.061579128865503, 54.761719305813642, 0.0 ], [ -112.061611263946205, 54.761715645285427, 0.0 ], [ -112.061643374468204, 54.761711915796518, 0.0 ], [ -112.061675462048797, 54.76170811648668, 0.0 ], [ -112.061707523582797, 54.761704247280647, 0.0 ], [ -112.061739560557498, 54.761700309113969, 0.0 ], [ -112.061771571485295, 54.761696301051117, 0.0 ], [ -112.061803554748096, 54.761692223952387, 0.0 ], [ -112.061835513516201, 54.761688076995142, 0.0 ], [ -112.061867444619196, 54.761683861002091, 0.0 ], [ -112.061899346504106, 54.761679575935503, 0.0 ], [ -112.061931222276101, 54.761675221870703, 0.0 ], [ -112.061963068894897, 54.761670797834611, 0.0 ], [ -112.061994886230195, 54.761666305622953, 0.0 ], [ -112.062026674411797, 54.761661743440023, 0.0 ], [ -112.062058433309701, 54.761657113081561, 0.0 ], [ -112.062090161435904, 54.761652413612083, 0.0 ], [ -112.062121858725305, 54.761647645929493, 0.0 ], [ -112.062153525242806, 54.761642809135957, 0.0 ], [ -112.062185160988307, 54.761637903231481, 0.0 ], [ -112.062216762791195, 54.761632929038669, 0.0 ], [ -112.062248333821699, 54.761627885734953, 0.0 ], [ -112.062279870844307, 54.761622775040827, 0.0 ], [ -112.062311373988905, 54.761617595160573, 0.0 ], [ -112.062342844743, 54.761612347029747, 0.0 ], [ -112.062374279936094, 54.761607031470923, 0.0 ], [ -112.062405681250794, 54.761601646726056, 0.0 ], [ -112.062437047004096, 54.761596194553292, 0.0 ], [ -112.062468377261098, 54.761590674054737, 0.0 ], [ -112.062499671956402, 54.761585086128314, 0.0 ], [ -112.062530929602303, 54.761579429838541, 0.0 ], [ -112.062562150198801, 54.761573705185448, 0.0 ], [ -112.062593333615595, 54.761567913964797, 0.0 ], [ -112.062624479982503, 54.76156205438086, 0.0 ], [ -112.062655587681903, 54.761556127293943, 0.0 ], [ -112.062686655095703, 54.76155013356427, 0.0 ], [ -112.062717685459404, 54.761544071471413, 0.0 ], [ -112.062748675537307, 54.761537942735828, 0.0 ], [ -112.062779625394398, 54.761531746459767, 0.0 ], [ -112.062810534965394, 54.76152548354105, 0.0 ], [ -112.062841404315293, 54.761519153081878, 0.0 ], [ -112.062872231826304, 54.761512755942498, 0.0 ], [ -112.062903017498201, 54.761506292122952, 0.0 ], [ -112.062933761330896, 54.761499761623263, 0.0 ], [ -112.0629644617716, 54.761493164405813, 0.0 ], [ -112.062995120437904, 54.761486499610449, 0.0 ], [ -112.063025735581803, 54.761479769893107, 0.0 ], [ -112.063056305845706, 54.761472972522668, 0.0 ], [ -112.063086832652004, 54.761466109332432, 0.0 ], [ -112.063117314447993, 54.761459180284881, 0.0 ], [ -112.063147749680894, 54.761452185342371, 0.0 ], [ -112.063178141520794, 54.76144512368235, 0.0 ], [ -112.063208486732293, 54.761437997025297, 0.0 ], [ -112.0632387838927, 54.761430803537962, 0.0 ], [ -112.0632690359771, 54.761423545091283, 0.0 ], [ -112.063299239945096, 54.761416220712192, 0.0 ], [ -112.063329397284093, 54.761408831336233, 0.0 ], [ -112.063359504953993, 54.761401375990339, 0.0 ], [ -112.063389564441906, 54.761393855609988, 0.0 ], [ -112.063419575747901, 54.761386270195231, 0.0 ], [ -112.063449535831694, 54.761378618773051, 0.0 ], [ -112.0634794476682, 54.761370903214363, 0.0 ], [ -112.063509309704699, 54.76136312348163, 0.0 ], [ -112.063539118966006, 54.761355277703942, 0.0 ], [ -112.063568878362005, 54.7613473686501, 0.0 ], [ -112.063598586470107, 54.761339394486868, 0.0 ], [ -112.063628241737504, 54.761331355176601, 0.0 ], [ -112.063657845586704, 54.761323252552721, 0.0 ], [ -112.0636873965299, 54.761315085679762, 0.0 ], [ -112.063716894567094, 54.761306854557752, 0.0 ], [ -112.063746338145506, 54.761298559149139, 0.0 ], [ -112.063775727199896, 54.761290200351809, 0.0 ], [ -112.0638050633479, 54.761281777305562, 0.0 ], [ -112.063834343354102, 54.761273291730909, 0.0 ], [ -112.063863568901098, 54.761264741869802, 0.0 ], [ -112.063892738370996, 54.761256128582502, 0.0 ], [ -112.063921851698794, 54.761247452766938, 0.0 ], [ -112.063950909014494, 54.761238712627403, 0.0 ], [ -112.063979908570005, 54.761229910819921, 0.0 ], [ -112.064008852048204, 54.761221045586417, 0.0 ], [ -112.0640377378311, 54.761212117787167, 0.0 ], [ -112.064066564366101, 54.761203127384611, 0.0 ], [ -112.064095333205799, 54.761194074416402, 0.0 ], [ -112.064124041244597, 54.761184958807377, 0.0 ], [ -112.064152691587907, 54.761175780632747, 0.0 ], [ -112.064181282552795, 54.761166541650702, 0.0 ], [ -112.064209812716697, 54.761157240027941, 0.0 ], [ -112.064238282014301, 54.761147876662363, 0.0 ], [ -112.064266690510806, 54.761138450656162, 0.0 ], [ -112.064295038010798, 54.761128964702962, 0.0 ], [ -112.064323323156799, 54.761119416071587, 0.0 ], [ -112.064351547371302, 54.761109806595449, 0.0 ], [ -112.064379707548895, 54.761100136199303, 0.0 ], [ -112.064407805307098, 54.761090404023022, 0.0 ], [ -112.064435840515799, 54.761080611862319, 0.0 ], [ -112.064463811687403, 54.761070758781777, 0.0 ], [ -112.064491718821799, 54.761060844781461, 0.0 ], [ -112.064519560366193, 54.761050869823791, 0.0 ], [ -112.064547337743093, 54.761040835742129, 0.0 ], [ -112.064575049530006, 54.761030740703198, 0.0 ], [ -112.064602695661605, 54.761020585604911, 0.0 ], [ -112.064630276137905, 54.761010370447302, 0.0 ], [ -112.064657789341297, 54.761000096090683, 0.0 ], [ -112.064685236889105, 54.760989761674843, 0.0 ], [ -112.064712615611199, 54.76097936802244, 0.0 ], [ -112.064739928677795, 54.760968914310901, 0.0 ], [ -112.064767172853394, 54.760958402260798, 0.0 ], [ -112.064794348202895, 54.760947830974281, 0.0 ], [ -112.064821454661399, 54.760937201349279, 0.0 ], [ -112.064848492358806, 54.760926511590121, 0.0 ], [ -112.064875461099902, 54.760915764390397, 0.0 ], [ -112.064902357844502, 54.760904958777111, 0.0 ], [ -112.064929185762793, 54.760894093927661, 0.0 ], [ -112.064955943171995, 54.760883171600177, 0.0 ], [ -112.064982630072095, 54.760872191794768, 0.0 ], [ -112.065009244975499, 54.760861153575988, 0.0 ], [ -112.065035787816896, 54.760850057841687, 0.0 ], [ -112.065062258596498, 54.760838904591999, 0.0 ], [ -112.0650886557615, 54.760827693789331, 0.0 ], [ -112.065114980864493, 54.76081642547134, 0.0 ], [ -112.065141233840393, 54.760805100535897, 0.0 ], [ -112.0651674115839, 54.760793718907912, 0.0 ], [ -112.065193515647593, 54.760782280624959, 0.0 ], [ -112.0652195460314, 54.760770785687157, 0.0 ], [ -112.065245501182702, 54.760759234056913, 0.0 ], [ -112.065271381036396, 54.76074762663216, 0.0 ], [ -112.065297185657499, 54.760735962515042, 0.0 ], [ -112.065322913363303, 54.76072424346377, 0.0 ], [ -112.065348565836402, 54.760712467720261, 0.0 ], [ -112.065374141394102, 54.760700637042667, 0.0 ], [ -112.065399640101404, 54.76068875053322, 0.0 ], [ -112.065425061893194, 54.760676809089787, 0.0 ], [ -112.065450405281894, 54.760664811776962, 0.0 ], [ -112.065475671689995, 54.760652760428108, 0.0 ], [ -112.065500859629907, 54.76064065410786, 0.0 ], [ -112.065525967484007, 54.760628493676492, 0.0 ], [ -112.065550998422495, 54.760616278311367, 0.0 ], [ -112.065575947722394, 54.760604008797671, 0.0 ], [ -112.065600818489003, 54.760591685210578, 0.0 ], [ -112.065625609169501, 54.760579307512593, 0.0 ], [ -112.065650318146496, 54.760566876563992, 0.0 ], [ -112.0656749485251, 54.760554392440028, 0.0 ], [ -112.065699495712394, 54.760541854130118, 0.0 ], [ -112.065723962748606, 54.760529262607342, 0.0 ], [ -112.065748346463494, 54.760516618694453, 0.0 ], [ -112.065772648474606, 54.760503921531182, 0.0 ], [ -112.065796868717001, 54.760491172015492, 0.0 ], [ -112.0658210056379, 54.760478370109801, 0.0 ], [ -112.065845059237503, 54.760465515814161, 0.0 ], [ -112.065869029450695, 54.760452610026519, 0.0 ], [ -112.0658929148548, 54.760439650913597, 0.0 ], [ -112.065916716807394, 54.760426641206593, 0.0 ], [ -112.065940433820998, 54.760413579970141, 0.0 ], [ -112.0659640659605, 54.760400466306379, 0.0 ], [ -112.065987613030899, 54.760387302909002, 0.0 ], [ -112.066011075227294, 54.760374087084408, 0.0 ], [ -112.066034450801894, 54.760360821488703, 0.0 ], [ -112.069647779067395, 54.758302392808773, 0.0 ], [ -112.069671042942304, 54.758289089657531, 0.0 ], [ -112.069694220260203, 54.758275735840002, 0.0 ], [ -112.069717309468601, 54.758262331318633, 0.0 ], [ -112.069740313542795, 54.758248877964313, 0.0 ], [ -112.069763229507302, 54.758235373906281, 0.0 ], [ -112.069786057232605, 54.758221820940307, 0.0 ], [ -112.069808798335899, 54.758208218206143, 0.0 ], [ -112.069831449647396, 54.758194566526562, 0.0 ], [ -112.069854014271996, 54.758180865976762, 0.0 ], [ -112.069876487552307, 54.758167116444127, 0.0 ], [ -112.069898872593299, 54.758153318003828, 0.0 ], [ -112.069921169330001, 54.758139471553733, 0.0 ], [ -112.069943374657498, 54.758125577018831, 0.0 ], [ -112.069965490128197, 54.758111634436723, 0.0 ], [ -112.069987515742298, 54.758097643807453, 0.0 ], [ -112.070009449947094, 54.758083605093532, 0.0 ], [ -112.070031292677797, 54.758069519192858, 0.0 ], [ -112.070053043869507, 54.758055387003367, 0.0 ], [ -112.070074703652097, 54.758041206729388, 0.0 ], [ -112.070096271960594, 54.75802697926882, 0.0 ], [ -112.070117747112704, 54.758012706379887, 0.0 ], [ -112.070139129238299, 54.757998386266912, 0.0 ], [ -112.070160419825001, 54.757984019865368, 0.0 ], [ -112.070181615702893, 54.75796960799812, 0.0 ], [ -112.070202718489398, 54.757955149804843, 0.0 ], [ -112.0702237281197, 54.757940646183457, 0.0 ], [ -112.070244643041207, 54.757926097096487, 0.0 ], [ -112.070265464806596, 54.757911502581507, 0.0 ], [ -112.070286190245895, 54.757896863461383, 0.0 ], [ -112.070306820976597, 54.757882178875803, 0.0 ], [ -112.070327356933703, 54.757867449722703, 0.0 ], [ -112.070347796500002, 54.757852676862463, 0.0 ], [ -112.070368139740296, 54.757837859397249, 0.0 ], [ -112.070388388142405, 54.757822998262533, 0.0 ], [ -112.070408540218494, 54.757808092522957, 0.0 ], [ -112.070428594286497, 54.757793143936759, 0.0 ], [ -112.070448551963906, 54.757778151643663, 0.0 ], [ -112.070468413185694, 54.757763116541582, 0.0 ], [ -112.070488174847, 54.757748038555476, 0.0 ], [ -112.070507840117699, 54.757732916862643, 0.0 ], [ -112.070527407250694, 54.757717754119128, 0.0 ], [ -112.070546876440801, 54.757702547631453, 0.0 ], [ -112.070566245940697, 54.757687300055679, 0.0 ], [ -112.070585515815495, 54.757672010494034, 0.0 ], [ -112.070604687617603, 54.757656678984027, 0.0 ], [ -112.070623759729799, 54.75764130638612, 0.0 ], [ -112.070642732216996, 54.757625891802441, 0.0 ], [ -112.070661604949393, 54.757610437028802, 0.0 ], [ -112.070680376439498, 54.757594941129817, 0.0 ], [ -112.070699048175001, 54.757579405040957, 0.0 ], [ -112.070717618668297, 54.757563827826871, 0.0 ], [ -112.070736089342205, 54.757548211320866, 0.0 ], [ -112.070754457221497, 54.757532553652212, 0.0 ], [ -112.070772723664206, 54.757516857552048, 0.0 ], [ -112.070790888800005, 54.75750112122472, 0.0 ], [ -112.070808950946798, 54.757485346428453, 0.0 ], [ -112.070826911786895, 54.757469531405107, 0.0 ], [ -112.070844769573199, 54.757453678810791, 0.0 ], [ -112.070862524435498, 54.757437786849827, 0.0 ], [ -112.070880176309103, 54.757421856420109, 0.0 ], [ -112.070897723576493, 54.757405888382053, 0.0 ], [ -112.070915169407897, 54.757389881912857, 0.0 ], [ -112.070932510568397, 54.757373838733272, 0.0 ], [ -112.070949747187996, 54.757357757047593, 0.0 ], [ -112.070966879136805, 54.757341638651603, 0.0 ], [ -112.070983908032503, 54.757325482685019, 0.0 ], [ -112.071000830705103, 54.757309289970713, 0.0 ], [ -112.071017648642396, 54.757293061444017, 0.0 ], [ -112.071034361909398, 54.757276796207272, 0.0 ], [ -112.0710509689535, 54.757260494222884, 0.0 ], [ -112.0710674696453, 54.757244157286671, 0.0 ], [ -112.071083865602006, 54.757227784538323, 0.0 ], [ -112.071100155271296, 54.757211375940336, 0.0 ], [ -112.071116338588396, 54.757194932390689, 0.0 ], [ -112.0711324140009, 54.757178453851822, 0.0 ], [ -112.071148383061399, 54.75716194036135, 0.0 ], [ -112.071164245705106, 54.757145392817193, 0.0 ], [ -112.071180000379599, 54.757128811181822, 0.0 ], [ -112.0711956487023, 54.757112194594953, 0.0 ], [ -112.071211187438607, 54.75709554477735, 0.0 ], [ -112.071226619693604, 54.757078861804068, 0.0 ], [ -112.071241942427207, 54.757062144702239, 0.0 ], [ -112.071257157062405, 54.757045395305163, 0.0 ], [ -112.0712722637289, 54.757028611817169, 0.0 ], [ -112.071287260679696, 54.757011796894353, 0.0 ], [ -112.071302149532301, 54.756994949676397, 0.0 ], [ -112.071316927246798, 54.756978069190467, 0.0 ], [ -112.071331596798302, 54.75696115730738, 0.0 ], [ -112.071346156634604, 54.75694421398962, 0.0 ], [ -112.071360606755704, 54.756927239237257, 0.0 ], [ -112.0713749471618, 54.756910233050327, 0.0 ], [ -112.071389176235598, 54.756893196289177, 0.0 ], [ -112.071403295594493, 54.756876128093559, 0.0 ], [ -112.071417303556402, 54.756859030221719, 0.0 ], [ -112.071431200186396, 54.7568419017758, 0.0 ], [ -112.071444986972097, 54.756824743691247, 0.0 ], [ -112.071458662425997, 54.756807555032672, 0.0 ], [ -112.071472226418607, 54.756790337595888, 0.0 ], [ -112.071485677462306, 54.756773090445577, 0.0 ], [ -112.071499017044701, 54.756755814517071, 0.0 ], [ -112.071512245231105, 54.756738508912647, 0.0 ], [ -112.071525361826701, 54.756721176325861, 0.0 ], [ -112.071538363921405, 54.756703813988153, 0.0 ], [ -112.071551255978207, 54.75668642470567, 0.0 ], [ -112.0715640334694, 54.756669006570249, 0.0 ], [ -112.071576697817903, 54.756651561415097, 0.0 ], [ -112.071589250576395, 54.756634089277789, 0.0 ], [ -112.071601688704803, 54.756616589185462, 0.0 ], [ -112.071614013626004, 54.756599062971453, 0.0 ], [ -112.071626225340196, 54.756581510635691, 0.0 ], [ -112.071638322359803, 54.756563931242923, 0.0 ], [ -112.0716503061726, 54.756546325728507, 0.0 ], [ -112.071662175226194, 54.756528694055042, 0.0 ], [ -112.071673931008405, 54.756511037157843, 0.0 ], [ -112.071685571966896, 54.756493354999471, 0.0 ], [ -112.071697096549201, 54.75647564754248, 0.0 ], [ -112.071708507795606, 54.756457915759754, 0.0 ], [ -112.071719804218702, 54.75644015871594, 0.0 ], [ -112.071730985753604, 54.756422377308994, 0.0 ], [ -112.0717420507833, 54.756404572399241, 0.0 ], [ -112.071753000925, 54.756386743126377, 0.0 ], [ -112.071763836114201, 54.756368890388323, 0.0 ], [ -112.071774554798495, 54.756351014147583, 0.0 ], [ -112.071785156913094, 54.756333115302063, 0.0 ], [ -112.071795644075607, 54.756315192991423, 0.0 ], [ -112.071806014668695, 54.756297248076073, 0.0 ], [ -112.0718162686277, 54.756279281453892, 0.0 ], [ -112.071826407570001, 54.756261292264533, 0.0 ], [ -112.071836428326193, 54.756243281330917, 0.0 ], [ -112.071846332448601, 54.756225248690569, 0.0 ], [ -112.071856119872606, 54.756207195241373, 0.0 ], [ -112.071865790663296, 54.756189120085487, 0.0 ], [ -112.071875343203303, 54.756171024083322, 0.0 ], [ -112.071884779045405, 54.756152907272401, 0.0 ], [ -112.071894098124901, 54.756134770550638, 0.0 ], [ -112.071903298889296, 54.756116613880486, 0.0 ], [ -112.071912382891298, 54.756098437299578, 0.0 ], [ -112.071921346961403, 54.756080241630713, 0.0 ], [ -112.071930194269299, 54.756062026051097, 0.0 ], [ -112.071938924750398, 54.756043791458652, 0.0 ], [ -112.071947535299898, 54.756025537778328, 0.0 ], [ -112.071956027405605, 54.756007265945577, 0.0 ], [ -112.071964402620097, 54.755988975997909, 0.0 ], [ -112.0719726578386, 54.755970667860332, 0.0 ], [ -112.071980794548907, 54.755952342468269, 0.0 ], [ -112.071988812815903, 54.75593399892383, 0.0 ], [ -112.071996712575, 54.755915638124961, 0.0 ], [ -112.072004492209004, 54.755897260932016, 0.0 ], [ -112.072012153335294, 54.755878866484657, 0.0 ], [ -112.072019695889395, 54.755860455680782, 0.0 ], [ -112.0720271183188, 54.755842028482938, 0.0 ], [ -112.072034420623694, 54.755823584891083, 0.0 ], [ -112.072041604227095, 54.755805126738508, 0.0 ], [ -112.072048667706298, 54.755786652192022, 0.0 ], [ -112.072055612484206, 54.755768163084873, 0.0 ], [ -112.072062437073498, 54.755749658481683, 0.0 ], [ -112.0720691413445, 54.755731140178241, 0.0 ], [ -112.072075725427098, 54.755712606378808, 0.0 ], [ -112.072082189191704, 54.755694058879143, 0.0 ], [ -112.072088532638602, 54.755675497679277, 0.0 ], [ -112.072094755767907, 54.755656922779238, 0.0 ], [ -112.072100860132196, 54.755638334216528, 0.0 ], [ -112.072106842561894, 54.755619732814033, 0.0 ], [ -112.072112704609495, 54.755601118609277, 0.0 ], [ -112.072118446275397, 54.755582491602297, 0.0 ], [ -112.072124065942305, 54.755563852653438, 0.0 ], [ -112.072129566715304, 54.755545201837727, 0.0 ], [ -112.072134945554495, 54.755526538182352, 0.0 ], [ -112.072140203882896, 54.755507863520513, 0.0 ], [ -112.072145340148097, 54.755489177814773, 0.0 ], [ -112.072150355902707, 54.755470481102613, 0.0 ], [ -112.072155251082094, 54.75545177428193, 0.0 ], [ -112.072160024263695, 54.755433055519489, 0.0 ], [ -112.072164676805599, 54.75541432754644, 0.0 ], [ -112.072169207220199, 54.75539558942743, 0.0 ], [ -112.072173617060301, 54.755376841199912, 0.0 ], [ -112.072177904643894, 54.755358084622223, 0.0 ], [ -112.072182070100794, 54.755339317898567, 0.0 ], [ -112.072186114853807, 54.755320542862229, 0.0 ], [ -112.072190038968202, 54.755301758615367, 0.0 ], [ -112.072193839274206, 54.755282965980832, 0.0 ], [ -112.072197518812104, 54.755264165931479, 0.0 ], [ -112.072201076094501, 54.75524535753204, 0.0 ], [ -112.072204512609105, 54.755226541717803, 0.0 ], [ -112.072207826803606, 54.755207718451373, 0.0 ], [ -112.072211017061093, 54.75518888859299, 0.0 ], [ -112.072214088103607, 54.755170051357432, 0.0 ], [ -112.072217035209306, 54.755151207530027, 0.0 ], [ -112.072219861418404, 54.755132358083642, 0.0 ], [ -112.072222563691099, 54.755113502045432, 0.0 ], [ -112.072225145067407, 54.755094640388251, 0.0 ], [ -112.072227603995103, 54.755075773074637, 0.0 ], [ -112.072229940409699, 54.755056901002462, 0.0 ], [ -112.072232155863603, 54.755038024209213, 0.0 ], [ -112.072234247252197, 54.755019142619922, 0.0 ], [ -112.072236217680498, 54.755000256309579, 0.0 ], [ -112.072238063979, 54.75498136610107, 0.0 ], [ -112.072239789252706, 54.75496247206938, 0.0 ], [ -112.072241391949305, 54.754943574177062, 0.0 ], [ -112.072242872069097, 54.754924672424103, 0.0 ], [ -112.072244229482493, 54.754905768606172, 0.0 ], [ -112.072245464254493, 54.754886861825497, 0.0 ], [ -112.072246577937705, 54.754867952119561, 0.0 ], [ -112.072247567362695, 54.754849040311228, 0.0 ], [ -112.072248435634293, 54.754830126475511, 0.0 ], [ -112.072249179647997, 54.754811210537383, 0.0 ], [ -112.072249802443807, 54.754792293469762, 0.0 ], [ -112.072250302469698, 54.754773375235082, 0.0 ], [ -112.072250679725698, 54.754754455833421, 0.0 ], [ -112.072250934147206, 54.754735536162599, 0.0 ], [ -112.072251703806103, 54.754662215190613, 0.0 ], [ -112.072307781159395, 54.749221166173172, 0.0 ], [ -112.072324608342299, 54.747530994607047, 0.0 ], [ -112.072325339585504, 54.747350298534649, 0.0 ], [ -112.072321559915096, 54.745743049212557, 0.0 ], [ -112.072321282188, 54.745608199731407, 0.0 ], [ -112.072309997270096, 54.740217353403558, 0.0 ], [ -112.060012187113401, 54.740236347637001, 0.0 ], [ -112.047557275641907, 54.740254312396203, 0.0 ], [ -112.047244960526299, 54.74025436528369, 0.0 ], [ -112.047235793454504, 54.735394382352553, 0.0 ], [ -112.047231343157193, 54.7330262115293, 0.0 ], [ -112.042573219161696, 54.729575169857853, 0.0 ], [ -112.042673940174794, 54.729145116845658, 0.0 ], [ -112.0427222612376, 54.728672483251891, 0.0 ], [ -112.042714173283301, 54.728212240450183, 0.0 ], [ -112.042299894829199, 54.727994474084007, 0.0 ], [ -112.0423326122785, 54.727545552944491, 0.0 ], [ -112.042365330440006, 54.727096630898302, 0.0 ], [ -112.041961532149998, 54.726879900651113, 0.0 ], [ -112.042042755014094, 54.726405179671197, 0.0 ], [ -112.042059308060402, 54.725964857345133, 0.0 ], [ -112.041657543415099, 54.72574705034814, 0.0 ], [ -112.041750892056001, 54.725265880672282, 0.0 ], [ -112.041349135885994, 54.725048072735291, 0.0 ], [ -112.0413818618959, 54.724599150901589, 0.0 ], [ -112.041414586935701, 54.724150229919033, 0.0 ], [ -112.041012843371007, 54.723932421886637, 0.0 ], [ -112.041106196295502, 54.723451251764253, 0.0 ], [ -112.040704459653796, 54.723233442754101, 0.0 ], [ -112.040721024729507, 54.72279311967359, 0.0 ], [ -112.040802253636897, 54.722318400259212, 0.0 ], [ -112.040398508939106, 54.722101665298112, 0.0 ], [ -112.040396317864605, 54.721671321966063, 0.0 ], [ -112.040453995069697, 54.721209130385738, 0.0 ], [ -112.040523645972996, 54.7207405673173, 0.0 ], [ -112.040557376373599, 54.72029111498297, 0.0 ], [ -112.040158043247203, 54.720072042892838, 0.0 ], [ -112.039786655323994, 54.719838108140692, 0.0 ], [ -112.039382531657793, 54.720053091945083, 0.0 ], [ -112.039399106828, 54.719612770761017, 0.0 ], [ -112.039480342021406, 54.719138050293331, 0.0 ], [ -112.039076637040495, 54.718921312236247, 0.0 ], [ -112.038705267372606, 54.718687373475049, 0.0 ], [ -112.038726202644199, 54.718400382623763, 0.0 ], [ -112.038621019587495, 54.718214088241552, 0.0 ], [ -112.038107812130306, 54.71787700448602, 0.0 ], [ -112.037713410669895, 54.717617948987922, 0.0 ], [ -112.037685934946595, 54.717575685894147, 0.0 ], [ -112.037623936788094, 54.717536629639831, 0.0 ], [ -112.0372525864789, 54.717302686598032, 0.0 ], [ -112.037029625415201, 54.717162222964987, 0.0 ], [ -112.036971365075999, 54.717145731299091, 0.0 ], [ -112.036837572841094, 54.717066698382148, 0.0 ], [ -112.036076079799102, 54.717031055448231, 0.0 ], [ -112.035290724758397, 54.717005840991419, 0.0 ], [ -112.034926214519302, 54.717245764046112, 0.0 ], [ -112.034177502757998, 54.71726758896267, 0.0 ], [ -112.033359921864502, 54.717255600748892, 0.0 ], [ -112.032568419181104, 54.717212121259571, 0.0 ], [ -112.032352687423497, 54.717048820786061, 0.0 ], [ -112.032306852719799, 54.717042843567512, 0.0 ], [ -112.031780978236398, 54.716712378089547, 0.0 ], [ -112.031255113916004, 54.716381909558073, 0.0 ], [ -112.030729256459693, 54.716051440590697, 0.0 ], [ -112.030674966335994, 54.716017321376803, 0.0 ], [ -112.029967875765195, 54.715999986287578, 0.0 ], [ -112.029596584165503, 54.715766020438167, 0.0 ], [ -112.029225296837694, 54.715532053495373, 0.0 ], [ -112.028854013715801, 54.715298086356967, 0.0 ], [ -112.028482734931103, 54.715064117227371, 0.0 ], [ -112.0281114604838, 54.714830146106671, 0.0 ], [ -112.027740190176402, 54.714596175688278, 0.0 ], [ -112.027502150280597, 54.71444616299987, 0.0 ], [ -112.027470452736793, 54.714437333292082, 0.0 ], [ -112.027465874704504, 54.714423302003389, 0.0 ], [ -112.027368924206201, 54.714362203278803, 0.0 ], [ -112.027383041352607, 54.714169408755453, 0.0 ], [ -112.0273264057886, 54.713995819700337, 0.0 ], [ -112.0273055287809, 54.713931827065309, 0.0 ], [ -112.027154382378498, 54.713779065695881, 0.0 ], [ -112.0270002244051, 54.713695432776703, 0.0 ], [ -112.027037440037006, 54.713503904064133, 0.0 ], [ -112.027002832171306, 54.713236418891519, 0.0 ], [ -112.026992890805005, 54.713159576154702, 0.0 ], [ -112.026692156038905, 54.712996421804988, 0.0 ], [ -112.026700788080603, 54.712916900380428, 0.0 ], [ -112.026741866496096, 54.712538549680957, 0.0 ], [ -112.026802801929193, 54.712074705495567, 0.0 ], [ -112.026841285163599, 54.711622803482364, 0.0 ], [ -112.026835281455007, 54.711479186137389, 0.0 ], [ -112.026929931508306, 54.711365841356447, 0.0 ], [ -112.0273555067741, 54.711164431637002, 0.0 ], [ -112.027870762805506, 54.711174685265128, 0.0 ], [ -112.0286463365006, 54.711190114976439, 0.0 ], [ -112.029421912451795, 54.711205540664707, 0.0 ], [ -112.030197486072495, 54.711220961317991, 0.0 ], [ -112.030973063696393, 54.711236375292749, 0.0 ], [ -112.031748638792394, 54.711251786926042, 0.0 ], [ -112.032524216406102, 54.711267190944881, 0.0 ], [ -112.033299794592907, 54.711282592698282, 0.0 ], [ -112.033402356192099, 54.711310521223183, 0.0 ], [ -112.034104599223895, 54.711501752263679, 0.0 ], [ -112.034619060282097, 54.711530702062383, 0.0 ], [ -112.035391459778396, 54.711574160656362, 0.0 ], [ -112.035951502201598, 54.711768495028778, 0.0 ], [ -112.036073187361197, 54.71177415664544, 0.0 ], [ -112.036846738693001, 54.71181014977914, 0.0 ], [ -112.037135658948003, 54.711755453433391, 0.0 ], [ -112.037390289499399, 54.711443116375243, 0.0 ], [ -112.037769731677798, 54.711211561273423, 0.0 ], [ -112.0383053708848, 54.710944357668147, 0.0 ], [ -112.038893278012907, 54.710651071165337, 0.0 ], [ -112.039481179907597, 54.71035777997276, 0.0 ], [ -112.039780673460001, 54.710684482555408, 0.0 ], [ -112.039977385221505, 54.710744034588707, 0.0 ], [ -112.040660372409405, 54.710779139490157, 0.0 ], [ -112.041060243477702, 54.710799690175463, 0.0 ], [ -112.041199726420302, 54.710887567860119, 0.0 ], [ -112.041587877586196, 54.711112539360457, 0.0 ], [ -112.041959199531604, 54.711346469869177, 0.0 ], [ -112.042330522777306, 54.711580397412547, 0.0 ], [ -112.043105874746601, 54.711599327550658, 0.0 ], [ -112.043311904110297, 54.711471476777447, 0.0 ], [ -112.043750326241494, 54.711521895478, 0.0 ], [ -112.043881230720899, 54.711618252810027, 0.0 ], [ -112.044579360616595, 54.711635288840647, 0.0 ], [ -112.044622866766602, 54.711660178396883, 0.0 ], [ -112.045174899680106, 54.711975983070523, 0.0 ], [ -112.045212023368705, 54.711987059573147, 0.0 ], [ -112.045808671685407, 54.712165062189086, 0.0 ], [ -112.046498534863304, 54.712370868090318, 0.0 ], [ -112.047188405008995, 54.71257667193742, 0.0 ], [ -112.047221559677297, 54.712596327070642, 0.0 ], [ -112.047763801625806, 54.712917777560513, 0.0 ], [ -112.048315408776105, 54.713055767065228, 0.0 ], [ -112.048348765493401, 54.713075390822993, 0.0 ], [ -112.048893131023604, 54.713395638470409, 0.0 ], [ -112.049509865126794, 54.7135127995057, 0.0 ], [ -112.050247269405503, 54.713652880653598, 0.0 ], [ -112.050984677367396, 54.713792957333737, 0.0 ], [ -112.051020833710496, 54.713815085973863, 0.0 ], [ -112.051365131567593, 54.714025803973612, 0.0 ], [ -112.0514403046772, 54.714084829290648, 0.0 ], [ -112.051462454960102, 54.71408536847094, 0.0 ], [ -112.051927592929403, 54.714370038829863, 0.0 ], [ -112.052487209494501, 54.714528631902482, 0.0 ], [ -112.053184285263299, 54.71472617436708, 0.0 ], [ -112.053266960533605, 54.714773759339487, 0.0 ], [ -112.053817362746003, 54.715090543008692, 0.0 ], [ -112.053960747215001, 54.715136508170772, 0.0 ], [ -112.054639721518797, 54.715354167467233, 0.0 ], [ -112.054696840635401, 54.715361607743851, 0.0 ], [ -112.055454037955897, 54.715460222095047, 0.0 ], [ -112.055862929522903, 54.715620226943727, 0.0 ], [ -112.056227922607306, 54.715651984665492, 0.0 ], [ -112.056995426640299, 54.715718763939933, 0.0 ], [ -112.057079043259193, 54.715766095664783, 0.0 ], [ -112.057633977336707, 54.716080227326778, 0.0 ], [ -112.0581834674975, 54.716219344484863, 0.0 ], [ -112.0582664975027, 54.716266828406411, 0.0 ], [ -112.0588186563037, 54.71658259865675, 0.0 ], [ -112.059411731392899, 54.716610769399523, 0.0 ], [ -112.060185277103997, 54.716647507667993, 0.0 ], [ -112.060958822906798, 54.716684240078052, 0.0 ], [ -112.061600721927107, 54.716882063686093, 0.0 ], [ -112.061890428131804, 54.716905009925277, 0.0 ], [ -112.062679722381304, 54.716977292919772, 0.0 ], [ -112.063237429910302, 54.717289785218703, 0.0 ], [ -112.063795144350195, 54.717602276798132, 0.0 ], [ -112.064552544692603, 54.717654092821633, 0.0 ], [ -112.065323346833296, 54.717706818786027, 0.0 ], [ -112.065884938782702, 54.717901981978628, 0.0 ], [ -112.066550413899805, 54.718133240403397, 0.0 ], [ -112.066983715339603, 54.718113135365527, 0.0 ], [ -112.067021841880603, 54.718093670074197, 0.0 ], [ -112.067603976585801, 54.717796475735483, 0.0 ], [ -112.067755799020702, 54.717756889774719, 0.0 ], [ -112.068463495037605, 54.717572368300111, 0.0 ], [ -112.068900291000702, 54.717550760743023, 0.0 ], [ -112.069673632948493, 54.717512502055122, 0.0 ], [ -112.0700324866594, 54.717151693359241, 0.0 ], [ -112.070102476588104, 54.717114895775893, 0.0 ], [ -112.070677043467896, 54.716812811667673, 0.0 ], [ -112.071251598777195, 54.716510723744683, 0.0 ], [ -112.071550157916107, 54.716508363687943, 0.0 ], [ -112.072326231496803, 54.716502227296203, 0.0 ], [ -112.073102300498803, 54.716496084021337, 0.0 ], [ -112.073629268599504, 54.716363368012509, 0.0 ], [ -112.074268256298495, 54.71652322322511, 0.0 ], [ -112.074840125055502, 54.716366124362992, 0.0 ], [ -112.0749847419536, 54.716364699251208, 0.0 ], [ -112.075760771525793, 54.716357046752783, 0.0 ], [ -112.075959848523794, 54.716206228715308, 0.0 ], [ -112.076085756991105, 54.716191350283061, 0.0 ], [ -112.076846213784293, 54.716101487210267, 0.0 ], [ -112.077072608758002, 54.715980342343052, 0.0 ], [ -112.077642567233397, 54.715675356183567, 0.0 ], [ -112.078212517224401, 54.715370366327662, 0.0 ], [ -112.078658727890101, 54.715302522239227, 0.0 ], [ -112.079157843948707, 54.715348081831372, 0.0 ], [ -112.079307552738598, 54.715396932157432, 0.0 ], [ -112.079983679094994, 54.715617553899968, 0.0 ], [ -112.080447943304407, 54.715894570744261, 0.0 ], [ -112.080988414326896, 54.716217050872856, 0.0 ], [ -112.081502677620904, 54.716268620355841, 0.0 ], [ -112.082267430632896, 54.71634530634153, 0.0 ], [ -112.082667664183305, 54.71661783543437, 0.0 ], [ -112.082675917193498, 54.716656644106713, 0.0 ], [ -112.082701043177707, 54.716774753697621, 0.0 ], [ -112.082672166692703, 54.717079875017923, 0.0 ], [ -112.082809619590094, 54.717149765637281, 0.0 ], [ -112.083086860593994, 54.717290733204898, 0.0 ], [ -112.083458478321603, 54.717524539753583, 0.0 ], [ -112.083704296588905, 54.717679193271508, 0.0 ], [ -112.083830105039794, 54.717758344420027, 0.0 ], [ -112.084201731378101, 54.717992147878071, 0.0 ], [ -112.084573365156004, 54.718225949416457, 0.0 ], [ -112.084945000040506, 54.718459750681617, 0.0 ], [ -112.085316642235995, 54.718693551822803, 0.0 ], [ -112.085963366174497, 54.718709110575858, 0.0 ], [ -112.086080527296204, 54.718874246423198, 0.0 ], [ -112.086059934987404, 54.719161148010002, 0.0 ], [ -112.086431588452101, 54.71939494582422, 0.0 ], [ -112.0867603053577, 54.71939770571948, 0.0 ], [ -112.086904702184398, 54.719488040636847, 0.0 ], [ -112.0874353047938, 54.719637164262771, 0.0 ], [ -112.087666777356802, 54.719945639386971, 0.0 ], [ -112.087969690423904, 54.719979462523867, 0.0 ], [ -112.088077273768803, 54.719991474608463, 0.0 ], [ -112.088839441188, 54.720076569894751, 0.0 ], [ -112.089322788128001, 54.720250868567412, 0.0 ], [ -112.089687166740504, 54.720282620416882, 0.0 ], [ -112.090454740544601, 54.720349504931889, 0.0 ], [ -112.090538604158695, 54.720396763995133, 0.0 ], [ -112.091094799268106, 54.720710192824512, 0.0 ], [ -112.091648431429405, 54.720847046293713, 0.0 ], [ -112.092042569916998, 54.721068873894637, 0.0 ], [ -112.092253823765802, 54.721209517395707, 0.0 ], [ -112.092763152652594, 54.721548595619609, 0.0 ], [ -112.092951648121399, 54.721879987557827, 0.0 ], [ -112.093026518902505, 54.721931875141188, 0.0 ], [ -112.093524138731397, 54.7222767320267, 0.0 ], [ -112.093562271379795, 54.722326952648359, 0.0 ], [ -112.093773733589302, 54.722605433926972, 0.0 ], [ -112.093874625724297, 54.722738301008903, 0.0 ], [ -112.093883396097894, 54.722777014122961, 0.0 ], [ -112.093984350667597, 54.723222527449202, 0.0 ], [ -112.094061791997603, 54.723313506684939, 0.0 ], [ -112.0944048867471, 54.723716567768733, 0.0 ], [ -112.094978662937606, 54.723592144147908, 0.0 ], [ -112.095664149137093, 54.723577111278871, 0.0 ], [ -112.096051402659199, 54.723568617275291, 0.0 ], [ -112.096421064799301, 54.723560507206329, 0.0 ], [ -112.096439874665606, 54.72356009547368, 0.0 ], [ -112.096586417862198, 54.723492128290708, 0.0 ], [ -112.096673088590805, 54.72345193050753, 0.0 ], [ -112.097192210901696, 54.7232111598505, 0.0 ], [ -112.097246396548599, 54.723206573223521, 0.0 ], [ -112.097815581409506, 54.723158389495829, 0.0 ], [ -112.097840006169903, 54.722816787523918, 0.0 ], [ -112.098615614161304, 54.72283536525768, 0.0 ], [ -112.098871472392304, 54.722996247105819, 0.0 ], [ -112.098987374333404, 54.723069123899258, 0.0 ], [ -112.099746831003202, 54.723096301824469, 0.0 ], [ -112.100570906568905, 54.723089045355039, 0.0 ], [ -112.100910371514701, 54.723340014422909, 0.0 ], [ -112.101282149608394, 54.723573767116918, 0.0 ], [ -112.101653931976898, 54.72380751871335, 0.0 ], [ -112.102025720171696, 54.72404126924927, 0.0 ], [ -112.1022107004909, 54.724157569063529, 0.0 ], [ -112.102310930114399, 54.724288462909378, 0.0 ], [ -112.102319051731598, 54.724323102477193, 0.0 ], [ -112.102376560321801, 54.724568436434389, 0.0 ], [ -112.102365459793205, 54.724723964980527, 0.0 ], [ -112.102420246903407, 54.724754788208813, 0.0 ], [ -112.1024234244735, 54.724768351996808, 0.0 ], [ -112.102682291390494, 54.725069552929689, 0.0 ], [ -112.102737468765596, 54.725133754030502, 0.0 ], [ -112.102705210468002, 54.725406659828252, 0.0 ], [ -112.103029341523893, 54.725581541245148, 0.0 ], [ -112.103031597459903, 54.725773608150803, 0.0 ], [ -112.103036743462894, 54.726211796392427, 0.0 ], [ -112.102982017463702, 54.726554768971369, 0.0 ], [ -112.102980878794099, 54.72698724575212, 0.0 ], [ -112.103375139031101, 54.727209036840613, 0.0 ], [ -112.103320655855796, 54.727669939861343, 0.0 ], [ -112.103692486871594, 54.727903685652286, 0.0 ], [ -112.104064322163495, 54.728137430345363, 0.0 ], [ -112.104458599397603, 54.728359218075418, 0.0 ], [ -112.104404129666904, 54.728820120811442, 0.0 ], [ -112.104775975793103, 54.729053863401639, 0.0 ], [ -112.105147829362707, 54.729287604070073, 0.0 ], [ -112.105519684041596, 54.729521344464239, 0.0 ], [ -112.105891546036005, 54.729755084732368, 0.0 ], [ -112.106247418976906, 54.729945972905789, 0.0 ], [ -112.106228367698094, 54.730346808579107, 0.0 ], [ -112.106220159970903, 54.730519480969853, 0.0 ], [ -112.106167324766204, 54.730903798571219, 0.0 ], [ -112.106358665384406, 54.731006429090037, 0.0 ], [ -112.106396391185996, 54.731058784333747, 0.0 ], [ -112.106559508161297, 54.731285162281523, 0.0 ], [ -112.106539242792707, 54.7315694017718, 0.0 ], [ -112.106911126081201, 54.731803138163507, 0.0 ], [ -112.106950653228594, 54.731827981476471, 0.0 ], [ -112.106994057271706, 54.731888217031688, 0.0 ], [ -112.107424138179596, 54.73216513487499, 0.0 ], [ -112.107943176352904, 54.732499319942868, 0.0 ], [ -112.108462220017898, 54.732833501901119, 0.0 ], [ -112.108856513330906, 54.733055302612158, 0.0 ], [ -112.108932982537397, 54.733073846639392, 0.0 ], [ -112.109142524943607, 54.733205533672283, 0.0 ], [ -112.109514439660998, 54.733439263310743, 0.0 ], [ -112.109886358720004, 54.733672990952847, 0.0 ], [ -112.110258283672195, 54.733906716635623, 0.0 ], [ -112.110695750926098, 54.734129512878667, 0.0 ], [ -112.110598237703798, 54.734589391799958, 0.0 ], [ -112.110129677049201, 54.734803072029507, 0.0 ], [ -112.110566266467998, 54.735038339751227, 0.0 ], [ -112.110938206032003, 54.73527206435746, 0.0 ], [ -112.111310149810294, 54.735505788762993, 0.0 ], [ -112.111255742277294, 54.735966693942501, 0.0 ], [ -112.111650134151901, 54.73618846029045, 0.0 ], [ -112.111618171041002, 54.736637409399783, 0.0 ], [ -112.111586208597899, 54.737086358500036, 0.0 ], [ -112.111958170954296, 54.737320080162647, 0.0 ], [ -112.112330139205099, 54.737553799865658, 0.0 ], [ -112.112702111606694, 54.737787520265698, 0.0 ], [ -112.113478014248699, 54.737806005363829, 0.0 ], [ -112.113849997201498, 54.738039722374708, 0.0 ], [ -112.114221982945395, 54.738273437351872, 0.0 ], [ -112.114593971480204, 54.738507150295312, 0.0 ], [ -112.114965965718099, 54.738740863972552, 0.0 ], [ -112.115337965850898, 54.738974575689923, 0.0 ], [ -112.115573120265196, 54.739122311754961, 0.0 ], [ -112.115702406012304, 54.739125624881822, 0.0 ], [ -112.115940125929896, 54.739186187366002, 0.0 ], [ -112.116384309934205, 54.739447553060891, 0.0 ], [ -112.116928804985704, 54.739767939373422, 0.0 ], [ -112.117489559127606, 54.739901071071813, 0.0 ], [ -112.117529680374105, 54.739926152420367, 0.0 ], [ -112.117862565206295, 54.740134252680257, 0.0 ], [ -112.117964996405604, 54.740287905744736, 0.0 ], [ -112.117942075737105, 54.740610526679802, 0.0 ], [ -112.118314108553093, 54.740844229567593, 0.0 ], [ -112.118351554637101, 54.740867752169748, 0.0 ], [ -112.118367203128003, 54.740891226798233, 0.0 ], [ -112.118441960317, 54.740943216453822, 0.0 ], [ -112.118938644342506, 54.741288643786817, 0.0 ], [ -112.119046441823301, 54.741476976418909, 0.0 ], [ -112.119026299784394, 54.741760583700398, 0.0 ], [ -112.119398347726602, 54.741994283382979, 0.0 ], [ -112.119716452852799, 54.742001844882637, 0.0 ], [ -112.120041338093699, 54.742212891189922, 0.0 ], [ -112.120227433710696, 54.742545686393711, 0.0 ], [ -112.120642024163701, 54.742822806965677, 0.0 ], [ -112.121150308840797, 54.743162547039468, 0.0 ], [ -112.121235155543502, 54.743304581522722, 0.0 ], [ -112.121266541880402, 54.743652331880128, 0.0 ], [ -112.1213541288393, 54.743710434640683, 0.0 ], [ -112.121864613171994, 54.744049076969297, 0.0 ], [ -112.122029012113302, 54.74439344731789, 0.0 ], [ -112.122271034242104, 54.744539249660882, 0.0 ], [ -112.122809012615505, 54.744863339593529, 0.0 ], [ -112.123063733646703, 54.744921988662547, 0.0 ], [ -112.1234619262449, 54.744977292764887, 0.0 ], [ -112.123759232080005, 54.74501858327708, 0.0 ], [ -112.124201434070898, 54.745290930943597, 0.0 ], [ -112.124733204890802, 54.745618435371057, 0.0 ], [ -112.125264985649395, 54.745945940281743, 0.0 ], [ -112.125282187332402, 54.745956534242502, 0.0 ], [ -112.125706084676693, 54.746217589548813, 0.0 ], [ -112.125796775113102, 54.746273441149157, 0.0 ], [ -112.125976120972396, 54.74630342969364, 0.0 ], [ -112.126723367470703, 54.746429641337279, 0.0 ], [ -112.126844954791494, 54.746595391415227, 0.0 ], [ -112.126899795114397, 54.746670153277343, 0.0 ], [ -112.126808429090104, 54.747117000300364, 0.0 ], [ -112.127180572256606, 54.747350677954813, 0.0 ], [ -112.127552721384106, 54.74758435275028, 0.0 ], [ -112.127520919159295, 54.748033307248548, 0.0 ], [ -112.128237594829102, 54.748050292366337, 0.0 ], [ -112.128377373376196, 54.748138185717117, 0.0 ], [ -112.128445468555199, 54.748144904349331, 0.0 ], [ -112.128669187993196, 54.748285373981091, 0.0 ], [ -112.129467743827803, 54.748291799749452, 0.0 ], [ -112.129817473046899, 54.748537429131993, 0.0 ], [ -112.130543098272, 54.748582718286038, 0.0 ], [ -112.131324830852705, 54.748598102608469, 0.0 ], [ -112.132129005241097, 54.748601521875173, 0.0 ], [ -112.132921957286797, 54.748610914940571, 0.0 ], [ -112.133294149813395, 54.748844573450349, 0.0 ], [ -112.134070277790002, 54.748862930167441, 0.0 ], [ -112.134442479383097, 54.749096584349452, 0.0 ], [ -112.134814683578995, 54.749330239190158, 0.0 ], [ -112.134996253083202, 54.749444218940461, 0.0 ], [ -112.135152258102707, 54.749765674499102, 0.0 ], [ -112.135126078151401, 54.750198952896213, 0.0 ], [ -112.135098947434798, 54.750648010605012, 0.0 ], [ -112.135086510750597, 54.750853831782038, 0.0 ], [ -112.135071811221593, 54.751097069059192, 0.0 ], [ -112.135044675847894, 54.751546126609668, 0.0 ], [ -112.135017541186798, 54.751995185052273, 0.0 ], [ -112.134990404260606, 54.752444242517818, 0.0 ], [ -112.135284865358798, 54.752712076397593, 0.0 ], [ -112.135701730197695, 54.753091237562579, 0.0 ], [ -112.136373239911094, 54.753107892058622, 0.0 ], [ -112.137149387544895, 54.753127136020851, 0.0 ], [ -112.137925532921997, 54.753146375845738, 0.0 ], [ -112.1387016823154, 54.753165610782062, 0.0 ], [ -112.139477829578297, 54.753184839785263, 0.0 ], [ -112.139509166836604, 54.753193625565721, 0.0 ], [ -112.140208245088203, 54.753389601140462, 0.0 ], [ -112.140947807612903, 54.75348146546915, 0.0 ], [ -112.141031879134403, 54.753528671164197, 0.0 ], [ -112.141589291281704, 54.753841654237313, 0.0 ], [ -112.142179220953196, 54.75400119000296, 0.0 ], [ -112.142259700711193, 54.754003087682257, 0.0 ], [ -112.142631994910204, 54.754236718509439, 0.0 ], [ -112.1430042949453, 54.754470348272108, 0.0 ], [ -112.143376600816495, 54.754703976970283, 0.0 ], [ -112.143748907866396, 54.754937604494152, 0.0 ], [ -112.143824813343997, 54.755035141961457, 0.0 ], [ -112.144034698327701, 54.755167704522698, 0.0 ], [ -112.144559382685898, 54.755499085656787, 0.0 ], [ -112.144608436588598, 54.755520307212343, 0.0 ], [ -112.145230564836993, 54.755789444643732, 0.0 ], [ -112.145177933753601, 54.756068695282771, 0.0 ], [ -112.145222377923801, 54.7560965832593, 0.0 ], [ -112.145594708316693, 54.756330205341143, 0.0 ], [ -112.146370989298703, 54.756348485945992, 0.0 ], [ -112.146743330249805, 54.756582104632201, 0.0 ], [ -112.146689289701797, 54.757043029622139, 0.0 ], [ -112.147084078877896, 54.757264683699233, 0.0 ], [ -112.147456432308104, 54.757498299412823, 0.0 ], [ -112.1478287914492, 54.757731915857313, 0.0 ], [ -112.148201151895904, 54.757965529331393, 0.0 ], [ -112.148542606225604, 54.758215623816277, 0.0 ], [ -112.149337471316102, 54.758223996946271, 0.0 ], [ -112.150157069328003, 54.758219180034828, 0.0 ], [ -112.150902474083196, 54.758253910848829, 0.0 ], [ -112.151274858753197, 54.758487516060498, 0.0 ], [ -112.151647246155306, 54.758721120133963, 0.0 ], [ -112.152019639394993, 54.758954723142153, 0.0 ], [ -112.152392038409204, 54.759188325982983, 0.0 ], [ -112.153115876465606, 54.759205329661278, 0.0 ], [ -112.153253861620598, 54.759290330415311, 0.0 ], [ -112.153332649703302, 54.759309605114453, 0.0 ], [ -112.153540782220105, 54.759440160325603, 0.0 ], [ -112.153913192973206, 54.759673758594737, 0.0 ], [ -112.154285608137599, 54.759907353966121, 0.0 ], [ -112.154658029013902, 54.760140950067878, 0.0 ], [ -112.155380250542706, 54.760157901151644, 0.0 ], [ -112.155522862856202, 54.760241348403412, 0.0 ], [ -112.155592579701604, 54.760258393140226, 0.0 ], [ -112.155806814381293, 54.760392764278038, 0.0 ], [ -112.156179247122907, 54.760626354011727, 0.0 ], [ -112.156551685639798, 54.760859943577728, 0.0 ], [ -112.156924126889393, 54.761093532005177, 0.0 ], [ -112.157296570871907, 54.761327119294108, 0.0 ], [ -112.157669020692794, 54.761560705517283, 0.0 ], [ -112.158364077042506, 54.761577003273167, 0.0 ], [ -112.158442232209296, 54.761624237575873, 0.0 ], [ -112.158413934681803, 54.762027875591357, 0.0 ], [ -112.159138187499494, 54.762044851467749, 0.0 ], [ -112.159277411685693, 54.762128996285263, 0.0 ], [ -112.159350793323497, 54.762146702105831, 0.0 ], [ -112.159562799250196, 54.762279655068603, 0.0 ], [ -112.159935270998801, 54.76251323365274, 0.0 ], [ -112.160307746907606, 54.762746812930388, 0.0 ], [ -112.160600138575006, 54.762762593697019, 0.0 ], [ -112.160808895980693, 54.763095162540019, 0.0 ], [ -112.1610445847395, 54.763242789979792, 0.0 ], [ -112.161571685937204, 54.763572943810267, 0.0 ], [ -112.161955262382506, 54.763813194963618, 0.0 ], [ -112.1620987957713, 54.763903094535102, 0.0 ], [ -112.162625914053606, 54.764233244848, 0.0 ], [ -112.162852372737703, 54.764304847043618, 0.0 ], [ -112.163143134029994, 54.764396779191877, 0.0 ], [ -112.163296497798797, 54.764394608570321, 0.0 ], [ -112.164079865375498, 54.764409084728122, 0.0 ], [ -112.164452382719901, 54.764642650789078, 0.0 ], [ -112.164648806753902, 54.764797023436373, 0.0 ], [ -112.164780027314194, 54.764900149753963, 0.0 ], [ -112.165156482717805, 54.764897503218258, 0.0 ], [ -112.165601361902702, 54.764894374274277, 0.0 ], [ -112.165973890988795, 54.765127935760788, 0.0 ], [ -112.166346425977494, 54.765361495282889, 0.0 ], [ -112.166718965127401, 54.765595055498054, 0.0 ], [ -112.166699796572701, 54.765869237872231, 0.0 ], [ -112.166687576808499, 54.766044023997438, 0.0 ], [ -112.167060125713903, 54.766277582375302, 0.0 ], [ -112.167206572271695, 54.766369391988903, 0.0 ], [ -112.167214185294, 54.766378822071268, 0.0 ], [ -112.167222581607703, 54.766379427516704, 0.0 ], [ -112.167432677353503, 54.766511139613968, 0.0 ], [ -112.168193010774701, 54.766537897498758, 0.0 ], [ -112.169017970473902, 54.766530185579782, 0.0 ], [ -112.169358221687105, 54.766780970438653, 0.0 ], [ -112.169730791343795, 54.767014520805233, 0.0 ], [ -112.169867689478295, 54.767100335376853, 0.0 ], [ -112.169893078184799, 54.767139503540797, 0.0 ], [ -112.170165828952406, 54.767560255017493, 0.0 ], [ -112.170457825942293, 54.767741116539092, 0.0 ], [ -112.170444596216697, 54.767930587183542, 0.0 ], [ -112.171230089778206, 54.767943923641937, 0.0 ], [ -112.171593703939195, 54.768182256091578, 0.0 ], [ -112.172392666742098, 54.768188403600227, 0.0 ], [ -112.172742827937697, 54.768433912503717, 0.0 ], [ -112.173098601424897, 54.768676430290967, 0.0 ], [ -112.173471210085694, 54.768909969549952, 0.0 ], [ -112.173860653974302, 54.769134530126863, 0.0 ], [ -112.174659636348494, 54.769140663813367, 0.0 ], [ -112.175009819472194, 54.769386167287458, 0.0 ], [ -112.175382445798903, 54.769619699953438, 0.0 ], [ -112.1757640546179, 54.769848446311507, 0.0 ], [ -112.1757237831293, 54.770302204097561, 0.0 ], [ -112.176500351810702, 54.770320294958303, 0.0 ], [ -112.176872995227797, 54.770553824108127, 0.0 ], [ -112.1772456429958, 54.770787351256423, 0.0 ], [ -112.1776182949272, 54.771020879096987, 0.0 ], [ -112.177990951209594, 54.771254404935938, 0.0 ], [ -112.178789975515201, 54.771260510057743, 0.0 ], [ -112.179140201890604, 54.77150600292498, 0.0 ], [ -112.179491516038993, 54.771318614353163, 0.0 ], [ -112.1795364322723, 54.771207893602089, 0.0 ], [ -112.179725562268104, 54.771158048253938, 0.0 ], [ -112.179857943325004, 54.771123158894461, 0.0 ], [ -112.179948044184201, 54.771075098070433, 0.0 ], [ -112.180032820800093, 54.771077070183672, 0.0 ], [ -112.180724630553001, 54.77109316116394, 0.0 ], [ -112.181112297913003, 54.770846664841137, 0.0 ], [ -112.181967394149098, 54.770809602796689, 0.0 ], [ -112.182812560168401, 54.77082194722307, 0.0 ], [ -112.183458288698205, 54.770931855454798, 0.0 ], [ -112.183515201062505, 54.771333818780228, 0.0 ], [ -112.183395869469905, 54.771829804568171, 0.0 ], [ -112.183768565454102, 54.772063312156263, 0.0 ], [ -112.1841412687711, 54.772296819610467, 0.0 ], [ -112.184218278310198, 54.772345069505477, 0.0 ], [ -112.184221503590294, 54.772383412949473, 0.0 ], [ -112.184285776334704, 54.772423316437752, 0.0 ], [ -112.184815459297596, 54.772752153340257, 0.0 ], [ -112.185345150721403, 54.773080989808072, 0.0 ], [ -112.185408212529197, 54.773090564715197, 0.0 ], [ -112.185632117101207, 54.773230839103903, 0.0 ], [ -112.186328472937305, 54.773247003158431, 0.0 ], [ -112.1863569117494, 54.773264149177308, 0.0 ], [ -112.186894819786005, 54.773588498749099, 0.0 ], [ -112.187432739472399, 54.773912846988388, 0.0 ], [ -112.187711136737406, 54.774175355129749, 0.0 ], [ -112.187888591252801, 54.774342678987459, 0.0 ], [ -112.187868522251804, 54.774631833961429, 0.0 ], [ -112.188241269644706, 54.774865329197262, 0.0 ], [ -112.188614024434003, 54.775098823400747, 0.0 ], [ -112.188841977017404, 54.77524161290971, 0.0 ], [ -112.188929963305796, 54.775324570108637, 0.0 ], [ -112.189336253500002, 54.775707639467207, 0.0 ], [ -112.189943201216593, 54.775918081942912, 0.0 ], [ -112.190697338640902, 54.776008361302033, 0.0 ], [ -112.191020522271998, 54.776137696556511, 0.0 ], [ -112.1912545446758, 54.776284274427113, 0.0 ], [ -112.1920312384201, 54.776302265388978, 0.0 ], [ -112.192737980788607, 54.776318633414142, 0.0 ], [ -112.193012049912696, 54.77648914165772, 0.0 ], [ -112.193541162077807, 54.776818315917012, 0.0 ], [ -112.194070284382505, 54.777147487986383, 0.0 ], [ -112.194599415398002, 54.777476656033848, 0.0 ], [ -112.195128551768804, 54.777805823579257, 0.0 ], [ -112.195222481232705, 54.777832419729727, 0.0 ], [ -112.195417571861, 54.777954593649262, 0.0 ], [ -112.195790396585906, 54.778188066486159, 0.0 ], [ -112.196163222494704, 54.778421538146297, 0.0 ], [ -112.196870186126006, 54.778437885828403, 0.0 ], [ -112.197237109419802, 54.778663731939623, 0.0 ], [ -112.197769269755796, 54.778991276410743, 0.0 ], [ -112.197826448195698, 54.779009370792018, 0.0 ], [ -112.198027571169902, 54.779156393325223, 0.0 ], [ -112.198299765107194, 54.779159150898899, 0.0 ], [ -112.198822868302997, 54.779164446754933, 0.0 ], [ -112.199642894049006, 54.779159300008708, 0.0 ], [ -112.200388739402797, 54.779193731372587, 0.0 ], [ -112.200761601295994, 54.779427190166849, 0.0 ], [ -112.200814918207499, 54.779460571795219, 0.0 ], [ -112.2010678409045, 54.779368602819872, 0.0 ], [ -112.201122317004305, 54.779369221869111, 0.0 ], [ -112.201899541637104, 54.779378050214071, 0.0 ], [ -112.202676771378606, 54.779386874585917, 0.0 ], [ -112.203479830814601, 54.779389500237677, 0.0 ], [ -112.204197872077003, 54.779217322797663, 0.0 ], [ -112.204552011773401, 54.779221802167783, 0.0 ], [ -112.205329200372603, 54.779231630312047, 0.0 ], [ -112.206106389520102, 54.779241453478569, 0.0 ], [ -112.206899387612097, 54.779248321597763, 0.0 ], [ -112.207639213675904, 54.779110360231201, 0.0 ], [ -112.207687334568007, 54.77913770829651, 0.0 ], [ -112.207735407360005, 54.779165032749248, 0.0 ], [ -112.208241639980201, 54.779452748285827, 0.0 ], [ -112.208320136486705, 54.779475396483008, 0.0 ], [ -112.208529226496296, 54.779606283074017, 0.0 ], [ -112.208902143050096, 54.779839716573349, 0.0 ], [ -112.209600259037401, 54.779855785934501, 0.0 ], [ -112.209644353166198, 54.779881016885938, 0.0 ], [ -112.210196814652505, 54.780197141999459, 0.0 ], [ -112.210245698545506, 54.780212370178518, 0.0 ], [ -112.210424765764799, 54.780324455100242, 0.0 ], [ -112.210797699974293, 54.78055788204766, 0.0 ], [ -112.211596923112495, 54.780563774054563, 0.0 ], [ -112.211947426932795, 54.780809174923853, 0.0 ], [ -112.212320374383197, 54.781042598220679, 0.0 ], [ -112.212693323079904, 54.781276019442153, 0.0 ], [ -112.213066279051901, 54.781509441425037, 0.0 ], [ -112.213439237823906, 54.781742861368237, 0.0 ], [ -112.213812199334299, 54.781976280169737, 0.0 ], [ -112.214558108271603, 54.782010626807867, 0.0 ], [ -112.215378194903806, 54.782005373409582, 0.0 ], [ -112.216173556846101, 54.782013313735298, 0.0 ], [ -112.216515631896698, 54.782263221052069, 0.0 ], [ -112.217292456874006, 54.782281052498732, 0.0 ], [ -112.218014118769801, 54.782297614146621, 0.0 ], [ -112.218135121836795, 54.782340081456489, 0.0 ], [ -112.218442276395905, 54.782532283879164, 0.0 ], [ -112.218815275870696, 54.782765688609622, 0.0 ], [ -112.219575955739202, 54.782792128835453, 0.0 ], [ -112.220401251888902, 54.782784069191607, 0.0 ], [ -112.220741957637202, 54.783034714352489, 0.0 ], [ -112.221518798570102, 54.783052519771338, 0.0 ], [ -112.221867269519393, 54.783060504801888, 0.0 ], [ -112.221871803121303, 54.783061947869363, 0.0 ], [ -112.222552732077801, 54.783278798727501, 0.0 ], [ -112.222635677382399, 54.783326290526126, 0.0 ], [ -112.223188001410406, 54.783642525882449, 0.0 ], [ -112.223233078910596, 54.783656839495997, 0.0 ], [ -112.223414734345596, 54.783770491913081, 0.0 ], [ -112.223787775773303, 54.784003880898233, 0.0 ], [ -112.224160819878506, 54.784237269639092, 0.0 ], [ -112.2245338667841, 54.7844706563397, 0.0 ], [ -112.225274935092799, 54.784518278579831, 0.0 ], [ -112.226061876180097, 54.78455331913986, 0.0 ], [ -112.226869015388104, 54.784575189023982, 0.0 ], [ -112.226893149097606, 54.784575432500958, 0.0 ], [ -112.227670665387706, 54.784583300507848, 0.0 ], [ -112.228441144906796, 54.7845770675818, 0.0 ], [ -112.228822030407102, 54.784343892448128, 0.0 ], [ -112.228915052943705, 54.78434601846309, 0.0 ], [ -112.2292147433363, 54.783981261679443, 0.0 ], [ -112.229243917041003, 54.783532235259713, 0.0 ], [ -112.229273091421604, 54.783083209729512, 0.0 ], [ -112.2293022664783, 54.782634185088888, 0.0 ], [ -112.2293314392263, 54.782185159470806, 0.0 ], [ -112.229476291327998, 54.781865891092487, 0.0 ], [ -112.230134914558604, 54.781808662714333, 0.0 ], [ -112.230761863022394, 54.781836745296808, 0.0 ], [ -112.231536973464003, 54.781871459951702, 0.0 ], [ -112.232312080740897, 54.781906169559903, 0.0 ], [ -112.232468330378893, 54.781957169778977, 0.0 ], [ -112.233145284002305, 54.782178122249057, 0.0 ], [ -112.233822243483999, 54.782399071878842, 0.0 ], [ -112.234081056261005, 54.782751789965182, 0.0 ], [ -112.234401244607, 54.782963315302553, 0.0 ], [ -112.234884633428507, 54.783029689251201, 0.0 ], [ -112.235063312717301, 54.782939428420683, 0.0 ], [ -112.235648686786504, 54.78264372395666, 0.0 ], [ -112.236240842595095, 54.782340247759421, 0.0 ], [ -112.236359851387306, 54.782204067592389, 0.0 ], [ -112.236370849524306, 54.782042879648273, 0.0 ], [ -112.236614390638707, 54.781912797081517, 0.0 ], [ -112.236941848331995, 54.78153807906812, 0.0 ], [ -112.237203768235702, 54.781238351390087, 0.0 ], [ -112.237292339952504, 54.781136991684328, 0.0 ], [ -112.237646843706401, 54.780946868016947, 0.0 ], [ -112.238358374553499, 54.780945198982359, 0.0 ], [ -112.239166277146396, 54.780982334186518, 0.0 ], [ -112.239974184326002, 54.781019466788599, 0.0 ], [ -112.240719905441495, 54.781017702364323, 0.0 ], [ -112.241091351832594, 54.780819271740583, 0.0 ], [ -112.241123603951394, 54.780802042242428, 0.0 ], [ -112.2411424043094, 54.780808021930262, 0.0 ], [ -112.2418851289316, 54.781044214779513, 0.0 ], [ -112.242661945710793, 54.781061882613209, 0.0 ], [ -112.243035075568102, 54.781295214340773, 0.0 ], [ -112.243408206732596, 54.781528543094083, 0.0 ], [ -112.244185035280907, 54.781546202214173, 0.0 ], [ -112.244572178143898, 54.781555001908828, 0.0 ], [ -112.244787891774394, 54.781678135029537, 0.0 ], [ -112.245145162929006, 54.781694412363699, 0.0 ], [ -112.245308976689003, 54.781811088616372, 0.0 ], [ -112.246144279491105, 54.781797496081893, 0.0 ], [ -112.246950748043105, 54.781799305143622, 0.0 ], [ -112.247261837249795, 54.782065786990422, 0.0 ], [ -112.247572927288104, 54.782332269800378, 0.0 ], [ -112.248379406933395, 54.782334068582408, 0.0 ], [ -112.249036519248705, 54.782323359688398, 0.0 ], [ -112.249393523437803, 54.782447791430002, 0.0 ], [ -112.249561868092798, 54.782567674593913, 0.0 ], [ -112.250361145037999, 54.78257331247675, 0.0 ], [ -112.250711907694395, 54.782818602314407, 0.0 ], [ -112.251472616041994, 54.782844843568299, 0.0 ], [ -112.252297914213003, 54.782836566751811, 0.0 ], [ -112.252638820733907, 54.783087125398367, 0.0 ], [ -112.253012027426294, 54.783320426313068, 0.0 ], [ -112.253385236857795, 54.783553726084392, 0.0 ], [ -112.253758450582197, 54.783787024747447, 0.0 ], [ -112.254131667045897, 54.784020322267082, 0.0 ], [ -112.254341041247699, 54.784151199843663, 0.0 ], [ -112.254701784758396, 54.784110691029348, 0.0 ], [ -112.2549007011621, 54.783955258849808, 0.0 ], [ -112.255559588776606, 54.784046725801467, 0.0 ], [ -112.2555959546807, 54.784051774202993, 0.0 ], [ -112.255978380110307, 54.784282073423057, 0.0 ], [ -112.256516738926507, 54.784606266615818, 0.0 ], [ -112.256598786366695, 54.784626392113807, 0.0 ], [ -112.256805141022795, 54.784755371237047, 0.0 ], [ -112.257178384149, 54.784988658745768, 0.0 ], [ -112.257520741977999, 54.785238456106171, 0.0 ], [ -112.258316185026899, 54.785246118985718, 0.0 ], [ -112.259136341289505, 54.785240572085122, 0.0 ], [ -112.259771994511695, 54.785269600745771, 0.0 ], [ -112.260008730690103, 54.785362985325847, 0.0 ], [ -112.260233200550502, 54.785519904046339, 0.0 ], [ -112.260996667409103, 54.785525221349808, 0.0 ], [ -112.260998611651104, 54.785525834574791, 0.0 ], [ -112.261068336673105, 54.785547842547651, 0.0 ], [ -112.261405816012996, 54.785758747110577, 0.0 ], [ -112.261779095109205, 54.785992021722748, 0.0 ], [ -112.262152380113605, 54.786225294363192, 0.0 ], [ -112.262525670844298, 54.786458567725937, 0.0 ], [ -112.262898962821893, 54.786691839011652, 0.0 ], [ -112.263272262201099, 54.786925109258632, 0.0 ], [ -112.264071630128399, 54.786930656847652, 0.0 ], [ -112.264422510901696, 54.787175908149692, 0.0 ], [ -112.264795821968505, 54.787409174701281, 0.0 ], [ -112.265169138944003, 54.78764243928093, 0.0 ], [ -112.265542457105894, 54.787875702681433, 0.0 ], [ -112.266213010420699, 54.787890821510807, 0.0 ], [ -112.266270699135902, 54.787906681214622, 0.0 ], [ -112.266795208541396, 54.788238397006303, 0.0 ], [ -112.267319731247397, 54.788570109816433, 0.0 ], [ -112.267530771598899, 54.788890117595898, 0.0 ], [ -112.268066295848101, 54.789036687467238, 0.0 ], [ -112.2683939611819, 54.789240258146599, 0.0 ], [ -112.268643692315194, 54.789593691896869, 0.0 ], [ -112.269010085545801, 54.789668359560231, 0.0 ], [ -112.269141427984707, 54.789674201849202, 0.0 ], [ -112.269916725102703, 54.789708689250517, 0.0 ], [ -112.270692020719807, 54.789743169843483, 0.0 ], [ -112.271133372420493, 54.790022975643787, 0.0 ], [ -112.271210535795007, 54.790169351376242, 0.0 ], [ -112.271365188525493, 54.790170526399372, 0.0 ], [ -112.272142721003704, 54.790176429828342, 0.0 ], [ -112.272920253875697, 54.790182328274263, 0.0 ], [ -112.273450479369998, 54.790033535138008, 0.0 ], [ -112.273969638020802, 54.789887842899937, 0.0 ], [ -112.274314620584306, 54.789892972598089, 0.0 ], [ -112.274712911533896, 54.789898892892253, 0.0 ], [ -112.275522206512704, 54.789899091288177, 0.0 ], [ -112.275880503835495, 54.790356827790148, 0.0 ], [ -112.276253910859197, 54.790590059123652, 0.0 ], [ -112.276245881878594, 54.790709442395162, 0.0 ], [ -112.276223708788507, 54.791039066588397, 0.0 ], [ -112.276597123924006, 54.791272297832123, 0.0 ], [ -112.276688889125296, 54.791329612620338, 0.0 ], [ -112.276739806984594, 54.791400894644319, 0.0 ], [ -112.2769571215387, 54.791705104179677, 0.0 ], [ -112.276940346648203, 54.791954535595067, 0.0 ], [ -112.277313774372601, 54.792187762945048, 0.0 ], [ -112.277687206332303, 54.792420990083137, 0.0 ], [ -112.278438637706799, 54.792452133518402, 0.0 ], [ -112.279266948044096, 54.792442169060003, 0.0 ], [ -112.279881409568304, 54.792467626678722, 0.0 ], [ -112.280108364161507, 54.792543729968642, 0.0 ], [ -112.280346987165004, 54.792730497856567, 0.0 ], [ -112.281168897092599, 54.792723945502992, 0.0 ], [ -112.281510851151396, 54.792731611794849, 0.0 ], [ -112.281974211037905, 54.792886609248441, 0.0 ], [ -112.282414298355903, 54.793033820922098, 0.0 ], [ -112.282692897357094, 54.793207789649337, 0.0 ], [ -112.283066370006907, 54.793441001535733, 0.0 ], [ -112.283672180800394, 54.793454572974063, 0.0 ], [ -112.283990302746901, 54.793560978155881, 0.0 ], [ -112.284194508724894, 54.793703605951499, 0.0 ], [ -112.284906812105206, 54.793708427228907, 0.0 ], [ -112.285133282918295, 54.793806282950321, 0.0 ], [ -112.285345086284806, 54.793954210639008, 0.0 ], [ -112.286061433313805, 54.793959052641704, 0.0 ], [ -112.286235915619699, 54.794028092502813, 0.0 ], [ -112.286486753513998, 54.794216204037049, 0.0 ], [ -112.287280080582505, 54.794258043572412, 0.0 ], [ -112.2880993479518, 54.794268336991372, 0.0 ], [ -112.288384506073598, 54.794259448584882, 0.0 ], [ -112.288849396251905, 54.794244957283581, 0.0 ], [ -112.289223932220594, 54.794001720547563, 0.0 ], [ -112.290033294336098, 54.793998396904954, 0.0 ], [ -112.290079368975995, 54.794000649665108, 0.0 ], [ -112.290839798259697, 54.794037829282317, 0.0 ], [ -112.291180699502704, 54.794297053998413, 0.0 ], [ -112.292037876427699, 54.794271587520733, 0.0 ], [ -112.292413495942199, 54.794503656706652, 0.0 ], [ -112.292288336795707, 54.795003545639673, 0.0 ], [ -112.292674854460401, 54.795229790091582, 0.0 ], [ -112.293050300347005, 54.794989239450473, 0.0 ], [ -112.293846864931893, 54.794982927035257, 0.0 ], [ -112.294665080093097, 54.795009212422087, 0.0 ], [ -112.295409781768001, 54.795065972817319, 0.0 ], [ -112.295816978228899, 54.795281159009321, 0.0 ], [ -112.296140660031597, 54.79544648518727, 0.0 ], [ -112.296129191192904, 54.795534234434477, 0.0 ], [ -112.296070622364397, 54.795982307668787, 0.0 ], [ -112.295912766854798, 54.796115471189218, 0.0 ], [ -112.295723361462507, 54.796197176941902, 0.0 ], [ -112.295719674547598, 54.79638144448321, 0.0 ], [ -112.295570419954004, 54.796725550079643, 0.0 ], [ -112.295543412419093, 54.796740768579653, 0.0 ], [ -112.295289791223794, 54.796862033016893, 0.0 ], [ -112.294886213846496, 54.797077874410903, 0.0 ], [ -112.294482629123394, 54.797293713439828, 0.0 ], [ -112.294437678323604, 54.797733401025518, 0.0 ], [ -112.294439587353196, 54.797794904636262, 0.0 ], [ -112.294360196977706, 54.798193717424738, 0.0 ], [ -112.294150315933294, 54.798335554461133, 0.0 ], [ -112.294094643468796, 54.798373177597163, 0.0 ], [ -112.294019013123503, 54.798407579944502, 0.0 ], [ -112.294031867462294, 54.798415602225461, 0.0 ], [ -112.294392600769001, 54.798640757162843, 0.0 ], [ -112.294766189603195, 54.798873933200767, 0.0 ], [ -112.295139785843901, 54.799107108196957, 0.0 ], [ -112.295916981827403, 54.799124439749377, 0.0 ], [ -112.2962905870789, 54.799357611291043, 0.0 ], [ -112.296664193579304, 54.799590780754173, 0.0 ], [ -112.297037807366493, 54.799823950971422, 0.0 ], [ -112.297233117084801, 54.799945842069683, 0.0 ], [ -112.2976326308724, 54.799941352417257, 0.0 ], [ -112.298164000824599, 54.799673684427162, 0.0 ], [ -112.298750233226599, 54.799378374580179, 0.0 ], [ -112.299200848133793, 54.799515346206967, 0.0 ], [ -112.299376482389704, 54.799568734257527, 0.0 ], [ -112.299826952492694, 54.799437974130527, 0.0 ], [ -112.300008560853797, 54.799385256593197, 0.0 ], [ -112.300314122773003, 54.799375971074483, 0.0 ], [ -112.300344021044097, 54.799375061830851, 0.0 ], [ -112.300580184492404, 54.799228324831638, 0.0 ], [ -112.301326253756599, 54.799226191410597, 0.0 ], [ -112.301507227656501, 54.799234413885507, 0.0 ], [ -112.301670758136893, 54.799188090851892, 0.0 ], [ -112.301885829775699, 54.799187373545507, 0.0 ], [ -112.302663598470005, 54.799184777849362, 0.0 ], [ -112.303441362566701, 54.79918217706043, 0.0 ], [ -112.303869046192304, 54.799039779282722, 0.0 ], [ -112.303925070043505, 54.799035040370988, 0.0 ], [ -112.304694640026995, 54.798969938672172, 0.0 ], [ -112.305217660007798, 54.798816172583592, 0.0 ], [ -112.305910840617202, 54.798612376309933, 0.0 ], [ -112.306506549837707, 54.7986172288471, 0.0 ], [ -112.306550697292096, 54.798632696308061, 0.0 ], [ -112.307064011891896, 54.798812526797803, 0.0 ], [ -112.307687608831003, 54.798859278974241, 0.0 ], [ -112.308235791037902, 54.798828664475963, 0.0 ], [ -112.308777679992204, 54.798653511289217, 0.0 ], [ -112.309408447303994, 54.798617573283799, 0.0 ], [ -112.309633252518907, 54.79850391008587, 0.0 ], [ -112.310218535961695, 54.798207980673901, 0.0 ], [ -112.310269760060606, 54.798100603979186, 0.0 ], [ -112.310476404261294, 54.797667404298359, 0.0 ], [ -112.310558254563702, 54.79761894681203, 0.0 ], [ -112.311101454704598, 54.797297354735548, 0.0 ], [ -112.311213287301797, 54.797074645167683, 0.0 ], [ -112.311221875887696, 54.796778251390208, 0.0 ], [ -112.311234892157103, 54.796328963134812, 0.0 ], [ -112.311247904864302, 54.795879674776089, 0.0 ], [ -112.311260920226403, 54.795430386451898, 0.0 ], [ -112.311192983513095, 54.79534477884107, 0.0 ], [ -112.310868842448002, 54.79493631861024, 0.0 ], [ -112.310468233057904, 54.794680174108343, 0.0 ], [ -112.310231653108801, 54.794528905277438, 0.0 ], [ -112.309946816631694, 54.794346781267038, 0.0 ], [ -112.309934047764102, 54.79430216473849, 0.0 ], [ -112.309861230886696, 54.794263204235968, 0.0 ], [ -112.309913881509303, 54.794231721641303, 0.0 ], [ -112.309798555553797, 54.793828836298282, 0.0 ], [ -112.309571150971095, 54.793558806131578, 0.0 ], [ -112.309232598533796, 54.793152997358163, 0.0 ], [ -112.309615020733304, 54.792761732432169, 0.0 ], [ -112.309997435456694, 54.792370466195962, 0.0 ], [ -112.310379842644494, 54.791979199547661, 0.0 ], [ -112.310762242297102, 54.791587932487282, 0.0 ], [ -112.310790011119394, 54.791287322232563, 0.0 ], [ -112.310831465798103, 54.790838609463471, 0.0 ], [ -112.310547500756599, 54.790492729678888, 0.0 ], [ -112.310544263093306, 54.79028146448119, 0.0 ], [ -112.3105803639437, 54.790269405120277, 0.0 ], [ -112.310891838932307, 54.790463761932813, 0.0 ], [ -112.311668880754894, 54.790480990838503, 0.0 ], [ -112.312051548473704, 54.790252141239598, 0.0 ], [ -112.312849343852093, 54.790282313912613, 0.0 ], [ -112.313252758451497, 54.790066411622071, 0.0 ], [ -112.313552552022799, 54.789905963353377, 0.0 ], [ -112.313656171863499, 54.789850508004001, 0.0 ], [ -112.3137400555173, 54.789852366248013, 0.0 ], [ -112.313908189919601, 54.789804304399823, 0.0 ], [ -112.314605174893103, 54.789605065734428, 0.0 ], [ -112.315127605207294, 54.789490786833731, 0.0 ], [ -112.315144277238502, 54.789487139407257, 0.0 ], [ -112.315358096192099, 54.789440365867371, 0.0 ], [ -112.316037789076205, 54.789466054777243, 0.0 ], [ -112.316420421284107, 54.78923719004726, 0.0 ], [ -112.316823809747902, 54.7890212755877, 0.0 ], [ -112.317569691744396, 54.789019041019422, 0.0 ], [ -112.318377846450403, 54.78905565185805, 0.0 ], [ -112.319186004288795, 54.789092258259018, 0.0 ], [ -112.319931886505998, 54.789090007343461, 0.0 ], [ -112.319558237000606, 54.788856908761723, 0.0 ], [ -112.319587958106794, 54.788407884231809, 0.0 ], [ -112.319991320127897, 54.788191957999658, 0.0 ], [ -112.320424569287795, 54.787994679960242, 0.0 ], [ -112.320409441440603, 54.787517683336517, 0.0 ], [ -112.320454098652903, 54.787077982318188, 0.0 ], [ -112.320857441057896, 54.786862053829601, 0.0 ], [ -112.3212607822759, 54.786646124013842, 0.0 ], [ -112.321664117704699, 54.786430191869869, 0.0 ], [ -112.322067447166106, 54.786214260091867, 0.0 ], [ -112.322470775500094, 54.785998326088709, 0.0 ], [ -112.322566030954604, 54.785538256866353, 0.0 ], [ -112.322126827146803, 54.785316208752533, 0.0 ], [ -112.321753200559399, 54.785083115286483, 0.0 ], [ -112.3213795750397, 54.784850022435911, 0.0 ], [ -112.321050770337195, 54.784592937020392, 0.0 ], [ -112.320229021644806, 54.784599759749042, 0.0 ], [ -112.320603749866805, 54.784365992396118, 0.0 ], [ -112.321397835988293, 54.784393860596829, 0.0 ], [ -112.322069317664599, 54.784428493409671, 0.0 ], [ -112.322330840217404, 54.784524290572612, 0.0 ], [ -112.322841288474194, 54.784576849571373, 0.0 ], [ -112.323396994556305, 54.784584255544843, 0.0 ], [ -112.323930657398293, 54.78459136494785, 0.0 ], [ -112.324174290264196, 54.784594608290853, 0.0 ], [ -112.324313835757707, 54.784596466306283, 0.0 ], [ -112.324729229004703, 54.784601997511103, 0.0 ], [ -112.324951587968499, 54.784604957888838, 0.0 ], [ -112.325458633930694, 54.784452803408612, 0.0 ], [ -112.326236327284505, 54.784385341630617, 0.0 ], [ -112.326959851469198, 54.784220840282977, 0.0 ], [ -112.327381230408406, 54.784250449782711, 0.0 ], [ -112.327414434100106, 54.784259967489909, 0.0 ], [ -112.328110978268199, 54.784459615983081, 0.0 ], [ -112.328771130977302, 54.784476500846957, 0.0 ], [ -112.329547874133695, 54.78449636266761, 0.0 ], [ -112.330324619828005, 54.78451621865706, 0.0 ], [ -112.331101363279899, 54.784536070508729, 0.0 ], [ -112.331878107715397, 54.784555916494973, 0.0 ], [ -112.332176248440604, 54.784612840583577, 0.0 ], [ -112.332213825422599, 54.784635766409558, 0.0 ], [ -112.332286398142202, 54.784640788735352, 0.0 ], [ -112.3326600855832, 54.784873849549427, 0.0 ], [ -112.333033775764704, 54.785106909216779, 0.0 ], [ -112.333810728934594, 54.785123995230997, 0.0 ], [ -112.334184428114497, 54.785357051441473, 0.0 ], [ -112.334946611630698, 54.785598645303651, 0.0 ], [ -112.335305551480999, 54.786056212498821, 0.0 ], [ -112.335289344952997, 54.786302529060691, 0.0 ], [ -112.335432861645401, 54.786389703648418, 0.0 ], [ -112.335642322445807, 54.786397906313283, 0.0 ], [ -112.336418086247306, 54.78642827948854, 0.0 ], [ -112.337193851374295, 54.786458647713353, 0.0 ], [ -112.337865768346504, 54.786283571373993, 0.0 ], [ -112.338001728406397, 54.786282275220969, 0.0 ], [ -112.338779161877795, 54.786274861805353, 0.0 ], [ -112.338846089981601, 54.786355778158082, 0.0 ], [ -112.339190423614596, 54.786141522009359, 0.0 ], [ -112.339967398950705, 54.786158568783563, 0.0 ], [ -112.3403706332235, 54.785942574194628, 0.0 ], [ -112.341168179663399, 54.785948593187797, 0.0 ], [ -112.341973955472895, 54.785950198795049, 0.0 ], [ -112.342738588739095, 54.785973839171412, 0.0 ], [ -112.343075314675204, 54.78622670630233, 0.0 ], [ -112.343836167025501, 54.786252368534598, 0.0 ], [ -112.344661535896407, 54.786243464487711, 0.0 ], [ -112.345003051842596, 54.786493767990883, 0.0 ], [ -112.345376827380704, 54.786726790465558, 0.0 ], [ -112.345750610263195, 54.786959812793079, 0.0 ], [ -112.346550007638299, 54.786964816778223, 0.0 ], [ -112.346662844123202, 54.787043494603047, 0.0 ], [ -112.346680028052504, 54.787088220575129, 0.0 ], [ -112.346756269907601, 54.787110276313037, 0.0 ], [ -112.346760277528404, 54.787111435134833, 0.0 ], [ -112.346901395803499, 54.787209835668499, 0.0 ], [ -112.347275190483799, 54.787442852491971, 0.0 ], [ -112.348052197412699, 54.787459847802303, 0.0 ], [ -112.3484260026448, 54.787692861200931, 0.0 ], [ -112.348829206709894, 54.787476838174818, 0.0 ], [ -112.349232404925502, 54.787260813720287, 0.0 ], [ -112.349980804185194, 54.787259963957283, 0.0 ], [ -112.350797859889298, 54.787301907032003, 0.0 ], [ -112.351592032188194, 54.787329579266327, 0.0 ], [ -112.351958974724198, 54.787100477868499, 0.0 ], [ -112.351966606793596, 54.787095712468748, 0.0 ], [ -112.351980766658002, 54.787095358857052, 0.0 ], [ -112.352767639493294, 54.787075730623208, 0.0 ], [ -112.353117437956897, 54.787345677739133, 0.0 ], [ -112.353491268700296, 54.787578675764692, 0.0 ], [ -112.353813416039699, 54.787839370880583, 0.0 ], [ -112.354190260948698, 54.788073740976436, 0.0 ], [ -112.354936084049996, 54.788125913812777, 0.0 ], [ -112.355240038507304, 54.788135815303477, 0.0 ], [ -112.3553964272879, 54.787987442922073, 0.0 ], [ -112.355555949758497, 54.787990543180037, 0.0 ], [ -112.356333086294697, 54.7880056452871, 0.0 ], [ -112.357110221900996, 54.788020744182319, 0.0 ], [ -112.357111096108198, 54.788020297370018, 0.0 ], [ -112.357492328823199, 54.787824949619313, 0.0 ], [ -112.358130654523293, 54.787822203792317, 0.0 ], [ -112.358187803998902, 54.787720728274827, 0.0 ], [ -112.3584134538077, 54.787647046817483, 0.0 ], [ -112.358989732673194, 54.787633364042229, 0.0 ], [ -112.359766644475101, 54.787614912305123, 0.0 ], [ -112.359872061904994, 54.787591577722118, 0.0 ], [ -112.3599812656214, 54.787567406341083, 0.0 ], [ -112.3605981835439, 54.78743084789685, 0.0 ], [ -112.360863535712895, 54.7874377924147, 0.0 ], [ -112.361640305250802, 54.787458115606462, 0.0 ], [ -112.362324724095501, 54.787476020351548, 0.0 ], [ -112.362441594784499, 54.787548844143927, 0.0 ], [ -112.362685706279606, 54.787565642728701, 0.0 ], [ -112.362982628479699, 54.787662035288008, 0.0 ], [ -112.363352190341502, 54.78768269371016, 0.0 ], [ -112.3639976257342, 54.787505007279186, 0.0 ], [ -112.364493062126101, 54.78736860871485, 0.0 ], [ -112.365109943007496, 54.787382015226868, 0.0 ], [ -112.365401415117603, 54.787498570071577, 0.0 ], [ -112.366146502368295, 54.787595486971888, 0.0 ], [ -112.3665043111762, 54.787726846995049, 0.0 ], [ -112.366659008861802, 54.787658287135677, 0.0 ], [ -112.366688078261703, 54.787645404742157, 0.0 ], [ -112.367087594956004, 54.787658802333823, 0.0 ], [ -112.367912989439205, 54.78764973931456, 0.0 ], [ -112.368254662664995, 54.787899980751327, 0.0 ], [ -112.369015567460394, 54.787925485499017, 0.0 ], [ -112.369840968927704, 54.787916409444897, 0.0 ], [ -112.370182657993197, 54.78816664562612, 0.0 ], [ -112.370556597653803, 54.788399591288567, 0.0 ], [ -112.370930541552198, 54.788632536734397, 0.0 ], [ -112.371515965282398, 54.78864522749587, 0.0 ], [ -112.371707586037701, 54.788649381716994, 0.0 ], [ -112.372484633000994, 54.788666219964853, 0.0 ], [ -112.372790192072401, 54.788903426419637, 0.0 ], [ -112.372845594927895, 54.788881849766703, 0.0 ], [ -112.373490429602697, 54.788630726576727, 0.0 ], [ -112.373922608931096, 54.788631128934597, 0.0 ], [ -112.374700201372207, 54.788631848438058, 0.0 ], [ -112.375087888222097, 54.788698327209268, 0.0 ], [ -112.375231605835097, 54.788775545323148, 0.0 ], [ -112.375570994182496, 54.788957892515157, 0.0 ], [ -112.375801090230297, 54.789081518664943, 0.0 ], [ -112.376010680355193, 54.789087334683593, 0.0 ], [ -112.376137771996696, 54.789090861695428, 0.0 ], [ -112.376338355073699, 54.789236807698117, 0.0 ], [ -112.376553334473698, 54.789102391453142, 0.0 ], [ -112.376743852883493, 54.788983269742651, 0.0 ], [ -112.377544914481902, 54.788963123568003, 0.0 ], [ -112.377728944501698, 54.789105032714929, 0.0 ], [ -112.377894897854603, 54.789233001113978, 0.0 ], [ -112.378581352257797, 54.789255955155198, 0.0 ], [ -112.3788233800679, 54.789351620809377, 0.0 ], [ -112.379564035074395, 54.789442902318562, 0.0 ], [ -112.380206410769205, 54.789640613740893, 0.0 ], [ -112.380379645058298, 54.78964487499973, 0.0 ], [ -112.380785335368202, 54.78965485127128, 0.0 ], [ -112.381156555487806, 54.789663979257227, 0.0 ], [ -112.381933466752102, 54.789683079443328, 0.0 ], [ -112.382710377413204, 54.789702173728237, 0.0 ], [ -112.383129874976007, 54.789671178976839, 0.0 ], [ -112.383718513361998, 54.789511881585973, 0.0 ], [ -112.383892523313307, 54.789514923353281, 0.0 ], [ -112.3846697782447, 54.78952850043067, 0.0 ], [ -112.385447035295499, 54.789542074361563, 0.0 ], [ -112.386186310689396, 54.789554979334831, 0.0 ], [ -112.386224291531093, 54.789555642384627, 0.0 ], [ -112.386640945443304, 54.78960334350181, 0.0 ], [ -112.387205639754001, 54.789796562557278, 0.0 ], [ -112.387874762673505, 54.790025507421667, 0.0 ], [ -112.387946241145698, 54.790027490426468, 0.0 ], [ -112.388722965852295, 54.790049040439513, 0.0 ], [ -112.388935542008198, 54.790054936099892, 0.0 ], [ -112.389499694711105, 54.790070584655197, 0.0 ], [ -112.390276423001495, 54.790092123871297, 0.0 ], [ -112.3900970644317, 54.790273957206011, 0.0 ], [ -112.390270082885607, 54.790399298324893, 0.0 ], [ -112.390673094018695, 54.790183134133862, 0.0 ], [ -112.391437531460596, 54.79015461275867, 0.0 ], [ -112.3922602807543, 54.790187297155711, 0.0 ], [ -112.392601356572698, 54.790449445221739, 0.0 ], [ -112.393025137396194, 54.790246210907391, 0.0 ], [ -112.393033266395605, 54.789784221266963, 0.0 ], [ -112.393436256788803, 54.789568048548126, 0.0 ], [ -112.393839244497499, 54.78935187357235, 0.0 ], [ -112.394242229463799, 54.789135697237818, 0.0 ], [ -112.394645208579604, 54.788919519477737, 0.0 ], [ -112.395443054847405, 54.788949149105967, 0.0 ], [ -112.395825242703907, 54.788720029956501, 0.0 ], [ -112.396602304362702, 54.788736714648337, 0.0 ], [ -112.397005267092695, 54.78852052885567, 0.0 ], [ -112.397408227080604, 54.788304341704389, 0.0 ], [ -112.397811181218103, 54.788088153127831, 0.0 ], [ -112.398214131059405, 54.787871963159347, 0.0 ], [ -112.398645134055002, 54.787673236381472, 0.0 ], [ -112.398617863290298, 54.787189253999479, 0.0 ], [ -112.399048856978098, 54.786990525667683, 0.0 ], [ -112.399077695303902, 54.786541472244799, 0.0 ], [ -112.399448627351703, 54.786342445402333, 0.0 ], [ -112.399480622924301, 54.786325276883417, 0.0 ], [ -112.399883546191305, 54.7861090810284, 0.0 ], [ -112.400204129927005, 54.785971050471531, 0.0 ], [ -112.400201735542694, 54.785955841598067, 0.0 ], [ -112.399914117112004, 54.785614893267137, 0.0 ], [ -112.399952441693699, 54.785409577302048, 0.0 ], [ -112.399985382383207, 54.785233120947169, 0.0 ], [ -112.399941201610304, 54.78521097431112, 0.0 ], [ -112.399994895258502, 54.785182162140941, 0.0 ], [ -112.400035841169299, 54.784962807833551, 0.0 ], [ -112.400277636278702, 54.784835936757673, 0.0 ], [ -112.400853295874398, 54.784533878974621, 0.0 ], [ -112.401388557040093, 54.784434317789817, 0.0 ], [ -112.401552812611996, 54.784346175664673, 0.0 ], [ -112.4018144868229, 54.784205755381258, 0.0 ], [ -112.402064621950302, 54.783886683654643, 0.0 ], [ -112.402216972302696, 54.783802578164938, 0.0 ], [ -112.402779198493107, 54.783492192578997, 0.0 ], [ -112.402804525288303, 54.783478209747948, 0.0 ], [ -112.402845521010207, 54.78326931235695, 0.0 ], [ -112.4029031945811, 54.782811064945953, 0.0 ], [ -112.40293324212, 54.782342413971918, 0.0 ], [ -112.4029344080881, 54.781882957128808, 0.0 ], [ -112.402905437367707, 54.781452286707598, 0.0 ], [ -112.402503132736001, 54.78123204481669, 0.0 ], [ -112.402491686596306, 54.780788373669921, 0.0 ], [ -112.402501266289093, 54.780327857625423, 0.0 ], [ -112.402531137487998, 54.779862010541457, 0.0 ], [ -112.402580554989001, 54.779402346935242, 0.0 ], [ -112.402648787627896, 54.778960382517297, 0.0 ], [ -112.403078165142901, 54.778757954836102, 0.0 ], [ -112.403106950056895, 54.77830889936579, 0.0 ], [ -112.403524161515904, 54.777868162281841, 0.0 ], [ -112.403926978076896, 54.777651951591643, 0.0 ], [ -112.403937254749394, 54.777491573992521, 0.0 ], [ -112.403943422188703, 54.777395348541361, 0.0 ], [ -112.403954083406902, 54.77722896705631, 0.0 ], [ -112.4038250044092, 54.777148749121388, 0.0 ], [ -112.403295562877005, 54.776819713892017, 0.0 ], [ -112.403263292357394, 54.77677181980016, 0.0 ], [ -112.403210493396003, 54.7766934569431, 0.0 ], [ -112.403080782020794, 54.77650094061211, 0.0 ], [ -112.402590590843502, 54.776353030743373, 0.0 ], [ -112.402561352140097, 54.776344208658323, 0.0 ], [ -112.402543807002502, 54.776323904226693, 0.0 ], [ -112.402459645167895, 54.776271509517173, 0.0 ], [ -112.402085628701499, 54.776038660164048, 0.0 ], [ -112.402097968620197, 54.775846208531043, 0.0 ], [ -112.402102081989895, 54.775782056488048, 0.0 ], [ -112.402114421713407, 54.775589604844377, 0.0 ], [ -112.402300630654594, 54.775489656331018, 0.0 ], [ -112.402619981705001, 54.775127870149269, 0.0 ], [ -112.402932824382404, 54.774957412389043, 0.0 ], [ -112.403036296096502, 54.77490103189723, 0.0 ], [ -112.4032153343435, 54.77480347808001, 0.0 ], [ -112.403350950467498, 54.77472958304449, 0.0 ], [ -112.403369449550695, 54.77459060423687, 0.0 ], [ -112.403380211670694, 54.774509746236888, 0.0 ], [ -112.4033759751145, 54.774332001719209, 0.0 ], [ -112.403368918050901, 54.774035741442887, 0.0 ], [ -112.403370367708803, 54.773978283696522, 0.0 ], [ -112.403376895517695, 54.773719666817577, 0.0 ], [ -112.403380520536103, 54.77357599503398, 0.0 ], [ -112.403397027426905, 54.77356840374204, 0.0 ], [ -112.403811917485399, 54.773377603397513, 0.0 ], [ -112.404214687191597, 54.773161390215741, 0.0 ], [ -112.404229070476106, 54.772936862075547, 0.0 ], [ -112.404243453561506, 54.772712333924453, 0.0 ], [ -112.404646214169901, 54.772496120988741, 0.0 ], [ -112.4050489706013, 54.772279904866053, 0.0 ], [ -112.405451722682997, 54.772063688250689, 0.0 ], [ -112.405854470415093, 54.771847471142728, 0.0 ], [ -112.406257213912795, 54.771631251745987, 0.0 ], [ -112.406608523364994, 54.771409952173308, 0.0 ], [ -112.406630033194006, 54.771396404092158, 0.0 ], [ -112.406726424215705, 54.77140163156195, 0.0 ], [ -112.407147531343696, 54.771174061142062, 0.0 ], [ -112.407443461205801, 54.771164955875904, 0.0 ], [ -112.408219623838505, 54.771141071892401, 0.0 ], [ -112.408248187049495, 54.770925384954573, 0.0 ], [ -112.408622347768897, 54.770924845305117, 0.0 ], [ -112.408635778951407, 54.770925132379951, 0.0 ], [ -112.408636699969705, 54.770910729293412, 0.0 ], [ -112.408644869987398, 54.77078296420531, 0.0 ], [ -112.408870802352794, 54.770680454552583, 0.0 ], [ -112.409029342436099, 54.770524505158107, 0.0 ], [ -112.409032103346902, 54.77048392552647, 0.0 ], [ -112.409062644894107, 54.770034908260243, 0.0 ], [ -112.4090931826141, 54.769585889086443, 0.0 ], [ -112.409123181333797, 54.769144825652148, 0.0 ], [ -112.408853722670301, 54.768988739882772, 0.0 ], [ -112.408806705089802, 54.768961505634778, 0.0 ], [ -112.408385737016303, 54.768753901035517, 0.0 ], [ -112.407997392315096, 54.76874559992072, 0.0 ], [ -112.407609050976802, 54.768737296731977, 0.0 ], [ -112.407235072568398, 54.768504463428442, 0.0 ], [ -112.406861098451103, 54.768271629009057, 0.0 ], [ -112.406487128624903, 54.768038793473899, 0.0 ], [ -112.406113163089699, 54.76780595682294, 0.0 ], [ -112.405787941336399, 54.767579470830668, 0.0 ], [ -112.405761574466496, 54.767561105898629, 0.0 ], [ -112.405302129979304, 54.767558455843847, 0.0 ], [ -112.404962540102304, 54.767556497150387, 0.0 ], [ -112.404637328388006, 54.767330008186377, 0.0 ], [ -112.404610959042103, 54.767311643842334, 0.0 ], [ -112.404151519150105, 54.767308989491227, 0.0 ], [ -112.403811931579199, 54.767307026699577, 0.0 ], [ -112.403437986740798, 54.767074181974507, 0.0 ], [ -112.403415647702801, 54.766874706301643, 0.0 ], [ -112.403400659299294, 54.766740863087421, 0.0 ], [ -112.403388517211297, 54.766632442367928, 0.0 ], [ -112.403402878423407, 54.766511339243969, 0.0 ], [ -112.403430033594006, 54.766282351273809, 0.0 ], [ -112.403444897012406, 54.766156997800017, 0.0 ], [ -112.403462106295507, 54.766149514200663, 0.0 ], [ -112.403898222994897, 54.765959856816487, 0.0 ], [ -112.404300917213604, 54.765743643215103, 0.0 ], [ -112.404313242038398, 54.765551189119577, 0.0 ], [ -112.404317350165897, 54.765487039548837, 0.0 ], [ -112.404329673185003, 54.765294586307483, 0.0 ], [ -112.403955746624803, 54.765061743342713, 0.0 ], [ -112.403742440506306, 54.764928917089108, 0.0 ], [ -112.403731494903596, 54.764927882263237, 0.0 ], [ -112.403718938673606, 54.764914282363762, 0.0 ], [ -112.403581822858996, 54.764828898331061, 0.0 ], [ -112.403207903268296, 54.764596054000172, 0.0 ], [ -112.403353137401695, 54.764518074471269, 0.0 ], [ -112.403307035401497, 54.764468138321007, 0.0 ], [ -112.403319104949205, 54.76443181506346, 0.0 ], [ -112.403357789778397, 54.764315387886768, 0.0 ], [ -112.403863495234404, 54.764041102673133, 0.0 ], [ -112.404430294633798, 54.763733675844207, 0.0 ], [ -112.404997082339605, 54.763426246192893, 0.0 ], [ -112.405235229653002, 54.763297070540439, 0.0 ], [ -112.405235653238904, 54.763290453231079, 0.0 ], [ -112.405250025564897, 54.763065925439989, 0.0 ], [ -112.405592473619194, 54.762882036758377, 0.0 ], [ -112.405616195385093, 54.762685724524943, 0.0 ], [ -112.4053052584554, 54.762303021158743, 0.0 ], [ -112.405312714492595, 54.762085381783407, 0.0 ], [ -112.405321356978206, 54.761833045869579, 0.0 ], [ -112.405324356503797, 54.761745410403528, 0.0 ], [ -112.4053280991495, 54.761636104925998, 0.0 ], [ -112.405347955612299, 54.761325871729177, 0.0 ], [ -112.405348590573297, 54.761315975432026, 0.0 ], [ -112.405356840935596, 54.761187047380567, 0.0 ], [ -112.405355587000201, 54.761104851843633, 0.0 ], [ -112.405348726535095, 54.760655503513583, 0.0 ], [ -112.405137356449302, 54.760418391391717, 0.0 ], [ -112.405078566602, 54.760352443026314, 0.0 ], [ -112.404758298934794, 54.759993162171803, 0.0 ], [ -112.404722519625594, 54.759953025520652, 0.0 ], [ -112.404675551352298, 54.759541399365318, 0.0 ], [ -112.404681091471105, 54.759512212792607, 0.0 ], [ -112.404699375895405, 54.759415881405658, 0.0 ], [ -112.404735690210401, 54.759224542406422, 0.0 ], [ -112.404765866598197, 54.75906553028063, 0.0 ], [ -112.405021146182193, 54.758819490497068, 0.0 ], [ -112.404771023952193, 54.758417262669767, 0.0 ], [ -112.404780943117302, 54.75825948512918, 0.0 ], [ -112.404790340594602, 54.758110001876503, 0.0 ], [ -112.404789685350195, 54.758109670379312, 0.0 ], [ -112.404770093732793, 54.757905973570168, 0.0 ], [ -112.404758208053096, 54.757782416972432, 0.0 ], [ -112.404748002909301, 54.757676312185687, 0.0 ], [ -112.4047521957432, 54.757555419225667, 0.0 ], [ -112.404760285762904, 54.757322113199997, 0.0 ], [ -112.4047644206819, 54.757202900771937, 0.0 ], [ -112.404782044808201, 54.757089094415619, 0.0 ], [ -112.4048170597314, 54.756862984002083, 0.0 ], [ -112.404835420140301, 54.756744423267413, 0.0 ], [ -112.404844708226705, 54.756740271078101, 0.0 ], [ -112.405151160871995, 54.756603228395313, 0.0 ], [ -112.405321160668805, 54.756419219695701, 0.0 ], [ -112.405504909148803, 54.756220325878097, 0.0 ], [ -112.405494175022895, 54.756213640624161, 0.0 ], [ -112.405307248071196, 54.756097221314683, 0.0 ], [ -112.404933397383701, 54.75586438185934, 0.0 ], [ -112.404559551041402, 54.755631540390688, 0.0 ], [ -112.404549815561495, 54.755541797516798, 0.0 ], [ -112.404538165940394, 54.755434417944549, 0.0 ], [ -112.404522878337403, 54.755293504788654, 0.0 ], [ -112.404510947185202, 54.755183529063039, 0.0 ], [ -112.404510654026794, 54.755180821149438, 0.0 ], [ -112.404537250472899, 54.755068975030198, 0.0 ], [ -112.404570512875296, 54.754929095111301, 0.0 ], [ -112.404581917545997, 54.754881131637887, 0.0 ], [ -112.404617038009704, 54.754733425806293, 0.0 ], [ -112.405056307289897, 54.754541602463732, 0.0 ], [ -112.405096938466897, 54.75452386030279, 0.0 ], [ -112.405086297134005, 54.75442405597579, 0.0 ], [ -112.405066344610404, 54.754236903855833, 0.0 ], [ -112.405048354304796, 54.754068149392509, 0.0 ], [ -112.405017770172805, 54.754067495547879, 0.0 ], [ -112.405040200889005, 54.753985502083552, 0.0 ], [ -112.4046870160266, 54.753882630570082, 0.0 ], [ -112.404102121025204, 54.75371226531297, 0.0 ], [ -112.403993113806294, 54.753680513162813, 0.0 ], [ -112.403611128599806, 54.753442970403761, 0.0 ], [ -112.403082011618395, 54.753113925130037, 0.0 ], [ -112.402945884721305, 54.753029269674343, 0.0 ], [ -112.402552903154699, 54.752784878520558, 0.0 ], [ -112.402505448923506, 54.752663759209213, 0.0 ], [ -112.402698557133704, 54.752443405783183, 0.0 ], [ -112.402429369050395, 54.752116132468522, 0.0 ], [ -112.402095610463505, 54.751710348352162, 0.0 ], [ -112.402126533751499, 54.751518086723152, 0.0 ], [ -112.402156730329594, 54.751330344018903, 0.0 ], [ -112.402158008021303, 54.751322413077887, 0.0 ], [ -112.402580147024906, 54.751054899724558, 0.0 ], [ -112.403072299516296, 54.75083395759772, 0.0 ], [ -112.403663166370805, 54.750703443930881, 0.0 ], [ -112.404388915472197, 54.750543130926978, 0.0 ], [ -112.404796273000898, 54.750325598499821, 0.0 ], [ -112.404907795180307, 54.750099115952288, 0.0 ], [ -112.404895333536899, 54.749992522961243, 0.0 ], [ -112.404842917802398, 54.749544181567018, 0.0 ], [ -112.404587902442202, 54.749384206214202, 0.0 ], [ -112.404061286080804, 54.749053849298363, 0.0 ], [ -112.403534679780606, 54.748723491101423, 0.0 ], [ -112.403505647336701, 54.748686544530791, 0.0 ], [ -112.403496705670705, 54.748675161502987, 0.0 ], [ -112.403419797058604, 54.748577285560259, 0.0 ], [ -112.403078619886998, 54.748405047480937, 0.0 ], [ -112.403127402255606, 54.747965038242853, 0.0 ], [ -112.403123500858598, 54.747940499595089, 0.0 ], [ -112.403064004677802, 54.747566267200597, 0.0 ], [ -112.402793220316894, 54.747275676736542, 0.0 ], [ -112.402806974926506, 54.746929718096737, 0.0 ], [ -112.402824838385698, 54.746480471054802, 0.0 ], [ -112.403087986550304, 54.746231947596137, 0.0 ], [ -112.403124596276399, 54.746197375036957, 0.0 ], [ -112.403137235659798, 54.746164590318287, 0.0 ], [ -112.403306318568795, 54.745726000935093, 0.0 ], [ -112.403639758666898, 54.745544061787513, 0.0 ], [ -112.404204826309595, 54.745235730350423, 0.0 ], [ -112.404769886980901, 54.744927395307883, 0.0 ], [ -112.405334937518703, 54.744619057491697, 0.0 ], [ -112.4056132590392, 54.744678527544053, 0.0 ], [ -112.405651660931994, 54.744637922919281, 0.0 ], [ -112.4060992698913, 54.744643788123263, 0.0 ], [ -112.406264145961103, 54.744597598921608, 0.0 ], [ -112.406896868729802, 54.744580739806217, 0.0 ], [ -112.407346502330697, 54.744594661401258, 0.0 ], [ -112.408122146956302, 54.744618673331587, 0.0 ], [ -112.408897792772905, 54.744642678511497, 0.0 ], [ -112.409673439493403, 54.744666681431617, 0.0 ], [ -112.410252395934904, 54.74486216047768, 0.0 ], [ -112.410923261960306, 54.745088666936347, 0.0 ], [ -112.411594137165906, 54.745315168889029, 0.0 ], [ -112.411726342354001, 54.74533279453621, 0.0 ], [ -112.412483273799793, 54.745433707172587, 0.0 ], [ -112.412515369110594, 54.745461577781818, 0.0 ], [ -112.412946048388804, 54.745835550381607, 0.0 ], [ -112.413157875197797, 54.745808765379323, 0.0 ], [ -112.413356661313699, 54.745701950451412, 0.0 ], [ -112.413909339354802, 54.745713745027089, 0.0 ], [ -112.414132909918095, 54.745718515114163, 0.0 ], [ -112.414909157819295, 54.745735073880837, 0.0 ], [ -112.415311591799195, 54.745518820324641, 0.0 ], [ -112.415714019941504, 54.745302565346421, 0.0 ], [ -112.416071023325202, 54.745501526861759, 0.0 ], [ -112.416065360376606, 54.745677254117723, 0.0 ], [ -112.416091767354402, 54.745690059866902, 0.0 ], [ -112.416069429230205, 54.745892174537502, 0.0 ], [ -112.416059231777794, 54.745984433159833, 0.0 ], [ -112.416071316713001, 54.745991960201692, 0.0 ], [ -112.416433058109106, 54.7462172392516, 0.0 ], [ -112.4168068887831, 54.74645004332988, 0.0 ], [ -112.417548376021301, 54.746485274504572, 0.0 ], [ -112.418349483077293, 54.74648846203214, 0.0 ], [ -112.419162511831104, 54.746485235772226, 0.0 ], [ -112.419939775349107, 54.746501227949821, 0.0 ], [ -112.420285806035807, 54.746748973520234, 0.0 ], [ -112.421062080511604, 54.746765493180312, 0.0 ], [ -112.421464489571306, 54.746549219819997, 0.0 ], [ -112.421866897507599, 54.746332944238972, 0.0 ], [ -112.421949552857896, 54.746288520190838, 0.0 ], [ -112.421858709342402, 54.746250296688423, 0.0 ], [ -112.4219324773469, 54.745868295855949, 0.0 ], [ -112.422201007317994, 54.745763177661203, 0.0 ], [ -112.422349770975003, 54.745427876376411, 0.0 ], [ -112.422415696181304, 54.745394784090927, 0.0 ], [ -112.422724773020903, 54.745239632332577, 0.0 ], [ -112.423002386715595, 54.745100274221883, 0.0 ], [ -112.423108694434205, 54.744927864046161, 0.0 ], [ -112.423113089944906, 54.74483740712958, 0.0 ], [ -112.423172685394107, 54.744811844071478, 0.0 ], [ -112.423159674108106, 54.744336913876289, 0.0 ], [ -112.423950159989303, 54.744128881886432, 0.0 ], [ -112.4240320249218, 54.744079709131839, 0.0 ], [ -112.424399345969206, 54.744085271630247, 0.0 ], [ -112.425175829205898, 54.74409702675765, 0.0 ], [ -112.425952310059301, 54.744108775053, 0.0 ], [ -112.426728794454107, 54.744120521138854, 0.0 ], [ -112.426956320989802, 54.744188915345369, 0.0 ], [ -112.427012488425902, 54.744205799462797, 0.0 ], [ -112.427128865961294, 54.744240782110431, 0.0 ], [ -112.427428939334604, 54.744427606525598, 0.0 ], [ -112.427802818079002, 54.744660376346047, 0.0 ], [ -112.428178356999794, 54.744668346482079, 0.0 ], [ -112.428579055586297, 54.7446768483413, 0.0 ], [ -112.428751354505096, 54.744784114182067, 0.0 ], [ -112.428772857903198, 54.744783834702027, 0.0 ], [ -112.429361421424602, 54.744623901934212, 0.0 ], [ -112.429629527713004, 54.74462816437579, 0.0 ], [ -112.430405995466103, 54.744640506962703, 0.0 ], [ -112.431182462353306, 54.744652843649213, 0.0 ], [ -112.431508032358394, 54.74469539606784, 0.0 ], [ -112.431634699080305, 54.744740926702711, 0.0 ], [ -112.431936912971395, 54.744849555849392, 0.0 ], [ -112.432580035766804, 54.745080716909129, 0.0 ], [ -112.432789780873605, 54.745232642622383, 0.0 ], [ -112.433626380694406, 54.745216633576177, 0.0 ], [ -112.433970129269397, 54.745465610334243, 0.0 ], [ -112.4343440555662, 54.745698360438382, 0.0 ], [ -112.434717984482404, 54.745931111189613, 0.0 ], [ -112.435091920846006, 54.746163859992087, 0.0 ], [ -112.435827958622895, 54.746201917091092, 0.0 ], [ -112.436601502573595, 54.746196978574318, 0.0 ], [ -112.436644464682701, 54.746196704551423, 0.0 ], [ -112.436705829273194, 54.746234898645767, 0.0 ], [ -112.437018410030902, 54.746429447445287, 0.0 ], [ -112.437330151751794, 54.746623469534597, 0.0 ], [ -112.4373467501172, 54.746609967946249, 0.0 ], [ -112.437384147549494, 54.746579542555217, 0.0 ], [ -112.437703642901397, 54.746587793625253, 0.0 ], [ -112.438479667635804, 54.746607832364823, 0.0 ], [ -112.438534388548206, 54.746828691112214, 0.0 ], [ -112.438694850626206, 54.746845806887293, 0.0 ], [ -112.439154023812193, 54.746894782410443, 0.0 ], [ -112.439663590732195, 54.747188685472032, 0.0 ], [ -112.440213701493505, 54.747505962900142, 0.0 ], [ -112.440719280333298, 54.747497324099747, 0.0 ], [ -112.440814648710699, 54.747445869370061, 0.0 ], [ -112.441382711939497, 54.747139363219787, 0.0 ], [ -112.441950769755707, 54.746832853469982, 0.0 ], [ -112.442518817444906, 54.74652634092056, 0.0 ], [ -112.443086858055906, 54.746219826535253, 0.0 ], [ -112.443364207737503, 54.745867296178147, 0.0 ], [ -112.443745804863298, 54.74563759032997, 0.0 ], [ -112.443876139270401, 54.745573493049747, 0.0 ], [ -112.444467966438594, 54.745282439925333, 0.0 ], [ -112.444868931971897, 54.74508524448737, 0.0 ], [ -112.444742105957303, 54.745022031826309, 0.0 ], [ -112.444483160321695, 54.745018219964173, 0.0 ], [ -112.444118121224506, 54.744780690575922, 0.0 ], [ -112.443715945864497, 54.744560587506029, 0.0 ], [ -112.443706568979707, 54.744211005756028, 0.0 ], [ -112.443698540239296, 54.7442033512271, 0.0 ], [ -112.443659307143605, 54.743059324192771, 0.0 ], [ -112.443785194432195, 54.74278907322379, 0.0 ], [ -112.4437913886985, 54.742730833193548, 0.0 ], [ -112.443859097110405, 54.742288836900109, 0.0 ], [ -112.444063099741797, 54.742192453757667, 0.0 ], [ -112.444151962394102, 54.742001673205777, 0.0 ], [ -112.443913924736805, 54.741853535180823, 0.0 ], [ -112.443942220289003, 54.741404461683743, 0.0 ], [ -112.444344457222002, 54.741188110379092, 0.0 ], [ -112.444593229002095, 54.741054301039838, 0.0 ], [ -112.444624804188706, 54.740986504633881, 0.0 ], [ -112.444846033234896, 54.740912044193919, 0.0 ], [ -112.4453280033933, 54.740749818288784, 0.0 ], [ -112.446364407132904, 54.740400966043332, 0.0 ], [ -112.446432627255206, 54.740116944468028, 0.0 ], [ -112.446436716581303, 54.739640382217637, 0.0 ], [ -112.446009901177504, 54.73942453983593, 0.0 ], [ -112.446105200659701, 54.738939406995442, 0.0 ], [ -112.445731266823003, 54.738706692887703, 0.0 ], [ -112.444888099596795, 54.738726391378258, 0.0 ], [ -112.444514174840506, 54.738493672704038, 0.0 ], [ -112.444140254367895, 54.738260952913272, 0.0 ], [ -112.443766339731098, 54.738028232038708, 0.0 ], [ -112.443392427882301, 54.737795509116793, 0.0 ], [ -112.443018520260495, 54.737562785976543, 0.0 ], [ -112.442644616865394, 54.737330062618007, 0.0 ], [ -112.442672920115996, 54.736880990093887, 0.0 ], [ -112.442276678840003, 54.736660283253947, 0.0 ], [ -112.442327329759905, 54.736199192347897, 0.0 ], [ -112.441953444323602, 54.735966466118541, 0.0 ], [ -112.4415795616748, 54.735733737841997, 0.0 ], [ -112.441607875033895, 54.735284665572173, 0.0 ], [ -112.441234000446002, 54.735051938089342, 0.0 ], [ -112.440837786243407, 54.734831226788479, 0.0 ], [ -112.440888449003594, 54.734370136473537, 0.0 ], [ -112.440492244751397, 54.734149425041551, 0.0 ], [ -112.440542911946395, 54.733688333991182, 0.0 ], [ -112.440169058044603, 54.733455602489137, 0.0 ], [ -112.439795208425195, 54.733222869870978, 0.0 ], [ -112.439421363088002, 54.732990136136728, 0.0 ], [ -112.439047520480898, 54.732757401253657, 0.0 ], [ -112.438673685260099, 54.732524665320163, 0.0 ], [ -112.438299852769305, 54.732291928237892, 0.0 ], [ -112.437926024560497, 54.732059190039656, 0.0 ], [ -112.437200083988301, 54.732043839099617, 0.0 ], [ -112.437150020959095, 54.732042781253718, 0.0 ], [ -112.437392188968801, 54.731805706256722, 0.0 ], [ -112.437587144023098, 54.731614845215347, 0.0 ], [ -112.437587997858301, 54.731562973969879, 0.0 ], [ -112.437594731101399, 54.731152843088488, 0.0 ], [ -112.437996896322701, 54.730936511769798, 0.0 ], [ -112.438167273813306, 54.730844861789087, 0.0 ], [ -112.438399060422896, 54.7307201782316, 0.0 ], [ -112.438801217137694, 54.730503843240783, 0.0 ], [ -112.439231407448901, 54.730304962001419, 0.0 ], [ -112.439203670598005, 54.729820979982918, 0.0 ], [ -112.439633851638703, 54.729622097197193, 0.0 ], [ -112.440035990835995, 54.729405757888543, 0.0 ], [ -112.440064316191595, 54.728956685721123, 0.0 ], [ -112.440494483817403, 54.728757799713101, 0.0 ], [ -112.440466730876096, 54.728273816792921, 0.0 ], [ -112.440896889232505, 54.728074929238772, 0.0 ], [ -112.4408824792865, 54.727599259316968, 0.0 ], [ -112.440953512681801, 54.727176783960203, 0.0 ], [ -112.441792715237298, 54.727232570885263, 0.0 ], [ -112.442226035550803, 54.727026399704407, 0.0 ], [ -112.442296360197901, 54.726562749490832, 0.0 ], [ -112.442245320955706, 54.726067986170051, 0.0 ], [ -112.441814331510102, 54.725845949327812, 0.0 ], [ -112.4414727084378, 54.725595914538509, 0.0 ], [ -112.440648576093295, 54.72560549088854, 0.0 ], [ -112.439888779782294, 54.725580446349433, 0.0 ], [ -112.439515002845994, 54.725347714274619, 0.0 ], [ -112.439141230246605, 54.725114980185971, 0.0 ], [ -112.438767461984, 54.724882244083453, 0.0 ], [ -112.438393697888003, 54.72464950866155, 0.0 ], [ -112.438019938128704, 54.724416771225911, 0.0 ], [ -112.437646182649303, 54.724184032674607, 0.0 ], [ -112.437213179858702, 54.723966901617914, 0.0 ], [ -112.437243655283893, 54.723484150528172, 0.0 ], [ -112.437702869825301, 54.723285889096758, 0.0 ], [ -112.437731214565105, 54.72283681729192, 0.0 ], [ -112.438239831553702, 54.722599315229182, 0.0 ], [ -112.437821383982396, 54.722354479365293, 0.0 ], [ -112.437016049651405, 54.72235395315888, 0.0 ], [ -112.436181993582096, 54.722368874340233, 0.0 ], [ -112.435834195499993, 54.722122180746247, 0.0 ], [ -112.435058384598605, 54.722105759696838, 0.0 ], [ -112.434684668738001, 54.721873013266737, 0.0 ], [ -112.434310955661701, 54.721640264790373, 0.0 ], [ -112.4335159702852, 54.721585956590957, 0.0 ], [ -112.433133058519005, 54.721840153392911, 0.0 ], [ -112.432730956375906, 54.722056470376941, 0.0 ], [ -112.432328853056802, 54.722272786039888, 0.0 ], [ -112.431926742355103, 54.722489100250193, 0.0 ], [ -112.431130167100207, 54.722459723017757, 0.0 ], [ -112.430748810999503, 54.722688965296669, 0.0 ], [ -112.4299958649259, 54.722672998523862, 0.0 ], [ -112.429972992364199, 54.722672511595057, 0.0 ], [ -112.429197172849797, 54.722656054696031, 0.0 ], [ -112.428795045090595, 54.722872357451173, 0.0 ], [ -112.428421357281806, 54.722639592003972, 0.0 ], [ -112.428050042999303, 54.72236940273546, 0.0 ], [ -112.427645539454105, 54.72262312338718, 0.0 ], [ -112.427243403809101, 54.722839422705761, 0.0 ], [ -112.426841262389999, 54.723055719706082, 0.0 ], [ -112.426439116691498, 54.723272015319218, 0.0 ], [ -112.425700657017998, 54.72327881234559, 0.0 ], [ -112.425194201172701, 54.723254048634189, 0.0 ], [ -112.424955252990898, 54.723281278035259, 0.0 ], [ -112.424887463014898, 54.72323905026451, 0.0 ], [ -112.424616292319399, 54.723319905667381, 0.0 ], [ -112.424607515486997, 54.723320905358037, 0.0 ], [ -112.423824698326698, 54.723449334356893, 0.0 ], [ -112.423306614887395, 54.723421284753513, 0.0 ], [ -112.422545733015596, 54.723414096471728, 0.0 ], [ -112.422143559778704, 54.723630376604113, 0.0 ], [ -112.422126100289603, 54.723905324630699, 0.0 ], [ -112.422024920450795, 54.724029200058212, 0.0 ], [ -112.421655328498701, 54.724481680859867, 0.0 ], [ -112.420517547500694, 54.72469176382684, 0.0 ], [ -112.419125128742607, 54.724662115128567, 0.0 ], [ -112.417710948658595, 54.724267520013107, 0.0 ], [ -112.417128435885701, 54.723526174771813, 0.0 ], [ -112.417122548086994, 54.723432139435943, 0.0 ], [ -112.417061510783199, 54.722457389381042, 0.0 ], [ -112.417062361771997, 54.722449508554263, 0.0 ], [ -112.417093021325101, 54.722165686874753, 0.0 ], [ -112.416798481851899, 54.722167523586442, 0.0 ], [ -112.4168672731562, 54.721696832757409, 0.0 ], [ -112.416467735583296, 54.721261124349681, 0.0 ], [ -112.416904954580005, 54.720833263322312, 0.0 ], [ -112.416912767968498, 54.720371264179477, 0.0 ], [ -112.417344584351198, 54.720173478082408, 0.0 ], [ -112.417343500992004, 54.719705935472128, 0.0 ], [ -112.417342414269001, 54.719238394559603, 0.0 ], [ -112.417666917925004, 54.719089755439867, 0.0 ], [ -112.417876616034306, 54.718127215450458, 0.0 ], [ -112.417647476999207, 54.717544439900863, 0.0 ], [ -112.417486315359, 54.717460611285333, 0.0 ], [ -112.417112740873804, 54.717227810169369, 0.0 ], [ -112.416739173655003, 54.716995009801643, 0.0 ], [ -112.416365609219497, 54.716762207388548, 0.0 ], [ -112.416060121863396, 54.71657182726549, 0.0 ], [ -112.414527854511903, 54.716337606828368, 0.0 ], [ -112.414122281357905, 54.715800147823813, 0.0 ], [ -112.414098622516505, 54.715768794306918, 0.0 ], [ -112.413988762190698, 54.715623204796991, 0.0 ], [ -112.413770091120398, 54.715144595651438, 0.0 ], [ -112.413750777940606, 54.715132559303093, 0.0 ], [ -112.413377247781298, 54.714899747079698, 0.0 ], [ -112.413380319144295, 54.714464413473962, 0.0 ], [ -112.413423320444295, 54.714207189546592, 0.0 ], [ -112.413379122990307, 54.713500241552893, 0.0 ], [ -112.413118272836996, 54.713337652080753, 0.0 ], [ -112.413089539166705, 54.713319744068698, 0.0 ], [ -112.413491654309894, 54.713103492148321, 0.0 ], [ -112.413546761444394, 54.713073856012038, 0.0 ], [ -112.412494675797703, 54.712948955050599, 0.0 ], [ -112.411825949094904, 54.712869562616483, 0.0 ], [ -112.411658323066902, 54.712809251457912, 0.0 ], [ -112.410902869338202, 54.712537439538828, 0.0 ], [ -112.411331853383103, 54.712156106884798, 0.0 ], [ -112.412208195109699, 54.71181036350918, 0.0 ], [ -112.411930324322498, 54.711231695850877, 0.0 ], [ -112.411013909402001, 54.710795582486419, 0.0 ], [ -112.410741037373896, 54.710138919014021, 0.0 ], [ -112.411231465877606, 54.709498566057263, 0.0 ], [ -112.410384857751296, 54.708673441013516, 0.0 ], [ -112.410306404208896, 54.708350635575371, 0.0 ], [ -112.410321170959307, 54.708351648233482, 0.0 ], [ -112.410704093449098, 54.708097521386797, 0.0 ], [ -112.411479622110093, 54.708114095436663, 0.0 ], [ -112.411860943953798, 54.70788491387389, 0.0 ], [ -112.412657217312102, 54.707914413776862, 0.0 ], [ -112.413059280337805, 54.707698161671068, 0.0 ], [ -112.413348878763401, 54.707542398559852, 0.0 ], [ -112.414458633275501, 54.707536889343778, 0.0 ], [ -112.416136382802193, 54.707312352151362, 0.0 ], [ -112.417920714818294, 54.70753262873658, 0.0 ], [ -112.419326059384701, 54.708057204744428, 0.0 ], [ -112.420623159083505, 54.708162929007472, 0.0 ], [ -112.422472250789596, 54.708072119202818, 0.0 ], [ -112.423425015233704, 54.707936186959593, 0.0 ], [ -112.424602261921095, 54.707805018757099, 0.0 ], [ -112.425377068781899, 54.707639257331273, 0.0 ], [ -112.425759004697994, 54.707675183306883, 0.0 ], [ -112.425965606240695, 54.70769461478713, 0.0 ], [ -112.426271726108396, 54.707529905454052, 0.0 ], [ -112.426673714155996, 54.70731360823951, 0.0 ], [ -112.426702160970194, 54.706864538160083, 0.0 ], [ -112.426306297326803, 54.706643783083393, 0.0 ], [ -112.426357081128302, 54.70618269831909, 0.0 ], [ -112.425983559647193, 54.705949925690561, 0.0 ], [ -112.425579892723604, 54.705733374001333, 0.0 ], [ -112.425668645511905, 54.705251860883557, 0.0 ], [ -112.425264987175595, 54.705035307316081, 0.0 ], [ -112.424891482343298, 54.704802532357633, 0.0 ], [ -112.424517980291597, 54.704569755354008, 0.0 ], [ -112.424546449528805, 54.704120686761421, 0.0 ], [ -112.424172954138498, 54.703887907827081, 0.0 ], [ -112.423799466010493, 54.703655129640957, 0.0 ], [ -112.423443277421796, 54.703433129952437, 0.0 ], [ -112.423425980605799, 54.703422350307903, 0.0 ], [ -112.423426706174396, 54.703410909844607, 0.0 ], [ -112.423454459204294, 54.70297328108402, 0.0 ], [ -112.423856417704002, 54.702756991884847, 0.0 ], [ -112.424258370264894, 54.702540703062603, 0.0 ], [ -112.425033801313305, 54.702557187489347, 0.0 ], [ -112.425062262735807, 54.702108118564787, 0.0 ], [ -112.425464202531899, 54.701891824685539, 0.0 ], [ -112.425866136503402, 54.701675529387103, 0.0 ], [ -112.426665463170394, 54.701655040889513, 0.0 ], [ -112.4270150420177, 54.701924774690589, 0.0 ], [ -112.427341452644598, 54.701749115467237, 0.0 ], [ -112.427416969721705, 54.701708475094193, 0.0 ], [ -112.427818893208894, 54.701492173213524, 0.0 ], [ -112.428220812422296, 54.701275869946777, 0.0 ], [ -112.428996221701695, 54.701292329670601, 0.0 ], [ -112.4293701205074, 54.70105856520594, 0.0 ], [ -112.430201550077498, 54.701109930640563, 0.0 ], [ -112.430575440297602, 54.700876163255742, 0.0 ], [ -112.431374749891603, 54.700855642590668, 0.0 ], [ -112.432112057894699, 54.701133582353442, 0.0 ], [ -112.432873279875594, 54.701374553936773, 0.0 ], [ -112.433165372120897, 54.701556565710483, 0.0 ], [ -112.433246800269004, 54.701607305453273, 0.0 ], [ -112.433593789579305, 54.701857888906353, 0.0 ], [ -112.434363437185993, 54.701898720798063, 0.0 ], [ -112.435167952368602, 54.701923933228308, 0.0 ], [ -112.435973502387995, 54.701932810308392, 0.0 ], [ -112.436746243561998, 54.701924635910302, 0.0 ], [ -112.437123901377504, 54.701689394082699, 0.0 ], [ -112.437902155883094, 54.701660888689943, 0.0 ], [ -112.438674748854197, 54.701722194868317, 0.0 ], [ -112.4390181661702, 54.701971153497922, 0.0 ], [ -112.4398332004574, 54.701955491397108, 0.0 ], [ -112.439853876284701, 54.701955093770437, 0.0 ], [ -112.440197302798495, 54.702204050044159, 0.0 ], [ -112.440570876439594, 54.702436779538637, 0.0 ], [ -112.441346315353897, 54.702453160492823, 0.0 ], [ -112.441318031948398, 54.702902234186681, 0.0 ], [ -112.441691618412193, 54.703134960336612, 0.0 ], [ -112.442467071321801, 54.703151334260767, 0.0 ], [ -112.4428406651177, 54.703384057817779, 0.0 ], [ -112.442772210504501, 54.703854768141362, 0.0 ], [ -112.4427841316393, 54.704282207034289, 0.0 ], [ -112.443222359813504, 54.70451629270778, 0.0 ], [ -112.442755863643299, 54.704731282924698, 0.0 ], [ -112.442750679387999, 54.704813640579111, 0.0 ], [ -112.442727594922303, 54.705180357873587, 0.0 ], [ -112.443101208641906, 54.705413078973407, 0.0 ], [ -112.443876705861001, 54.705429444334719, 0.0 ], [ -112.444250328408103, 54.705662163772047, 0.0 ], [ -112.444623955286801, 54.705894881196087, 0.0 ], [ -112.444997586440607, 54.706127597504981, 0.0 ], [ -112.445371221926095, 54.706360311800502, 0.0 ], [ -112.445744861630303, 54.706593025878931, 0.0 ], [ -112.446146737037196, 54.70637666279606, 0.0 ], [ -112.446922256030902, 54.706393008899049, 0.0 ], [ -112.447324124828398, 54.706176641849517, 0.0 ], [ -112.447725987743297, 54.705960274280137, 0.0 ], [ -112.448099825948404, 54.705726451519887, 0.0 ], [ -112.448931380075507, 54.705777690554029, 0.0 ], [ -112.449305208195199, 54.705543863944108, 0.0 ], [ -112.450065763797397, 54.705550881595691, 0.0 ], [ -112.450886108963005, 54.705595125322539, 0.0 ], [ -112.451258055937402, 54.705360129952332, 0.0 ], [ -112.452018610374296, 54.705367135343849, 0.0 ], [ -112.452838952826895, 54.705411365798653, 0.0 ], [ -112.453210886977303, 54.705176364289457, 0.0 ], [ -112.453971438752703, 54.705183356490281, 0.0 ], [ -112.454791779929195, 54.705227575502107, 0.0 ], [ -112.455163701367596, 54.704992566058017, 0.0 ], [ -112.455939197785398, 54.705008855067383, 0.0 ], [ -112.456714695036894, 54.705025138220797, 0.0 ], [ -112.457132066835698, 54.704818433156397, 0.0 ], [ -112.457150882460795, 54.704808298630162, 0.0 ], [ -112.457317294381895, 54.704577155540463, 0.0 ], [ -112.457603899039896, 54.704179055915972, 0.0 ], [ -112.457546401726603, 54.7041432561088, 0.0 ], [ -112.457172716920795, 54.703910577903592, 0.0 ], [ -112.457200824804005, 54.703461496915843, 0.0 ], [ -112.456425357087895, 54.703445217182697, 0.0 ], [ -112.456453472630798, 54.702996138216953, 0.0 ], [ -112.456855255937199, 54.702779738520732, 0.0 ], [ -112.457257036520005, 54.702563337472448, 0.0 ], [ -112.457258799038499, 54.702535175653168, 0.0 ], [ -112.457285143623395, 54.702114256387461, 0.0 ], [ -112.457686915269093, 54.701897853798478, 0.0 ], [ -112.458431213714405, 54.701894735863974, 0.0 ], [ -112.459237793909907, 54.701930392451317, 0.0 ], [ -112.460044374193799, 54.701966042752233, 0.0 ], [ -112.460788675712095, 54.701962910376892, 0.0 ], [ -112.461190425987994, 54.701746495919053, 0.0 ], [ -112.461592173596699, 54.701530079211167, 0.0 ], [ -112.461620231630505, 54.70108099833665, 0.0 ], [ -112.462370744211597, 54.701081734099887, 0.0 ], [ -112.463185103323397, 54.700888944257883, 0.0 ], [ -112.4635868318923, 54.700672520706533, 0.0 ], [ -112.463988554580297, 54.700456096636671, 0.0 ], [ -112.463614863960004, 54.700223438111642, 0.0 ], [ -112.463608181950804, 54.699793058865701, 0.0 ], [ -112.463661011283605, 54.699330617724137, 0.0 ], [ -112.463725739545296, 54.698861763372783, 0.0 ], [ -112.463754762763202, 54.698412145626428, 0.0 ], [ -112.463353319884405, 54.69819444823883, 0.0 ], [ -112.463403671738305, 54.69773334290231, 0.0 ], [ -112.463007690816397, 54.697512706276683, 0.0 ], [ -112.462634034053906, 54.697280044100893, 0.0 ], [ -112.462260379901593, 54.697047382573167, 0.0 ], [ -112.461886730078405, 54.696814719031572, 0.0 ], [ -112.461513084584297, 54.696582053476057, 0.0 ], [ -112.461914778476398, 54.696365636772491, 0.0 ], [ -112.4623164666571, 54.69614921685605, 0.0 ], [ -112.463094602192896, 54.696120550086249, 0.0 ], [ -112.463775316384101, 54.696174426856501, 0.0 ], [ -112.463970163043697, 54.696245846199197, 0.0 ], [ -112.464240788859001, 54.696414350650407, 0.0 ], [ -112.464614448721704, 54.696647007945501, 0.0 ], [ -112.464988111418606, 54.696879662295949, 0.0 ], [ -112.465339465564099, 54.697124341364429, 0.0 ], [ -112.465767488350295, 54.697126593141682, 0.0 ], [ -112.466528218573004, 54.697372027183533, 0.0 ], [ -112.466884492751902, 54.697593838999303, 0.0 ], [ -112.467135059168697, 54.6977498364379, 0.0 ], [ -112.466989826393899, 54.698517597492462, 0.0 ], [ -112.466922124466194, 54.698635079734593, 0.0 ], [ -112.466784846598202, 54.698698083771113, 0.0 ], [ -112.466785465835201, 54.698872218553191, 0.0 ], [ -112.466544519384797, 54.699290316583152, 0.0 ], [ -112.466645012267705, 54.699698881477872, 0.0 ], [ -112.466356808818006, 54.699831149673663, 0.0 ], [ -112.466730510314505, 54.700063799848181, 0.0 ], [ -112.466735540442698, 54.70006693041416, 0.0 ], [ -112.4671042192426, 54.700296448073267, 0.0 ], [ -112.467477930781698, 54.700529096946127, 0.0 ], [ -112.4678516466509, 54.700761743804662, 0.0 ], [ -112.468627070041506, 54.700777949912151, 0.0 ], [ -112.469402494261502, 54.700794150164327, 0.0 ], [ -112.469776222175398, 54.701026791184759, 0.0 ], [ -112.470149957409305, 54.701259432051828, 0.0 ], [ -112.470925391667606, 54.701275623555311, 0.0 ], [ -112.471299134341393, 54.701508260030558, 0.0 ], [ -112.471672881289606, 54.701740895389413, 0.0 ], [ -112.471906977625196, 54.701886604581958, 0.0 ], [ -112.472046632512104, 54.701973529631807, 0.0 ], [ -112.472420388065004, 54.702206161859571, 0.0 ], [ -112.473195841738203, 54.70222233902571, 0.0 ], [ -112.473501351190293, 54.702057711203651, 0.0 ], [ -112.4748298241323, 54.702085410352517, 0.0 ], [ -112.476387888530994, 54.702577894572208, 0.0 ], [ -112.477424626082495, 54.703151507585673, 0.0 ], [ -112.478625269579894, 54.703836432303603, 0.0 ], [ -112.478824378705497, 54.703123187315398, 0.0 ], [ -112.479915153504905, 54.702096247633257, 0.0 ], [ -112.480865704041506, 54.701381274893741, 0.0 ], [ -112.481576820326794, 54.700309878989877, 0.0 ], [ -112.481598706367905, 54.700276903910698, 0.0 ], [ -112.481871973649405, 54.700042805791327, 0.0 ], [ -112.481892881708305, 54.699705428627489, 0.0 ], [ -112.482294500599906, 54.699488942738959, 0.0 ], [ -112.482696115217493, 54.699272455467288, 0.0 ], [ -112.483097725561294, 54.699055966812509, 0.0 ], [ -112.483499331631194, 54.69883947677463, 0.0 ], [ -112.484243308639194, 54.69885492990263, 0.0 ], [ -112.484291562224399, 54.698837712400938, 0.0 ], [ -112.484690223449306, 54.698414543341578, 0.0 ], [ -112.485510233462406, 54.698406586701182, 0.0 ], [ -112.485839415323497, 54.698663233610361, 0.0 ], [ -112.485864896312293, 54.698663762459347, 0.0 ], [ -112.486614809481793, 54.698679323340208, 0.0 ], [ -112.487390204352195, 54.6986954090113, 0.0 ], [ -112.487764019532307, 54.698927996407299, 0.0 ], [ -112.488137839097405, 54.699160580889767, 0.0 ], [ -112.488894960594607, 54.699221245478881, 0.0 ], [ -112.489717816331805, 54.699223311660141, 0.0 ], [ -112.490090222775606, 54.698976215743308, 0.0 ], [ -112.4908683984101, 54.698947370929247, 0.0 ], [ -112.491641028734705, 54.699008337780867, 0.0 ], [ -112.491992562208594, 54.69925294127902, 0.0 ], [ -112.492790280316797, 54.699256962669708, 0.0 ], [ -112.493164132044001, 54.699489532857868, 0.0 ], [ -112.493537988045205, 54.699722101928508, 0.0 ], [ -112.493911848265199, 54.699954670779853, 0.0 ], [ -112.494263403679199, 54.700199266981883, 0.0 ], [ -112.495061141049902, 54.700203273612942, 0.0 ], [ -112.495402889853594, 54.700453160337879, 0.0 ], [ -112.496226510222101, 54.700443206139802, 0.0 ], [ -112.496985882443894, 54.700467892109771, 0.0 ], [ -112.497359768017205, 54.700700448741053, 0.0 ], [ -112.497733659305297, 54.700933006082963, 0.0 ], [ -112.498107556473997, 54.701165561440916, 0.0 ], [ -112.498481456366406, 54.701398115649013, 0.0 ], [ -112.498855360533497, 54.701630668739263, 0.0 ], [ -112.499229268975299, 54.701863220711587, 0.0 ], [ -112.499603181747105, 54.702095770667853, 0.0 ], [ -112.499977098738597, 54.70232832040432, 0.0 ], [ -112.500351019949605, 54.702560869921022, 0.0 ], [ -112.500702542003694, 54.702805499079368, 0.0 ], [ -112.501419730679004, 54.702827266563489, 0.0 ], [ -112.5014647856176, 54.702828634682113, 0.0 ], [ -112.502255541745299, 54.702836387546967, 0.0 ], [ -112.503058521104904, 54.702837545980557, 0.0 ], [ -112.503857424318497, 54.702840896699037, 0.0 ], [ -112.504635963587603, 54.702855226179402, 0.0 ], [ -112.505377845634797, 54.702889319392582, 0.0 ], [ -112.505719682420093, 54.703139177830828, 0.0 ], [ -112.506543356885501, 54.703129154029391, 0.0 ], [ -112.507302787512202, 54.703153775899921, 0.0 ], [ -112.506901262560604, 54.703370344677992, 0.0 ], [ -112.506499733223507, 54.703586913870417, 0.0 ], [ -112.506098199721293, 54.703803479884343, 0.0 ], [ -112.505696660282496, 54.704020046280597, 0.0 ], [ -112.505295118174303, 54.704236610428438, 0.0 ], [ -112.504893573341704, 54.70445317322605, 0.0 ], [ -112.504597566727199, 54.704612812851181, 0.0 ], [ -112.504492022737693, 54.704669733711299, 0.0 ], [ -112.504865991413794, 54.704902268801249, 0.0 ], [ -112.505239964310306, 54.705134803671008, 0.0 ], [ -112.505613941537703, 54.705367336524212, 0.0 ], [ -112.505987921545, 54.7055998673289, 0.0 ], [ -112.506370832970603, 54.705827585893672, 0.0 ], [ -112.506334341653201, 54.70628149574771, 0.0 ], [ -112.507109893261102, 54.706297455854482, 0.0 ], [ -112.507483891812996, 54.706529984013549, 0.0 ], [ -112.507857894696102, 54.706762510155848, 0.0 ], [ -112.5082594487845, 54.706545937712477, 0.0 ], [ -112.508633456324603, 54.706778461507248, 0.0 ], [ -112.5092341883269, 54.706790812735058, 0.0 ], [ -112.509199879873904, 54.708235105863231, 0.0 ], [ -112.508924846891702, 54.708358277086148, 0.0 ], [ -112.5085232796215, 54.708574851559753, 0.0 ], [ -112.508121706523497, 54.708791424619271, 0.0 ], [ -112.507720129203804, 54.709007995398302, 0.0 ], [ -112.507318545945907, 54.709224566559513, 0.0 ], [ -112.506916961623901, 54.709441134605846, 0.0 ], [ -112.506515371363506, 54.709657703034289, 0.0 ], [ -112.506113776936502, 54.70987426828399, 0.0 ], [ -112.506032782787898, 54.709917946075358, 0.0 ], [ -112.504491733113397, 54.710162338234348, 0.0 ], [ -112.502929280167393, 54.711004835207312, 0.0 ], [ -112.502939255729999, 54.711151840038909, 0.0 ], [ -112.502928477636104, 54.711157652395478, 0.0 ], [ -112.502868225652904, 54.711586453384903, 0.0 ], [ -112.5028569348529, 54.712045696694247, 0.0 ], [ -112.502861964770204, 54.712515086232628, 0.0 ], [ -112.5028601480129, 54.712588971800614, 0.0 ], [ -112.502375746033394, 54.713127669283921, 0.0 ], [ -112.501248522199006, 54.713769192028828, 0.0 ], [ -112.501143304017504, 54.7137686686848, 0.0 ], [ -112.500869815287899, 54.713561594347127, 0.0 ], [ -112.500064664329699, 54.71352357282877, 0.0 ], [ -112.499256881527003, 54.713528314982888, 0.0 ], [ -112.498884344788294, 54.713772223419561, 0.0 ], [ -112.498482669034701, 54.713988763296072, 0.0 ], [ -112.4980809890031, 54.714205301789562, 0.0 ], [ -112.4976793047488, 54.714421838001819, 0.0 ], [ -112.497277616105706, 54.714638374627363, 0.0 ], [ -112.496875923239898, 54.71485490897161, 0.0 ], [ -112.496848242043299, 54.715304001924792, 0.0 ], [ -112.496425761317397, 54.715507614590123, 0.0 ], [ -112.496418853615296, 54.715969627488313, 0.0 ], [ -112.495987459064395, 54.716167701704123, 0.0 ], [ -112.495989011508698, 54.716532308561113, 0.0 ], [ -112.495989450876195, 54.71663525041965, 0.0 ], [ -112.495991442401404, 54.717102801797338, 0.0 ], [ -112.495759858940602, 54.717209128725521, 0.0 ], [ -112.495560033659004, 54.717300873413237, 0.0 ], [ -112.495532335415803, 54.717749965732779, 0.0 ], [ -112.495130602128995, 54.717966493774398, 0.0 ], [ -112.494728864563299, 54.71818302043264, 0.0 ], [ -112.494327121222298, 54.718399544777199, 0.0 ], [ -112.494299409778506, 54.718848636623846, 0.0 ], [ -112.494673447130694, 54.719081204326827, 0.0 ], [ -112.494952570097794, 54.719254753320257, 0.0 ], [ -112.495047488872999, 54.719313769115061, 0.0 ], [ -112.495451666061896, 54.719530094070329, 0.0 ], [ -112.4953637011144, 54.720011666279262, 0.0 ], [ -112.495767886853002, 54.720227990246407, 0.0 ], [ -112.495797820441695, 54.720658651047877, 0.0 ], [ -112.495797727649602, 54.721118125413042, 0.0 ], [ -112.495768819467301, 54.72158681321406, 0.0 ], [ -112.495712303353798, 54.722045122328623, 0.0 ], [ -112.495629384480793, 54.722473450680241, 0.0 ], [ -112.495227604185104, 54.72268997841153, 0.0 ], [ -112.494825819609105, 54.72290650475923, 0.0 ], [ -112.494424029201099, 54.72312302969118, 0.0 ], [ -112.4940222376717, 54.723339552405442, 0.0 ], [ -112.493620440199294, 54.723556075500298, 0.0 ], [ -112.492844565679206, 54.723540023889633, 0.0 ], [ -112.492463543409599, 54.723769462960767, 0.0 ], [ -112.492054160137997, 54.723754573058457, 0.0 ], [ -112.4916668854829, 54.723740483865853, 0.0 ], [ -112.491265071655803, 54.723956998966223, 0.0 ], [ -112.490863253603607, 54.724173511784528, 0.0 ], [ -112.490461431271001, 54.724390023218902, 0.0 ], [ -112.489619044118101, 54.724332604672902, 0.0 ], [ -112.488909657941704, 54.724357875243683, 0.0 ], [ -112.488792105204297, 54.724751145428172, 0.0 ], [ -112.488867399265501, 54.725264324881159, 0.0 ], [ -112.488452255397604, 54.725472559631058, 0.0 ], [ -112.488424470259503, 54.725921648001382, 0.0 ], [ -112.487957955505095, 54.726136811438202, 0.0 ], [ -112.488396684241806, 54.726370738125063, 0.0 ], [ -112.488368897511293, 54.726819827307537, 0.0 ], [ -112.4887652982068, 54.727040383520922, 0.0 ], [ -112.488715188807404, 54.72750150180098, 0.0 ], [ -112.489089271884097, 54.727734086036541, 0.0 ], [ -112.489463359297801, 54.727966668255441, 0.0 ], [ -112.489837449329997, 54.728199251120067, 0.0 ], [ -112.490205168322603, 54.728435269366727, 0.0 ], [ -112.490183776470701, 54.728880921653221, 0.0 ], [ -112.490913822861202, 54.728921735129717, 0.0 ], [ -112.491735725782107, 54.728913053327219, 0.0 ], [ -112.492077690048006, 54.729162950649282, 0.0 ], [ -112.492901893216796, 54.729153025146793, 0.0 ], [ -112.493661799319398, 54.729177736495629, 0.0 ], [ -112.494018611775701, 54.729423652672097, 0.0 ], [ -112.494792095402303, 54.729468358113458, 0.0 ], [ -112.495595493779206, 54.729511937523739, 0.0 ], [ -112.496413297794007, 54.729549891621069, 0.0 ], [ -112.497229999222597, 54.729577725151778, 0.0 ], [ -112.498030084986496, 54.729590939585549, 0.0 ], [ -112.498798050734493, 54.729585040578407, 0.0 ], [ -112.499041684417094, 54.729575059987148, 0.0 ], [ -112.499730067054898, 54.729374887527598, 0.0 ], [ -112.499781225571894, 54.729279362468397, 0.0 ], [ -112.499921869434203, 54.729016744025643, 0.0 ], [ -112.499897330966704, 54.728856876984359, 0.0 ], [ -112.500006281387996, 54.728859125570807, 0.0 ], [ -112.500011099529502, 54.72885012827318, 0.0 ], [ -112.500559223878497, 54.728724518505501, 0.0 ], [ -112.500833078010302, 54.728581420535171, 0.0 ], [ -112.501409389961196, 54.728280270386072, 0.0 ], [ -112.501985693320904, 54.727979118292502, 0.0 ], [ -112.502413548985402, 54.727896913694082, 0.0 ], [ -112.502523394598796, 54.727875808584862, 0.0 ], [ -112.502682338564, 54.727790143494019, 0.0 ], [ -112.503084129567398, 54.727573592187859, 0.0 ], [ -112.503485917896398, 54.72735703863205, 0.0 ], [ -112.503887703495707, 54.727140483724789, 0.0 ], [ -112.503915699698297, 54.727141060395347, 0.0 ], [ -112.504317377082202, 54.72692556038016, 0.0 ], [ -112.504527689619707, 54.726897022955917, 0.0 ], [ -112.504837765880197, 54.72708723928725, 0.0 ], [ -112.505370600431704, 54.727414101358463, 0.0 ], [ -112.505903445162602, 54.727740960292863, 0.0 ], [ -112.506436296858993, 54.728067817822833, 0.0 ], [ -112.506452042105096, 54.728182865218763, 0.0 ], [ -112.506513353137393, 54.728630841723543, 0.0 ], [ -112.5065746670343, 54.729078816416582, 0.0 ], [ -112.506966618788795, 54.729322002814982, 0.0 ], [ -112.507496263528594, 54.729650613168133, 0.0 ], [ -112.508025915281905, 54.729979221246502, 0.0 ], [ -112.508636508223205, 54.730138616465887, 0.0 ], [ -112.508810642241102, 54.730244872184372, 0.0 ], [ -112.509344995650494, 54.730570925115217, 0.0 ], [ -112.509481487581297, 54.730740217785723, 0.0 ], [ -112.509809821952501, 54.731147449605068, 0.0 ], [ -112.510034860459299, 54.731426558250433, 0.0 ], [ -112.510138162869694, 54.731554679679427, 0.0 ], [ -112.510162617326699, 54.731945767778299, 0.0 ], [ -112.510201905287204, 54.732410500513993, 0.0 ], [ -112.510448662646098, 54.732755011752758, 0.0 ], [ -112.510138939216404, 54.732889866145982, 0.0 ], [ -112.5104919079767, 54.733109160135882, 0.0 ], [ -112.510513197303496, 54.733122386755269, 0.0 ], [ -112.510887458176597, 54.733354905314627, 0.0 ], [ -112.511261723388102, 54.733587421855923, 0.0 ], [ -112.511234180563306, 54.734036518300123, 0.0 ], [ -112.511608455457704, 54.734269034761837, 0.0 ], [ -112.5119827330834, 54.734501550071727, 0.0 ], [ -112.512357014992602, 54.734734064261602, 0.0 ], [ -112.512755792567404, 54.734953376077463, 0.0 ], [ -112.512653259590493, 54.735442903196393, 0.0 ], [ -112.512660360459506, 54.73557320893471, 0.0 ], [ -112.512676247577303, 54.735864771037093, 0.0 ], [ -112.513452367805201, 54.735880697205701, 0.0 ], [ -112.513776175920697, 54.736052129651277, 0.0 ], [ -112.513794016710307, 54.736339511058198, 0.0 ], [ -112.513801293904393, 54.73645672614586, 0.0 ], [ -112.513783082280298, 54.73657096769719, 0.0 ], [ -112.513771638986498, 54.737011402204772, 0.0 ], [ -112.514107668737296, 54.737198187577597, 0.0 ], [ -112.514152092398007, 54.737381636149912, 0.0 ], [ -112.514118440986493, 54.737693007412972, 0.0 ], [ -112.514438955768497, 54.737853322136083, 0.0 ], [ -112.514474645929099, 54.73790501600795, 0.0 ], [ -112.514446317708803, 54.73828028635598, 0.0 ], [ -112.514434980184902, 54.738430478178543, 0.0 ], [ -112.514412426102894, 54.738729237419768, 0.0 ], [ -112.514063352352807, 54.739101491504613, 0.0 ], [ -112.513992360133301, 54.739460456960757, 0.0 ], [ -112.514047173725302, 54.739756784865691, 0.0 ], [ -112.514315698972894, 54.740049536884221, 0.0 ], [ -112.514332051777302, 54.740482278271813, 0.0 ], [ -112.514349030348598, 54.74093155031899, 0.0 ], [ -112.5143660091437, 54.741380822337312, 0.0 ], [ -112.514616570047195, 54.741537955081299, 0.0 ], [ -112.515143248605398, 54.741868243618313, 0.0 ], [ -112.515669935781901, 54.742198529039918, 0.0 ], [ -112.515687726830805, 54.74222179763828, 0.0 ], [ -112.515740002559696, 54.742290158195217, 0.0 ], [ -112.516054257127493, 54.742701113923793, 0.0 ], [ -112.516080343035796, 54.742774095197028, 0.0 ], [ -112.516242379816802, 54.743213285629821, 0.0 ], [ -112.516982084956098, 54.743076163839937, 0.0 ], [ -112.517253434276995, 54.743081548836422, 0.0 ], [ -112.518029725558193, 54.743096950405111, 0.0 ], [ -112.518806017580502, 54.743112347007767, 0.0 ], [ -112.519331759149594, 54.743272776017747, 0.0 ], [ -112.519566315441693, 54.74344224833515, 0.0 ], [ -112.520402863598406, 54.743425639623773, 0.0 ], [ -112.520747135830703, 54.743674374603629, 0.0 ], [ -112.521388086819798, 54.743687483413133, 0.0 ], [ -112.521435908333601, 54.743704542979522, 0.0 ], [ -112.521446184149696, 54.74391726166494, 0.0 ], [ -112.521467883022098, 54.744366466331179, 0.0 ], [ -112.521475545007206, 54.744525082381102, 0.0 ], [ -112.521462153220597, 54.744591888853279, 0.0 ], [ -112.521441093688907, 54.745037549041918, 0.0 ], [ -112.521775441756304, 54.745208485444742, 0.0 ], [ -112.521862037518702, 54.7455378225687, 0.0 ], [ -112.521868071340293, 54.745543894934237, 0.0 ], [ -112.5218712639019, 54.745720834919098, 0.0 ], [ -112.521805773488197, 54.746187000385873, 0.0 ], [ -112.521358770487495, 54.746384846172873, 0.0 ], [ -112.521352129014602, 54.74684686205218, 0.0 ], [ -112.520929436939397, 54.747050556218468, 0.0 ], [ -112.520901988927605, 54.747499654981162, 0.0 ], [ -112.521276440452297, 54.747732142918821, 0.0 ], [ -112.521650894766196, 54.747964628805477, 0.0 ], [ -112.522025356363102, 54.748197115430983, 0.0 ], [ -112.522399820749399, 54.748429600005402, 0.0 ], [ -112.522363880159602, 54.748883283572681, 0.0 ], [ -112.522251387711904, 54.749378226151528, 0.0 ], [ -112.522317519049807, 54.749776897354643, 0.0 ], [ -112.523079025801906, 54.749800788041931, 0.0 ], [ -112.523468396040698, 54.750025245935902, 0.0 ], [ -112.523540785397998, 54.750030931893718, 0.0 ], [ -112.523460003220293, 54.74994260328036, 0.0 ], [ -112.523924043655995, 54.749947403034867, 0.0 ], [ -112.524700797792704, 54.749955432377838, 0.0 ], [ -112.5249276664685, 54.749899872616737, 0.0 ], [ -112.525633198103094, 54.749727085134907, 0.0 ], [ -112.525824986821107, 54.749623710299602, 0.0 ], [ -112.526226878048405, 54.749407083057847, 0.0 ], [ -112.526628764988104, 54.749190454432799, 0.0 ], [ -112.526678363431898, 54.749191466468162, 0.0 ], [ -112.526720319369005, 54.749169857563452, 0.0 ], [ -112.527365445976201, 54.749020023826994, 0.0 ], [ -112.528042357129294, 54.748862804878307, 0.0 ], [ -112.528208901475693, 54.748773026347628, 0.0 ], [ -112.528610771589101, 54.748556391856937, 0.0 ], [ -112.529012637469705, 54.748339755084913, 0.0 ], [ -112.529122925261504, 54.748342002386082, 0.0 ], [ -112.529789005880303, 54.748355578204979, 0.0 ], [ -112.530163515322897, 54.748588040123472, 0.0 ], [ -112.530537286432406, 54.748353963707338, 0.0 ], [ -112.531369832134601, 54.748404646473652, 0.0 ], [ -112.531472549371998, 54.748340316539881, 0.0 ], [ -112.531944626857296, 54.748351901675903, 0.0 ], [ -112.532720780062405, 54.748370943650158, 0.0 ], [ -112.532805005392007, 54.748417999787378, 0.0 ], [ -112.533363791434098, 54.748730188252047, 0.0 ], [ -112.533896495708305, 54.748877364603032, 0.0 ], [ -112.534150698513301, 54.749228991656587, 0.0 ], [ -112.534185515447902, 54.749250685483247, 0.0 ], [ -112.534714080565394, 54.749580018698403, 0.0 ], [ -112.535242654146401, 54.749909351476013, 0.0 ], [ -112.535771237907497, 54.750238681152929, 0.0 ], [ -112.536299827190504, 54.750568007634357, 0.0 ], [ -112.536359711929705, 54.750578031755452, 0.0 ], [ -112.536614880846898, 54.750759814500647, 0.0 ], [ -112.537381833433898, 54.750799243371759, 0.0 ], [ -112.537405064554605, 54.750800012096981, 0.0 ], [ -112.537883512051707, 54.751091904871068, 0.0 ], [ -112.538418049255597, 54.751418011528258, 0.0 ], [ -112.538952596600694, 54.751744115930997, 0.0 ], [ -112.5395669504544, 54.751901573941751, 0.0 ], [ -112.539899378700497, 54.752102442586732, 0.0 ], [ -112.539989027596704, 54.752474307715993, 0.0 ], [ -112.540096328399102, 54.752919382679202, 0.0 ], [ -112.540496188862306, 54.753175545332653, 0.0 ], [ -112.541016854470698, 54.753509090805203, 0.0 ], [ -112.541209026159905, 54.753839895194787, 0.0 ], [ -112.541605798679896, 54.754097831355281, 0.0 ], [ -112.542122253550502, 54.754433565293063, 0.0 ], [ -112.542143753447803, 54.754504543450132, 0.0 ], [ -112.542277833089301, 54.754947184074283, 0.0 ], [ -112.542593434322299, 54.755048858253708, 0.0 ], [ -112.543342006289507, 54.755062160891832, 0.0 ], [ -112.544118621197001, 54.755075956873569, 0.0 ], [ -112.544922196808898, 54.755083209992208, 0.0 ], [ -112.545638723554305, 54.75490942439027, 0.0 ], [ -112.545684246391801, 54.754909480012387, 0.0 ], [ -112.546461224576205, 54.754910418961501, 0.0 ], [ -112.547238201502594, 54.754911351103168, 0.0 ], [ -112.547905826110593, 54.754743034224397, 0.0 ], [ -112.548198821602497, 54.754733149650143, 0.0 ], [ -112.548974478605601, 54.754706980067972, 0.0 ], [ -112.549132653513695, 54.754626204721419, 0.0 ], [ -112.549715081407498, 54.754328768716448, 0.0 ], [ -112.550297502220602, 54.75403133164145, 0.0 ], [ -112.550879913009894, 54.753733890739078, 0.0 ], [ -112.551506563403905, 54.753598401276818, 0.0 ], [ -112.552003698604395, 54.753342434733703, 0.0 ], [ -112.552584013734503, 54.753043632319987, 0.0 ], [ -112.553201847649007, 54.75304574797422, 0.0 ], [ -112.553978778362804, 54.753048407059048, 0.0 ], [ -112.554755710989795, 54.75305105940032, 0.0 ], [ -112.555128970834801, 54.753055728219088, 0.0 ], [ -112.555905732986702, 54.753065440133433, 0.0 ], [ -112.556562907137106, 54.752890633244441, 0.0 ], [ -112.556616379890997, 54.752888867438443, 0.0 ], [ -112.557392059086794, 54.752863251850393, 0.0 ], [ -112.558167737505599, 54.752837630390722, 0.0 ], [ -112.558236491013403, 54.752800329627767, 0.0 ], [ -112.558803150633096, 54.752492888066108, 0.0 ], [ -112.559369803169702, 54.752185444684393, 0.0 ], [ -112.559672354027796, 54.751822391067087, 0.0 ], [ -112.559806421492098, 54.751661509758513, 0.0 ], [ -112.560009696374394, 54.751417580564848, 0.0 ], [ -112.560185464818105, 54.751327845458881, 0.0 ], [ -112.560767938635806, 54.751030469019447, 0.0 ], [ -112.561350405375194, 54.750733091509701, 0.0 ], [ -112.561571330436095, 54.750736519569273, 0.0 ], [ -112.562347954867903, 54.750748564720638, 0.0 ], [ -112.563124578195399, 54.750760607564423, 0.0 ], [ -112.563759820376305, 54.750973101239438, 0.0 ], [ -112.564057028922704, 54.751072518682193, 0.0 ], [ -112.5643325169153, 54.75116466869386, 0.0 ], [ -112.564569756185804, 54.751346993241562, 0.0 ], [ -112.565423173431, 54.751375377488621, 0.0 ], [ -112.565622393306697, 54.75124400172465, 0.0 ], [ -112.565747716833997, 54.751248838649623, 0.0 ], [ -112.565942766461205, 54.751086949586963, 0.0 ], [ -112.566376714280807, 54.751072101287669, 0.0 ], [ -112.566680232714006, 54.75125491046353, 0.0 ], [ -112.567218380925596, 54.751579031142803, 0.0 ], [ -112.567756536287604, 54.751903147675733, 0.0 ], [ -112.568313407408496, 54.752037475557202, 0.0 ], [ -112.568399595099706, 54.752086237394252, 0.0 ], [ -112.568955010992397, 54.75240046680603, 0.0 ], [ -112.569236142697406, 54.752476425851427, 0.0 ], [ -112.569940068328094, 54.752666615479313, 0.0 ], [ -112.570223835013493, 54.752632738502733, 0.0 ], [ -112.570262526605703, 54.752612962126321, 0.0 ], [ -112.570844717835001, 54.752315386495503, 0.0 ], [ -112.571416405337899, 54.752201926243103, 0.0 ], [ -112.571456375107999, 54.752181247914407, 0.0 ], [ -112.572035461202006, 54.751881655685111, 0.0 ], [ -112.5726145371504, 54.751582061457484, 0.0 ], [ -112.572741567992097, 54.751516339520776, 0.0 ], [ -112.573193606112895, 54.75128246439553, 0.0 ], [ -112.573772666536897, 54.750982864468313, 0.0 ], [ -112.574470831086998, 54.750996119426603, 0.0 ], [ -112.575247322691794, 54.751010856201169, 0.0 ], [ -112.576023814955605, 54.751025588905698, 0.0 ], [ -112.576396552377801, 54.751195870306347, 0.0 ], [ -112.577006247175206, 54.751474399149878, 0.0 ], [ -112.577093254009299, 54.751615836595242, 0.0 ], [ -112.577369342483195, 54.751800272601677, 0.0 ], [ -112.577389564501004, 54.751789357159574, 0.0 ], [ -112.577791207211604, 54.751572555621451, 0.0 ], [ -112.578192845525905, 54.75135575449908, 0.0 ], [ -112.578594479605002, 54.751138951097779, 0.0 ], [ -112.578604279048093, 54.751029006030038, 0.0 ], [ -112.579305690141794, 54.750845481073057, 0.0 ], [ -112.580013540511104, 54.750660264964388, 0.0 ], [ -112.580560979316303, 54.750665502594238, 0.0 ], [ -112.581337777083405, 54.750672931096837, 0.0 ], [ -112.582114576836204, 54.750680354655422, 0.0 ], [ -112.582891373969204, 54.750687772278809, 0.0 ], [ -112.583561229000196, 54.75076100021635, 0.0 ], [ -112.583859549002, 54.750963935031038, 0.0 ], [ -112.584362824070396, 54.751306287276421, 0.0 ], [ -112.584356364622295, 54.751505682986767, 0.0 ], [ -112.584404502620103, 54.751479693652037, 0.0 ], [ -112.584786765684399, 54.751225013573389, 0.0 ], [ -112.585582561904303, 54.751278336784772, 0.0 ], [ -112.585957424354504, 54.751510627866473, 0.0 ], [ -112.586332290986704, 54.751742919620007, 0.0 ], [ -112.586707161961499, 54.751975209350597, 0.0 ], [ -112.587456438945694, 54.752032947530587, 0.0 ], [ -112.588282211635999, 54.752049378061791, 0.0 ], [ -112.589036578036499, 54.752021559727822, 0.0 ], [ -112.589410045310998, 54.75178729974143, 0.0 ], [ -112.590242748345702, 54.751837579573227, 0.0 ], [ -112.590616207091202, 54.7516033148801, 0.0 ], [ -112.591392673528503, 54.751618744280997, 0.0 ], [ -112.591747548364197, 54.751625795758279, 0.0 ], [ -112.5917582822822, 54.751379618611217, 0.0 ], [ -112.591419345557597, 54.751169623124227, 0.0 ], [ -112.591177996182694, 54.751020088079507, 0.0 ], [ -112.591078518396401, 54.750994446109743, 0.0 ], [ -112.5909012129964, 54.750864270860063, 0.0 ], [ -112.590693676893693, 54.750711902203193, 0.0 ], [ -112.590696727722502, 54.750634162228913, 0.0 ], [ -112.590714343679295, 54.750184890780687, 0.0 ], [ -112.590730829520695, 54.749764555344868, 0.0 ], [ -112.590731963756696, 54.74973561938809, 0.0 ], [ -112.591081206028505, 54.749362220960002, 0.0 ], [ -112.591125220830904, 54.749083790587022, 0.0 ], [ -112.590776279979494, 54.748908583446521, 0.0 ], [ -112.590792540830606, 54.748634816612608, 0.0 ], [ -112.590804360213198, 54.748435823199898, 0.0 ], [ -112.590816294102297, 54.748234899452143, 0.0 ], [ -112.590644704065099, 54.748180933697611, 0.0 ], [ -112.590657416429096, 54.748174152910387, 0.0 ], [ -112.591404500200596, 54.748120093273187, 0.0 ], [ -112.591768963956198, 54.74799337425231, 0.0 ], [ -112.592444131722701, 54.747944348164992, 0.0 ], [ -112.592689298019096, 54.747863161967643, 0.0 ], [ -112.592793123907498, 54.747669824842248, 0.0 ], [ -112.592797280869803, 54.747599776956662, 0.0 ], [ -112.5928444082043, 54.747574325449783, 0.0 ], [ -112.593068697405599, 54.747156664756233, 0.0 ], [ -112.593236631728601, 54.746843936987183, 0.0 ], [ -112.593222106682902, 54.746466097303873, 0.0 ], [ -112.593653601640995, 54.746267824096492, 0.0 ], [ -112.593659417834303, 54.745805797033711, 0.0 ], [ -112.5940817405465, 54.745601844638863, 0.0 ], [ -112.594483233375698, 54.745384987001003, 0.0 ], [ -112.594489039749902, 54.744922958843453, 0.0 ], [ -112.594899345011598, 54.744724801343622, 0.0 ], [ -112.594911681034901, 54.744624673887678, 0.0 ], [ -112.594912986336894, 54.744254396036197, 0.0 ], [ -112.594964599406197, 54.743820756765032, 0.0 ], [ -112.595010615029906, 54.74382166888438, 0.0 ], [ -112.595036346222997, 54.743612807923689, 0.0 ], [ -112.595078023619394, 54.743605058179817, 0.0 ], [ -112.595817524205401, 54.743467526394681, 0.0 ], [ -112.596557018344697, 54.743329990014537, 0.0 ], [ -112.5970686762669, 54.743359574668517, 0.0 ], [ -112.597197762287095, 54.743398522181593, 0.0 ], [ -112.597291536699302, 54.743400084297242, 0.0 ], [ -112.597741280630004, 54.743418591412059, 0.0 ], [ -112.598266105248499, 54.743173728890149, 0.0 ], [ -112.598323080863395, 54.743168595973913, 0.0 ], [ -112.599090597705199, 54.743099460933323, 0.0 ], [ -112.599516777119803, 54.74295560574334, 0.0 ], [ -112.599742403530598, 54.742956643063522, 0.0 ], [ -112.600519137365097, 54.742960209444298, 0.0 ], [ -112.601295876141094, 54.742963770941152, 0.0 ], [ -112.601379709846995, 54.742963768035899, 0.0 ], [ -112.602085516053094, 54.742963739960672, 0.0 ], [ -112.602785626873498, 54.742769088579408, 0.0 ], [ -112.603396253332306, 54.742775698546282, 0.0 ], [ -112.604172874846796, 54.742784102736671, 0.0 ], [ -112.604949496882895, 54.742792501055973, 0.0 ], [ -112.605726119440206, 54.742800893504189, 0.0 ], [ -112.606502743912102, 54.742809282806711, 0.0 ], [ -112.607279367352206, 54.742817666207451, 0.0 ], [ -112.607448353915004, 54.74263137968962, 0.0 ], [ -112.607487246683206, 54.742324116805612, 0.0 ], [ -112.607543977389597, 54.741875927504083, 0.0 ], [ -112.607947407700195, 54.741604581163891, 0.0 ], [ -112.607949327267505, 54.741603290778087, 0.0 ], [ -112.608330026327096, 54.741502143362993, 0.0 ], [ -112.609035886822696, 54.741314603252953, 0.0 ], [ -112.609476415027103, 54.74119755473351, 0.0 ], [ -112.609498657282302, 54.74118553538262, 0.0 ], [ -112.609520065462803, 54.741185957598951, 0.0 ], [ -112.609741742546802, 54.741127057196763, 0.0 ], [ -112.610447590288402, 54.740939506929728, 0.0 ], [ -112.610580091851304, 54.740927294980743, 0.0 ], [ -112.610822413282904, 54.740904963190218, 0.0 ], [ -112.611077658100001, 54.740767015191643, 0.0 ], [ -112.611540750028695, 54.740776142442947, 0.0 ], [ -112.611615862363394, 54.740744926664433, 0.0 ], [ -112.612246707464195, 54.740482756069873, 0.0 ], [ -112.612617844773595, 54.740134871805303, 0.0 ], [ -112.612683313738401, 54.739816287230568, 0.0 ], [ -112.612684270578995, 54.739553524090176, 0.0 ], [ -112.612685907295997, 54.739104135231337, 0.0 ], [ -112.612641126894999, 54.739038041303488, 0.0 ], [ -112.612357662332997, 54.738619650587871, 0.0 ], [ -112.612399951818304, 54.738334537410132, 0.0 ], [ -112.612466360374896, 54.737886792194118, 0.0 ], [ -112.612712985828395, 54.737823150356007, 0.0 ], [ -112.612801957661503, 54.73787826098809, 0.0 ], [ -112.613176858425703, 54.738110468705592, 0.0 ], [ -112.613551760265196, 54.738342677032961, 0.0 ], [ -112.613895120439494, 54.738583645609843, 0.0 ], [ -112.613901794162004, 54.738588328353273, 0.0 ], [ -112.614117750105393, 54.73859388627212, 0.0 ], [ -112.614509793714106, 54.738603973479982, 0.0 ], [ -112.614669733583199, 54.738608089781508, 0.0 ], [ -112.614920047470704, 54.738608661338063, 0.0 ], [ -112.615370625586195, 54.738609688734577, 0.0 ], [ -112.615470839974904, 54.738609918407711, 0.0 ], [ -112.615975789834195, 54.73860881711483, 0.0 ], [ -112.616278579522103, 54.738608154482293, 0.0 ], [ -112.616426254710703, 54.738609839256462, 0.0 ], [ -112.616836650265597, 54.738614522509941, 0.0 ], [ -112.617066419292897, 54.738617142557082, 0.0 ], [ -112.617228589439904, 54.738624598856532, 0.0 ], [ -112.617451262162206, 54.738634836026762, 0.0 ], [ -112.6178078290081, 54.738651227009584, 0.0 ], [ -112.618182764279695, 54.73888342043513, 0.0 ], [ -112.618557703837297, 54.739115612734828, 0.0 ], [ -112.618932647681007, 54.739347803908643, 0.0 ], [ -112.619307594311195, 54.739579993027803, 0.0 ], [ -112.619376388812299, 54.739622593308518, 0.0 ], [ -112.619405179008794, 54.739657404094203, 0.0 ], [ -112.619462473136394, 54.739675902049157, 0.0 ], [ -112.619682548227203, 54.739812182878538, 0.0 ], [ -112.620057504929704, 54.740044370674561, 0.0 ], [ -112.620397703146594, 54.740057517865857, 0.0 ], [ -112.620683167686906, 54.740068550090619, 0.0 ], [ -112.620808287640102, 54.740073384798301, 0.0 ], [ -112.621221898181602, 54.740067228339562, 0.0 ], [ -112.621635508639102, 54.740061070468137, 0.0 ], [ -112.621760641079007, 54.740065905335577, 0.0 ], [ -112.622046093775296, 54.740076933212663, 0.0 ], [ -112.622286426078105, 54.740086217369537, 0.0 ], [ -112.622719458870407, 54.740349463759003, 0.0 ], [ -112.623254944925193, 54.740674984045107, 0.0 ], [ -112.623490539052995, 54.740773798733137, 0.0 ], [ -112.623877622345802, 54.74093614781318, 0.0 ], [ -112.623989986965, 54.740803972878368, 0.0 ], [ -112.624363234257999, 54.740733424122517, 0.0 ], [ -112.624648724457899, 54.740735431084737, 0.0 ], [ -112.625425389429296, 54.740740891713372, 0.0 ], [ -112.625630346917802, 54.740742332139632, 0.0 ], [ -112.625979321362195, 54.74074478277241, 0.0 ], [ -112.626187186270599, 54.740614222725668, 0.0 ], [ -112.626213220508205, 54.740597870759942, 0.0 ], [ -112.626629483646397, 54.740622883226173, 0.0 ], [ -112.626759249374103, 54.740630681383308, 0.0 ], [ -112.626782388319299, 54.74062587804368, 0.0 ], [ -112.6271168702648, 54.740556443176608, 0.0 ], [ -112.6271907764079, 54.740556799160423, 0.0 ], [ -112.627535208556495, 54.740558460348133, 0.0 ], [ -112.627552264066395, 54.74055854237897, 0.0 ], [ -112.628328956115396, 54.740562282581472, 0.0 ], [ -112.629105650057994, 54.74056601694047, 0.0 ], [ -112.629275510054399, 54.740481503220877, 0.0 ], [ -112.629292949851006, 54.740472826175278, 0.0 ], [ -112.629454491072806, 54.740392449942753, 0.0 ], [ -112.629760500062801, 54.740240193172014, 0.0 ], [ -112.629773950408705, 54.740009941187921, 0.0 ], [ -112.630152441610207, 54.739835809045204, 0.0 ], [ -112.630186935275901, 54.739752420777187, 0.0 ], [ -112.630201489856603, 54.739717236171792, 0.0 ], [ -112.630254121349196, 54.739589998464723, 0.0 ], [ -112.630547005914096, 54.739305938517887, 0.0 ], [ -112.630601762598701, 54.738958457621379, 0.0 ], [ -112.630610210323894, 54.738904844801702, 0.0 ], [ -112.630618827721506, 54.738850162436748, 0.0 ], [ -112.6306475948562, 54.738667600936488, 0.0 ], [ -112.630672284392404, 54.738510921524231, 0.0 ], [ -112.630837239089601, 54.738347566472413, 0.0 ], [ -112.631003373548793, 54.738183041796347, 0.0 ], [ -112.631048975381006, 54.738137880094619, 0.0 ], [ -112.631056349475898, 54.738011593854942, 0.0 ], [ -112.631282766005398, 54.737906351487098, 0.0 ], [ -112.631395180170202, 54.73779502201392, 0.0 ], [ -112.631420249190597, 54.737674144597072, 0.0 ], [ -112.631464037283806, 54.73746302071477, 0.0 ], [ -112.631481973873505, 54.737376542303323, 0.0 ], [ -112.6314959075019, 54.737309356522317, 0.0 ], [ -112.631512790746697, 54.737227954737207, 0.0 ], [ -112.631717520334107, 54.737018351555257, 0.0 ], [ -112.631831459892794, 54.73690169888954, 0.0 ], [ -112.631883707964704, 54.73669093800595, 0.0 ], [ -112.631906278666094, 54.736599890820322, 0.0 ], [ -112.631918793868294, 54.73654940420348, 0.0 ], [ -112.631926143825197, 54.736423451080022, 0.0 ], [ -112.6319374198129, 54.736230217314109, 0.0 ], [ -112.632338619711305, 54.736013232012112, 0.0 ], [ -112.632629998920294, 54.735855639279229, 0.0 ], [ -112.632918338867498, 54.73551337524178, 0.0 ], [ -112.633166168026193, 54.735219197136637, 0.0 ], [ -112.633167201259099, 54.735130118574148, 0.0 ], [ -112.633568383706105, 54.734913128096387, 0.0 ], [ -112.6339695618679, 54.734696136241617, 0.0 ], [ -112.634284130690702, 54.734525987625332, 0.0 ], [ -112.634329591380293, 54.734477965820119, 0.0 ], [ -112.634373508589903, 54.73443157307473, 0.0 ], [ -112.634381997684102, 54.734285909708603, 0.0 ], [ -112.634396915632706, 54.734030004724957, 0.0 ], [ -112.634411831689107, 54.733774101493907, 0.0 ], [ -112.634423094691897, 54.733580868194593, 0.0 ], [ -112.634797071153002, 54.733408759982673, 0.0 ], [ -112.634801979551995, 54.733373654597649, 0.0 ], [ -112.634842473126199, 54.733083974668482, 0.0 ], [ -112.634835429528195, 54.732905449999848, 0.0 ], [ -112.634840576164194, 54.732850467606703, 0.0 ], [ -112.634858391244407, 54.732660147250883, 0.0 ], [ -112.634876601746399, 54.732465598018123, 0.0 ], [ -112.635277748518106, 54.732248600549717, 0.0 ], [ -112.635678890953002, 54.732031602602838, 0.0 ], [ -112.636080029051001, 54.731814604177487, 0.0 ], [ -112.636481162916994, 54.731597603477148, 0.0 ], [ -112.636777392713199, 54.731437350180222, 0.0 ], [ -112.636971768074801, 54.731157521864368, 0.0 ], [ -112.636987065325798, 54.73113550048442, 0.0 ], [ -112.637197037562899, 54.730987094263853, 0.0 ], [ -112.637688985940798, 54.73063938659935, 0.0 ], [ -112.637685964308901, 54.730560073601133, 0.0 ], [ -112.637668843134605, 54.730110789463133, 0.0 ], [ -112.637403953594699, 54.729862823872097, 0.0 ], [ -112.637396423439398, 54.729833855516688, 0.0 ], [ -112.637353304080506, 54.729667985881427, 0.0 ], [ -112.637355463582196, 54.729623783483447, 0.0 ], [ -112.637358358299693, 54.729564493528947, 0.0 ], [ -112.637372059484406, 54.729283874299682, 0.0 ], [ -112.637373632471494, 54.72925169665276, 0.0 ], [ -112.637380293664407, 54.729115279994033, 0.0 ], [ -112.637512476264803, 54.728903777426623, 0.0 ], [ -112.6380861232455, 54.728860669033793, 0.0 ], [ -112.638829153113093, 54.728804827285963, 0.0 ], [ -112.638856154744204, 54.728802797555893, 0.0 ], [ -112.6392482080863, 54.728594791138768, 0.0 ], [ -112.639820577754094, 54.728291110080278, 0.0 ], [ -112.640392938870406, 54.727987426221063, 0.0 ], [ -112.640965291487902, 54.727683738662961, 0.0 ], [ -112.641458475347804, 54.727422052557209, 0.0 ], [ -112.641537635502104, 54.727380049202637, 0.0 ], [ -112.641834695871694, 54.727377135535107, 0.0 ], [ -112.642611054330501, 54.727369515542598, 0.0 ], [ -112.643134614759305, 54.72736437387789, 0.0 ], [ -112.643387412642397, 54.727361890573732, 0.0 ], [ -112.643632297066702, 54.727302413795456, 0.0 ], [ -112.643708620656696, 54.727263353042879, 0.0 ], [ -112.643737325427693, 54.727248662692688, 0.0 ], [ -112.643848445002007, 54.727249916633717, 0.0 ], [ -112.644399610567604, 54.727116048674958, 0.0 ], [ -112.644557215910893, 54.727031379447077, 0.0 ], [ -112.644591476076997, 54.727012975767508, 0.0 ], [ -112.644635341454403, 54.726989409751702, 0.0 ], [ -112.645204425226794, 54.726683680367579, 0.0 ], [ -112.645279776382907, 54.726445670222901, 0.0 ], [ -112.645419716702804, 54.726003635506267, 0.0 ], [ -112.645559095153601, 54.725876545446802, 0.0 ], [ -112.645736491050101, 54.725849857301156, 0.0 ], [ -112.646099277284094, 54.725481540432803, 0.0 ], [ -112.646483814072994, 54.725091131977472, 0.0 ], [ -112.646513773461507, 54.725017097477803, 0.0 ], [ -112.646690832927803, 54.724579544004747, 0.0 ], [ -112.647119645050097, 54.724339718867753, 0.0 ], [ -112.647677982838701, 54.724027443108611, 0.0 ], [ -112.647690880521097, 54.724009306477122, 0.0 ], [ -112.647907712215201, 54.723704394188502, 0.0 ], [ -112.647976524844793, 54.723667162600073, 0.0 ], [ -112.648543709957394, 54.723360282292013, 0.0 ], [ -112.649072126549996, 54.72307437336994, 0.0 ], [ -112.649110888005495, 54.723053400160083, 0.0 ], [ -112.649685964304894, 54.722929417936051, 0.0 ], [ -112.649738038207701, 54.722918192079817, 0.0 ], [ -112.650158526704303, 54.722691554065172, 0.0 ], [ -112.650726713766105, 54.722385301028581, 0.0 ], [ -112.651287512306496, 54.72208302546013, 0.0 ], [ -112.651294892110997, 54.722079047925327, 0.0 ], [ -112.651410434312496, 54.721801644415791, 0.0 ], [ -112.651427032657693, 54.721521962621402, 0.0 ], [ -112.651446479060297, 54.721194271409487, 0.0 ], [ -112.651448238179896, 54.721164636870789, 0.0 ], [ -112.651446494676506, 54.721009554779513, 0.0 ], [ -112.651444738250106, 54.720853406769997, 0.0 ], [ -112.651456182274998, 54.720767446449493, 0.0 ], [ -112.651475157074501, 54.720624932442377, 0.0 ], [ -112.651501962596996, 54.72042360343432, 0.0 ], [ -112.651902901257401, 54.720206548527813, 0.0 ], [ -112.652303835532507, 54.719989494042551, 0.0 ], [ -112.652704765577894, 54.719772437283723, 0.0 ], [ -112.652817766265002, 54.719772024460482, 0.0 ], [ -112.653049773391004, 54.719771174525739, 0.0 ], [ -112.653311867614605, 54.719770216145847, 0.0 ], [ -112.653451962871401, 54.719769702419939, 0.0 ], [ -112.6537579720069, 54.719784661130419, 0.0 ], [ -112.654268030750501, 54.719809590834288, 0.0 ], [ -112.654367157457898, 54.719812800141547, 0.0 ], [ -112.654813292237506, 54.719827242718146, 0.0 ], [ -112.655061142728798, 54.719835264019757, 0.0 ], [ -112.655075386995406, 54.719826278730523, 0.0 ], [ -112.655207313257506, 54.719743048799018, 0.0 ], [ -112.655564172609104, 54.719747162960253, 0.0 ], [ -112.655799683368798, 54.719749878294081, 0.0 ], [ -112.656010116051107, 54.719601660704761, 0.0 ], [ -112.656503028797204, 54.719254474077083, 0.0 ], [ -112.656521151660499, 54.719229013926629, 0.0 ], [ -112.656733399983594, 54.718930838813037, 0.0 ], [ -112.656771641130106, 54.718909131920732, 0.0 ], [ -112.657239423218599, 54.718643596141419, 0.0 ], [ -112.657325928008106, 54.718594489918729, 0.0 ], [ -112.657434482399694, 54.718271972246491, 0.0 ], [ -112.657421113857097, 54.718252627195533, 0.0 ], [ -112.657398875887793, 54.718220449520608, 0.0 ], [ -112.657192057662996, 54.717921179649913, 0.0 ], [ -112.657132766214303, 54.717835381863473, 0.0 ], [ -112.657103689502406, 54.717621524245573, 0.0 ], [ -112.657101910755003, 54.717608439300307, 0.0 ], [ -112.657101837523001, 54.717607904603057, 0.0 ], [ -112.657063382392906, 54.717325075041707, 0.0 ], [ -112.656739747149103, 54.717152647311948, 0.0 ], [ -112.656752705148094, 54.716928074370657, 0.0 ], [ -112.656759038279006, 54.716818314790928, 0.0 ], [ -112.656610216489, 54.716632008685082, 0.0 ], [ -112.656571165556798, 54.716583121447229, 0.0 ], [ -112.656390704702105, 54.716471427326972, 0.0 ], [ -112.656015750768901, 54.716239351209808, 0.0 ], [ -112.655640801116107, 54.716007273965751, 0.0 ], [ -112.6556410169336, 54.7158100008145, 0.0 ], [ -112.655641197469194, 54.715644472970268, 0.0 ], [ -112.655641274379903, 54.715571910385179, 0.0 ], [ -112.655676140548906, 54.715355588779481, 0.0 ], [ -112.6556736443533, 54.71521366328345, 0.0 ], [ -112.655666894970196, 54.714829924215948, 0.0 ], [ -112.655665740823096, 54.714764290251992, 0.0 ], [ -112.655625468217394, 54.714703302404743, 0.0 ], [ -112.655529373080796, 54.714557780830248, 0.0 ], [ -112.655321540867504, 54.714445675877933, 0.0 ], [ -112.655316039443207, 54.714442708767429, 0.0 ], [ -112.655316182886594, 54.714324526230889, 0.0 ], [ -112.655316449463399, 54.714104925411917, 0.0 ], [ -112.655316568597897, 54.714007316465207, 0.0 ], [ -112.655324834753898, 54.713879841309627, 0.0 ], [ -112.655339788878194, 54.713649212457241, 0.0 ], [ -112.655345811375696, 54.713556376083801, 0.0 ], [ -112.655360029263505, 54.713410284675142, 0.0 ], [ -112.655386047543004, 54.713142942154327, 0.0 ], [ -112.655390511569806, 54.713097065572818, 0.0 ], [ -112.655417318745293, 54.712833888548701, 0.0 ], [ -112.655422438617094, 54.712783618110286, 0.0 ], [ -112.655423531330499, 54.712761513002377, 0.0 ], [ -112.655428504439698, 54.712660936763541, 0.0 ], [ -112.655450712744496, 54.712211724416058, 0.0 ], [ -112.655437441254193, 54.712156116010533, 0.0 ], [ -112.655473281990396, 54.712182030244747, 0.0 ], [ -112.656249031482503, 54.712197038146833, 0.0 ], [ -112.656622525268901, 54.711963045179331, 0.0 ], [ -112.657406081577307, 54.711982880216539, 0.0 ], [ -112.658220883644802, 54.712022049962698, 0.0 ], [ -112.659004442169504, 54.71204187468205, 0.0 ], [ -112.659377918875094, 54.71180787304818, 0.0 ], [ -112.659778729764696, 54.711590791467188, 0.0 ], [ -112.660541542422294, 54.711560557404951, 0.0 ], [ -112.661362965299901, 54.711591403018588, 0.0 ], [ -112.661705154563094, 54.711852806711967, 0.0 ], [ -112.662080101740997, 54.712084865301392, 0.0 ], [ -112.662855853037499, 54.71209983091029, 0.0 ], [ -112.663227954105807, 54.711864979017079, 0.0 ], [ -112.664020918495893, 54.711890591248959, 0.0 ], [ -112.6648368422141, 54.711930408034917, 0.0 ], [ -112.665583895005497, 54.711927596930082, 0.0 ], [ -112.665616946652193, 54.711909692980143, 0.0 ], [ -112.665676305602901, 54.711682051969213, 0.0 ], [ -112.666030869673193, 54.711477223801992, 0.0 ], [ -112.666075845186199, 54.711250113112683, 0.0 ], [ -112.665635520439196, 54.711029298655802, 0.0 ], [ -112.665649938603096, 54.710778409307743, 0.0 ], [ -112.665661332085506, 54.710580149456028, 0.0 ], [ -112.666062097741104, 54.710363045710359, 0.0 ], [ -112.666193695407699, 54.710291755782862, 0.0 ], [ -112.6662019994112, 54.710282874238459, 0.0 ], [ -112.666571474673106, 54.70988766282742, 0.0 ], [ -112.666885258935494, 54.709552015488647, 0.0 ], [ -112.666889413137, 54.709479686218863, 0.0 ], [ -112.667290161268298, 54.709262579104987, 0.0 ], [ -112.667690905120693, 54.709045470617141, 0.0 ], [ -112.668091644642701, 54.70882836165363, 0.0 ], [ -112.668492379937504, 54.70861125041791, 0.0 ], [ -112.668795616722406, 54.708617084268909, 0.0 ], [ -112.668969623662207, 54.708189812145889, 0.0 ], [ -112.669241841251207, 54.707951311072208, 0.0 ], [ -112.669314774660094, 54.707737997165893, 0.0 ], [ -112.669313655009304, 54.707724189472977, 0.0 ], [ -112.669345374032801, 54.707278721722062, 0.0 ], [ -112.669746087170907, 54.707061606974797, 0.0 ], [ -112.669981379153697, 54.706934118632979, 0.0 ], [ -112.670043518699998, 54.706890712305871, 0.0 ], [ -112.670538814671502, 54.706544735846727, 0.0 ], [ -112.670550227156497, 54.706464330101213, 0.0 ], [ -112.670561337520397, 54.706386050767946, 0.0 ], [ -112.670573253888705, 54.706178220465418, 0.0 ], [ -112.670592133203499, 54.706169073423439, 0.0 ], [ -112.670613795965394, 54.706016442918177, 0.0 ], [ -112.670898565274101, 54.70577901863863, 0.0 ], [ -112.670998922368696, 54.705584798646882, 0.0 ], [ -112.670999697436997, 54.705511949271823, 0.0 ], [ -112.671052691096193, 54.705480738205843, 0.0 ], [ -112.6713847627246, 54.705285159674048, 0.0 ], [ -112.671785445240801, 54.705068036923286, 0.0 ], [ -112.672201745030307, 54.704860580865933, 0.0 ], [ -112.673027764865196, 54.704823990009281, 0.0 ], [ -112.673379025336899, 54.70509302970941, 0.0 ], [ -112.6734037090811, 54.705110502133692, 0.0 ], [ -112.673476672118198, 54.705227893009571, 0.0 ], [ -112.673810931374504, 54.705432911667067, 0.0 ], [ -112.673906977780703, 54.705450730705458, 0.0 ], [ -112.674109641453896, 54.705488329597578, 0.0 ], [ -112.674765039045397, 54.705449390965349, 0.0 ], [ -112.674889261137295, 54.705387189610718, 0.0 ], [ -112.674903562839702, 54.705137282920433, 0.0 ], [ -112.675304225352505, 54.70492014923115, 0.0 ], [ -112.675704883638801, 54.704703013270233, 0.0 ], [ -112.675769508272694, 54.704271965346813, 0.0 ], [ -112.675823574081704, 54.703825835142638, 0.0 ], [ -112.675866799305496, 54.70336958045236, 0.0 ], [ -112.675898902653202, 54.702908151883378, 0.0 ], [ -112.675919597918394, 54.702446505342799, 0.0 ], [ -112.675928605388606, 54.701989592363852, 0.0 ], [ -112.675925640459099, 54.701542368880283, 0.0 ], [ -112.675910418631204, 54.701109789026972, 0.0 ], [ -112.675535490714594, 54.70087777306388, 0.0 ], [ -112.675160567126099, 54.700645755075172, 0.0 ], [ -112.674785647711502, 54.700413737755852, 0.0 ], [ -112.674410732676293, 54.700181717512677, 0.0 ], [ -112.6744364370401, 54.699732564703218, 0.0 ], [ -112.674061530099706, 54.699500545231608, 0.0 ], [ -112.673686627538601, 54.699268522836263, 0.0 ], [ -112.673311729202396, 54.699036500212067, 0.0 ], [ -112.672936835142394, 54.698804476460808, 0.0 ], [ -112.672561945307095, 54.698572452480803, 0.0 ], [ -112.672187059799299, 54.698340426475447, 0.0 ], [ -112.671812178619106, 54.698108398444766, 0.0 ], [ -112.671837909665598, 54.697659247207383, 0.0 ], [ -112.671463036630001, 54.697427219050347, 0.0 ], [ -112.671088167921795, 54.697195188868079, 0.0 ], [ -112.670713303386293, 54.696963159355533, 0.0 ], [ -112.670338443229397, 54.696731126919509, 0.0 ], [ -112.669963587245107, 54.696499095153243, 0.0 ], [ -112.6699893372312, 54.696049943487417, 0.0 ], [ -112.669614487994096, 54.695817908870303, 0.0 ], [ -112.6692173903579, 54.695597937082773, 0.0 ], [ -112.669265403195595, 54.695136722581601, 0.0 ], [ -112.668868312480001, 54.694916749679628, 0.0 ], [ -112.668916328247803, 54.694455535299433, 0.0 ], [ -112.668519246054899, 54.694235560414633, 0.0 ], [ -112.668567264700897, 54.693774347053683, 0.0 ], [ -112.668192445769094, 54.693542310063442, 0.0 ], [ -112.667417045549897, 54.693527381980722, 0.0 ], [ -112.667451723339397, 54.693073406743302, 0.0 ], [ -112.667068014776405, 54.692846189638438, 0.0 ], [ -112.666693212994701, 54.692614147243773, 0.0 ], [ -112.666718995401496, 54.692164996332927, 0.0 ], [ -112.666344201812294, 54.691932952914293, 0.0 ], [ -112.665969412497304, 54.691700908369242, 0.0 ], [ -112.665594627508099, 54.6914688617995, 0.0 ], [ -112.665219846741493, 54.691236815001723, 0.0 ], [ -112.664845070249001, 54.691004767077587, 0.0 ], [ -112.664470298030494, 54.690772718027169, 0.0 ], [ -112.664095530034302, 54.690540668748802, 0.0 ], [ -112.663720766363596, 54.690308617445872, 0.0 ], [ -112.663346007018404, 54.690076564118463, 0.0 ], [ -112.662570675495402, 54.690061606562232, 0.0 ], [ -112.662195925054505, 54.689829549753661, 0.0 ], [ -112.661821178783995, 54.689597493615587, 0.0 ], [ -112.661446436838702, 54.689365435453141, 0.0 ], [ -112.660671119973003, 54.689350464976862, 0.0 ], [ -112.660296386983703, 54.689118402435263, 0.0 ], [ -112.659921658216007, 54.688886339665999, 0.0 ], [ -112.6591463513262, 54.688871359523297, 0.0 ], [ -112.658771631462699, 54.688639293273432, 0.0 ], [ -112.658396915820802, 54.688407226795967, 0.0 ], [ -112.658022204503794, 54.688175158294399, 0.0 ], [ -112.657246912272896, 54.688160165232787, 0.0 ], [ -112.6568722098081, 54.6879280941492, 0.0 ], [ -112.656497511668306, 54.687696021041567, 0.0 ], [ -112.655722229362595, 54.687681019212697, 0.0 ], [ -112.655349698682798, 54.687411514253753, 0.0 ], [ -112.654946947824499, 54.687666011528947, 0.0 ], [ -112.654546351145797, 54.687883080855919, 0.0 ], [ -112.653690141831007, 54.687936086729387, 0.0 ], [ -112.653314835237097, 54.687680172092541, 0.0 ], [ -112.653435188033797, 54.687179859659302, 0.0 ], [ -112.6530476398475, 54.686954752521338, 0.0 ], [ -112.653073567476397, 54.686505606461438, 0.0 ], [ -112.652698904235507, 54.686273521891742, 0.0 ], [ -112.653099494440696, 54.686056459461398, 0.0 ], [ -112.6527248351141, 54.685824374994858, 0.0 ], [ -112.652350180111895, 54.685592288504587, 0.0 ], [ -112.652301459354106, 54.685155969287507, 0.0 ], [ -112.652329040139804, 54.68467830520175, 0.0 ], [ -112.652427980138299, 54.684244848770859, 0.0 ], [ -112.652440946242805, 54.684020274397291, 0.0 ], [ -112.652841515200294, 54.683803213441337, 0.0 ], [ -112.653242079989496, 54.683586149315303, 0.0 ], [ -112.653642640403106, 54.683369085612377, 0.0 ], [ -112.653697229764603, 54.682937699892243, 0.0 ], [ -112.653683006795106, 54.682463686245143, 0.0 ], [ -112.653691721777804, 54.682003881578837, 0.0 ], [ -112.654120933643597, 54.681804575928609, 0.0 ], [ -112.654126031831694, 54.681342535675483, 0.0 ], [ -112.654560330761896, 54.68091378728024, 0.0 ], [ -112.655372946296097, 54.680952002980717, 0.0 ], [ -112.656110636949407, 54.680943797472104, 0.0 ], [ -112.656511155888396, 54.680726723793853, 0.0 ], [ -112.656911670659795, 54.680509646945787, 0.0 ], [ -112.657286306115793, 54.680741719304301, 0.0 ], [ -112.657660945946503, 54.680973788740793, 0.0 ], [ -112.658035589945001, 54.681205858848372, 0.0 ], [ -112.658410238318396, 54.681437926033837, 0.0 ], [ -112.658784890911406, 54.68166999299207, 0.0 ], [ -112.659560060368506, 54.681684974131407, 0.0 ], [ -112.659912471076396, 54.681929098071478, 0.0 ], [ -112.660709896610101, 54.681932012338002, 0.0 ], [ -112.661060881126403, 54.682201085980957, 0.0 ], [ -112.661859747197894, 54.682179037958392, 0.0 ], [ -112.662260248352098, 54.681961945130553, 0.0 ], [ -112.662660745337902, 54.681744849133189, 0.0 ], [ -112.663061238000594, 54.681527752661253, 0.0 ], [ -112.663898854813596, 54.681581381888897, 0.0 ], [ -112.664342404439097, 54.681365112595863, 0.0 ], [ -112.664262690308107, 54.680876455906692, 0.0 ], [ -112.663822701393201, 54.680655636249107, 0.0 ], [ -112.663890941914005, 54.680310828286423, 0.0 ], [ -112.663891227570005, 54.680178633518253, 0.0 ], [ -112.664022960253206, 54.679961836584738, 0.0 ], [ -112.664575587268004, 54.679836496520593, 0.0 ], [ -112.6647147520343, 54.679761051595641, 0.0 ], [ -112.665115214085105, 54.679543947971133, 0.0 ], [ -112.665171333702304, 54.679545028914099, 0.0 ], [ -112.6652104180436, 54.679525821549298, 0.0 ], [ -112.665784376794406, 54.679416023324521, 0.0 ], [ -112.666187435869006, 54.679200505876317, 0.0 ], [ -112.666298882896299, 54.679074767887997, 0.0 ], [ -112.666306623995297, 54.679066033789603, 0.0 ], [ -112.666316574663, 54.678892627963478, 0.0 ], [ -112.6665932889983, 54.678742602237847, 0.0 ], [ -112.666653198771201, 54.678675007884323, 0.0 ], [ -112.666726149141496, 54.678431049135916, 0.0 ], [ -112.666858558295999, 54.677988246530809, 0.0 ], [ -112.667141391430505, 54.677914135608013, 0.0 ], [ -112.667848031708104, 54.67772897193025, 0.0 ], [ -112.668295941106095, 54.677734136231287, 0.0 ], [ -112.6684499920962, 54.677735911224651, 0.0 ], [ -112.669071315414001, 54.677743073587088, 0.0 ], [ -112.669846687208107, 54.677752004125978, 0.0 ], [ -112.670622064033097, 54.67776093159037, 0.0 ], [ -112.670932159784996, 54.677691216678667, 0.0 ], [ -112.671655175373701, 54.677528665493483, 0.0 ], [ -112.672117472100297, 54.677291731147008, 0.0 ], [ -112.672340437127303, 54.677040879005723, 0.0 ], [ -112.672695537897596, 54.676641358037102, 0.0 ], [ -112.673050631608604, 54.67624183593562, 0.0 ], [ -112.672448738131607, 54.67597001322271, 0.0 ], [ -112.672244362362093, 54.675645440512938, 0.0 ], [ -112.672077005355405, 54.675572994247013, 0.0 ], [ -112.671632772276595, 54.675551463565156, 0.0 ], [ -112.670859985377405, 54.675514005149061, 0.0 ], [ -112.670087200042701, 54.675476541815563, 0.0 ], [ -112.669314416324099, 54.675439072666393, 0.0 ], [ -112.669250600040797, 54.67539897877208, 0.0 ], [ -112.668724826317799, 54.675068640502751, 0.0 ], [ -112.668199059470496, 54.674738301783712, 0.0 ], [ -112.668177898742897, 54.674661408264363, 0.0 ], [ -112.668055766556094, 54.674217615218893, 0.0 ], [ -112.667652664771396, 54.673946613416391, 0.0 ], [ -112.667094554726006, 54.67384765106241, 0.0 ], [ -112.666353038213501, 54.673716160670203, 0.0 ], [ -112.665611526613802, 54.673584665781732, 0.0 ], [ -112.665462820306701, 54.673539384004819, 0.0 ], [ -112.664912547543807, 54.673371822928203, 0.0 ], [ -112.664776365293605, 54.673330352876867, 0.0 ], [ -112.664625689728894, 54.673239427787053, 0.0 ], [ -112.663926148914101, 54.67322593636608, 0.0 ], [ -112.6635515429668, 54.672993884584052, 0.0 ], [ -112.662789440347396, 54.672754355904722, 0.0 ], [ -112.662855286862396, 54.672283495003221, 0.0 ], [ -112.662841052789005, 54.671856053577208, 0.0 ], [ -112.662466465518193, 54.671623998572841, 0.0 ], [ -112.662104788990106, 54.671167368734388, 0.0 ], [ -112.662525988981798, 54.670963163890399, 0.0 ], [ -112.662530986840906, 54.670501120685117, 0.0 ], [ -112.662931367700295, 54.670284024102109, 0.0 ], [ -112.662556794122295, 54.670051969456964, 0.0 ], [ -112.662159981350896, 54.669831975552071, 0.0 ], [ -112.662208035241505, 54.669370763417547, 0.0 ], [ -112.662076409409806, 54.669289217218008, 0.0 ], [ -112.661530233967895, 54.669215801046619, 0.0 ], [ -112.6613905012223, 54.669130155011437, 0.0 ], [ -112.661058542288004, 54.669123743217057, 0.0 ], [ -112.661069485675, 54.668933395782943, 0.0 ], [ -112.660776828158504, 54.668754013823254, 0.0 ], [ -112.660679306953895, 54.668626738958487, 0.0 ], [ -112.660364610881203, 54.668216019832172, 0.0 ], [ -112.660346305106799, 54.667809630681027, 0.0 ], [ -112.660345297006998, 54.667787257318189, 0.0 ], [ -112.660329071966999, 54.667778689181233, 0.0 ], [ -112.660341352545103, 54.667699688267128, 0.0 ], [ -112.660326070356703, 54.66736038228801, 0.0 ], [ -112.660003739393403, 54.666997474163701, 0.0 ], [ -112.659546328030999, 54.66699548384468, 0.0 ], [ -112.658771029952703, 54.666992104672246, 0.0 ], [ -112.658739568605398, 54.667000084736578, 0.0 ], [ -112.658029273164004, 54.66718024203454, 0.0 ], [ -112.657903721926303, 54.66717555037151, 0.0 ], [ -112.657130005654906, 54.667146633199287, 0.0 ], [ -112.6567985647238, 54.666954952925742, 0.0 ], [ -112.656249718048798, 54.666637536366252, 0.0 ], [ -112.655700879937797, 54.666320117387301, 0.0 ], [ -112.655167648830201, 54.666248161800659, 0.0 ], [ -112.655005797900003, 54.666226319606849, 0.0 ], [ -112.654667289384605, 54.666096666012521, 0.0 ], [ -112.654614335487196, 54.666076383699988, 0.0 ], [ -112.653882209388399, 54.666062200993913, 0.0 ], [ -112.653865084779994, 54.666061869224897, 0.0 ], [ -112.653847594397703, 54.666071351633732, 0.0 ], [ -112.653790432522896, 54.666086463958337, 0.0 ], [ -112.653085026885293, 54.66627294169696, 0.0 ], [ -112.652379614876097, 54.66645941525816, 0.0 ], [ -112.651933830131995, 54.666698914856383, 0.0 ], [ -112.651889032758902, 54.666698046240498, 0.0 ], [ -112.651488629883005, 54.666915106203447, 0.0 ], [ -112.651088222635806, 54.667132166590243, 0.0 ], [ -112.650687811172901, 54.667349224705958, 0.0 ], [ -112.650287395494303, 54.667566280550567, 0.0 ], [ -112.650166658102506, 54.667631728966747, 0.0 ], [ -112.649592050694494, 54.667755877819417, 0.0 ], [ -112.649169980443105, 54.667959516647279, 0.0 ], [ -112.648941647298301, 54.668090812003769, 0.0 ], [ -112.648391215092701, 54.668407314931329, 0.0 ], [ -112.648180592287801, 54.668708272469893, 0.0 ], [ -112.647884811488098, 54.668868592177184, 0.0 ], [ -112.647484365830806, 54.669085640207811, 0.0 ], [ -112.647347504135496, 54.669168533870398, 0.0 ], [ -112.6472388864767, 54.669179267536222, 0.0 ], [ -112.646474556615303, 54.669254803751237, 0.0 ], [ -112.646369148004396, 54.669289740774893, 0.0 ], [ -112.646204253856197, 54.669344392543337, 0.0 ], [ -112.646046598248304, 54.669396644262903, 0.0 ], [ -112.645526919381297, 54.669401282239143, 0.0 ], [ -112.644751646934097, 54.669408194842283, 0.0 ], [ -112.644371853302204, 54.669485539254907, 0.0 ], [ -112.643944386765398, 54.669721620820717, 0.0 ], [ -112.643810517211193, 54.669795552369827, 0.0 ], [ -112.643249172519702, 54.67010556368281, 0.0 ], [ -112.643195035188995, 54.670314969460968, 0.0 ], [ -112.643080133518495, 54.670759405301787, 0.0 ], [ -112.642926005385405, 54.670898567359423, 0.0 ], [ -112.642736223151303, 54.670901387099399, 0.0 ], [ -112.641961085962507, 54.670912897265431, 0.0 ], [ -112.641806360064805, 54.67087489979231, 0.0 ], [ -112.641565609630106, 54.670815775844943, 0.0 ], [ -112.6410924196433, 54.670699566119538, 0.0 ], [ -112.640510781498605, 54.670861524814867, 0.0 ], [ -112.6398118655828, 54.671056134938681, 0.0 ], [ -112.639762572859198, 54.671060831787443, 0.0 ], [ -112.638997449483099, 54.671133740063283, 0.0 ], [ -112.638688528238305, 54.671465814769732, 0.0 ], [ -112.638620744301505, 54.671504311562863, 0.0 ], [ -112.638066916644604, 54.671818844444893, 0.0 ], [ -112.637513080373793, 54.672133375593432, 0.0 ], [ -112.637091566450394, 54.672338617191222, 0.0 ], [ -112.636518954214907, 54.672453557466177, 0.0 ], [ -112.636452766139698, 54.67248367213093, 0.0 ], [ -112.636426754399295, 54.672467546263441, 0.0 ], [ -112.636052314630803, 54.672235411909831, 0.0 ], [ -112.635317392460706, 54.672198582540616, 0.0 ], [ -112.635159225403498, 54.672199857532533, 0.0 ], [ -112.634502362499902, 54.672205148339998, 0.0 ], [ -112.634127936311103, 54.671973007260533, 0.0 ], [ -112.634154058372999, 54.671523866191031, 0.0 ], [ -112.634154908531301, 54.67150924841583, 0.0 ], [ -112.634135198670094, 54.671483135166881, 0.0 ], [ -112.633824441680105, 54.671071408257603, 0.0 ], [ -112.633817192273497, 54.670882913537064, 0.0 ], [ -112.633773722690094, 54.670859942203109, 0.0 ], [ -112.633807891657497, 54.670641092227719, 0.0 ], [ -112.633793712799701, 54.670272450956283, 0.0 ], [ -112.633535066209106, 54.66997759333681, 0.0 ], [ -112.633526558935301, 54.669943793092138, 0.0 ], [ -112.633465129413807, 54.669699695808013, 0.0 ], [ -112.633125903265594, 54.669470973018257, 0.0 ], [ -112.632751509712406, 54.669238828809434, 0.0 ], [ -112.632360431407207, 54.669015723456269, 0.0 ], [ -112.631601539522606, 54.668991891858433, 0.0 ], [ -112.630778563266503, 54.669002773086547, 0.0 ], [ -112.630436230261594, 54.668753262645431, 0.0 ], [ -112.6302747933224, 54.668653153155716, 0.0 ], [ -112.629894285848096, 54.668632995889503, 0.0 ], [ -112.629648106647707, 54.668519495539371, 0.0 ], [ -112.629264704197993, 54.668517997768618, 0.0 ], [ -112.628912592375102, 54.668273786193843, 0.0 ], [ -112.628118353931001, 54.668220762188241, 0.0 ], [ -112.627737153956701, 54.668475593308948, 0.0 ], [ -112.626962253846301, 54.668460410170653, 0.0 ], [ -112.626587905154395, 54.668228247309393, 0.0 ], [ -112.625826115497006, 54.667988488894842, 0.0 ], [ -112.625451777654803, 54.667756322611602, 0.0 ], [ -112.625077444080105, 54.667524155205157, 0.0 ], [ -112.624703114825095, 54.667291985777268, 0.0 ], [ -112.624356741116898, 54.667040380060051, 0.0 ], [ -112.623582371387101, 54.667000206241831, 0.0 ], [ -112.622772397167594, 54.666979312930742, 0.0 ], [ -112.621972737761595, 54.666978599365173, 0.0 ], [ -112.621808549216794, 54.666983100083932, 0.0 ], [ -112.621229308881794, 54.666998972210223, 0.0 ], [ -112.621029038633907, 54.667120186637781, 0.0 ], [ -112.620286690040004, 54.667154927002542, 0.0 ], [ -112.620100260935104, 54.667202344002042, 0.0 ], [ -112.620022015439005, 54.667222244844709, 0.0 ], [ -112.619620077050897, 54.667324472211888, 0.0 ], [ -112.619110535492496, 54.667298495211867, 0.0 ], [ -112.618679881058796, 54.66715425609236, 0.0 ], [ -112.618250469264893, 54.667245603831191, 0.0 ], [ -112.618234238263696, 54.66724905719758, 0.0 ], [ -112.6179085153599, 54.667058734578298, 0.0 ], [ -112.617362498673202, 54.666739688071267, 0.0 ], [ -112.616890721120598, 54.666464014104442, 0.0 ], [ -112.616218992408307, 54.666450792976619, 0.0 ], [ -112.615444137263196, 54.666435537453118, 0.0 ], [ -112.615069873586506, 54.666203340650178, 0.0 ], [ -112.614939359881902, 54.666122367475047, 0.0 ], [ -112.614519554557504, 54.666104285129357, 0.0 ], [ -112.613746391766199, 54.666070979475649, 0.0 ], [ -112.613487301978395, 54.665981278322171, 0.0 ], [ -112.612821703581005, 54.665750831836142, 0.0 ], [ -112.612795313279804, 54.665369465530553, 0.0 ], [ -112.613123656924301, 54.665040453955712, 0.0 ], [ -112.613201094547506, 54.664798213353848, 0.0 ], [ -112.613342347138499, 54.6643563399128, 0.0 ], [ -112.6139887734425, 54.66419369270303, 0.0 ], [ -112.614699924635104, 54.664014755346606, 0.0 ], [ -112.615411069725397, 54.663835812848667, 0.0 ], [ -112.615539279731195, 54.663740809213003, 0.0 ], [ -112.615697424763098, 54.66331527988396, 0.0 ], [ -112.615698827588204, 54.663313764290457, 0.0 ], [ -112.616390022763397, 54.663531405527188, 0.0 ], [ -112.616790575708606, 54.663314461243893, 0.0 ], [ -112.617191124335093, 54.663097516484477, 0.0 ], [ -112.617217424668894, 54.662648380262148, 0.0 ], [ -112.617617964399997, 54.66243143398146, 0.0 ], [ -112.6180184998653, 54.662214486326498, 0.0 ], [ -112.618419031064604, 54.66199753729726, 0.0 ], [ -112.618819557998194, 54.661780586893769, 0.0 ], [ -112.619220080665997, 54.661563635116117, 0.0 ], [ -112.619518493657594, 54.661555497924859, 0.0 ], [ -112.620018555611694, 54.661541861009027, 0.0 ], [ -112.620231313035603, 54.661705241768708, 0.0 ], [ -112.6203690956375, 54.661811048086818, 0.0 ], [ -112.621070451416998, 54.661824828981771, 0.0 ], [ -112.621143865545505, 54.661826271256032, 0.0 ], [ -112.621544376556599, 54.661609310775603, 0.0 ], [ -112.621944883197003, 54.661392350717662, 0.0 ], [ -112.622345385676695, 54.661175387489152, 0.0 ], [ -112.6227590023951, 54.66073385514283, 0.0 ], [ -112.623554186186496, 54.660737992269652, 0.0 ], [ -112.624357543347003, 54.660737697154303, 0.0 ], [ -112.625120035478304, 54.660759537477482, 0.0 ], [ -112.625457529576494, 54.661011629465101, 0.0 ], [ -112.626232287130705, 54.661026819947267, 0.0 ], [ -112.626604692486396, 54.660792430944831, 0.0 ], [ -112.627435589127302, 54.660842439027789, 0.0 ], [ -112.627764248679298, 54.660635575120757, 0.0 ], [ -112.627807985942397, 54.660608046233143, 0.0 ], [ -112.627922439438507, 54.66060726222549, 0.0 ], [ -112.628550072216797, 54.660602959906583, 0.0 ], [ -112.629341156359999, 54.66062826173691, 0.0 ], [ -112.630148574591502, 54.660663687704663, 0.0 ], [ -112.630939661213702, 54.660688979112876, 0.0 ], [ -112.631681749186498, 54.660683872706272, 0.0 ], [ -112.632082193507102, 54.660466878467908, 0.0 ], [ -112.632326142128207, 54.660334684357437, 0.0 ], [ -112.632482633614401, 54.660249881957832, 0.0 ], [ -112.632648815234603, 54.660253131036903, 0.0 ], [ -112.633257380610004, 54.660265027376219, 0.0 ], [ -112.6336578125469, 54.660048026891971, 0.0 ], [ -112.634058240218394, 54.659831025034372, 0.0 ], [ -112.634139556682896, 54.659402581889047, 0.0 ], [ -112.634194408217596, 54.658944190013983, 0.0 ], [ -112.634221656350704, 54.658475447351421, 0.0 ], [ -112.634220162599803, 54.658015955426578, 0.0 ], [ -112.634188788858395, 54.657585310360787, 0.0 ], [ -112.633814496505906, 54.657353170033637, 0.0 ], [ -112.633440208418307, 54.657121028583283, 0.0 ], [ -112.6330659245953, 54.656888886009718, 0.0 ], [ -112.632691645089295, 54.656656741414743, 0.0 ], [ -112.633092043872495, 54.656439743261167, 0.0 ], [ -112.6331181624805, 54.655990599572377, 0.0 ], [ -112.633144280315094, 54.655541456739897, 0.0 ], [ -112.633572735923295, 54.655341866639382, 0.0 ], [ -112.633542708153598, 54.654857902387327, 0.0 ], [ -112.633971154556093, 54.654658310766223, 0.0 ], [ -112.633997261646698, 54.654209168456099, 0.0 ], [ -112.633879698449306, 54.654136247635122, 0.0 ], [ -112.633623000937902, 54.653977026835562, 0.0 ], [ -112.633248744388595, 54.653744885888528, 0.0 ], [ -112.633297101303398, 54.653283686251513, 0.0 ], [ -112.632900610339206, 54.653063599083573, 0.0 ], [ -112.633300972176599, 54.652846598863569, 0.0 ], [ -112.633350846333897, 54.65241219579918, 0.0 ], [ -112.633329435817501, 54.651933574305787, 0.0 ], [ -112.633379308372099, 54.651499169358807, 0.0 ], [ -112.633779652022, 54.651282168226118, 0.0 ], [ -112.634179991513093, 54.651065163923967, 0.0 ], [ -112.634580326636694, 54.650848160045477, 0.0 ], [ -112.634980657549306, 54.650631153895873, 0.0 ], [ -112.635161038860105, 54.650533373948299, 0.0 ], [ -112.6353809842511, 54.650414145475168, 0.0 ], [ -112.6359081290625, 54.650424439711223, 0.0 ], [ -112.636060376124803, 54.650402239911493, 0.0 ], [ -112.636162239515102, 54.650387387418483, 0.0 ], [ -112.636223206998395, 54.65000591999835, 0.0 ], [ -112.636166121114201, 54.649505191044582, 0.0 ], [ -112.636233780561398, 54.649081837722953, 0.0 ], [ -112.636903266783406, 54.649094906742747, 0.0 ], [ -112.637008317234603, 54.649096957092738, 0.0 ], [ -112.637382553503002, 54.64932908817012, 0.0 ], [ -112.637782854575505, 54.649112072411427, 0.0 ], [ -112.638183151437303, 54.648895054381853, 0.0 ], [ -112.638583443932205, 54.648678036776303, 0.0 ], [ -112.638983732268798, 54.648461016001619, 0.0 ], [ -112.639384016238694, 54.648243995651029, 0.0 ], [ -112.639763504745503, 54.648014076345547, 0.0 ], [ -112.640558814595806, 54.648042069503923, 0.0 ], [ -112.640959086189795, 54.647825042910867, 0.0 ], [ -112.641314637467701, 54.647632260509731, 0.0 ], [ -112.641439503759798, 54.64766562113163, 0.0 ], [ -112.641707190500298, 54.647858012685823, 0.0 ], [ -112.642476062656797, 54.647897512792611, 0.0 ], [ -112.643279680236901, 54.647921334075527, 0.0 ], [ -112.643673969745905, 54.647925002169508, 0.0 ], [ -112.643661270999303, 54.647795193876959, 0.0 ], [ -112.644033620328003, 54.647799587603828, 0.0 ], [ -112.644808411922199, 54.647808724103598, 0.0 ], [ -112.645198310783002, 54.647704484130877, 0.0 ], [ -112.645231918302898, 54.647683396188732, 0.0 ], [ -112.645275936174599, 54.64768373161607, 0.0 ], [ -112.645991462405902, 54.647689174532779, 0.0 ], [ -112.646810891494695, 54.647732082477503, 0.0 ], [ -112.6470477783256, 54.647581354100637, 0.0 ], [ -112.647181184961298, 54.647496466870152, 0.0 ], [ -112.647488234878296, 54.647329952313697, 0.0 ], [ -112.647690163575902, 54.647036949707037, 0.0 ], [ -112.648116276054196, 54.646795894093493, 0.0 ], [ -112.648670985809403, 54.646482083530898, 0.0 ], [ -112.648898658932694, 54.646158034983209, 0.0 ], [ -112.649187866418401, 54.646006475015042, 0.0 ], [ -112.649640557745101, 54.645769238819412, 0.0 ], [ -112.6497628113232, 54.645705168837893, 0.0 ], [ -112.650513362824199, 54.645646533351332, 0.0 ], [ -112.650940754452705, 54.645502501716869, 0.0 ], [ -112.651364469865797, 54.645471887667107, 0.0 ], [ -112.651539058372194, 54.645478180120193, 0.0 ], [ -112.652312477803306, 54.645506051306732, 0.0 ], [ -112.652851984614799, 54.645672762464478, 0.0 ], [ -112.652998993687305, 54.645654220721688, 0.0 ], [ -112.653109562838594, 54.645402285663273, 0.0 ], [ -112.653136080584702, 54.645014408384988, 0.0 ], [ -112.653166780732803, 54.644565359674303, 0.0 ], [ -112.653197480008501, 54.644116311816788, 0.0 ], [ -112.653228178515306, 54.643667263015892, 0.0 ], [ -112.653279928728594, 54.643612777304192, 0.0 ], [ -112.653653792611806, 54.643219145530878, 0.0 ], [ -112.654027649241996, 54.642825511610553, 0.0 ], [ -112.654025219156907, 54.642745900405323, 0.0 ], [ -112.654009415688094, 54.642295708370348, 0.0 ], [ -112.653691475177794, 54.642164790827287, 0.0 ], [ -112.653713773435499, 54.641777768618446, 0.0 ], [ -112.653280459937207, 54.641561405719159, 0.0 ], [ -112.653308282765707, 54.641078568118992, 0.0 ], [ -112.6537655269928, 54.640879466594463, 0.0 ], [ -112.654165657903704, 54.640662395628041, 0.0 ], [ -112.654565784657393, 54.640445321493679, 0.0 ], [ -112.654965907047, 54.640228247784613, 0.0 ], [ -112.655048145525299, 54.640190238143973, 0.0 ], [ -112.655344451511198, 54.640153109292093, 0.0 ], [ -112.655347572838906, 54.640090489158709, 0.0 ], [ -112.655349542915204, 54.640050936356957, 0.0 ], [ -112.655369965601693, 54.639641274459173, 0.0 ], [ -112.655389338731894, 54.639252689884451, 0.0 ], [ -112.655388036918197, 54.639094451005477, 0.0 ], [ -112.655397442552797, 54.639090103376383, 0.0 ], [ -112.6554147537055, 54.638742847725887, 0.0 ], [ -112.655534142429701, 54.6384093786695, 0.0 ], [ -112.655677914205796, 54.638343838338358, 0.0 ], [ -112.655843694787293, 54.638446640282602, 0.0 ], [ -112.656630961319095, 54.638237055569313, 0.0 ], [ -112.657673913217494, 54.638257241081277, 0.0 ], [ -112.657743873856603, 54.638276867683409, 0.0 ], [ -112.657883677898596, 54.638316087020378, 0.0 ], [ -112.658441356989897, 54.638472535501542, 0.0 ], [ -112.658695354421198, 54.638627285658437, 0.0 ], [ -112.659229589103404, 54.638952769592059, 0.0 ], [ -112.659763833969294, 54.639278249468418, 0.0 ], [ -112.659957047961797, 54.639307061498407, 0.0 ], [ -112.6607074407423, 54.639418958694947, 0.0 ], [ -112.661121677027396, 54.639666767040687, 0.0 ], [ -112.661661020691298, 54.639989411350527, 0.0 ], [ -112.662215743445898, 54.640123560472979, 0.0 ], [ -112.662299271717202, 54.640170652986377, 0.0 ], [ -112.662854863534804, 54.640483889491023, 0.0 ], [ -112.662936946847594, 54.640509363202113, 0.0 ], [ -112.663620122333299, 54.640721376668203, 0.0 ], [ -112.663677189292301, 54.640728524913087, 0.0 ], [ -112.664434553259596, 54.640823387067243, 0.0 ], [ -112.664843127711194, 54.64098244774204, 0.0 ], [ -112.665135661636796, 54.641003608455378, 0.0 ], [ -112.665515842583105, 54.641031108023562, 0.0 ], [ -112.665904533722497, 54.641059221021663, 0.0 ], [ -112.666486380838293, 54.641251934833413, 0.0 ], [ -112.666522820863705, 54.641253346774498, 0.0 ], [ -112.667295930815698, 54.64128329501564, 0.0 ], [ -112.667786804136696, 54.641292060069382, 0.0 ], [ -112.668561270956602, 54.64130588839221, 0.0 ], [ -112.668678475997595, 54.641307980030923, 0.0 ], [ -112.668822799530602, 54.64141238203365, 0.0 ], [ -112.669615577533605, 54.64141732036375, 0.0 ], [ -112.670432850010698, 54.641408962844409, 0.0 ], [ -112.670706049187402, 54.641420538131342, 0.0 ], [ -112.671153031686899, 54.641695575016499, 0.0 ], [ -112.671684509611296, 54.642022596067548, 0.0 ], [ -112.672215997509198, 54.642349616678104, 0.0 ], [ -112.672747492437196, 54.64267663409359, 0.0 ], [ -112.673303480172194, 54.642810085072277, 0.0 ], [ -112.673337175149499, 54.64282952710834, 0.0 ], [ -112.673886512158106, 54.643146474651957, 0.0 ], [ -112.673961145121496, 54.64316618238081, 0.0 ], [ -112.674171682842797, 54.643296655330232, 0.0 ], [ -112.674546081949003, 54.643528672357867, 0.0 ], [ -112.674920485316903, 54.643760688260713, 0.0 ], [ -112.675294892997798, 54.643992702140409, 0.0 ], [ -112.675669304889198, 54.64422471579357, 0.0 ], [ -112.676043720991203, 54.644456729220167, 0.0 ], [ -112.676418141406401, 54.64468874062355, 0.0 ], [ -112.676792566134907, 54.644920750003656, 0.0 ], [ -112.677166995022901, 54.645152760055431, 0.0 ], [ -112.677541428224302, 54.645384768083879, 0.0 ], [ -112.677863429837799, 54.64539094372897, 0.0 ], [ -112.6780154987609, 54.645475339516963, 0.0 ], [ -112.678573209661494, 54.645607864378547, 0.0 ], [ -112.678826259190899, 54.645762834271252, 0.0 ], [ -112.679359092319402, 54.64608914396473, 0.0 ], [ -112.679891932431502, 54.64641545134964, 0.0 ], [ -112.680184943476306, 54.646436525904633, 0.0 ], [ -112.680953985622807, 54.646491836245538, 0.0 ], [ -112.681474290255693, 54.646464521853069, 0.0 ], [ -112.681513863863401, 54.646450942189688, 0.0 ], [ -112.681737197306603, 54.646589304078951, 0.0 ], [ -112.682137238773194, 54.646372139061683, 0.0 ], [ -112.682884395493204, 54.646346295396157, 0.0 ], [ -112.683700852782593, 54.646353888699153, 0.0 ], [ -112.684491778292497, 54.646393105683003, 0.0 ], [ -112.684835260808796, 54.646648587218777, 0.0 ], [ -112.685209750395401, 54.646880571102677, 0.0 ], [ -112.685984272224104, 54.646895377828052, 0.0 ], [ -112.686358772237597, 54.64712735826356, 0.0 ], [ -112.686733276462704, 54.647359338471809, 0.0 ], [ -112.687107784950797, 54.647591317554458, 0.0 ], [ -112.687482297701607, 54.647823295511493, 0.0 ], [ -112.6878568146644, 54.648055273241141, 0.0 ], [ -112.688199333857497, 54.648304622916591, 0.0 ], [ -112.689021887117306, 54.648293348167222, 0.0 ], [ -112.689780437195694, 54.648316817520367, 0.0 ], [ -112.690154972016799, 54.64854878649632, 0.0 ], [ -112.690529510999198, 54.648780756143083, 0.0 ], [ -112.690904054346603, 54.649012722867333, 0.0 ], [ -112.691278601906504, 54.649244689363989, 0.0 ], [ -112.6916531536788, 54.649476655633059, 0.0 ], [ -112.691698470294796, 54.64950471968465, 0.0 ], [ -112.691737637820395, 54.649561096804092, 0.0 ], [ -112.692179875376297, 54.649836776006808, 0.0 ], [ -112.692707736101895, 54.650165822568582, 0.0 ], [ -112.693235605350097, 54.65049486689432, 0.0 ], [ -112.693272890133301, 54.650497622237268, 0.0 ], [ -112.693502339413001, 54.650673485320922, 0.0 ], [ -112.694300574580694, 54.650651218928139, 0.0 ], [ -112.6946789220288, 54.650399341081346, 0.0 ], [ -112.695434521788499, 54.650387033513269, 0.0 ], [ -112.695677829389297, 54.650401749051483, 0.0 ], [ -112.696181837049906, 54.650456162843433, 0.0 ], [ -112.696247468224001, 54.650504364679783, 0.0 ], [ -112.696224363654196, 54.650912661396283, 0.0 ], [ -112.696566945951801, 54.651098779104821, 0.0 ], [ -112.696566899537302, 54.651101189228811, 0.0 ], [ -112.696558204419205, 54.651550565535807, 0.0 ], [ -112.696549510466397, 54.651999942737334, 0.0 ], [ -112.696548784069407, 54.652037504111071, 0.0 ], [ -112.696540814631007, 54.652449319876041, 0.0 ], [ -112.696826504678299, 54.652783974310942, 0.0 ], [ -112.696931829475105, 54.65321656760694, 0.0 ], [ -112.697177593396106, 54.653464063839543, 0.0 ], [ -112.697204355549502, 54.653678380742491, 0.0 ], [ -112.697260326888397, 54.654126611679281, 0.0 ], [ -112.697754553348801, 54.654440046507538, 0.0 ], [ -112.698277555569604, 54.654771723433832, 0.0 ], [ -112.698685533615404, 54.655148639728317, 0.0 ], [ -112.698622660164602, 54.655171941484497, 0.0 ], [ -112.698710937743996, 54.655222224280379, 0.0 ], [ -112.699031414544606, 54.655483583517793, 0.0 ], [ -112.699402224070397, 54.655717611829488, 0.0 ], [ -112.700139127763606, 54.655752850148318, 0.0 ], [ -112.700920255861405, 54.655764070832639, 0.0 ], [ -112.7017268295712, 54.655761470700732, 0.0 ], [ -112.702247304600405, 54.655757485940192, 0.0 ], [ -112.702540067967803, 54.655755242500831, 0.0 ], [ -112.703341198259395, 54.655755586820831, 0.0 ], [ -112.704111442641505, 54.655772697446089, 0.0 ], [ -112.704466449971605, 54.65601531149558, 0.0 ], [ -112.705241156104506, 54.656029994937931, 0.0 ], [ -112.705613740078107, 54.656299349918967, 0.0 ], [ -112.706015862886204, 54.656044674327333, 0.0 ], [ -112.706793100937006, 54.656014432132842, 0.0 ], [ -112.707565278496105, 54.656074019150523, 0.0 ], [ -112.707939986290896, 54.656305935375443, 0.0 ], [ -112.708314698401693, 54.656537849574953, 0.0 ], [ -112.708695964062102, 54.656309001889568, 0.0 ], [ -112.7095456219472, 54.656370040517601, 0.0 ], [ -112.709692773854897, 54.656278725768573, 0.0 ], [ -112.709920634865696, 54.656137324327773, 0.0 ], [ -112.710289396262297, 54.65590073875245, 0.0 ], [ -112.7103146629116, 54.655451571297903, 0.0 ], [ -112.711021715609803, 54.655404988200317, 0.0 ], [ -112.711833559083303, 54.655410340449492, 0.0 ], [ -112.712660652134502, 54.655450946012131, 0.0 ], [ -112.713413461199295, 54.655510128962099, 0.0 ], [ -112.713788197725904, 54.655742027376299, 0.0 ], [ -112.714162938467396, 54.655973925561447, 0.0 ], [ -112.714537683575202, 54.656205820822507, 0.0 ], [ -112.714512464298593, 54.65665499047185, 0.0 ], [ -112.715287186435901, 54.656669610657168, 0.0 ], [ -112.715661944289906, 54.65690150343405, 0.0 ], [ -112.716436673286694, 54.656916116342011, 0.0 ], [ -112.716811441569604, 54.657148005665427, 0.0 ], [ -112.717186211069603, 54.657379892904473, 0.0 ], [ -112.717261033774705, 54.657381303472768, 0.0 ], [ -112.717960951488806, 54.657394497078009, 0.0 ], [ -112.718333633077094, 54.657663811981337, 0.0 ], [ -112.718735689605396, 54.657409094444802, 0.0 ], [ -112.718954651305594, 54.657290138287479, 0.0 ], [ -112.719058586520802, 54.657184020569879, 0.0 ], [ -112.7191394531893, 54.656884587946927, 0.0 ], [ -112.719242409362707, 54.656746836251692, 0.0 ], [ -112.7197359368066, 54.656458117742098, 0.0 ], [ -112.719959628859499, 54.656327255096627, 0.0 ], [ -112.719960704279202, 54.656308056654112, 0.0 ], [ -112.720112718666996, 54.65623769439766, 0.0 ], [ -112.720281566508106, 54.656138913920692, 0.0 ], [ -112.720287012892598, 54.656103898350757, 0.0 ], [ -112.720356636452607, 54.655656306867257, 0.0 ], [ -112.720384203279906, 54.655479084198973, 0.0 ], [ -112.720381209703305, 54.655174021576443, 0.0 ], [ -112.720435569500495, 54.655148858591367, 0.0 ], [ -112.720495878415207, 54.654761126339643, 0.0 ], [ -112.721180042646793, 54.654585125841074, 0.0 ], [ -112.721842121077898, 54.654414801366833, 0.0 ], [ -112.722010625833903, 54.654323240585953, 0.0 ], [ -112.7224105332931, 54.654105942354029, 0.0 ], [ -112.722810436587807, 54.653888640956993, 0.0 ], [ -112.723210335516995, 54.653671339988229, 0.0 ], [ -112.723674088660204, 54.653467727501557, 0.0 ], [ -112.723635347694994, 54.653004864949281, 0.0 ], [ -112.723260579023702, 54.652772995723438, 0.0 ], [ -112.724035233533101, 54.652787560204573, 0.0 ], [ -112.724410006866194, 54.653019426176861, 0.0 ], [ -112.724784784464006, 54.653251291021299, 0.0 ], [ -112.7251748237546, 54.653266049375937, 0.0 ], [ -112.725605827294402, 54.653041072255753, 0.0 ], [ -112.7258798050769, 54.652976469557409, 0.0 ], [ -112.7263139526017, 54.652983255846692, 0.0 ], [ -112.727088738135194, 54.65299536072984, 0.0 ], [ -112.727118770273194, 54.653004200618867, 0.0 ], [ -112.727809873562094, 54.653207643310367, 0.0 ], [ -112.728458671271397, 54.653230321213897, 0.0 ], [ -112.729232338801594, 54.653257358180547, 0.0 ], [ -112.729967396021806, 54.653244681363027, 0.0 ], [ -112.730465262891798, 54.653088003209042, 0.0 ], [ -112.730985837262395, 54.65306036272947, 0.0 ], [ -112.731195055384006, 54.652911784856137, 0.0 ], [ -112.731685238889199, 54.652563668770412, 0.0 ], [ -112.731910007608704, 54.652238045328851, 0.0 ], [ -112.732212573501201, 54.652073289723091, 0.0 ], [ -112.732777546522797, 54.651765642289106, 0.0 ], [ -112.733017295875896, 54.6516350863998, 0.0 ], [ -112.733342511114202, 54.651457990327287, 0.0 ], [ -112.733907467125405, 54.651150336532723, 0.0 ], [ -112.734341480375605, 54.651126033037137, 0.0 ], [ -112.7351129234289, 54.651082831537238, 0.0 ], [ -112.735694709851501, 54.650919966342933, 0.0 ], [ -112.736437794127696, 54.650895906074773, 0.0 ], [ -112.737211616764398, 54.650870845554053, 0.0 ], [ -112.737482211693205, 54.650726136131581, 0.0 ], [ -112.737704373312994, 54.650607324385099, 0.0 ], [ -112.738051926285706, 54.650421453356827, 0.0 ], [ -112.738621633961401, 54.650116766937579, 0.0 ], [ -112.739192938777506, 54.650005495421027, 0.0 ], [ -112.739613403991498, 54.649800933653147, 0.0 ], [ -112.739914172375194, 54.649635025809893, 0.0 ], [ -112.740475691533604, 54.649325276905643, 0.0 ], [ -112.740738637697703, 54.649180226984662, 0.0 ], [ -112.7410372036545, 54.649015526229562, 0.0 ], [ -112.741598707188601, 54.648705773752759, 0.0 ], [ -112.741713917593202, 54.648428581401483, 0.0 ], [ -112.741740920231706, 54.648047727077682, 0.0 ], [ -112.741772756343707, 54.647598697258843, 0.0 ], [ -112.741804591665201, 54.647149666495793, 0.0 ], [ -112.741836426146406, 54.64670063568682, 0.0 ], [ -112.742043928261097, 54.646546946413388, 0.0 ], [ -112.742521667531193, 54.646193095155667, 0.0 ], [ -112.742442656251399, 54.646135972360881, 0.0 ], [ -112.741957771008899, 54.645785406766777, 0.0 ], [ -112.741933476464098, 54.645521523342808, 0.0 ], [ -112.742469092195606, 54.64519674651288, 0.0 ], [ -112.743004701025697, 54.644871965449198, 0.0 ], [ -112.7430489171131, 54.644823706731387, 0.0 ], [ -112.743197612069693, 54.644661416562627, 0.0 ], [ -112.743412528277801, 54.644426843053488, 0.0 ], [ -112.743559295274807, 54.644145746144261, 0.0 ], [ -112.743783868679103, 54.643715622590257, 0.0 ], [ -112.744008438773207, 54.643285498575651, 0.0 ], [ -112.744134652958806, 54.6432056215492, 0.0 ], [ -112.744348024359397, 54.643070585610722, 0.0 ], [ -112.744349121939194, 54.643050741752177, 0.0 ], [ -112.744564286750403, 54.64293371826264, 0.0 ], [ -112.744658181295705, 54.642874294464363, 0.0 ], [ -112.744670953334804, 54.642838762428703, 0.0 ], [ -112.744829084042294, 54.642398809302712, 0.0 ], [ -112.744947367181496, 54.642285783560197, 0.0 ], [ -112.745259313292095, 54.641987699117188, 0.0 ], [ -112.745560575855706, 54.642174020736327, 0.0 ], [ -112.745935377564507, 54.642405821586181, 0.0 ], [ -112.746709847192093, 54.642420237452242, 0.0 ], [ -112.747073377461902, 54.6422225055449, 0.0 ], [ -112.747574065924894, 54.642516081977128, 0.0 ], [ -112.747646225069403, 54.642534777943112, 0.0 ], [ -112.747859132687495, 54.642666443379177, 0.0 ], [ -112.748233952181295, 54.642898236362242, 0.0 ], [ -112.748608775887803, 54.64313002911495, 0.0 ], [ -112.748793884971406, 54.643244498671102, 0.0 ], [ -112.748895748652401, 54.643376629743429, 0.0 ], [ -112.748921804539904, 54.643592703180389, 0.0 ], [ -112.748942535651196, 54.643764601889877, 0.0 ], [ -112.748936572673102, 54.643823077576151, 0.0 ], [ -112.7489505200395, 54.643830794662307, 0.0 ], [ -112.748975870188801, 54.644041018593583, 0.0 ], [ -112.749236310544106, 54.644171655138592, 0.0 ], [ -112.749528034368694, 54.644179006149528, 0.0 ], [ -112.749683680306404, 54.644288052474529, 0.0 ], [ -112.750449929020803, 54.644306938753978, 0.0 ], [ -112.751249209448204, 54.644307851810233, 0.0 ], [ -112.7520550955593, 54.644305165497848, 0.0 ], [ -112.752181886229806, 54.644306471012939, 0.0 ], [ -112.752841165466904, 54.644313255331483, 0.0 ], [ -112.753580993882693, 54.644346493835371, 0.0 ], [ -112.7537587233995, 54.644483382581562, 0.0 ], [ -112.753924959227504, 54.644611418415678, 0.0 ], [ -112.754757565184505, 54.644626862666577, 0.0 ], [ -112.755064488587294, 54.644419496943172, 0.0 ], [ -112.755130015676301, 54.644375224429417, 0.0 ], [ -112.755245895004904, 54.644377372978973, 0.0 ], [ -112.755801515261496, 54.64424835288586, 0.0 ], [ -112.756199520492899, 54.644028679794552, 0.0 ], [ -112.756487952045603, 54.643685793090441, 0.0 ], [ -112.7569039177192, 54.643708549092032, 0.0 ], [ -112.757082184813697, 54.643879296336671, 0.0 ], [ -112.757856688318597, 54.64389364208958, 0.0 ], [ -112.758476686954296, 54.643850381348543, 0.0 ], [ -112.758521243340297, 54.643837388796783, 0.0 ], [ -112.758652409122206, 54.643766022920111, 0.0 ], [ -112.759052019164201, 54.643548599646067, 0.0 ], [ -112.759484142640105, 54.643556597266361, 0.0 ], [ -112.759826517425793, 54.643562932746242, 0.0 ], [ -112.760199355364094, 54.643832121641672, 0.0 ], [ -112.760601016369705, 54.643577260896848, 0.0 ], [ -112.760772760888202, 54.643483811464378, 0.0 ], [ -112.761000614256403, 54.643359831969093, 0.0 ], [ -112.761640310532599, 54.643371659561367, 0.0 ], [ -112.761659778966404, 54.643337420538387, 0.0 ], [ -112.761902449459996, 54.642910614981922, 0.0 ], [ -112.7620327090209, 54.64282606148145, 0.0 ], [ -112.762548988991895, 54.642490930845163, 0.0 ], [ -112.762552660892496, 54.64227976828407, 0.0 ], [ -112.762560477327895, 54.641830379008411, 0.0 ], [ -112.762437325760203, 54.641744521070173, 0.0 ], [ -112.761941767506599, 54.641399035231323, 0.0 ], [ -112.761864715284503, 54.641301905653677, 0.0 ], [ -112.761592731072696, 54.64095905123957, 0.0 ], [ -112.761501460785496, 54.640908557876188, 0.0 ], [ -112.761507279254005, 54.640851329046448, 0.0 ], [ -112.761216967271494, 54.640485365011479, 0.0 ], [ -112.761160370299393, 54.64025056802312, 0.0 ], [ -112.761133832900398, 54.640237113219271, 0.0 ], [ -112.761137707749498, 54.640156554352451, 0.0 ], [ -112.761155353586403, 54.639789654359987, 0.0 ], [ -112.761235197830601, 54.639092581154898, 0.0 ], [ -112.761634749325196, 54.638875148673122, 0.0 ], [ -112.762034293509899, 54.638657713870067, 0.0 ], [ -112.762433834883396, 54.638440279526769, 0.0 ], [ -112.762833372044796, 54.638222842919511, 0.0 ], [ -112.763232904994197, 54.638005404048329, 0.0 ], [ -112.763257571363596, 54.637556219741178, 0.0 ], [ -112.7636570954501, 54.637338779365827, 0.0 ], [ -112.764056615176798, 54.637121339421753, 0.0 ], [ -112.764456130691798, 54.636903897213848, 0.0 ], [ -112.764855641945701, 54.636686453640571, 0.0 ], [ -112.764837450686002, 54.636210782625128, 0.0 ], [ -112.764849578610097, 54.636134809502742, 0.0 ], [ -112.764904935930005, 54.635788081997418, 0.0 ], [ -112.765673341650299, 54.635798697288863, 0.0 ], [ -112.766078783671702, 54.635584928511932, 0.0 ], [ -112.766853134351706, 54.635599214395711, 0.0 ], [ -112.767231795679905, 54.635368888434257, 0.0 ], [ -112.767325842833699, 54.635372100497733, 0.0 ], [ -112.767345534804704, 54.635362076974467, 0.0 ], [ -112.767970397251503, 54.635225880034433, 0.0 ], [ -112.7682582038085, 54.6350702669925, 0.0 ], [ -112.768824927862397, 54.634763843601938, 0.0 ], [ -112.769391643301702, 54.63445741926143, 0.0 ], [ -112.769958353469804, 54.634150989536259, 0.0 ], [ -112.770525050377699, 54.633844558775742, 0.0 ], [ -112.770608693591697, 54.63382231051343, 0.0 ], [ -112.771119523982094, 54.633686430960061, 0.0 ], [ -112.771279146614603, 54.633643970530187, 0.0 ], [ -112.771312900169804, 54.633634993926833, 0.0 ], [ -112.7713633593401, 54.633630253822879, 0.0 ], [ -112.772128105850499, 54.633558425679396, 0.0 ], [ -112.772300320414502, 54.633513927667103, 0.0 ], [ -112.772396425900197, 54.633453143126992, 0.0 ], [ -112.772535803524505, 54.633453076503969, 0.0 ], [ -112.773147109908393, 54.633452783619113, 0.0 ], [ -112.773955958148306, 54.633488370308193, 0.0 ], [ -112.774776622937395, 54.633531255113873, 0.0 ], [ -112.775562755766998, 54.633552790290892, 0.0 ], [ -112.776267998415406, 54.633524323724018, 0.0 ], [ -112.776272484286295, 54.633442170585333, 0.0 ], [ -112.776273303511402, 54.633427162265399, 0.0 ], [ -112.776292517102107, 54.633075134201263, 0.0 ], [ -112.776655289091806, 54.632912887610807, 0.0 ], [ -112.776664199433597, 54.63273388054931, 0.0 ], [ -112.776686560356495, 54.632284654008039, 0.0 ], [ -112.776705686839307, 54.631900395865173, 0.0 ], [ -112.776708920797105, 54.631835424731889, 0.0 ], [ -112.776541087233696, 54.631618314419917, 0.0 ], [ -112.776224097028603, 54.631208248169258, 0.0 ], [ -112.776074462197599, 54.631014674686583, 0.0 ], [ -112.775907111614202, 54.630798180194972, 0.0 ], [ -112.775833130923502, 54.630747777775241, 0.0 ], [ -112.775330911250506, 54.630405607649259, 0.0 ], [ -112.775325448445997, 54.630190883194267, 0.0 ], [ -112.775636432943301, 54.629834399399869, 0.0 ], [ -112.775358249940695, 54.629460985210848, 0.0 ], [ -112.775333432972602, 54.629213365469766, 0.0 ], [ -112.775435487087407, 54.628991964922122, 0.0 ], [ -112.775473494772797, 54.628970363037517, 0.0 ], [ -112.775814074696498, 54.628776786893432, 0.0 ], [ -112.776537666796301, 54.62858323582104, 0.0 ], [ -112.776605073733407, 54.627347914782398, 0.0 ], [ -112.776670948909, 54.626140574388273, 0.0 ], [ -112.776721484578999, 54.625214310918103, 0.0 ], [ -112.777091067490701, 54.624978434984428, 0.0 ], [ -112.777894970545901, 54.625011038261498, 0.0 ], [ -112.778698876532701, 54.625043637138013, 0.0 ], [ -112.778856722141299, 54.624942891636188, 0.0 ], [ -112.779047480368007, 54.624946757000309, 0.0 ], [ -112.779821553456301, 54.624962441326311, 0.0 ], [ -112.780595622729194, 54.624978118825602, 0.0 ], [ -112.7806141041318, 54.624538024496722, 0.0 ], [ -112.780619889410502, 54.624400234065462, 0.0 ], [ -112.780632969091002, 54.624088742933921, 0.0 ], [ -112.780641658723596, 54.623881794448657, 0.0 ], [ -112.780290842606306, 54.623706078361039, 0.0 ], [ -112.780315308089698, 54.623256886881123, 0.0 ], [ -112.780326827086199, 54.623045391347262, 0.0 ], [ -112.780295666429694, 54.622783932388487, 0.0 ], [ -112.779852386549294, 54.622545112743822, 0.0 ], [ -112.7800786048888, 54.622442306870347, 0.0 ], [ -112.780048934946805, 54.622407733035573, 0.0 ], [ -112.780091464650894, 54.622323692019727, 0.0 ], [ -112.780626547767696, 54.622275943307109, 0.0 ], [ -112.780752245746996, 54.622278441376473, 0.0 ], [ -112.781526285178401, 54.622293819674447, 0.0 ], [ -112.782300323781598, 54.622309192999467, 0.0 ], [ -112.783074363055405, 54.622324562278308, 0.0 ], [ -112.783848404596895, 54.62233992664089, 0.0 ], [ -112.784239222370502, 54.622347681417203, 0.0 ], [ -112.784259199433905, 54.621980226452877, 0.0 ], [ -112.784679281376299, 54.621775586817762, 0.0 ], [ -112.784682873878594, 54.621313522653892, 0.0 ], [ -112.785145951955897, 54.621109666597413, 0.0 ], [ -112.785106534301903, 54.620646815378763, 0.0 ], [ -112.784700015959999, 54.620432400182082, 0.0 ], [ -112.784756116732694, 54.619965942654247, 0.0 ], [ -112.784812215929094, 54.619499487750247, 0.0 ], [ -112.784405710537499, 54.61928506985042, 0.0 ], [ -112.784430126704393, 54.618835876790342, 0.0 ], [ -112.784454542246394, 54.61838668279092, 0.0 ], [ -112.784079735226001, 54.618155002166091, 0.0 ], [ -112.783704932559701, 54.617923318614949, 0.0 ], [ -112.783330135599996, 54.6176916357594, 0.0 ], [ -112.782955339898194, 54.617459949920892, 0.0 ], [ -112.782580549951604, 54.617228263879653, 0.0 ], [ -112.782205764261093, 54.616996576708978, 0.0 ], [ -112.782230204094105, 54.616547385072948, 0.0 ], [ -112.781855425030301, 54.616315696841113, 0.0 ], [ -112.781480651770295, 54.616084007508292, 0.0 ], [ -112.781105882765999, 54.615852317046148, 0.0 ], [ -112.780731118066399, 54.615620624556342, 0.0 ], [ -112.780356357573496, 54.615388931835618, 0.0 ], [ -112.779998234251806, 54.615148176164979, 0.0 ], [ -112.779606849354195, 54.614925543006557, 0.0 ], [ -112.779215467135899, 54.61470290948445, 0.0 ], [ -112.7788573581077, 54.614462150559177, 0.0 ], [ -112.778482618940899, 54.614230451294233, 0.0 ], [ -112.778107882432494, 54.613998751770161, 0.0 ], [ -112.777733151678106, 54.613767052043833, 0.0 ], [ -112.777358425227803, 54.613535350290107, 0.0 ], [ -112.776967070222, 54.613312708817134, 0.0 ], [ -112.776608986689197, 54.613071942525742, 0.0 ], [ -112.776234271456005, 54.612840237356679, 0.0 ], [ -112.775859562025502, 54.612608531087162, 0.0 ], [ -112.775501491144496, 54.612367762509329, 0.0 ], [ -112.7751101559288, 54.612145115161503, 0.0 ], [ -112.774735459213403, 54.611913406403808, 0.0 ], [ -112.773961554126302, 54.611899174139012, 0.0 ], [ -112.773586866356496, 54.611667460101323, 0.0 ], [ -112.773212184339798, 54.611435745861783, 0.0 ], [ -112.772837503432996, 54.611204031334957, 0.0 ], [ -112.7724628283774, 54.610972314809587, 0.0 ], [ -112.771688942387996, 54.610958067285111, 0.0 ], [ -112.771314276179695, 54.610726347276852, 0.0 ], [ -112.770941660595398, 54.61045719427252, 0.0 ], [ -112.770540395362403, 54.610712094251227, 0.0 ], [ -112.770141172343202, 54.610929559201843, 0.0 ], [ -112.769741945020698, 54.611147023686947, 0.0 ], [ -112.7689680570505, 54.611132760538602, 0.0 ], [ -112.768568823106094, 54.611350221098803, 0.0 ], [ -112.768190396070395, 54.611580554238252, 0.0 ], [ -112.767395686738695, 54.611553406068197, 0.0 ], [ -112.767038066804702, 54.611796609677143, 0.0 ], [ -112.766222540513098, 54.611756579578987, 0.0 ], [ -112.7654042820634, 54.611766454184568, 0.0 ], [ -112.765074005592098, 54.611510553896551, 0.0 ], [ -112.764300113235095, 54.611496259951842, 0.0 ], [ -112.763526221606895, 54.611481960165037, 0.0 ], [ -112.763151599306795, 54.611250215322237, 0.0 ], [ -112.762776978116193, 54.611018470192462, 0.0 ], [ -112.762903658164603, 54.610513714809308, 0.0 ], [ -112.762508903249, 54.610292938361312, 0.0 ], [ -112.761733815148801, 54.610279293621481, 0.0 ], [ -112.760877240520401, 54.610310019637573, 0.0 ], [ -112.760105409488801, 54.610294589280507, 0.0 ], [ -112.759730816149698, 54.610062833163241, 0.0 ], [ -112.759356226965707, 54.609831077714787, 0.0 ], [ -112.758981642134401, 54.609599319341733, 0.0 ], [ -112.758607061458093, 54.609367561637569, 0.0 ], [ -112.758232485084903, 54.6091358019072, 0.0 ], [ -112.757857913014803, 54.608904040150662, 0.0 ], [ -112.757483345148898, 54.608672278164782, 0.0 ], [ -112.757108781536601, 54.608440515051107, 0.0 ], [ -112.756734222177698, 54.60820875080978, 0.0 ], [ -112.756326395200105, 54.607995104326491, 0.0 ], [ -112.755935207719105, 54.607772396203252, 0.0 ], [ -112.756059742755696, 54.607268856407003, 0.0 ], [ -112.755668565060404, 54.607046149301333, 0.0 ], [ -112.755260753775204, 54.606832497524451, 0.0 ], [ -112.754886219545199, 54.606600728641332, 0.0 ], [ -112.754511689667098, 54.606368956833947, 0.0 ], [ -112.754137165539902, 54.606137184826203, 0.0 ], [ -112.753762642520996, 54.605905412531932, 0.0 ], [ -112.752988862515494, 54.605891046379469, 0.0 ], [ -112.752614349940501, 54.605659269735384, 0.0 ], [ -112.752239841618305, 54.605427491963972, 0.0 ], [ -112.751865337548594, 54.60519571306525, 0.0 ], [ -112.751490837731495, 54.604963933039237, 0.0 ], [ -112.751116342117399, 54.604732152784337, 0.0 ], [ -112.750741850854794, 54.60450036960551, 0.0 ], [ -112.750367363794993, 54.60426858619784, 0.0 ], [ -112.749992880937995, 54.604036802561367, 0.0 ], [ -112.750039843347494, 54.60357554108608, 0.0 ], [ -112.749643189146198, 54.603355832456486, 0.0 ], [ -112.749268717205894, 54.603124045736799, 0.0 ], [ -112.7488942510154, 54.602892258817192, 0.0 ], [ -112.748519789126505, 54.602660469872191, 0.0 ], [ -112.748145331489397, 54.602428679800212, 0.0 ], [ -112.747770878104106, 54.60219688860122, 0.0 ], [ -112.747770332930102, 54.601761507196407, 0.0 ], [ -112.747845834430507, 54.601284719681573, 0.0 ], [ -112.747845288147303, 54.600849339107107, 0.0 ], [ -112.747508874434502, 54.600596843693687, 0.0 ], [ -112.747158775812494, 54.600351799430378, 0.0 ], [ -112.746329590340693, 54.600367621054509, 0.0 ], [ -112.745549074613194, 54.600356934310689, 0.0 ], [ -112.745306704689895, 54.600184442729002, 0.0 ], [ -112.744998142262602, 54.600106449271962, 0.0 ], [ -112.744427606316293, 54.600096224788139, 0.0 ], [ -112.743617466855994, 54.600101660561187, 0.0 ], [ -112.742819156680198, 54.600100649623407, 0.0 ], [ -112.742079995444598, 54.600067429199207, 0.0 ], [ -112.741727779756502, 54.599823545190837, 0.0 ], [ -112.740931939750595, 54.599821179339692, 0.0 ], [ -112.740557551556293, 54.599589365441368, 0.0 ], [ -112.740183167563202, 54.599357551314966, 0.0 ], [ -112.739808787771295, 54.599125736960517, 0.0 ], [ -112.7394344123297, 54.598893919682943, 0.0 ], [ -112.739060041039295, 54.598662103075739, 0.0 ], [ -112.738819827272593, 54.598513355418113, 0.0 ], [ -112.738719132783302, 54.598487809718868, 0.0 ], [ -112.738584600233096, 54.598367695103633, 0.0 ], [ -112.738302504672504, 54.598115830506501, 0.0 ], [ -112.738253187463002, 54.598094827493313, 0.0 ], [ -112.737903367133001, 54.597945844805388, 0.0 ], [ -112.737629062157893, 54.597829021621799, 0.0 ], [ -112.737565740735903, 54.597788615047527, 0.0 ], [ -112.737044834620406, 54.597456207214258, 0.0 ], [ -112.736523937080904, 54.597123795405103, 0.0 ], [ -112.736485963063799, 54.597068084312212, 0.0 ], [ -112.736439562918605, 54.597039349030432, 0.0 ], [ -112.7360652241845, 54.596807521587827, 0.0 ], [ -112.736083530071099, 54.596477666328909, 0.0 ], [ -112.736090152056704, 54.596358342581603, 0.0 ], [ -112.735715823026297, 54.596126514140643, 0.0 ], [ -112.735341498146198, 54.595894686370393, 0.0 ], [ -112.735262514002798, 54.59589320803677, 0.0 ], [ -112.734567917688906, 54.595880205164399, 0.0 ], [ -112.734193601752395, 54.595648372120607, 0.0 ], [ -112.734216874503801, 54.595229346125322, 0.0 ], [ -112.734218549204698, 54.595199192710233, 0.0 ], [ -112.733844241373802, 54.594967359537748, 0.0 ], [ -112.733469937742697, 54.594735526137747, 0.0 ], [ -112.7330956384111, 54.594503690713523, 0.0 ], [ -112.732735114318501, 54.594280383913741, 0.0 ], [ -112.732721343329104, 54.594271854163473, 0.0 ], [ -112.732347052496607, 54.594040016487611, 0.0 ], [ -112.732372018837495, 54.593590836632259, 0.0 ], [ -112.732381062107393, 54.593428132325172, 0.0 ], [ -112.732310687043494, 54.593155664590817, 0.0 ], [ -112.732235514549899, 54.593103929386018, 0.0 ], [ -112.731736430744206, 54.592760446821508, 0.0 ], [ -112.731690812279396, 54.592704231961022, 0.0 ], [ -112.731648431142702, 54.59267797930093, 0.0 ], [ -112.731251981946201, 54.592458212864038, 0.0 ], [ -112.731279067486895, 54.592193275194433, 0.0 ], [ -112.730998143872995, 54.591830104356262, 0.0 ], [ -112.730902696726901, 54.591777192179528, 0.0 ], [ -112.730923586752994, 54.591572870397933, 0.0 ], [ -112.730863315253103, 54.591330079874673, 0.0 ], [ -112.730824870712098, 54.591280693541613, 0.0 ], [ -112.730761452244806, 54.591199227702688, 0.0 ], [ -112.7305756012491, 54.591084096228542, 0.0 ], [ -112.730201351529203, 54.590852252194779, 0.0 ], [ -112.729827106007903, 54.590620407933862, 0.0 ], [ -112.729841832259396, 54.590355724159423, 0.0 ], [ -112.729695486529707, 54.590144241045792, 0.0 ], [ -112.729610654936494, 54.590021652675922, 0.0 ], [ -112.729477859555502, 54.58993938331917, 0.0 ], [ -112.729103626534794, 54.58970753510971, 0.0 ], [ -112.7287293977123, 54.589475686673183, 0.0 ], [ -112.728355173138098, 54.589243837111262, 0.0 ], [ -112.727980952761897, 54.589011987322351, 0.0 ], [ -112.728004060143306, 54.588596975622579, 0.0 ], [ -112.727718455851601, 54.588414025399921, 0.0 ], [ -112.727691275229702, 54.588367836999517, 0.0 ], [ -112.727631750331597, 54.588330956735923, 0.0 ], [ -112.727257542404402, 54.588099103897207, 0.0 ], [ -112.726883338675094, 54.587867250831643, 0.0 ], [ -112.726896976350602, 54.587622425623003, 0.0 ], [ -112.726648999921693, 54.58726614799162, 0.0 ], [ -112.726615570617895, 54.587218117058832, 0.0 ], [ -112.726841871968603, 54.587012977196117, 0.0 ], [ -112.726877959299998, 54.586798438475967, 0.0 ], [ -112.726784358651798, 54.586674459222039, 0.0 ], [ -112.726716178422706, 54.586584150549271, 0.0 ], [ -112.726571699540003, 54.586512450718757, 0.0 ], [ -112.726197515659095, 54.586280594781613, 0.0 ], [ -112.725823332931895, 54.586048737661187, 0.0 ], [ -112.725449157545498, 54.58581687947386, 0.0 ], [ -112.725074983262601, 54.585585021001663, 0.0 ], [ -112.724700814873898, 54.585353159636831, 0.0 ], [ -112.724326650682102, 54.58512129804533, 0.0 ], [ -112.724121635949302, 54.584994253182707, 0.0 ], [ -112.724039038790906, 54.584972679209173, 0.0 ], [ -112.723641816427403, 54.584753356684772, 0.0 ], [ -112.723428974391993, 54.584613315973172, 0.0 ], [ -112.722916910316997, 54.584276394335511, 0.0 ], [ -112.722890863451198, 54.584231536368243, 0.0 ], [ -112.722830036334301, 54.584193841328393, 0.0 ], [ -112.722455893376903, 54.58396197411237, 0.0 ], [ -112.722081754666107, 54.583730105771537, 0.0 ], [ -112.722081994897195, 54.583645463954007, 0.0 ], [ -112.721797909531602, 54.583559341490933, 0.0 ], [ -112.722049878863203, 54.583239193484971, 0.0 ], [ -112.722083581041105, 54.58308613728471, 0.0 ], [ -112.722084386606795, 54.582802309073891, 0.0 ], [ -112.722156961723499, 54.582382576056283, 0.0 ], [ -112.722556152467604, 54.582165267344891, 0.0 ], [ -112.722955338965505, 54.581947957268532, 0.0 ], [ -112.723269845701097, 54.581794862855972, 0.0 ], [ -112.723375368562202, 54.581736773867533, 0.0 ], [ -112.723379575079093, 54.581281468750532, 0.0 ], [ -112.723778750039898, 54.58106415583277, 0.0 ], [ -112.7241779177117, 54.580846840593622, 0.0 ], [ -112.724577082584005, 54.580629525815503, 0.0 ], [ -112.724976243310707, 54.580412207875924, 0.0 ], [ -112.725371901554595, 54.580227771234682, 0.0 ], [ -112.725439840097295, 54.580196101097819, 0.0 ], [ -112.725001278117304, 54.579963030195039, 0.0 ], [ -112.725026312183601, 54.579513853371182, 0.0 ], [ -112.7245870659074, 54.579293257423892, 0.0 ], [ -112.724677236082002, 54.578832814508203, 0.0 ], [ -112.725117946287796, 54.578641259274583, 0.0 ], [ -112.725101410391403, 54.578166319956509, 0.0 ], [ -112.725210217841493, 54.578107076265738, 0.0 ], [ -112.725696363570407, 54.578051255356527, 0.0 ], [ -112.725932678468993, 54.577975782812317, 0.0 ], [ -112.726129330679498, 54.577912979099168, 0.0 ], [ -112.726802891695101, 54.577865669345719, 0.0 ], [ -112.727003467578697, 54.577757525265689, 0.0 ], [ -112.727027159883207, 54.577403246379973, 0.0 ], [ -112.727057191627495, 54.576954172093359, 0.0 ], [ -112.727087221025599, 54.576505097733047, 0.0 ], [ -112.727110389887102, 54.576158631932039, 0.0 ], [ -112.727117251170498, 54.576056023357147, 0.0 ], [ -112.727007213383999, 54.575897986205042, 0.0 ], [ -112.726571910783804, 54.57560701575715, 0.0 ], [ -112.726064451018104, 54.575267807811521, 0.0 ], [ -112.726077727935703, 54.574840693287292, 0.0 ], [ -112.726091695899896, 54.574391353001857, 0.0 ], [ -112.726105661870903, 54.573942012651877, 0.0 ], [ -112.726119628941404, 54.573492672295487, 0.0 ], [ -112.726278551963603, 54.573184428022891, 0.0 ], [ -112.726511056372004, 54.573056071694921, 0.0 ], [ -112.727071812054604, 54.572746499374666, 0.0 ], [ -112.727724874872095, 54.572512550204578, 0.0 ], [ -112.727776287261307, 54.57235418565719, 0.0 ], [ -112.727840208275495, 54.572157284642778, 0.0 ], [ -112.728034194667202, 54.57201948504656, 0.0 ], [ -112.728157535658497, 54.57193186650013, 0.0 ], [ -112.728170210782196, 54.571704086810428, 0.0 ], [ -112.728208995269298, 54.571247394802818, 0.0 ], [ -112.728259604768795, 54.570784263749808, 0.0 ], [ -112.728298388639402, 54.570327571660378, 0.0 ], [ -112.7283017019395, 54.569890197569848, 0.0 ], [ -112.727896125989602, 54.569675519281937, 0.0 ], [ -112.727522084481706, 54.569443669107983, 0.0 ], [ -112.7275470827162, 54.568994489844059, 0.0 ], [ -112.727758154993595, 54.568891696772411, 0.0 ], [ -112.727870296661493, 54.568776569093167, 0.0 ], [ -112.7279694658057, 54.568507445593688, 0.0 ], [ -112.727971102192797, 54.568327982778356, 0.0 ], [ -112.728370123023396, 54.568110652813672, 0.0 ], [ -112.728425253370105, 54.568085988948027, 0.0 ], [ -112.728713320971195, 54.567896781527033, 0.0 ], [ -112.728738457428904, 54.567592426662117, 0.0 ], [ -112.7287755309125, 54.567143527865262, 0.0 ], [ -112.728792311594205, 54.566940337256661, 0.0 ], [ -112.728445081011998, 54.566763111952532, 0.0 ], [ -112.728071061052603, 54.566531262669393, 0.0 ], [ -112.727697046881602, 54.566299412290952, 0.0 ], [ -112.727323038448702, 54.566067561715549, 0.0 ], [ -112.727346053676499, 54.56565394554125, 0.0 ], [ -112.727202784647702, 54.565565441538659, 0.0 ], [ -112.726672888391505, 54.565238086582177, 0.0 ], [ -112.726672363066498, 54.565234984920288, 0.0 ], [ -112.726534923630695, 54.565165942567248, 0.0 ], [ -112.726625036147894, 54.564705497595327, 0.0 ], [ -112.726836745641506, 54.564580161126067, 0.0 ], [ -112.727116246714999, 54.564237280024201, 0.0 ], [ -112.727518766743401, 54.56402096938811, 0.0 ], [ -112.727653593813102, 54.564015872871472, 0.0 ], [ -112.727908819154194, 54.56400622220405, 0.0 ], [ -112.728220978529606, 54.563836183961342, 0.0 ], [ -112.728978988972003, 54.563841426152891, 0.0 ], [ -112.729533067482905, 54.563870105880902, 0.0 ], [ -112.730013910791399, 54.563745014470797, 0.0 ], [ -112.730165887017407, 54.563647875516828, 0.0 ], [ -112.730458761231205, 54.563488332297467, 0.0 ], [ -112.730470748014298, 54.563405346080764, 0.0 ], [ -112.730535448477099, 54.562957504670443, 0.0 ], [ -112.730600145638306, 54.562509666745697, 0.0 ], [ -112.730373418416093, 54.562113073770277, 0.0 ], [ -112.730462523392802, 54.562074072369853, 0.0 ], [ -112.730630935568897, 54.562000361344779, 0.0 ], [ -112.731030750649495, 54.562008147597453, 0.0 ], [ -112.7310601237604, 54.561479361908823, 0.0 ], [ -112.731106016438204, 54.561423652493673, 0.0 ], [ -112.731495354364398, 54.561200361238548, 0.0 ], [ -112.731756206030795, 54.561168528936307, 0.0 ], [ -112.732513023373699, 54.561076173017753, 0.0 ], [ -112.732747575824604, 54.560949387787922, 0.0 ], [ -112.733313814967602, 54.560643306290601, 0.0 ], [ -112.7335803628729, 54.56031644443334, 0.0 ], [ -112.733911535833201, 54.559910328221008, 0.0 ], [ -112.733992493261695, 54.559861840511722, 0.0 ], [ -112.734531008468807, 54.55953931198821, 0.0 ], [ -112.734831717117501, 54.559177269234631, 0.0 ], [ -112.735167877258604, 54.558772539908638, 0.0 ], [ -112.735688555867497, 54.558492853947413, 0.0 ], [ -112.736256424036299, 54.558187815675822, 0.0 ], [ -112.736746856845699, 54.557924366105453, 0.0 ], [ -112.737422341857396, 54.55792413241749, 0.0 ], [ -112.738242695469197, 54.557968025880903, 0.0 ], [ -112.738991814028196, 54.557967758424113, 0.0 ], [ -112.739390674493805, 54.557750390245438, 0.0 ], [ -112.739749118749799, 54.557555045546231, 0.0 ], [ -112.739819530119604, 54.557534053474257, 0.0 ], [ -112.739947741300995, 54.557495830909417, 0.0 ], [ -112.740693654064003, 54.55743549470499, 0.0 ], [ -112.740725316667294, 54.557428135509141, 0.0 ], [ -112.740846485512407, 54.557399973971933, 0.0 ], [ -112.74096123612, 54.557330088271527, 0.0 ], [ -112.741167298498397, 54.557325411768858, 0.0 ], [ -112.741702250524199, 54.557313270265418, 0.0 ], [ -112.742487224999095, 54.55731089353614, 0.0 ], [ -112.743290605224203, 54.557322479490928, 0.0 ], [ -112.744086849016995, 54.557347554018307, 0.0 ], [ -112.744850405053299, 54.55738563901015, 0.0 ], [ -112.745199546278798, 54.557634004501601, 0.0 ], [ -112.745573584834503, 54.557865802178974, 0.0 ], [ -112.746343972066995, 54.557925124022503, 0.0 ], [ -112.747119317336001, 54.557894605563689, 0.0 ], [ -112.747488210747804, 54.557658666040517, 0.0 ], [ -112.748305960911793, 54.557700872501911, 0.0 ], [ -112.748571508339893, 54.557702665030249, 0.0 ], [ -112.748668609866399, 54.557616161841317, 0.0 ], [ -112.749038440550294, 54.557528939844538, 0.0 ], [ -112.749754950671502, 54.557359951227554, 0.0 ], [ -112.749905903102501, 54.557270263694093, 0.0 ], [ -112.749886209705593, 54.556821996319051, 0.0 ], [ -112.750232505407595, 54.556669029685118, 0.0 ], [ -112.750241529124096, 54.556583780726953, 0.0 ], [ -112.750289010493205, 54.556135211707058, 0.0 ], [ -112.750273549039804, 54.556113486702763, 0.0 ], [ -112.749978004536601, 54.555698194293278, 0.0 ], [ -112.749978027859498, 54.555516811424617, 0.0 ], [ -112.74989602462, 54.555473236521891, 0.0 ], [ -112.749978038106903, 54.555434953287488, 0.0 ], [ -112.749978049282007, 54.555355157250119, 0.0 ], [ -112.7502735782206, 54.555072493111318, 0.0 ], [ -112.750286532039098, 54.555038006006143, 0.0 ], [ -112.750362817023202, 54.554834878602783, 0.0 ], [ -112.750363157983898, 54.554794966138978, 0.0 ], [ -112.750381088653199, 54.554786224890613, 0.0 ], [ -112.7504514278193, 54.554598927735107, 0.0 ], [ -112.7504962872204, 54.554548991552721, 0.0 ], [ -112.75080383577, 54.554206633314799, 0.0 ], [ -112.750819797099496, 54.553916653021297, 0.0 ], [ -112.751296449097396, 54.553914862910609, 0.0 ], [ -112.751624492374006, 54.553913631070273, 0.0 ], [ -112.752407921375394, 54.553922199729989, 0.0 ], [ -112.752739432482301, 54.55417716371074, 0.0 ], [ -112.753468181970206, 54.554190704076632, 0.0 ], [ -112.753990199258197, 54.554505510737918, 0.0 ], [ -112.7545267793612, 54.554829094569023, 0.0 ], [ -112.755008422694999, 54.555119543253113, 0.0 ], [ -112.755063366462196, 54.555152675156222, 0.0 ], [ -112.755599963603203, 54.555476253455232, 0.0 ], [ -112.755808866895194, 54.555481866656379, 0.0 ], [ -112.756581264481397, 54.555502617128603, 0.0 ], [ -112.756689730681401, 54.55547735444631, 0.0 ], [ -112.756814573088704, 54.555448278449227, 0.0 ], [ -112.756928194725404, 54.555379044892227, 0.0 ], [ -112.757106700664593, 54.555380236794797, 0.0 ], [ -112.757686056988305, 54.555384104838708, 0.0 ], [ -112.758503775635901, 54.555426242959598, 0.0 ], [ -112.758655382785506, 54.555329237503152, 0.0 ], [ -112.758851418808206, 54.555332229250261, 0.0 ], [ -112.758901885214996, 54.555174286307349, 0.0 ], [ -112.758911639167195, 54.555143760687898, 0.0 ], [ -112.758987401706904, 54.555127652663778, 0.0 ], [ -112.759271309015801, 54.554972832686538, 0.0 ], [ -112.759283913567202, 54.554965959106532, 0.0 ], [ -112.759315358816593, 54.554922967358628, 0.0 ], [ -112.759391175687696, 54.554907466216328, 0.0 ], [ -112.759670033805094, 54.554755395344863, 0.0 ], [ -112.759686022989399, 54.554747966608339, 0.0 ], [ -112.759720168001706, 54.554702849380647, 0.0 ], [ -112.759794305050207, 54.554697657844528, 0.0 ], [ -112.760047597530303, 54.554679921084492, 0.0 ], [ -112.760054817232302, 54.554576620811169, 0.0 ], [ -112.7600626135727, 54.554465087396522, 0.0 ], [ -112.760092780226202, 54.554033462932431, 0.0 ], [ -112.760088315409206, 54.553621183814847, 0.0 ], [ -112.760122712172304, 54.553605202845652, 0.0 ], [ -112.760125382451903, 54.553566990973557, 0.0 ], [ -112.760468474915797, 54.553198961087787, 0.0 ], [ -112.760543701092004, 54.552780990328507, 0.0 ], [ -112.760556359525296, 54.552503052652931, 0.0 ], [ -112.760576819775295, 54.552053792085147, 0.0 ], [ -112.760597277941898, 54.551604530551643, 0.0 ], [ -112.760617735521507, 54.551155268979407, 0.0 ], [ -112.760508733213896, 54.550951671153037, 0.0 ], [ -112.760280907063404, 54.550526118536403, 0.0 ], [ -112.760251897495905, 54.550510923676534, 0.0 ], [ -112.760233845584906, 54.550056258121813, 0.0 ], [ -112.760259745639203, 54.549583673380432, 0.0 ], [ -112.760327549508702, 54.549130596978237, 0.0 ], [ -112.760377288241898, 54.549107703951847, 0.0 ], [ -112.760383078676398, 54.549024345941518, 0.0 ], [ -112.7605618285058, 54.548826723458447, 0.0 ], [ -112.760765557216004, 54.54860693432736, 0.0 ], [ -112.7607667084756, 54.548468164049289, 0.0 ], [ -112.761186139830599, 54.548263594969782, 0.0 ], [ -112.761584788103605, 54.548046151279053, 0.0 ], [ -112.761983432138805, 54.54782870622703, 0.0 ], [ -112.762382073481703, 54.547611259842398, 0.0 ], [ -112.762770004934794, 54.547399650993363, 0.0 ], [ -112.762800778261706, 54.546998421384849, 0.0 ], [ -112.762835211458693, 54.546549449417569, 0.0 ], [ -112.762865557787094, 54.546153760497958, 0.0 ], [ -112.762866766082198, 54.545821642244313, 0.0 ], [ -112.762891354249604, 54.545372451195448, 0.0 ], [ -112.763289963434303, 54.545155001408382, 0.0 ], [ -112.763688569927297, 54.544937550288857, 0.0 ], [ -112.764087172134097, 54.544720098706698, 0.0 ], [ -112.764370067249303, 54.544565764839902, 0.0 ], [ -112.764392906927199, 54.544511448900423, 0.0 ], [ -112.764576474385095, 54.544074884760192, 0.0 ], [ -112.764886447147603, 54.54374254683168, 0.0 ], [ -112.764908639502806, 54.543315881639387, 0.0 ], [ -112.764931033257398, 54.542885324404281, 0.0 ], [ -112.764932003906296, 54.542866667614653, 0.0 ], [ -112.764864663393098, 54.542759201929933, 0.0 ], [ -112.764600069634795, 54.542336930623577, 0.0 ], [ -112.7646272255501, 54.541905741961848, 0.0 ], [ -112.764655509670902, 54.541456624224452, 0.0 ], [ -112.764683793229906, 54.541007502850043, 0.0 ], [ -112.764830957810801, 54.540911190330903, 0.0 ], [ -112.764911070109093, 54.540858758510858, 0.0 ], [ -112.765445998238405, 54.540840747214368, 0.0 ], [ -112.765250703248896, 54.540687118734148, 0.0 ], [ -112.764791276955805, 54.540325704449053, 0.0 ], [ -112.7647142444807, 54.540094467668908, 0.0 ], [ -112.764725257218004, 54.539939222887398, 0.0 ], [ -112.764757105056205, 54.539490185291797, 0.0 ], [ -112.7647889536522, 54.53904114678042, 0.0 ], [ -112.7651320013629, 54.538669362505047, 0.0 ], [ -112.765177042028796, 54.538429202150368, 0.0 ], [ -112.765210509103994, 54.538250748765357, 0.0 ], [ -112.765176789344196, 54.537829585911403, 0.0 ], [ -112.764883438605096, 54.537493058751643, 0.0 ], [ -112.764877935126606, 54.537124075483483, 0.0 ], [ -112.7649633353235, 54.536882379706817, 0.0 ], [ -112.765214846602305, 54.536690655071382, 0.0 ], [ -112.765250120340696, 54.536476399057932, 0.0 ], [ -112.765116161206507, 54.536304878223163, 0.0 ], [ -112.764796586844099, 54.535895680492487, 0.0 ], [ -112.764477014251597, 54.535486480069032, 0.0 ], [ -112.764381076428705, 54.535426426536283, 0.0 ], [ -112.763855074456799, 54.535097159534807, 0.0 ], [ -112.763329082442397, 54.534767891234907, 0.0 ], [ -112.762803097344602, 54.534438620681136, 0.0 ], [ -112.762734753330804, 54.534352750393822, 0.0 ], [ -112.762410144148504, 54.533944898786551, 0.0 ], [ -112.762399861074101, 54.533728370418928, 0.0 ], [ -112.762378525077096, 54.533279121087688, 0.0 ], [ -112.762357190907494, 54.532829872653089, 0.0 ], [ -112.762108615818093, 54.532584208611468, 0.0 ], [ -112.762100237080801, 54.532552770633679, 0.0 ], [ -112.761981858254501, 54.532108654835071, 0.0 ], [ -112.761713013388004, 54.531819583390487, 0.0 ], [ -112.761714101721793, 54.531778653212051, 0.0 ], [ -112.761726056765497, 54.531329286048852, 0.0 ], [ -112.761738006725807, 54.530879919663569, 0.0 ], [ -112.761564304158995, 54.530741036946793, 0.0 ], [ -112.761544691257299, 54.530725354321788, 0.0 ], [ -112.7610901366794, 54.530361910884523, 0.0 ], [ -112.761067903538901, 54.530332919536598, 0.0 ], [ -112.760992611093997, 54.530234743875283, 0.0 ], [ -112.760677839793701, 54.52982429927922, 0.0 ], [ -112.760675554109895, 54.529379606265849, 0.0 ], [ -112.760673244121705, 54.528930187871531, 0.0 ], [ -112.760670934046999, 54.528480769446638, 0.0 ], [ -112.760664627953304, 54.52831050218861, 0.0 ], [ -112.760659510076295, 54.528172329438277, 0.0 ], [ -112.760362021950201, 54.528014194799638, 0.0 ], [ -112.759988169676603, 54.527782444533869, 0.0 ], [ -112.759626621537706, 54.527326096919957, 0.0 ], [ -112.759660894663, 54.527307394458909, 0.0 ], [ -112.759689526974796, 54.527120213051049, 0.0 ], [ -112.759983101991594, 54.52683778258789, 0.0 ], [ -112.760023125469999, 54.526670286432299, 0.0 ], [ -112.760058417200298, 54.52652258514366, 0.0 ], [ -112.760044364854295, 54.526191730738077, 0.0 ], [ -112.760472707683107, 54.525992828952788, 0.0 ], [ -112.760562341654605, 54.525532350682951, 0.0 ], [ -112.760123470256801, 54.52531188647103, 0.0 ], [ -112.760148068499504, 54.524862692905813, 0.0 ], [ -112.759388121268103, 54.524623786451492, 0.0 ], [ -112.759786544960406, 54.524406346718493, 0.0 ], [ -112.760184964519595, 54.524188903828481, 0.0 ], [ -112.760583379797893, 54.523971460476687, 0.0 ], [ -112.760981790795597, 54.523754016663077, 0.0 ], [ -112.761380197660202, 54.523536569692602, 0.0 ], [ -112.761778601739394, 54.523319123187377, 0.0 ], [ -112.761854941297599, 54.523321737989342, 0.0 ], [ -112.761933493378606, 54.523279958554937, 0.0 ], [ -112.761990999079003, 54.523274978067732, 0.0 ], [ -112.762755189245695, 54.523208801112439, 0.0 ], [ -112.762847428242793, 54.523178050654991, 0.0 ], [ -112.7629787482566, 54.52313427215875, 0.0 ], [ -112.7633230478488, 54.523347707488767, 0.0 ], [ -112.764114675176103, 54.523399821186644, 0.0 ], [ -112.764493657096097, 54.523144534783697, 0.0 ], [ -112.765286647039005, 54.523171686278339, 0.0 ], [ -112.765664256496706, 54.522941351554827, 0.0 ], [ -112.7664572434945, 54.522968495342049, 0.0 ], [ -112.766834844554694, 54.522738156875427, 0.0 ], [ -112.767233210746895, 54.522520691095693, 0.0 ], [ -112.767631572658999, 54.522303224854546, 0.0 ], [ -112.768029930437905, 54.522085755456928, 0.0 ], [ -112.768428283887602, 54.521868286496421, 0.0 ], [ -112.768826633204398, 54.52165081437947, 0.0 ], [ -112.769224978240999, 54.521433341801277, 0.0 ], [ -112.769623320591094, 54.521215867892003, 0.0 ], [ -112.770021655621605, 54.520998392566163, 0.0 ], [ -112.770419987965496, 54.520780915909292, 0.0 ], [ -112.770818316078703, 54.520563437892918, 0.0 ], [ -112.771093145670406, 54.520413385098252, 0.0 ], [ -112.771216641505404, 54.520345958545562, 0.0 ], [ -112.771614959612705, 54.520128477781803, 0.0 ], [ -112.772013274984801, 54.51991099658553, 0.0 ], [ -112.772411586224194, 54.519693512233097, 0.0 ], [ -112.772809894728297, 54.519476027448142, 0.0 ], [ -112.773208195913398, 54.519258541246977, 0.0 ], [ -112.773250914472001, 54.519257311016737, 0.0 ], [ -112.773948887310695, 54.519237211980183, 0.0 ], [ -112.774745684065195, 54.51923689239355, 0.0 ], [ -112.775552835629398, 54.519256743113573, 0.0 ], [ -112.7763245853629, 54.519295922252681, 0.0 ], [ -112.776670679960901, 54.519547095722551, 0.0 ], [ -112.777091754635194, 54.519343720087377, 0.0 ], [ -112.777055334479101, 54.51894854170515, 0.0 ], [ -112.777046371598303, 54.51885127199786, 0.0 ], [ -112.777117776164303, 54.5184312000166, 0.0 ], [ -112.777164088967197, 54.518432052519813, 0.0 ], [ -112.777216408735001, 54.518183575508928, 0.0 ], [ -112.7776064593032, 54.517967505244187, 0.0 ], [ -112.778165913656196, 54.517657588271163, 0.0 ], [ -112.778725356451801, 54.517347668558287, 0.0 ], [ -112.778739146875495, 54.517340027955903, 0.0 ], [ -112.778721441440098, 54.517103452657423, 0.0 ], [ -112.778759605638399, 54.516662791155547, 0.0 ], [ -112.779157849433204, 54.516445285632742, 0.0 ], [ -112.779872392952001, 54.516458410090891, 0.0 ], [ -112.779889566078893, 54.516294208648283, 0.0 ], [ -112.7796111132226, 54.515987245362361, 0.0 ], [ -112.779250571301205, 54.515589778280251, 0.0 ], [ -112.779206662270198, 54.51529817942049, 0.0 ], [ -112.779308553518305, 54.515074687252579, 0.0 ], [ -112.779551373417206, 54.514942047723089, 0.0 ], [ -112.780114513601006, 54.514634424551872, 0.0 ], [ -112.780618420018001, 54.514626625880346, 0.0 ], [ -112.781119827579005, 54.514801325120708, 0.0 ], [ -112.781782545760905, 54.515032221554478, 0.0 ], [ -112.782216892459701, 54.515071998332047, 0.0 ], [ -112.782979961979805, 54.515141877008908, 0.0 ], [ -112.783197019496598, 54.515278729261368, 0.0 ], [ -112.783720880088694, 54.515609013130963, 0.0 ], [ -112.783759508474105, 54.515713954836727, 0.0 ], [ -112.783921278071901, 54.51615341325256, 0.0 ], [ -112.784097099458293, 54.516182484745222, 0.0 ], [ -112.784840162141194, 54.516305340654519, 0.0 ], [ -112.785364199216403, 54.516621849475342, 0.0 ], [ -112.785900121904902, 54.516945527862852, 0.0 ], [ -112.786436054563396, 54.517269204863887, 0.0 ], [ -112.786971994152097, 54.517592879523413, 0.0 ], [ -112.787484194597099, 54.517610740945187, 0.0 ], [ -112.7882553228185, 54.517637626596482, 0.0 ], [ -112.789026450643703, 54.517664507309767, 0.0 ], [ -112.789797579665304, 54.517691382214913, 0.0 ], [ -112.790476197203503, 54.517863552344522, 0.0 ], [ -112.790671515992599, 54.517787662569617, 0.0 ], [ -112.791313924835706, 54.517538053131219, 0.0 ], [ -112.791387697169, 54.517581895221589, 0.0 ], [ -112.791750076241499, 54.517797245500958, 0.0 ], [ -112.7922904945585, 54.518118395153927, 0.0 ], [ -112.792845767176502, 54.518281689345628, 0.0 ], [ -112.792949962136007, 54.518413997010597, 0.0 ], [ -112.793198518804104, 54.518535611607518, 0.0 ], [ -112.793789749075898, 54.518824887452453, 0.0 ], [ -112.793987072228504, 54.518812995483067, 0.0 ], [ -112.794066486180299, 54.518718525379057, 0.0 ], [ -112.794282217423202, 54.518461891397799, 0.0 ], [ -112.794621593988893, 54.518058157696167, 0.0 ], [ -112.794703078165995, 54.518008649931637, 0.0 ], [ -112.795237343261107, 54.517684035316073, 0.0 ], [ -112.795288132222296, 54.517472346790882, 0.0 ], [ -112.795316553619799, 54.517353885367598, 0.0 ], [ -112.795319312889504, 54.51717355863569, 0.0 ], [ -112.795364941957899, 54.517152193607359, 0.0 ], [ -112.795394920139003, 54.517027236201073, 0.0 ], [ -112.795665650297707, 54.516788760431623, 0.0 ], [ -112.795677856265698, 54.516755493417662, 0.0 ], [ -112.795749151300896, 54.516561178822073, 0.0 ], [ -112.795749517832405, 54.516511651667408, 0.0 ], [ -112.795771211369498, 54.516501052504978, 0.0 ], [ -112.795839117669104, 54.516315969337533, 0.0 ], [ -112.795916631441301, 54.516231780082848, 0.0 ], [ -112.796188395871397, 54.515936607372993, 0.0 ], [ -112.796192641480303, 54.51585775222015, 0.0 ], [ -112.796520324790194, 54.515704432564149, 0.0 ], [ -112.796645005706097, 54.515635984086231, 0.0 ], [ -112.796216835325794, 54.515408547867239, 0.0 ], [ -112.796241028505094, 54.514959343473457, 0.0 ], [ -112.795867087186494, 54.514727703826139, 0.0 ], [ -112.795493147105901, 54.514496061199893, 0.0 ], [ -112.795517347411803, 54.514046856956469, 0.0 ], [ -112.7951212998085, 54.513827301963147, 0.0 ], [ -112.795167622032395, 54.513366010066193, 0.0 ], [ -112.794713781354702, 54.513123541302491, 0.0 ], [ -112.795176244335295, 54.512907154629303, 0.0 ], [ -112.795589944331695, 54.512699243980911, 0.0 ], [ -112.795988061076798, 54.512481680795581, 0.0 ], [ -112.796760097210907, 54.512495756025487, 0.0 ], [ -112.797158205831195, 54.512278188903338, 0.0 ], [ -112.797556311814901, 54.512060619553218, 0.0 ], [ -112.797954410433306, 54.511843049687577, 0.0 ], [ -112.798726435593395, 54.511857111356157, 0.0 ], [ -112.799124527582606, 54.511639538480559, 0.0 ], [ -112.799522615439699, 54.511421962450569, 0.0 ], [ -112.799839415156995, 54.511419322585162, 0.0 ], [ -112.799848471009696, 54.511396746153963, 0.0 ], [ -112.800024027699195, 54.510959083973937, 0.0 ], [ -112.800098263997498, 54.510916706161893, 0.0 ], [ -112.800649614178695, 54.510601964979841, 0.0 ], [ -112.801200957377603, 54.510287222115608, 0.0 ], [ -112.801614137863993, 54.510115753447721, 0.0 ], [ -112.801784393584896, 54.510116171728527, 0.0 ], [ -112.801970141922595, 54.510201152991343, 0.0 ], [ -112.802267025617496, 54.510336978028221, 0.0 ], [ -112.802284989605099, 54.510348105121821, 0.0 ], [ -112.802631409544801, 54.510594769912153, 0.0 ], [ -112.803404396044002, 54.510608263601313, 0.0 ], [ -112.804212765299098, 54.510602411974673, 0.0 ], [ -112.805009341126905, 54.510603000924398, 0.0 ], [ -112.805746948984805, 54.510635822982238, 0.0 ], [ -112.806108872855901, 54.511092037180127, 0.0 ], [ -112.806880886578497, 54.511106045737257, 0.0 ], [ -112.807278928578597, 54.510888444615532, 0.0 ], [ -112.807315463845796, 54.510868471375773, 0.0 ], [ -112.807269994798403, 54.51080581412932, 0.0 ], [ -112.807510575930806, 54.510761806230811, 0.0 ], [ -112.807676966301798, 54.510670843035122, 0.0 ], [ -112.807998502950497, 54.510495059252143, 0.0 ], [ -112.808074999892696, 54.510453238300798, 0.0 ], [ -112.808015885375696, 54.51041662821082, 0.0 ], [ -112.808067399270698, 54.510184178827899, 0.0 ], [ -112.808061661728701, 54.509980869589832, 0.0 ], [ -112.808123116566307, 54.509554821590307, 0.0 ], [ -112.808521138305395, 54.509337216153803, 0.0 ], [ -112.808799882115196, 54.509184818377257, 0.0 ], [ -112.8090210629192, 54.508872291431693, 0.0 ], [ -112.809397453123594, 54.508637693807152, 0.0 ], [ -112.809816075046101, 54.508431840756607, 0.0 ], [ -112.810175716298104, 54.508402184718797, 0.0 ], [ -112.810531960690298, 54.508510870253453, 0.0 ], [ -112.811191887080298, 54.508712198945169, 0.0 ], [ -112.811215996715205, 54.508719553755263, 0.0 ], [ -112.8113238825743, 54.508752467126172, 0.0 ], [ -112.811633093202104, 54.508943952229643, 0.0 ], [ -112.812007074573103, 54.509175545468793, 0.0 ], [ -112.812378779300801, 54.509182272379867, 0.0 ], [ -112.812608590364604, 54.509304214765557, 0.0 ], [ -112.812981875455804, 54.509315112329453, 0.0 ], [ -112.813153046954099, 54.509421104939598, 0.0 ], [ -112.813305060851903, 54.509324545753749, 0.0 ], [ -112.813810354954299, 54.509339293749349, 0.0 ], [ -112.814581745385297, 54.509361805119667, 0.0 ], [ -112.815353135302203, 54.509384310648542, 0.0 ], [ -112.815531250840806, 54.50942926386854, 0.0 ], [ -112.816239834350597, 54.509608096631098, 0.0 ], [ -112.816512816736804, 54.509620100993622, 0.0 ], [ -112.817282985202496, 54.509653965156041, 0.0 ], [ -112.818053156619101, 54.509687824450637, 0.0 ], [ -112.818823326354206, 54.509721678793753, 0.0 ], [ -112.819041958346403, 54.50985758696978, 0.0 ], [ -112.819569785413293, 54.510185695313879, 0.0 ], [ -112.819638176802599, 54.510271965552022, 0.0 ], [ -112.819961697397602, 54.510680067978683, 0.0 ], [ -112.819966906360804, 54.510854313313359, 0.0 ], [ -112.819980337230206, 54.511303672848463, 0.0 ], [ -112.820000340455607, 54.511761001653852, 0.0 ], [ -112.820334448915105, 54.512166208354351, 0.0 ], [ -112.820631165961203, 54.512226855460753, 0.0 ], [ -112.820688200922405, 54.512265043166842, 0.0 ], [ -112.8211948627184, 54.512604275884087, 0.0 ], [ -112.821315288648293, 54.512612371848768, 0.0 ], [ -112.822082607668804, 54.512663953080619, 0.0 ], [ -112.822368410770594, 54.512841485372917, 0.0 ], [ -112.822614727580003, 54.512881768913758, 0.0 ], [ -112.8231610112678, 54.512890811889022, 0.0 ], [ -112.823933127445997, 54.512903587966441, 0.0 ], [ -112.824705242599904, 54.512916360885441, 0.0 ], [ -112.825056542130795, 54.51273661638438, 0.0 ], [ -112.825328867489404, 54.512705806182858, 0.0 ], [ -112.8253370572736, 54.512490846215513, 0.0 ], [ -112.825354173572507, 54.512041529334986, 0.0 ], [ -112.825371291001801, 54.511592210648331, 0.0 ], [ -112.825090264451006, 54.511255242611817, 0.0 ], [ -112.825035738426905, 54.511012466066063, 0.0 ], [ -112.825044986662803, 54.510860722412573, 0.0 ], [ -112.825072361074803, 54.51041157743083, 0.0 ], [ -112.825099733304398, 54.509962430581588, 0.0 ], [ -112.825127107792497, 54.509513285541921, 0.0 ], [ -112.825154478506505, 54.509064139505369, 0.0 ], [ -112.825181850030702, 54.50861499345374, 0.0 ], [ -112.825209217733104, 54.508165847303722, 0.0 ], [ -112.825360367342199, 54.508027418387847, 0.0 ], [ -112.825856802015593, 54.507928741099747, 0.0 ], [ -112.826280784898401, 54.507727215099877, 0.0 ], [ -112.826348431843101, 54.507689409794871, 0.0 ], [ -112.826905468787899, 54.507378099155083, 0.0 ], [ -112.827462497264705, 54.507066785855663, 0.0 ], [ -112.827467669046797, 54.507033285090607, 0.0 ], [ -112.827536776064306, 54.506585659444163, 0.0 ], [ -112.827605882982994, 54.506138033741109, 0.0 ], [ -112.827674985123707, 54.505690408796752, 0.0 ], [ -112.828186476157299, 54.505386675037528, 0.0 ], [ -112.828727016225997, 54.505065684819158, 0.0 ], [ -112.828823080564206, 54.50489310458903, 0.0 ], [ -112.828824665389902, 54.504858359471783, 0.0 ], [ -112.828845156654396, 54.504409089109473, 0.0 ], [ -112.828865648879798, 54.503959818736107, 0.0 ], [ -112.828886139026196, 54.503510547397823, 0.0 ], [ -112.8289066315821, 54.503061277873059, 0.0 ], [ -112.828629880306394, 54.502729995849741, 0.0 ], [ -112.828292229550996, 54.502325805502842, 0.0 ], [ -112.828217158568293, 54.501966305028461, 0.0 ], [ -112.827955301339898, 54.501852959403017, 0.0 ], [ -112.8279283530794, 54.501781498033758, 0.0 ], [ -112.827762814446203, 54.501342516529469, 0.0 ], [ -112.827686545380104, 54.501291529411823, 0.0 ], [ -112.8271795029072, 54.500952558573843, 0.0 ], [ -112.827139514141905, 54.500901707131163, 0.0 ], [ -112.826818137215895, 54.500493049436997, 0.0 ], [ -112.826808478322903, 54.500457164184567, 0.0 ], [ -112.826688946429002, 54.500013152946963, 0.0 ], [ -112.826492755316195, 54.499830018422522, 0.0 ], [ -112.826534900515199, 54.499728013014177, 0.0 ], [ -112.827086532749206, 54.499413524902792, 0.0 ], [ -112.827171387841204, 54.499324976981171, 0.0 ], [ -112.827547516436297, 54.498932471259799, 0.0 ], [ -112.827549073915307, 54.498904020638761, 0.0 ], [ -112.827573663596198, 54.498454819186009, 0.0 ], [ -112.827457522005304, 54.498381593408112, 0.0 ], [ -112.826933763600195, 54.498051363809239, 0.0 ], [ -112.826410012041606, 54.497721132871753, 0.0 ], [ -112.8257830366381, 54.497548009663312, 0.0 ], [ -112.8250854221277, 54.497355376217691, 0.0 ], [ -112.825053269927096, 54.497327726358819, 0.0 ], [ -112.824620456951493, 54.496955543532323, 0.0 ], [ -112.824101143101302, 54.496982878702852, 0.0 ], [ -112.823603520754901, 54.497137838015107, 0.0 ], [ -112.823000243980999, 54.497146020507287, 0.0 ], [ -112.822228324515606, 54.497156486850038, 0.0 ], [ -112.8216525167188, 54.497323154436224, 0.0 ], [ -112.821045749654999, 54.497337024227058, 0.0 ], [ -112.820274210641301, 54.497354655904189, 0.0 ], [ -112.819804810806204, 54.497490771329872, 0.0 ], [ -112.819628465884406, 54.497437852190437, 0.0 ], [ -112.819644157604898, 54.497007819380578, 0.0 ], [ -112.819660553344605, 54.496558492417137, 0.0 ], [ -112.819681561298097, 54.496536076245569, 0.0 ], [ -112.820051304807905, 54.496141529350737, 0.0 ], [ -112.820421042615806, 54.495746982161442, 0.0 ], [ -112.8204440910297, 54.495364523875352, 0.0 ], [ -112.820471158325404, 54.494915372151219, 0.0 ], [ -112.820498223398303, 54.49446621945814, 0.0 ], [ -112.820525289287502, 54.494017066750203, 0.0 ], [ -112.820442898896601, 54.493789477167702, 0.0 ], [ -112.820149645051899, 54.4936022771276, 0.0 ], [ -112.819629428359306, 54.493270189048793, 0.0 ], [ -112.819109220091505, 54.492938098791171, 0.0 ], [ -112.819081424546596, 54.492723827126731, 0.0 ], [ -112.819023289860397, 54.492275675605207, 0.0 ], [ -112.818776008398302, 54.492027356837824, 0.0 ], [ -112.818766732097799, 54.491993329361613, 0.0 ], [ -112.818645718657294, 54.491549456361163, 0.0 ], [ -112.818451626065098, 54.491358729674488, 0.0 ], [ -112.818809433225894, 54.490960485476357, 0.0 ], [ -112.819167231856298, 54.490562239204088, 0.0 ], [ -112.818707859685901, 54.49055089532002, 0.0 ], [ -112.817936548021393, 54.490531842924447, 0.0 ], [ -112.817165238703396, 54.490512786538822, 0.0 ], [ -112.816913147503996, 54.490390636245699, 0.0 ], [ -112.816873768027804, 54.490371553256509, 0.0 ], [ -112.816907059063894, 54.489923857667179, 0.0 ], [ -112.816951822417906, 54.489463254044693, 0.0 ], [ -112.816994393689896, 54.489003849107952, 0.0 ], [ -112.817021622680599, 54.488552838842118, 0.0 ], [ -112.817020361567401, 54.488117414783382, 0.0 ], [ -112.816619147212606, 54.487900826857903, 0.0 ], [ -112.816245330328002, 54.487669249574317, 0.0 ], [ -112.816291377061802, 54.487207947965658, 0.0 ], [ -112.815909801070802, 54.486996403122177, 0.0 ], [ -112.815895471966002, 54.486988459698964, 0.0 ], [ -112.815855790963695, 54.486525606895768, 0.0 ], [ -112.816317175085402, 54.486321611991201, 0.0 ], [ -112.8167149233321, 54.486103976287502, 0.0 ], [ -112.817112667356398, 54.485886339228351, 0.0 ], [ -112.817213280131696, 54.485447505196511, 0.0 ], [ -112.817212934549403, 54.484970874018117, 0.0 ], [ -112.816786748503802, 54.484756337931863, 0.0 ], [ -112.816810690453096, 54.484307125093054, 0.0 ], [ -112.816834628657702, 54.483857912157738, 0.0 ], [ -112.816430408207907, 54.483642992725173, 0.0 ], [ -112.816472614829095, 54.483183785142849, 0.0 ], [ -112.8165391683048, 54.48271125561503, 0.0 ], [ -112.816532673775697, 54.482278697041473, 0.0 ], [ -112.816143152178896, 54.482055741594507, 0.0 ], [ -112.816144162319503, 54.48161908109428, 0.0 ], [ -112.8161551738295, 54.481176944781573, 0.0 ], [ -112.816174474500997, 54.480730272945337, 0.0 ], [ -112.816200344482496, 54.480280005735047, 0.0 ], [ -112.816231075132904, 54.479827077207553, 0.0 ], [ -112.816264949790806, 54.479372428469539, 0.0 ], [ -112.816300250427005, 54.478916998805687, 0.0 ], [ -112.816335265359598, 54.478461725818079, 0.0 ], [ -112.816368278406301, 54.478007546129767, 0.0 ], [ -112.816410297927803, 54.477330382507091, 0.0 ], [ -112.816423360540696, 54.476874433009137, 0.0 ], [ -112.816425553744807, 54.476411745601879, 0.0 ], [ -112.816433183500905, 54.475952427139127, 0.0 ], [ -112.816462558245505, 54.475506582724307, 0.0 ], [ -112.816529979701201, 54.475084315525301, 0.0 ], [ -112.816950776719906, 54.474881031624562, 0.0 ], [ -112.816982431845702, 54.474436603291537, 0.0 ], [ -112.816983194728493, 54.473973035599997, 0.0 ], [ -112.816977785698398, 54.473505640488369, 0.0 ], [ -112.816990905584007, 54.473049727753747, 0.0 ], [ -112.817047260249893, 54.472620609079513, 0.0 ], [ -112.817468029123006, 54.472417323043089, 0.0 ], [ -112.817499674471705, 54.47197289430833, 0.0 ], [ -112.817499741977798, 54.471932222336598, 0.0 ], [ -112.817486504842705, 54.471920392240932, 0.0 ], [ -112.817499789437207, 54.471901988088078, 0.0 ], [ -112.817500432195601, 54.471509327309057, 0.0 ], [ -112.817495016780001, 54.471041932889783, 0.0 ], [ -112.817508127933294, 54.470586018040457, 0.0 ], [ -112.817564474596594, 54.47015689980681, 0.0 ], [ -112.817926370459205, 54.46998726963551, 0.0 ], [ -112.817918827087198, 54.469883290296231, 0.0 ], [ -112.817910679356004, 54.469770971691531, 0.0 ], [ -112.817640016217993, 54.469482892978533, 0.0 ], [ -112.817620237654396, 54.469317151305418, 0.0 ], [ -112.817612598220805, 54.469253123965743, 0.0 ], [ -112.817566733320703, 54.468868803811951, 0.0 ], [ -112.817341822618005, 54.468647598450481, 0.0 ], [ -112.817317471918301, 54.468623647416258, 0.0 ], [ -112.817262859324003, 54.468380961435876, 0.0 ], [ -112.817287319376803, 54.467934260577117, 0.0 ], [ -112.817311915034395, 54.467485058508203, 0.0 ], [ -112.817336509971497, 54.46703585729658, 0.0 ], [ -112.817361107368299, 54.466586655201098, 0.0 ], [ -112.817385699465405, 54.466137452980867, 0.0 ], [ -112.817495110279793, 54.465960348860527, 0.0 ], [ -112.817599183318407, 54.465791883053633, 0.0 ], [ -112.817724185429398, 54.465589535748869, 0.0 ], [ -112.817430010796699, 54.465433183457037, 0.0 ], [ -112.817428686908698, 54.464997786542853, 0.0 ], [ -112.817461584481293, 54.464786930064193, 0.0 ], [ -112.817459178298606, 54.464638453752741, 0.0 ], [ -112.817451889229304, 54.464189043252247, 0.0 ], [ -112.817255083264996, 54.463953923124791, 0.0 ], [ -112.817098334992394, 54.463870289407502, 0.0 ], [ -112.817137408531906, 54.463644929254428, 0.0 ], [ -112.817129923664297, 54.463597511860897, 0.0 ], [ -112.817089101224397, 54.463338923422278, 0.0 ], [ -112.816778468836901, 54.463173177390331, 0.0 ], [ -112.816428229402803, 54.462928814233727, 0.0 ], [ -112.815668156423399, 54.462908827979952, 0.0 ], [ -112.814877508071405, 54.46290557732074, 0.0 ], [ -112.814076668678297, 54.462907904255808, 0.0 ], [ -112.813286019163897, 54.4629046440525, 0.0 ], [ -112.812525948607401, 54.462884639843963, 0.0 ], [ -112.812310594064598, 54.46273436290921, 0.0 ], [ -112.812254831795201, 54.462727487893908, 0.0 ], [ -112.811922610183402, 54.462521357329443, 0.0 ], [ -112.811394551901003, 54.4621937094659, 0.0 ], [ -112.810866498918003, 54.461866060198169, 0.0 ], [ -112.810338455956497, 54.461538407813308, 0.0 ], [ -112.809810419836296, 54.461210754052388, 0.0 ], [ -112.809282393737305, 54.460883097174502, 0.0 ], [ -112.808754376021298, 54.460555438948667, 0.0 ], [ -112.808748931647898, 54.460553966069462, 0.0 ], [ -112.808058647998394, 54.460533222525598, 0.0 ], [ -112.807239877418994, 54.460545343089137, 0.0 ], [ -112.807019575167502, 54.460384805434323, 0.0 ], [ -112.806979829145703, 54.460382138723773, 0.0 ], [ -112.806830755745594, 54.460288695235228, 0.0 ], [ -112.806305585972098, 54.459959490478113, 0.0 ], [ -112.805780421393607, 54.459630286138633, 0.0 ], [ -112.805363886850202, 54.459369169259404, 0.0 ], [ -112.805255268466496, 54.45930107693836, 0.0 ], [ -112.8047301208302, 54.458971866359043, 0.0 ], [ -112.8047940036017, 54.458889970047572, 0.0 ], [ -112.804857445144407, 54.45880864123545, 0.0 ], [ -112.8050766765205, 54.458527588354961, 0.0 ], [ -112.805078729299396, 54.458239866982943, 0.0 ], [ -112.805476259640699, 54.458022266255227, 0.0 ], [ -112.805873785863199, 54.457804662376027, 0.0 ], [ -112.806271307822598, 54.457587058040623, 0.0 ], [ -112.806668825567201, 54.457369452350569, 0.0 ], [ -112.807066339096906, 54.457151845305951, 0.0 ], [ -112.807443098819704, 54.456921370864123, 0.0 ], [ -112.808234846416994, 54.456948228455957, 0.0 ], [ -112.808590846377598, 54.456704884407927, 0.0 ], [ -112.809403339329293, 54.456744600132787, 0.0 ], [ -112.810174333179901, 54.456758580146918, 0.0 ], [ -112.810198321299495, 54.456309367167592, 0.0 ], [ -112.810229519230006, 54.45629228673937, 0.0 ], [ -112.810273309110698, 54.455872694868823, 0.0 ], [ -112.810817610565607, 54.455568565076092, 0.0 ], [ -112.811374325515004, 54.455257490416187, 0.0 ], [ -112.811413217343102, 54.455235759444143, 0.0 ], [ -112.811414738039005, 54.455207293714437, 0.0 ], [ -112.811812204044799, 54.454989669626457, 0.0 ], [ -112.812209667330393, 54.454772045110637, 0.0 ], [ -112.812514957608201, 54.454604885930017, 0.0 ], [ -112.812676215677001, 54.454424535954907, 0.0 ], [ -112.813020431920705, 54.454039555197198, 0.0 ], [ -112.813028536252602, 54.453887578007517, 0.0 ], [ -112.813255814126407, 54.453776295087067, 0.0 ], [ -112.813388966142796, 54.453627371161339, 0.0 ], [ -112.813414857865098, 54.453303355174349, 0.0 ], [ -112.813450730753104, 54.452854410756572, 0.0 ], [ -112.813486604264, 54.452405466317657, 0.0 ], [ -112.813459326793406, 54.452298431203467, 0.0 ], [ -112.813124349640503, 54.452090721563657, 0.0 ], [ -112.812750873742601, 54.451859135387103, 0.0 ], [ -112.812377402010299, 54.451627548984973, 0.0 ], [ -112.812003936129003, 54.451395959689897, 0.0 ], [ -112.8116304728713, 54.451164370141377, 0.0 ], [ -112.811257012285097, 54.45093277944099, 0.0 ], [ -112.810883557405901, 54.450701188543071, 0.0 ], [ -112.810688935379304, 54.450580494524083, 0.0 ], [ -112.810583698342199, 54.450553517352908, 0.0 ], [ -112.810481021473706, 54.450485521026373, 0.0 ], [ -112.810210292543402, 54.450306225267468, 0.0 ], [ -112.810273772648202, 54.450214463482517, 0.0 ], [ -112.810562125842296, 54.449797626508797, 0.0 ], [ -112.810850474524699, 54.449380790590411, 0.0 ], [ -112.810662283663305, 54.449221140373503, 0.0 ], [ -112.810225617881102, 54.448850688562288, 0.0 ], [ -112.810233505213304, 54.448720574728974, 0.0 ], [ -112.810260733640803, 54.448271424512079, 0.0 ], [ -112.810287962927703, 54.447822273381881, 0.0 ], [ -112.810315191436302, 54.447373123107312, 0.0 ], [ -112.810342419310601, 54.446923970993048, 0.0 ], [ -112.810453484388503, 54.44680136616072, 0.0 ], [ -112.810813512600404, 54.446403920873188, 0.0 ], [ -112.811272217765605, 54.446152941620568, 0.0 ], [ -112.811834432411999, 54.445845323220667, 0.0 ], [ -112.812396640272496, 54.445537700342122, 0.0 ], [ -112.812958839662002, 54.44523007565239, 0.0 ], [ -112.813079211295801, 54.445037928028952, 0.0 ], [ -112.812979374382095, 54.44484183983819, 0.0 ], [ -112.812767242511597, 54.444710393680282, 0.0 ], [ -112.812238919738604, 54.44438301260567, 0.0 ], [ -112.811710606834893, 54.444055631106359, 0.0 ], [ -112.811642178594397, 54.443970481488947, 0.0 ], [ -112.811315102305599, 54.443563481826473, 0.0 ], [ -112.811315942248996, 54.44320695990546, 0.0 ], [ -112.811317000046898, 54.442757527425663, 0.0 ], [ -112.811318057591507, 54.442308096711287, 0.0 ], [ -112.810795412312004, 54.442266428571948, 0.0 ], [ -112.810643181637204, 54.442221610783172, 0.0 ], [ -112.809954916318105, 54.44201897049976, 0.0 ], [ -112.809763635107799, 54.441920206847762, 0.0 ], [ -112.8091864530207, 54.441622189756792, 0.0 ], [ -112.808453186276296, 54.441536328312218, 0.0 ], [ -112.8082920862485, 54.441436394064397, 0.0 ], [ -112.807918733381399, 54.441204793718811, 0.0 ], [ -112.8075473849632, 54.440935758402837, 0.0 ], [ -112.807148034338098, 54.441190802920779, 0.0 ], [ -112.8064683605987, 54.44121799181061, 0.0 ], [ -112.806374932786795, 54.441221728479711, 0.0 ], [ -112.805606635149005, 54.441162806528958, 0.0 ], [ -112.805233298573199, 54.440931198008037, 0.0 ], [ -112.804833476467905, 54.440714095504809, 0.0 ], [ -112.804415999759001, 54.440506663693398, 0.0 ], [ -112.804510677101007, 54.44001876516365, 0.0 ], [ -112.804913956561506, 54.439804840195023, 0.0 ], [ -112.805678704600098, 54.439815168056732, 0.0 ], [ -112.805688274760897, 54.439754497186208, 0.0 ], [ -112.805745391610799, 54.439392425088862, 0.0 ], [ -112.805726748626398, 54.438916742223107, 0.0 ], [ -112.806152084480303, 54.438716506510147, 0.0 ], [ -112.806120105084801, 54.438232552495691, 0.0 ], [ -112.806545430332804, 54.438032315264508, 0.0 ], [ -112.806569441615395, 54.437583101974226, 0.0 ], [ -112.806409768080499, 54.437484038926733, 0.0 ], [ -112.8066759059801, 54.437187745122117, 0.0 ], [ -112.807033535538494, 54.436789588454147, 0.0 ], [ -112.807126872757195, 54.43668567412643, 0.0 ], [ -112.807391158080506, 54.43639143063816, 0.0 ], [ -112.8071667381341, 54.436325307024411, 0.0 ], [ -112.807047287442003, 54.436191927635811, 0.0 ], [ -112.806690495077206, 54.4357935194041, 0.0 ], [ -112.806700123116499, 54.435615446903363, 0.0 ], [ -112.806724404898105, 54.435166238368012, 0.0 ], [ -112.8067486875551, 54.434717029819652, 0.0 ], [ -112.806772969546202, 54.434267821230328, 0.0 ], [ -112.806952270820901, 54.434164889078843, 0.0 ], [ -112.807501572144005, 54.433849538858098, 0.0 ], [ -112.808050866473096, 54.433534187869881, 0.0 ], [ -112.808600150870106, 54.433218833363071, 0.0 ], [ -112.808550016208997, 54.433089177253933, 0.0 ], [ -112.808380486330506, 54.43265074735087, 0.0 ], [ -112.808463440500503, 54.432521597228671, 0.0 ], [ -112.808733775967099, 54.432100703640437, 0.0 ], [ -112.808439834592093, 54.43172594648626, 0.0 ], [ -112.808448099284604, 54.431603602030393, 0.0 ], [ -112.808478441523505, 54.431154518349402, 0.0 ], [ -112.808607725891903, 54.431071920291842, 0.0 ], [ -112.8091273477702, 54.430739936860483, 0.0 ], [ -112.809351500531605, 54.430452255400269, 0.0 ], [ -112.810026601625907, 54.430368983943232, 0.0 ], [ -112.810481194607107, 54.430013125290337, 0.0 ], [ -112.811128017461797, 54.429870462421377, 0.0 ], [ -112.811693823635196, 54.429565228521597, 0.0 ], [ -112.812259622945405, 54.429259991906243, 0.0 ], [ -112.812385058996995, 54.429105731503682, 0.0 ], [ -112.812389249098104, 54.429022910050577, 0.0 ], [ -112.812411964947202, 54.428573673066332, 0.0 ], [ -112.812434681705994, 54.428124436069943, 0.0 ], [ -112.812457397881502, 54.427675198135049, 0.0 ], [ -112.812476431827093, 54.427298755568799, 0.0 ], [ -112.812141354580703, 54.427117415240097, 0.0 ], [ -112.812161392716305, 54.426741422528117, 0.0 ], [ -112.812134665037206, 54.426649194470087, 0.0 ], [ -112.812067194782003, 54.426416379982463, 0.0 ], [ -112.811874523608495, 54.426261549345249, 0.0 ], [ -112.811421858734903, 54.425897783633353, 0.0 ], [ -112.810639429176405, 54.42588418899301, 0.0 ], [ -112.809868983727796, 54.425870798542888, 0.0 ], [ -112.809594373319499, 54.425801112003697, 0.0 ], [ -112.809515135199803, 54.425681932905761, 0.0 ], [ -112.809556920889193, 54.425336962303859, 0.0 ], [ -112.809867010981606, 54.42505487669343, 0.0 ], [ -112.809905998200804, 54.424887310444788, 0.0 ], [ -112.810009616687907, 54.424441957181429, 0.0 ], [ -112.810024293193194, 54.424424025130243, 0.0 ], [ -112.810130335647898, 54.424294468882373, 0.0 ], [ -112.810356281235599, 54.424018420945877, 0.0 ], [ -112.810383042754594, 54.423569831867042, 0.0 ], [ -112.810409838697495, 54.423120670528967, 0.0 ], [ -112.8104366338722, 54.422671510046783, 0.0 ], [ -112.810457180566004, 54.422327104502997, 0.0 ], [ -112.810093627490403, 54.422134148691669, 0.0 ], [ -112.8101175859656, 54.421684932248183, 0.0 ], [ -112.810141543734503, 54.421235716662288, 0.0 ], [ -112.8097948359367, 54.420989615416708, 0.0 ], [ -112.809430483322998, 54.420753184243878, 0.0 ], [ -112.808624864220505, 54.420758550164713, 0.0 ], [ -112.808647183174102, 54.420340363179598, 0.0 ], [ -112.808481052400197, 54.420238897067428, 0.0 ], [ -112.807948843988797, 54.419913837979117, 0.0 ], [ -112.807451768251298, 54.419610231443933, 0.0 ], [ -112.8068067138597, 54.419574434833187, 0.0 ], [ -112.805603616472695, 54.419579553745187, 0.0 ], [ -112.805632996469896, 54.419274037475411, 0.0 ], [ -112.805606411171993, 54.419217967598108, 0.0 ], [ -112.8056126251726, 54.419008532525339, 0.0 ], [ -112.805625954555495, 54.418559168144363, 0.0 ], [ -112.805637398497197, 54.418173332097588, 0.0 ], [ -112.805302499826595, 54.41800030329609, 0.0 ], [ -112.805336997491494, 54.417654844036157, 0.0 ], [ -112.805299722769405, 54.417511868205153, 0.0 ], [ -112.804953383059797, 54.417319480661817, 0.0 ], [ -112.804580264874502, 54.41708787134867, 0.0 ], [ -112.804207152434103, 54.416856260941451, 0.0 ], [ -112.804221766435006, 54.416582906009111, 0.0 ], [ -112.804072121687, 54.416352163726224, 0.0 ], [ -112.8038668590832, 54.416223260979272, 0.0 ], [ -112.803342462697898, 54.415893941300432, 0.0 ], [ -112.802818074712704, 54.415564619405643, 0.0 ], [ -112.802762354485395, 54.415495235030001, 0.0 ], [ -112.802750772137401, 54.415480812572021, 0.0 ], [ -112.803508988128797, 54.415494609599207, 0.0 ], [ -112.803906105142104, 54.415277007004093, 0.0 ], [ -112.804303219443895, 54.415059403982717, 0.0 ], [ -112.804700331082202, 54.41484179963669, 0.0 ], [ -112.805097435435798, 54.414624193881977, 0.0 ], [ -112.805253185573406, 54.414538845064968, 0.0 ], [ -112.805494537126094, 54.414406586802677, 0.0 ], [ -112.805745034652006, 54.414269315209182, 0.0 ], [ -112.805862275547895, 54.414148688487863, 0.0 ], [ -112.8058865069966, 54.413879933599311, 0.0 ], [ -112.805926971248397, 54.413431120474833, 0.0 ], [ -112.805904236722, 54.413229278955242, 0.0 ], [ -112.805566540809593, 54.413058942454477, 0.0 ], [ -112.805599533156595, 54.412728502696432, 0.0 ], [ -112.805549761849804, 54.412562730788387, 0.0 ], [ -112.805217460944206, 54.412378120442597, 0.0 ], [ -112.804844385372903, 54.41214651217313, 0.0 ], [ -112.804471314004701, 54.41191490278176, 0.0 ], [ -112.8040982468397, 54.411683292268499, 0.0 ], [ -112.803825707517404, 54.411514089888527, 0.0 ], [ -112.803725183829599, 54.411451681531787, 0.0 ], [ -112.803352125118494, 54.4112200678764, 0.0 ], [ -112.8029075133161, 54.411211977521823, 0.0 ], [ -112.802581990854605, 54.411206053130243, 0.0 ], [ -112.802208939291106, 54.410974436884921, 0.0 ], [ -112.801817523501896, 54.410534865651378, 0.0 ], [ -112.8018597943054, 54.410075660582542, 0.0 ], [ -112.801926375896699, 54.409603132465342, 0.0 ], [ -112.801920025821204, 54.409170570664358, 0.0 ], [ -112.801546999296804, 54.408938952564277, 0.0 ], [ -112.801173973894393, 54.408707333286507, 0.0 ], [ -112.800800954234305, 54.40847571291517, 0.0 ], [ -112.800451270338101, 54.408231305737317, 0.0 ], [ -112.799692222566307, 54.408211229257148, 0.0 ], [ -112.798902629737299, 54.408207884714074, 0.0 ], [ -112.798102856070599, 54.408210114756592, 0.0 ], [ -112.797313265218506, 54.408206759847893, 0.0 ], [ -112.796566748236401, 54.408186994837543, 0.0 ], [ -112.796566603462097, 54.408186992195184, 0.0 ], [ -112.796556475518798, 54.408189047511883, 0.0 ], [ -112.796381575347695, 54.408207708275832, 0.0 ], [ -112.796166400573696, 54.408218439151483, 0.0 ], [ -112.795903823447702, 54.408219041390652, 0.0 ], [ -112.795814077129407, 54.408156204276288, 0.0 ], [ -112.795807477515297, 54.408159820392733, 0.0 ], [ -112.795469683729394, 54.408344905874493, 0.0 ], [ -112.795418825339397, 54.408359650242261, 0.0 ], [ -112.794796009311995, 54.408577598115933, 0.0 ], [ -112.794629531651907, 54.408620241785478, 0.0 ], [ -112.794453314370301, 54.408643282310983, 0.0 ], [ -112.794268762450301, 54.408652141146973, 0.0 ], [ -112.793884957453898, 54.408647916081392, 0.0 ], [ -112.791520259875, 54.408571856561778, 0.0 ], [ -112.791240727733594, 54.408572318371277, 0.0 ], [ -112.790990139016003, 54.408590755661812, 0.0 ], [ -112.790848192510097, 54.40861864474622, 0.0 ], [ -112.790726984010703, 54.408659413516993, 0.0 ], [ -112.790684128626097, 54.40867938973232, 0.0 ], [ -112.7906202430907, 54.408709170200233, 0.0 ], [ -112.790323745265297, 54.408873172897877, 0.0 ], [ -112.790212527772795, 54.408920149375888, 0.0 ], [ -112.7900854995776, 54.408957303697882, 0.0 ], [ -112.789937129929001, 54.408981297065587, 0.0 ], [ -112.789591434864604, 54.409007972687412, 0.0 ], [ -112.789412965877801, 54.409029795566347, 0.0 ], [ -112.789326783682, 54.409047012974618, 0.0 ], [ -112.789055836984502, 54.40912280893243, 0.0 ], [ -112.7887961537444, 54.409172640787318, 0.0 ], [ -112.788620673614005, 54.409190470370447, 0.0 ], [ -112.788405203351402, 54.40920082233346, 0.0 ], [ -112.788142629973507, 54.409201227947918, 0.0 ], [ -112.788013269804907, 54.409284471786847, 0.0 ], [ -112.787919539800498, 54.409370257788247, 0.0 ], [ -112.787855486786199, 54.409457485015942, 0.0 ], [ -112.787815792645603, 54.409544710705752, 0.0 ], [ -112.787786457260495, 54.409714410900698, 0.0 ], [ -112.787776514405806, 54.410002096561733, 0.0 ], [ -112.787746738215503, 54.410111266269872, 0.0 ], [ -112.787692565127799, 54.410198226602581, 0.0 ], [ -112.787621514487, 54.410254984696991, 0.0 ], [ -112.787609918071496, 54.410264249075908, 0.0 ], [ -112.787496394619794, 54.410311000983839, 0.0 ], [ -112.787357033222705, 54.410342260836437, 0.0 ], [ -112.7871987027616, 54.410362201318797, 0.0 ], [ -112.786851805207604, 54.410385160011067, 0.0 ], [ -112.786484662870507, 54.4103975843705, 0.0 ], [ -112.786003916629795, 54.410400999671502, 0.0 ], [ -112.785505432604694, 54.410393116161472, 0.0 ], [ -112.785505278679395, 54.410393111539442, 0.0 ], [ -112.784376916512798, 54.410346603385122, 0.0 ], [ -112.784376765910494, 54.410346594326107, 0.0 ], [ -112.782781670123995, 54.410246718383952, 0.0 ], [ -112.782522913477393, 54.41021624576495, 0.0 ], [ -112.782374285095102, 54.41018491777492, 0.0 ], [ -112.782247975373906, 54.410142848183909, 0.0 ], [ -112.782015845097106, 54.410050451672987, 0.0 ], [ -112.781882106780799, 54.410014630295251, 0.0 ], [ -112.781722787246593, 54.409992903014881, 0.0 ], [ -112.781373798690893, 54.409966080344532, 0.0 ], [ -112.781214477800404, 54.409944357759692, 0.0 ], [ -112.781081784767807, 54.409909183311512, 0.0 ], [ -112.780873509171201, 54.409834760393771, 0.0 ], [ -112.780781278863898, 54.40981831550684, 0.0 ], [ -112.780686285684297, 54.409827271058191, 0.0 ], [ -112.780331012986494, 54.409919663436632, 0.0 ], [ -112.780175326935094, 54.40993910375542, 0.0 ], [ -112.779840707676101, 54.409965955218127, 0.0 ], [ -112.779684826990703, 54.409988988558567, 0.0 ], [ -112.779549342731499, 54.410025436796701, 0.0 ], [ -112.779409871617403, 54.410071632891643, 0.0 ], [ -112.779326581927407, 54.410099219567229, 0.0 ], [ -112.779228622697204, 54.410111716652217, 0.0 ], [ -112.779132054015093, 54.41009564125428, 0.0 ], [ -112.778917705787606, 54.410013817937241, 0.0 ], [ -112.778786427865697, 54.409972462659873, 0.0 ], [ -112.778633345030102, 54.409943745995228, 0.0 ], [ -112.7783022914235, 54.409904649611619, 0.0 ], [ -112.7781490163581, 54.409879526020987, 0.0 ], [ -112.778017499993197, 54.409842572116027, 0.0 ], [ -112.777904734697003, 54.4097953513634, 0.0 ], [ -112.7777100179743, 54.409684120101033, 0.0 ], [ -112.776451762097096, 54.408901935923858, 0.0 ], [ -112.776086665732393, 54.408665977249782, 0.0 ], [ -112.775984390294497, 54.40861301334477, 0.0 ], [ -112.775863844180904, 54.408570052998471, 0.0 ], [ -112.775717404407004, 54.408541269691582, 0.0 ], [ -112.775285994591002, 54.408505088491637, 0.0 ], [ -112.775126684425402, 54.408483356183503, 0.0 ], [ -112.774992950986501, 54.408447617083283, 0.0 ], [ -112.774759648671093, 54.408357433029359, 0.0 ], [ -112.774631476777103, 54.408318648452557, 0.0 ], [ -112.774481218970607, 54.408292046917161, 0.0 ], [ -112.774154021950494, 54.408253189944674, 0.0 ], [ -112.774004080930098, 54.408226413788832, 0.0 ], [ -112.773876229479797, 54.408187454445716, 0.0 ], [ -112.773644364398905, 54.408096395389883, 0.0 ], [ -112.773512060150097, 54.408059961532828, 0.0 ], [ -112.773265872411898, 54.408031229497489, 0.0 ], [ -112.772496919306107, 54.408016504304477, 0.0 ], [ -112.772496767029097, 54.408016497897563, 0.0 ], [ -112.772235003089904, 54.407996383109527, 0.0 ], [ -112.772083157709702, 54.407970648575443, 0.0 ], [ -112.771953089419995, 54.40793281536093, 0.0 ], [ -112.771841124442403, 54.407885243865707, 0.0 ], [ -112.771740926911903, 54.407831054709973, 0.0 ], [ -112.771467226332803, 54.407653065371683, 0.0 ], [ -112.771357767864004, 54.407545106083653, 0.0 ], [ -112.771288900374998, 54.407410736909263, 0.0 ], [ -112.771272652830504, 54.407261241499612, 0.0 ], [ -112.771295559481899, 54.407165797986103, 0.0 ], [ -112.771348022938994, 54.407082501209707, 0.0 ], [ -112.771597789411899, 54.406874605010387, 0.0 ], [ -112.771667826270303, 54.406794150550901, 0.0 ], [ -112.771736220864497, 54.406650174484668, 0.0 ], [ -112.771772353397196, 54.406487077131587, 0.0 ], [ -112.771788452132995, 54.406258499981362, 0.0 ], [ -112.771766207939805, 54.406097292848898, 0.0 ], [ -112.771725508527197, 54.406003553010223, 0.0 ], [ -112.771696143479602, 54.405962272259529, 0.0 ], [ -112.771534330183101, 54.405799298166727, 0.0 ], [ -112.771508311174301, 54.405744679417758, 0.0 ], [ -112.771512708941003, 54.405717601445922, 0.0 ], [ -112.771550439481302, 54.405661461563852, 0.0 ], [ -112.771706393410398, 54.405489064833283, 0.0 ], [ -112.771749473260101, 54.405399659239563, 0.0 ], [ -112.771816521418899, 54.405206555958998, 0.0 ], [ -112.771865760760207, 54.405117264013207, 0.0 ], [ -112.771936662510498, 54.405040692404491, 0.0 ], [ -112.7720767863361, 54.404915666462159, 0.0 ], [ -112.772104500462504, 54.404859431488433, 0.0 ], [ -112.772081981302193, 54.404802809034948, 0.0 ], [ -112.772018345818793, 54.404745427747358, 0.0 ], [ -112.771683537455203, 54.404540501541753, 0.0 ], [ -112.771565654668194, 54.404440209919827, 0.0 ], [ -112.771540949248404, 54.40439910145956, 0.0 ], [ -112.771348187024202, 54.404338354023139, 0.0 ], [ -112.771395273474596, 54.403992309989242, 0.0 ], [ -112.771412270534896, 54.403867399355718, 0.0 ], [ -112.7713988068964, 54.403492520733657, 0.0 ], [ -112.771396918621605, 54.403439943684667, 0.0 ], [ -112.771024116403595, 54.40320823317159, 0.0 ], [ -112.771421283416501, 54.402990738453859, 0.0 ], [ -112.771048486604101, 54.402759028065702, 0.0 ], [ -112.770649628638793, 54.402539378774378, 0.0 ], [ -112.7706355251063, 54.402096875261982, 0.0 ], [ -112.770639207241302, 54.401638735625063, 0.0 ], [ -112.770660183019601, 54.401174074282473, 0.0 ], [ -112.770697955971201, 54.400712002868012, 0.0 ], [ -112.770749877486395, 54.400279569585628, 0.0 ], [ -112.770735703262403, 54.400263597768117, 0.0 ], [ -112.7706410821703, 54.400206452786797, 0.0 ], [ -112.770522153188793, 54.400162618234951, 0.0 ], [ -112.770297770085094, 54.400122141686261, 0.0 ], [ -112.770121657989804, 54.400109535737997, 0.0 ], [ -112.769830082072005, 54.400105767983518, 0.0 ], [ -112.768692978805106, 54.400129180594888, 0.0 ], [ -112.768412717797005, 54.400118603938033, 0.0 ], [ -112.768167327473606, 54.400087447608648, 0.0 ], [ -112.768029004634101, 54.400051705525428, 0.0 ], [ -112.767968609070095, 54.400028555676023, 0.0 ], [ -112.767867384319203, 54.399971016579627, 0.0 ], [ -112.767794181367606, 54.399896998594009, 0.0 ], [ -112.767752002067098, 54.39980520831454, 0.0 ], [ -112.767747023835994, 54.399644319406619, 0.0 ], [ -112.767806477402999, 54.399483362943833, 0.0 ], [ -112.767839456384195, 54.399435230114342, 0.0 ], [ -112.767921853418201, 54.399351319176112, 0.0 ], [ -112.768147847076904, 54.399169070597232, 0.0 ], [ -112.768183002353894, 54.399129071716459, 0.0 ], [ -112.768233668273794, 54.399039088097538, 0.0 ], [ -112.768271170309404, 54.398884920053689, 0.0 ], [ -112.768305531197001, 54.398499121272962, 0.0 ], [ -112.768353830187493, 54.398353336545277, 0.0 ], [ -112.768413417322805, 54.39827215117333, 0.0 ], [ -112.768658429014593, 54.398063094071723, 0.0 ], [ -112.768718241038698, 54.397977775880378, 0.0 ], [ -112.768751167994196, 54.397879460281423, 0.0 ], [ -112.768751273766298, 54.397877483751763, 0.0 ], [ -112.768756771039804, 54.397776232984683, 0.0 ], [ -112.768754783407601, 54.397767336229641, 0.0 ], [ -112.768734575432504, 54.397676898467239, 0.0 ], [ -112.768712702817396, 54.397631258799272, 0.0 ], [ -112.768649211766004, 54.397551575282939, 0.0 ], [ -112.768638195613804, 54.39754335608292, 0.0 ], [ -112.768517823835197, 54.397453549659453, 0.0 ], [ -112.767938466696705, 54.397110092737627, 0.0 ], [ -112.767768147029102, 54.396985446182427, 0.0 ], [ -112.767678333346893, 54.396871191430002, 0.0 ], [ -112.767645197498695, 54.396780377669558, 0.0 ], [ -112.767589284884906, 54.396538597886099, 0.0 ], [ -112.767515357477507, 54.396415643680967, 0.0 ], [ -112.767397481739394, 54.396315798255372, 0.0 ], [ -112.767140296392597, 54.396162523329942, 0.0 ], [ -112.767054717202598, 54.396111519457698, 0.0 ], [ -112.766939729356494, 54.396006780770207, 0.0 ], [ -112.766914043453994, 54.395966106340481, 0.0 ], [ -112.766886645766803, 54.395874679045328, 0.0 ], [ -112.766889701060904, 54.395775901191449, 0.0 ], [ -112.766920797527604, 54.39567728237958, 0.0 ], [ -112.767014401079706, 54.395545825926668, 0.0 ], [ -112.767199263135296, 54.395382782985692, 0.0 ], [ -112.767227131076694, 54.39532655189948, 0.0 ], [ -112.767221885859797, 54.395298306412712, 0.0 ], [ -112.767204623519703, 54.395269928566393, 0.0 ], [ -112.767141007768601, 54.395212544799719, 0.0 ], [ -112.766943324451006, 54.395090297343003, 0.0 ], [ -112.766843755190393, 54.395037169299869, 0.0 ], [ -112.7664710523987, 54.394805445364419, 0.0 ], [ -112.766494750910098, 54.394369349675692, 0.0 ], [ -112.766486667593099, 54.394355424438487, 0.0 ], [ -112.7658150120606, 54.394293061731958, 0.0 ], [ -112.765035285015301, 54.394284247484741, 0.0 ], [ -112.764215846757295, 54.394297175452017, 0.0 ], [ -112.763416264207507, 54.394299224365803, 0.0 ], [ -112.763166420895004, 54.394143868908579, 0.0 ], [ -112.762965278996305, 54.394120443611669, 0.0 ], [ -112.762815757842702, 54.394089883634948, 0.0 ], [ -112.762688240503195, 54.394048579845453, 0.0 ], [ -112.762582929600995, 54.393995726686668, 0.0 ], [ -112.762499073368801, 54.393930950555621, 0.0 ], [ -112.762412086570706, 54.393810448852292, 0.0 ], [ -112.762377337234497, 54.393715557558302, 0.0 ], [ -112.762357102014903, 54.39361167059787, 0.0 ], [ -112.762349312258493, 54.393371436571407, 0.0 ], [ -112.762346817537207, 54.393294573694668, 0.0 ], [ -112.762346054803899, 54.393271075791183, 0.0 ], [ -112.762349211117296, 54.393237669964087, 0.0 ], [ -112.762365627441397, 54.393063905046688, 0.0 ], [ -112.762378784774299, 54.392924637614463, 0.0 ], [ -112.7624161235006, 54.392762464194902, 0.0 ], [ -112.762484207949598, 54.392618667119173, 0.0 ], [ -112.762553665630904, 54.392537397727921, 0.0 ], [ -112.762666753699506, 54.392439940924177, 0.0 ], [ -112.762739288782299, 54.392377433287443, 0.0 ], [ -112.762767160644103, 54.392321203243611, 0.0 ], [ -112.762745618725901, 54.392263967363533, 0.0 ], [ -112.762619389443401, 54.392134015031431, 0.0 ], [ -112.762556964994005, 54.392054977354313, 0.0 ], [ -112.762517530561794, 54.391964045228768, 0.0 ], [ -112.762493364149805, 54.391867185464712, 0.0 ], [ -112.762457187850003, 54.391722180447999, 0.0 ], [ -112.762383442982994, 54.391599136250413, 0.0 ], [ -112.762309818635202, 54.391530502693847, 0.0 ], [ -112.7621782568756, 54.391439121469197, 0.0 ], [ -112.759430196599894, 54.389729984813123, 0.0 ], [ -112.758943489172196, 54.389442880839937, 0.0 ], [ -112.758824578656302, 54.389337341677432, 0.0 ], [ -112.758774017655895, 54.389250068640528, 0.0 ], [ -112.758751119594606, 54.389099098219219, 0.0 ], [ -112.7587885730957, 54.388956237946417, 0.0 ], [ -112.758790419546401, 54.388949192830502, 0.0 ], [ -112.7588500777494, 54.388863966431757, 0.0 ], [ -112.7590292691592, 54.388706046562412, 0.0 ], [ -112.759062091171103, 54.388652337380798, 0.0 ], [ -112.759061112048997, 54.388625069976499, 0.0 ], [ -112.759029258374397, 54.388567731812657, 0.0 ], [ -112.759005502178596, 54.388539541481187, 0.0 ], [ -112.758881055707903, 54.388391861997022, 0.0 ], [ -112.758837701047398, 54.388302384558358, 0.0 ], [ -112.758810778141196, 54.388202690244867, 0.0 ], [ -112.7587923949161, 54.388039572964189, 0.0 ], [ -112.7587896034739, 54.387867482265321, 0.0 ], [ -112.758794565001295, 54.387808835669759, 0.0 ], [ -112.758815386989795, 54.387562704915908, 0.0 ], [ -112.758823838205501, 54.387462796916111, 0.0 ], [ -112.758860857905503, 54.387300978191718, 0.0 ], [ -112.7588661411408, 54.387289736837637, 0.0 ], [ -112.758927620645593, 54.387158867136719, 0.0 ], [ -112.758995572852101, 54.387079730152017, 0.0 ], [ -112.759248098590206, 54.386873799258318, 0.0 ], [ -112.759310325480001, 54.386789429715328, 0.0 ], [ -112.759350385141303, 54.386690529372977, 0.0 ], [ -112.759378303612394, 54.386525169103507, 0.0 ], [ -112.759378373363802, 54.386524765706874, 0.0 ], [ -112.759378166404701, 54.386296695687207, 0.0 ], [ -112.759352665361902, 54.386136953646613, 0.0 ], [ -112.759293390897597, 54.385997538610027, 0.0 ], [ -112.759194021819297, 54.38588417871059, 0.0 ], [ -112.759066374927002, 54.38578926921948, 0.0 ], [ -112.757712244199894, 54.384951048127377, 0.0 ], [ -112.757541960464494, 54.384880885350803, 0.0 ], [ -112.757400697060902, 54.384849302603897, 0.0 ], [ -112.757232279846207, 54.384832503455087, 0.0 ], [ -112.756873311368196, 54.384813325476827, 0.0 ], [ -112.756777990559598, 54.384808232648922, 0.0 ], [ -112.756623907286595, 54.384782885775671, 0.0 ], [ -112.756558233993104, 54.384763768651737, 0.0 ], [ -112.756541674141999, 54.384756189863538, 0.0 ], [ -112.756448045690902, 54.384713337201283, 0.0 ], [ -112.756364122674796, 54.384647476042289, 0.0 ], [ -112.756303627207302, 54.384567391515724, 0.0 ], [ -112.756263695746398, 54.384474649188768, 0.0 ], [ -112.756232405269202, 54.384260300178553, 0.0 ], [ -112.756243114986404, 54.384024518901498, 0.0 ], [ -112.756289269621604, 54.383723656610741, 0.0 ], [ -112.756362097377703, 54.383439387911167, 0.0 ], [ -112.756406548750206, 54.383339131203847, 0.0 ], [ -112.756465895144501, 54.383251112270813, 0.0 ], [ -112.756702625927502, 54.383040756217703, 0.0 ], [ -112.756764196156595, 54.38296276088218, 0.0 ], [ -112.756801466892398, 54.382869834886982, 0.0 ], [ -112.756829125987593, 54.382757769063502, 0.0 ], [ -112.756863573485305, 54.38261819163985, 0.0 ], [ -112.756912915338702, 54.382532774425151, 0.0 ], [ -112.757030286913704, 54.382431624484219, 0.0 ], [ -112.757729120500301, 54.382053587987443, 0.0 ], [ -112.757821225369597, 54.381994775273341, 0.0 ], [ -112.757900961797006, 54.381928268392727, 0.0 ], [ -112.757984504562799, 54.381806074615511, 0.0 ], [ -112.758058821225802, 54.381562032012148, 0.0 ], [ -112.758100707091401, 54.381471979247067, 0.0 ], [ -112.758164199627601, 54.381395367907608, 0.0 ], [ -112.758318299390695, 54.381259106254369, 0.0 ], [ -112.758383882258897, 54.381183702740941, 0.0 ], [ -112.758428742357907, 54.381095593673273, 0.0 ], [ -112.758461078250505, 54.380998525913697, 0.0 ], [ -112.758492846604597, 54.380903161699663, 0.0 ], [ -112.758535922905494, 54.380813850352368, 0.0 ], [ -112.758599264575196, 54.38073714605973, 0.0 ], [ -112.758680189354806, 54.380671380208547, 0.0 ], [ -112.758871404016105, 54.380559158784529, 0.0 ], [ -112.759016323088304, 54.380474107271347, 0.0 ], [ -112.759140986629703, 54.380377497397227, 0.0 ], [ -112.759224522455199, 54.380255302667258, 0.0 ], [ -112.759317236310395, 54.379964656649541, 0.0 ], [ -112.759340710207795, 54.379921205887243, 0.0 ], [ -112.759405092037994, 54.379845150020607, 0.0 ], [ -112.759535565663796, 54.379752154955384, 0.0 ], [ -112.7605164521555, 54.379220609619182, 0.0 ], [ -112.760725906824305, 54.379094455279443, 0.0 ], [ -112.760908644841095, 54.37895251653714, 0.0 ], [ -112.761019427833105, 54.378853219095006, 0.0 ], [ -112.761289612217794, 54.3785792638974, 0.0 ], [ -112.761068523864907, 54.378438106726392, 0.0 ], [ -112.760918621870999, 54.378319403838198, 0.0 ], [ -112.760770857968396, 54.378158562536242, 0.0 ], [ -112.760556800987999, 54.377891181032687, 0.0 ], [ -112.760117335731096, 54.377630047684271, 0.0 ], [ -112.759764393652702, 54.3774548746891, 0.0 ], [ -112.759321114812494, 54.377278023360319, 0.0 ], [ -112.759054537753897, 54.377188807576999, 0.0 ], [ -112.757021693334707, 54.378304324638563, 0.0 ], [ -112.756867231448695, 54.378382392148808, 0.0 ], [ -112.756685949150594, 54.378443773218592, 0.0 ], [ -112.756540360187998, 54.37846930532978, 0.0 ], [ -112.756221915065098, 54.378503404576342, 0.0 ], [ -112.7560842225068, 54.378533849332193, 0.0 ], [ -112.756028562462205, 54.378557275789483, 0.0 ], [ -112.755983928196102, 54.378587562182439, 0.0 ], [ -112.755921181102096, 54.378664635921872, 0.0 ], [ -112.755840236713397, 54.378846501307777, 0.0 ], [ -112.755787324392003, 54.378929693352383, 0.0 ], [ -112.755672191933201, 54.379032232686598, 0.0 ], [ -112.755530985646004, 54.379118548955127, 0.0 ], [ -112.753843938884003, 54.380042864707747, 0.0 ], [ -112.753660471566604, 54.380160947527017, 0.0 ], [ -112.753587585785496, 54.380231716027083, 0.0 ], [ -112.753534814532998, 54.380314999682142, 0.0 ], [ -112.753452727146197, 54.380554218664678, 0.0 ], [ -112.753409787603999, 54.380643620774777, 0.0 ], [ -112.753346438018795, 54.380720322282137, 0.0 ], [ -112.753265503171804, 54.380786084444992, 0.0 ], [ -112.7531242857861, 54.380872397768258, 0.0 ], [ -112.753074141651595, 54.380899871793417, 0.0 ], [ -112.751834171620104, 54.38157924644571, 0.0 ], [ -112.751651436633594, 54.38169778959837, 0.0 ], [ -112.751580183621101, 54.381769576592667, 0.0 ], [ -112.751529939254794, 54.381854435322509, 0.0 ], [ -112.751455583378899, 54.382098473518077, 0.0 ], [ -112.751413677435494, 54.38218861366272, 0.0 ], [ -112.751309408313901, 54.382297826448969, 0.0 ], [ -112.751169822148896, 54.38238515719199, 0.0 ], [ -112.750867314437997, 54.382535641364051, 0.0 ], [ -112.750720271132394, 54.382576158086238, 0.0 ], [ -112.750624074592594, 54.382574365195453, 0.0 ], [ -112.750482235598199, 54.382528194555519, 0.0 ], [ -112.750152216313495, 54.382336693534903, 0.0 ], [ -112.749988150819703, 54.382263128439121, 0.0 ], [ -112.749782472627501, 54.382212349347697, 0.0 ], [ -112.749372650546604, 54.382164418009928, 0.0 ], [ -112.749151090598602, 54.382122334826633, 0.0 ], [ -112.748975433154598, 54.382055117146159, 0.0 ], [ -112.748827571632603, 54.381972679639119, 0.0 ], [ -112.746409850431803, 54.380464277080002, 0.0 ], [ -112.746294559819603, 54.380364008545868, 0.0 ], [ -112.746239724048706, 54.380285103562677, 0.0 ], [ -112.746206648056798, 54.380194284269123, 0.0 ], [ -112.746150881606795, 54.379952495367633, 0.0 ], [ -112.746107321881496, 54.379867415743831, 0.0 ], [ -112.746042322134997, 54.379794076466077, 0.0 ], [ -112.745872139972207, 54.379669400009647, 0.0 ], [ -112.745406585162002, 54.379379666415289, 0.0 ], [ -112.745258417805999, 54.379297488431412, 0.0 ], [ -112.745144508099401, 54.379250843897772, 0.0 ], [ -112.745011056398894, 54.379214985651068, 0.0 ], [ -112.744854575251694, 54.37919173073108, 0.0 ], [ -112.744437322616207, 54.379147875617903, 0.0 ], [ -112.744294818602199, 54.379116974393703, 0.0 ], [ -112.744175664231307, 54.379073288581829, 0.0 ], [ -112.744026074394995, 54.37899180191333, 0.0 ], [ -112.742727519198098, 54.37817782818825, 0.0 ], [ -112.742573331008202, 54.378098861666139, 0.0 ], [ -112.742453226924198, 54.378055695929064, 0.0 ], [ -112.742312475391699, 54.37802383494342, 0.0 ], [ -112.742063150169002, 54.377996957091163, 0.0 ], [ -112.741295733169196, 54.377981426990182, 0.0 ], [ -112.741116067758497, 54.377970869578093, 0.0 ], [ -112.740958003157701, 54.377948575442922, 0.0 ], [ -112.740889138902503, 54.377931728101437, 0.0 ], [ -112.740769831272701, 54.377888125916492, 0.0 ], [ -112.740622001230705, 54.377805678605711, 0.0 ], [ -112.740120517676601, 54.377481167119818, 0.0 ], [ -112.739952427876403, 54.377355352087079, 0.0 ], [ -112.7398635275635, 54.37724064266574, 0.0 ], [ -112.739761966731905, 54.376969484223039, 0.0 ], [ -112.739693965070799, 54.376897793832448, 0.0 ], [ -112.7396443211601, 54.376870513918497, 0.0 ], [ -112.739515168954895, 54.376832301833517, 0.0 ], [ -112.739355046711196, 54.376811046187093, 0.0 ], [ -112.738693678167195, 54.376792000019996, 0.0 ], [ -112.738430073057401, 54.376772850927317, 0.0 ], [ -112.738352634643306, 54.376760786782533, 0.0 ], [ -112.738216814567394, 54.376726226371311, 0.0 ], [ -112.738101954122996, 54.376680276669141, 0.0 ], [ -112.738000764912996, 54.376626669095828, 0.0 ], [ -112.736880642938701, 54.375932886528602, 0.0 ], [ -112.736293515343604, 54.375600816875242, 0.0 ], [ -112.736163173984195, 54.375508799452469, 0.0 ], [ -112.736097717401506, 54.375435804805129, 0.0 ], [ -112.736074129333304, 54.375394174299863, 0.0 ], [ -112.736046162084804, 54.375300569933742, 0.0 ], [ -112.736010631193395, 54.375047733834037, 0.0 ], [ -112.735995138850001, 54.375001757689922, 0.0 ], [ -112.735944935888398, 54.374920326608958, 0.0 ], [ -112.735832703990596, 54.374818396299851, 0.0 ], [ -112.735232650630394, 54.374438954270317, 0.0 ], [ -112.735146872139495, 54.374376999943223, 0.0 ], [ -112.735073325279203, 54.37430835035741, 0.0 ], [ -112.734999692575997, 54.374185290194028, 0.0 ], [ -112.734925482788199, 54.373899262180132, 0.0 ], [ -112.734877040238004, 54.373816694536622, 0.0 ], [ -112.734808838470798, 54.373743288768573, 0.0 ], [ -112.734733942002606, 54.373668408304702, 0.0 ], [ -112.734666352231599, 54.373581074461107, 0.0 ], [ -112.734619176249794, 54.37346993206679, 0.0 ], [ -112.734605850728599, 54.373398635535779, 0.0 ], [ -112.734606309677105, 54.373121610064807, 0.0 ], [ -112.734533411746398, 54.373076221543208, 0.0 ], [ -112.734136346446604, 54.373293596787548, 0.0 ], [ -112.733892620973904, 54.373427022751848, 0.0 ], [ -112.733739276954495, 54.373510970677579, 0.0 ], [ -112.733722798193099, 54.373810026373313, 0.0 ], [ -112.733714525734598, 54.373960166482703, 0.0 ], [ -112.733317447517805, 54.374177538878797, 0.0 ], [ -112.732920365108399, 54.374394909920497, 0.0 ], [ -112.732150957061094, 54.374380452693927, 0.0 ], [ -112.731337426419103, 54.374390142414477, 0.0 ], [ -112.731009232356996, 54.374134160118423, 0.0 ], [ -112.7302398286635, 54.374119690730573, 0.0 ], [ -112.729867523129798, 54.373887856892502, 0.0 ], [ -112.729495221788596, 54.373656021938061, 0.0 ], [ -112.728738229847295, 54.373416945839082, 0.0 ], [ -112.728755235109503, 54.373407637762519, 0.0 ], [ -112.728633484218193, 54.373368295866968, 0.0 ], [ -112.7283767386362, 54.373236568565979, 0.0 ], [ -112.728245628379995, 54.373144977512688, 0.0 ], [ -112.7281781246636, 54.373073109859448, 0.0 ], [ -112.728134139169299, 54.372988195105442, 0.0 ], [ -112.728118263202504, 54.372887981479067, 0.0 ], [ -112.728149887447501, 54.372652864433817, 0.0 ], [ -112.728189821483397, 54.372507300079647, 0.0 ], [ -112.728018463864899, 54.372504073886986, 0.0 ], [ -112.727646185410904, 54.372272233400572, 0.0 ], [ -112.727273911148998, 54.372040391798009, 0.0 ], [ -112.7268850966516, 54.371817605671062, 0.0 ], [ -112.726512830787698, 54.37158576178566, 0.0 ], [ -112.726157113514702, 54.371344860293682, 0.0 ], [ -112.725786866663498, 54.371584571756529, 0.0 ], [ -112.725008116541304, 54.371594874686721, 0.0 ], [ -112.724198694144107, 54.371579610915632, 0.0 ], [ -112.723422707812901, 54.371539992913149, 0.0 ], [ -112.723079721760399, 54.371286831657351, 0.0 ], [ -112.722619193800298, 54.3714904821218, 0.0 ], [ -112.722657500159002, 54.371950401577202, 0.0 ], [ -112.722657746019706, 54.371953361394993, 0.0 ], [ -112.722847688283096, 54.372071668166093, 0.0 ], [ -112.723262176327395, 54.372333306228143, 0.0 ], [ -112.7233773866691, 54.372433596095583, 0.0 ], [ -112.723397600092994, 54.372462716232128, 0.0 ], [ -112.723355322016005, 54.372878338645407, 0.0 ], [ -112.723471786526204, 54.37294325199246, 0.0 ], [ -112.723468174952501, 54.373092084837509, 0.0 ], [ -112.723487315535905, 54.373247219491667, 0.0 ], [ -112.723525538017498, 54.373338682296293, 0.0 ], [ -112.723587862562496, 54.373417739438111, 0.0 ], [ -112.723713911567899, 54.373547731203573, 0.0 ], [ -112.723735388359103, 54.373604973560347, 0.0 ], [ -112.7237076306739, 54.373661197257363, 0.0 ], [ -112.723567470573499, 54.373786167249811, 0.0 ], [ -112.723496535098704, 54.373862710459193, 0.0 ], [ -112.723447230630498, 54.373951982440758, 0.0 ], [ -112.723380471578395, 54.374136072611179, 0.0 ], [ -112.723261432191606, 54.374188081124579, 0.0 ], [ -112.723265839808107, 54.374314970668543, 0.0 ], [ -112.723265844366495, 54.374315055290943, 0.0 ], [ -112.723277929962094, 54.374663034533313, 0.0 ], [ -112.722844719608005, 54.375090247160372, 0.0 ], [ -112.722867122920107, 54.375568881458292, 0.0 ], [ -112.722818617291793, 54.376003352792843, 0.0 ], [ -112.722340793343605, 54.37622853422593, 0.0 ], [ -112.722793744588998, 54.376452545012157, 0.0 ], [ -112.723182581141799, 54.376675345300711, 0.0 ], [ -112.723538326008196, 54.376916254743612, 0.0 ], [ -112.723513460326402, 54.377365447119132, 0.0 ], [ -112.723885760408294, 54.37759730039491, 0.0 ], [ -112.724258064683497, 54.377829152554497, 0.0 ], [ -112.724617946603104, 54.378285599932767, 0.0 ], [ -112.724990261191493, 54.378517449909268, 0.0 ], [ -112.725362579973506, 54.378749298769492, 0.0 ], [ -112.7257349029491, 54.378981146513418, 0.0 ], [ -112.726107230118501, 54.379212993141003, 0.0 ], [ -112.726479561481696, 54.379444838652212, 0.0 ], [ -112.726851897038699, 54.379676683047037, 0.0 ], [ -112.726420533183799, 54.379872740057429, 0.0 ], [ -112.726384299708101, 54.380314835891667, 0.0 ], [ -112.726386059360806, 54.380780589178308, 0.0 ], [ -112.726380220006803, 54.381241610932378, 0.0 ], [ -112.725622635530002, 54.381466882965377, 0.0 ], [ -112.724857159090604, 54.381454906957799, 0.0 ], [ -112.724059188607598, 54.381422691881497, 0.0 ], [ -112.723261221013601, 54.381390472468247, 0.0 ], [ -112.723117029118796, 54.381388214393048, 0.0 ], [ -112.722495747110102, 54.381378481502722, 0.0 ], [ -112.7223546302979, 54.381466486200303, 0.0 ], [ -112.722208309675807, 54.381489302247957, 0.0 ], [ -112.722083392565196, 54.381527683796392, 0.0 ], [ -112.721925724267706, 54.381603758140393, 0.0 ], [ -112.721585682904006, 54.381798607308554, 0.0 ], [ -112.720593076680501, 54.382342210166797, 0.0 ], [ -112.720450386233395, 54.382428727866248, 0.0 ], [ -112.720393229375603, 54.382477654193103, 0.0 ], [ -112.720329400196604, 54.382532292861242, 0.0 ], [ -112.720268623218999, 54.382616940201203, 0.0 ], [ -112.720228797438395, 54.382712775161757, 0.0 ], [ -112.720213409659294, 54.382812489182029, 0.0 ], [ -112.720225803166898, 54.382908501181127, 0.0 ], [ -112.720243377592396, 54.382952810051137, 0.0 ], [ -112.720299743989401, 54.383031036701126, 0.0 ], [ -112.720426169228404, 54.383157351435493, 0.0 ], [ -112.720453754829293, 54.383212821103747, 0.0 ], [ -112.720450080937695, 54.383240181053722, 0.0 ], [ -112.720413201095496, 54.383296771308601, 0.0 ], [ -112.720257572564705, 54.383469289471527, 0.0 ], [ -112.720147377113307, 54.383744419586293, 0.0 ], [ -112.720108603984997, 54.383841223175438, 0.0 ], [ -112.720044143603502, 54.383917257259469, 0.0 ], [ -112.719956449178895, 54.383978822934637, 0.0 ], [ -112.719845520702705, 54.384025920150599, 0.0 ], [ -112.719711358215307, 54.384058548843953, 0.0 ], [ -112.719067027404094, 54.384122006022629, 0.0 ], [ -112.718676897984693, 54.384227587070079, 0.0 ], [ -112.718529927005903, 54.384252243564177, 0.0 ], [ -112.718355698825306, 54.384259916170592, 0.0 ], [ -112.717760642257602, 54.384237784870678, 0.0 ], [ -112.7177604882407, 54.384237783756809, 0.0 ], [ -112.717489765348802, 54.384243452254744, 0.0 ], [ -112.717446688324898, 54.384248941802213, 0.0 ], [ -112.717334899133803, 54.384263186170621, 0.0 ], [ -112.717266550669507, 54.384278710758053, 0.0 ], [ -112.717151001552807, 54.384322930230567, 0.0 ], [ -112.717104545531996, 54.384352088882892, 0.0 ], [ -112.717065238055596, 54.38438569949259, 0.0 ], [ -112.717006728391397, 54.384465441864663, 0.0 ], [ -112.716959995229601, 54.384610607023831, 0.0 ], [ -112.716949746505506, 54.384778497565271, 0.0 ], [ -112.716984236872193, 54.38532279089403, 0.0 ], [ -112.716963415325793, 54.385484095324983, 0.0 ], [ -112.716925903432696, 54.385576915325252, 0.0 ], [ -112.716865157737203, 54.385655266349623, 0.0 ], [ -112.716785646178906, 54.38572193085885, 0.0 ], [ -112.716497038331198, 54.385891299017892, 0.0 ], [ -112.716362843711806, 54.385990923030562, 0.0 ], [ -112.716291229497799, 54.386079050614498, 0.0 ], [ -112.716189563617107, 54.386330915845527, 0.0 ], [ -112.716095854112197, 54.386483916073338, 0.0 ], [ -112.716018739424101, 54.38656285624883, 0.0 ], [ -112.715913889352393, 54.386641811076998, 0.0 ], [ -112.715775817674299, 54.386719597465252, 0.0 ], [ -112.715894242828298, 54.386890012196972, 0.0 ], [ -112.715985722439896, 54.387057308834628, 0.0 ], [ -112.716190472312604, 54.387515611401788, 0.0 ], [ -112.716265990807301, 54.387645733516742, 0.0 ], [ -112.716360397926493, 54.387760384890242, 0.0 ], [ -112.716483074277505, 54.38785713492473, 0.0 ], [ -112.716984724807801, 54.387997206875532, 0.0 ], [ -112.717235878081596, 54.388045818297179, 0.0 ], [ -112.717374550783902, 54.388072658920308, 0.0 ], [ -112.717599538304597, 54.388095459672677, 0.0 ], [ -112.717871463619403, 54.388292456004571, 0.0 ], [ -112.718700720020394, 54.388274408607799, 0.0 ], [ -112.719043292451602, 54.388522576206149, 0.0 ], [ -112.719812961105305, 54.388537119557057, 0.0 ], [ -112.720185337829804, 54.388768984601228, 0.0 ], [ -112.720557720339698, 54.389000847659617, 0.0 ], [ -112.721037100181803, 54.389152235108547, 0.0 ], [ -112.721050759011206, 54.38918156629277, 0.0 ], [ -112.721073798133602, 54.389282995159697, 0.0 ], [ -112.721083227640307, 54.389679953993848, 0.0 ], [ -112.721040406529994, 54.390260556979413, 0.0 ], [ -112.720998731613406, 54.390539728926178, 0.0 ], [ -112.720957484126998, 54.390694442802122, 0.0 ], [ -112.720886846607996, 54.390828906550666, 0.0 ], [ -112.720777295322605, 54.390937004755337, 0.0 ], [ -112.7206879182432, 54.390998089593268, 0.0 ], [ -112.720350021568606, 54.391194415204957, 0.0 ], [ -112.7202308950191, 54.391294507978913, 0.0 ], [ -112.720150646813806, 54.391418807315027, 0.0 ], [ -112.720106143971705, 54.391565455464388, 0.0 ], [ -112.720071360927406, 54.391834145295618, 0.0 ], [ -112.720049392050001, 54.39216908737906, 0.0 ], [ -112.720019932806906, 54.393544762763263, 0.0 ], [ -112.720011504526397, 54.393780045928139, 0.0 ], [ -112.719985336251895, 54.393965621234038, 0.0 ], [ -112.719944436087204, 54.394108380341109, 0.0 ], [ -112.719911733466006, 54.394175068700562, 0.0 ], [ -112.719891956234704, 54.394215397491223, 0.0 ], [ -112.719831058927596, 54.394293567251239, 0.0 ], [ -112.7197647524671, 54.394349781283182, 0.0 ], [ -112.719399602574399, 54.394547837882293, 0.0 ], [ -112.719314043262898, 54.394614929419042, 0.0 ], [ -112.719249827004205, 54.394691777134568, 0.0 ], [ -112.719207693147496, 54.394781722522303, 0.0 ], [ -112.719183137746597, 54.394882612057089, 0.0 ], [ -112.719150301639701, 54.395268789754979, 0.0 ], [ -112.719118011480106, 54.395422952810051, 0.0 ], [ -112.719100592879798, 54.395460135254098, 0.0 ], [ -112.719041794242699, 54.395492292736208, 0.0 ], [ -112.718644428568595, 54.395709613357113, 0.0 ], [ -112.718247058696406, 54.395926932621798, 0.0 ], [ -112.718229338969607, 54.396048329820317, 0.0 ], [ -112.717895993206596, 54.396230558032599, 0.0 ], [ -112.717682257984507, 54.396329848902234, 0.0 ], [ -112.717486388555102, 54.396382172923261, 0.0 ], [ -112.717330731569305, 54.396401442606852, 0.0 ], [ -112.716916337736606, 54.396433894820802, 0.0 ], [ -112.716768301288695, 54.396464130360997, 0.0 ], [ -112.716705569703507, 54.396476942566132, 0.0 ], [ -112.716534273659093, 54.396544658637517, 0.0 ], [ -112.716237081175393, 54.396709007886152, 0.0 ], [ -112.716129942080002, 54.396759321278971, 0.0 ], [ -112.716122640197, 54.396761834320159, 0.0 ], [ -112.715452536118704, 54.396743046920939, 0.0 ], [ -112.714691438328501, 54.396733904071517, 0.0 ], [ -112.713963170186204, 54.396745197450429, 0.0 ], [ -112.713776330206301, 54.396847364183778, 0.0 ], [ -112.713565765830197, 54.39696250093106, 0.0 ], [ -112.713202559888202, 54.39720109948103, 0.0 ], [ -112.712444134392996, 54.397193611036457, 0.0 ], [ -112.711647708965799, 54.397162455694819, 0.0 ], [ -112.710858883372694, 54.397136026659261, 0.0 ], [ -112.710473971656597, 54.397128726301837, 0.0 ], [ -112.710101574640404, 54.396896831360174, 0.0 ], [ -112.709729181822397, 54.396664935302248, 0.0 ], [ -112.709356793202502, 54.396433038128087, 0.0 ], [ -112.708602880986604, 54.396409735289048, 0.0 ], [ -112.707785380828597, 54.396421193133342, 0.0 ], [ -112.707444799969593, 54.396171907491592, 0.0 ], [ -112.706709487421193, 54.396138429338173, 0.0 ], [ -112.705928186447906, 54.39613008649868, 0.0 ], [ -112.705127180711102, 54.396132511984057, 0.0 ], [ -112.7043327440241, 54.396131341080903, 0.0 ], [ -112.703571155994794, 54.396112208065389, 0.0 ], [ -112.703223441559203, 54.395866825073149, 0.0 ], [ -112.702453646172302, 54.395852174690908, 0.0 ], [ -112.702081306533799, 54.395620254616773, 0.0 ], [ -112.701739721878795, 54.395355196060407, 0.0 ], [ -112.700912203022796, 54.395339436634451, 0.0 ], [ -112.700541726864202, 54.39559093537536, 0.0 ], [ -112.699751253215794, 54.395563383924639, 0.0 ], [ -112.699374471523001, 54.395793524120322, 0.0 ], [ -112.698604679586396, 54.395778849217344, 0.0 ], [ -112.697834888340495, 54.395764169410199, 0.0 ], [ -112.697437409871398, 54.395981419078268, 0.0 ], [ -112.697039927154293, 54.39619866828739, 0.0 ], [ -112.696642440340099, 54.396415914342448, 0.0 ], [ -112.695872638228707, 54.396401221912271, 0.0 ], [ -112.695475143314198, 54.396618464935258, 0.0 ], [ -112.695077644201703, 54.396835706600832, 0.0 ], [ -112.694680140891293, 54.397052946908943, 0.0 ], [ -112.694282633382898, 54.397270185859561, 0.0 ], [ -112.693885121676402, 54.397487423452652, 0.0 ], [ -112.693487605771907, 54.397704659688181, 0.0 ], [ -112.693090085669098, 54.397921894566153, 0.0 ], [ -112.692692561368204, 54.398139128086463, 0.0 ], [ -112.692295032868998, 54.398356360249153, 0.0 ], [ -112.691897500121101, 54.39857359195252, 0.0 ], [ -112.691499963275703, 54.398790820501439, 0.0 ], [ -112.691081738321699, 54.398995163995558, 0.0 ], [ -112.691077183437201, 54.399457229153413, 0.0 ], [ -112.690622840742904, 54.399656506821707, 0.0 ], [ -112.690595702784506, 54.400139375709337, 0.0 ], [ -112.691026703869397, 54.400355590153453, 0.0 ], [ -112.691001463045694, 54.400804770591058, 0.0 ], [ -112.691373785349398, 54.401036723607582, 0.0 ], [ -112.691768198753493, 54.401256608015352, 0.0 ], [ -112.691720878040201, 54.401717856105499, 0.0 ], [ -112.692135620192801, 54.401926636355341, 0.0 ], [ -112.692099787649397, 54.402381609226289, 0.0 ], [ -112.692042750597196, 54.40284816826118, 0.0 ], [ -112.6908459828133, 54.402799987210607, 0.0 ], [ -112.690490286829501, 54.403043307570087, 0.0 ], [ -112.689720363952006, 54.403028574720793, 0.0 ], [ -112.688950441768199, 54.403013836966139, 0.0 ], [ -112.688573530980193, 54.403243942814917, 0.0 ], [ -112.687782920590607, 54.403216310750608, 0.0 ], [ -112.687385316703399, 54.403433525836903, 0.0 ], [ -112.686987708616698, 54.40365073956503, 0.0 ], [ -112.686590096330406, 54.403867951934963, 0.0 ], [ -112.686192479844394, 54.404085162946622, 0.0 ], [ -112.686167182729804, 54.404534341574283, 0.0 ], [ -112.685769557496897, 54.404751551085369, 0.0 ], [ -112.6853719280641, 54.404968759238137, 0.0 ], [ -112.685346621159894, 54.405417937539518, 0.0 ], [ -112.684948982979606, 54.40563514419155, 0.0 ], [ -112.685718952088493, 54.405649907931121, 0.0 ], [ -112.686091287217195, 54.405881877207428, 0.0 ], [ -112.686065987323204, 54.406331055668552, 0.0 ], [ -112.6864604218285, 54.406550957461143, 0.0 ], [ -112.686413033768901, 54.407012202450318, 0.0 ], [ -112.686785385004001, 54.407244169697172, 0.0 ], [ -112.687157740439602, 54.407476135828567, 0.0 ], [ -112.687949836636506, 54.407478819082883, 0.0 ], [ -112.688300109419799, 54.407722848506403, 0.0 ], [ -112.688672477804502, 54.407954810075069, 0.0 ], [ -112.688647204188598, 54.408403989198952, 0.0 ], [ -112.688249553786207, 54.40862120651137, 0.0 ], [ -112.687851899183102, 54.408838422465443, 0.0 ], [ -112.687462516004103, 54.409060792245612, 0.0 ], [ -112.686684206524504, 54.409040883764277, 0.0 ], [ -112.686658910167594, 54.409490062176971, 0.0 ], [ -112.686608363998999, 54.409953031709762, 0.0 ], [ -112.686557816540798, 54.410416001177403, 0.0 ], [ -112.6865830169275, 54.410837597165362, 0.0 ], [ -112.686955403192101, 54.411069564101993, 0.0 ], [ -112.686185331873901, 54.411054807258679, 0.0 ], [ -112.685808330761205, 54.411284903312882, 0.0 ], [ -112.685017568141703, 54.411257251668353, 0.0 ], [ -112.684619870831199, 54.411474456469421, 0.0 ], [ -112.684222169319, 54.411691659911831, 0.0 ], [ -112.683452087830005, 54.411676885530007, 0.0 ], [ -112.683054378262497, 54.411894085038583, 0.0 ], [ -112.682656664442604, 54.412111284086699, 0.0 ], [ -112.682258946522396, 54.412328479979287, 0.0 ], [ -112.681861224349703, 54.412545675411359, 0.0 ], [ -112.681463497975201, 54.412762869484531, 0.0 ], [ -112.680708292613005, 54.412757356736449, 0.0 ], [ -112.679893509536896, 54.412714721223217, 0.0 ], [ -112.679525560266796, 54.412950467811832, 0.0 ], [ -112.679127817781605, 54.413167654016377, 0.0 ], [ -112.678357711407898, 54.413152846886938, 0.0 ], [ -112.6783323202052, 54.413602022348208, 0.0 ], [ -112.677574906015593, 54.413362622464348, 0.0 ], [ -112.677202553155396, 54.413130626992057, 0.0 ], [ -112.676410350672001, 54.413127873051103, 0.0 ], [ -112.676060104418497, 54.412883808675979, 0.0 ], [ -112.675267906989504, 54.412881047285893, 0.0 ], [ -112.674917669683495, 54.412636979674879, 0.0 ], [ -112.674140757807706, 54.412625868974537, 0.0 ], [ -112.673315355284601, 54.412641226680023, 0.0 ], [ -112.6729672781114, 54.412395981707938, 0.0 ], [ -112.672632842221006, 54.41214328961884, 0.0 ], [ -112.672680392457096, 54.411682051993161, 0.0 ], [ -112.672285984560006, 54.411462105591859, 0.0 ], [ -112.671913678966007, 54.411230094205287, 0.0 ], [ -112.671571819079901, 54.410981462877537, 0.0 ], [ -112.670783492424903, 54.410976578968651, 0.0 ], [ -112.669970814493496, 54.410984985951742, 0.0 ], [ -112.669231194950399, 54.410953501687402, 0.0 ], [ -112.668880131552996, 54.410707972807749, 0.0 ], [ -112.668125433966793, 54.410671985288033, 0.0 ], [ -112.667345108232297, 54.410644062158873, 0.0 ], [ -112.666551725777893, 54.410624446820862, 0.0 ], [ -112.665757858010096, 54.410613382097843, 0.0 ], [ -112.664976076287701, 54.410611111142487, 0.0 ], [ -112.6642189535402, 54.410617876561943, 0.0 ], [ -112.663840793346395, 54.41084930991898, 0.0 ], [ -112.663455765975201, 54.410841858450063, 0.0 ], [ -112.662698491655902, 54.410602366499937, 0.0 ], [ -112.662326248733294, 54.410370326131051, 0.0 ], [ -112.661534103337402, 54.410367475108607, 0.0 ], [ -112.661183969803503, 54.410123368585531, 0.0 ], [ -112.660413930297906, 54.41010844761685, 0.0 ], [ -112.660073785961501, 54.409850257178228, 0.0 ], [ -112.659274413073703, 54.409813347220393, 0.0 ], [ -112.658472604693003, 54.409819210905141, 0.0 ], [ -112.658103815998402, 54.410063655272772, 0.0 ], [ -112.657333779305205, 54.410048714678773, 0.0 ], [ -112.656956628617095, 54.410278719143697, 0.0 ], [ -112.656165910331396, 54.410250878897017, 0.0 ], [ -112.655795212736507, 54.410484909094947, 0.0 ], [ -112.655017415807094, 54.410465118470043, 0.0 ], [ -112.654208602436896, 54.410425985231022, 0.0 ], [ -112.6540714789421, 54.410422495054682, 0.0 ], [ -112.653430807686405, 54.410406184402142, 0.0 ], [ -112.653060093377405, 54.410640205128168, 0.0 ], [ -112.652290048659594, 54.41062523227356, 0.0 ], [ -112.652264374909706, 54.411074399585679, 0.0 ], [ -112.651866509374202, 54.411291494773913, 0.0 ], [ -112.651468639637599, 54.411508588601727, 0.0 ], [ -112.651070765699799, 54.411725681069143, 0.0 ], [ -112.6502268561063, 54.411664648368557, 0.0 ], [ -112.649827053675693, 54.41188054002906, 0.0 ], [ -112.649889082266597, 54.412384410246283, 0.0 ], [ -112.649479227935402, 54.412594037333911, 0.0 ], [ -112.649081332990804, 54.412811122998733, 0.0 ], [ -112.648683433844795, 54.413028207302943, 0.0 ], [ -112.647913346794994, 54.413013206105028, 0.0 ], [ -112.647515439599005, 54.413230286471709, 0.0 ], [ -112.647887622947906, 54.413462371829397, 0.0 ], [ -112.647877814959003, 54.413902854280472, 0.0 ], [ -112.647826306525999, 54.414235995469213, 0.0 ], [ -112.647480808634498, 54.414183621376132, 0.0 ], [ -112.647219379186893, 54.414128343950708, 0.0 ], [ -112.647082203265398, 54.414084301153132, 0.0 ], [ -112.646942642455997, 54.414025372703478, 0.0 ], [ -112.646802884491706, 54.413948363632763, 0.0 ], [ -112.645923568271698, 54.414429092102992, 0.0 ], [ -112.6457934704422, 54.414517118167787, 0.0 ], [ -112.645750688626507, 54.414572132549473, 0.0 ], [ -112.645746052948198, 54.414599202040272, 0.0 ], [ -112.645771909172097, 54.414653846162757, 0.0 ], [ -112.645899640276198, 54.414779275871602, 0.0 ], [ -112.645962494506193, 54.414858293864476, 0.0 ], [ -112.646002915345306, 54.414952073151433, 0.0 ], [ -112.646021842728103, 54.415057664280432, 0.0 ], [ -112.6460207412225, 54.415227526988808, 0.0 ], [ -112.6459868843761, 54.415452329855412, 0.0 ], [ -112.645934207005894, 54.415604639151432, 0.0 ], [ -112.645880410638995, 54.415693073896982, 0.0 ], [ -112.645768521316697, 54.415802319557102, 0.0 ], [ -112.645630449996304, 54.415892168523797, 0.0 ], [ -112.645033522191795, 54.416217866367447, 0.0 ], [ -112.644927781313498, 54.416268234893927, 0.0 ], [ -112.644811469838302, 54.416312012746403, 0.0 ], [ -112.644679228369498, 54.416345855036511, 0.0 ], [ -112.644527329738395, 54.416367533289282, 0.0 ], [ -112.6443589159162, 54.416378727536483, 0.0 ], [ -112.644085295921997, 54.416382560729403, 0.0 ], [ -112.643410970308807, 54.416369130237491, 0.0 ], [ -112.641727222497906, 54.416307655318221, 0.0 ], [ -112.641727068520495, 54.416307651411159, 0.0 ], [ -112.641251980573799, 54.416302146605958, 0.0 ], [ -112.641079988304796, 54.416311196998947, 0.0 ], [ -112.640926604512302, 54.416331852448842, 0.0 ], [ -112.640794498397597, 54.416365963856961, 0.0 ], [ -112.640552044413795, 54.416452688107533, 0.0 ], [ -112.640416408768601, 54.416491856338382, 0.0 ], [ -112.640170671788397, 54.416531030783133, 0.0 ], [ -112.639986251886498, 54.416544333386703, 0.0 ], [ -112.639697551202005, 54.416547592944632, 0.0 ], [ -112.639419069144594, 54.416531356174033, 0.0 ], [ -112.639256534725007, 54.416504615498319, 0.0 ], [ -112.639125074325094, 54.416460405623852, 0.0 ], [ -112.639035538096095, 54.416395071694481, 0.0 ], [ -112.638983761113806, 54.416311320292309, 0.0 ], [ -112.638896530127397, 54.41608253217364, 0.0 ], [ -112.638834046577898, 54.416005316321993, 0.0 ], [ -112.638646743858303, 54.415824753699773, 0.0 ], [ -112.638618304311095, 54.415783007877657, 0.0 ], [ -112.638582094516806, 54.4156886788073, 0.0 ], [ -112.638580613101894, 54.415534773534297, 0.0 ], [ -112.638613865767894, 54.415436497046201, 0.0 ], [ -112.638673811575899, 54.415351333343636, 0.0 ], [ -112.638722261754097, 54.415306958067667, 0.0 ], [ -112.638530312841297, 54.415303203634451, 0.0 ], [ -112.638158166848299, 54.415071089857847, 0.0 ], [ -112.637786025057196, 54.414838974968028, 0.0 ], [ -112.637413887468, 54.414606858965001, 0.0 ], [ -112.637126926110994, 54.414427867984159, 0.0 ], [ -112.636162517734903, 54.414422098170107, 0.0 ], [ -112.635892671721805, 54.414406112133399, 0.0 ], [ -112.635732302151496, 54.414384805010442, 0.0 ], [ -112.635592627833702, 54.414352211618237, 0.0 ], [ -112.6354734896384, 54.41430841884484, 0.0 ], [ -112.6353211292693, 54.41422836150857, 0.0 ], [ -112.635041721988102, 54.414054442672693, 0.0 ], [ -112.634865643661996, 54.413987320227079, 0.0 ], [ -112.634716732976997, 54.413959851833688, 0.0 ], [ -112.634541884422205, 54.41394635255665, 0.0 ], [ -112.634368150694002, 54.413944124671183, 0.0 ], [ -112.6343851955058, 54.413648213605562, 0.0 ], [ -112.634411067115593, 54.413199052258733, 0.0 ], [ -112.634038963494504, 54.412966926135191, 0.0 ], [ -112.633762133033301, 54.412794231005307, 0.0 ], [ -112.633666862534696, 54.41273479886852, 0.0 ], [ -112.633294768856402, 54.412502670549337, 0.0 ], [ -112.632922677839204, 54.412270541087167, 0.0 ], [ -112.632550591023204, 54.412038410512167, 0.0 ], [ -112.632178508408302, 54.411806278824393, 0.0 ], [ -112.631806429994498, 54.411574146023817, 0.0 ], [ -112.631014269458603, 54.411571094524241, 0.0 ], [ -112.630664309893206, 54.411326901259521, 0.0 ], [ -112.629934062877695, 54.411290083403721, 0.0 ], [ -112.629124220251796, 54.411296664838602, 0.0 ], [ -112.628791662027595, 54.410825475768583, 0.0 ], [ -112.628441722088894, 54.410581276229912, 0.0 ], [ -112.627623048699803, 54.410592669800437, 0.0 ], [ -112.627253169435505, 54.410323093947348, 0.0 ], [ -112.6268530189746, 54.410577534791848, 0.0 ], [ -112.626113642053994, 54.410590175652253, 0.0 ], [ -112.625339685251404, 54.410592248940873, 0.0 ], [ -112.624546771510794, 54.410584061406801, 0.0 ], [ -112.623750525304999, 54.410565920223917, 0.0 ], [ -112.622966566487307, 54.410538131985447, 0.0 ], [ -112.622210519287506, 54.41050100647292, 0.0 ], [ -112.621860846041898, 54.410254458900368, 0.0 ], [ -112.621488840683, 54.410022294976237, 0.0 ], [ -112.620718825067996, 54.410007120968849, 0.0 ], [ -112.620346828467206, 54.409774953604568, 0.0 ], [ -112.620003857778698, 54.409526963233738, 0.0 ], [ -112.619225560681599, 54.409516300991051, 0.0 ], [ -112.618414094549394, 54.409523714412018, 0.0 ], [ -112.617635798231206, 54.409513041924441, 0.0 ], [ -112.617292846331694, 54.409265043130851, 0.0 ], [ -112.616920876005494, 54.409032865447031, 0.0 ], [ -112.616517067762203, 54.40881804476976, 0.0 ], [ -112.616590892657996, 54.408342851676103, 0.0 ], [ -112.616601032936202, 54.407902375693617, 0.0 ], [ -112.616229078746301, 54.40767019509606, 0.0 ], [ -112.615857128704107, 54.407438014285077, 0.0 ], [ -112.615065052232396, 54.407434858944733, 0.0 ], [ -112.614797100742507, 54.407247785387433, 0.0 ], [ -112.614641742725894, 54.407233592502394, 0.0 ], [ -112.614490004958796, 54.40720766080495, 0.0 ], [ -112.614360089411306, 54.407169659334663, 0.0 ], [ -112.614197130074302, 54.407095390718098, 0.0 ], [ -112.6135886067146, 54.406718682782603, 0.0 ], [ -112.613216435987198, 54.406488284296579, 0.0 ], [ -112.613115807816698, 54.406434492502989, 0.0 ], [ -112.613001976057205, 54.406387724203412, 0.0 ], [ -112.612792692612899, 54.406338708451322, 0.0 ], [ -112.612374525879204, 54.406294824153179, 0.0 ], [ -112.612220245725794, 54.406270278210911, 0.0 ], [ -112.612089061612394, 54.406232968621907, 0.0 ], [ -112.6118556598569, 54.406142733916028, 0.0 ], [ -112.611726698666601, 54.406104298757953, 0.0 ], [ -112.611575610602003, 54.406077926515962, 0.0 ], [ -112.611246047770294, 54.406040108200592, 0.0 ], [ -112.611093048197006, 54.406014776733173, 0.0 ], [ -112.610903511186905, 54.405954996596421, 0.0 ], [ -112.610748841965503, 54.405876210696853, 0.0 ], [ -112.610477238306004, 54.405698070839158, 0.0 ], [ -112.610373835205607, 54.405591340422461, 0.0 ], [ -112.610330535555903, 54.405506214843008, 0.0 ], [ -112.610273469269501, 54.405265500226918, 0.0 ], [ -112.610237810661005, 54.40517620903006, 0.0 ], [ -112.610179861388403, 54.40509906731269, 0.0 ], [ -112.610006734980999, 54.404921616827018, 0.0 ], [ -112.609961047092199, 54.404837792821539, 0.0 ], [ -112.609939081419597, 54.404741038288847, 0.0 ], [ -112.6099374173982, 54.404578853827957, 0.0 ], [ -112.610010600076393, 54.403940959976637, 0.0 ], [ -112.610017532742106, 54.403774089260118, 0.0 ], [ -112.609991669377095, 54.403625095654917, 0.0 ], [ -112.609945822138897, 54.403541358393703, 0.0 ], [ -112.609892440292896, 54.403486446055638, 0.0 ], [ -112.6098767344793, 54.403470291343993, 0.0 ], [ -112.609791406784396, 54.403408075974667, 0.0 ], [ -112.609411571428694, 54.403180215005868, 0.0 ], [ -112.608109882123202, 54.402367592823218, 0.0 ], [ -112.607977997643701, 54.402276394031013, 0.0 ], [ -112.607903501059795, 54.402208276365791, 0.0 ], [ -112.607826064725202, 54.402087398856523, 0.0 ], [ -112.607794160538305, 54.401941702446337, 0.0 ], [ -112.607797843273303, 54.401722245650063, 0.0 ], [ -112.607855844126604, 54.401147005760187, 0.0 ], [ -112.607846700526096, 54.400988989727828, 0.0 ], [ -112.607800633671104, 54.400850926835048, 0.0 ], [ -112.607743651590198, 54.40077326336047, 0.0 ], [ -112.607627055863404, 54.400673733415367, 0.0 ], [ -112.606700969860498, 54.400091306157037, 0.0 ], [ -112.606568777316596, 54.40000027945532, 0.0 ], [ -112.606461419997203, 54.399895715316703, 0.0 ], [ -112.606412718397706, 54.399813538777629, 0.0 ], [ -112.606383282769002, 54.399720862209207, 0.0 ], [ -112.606368650908806, 54.39962011530114, 0.0 ], [ -112.606369020615006, 54.399185109823037, 0.0 ], [ -112.606399857235502, 54.398724537584293, 0.0 ], [ -112.606500536687804, 54.397624390267517, 0.0 ], [ -112.606039359901501, 54.397624819495839, 0.0 ], [ -112.605235995261197, 54.397608882893742, 0.0 ], [ -112.604450378468101, 54.397576941292691, 0.0 ], [ -112.603716100159104, 54.397529661919812, 0.0 ], [ -112.603344312059406, 54.397297443850711, 0.0 ], [ -112.602972528156698, 54.397065224670968, 0.0 ], [ -112.602908064176702, 54.39702496050829, 0.0 ], [ -112.602877267643905, 54.397011347047368, 0.0 ], [ -112.602781297924594, 54.396954940690613, 0.0 ], [ -112.601861254052196, 54.396369266930293, 0.0 ], [ -112.601737043709804, 54.396273896537281, 0.0 ], [ -112.601672278868094, 54.396200482123447, 0.0 ], [ -112.601641246250296, 54.396139433054479, 0.0 ], [ -112.601485434514103, 54.39613633684646, 0.0 ], [ -112.600715690177296, 54.396121037939501, 0.0 ], [ -112.600343931815104, 54.395888810881416, 0.0 ], [ -112.599945946560695, 54.396105734129279, 0.0 ], [ -112.599668399233494, 54.395932354563158, 0.0 ], [ -112.599574192755099, 54.395873504745538, 0.0 ], [ -112.599600427680201, 54.395424353434059, 0.0 ], [ -112.598821854425097, 54.395413863483412, 0.0 ], [ -112.598458956517504, 54.395176809932288, 0.0 ], [ -112.597640589457498, 54.395188004171722, 0.0 ], [ -112.597290967758894, 54.394943717010563, 0.0 ], [ -112.596945771118598, 54.39469701850556, 0.0 ], [ -112.596972032076593, 54.394247867940273, 0.0 ], [ -112.596600313381103, 54.394015629705123, 0.0 ], [ -112.596163823285593, 54.394027696653112, 0.0 ], [ -112.596020417787997, 54.39404248018873, 0.0 ], [ -112.595804697182302, 54.394052212200087, 0.0 ], [ -112.595541778836804, 54.394052011893329, 0.0 ], [ -112.595515000318898, 54.394019982372512, 0.0 ], [ -112.595303965629796, 54.393767667798393, 0.0 ], [ -112.595079572787, 54.393534214867991, 0.0 ], [ -112.594946591063703, 54.393395859790907, 0.0 ], [ -112.594879874065001, 54.393295512150637, 0.0 ], [ -112.594845029867102, 54.393190404445718, 0.0 ], [ -112.594832918247107, 54.393081342043097, 0.0 ], [ -112.594836322187106, 54.392786128016162, 0.0 ], [ -112.594122437817802, 54.392723173807028, 0.0 ], [ -112.593261650000699, 54.3927348367801, 0.0 ], [ -112.592417864447896, 54.392779501596507, 0.0 ], [ -112.592034744097504, 54.393025280352617, 0.0 ], [ -112.5916367439943, 54.393242176130187, 0.0 ], [ -112.590896970363403, 54.393253108223938, 0.0 ], [ -112.590126282679094, 54.393254853131992, 0.0 ], [ -112.589337247381806, 54.393247660354859, 0.0 ], [ -112.588542432285493, 54.393231782433773, 0.0 ], [ -112.587754402194506, 54.393207470379267, 0.0 ], [ -112.587005052634396, 54.393175790998683, 0.0 ], [ -112.586976965464601, 54.393181476329353, 0.0 ], [ -112.5865623621022, 54.393216085337663, 0.0 ], [ -112.586406444750907, 54.393238867778443, 0.0 ], [ -112.586270851510704, 54.393275097946777, 0.0 ], [ -112.586047846527904, 54.393348521512642, 0.0 ], [ -112.585949873502599, 54.393360861584419, 0.0 ], [ -112.585853424425096, 54.393344632750747, 0.0 ], [ -112.585639558131206, 54.393262471052921, 0.0 ], [ -112.585508534288707, 54.393220908118131, 0.0 ], [ -112.585355656171501, 54.393191949276677, 0.0 ], [ -112.585347538248598, 54.393190936079613, 0.0 ], [ -112.585081252388903, 54.39333602449539, 0.0 ], [ -112.584709608544401, 54.393103750351337, 0.0 ], [ -112.584337968895497, 54.392871475097827, 0.0 ], [ -112.583966333442206, 54.392639198734898, 0.0 ], [ -112.583594702184499, 54.392406921262548, 0.0 ], [ -112.582851987192598, 54.392349222616367, 0.0 ], [ -112.582033456864593, 54.392332826647007, 0.0 ], [ -112.581515364974607, 54.39235211814939, 0.0 ], [ -112.581285711165194, 54.392360668972472, 0.0 ], [ -112.580887660411307, 54.39257752877581, 0.0 ], [ -112.580880815111797, 54.392693854760573, 0.0 ], [ -112.5792454864321, 54.393587755514318, 0.0 ], [ -112.579120364929693, 54.393684174443472, 0.0 ], [ -112.579058603034397, 54.393761988524638, 0.0 ], [ -112.579018394605299, 54.393853275505002, 0.0 ], [ -112.578960868800493, 54.394050158612998, 0.0 ], [ -112.578918573503103, 54.394140234543997, 0.0 ], [ -112.578854734748504, 54.394216657838918, 0.0 ], [ -112.578699992109094, 54.394352773053143, 0.0 ], [ -112.578634064713398, 54.394427985178893, 0.0 ], [ -112.578588802168298, 54.39451611283468, 0.0 ], [ -112.578508070752804, 54.394743326643358, 0.0 ], [ -112.578446350018794, 54.394776948056027, 0.0 ], [ -112.578048262316202, 54.394993798050777, 0.0 ], [ -112.578041523192795, 54.395108123194689, 0.0 ], [ -112.578021792398005, 54.395442942274798, 0.0 ], [ -112.577623695939806, 54.395659790757797, 0.0 ], [ -112.577225595285398, 54.395876637877294, 0.0 ], [ -112.576827490434695, 54.396093483633287, 0.0 ], [ -112.576429381387598, 54.396310328025692, 0.0 ], [ -112.575240653862394, 54.396265804409317, 0.0 ], [ -112.574457649463795, 54.396242042064912, 0.0 ], [ -112.573934848046704, 54.39625229069761, 0.0 ], [ -112.573735317651199, 54.396256201336278, 0.0 ], [ -112.573337190994096, 54.396473035339227, 0.0 ], [ -112.573276618044204, 54.39650602521224, 0.0 ], [ -112.572881002283495, 54.396536526584264, 0.0 ], [ -112.5727252827173, 54.396555609061487, 0.0 ], [ -112.572420203701697, 54.396634821846348, 0.0 ], [ -112.572321571528903, 54.396652893553778, 0.0 ], [ -112.572274840507404, 54.396653392564239, 0.0 ], [ -112.572182884157996, 54.396634096365318, 0.0 ], [ -112.571976688488604, 54.396553958709767, 0.0 ], [ -112.571797722341799, 54.396442073677861, 0.0 ], [ -112.571027987569096, 54.396426585461633, 0.0 ], [ -112.570629846759005, 54.39664341039488, 0.0 ], [ -112.5702317002131, 54.396860233933253, 0.0 ], [ -112.570170957014497, 54.396893313279627, 0.0 ], [ -112.569695486362804, 54.396931905130188, 0.0 ], [ -112.569484420936007, 54.396974601206857, 0.0 ], [ -112.569366600245203, 54.397017376042747, 0.0 ], [ -112.569209637233399, 54.397093897594438, 0.0 ], [ -112.569159337645104, 54.397121283422081, 0.0 ], [ -112.569063805471103, 54.397061555282143, 0.0 ], [ -112.568274895106498, 54.397008190960577, 0.0 ], [ -112.567895899598895, 54.397262865205562, 0.0 ], [ -112.567477089162196, 54.397466773234427, 0.0 ], [ -112.567471145209197, 54.397928820023132, 0.0 ], [ -112.567072969652102, 54.398145632798141, 0.0 ], [ -112.5666747898983, 54.398362444209013, 0.0 ], [ -112.566276604408202, 54.398579254224657, 0.0 ], [ -112.565878417800306, 54.398796062938167, 0.0 ], [ -112.565828377995402, 54.398823308755183, 0.0 ], [ -112.565750149408103, 54.398831791237107, 0.0 ], [ -112.565409558738594, 54.398851626250163, 0.0 ], [ -112.565252786762898, 54.398870048419703, 0.0 ], [ -112.565117566320794, 54.398901945770518, 0.0 ], [ -112.564874168962703, 54.398982743795273, 0.0 ], [ -112.564741035574201, 54.399015851995699, 0.0 ], [ -112.5645872284625, 54.399036221770338, 0.0 ], [ -112.564254068341, 54.399060706533731, 0.0 ], [ -112.564098485676098, 54.399079870698692, 0.0 ], [ -112.563963113511903, 54.39911167377273, 0.0 ], [ -112.563845281042106, 54.399154443081962, 0.0 ], [ -112.563688301221703, 54.39923095726845, 0.0 ], [ -112.563342020308497, 54.399419400224168, 0.0 ], [ -112.563144258073805, 54.399415407692352, 0.0 ], [ -112.563139641630798, 54.399529531478883, 0.0 ], [ -112.562991285899002, 54.399610263288423, 0.0 ], [ -112.562650650794893, 54.399804840375509, 0.0 ], [ -112.562569377903799, 54.399870470819252, 0.0 ], [ -112.562505643080698, 54.399947067756372, 0.0 ], [ -112.562462270342607, 54.400036397016258, 0.0 ], [ -112.562382821079296, 54.400264584545717, 0.0 ], [ -112.562321182510004, 54.400298141094041, 0.0 ], [ -112.561943600268194, 54.400527844381109, 0.0 ], [ -112.5611531531124, 54.400499384377603, 0.0 ], [ -112.560754919528506, 54.400716175621042, 0.0 ], [ -112.560356680207704, 54.400932965468783, 0.0 ], [ -112.559958439768806, 54.401149754014128, 0.0 ], [ -112.559560193592802, 54.401366541163668, 0.0 ], [ -112.558790375158097, 54.401350974035857, 0.0 ], [ -112.5586977011329, 54.401407345441037, 0.0 ], [ -112.558601237406194, 54.401406860296902, 0.0 ], [ -112.558601084608398, 54.401406863501798, 0.0 ], [ -112.5583368604116, 54.401417432936753, 0.0 ], [ -112.558182803506, 54.40143922857213, 0.0 ], [ -112.558114453550999, 54.401455832917023, 0.0 ], [ -112.557822462236899, 54.401559395716909, 0.0 ], [ -112.557806916942098, 54.401564908104952, 0.0 ], [ -112.557669110928501, 54.401601151760779, 0.0 ], [ -112.557590823123903, 54.40161377743955, 0.0 ], [ -112.557517140558204, 54.401619258253127, 0.0 ], [ -112.557420521883103, 54.401626427037023, 0.0 ], [ -112.557157430966996, 54.40161507978403, 0.0 ], [ -112.556998596148802, 54.401587582529942, 0.0 ], [ -112.556866466141798, 54.40154650573092, 0.0 ], [ -112.556659153117096, 54.401463256075807, 0.0 ], [ -112.556567195362305, 54.401443947091039, 0.0 ], [ -112.556472274502397, 54.401451109011788, 0.0 ], [ -112.556116662598299, 54.401541669261128, 0.0 ], [ -112.555960026416898, 54.401560176670237, 0.0 ], [ -112.555694230037901, 54.401568639982607, 0.0 ], [ -112.555031635263106, 54.401561875418103, 0.0 ], [ -112.554776689125703, 54.401577126282469, 0.0 ], [ -112.554630602841499, 54.401602226618408, 0.0 ], [ -112.554504728364805, 54.401639967510746, 0.0 ], [ -112.554341181176099, 54.401712379551512, 0.0 ], [ -112.5540879991879, 54.401845570173542, 0.0 ], [ -112.553915663328198, 54.401915375298898, 0.0 ], [ -112.553915566372396, 54.401915398516003, 0.0 ], [ -112.553703965590898, 54.401965406046052, 0.0 ], [ -112.553606087898103, 54.401975441296798, 0.0 ], [ -112.553448363956605, 54.401991612980687, 0.0 ], [ -112.553262390500095, 54.401997916089073, 0.0 ], [ -112.552974644078802, 54.401994421245398, 0.0 ], [ -112.552606501271796, 54.401966451984627, 0.0 ], [ -112.552368622026194, 54.40192286625178, 0.0 ], [ -112.5520880531828, 54.401832547153603, 0.0 ], [ -112.5520162505277, 54.401824255836843, 0.0 ], [ -112.551988610646902, 54.401832778758113, 0.0 ], [ -112.551947799738599, 54.401878717542438, 0.0 ], [ -112.551842519724801, 54.402129570970708, 0.0 ], [ -112.551739897385701, 54.402240088813237, 0.0 ], [ -112.551604728151702, 54.40233025049573, 0.0 ], [ -112.551353932825407, 54.40246456313195, 0.0 ], [ -112.551184580975999, 54.402533345729147, 0.0 ], [ -112.551053796338394, 54.402568015584848, 0.0 ], [ -112.550819530658401, 54.402598247304553, 0.0 ], [ -112.550423276059007, 54.402607290482877, 0.0 ], [ -112.550423124956794, 54.40260729101383, 0.0 ], [ -112.549898941270499, 54.402595392932803, 0.0 ], [ -112.548798383548501, 54.402554971217057, 0.0 ], [ -112.548421241658204, 54.402755243842762, 0.0 ], [ -112.548225083070506, 54.40284434204311, 0.0 ], [ -112.548134804686995, 54.402876953594458, 0.0 ], [ -112.548046039720703, 54.402902311036748, 0.0 ], [ -112.547861981375604, 54.402933287134033, 0.0 ], [ -112.547294695566606, 54.402953868255643, 0.0 ], [ -112.547140575377796, 54.402973939835597, 0.0 ], [ -112.547016620346696, 54.403012881185568, 0.0 ], [ -112.546965121716795, 54.403038905236627, 0.0 ], [ -112.546881291249207, 54.403102944509023, 0.0 ], [ -112.546820642945306, 54.403181484840211, 0.0 ], [ -112.546779902183602, 54.403272571061471, 0.0 ], [ -112.546744206884398, 54.403483104425398, 0.0 ], [ -112.546744617321494, 54.403716315905832, 0.0 ], [ -112.5467501831085, 54.403804929300968, 0.0 ], [ -112.546697372452698, 54.403803855950507, 0.0 ], [ -112.546299031487393, 54.404020598259358, 0.0 ], [ -112.546278575240606, 54.404473715322723, 0.0 ], [ -112.546303408880206, 54.404955161794071, 0.0 ], [ -112.546239601663402, 54.404985863824407, 0.0 ], [ -112.546023286974304, 54.405012285482456, 0.0 ], [ -112.545891301317695, 54.405046205948587, 0.0 ], [ -112.545649620788097, 54.405127990044477, 0.0 ], [ -112.545513473398501, 54.405159307284102, 0.0 ], [ -112.545436111549904, 54.405169155995459, 0.0 ], [ -112.545172370593903, 54.405178901764643, 0.0 ], [ -112.544404422464396, 54.405164450690172, 0.0 ], [ -112.544232162656797, 54.405173177467837, 0.0 ], [ -112.544077735519906, 54.405193059109678, 0.0 ], [ -112.543943667252805, 54.405225675993002, 0.0 ], [ -112.543772359915494, 54.405293239441107, 0.0 ], [ -112.543521223883801, 54.405427349366782, 0.0 ], [ -112.543384985952997, 54.405516850783478, 0.0 ], [ -112.543279508829102, 54.405625594808349, 0.0 ], [ -112.543233561821097, 54.405713336257428, 0.0 ], [ -112.543205001551797, 54.405811954043799, 0.0 ], [ -112.543182803228603, 54.406031035273877, 0.0 ], [ -112.5431814700611, 54.406149604543181, 0.0 ], [ -112.543085290484399, 54.406203619311967, 0.0 ], [ -112.543083196270501, 54.406668244738142, 0.0 ], [ -112.543050764144894, 54.406940634761654, 0.0 ], [ -112.542974110460804, 54.407007086579007, 0.0 ], [ -112.5428737698508, 54.407060804250143, 0.0 ], [ -112.542762804571694, 54.407096411953397, 0.0 ], [ -112.542261647631094, 54.407086209081321, 0.0 ], [ -112.542107446458104, 54.407170094723547, 0.0 ], [ -112.541863251349895, 54.407302936067119, 0.0 ], [ -112.541492714960697, 54.40753709214443, 0.0 ], [ -112.540667063883006, 54.407486547393191, 0.0 ], [ -112.540296519099201, 54.407720699703589, 0.0 ], [ -112.539898106392002, 54.407937420010057, 0.0 ], [ -112.539128176209104, 54.407921726286347, 0.0 ], [ -112.5387503951345, 54.408151354659751, 0.0 ], [ -112.537959822200406, 54.408122741435022, 0.0 ], [ -112.537561393436604, 54.408339453846118, 0.0 ], [ -112.537162960473907, 54.408556164891039, 0.0 ], [ -112.536764523312101, 54.408772874569749, 0.0 ], [ -112.536366081951201, 54.408989582882228, 0.0 ], [ -112.535967636391206, 54.409206289828461, 0.0 ], [ -112.535940692751595, 54.409655418904698, 0.0 ], [ -112.535542238423005, 54.409872124333887, 0.0 ], [ -112.534362525567005, 54.409833045107227, 0.0 ], [ -112.533771555380298, 54.409811434162592, 0.0 ], [ -112.533771415409007, 54.409811428604847, 0.0 ], [ -112.533769779856499, 54.409811731549823, 0.0 ], [ -112.533723171827702, 54.409812485399407, 0.0 ], [ -112.533706404238202, 54.409809050827057, 0.0 ], [ -112.533631482444704, 54.409793704129207, 0.0 ], [ -112.533363501782802, 54.409688669545197, 0.0 ], [ -112.533219221719804, 54.409652175177492, 0.0 ], [ -112.533049658775397, 54.409628474452681, 0.0 ], [ -112.532765745871103, 54.409611610717668, 0.0 ], [ -112.532374780909905, 54.409610993048283, 0.0 ], [ -112.5320164555378, 54.409634245795552, 0.0 ], [ -112.531792065625396, 54.409676244715477, 0.0 ], [ -112.531667034938295, 54.409717127198988, 0.0 ], [ -112.531555898783793, 54.409765398619747, 0.0 ], [ -112.530556707588602, 54.410305532765157, 0.0 ], [ -112.530373214688893, 54.410423732020092, 0.0 ], [ -112.530301527930206, 54.410495383300344, 0.0 ], [ -112.530250792592, 54.410580144162012, 0.0 ], [ -112.530175069662306, 54.410824030020088, 0.0 ], [ -112.530132649520596, 54.41091408731139, 0.0 ], [ -112.530068842374504, 54.410990576348738, 0.0 ], [ -112.529915063887202, 54.411127370103912, 0.0 ], [ -112.529851096596204, 54.411203945690239, 0.0 ], [ -112.5298086861347, 54.411293823200189, 0.0 ], [ -112.529740449183095, 54.41150656878164, 0.0 ], [ -112.529659474967602, 54.411550598289637, 0.0 ], [ -112.529260969442007, 54.411767282382392, 0.0 ], [ -112.5288728975369, 54.411978289771817, 0.0 ], [ -112.528862459716606, 54.411983965108377, 0.0 ], [ -112.528815402603698, 54.411954520896721, 0.0 ], [ -112.528490973669093, 54.411751520109547, 0.0 ], [ -112.528489952655207, 54.411751499205522, 0.0 ], [ -112.527720978638598, 54.411735752931328, 0.0 ], [ -112.527322461256105, 54.411952430492349, 0.0 ], [ -112.526948032367699, 54.412187996667349, 0.0 ], [ -112.526180755543095, 54.412196803664777, 0.0 ], [ -112.525380861268701, 54.412188584984023, 0.0 ], [ -112.524581951875206, 54.412164029023941, 0.0 ], [ -112.523817628017497, 54.41212382503123, 0.0 ], [ -112.523472478106697, 54.411873508108009, 0.0 ], [ -112.523101024058207, 54.411641046849738, 0.0 ], [ -112.522729574209393, 54.411408584484498, 0.0 ], [ -112.521959588953607, 54.411392780646388, 0.0 ], [ -112.521588147876002, 54.411160314851713, 0.0 ], [ -112.521216710998004, 54.410927847950127, 0.0 ], [ -112.520446735630003, 54.410912034561889, 0.0 ], [ -112.520105198342506, 54.410663315273183, 0.0 ], [ -112.519275446341595, 54.41067999237189, 0.0 ], [ -112.518933918136, 54.410431269855508, 0.0 ], [ -112.518137382747696, 54.410429885387593, 0.0 ], [ -112.517393989412597, 54.410399609264331, 0.0 ], [ -112.517421136471697, 54.409950486528281, 0.0 ], [ -112.517784285119006, 54.409761702924477, 0.0 ], [ -112.517783675596704, 54.409695864282703, 0.0 ], [ -112.517804816245501, 54.409578212758632, 0.0 ], [ -112.517838449815997, 54.409486230494167, 0.0 ], [ -112.517846827065995, 54.409284719005257, 0.0 ], [ -112.517991876639698, 54.409287701526878, 0.0 ], [ -112.518090722894698, 54.409222637905302, 0.0 ], [ -112.518636936352394, 54.408966719813087, 0.0 ], [ -112.518643903030494, 54.408851425415293, 0.0 ], [ -112.519042434714393, 54.408634776569521, 0.0 ], [ -112.519106778058202, 54.408599798051867, 0.0 ], [ -112.519185312603895, 54.408374016536271, 0.0 ], [ -112.519230719607705, 54.408285912894172, 0.0 ], [ -112.519296776224706, 54.408210734736947, 0.0 ], [ -112.519451766913804, 54.408074698618741, 0.0 ], [ -112.519462474096102, 54.408061912974958, 0.0 ], [ -112.519481645986204, 54.407744440970248, 0.0 ], [ -112.519636387280599, 54.407660316070732, 0.0 ], [ -112.519684710787701, 54.407579619982641, 0.0 ], [ -112.519798574180399, 54.407476104683887, 0.0 ], [ -112.520135610692606, 54.407279233891423, 0.0 ], [ -112.520260909563206, 54.407182878190319, 0.0 ], [ -112.5203452088369, 54.407060857749848, 0.0 ], [ -112.520420982258301, 54.406816979359967, 0.0 ], [ -112.520463413710203, 54.406727014532279, 0.0 ], [ -112.520527385696496, 54.406650533804743, 0.0 ], [ -112.520682360890802, 54.406514585794277, 0.0 ], [ -112.520748417348003, 54.406439316939803, 0.0 ], [ -112.520793813329206, 54.406351302450979, 0.0 ], [ -112.520878798606105, 54.406113098199768, 0.0 ], [ -112.520932072809103, 54.406029922148292, 0.0 ], [ -112.521047859903604, 54.405927614402223, 0.0 ], [ -112.521421985197406, 54.405705959974647, 0.0 ], [ -112.521427731683403, 54.40569991824372, 0.0 ], [ -112.521156992672104, 54.405530452625889, 0.0 ], [ -112.520785609736507, 54.405297984793037, 0.0 ], [ -112.520778653938606, 54.404867378506118, 0.0 ], [ -112.520812572421804, 54.404414550285971, 0.0 ], [ -112.520866922212804, 54.403950611853283, 0.0 ], [ -112.520921270614807, 54.403486673350649, 0.0 ], [ -112.520955184322702, 54.403033845834017, 0.0 ], [ -112.520948227990203, 54.402603238528258, 0.0 ], [ -112.520545245690002, 54.402387965721132, 0.0 ], [ -112.520603974927795, 54.40192164579117, 0.0 ], [ -112.520631910509096, 54.401699818999681, 0.0 ], [ -112.520536072526994, 54.401635689076024, 0.0 ], [ -112.520462839408395, 54.40156691236708, 0.0 ], [ -112.520408411933403, 54.401487909465729, 0.0 ], [ -112.520352886500305, 54.401289817376437, 0.0 ], [ -112.5202597329681, 54.401240052122368, 0.0 ], [ -112.520277260934606, 54.401075908921733, 0.0 ], [ -112.520129962991803, 54.40087332039267, 0.0 ], [ -112.520126115951996, 54.40084509130169, 0.0 ], [ -112.520149520405894, 54.400789361999678, 0.0 ], [ -112.520204835261794, 54.400720550540157, 0.0 ], [ -112.519915502110507, 54.400558457521868, 0.0 ], [ -112.5199282416377, 54.400347404124069, 0.0 ], [ -112.519865211098804, 54.400310275669483, 0.0 ], [ -112.519734416792701, 54.400211985751923, 0.0 ], [ -112.519671410485799, 54.400132176628347, 0.0 ], [ -112.519649813190199, 54.400086494855941, 0.0 ], [ -112.519628453489005, 54.399940026367403, 0.0 ], [ -112.519627791741996, 54.399935488973199, 0.0 ], [ -112.519647811388694, 54.399833642823168, 0.0 ], [ -112.519695025063996, 54.399740988486009, 0.0 ], [ -112.519766612152907, 54.399663316527217, 0.0 ], [ -112.519974562799703, 54.399492033931303, 0.0 ], [ -112.520007727892093, 54.399453323293109, 0.0 ], [ -112.520055745291401, 54.399365183050293, 0.0 ], [ -112.520092265304001, 54.399212142370693, 0.0 ], [ -112.520138245643295, 54.398774647707043, 0.0 ], [ -112.5201714600651, 54.398678918434157, 0.0 ], [ -112.520224577057604, 54.398595649527103, 0.0 ], [ -112.520297893606894, 54.398525026934792, 0.0 ], [ -112.520433117671203, 54.398434900855733, 0.0 ], [ -112.520783035559205, 54.398245488322097, 0.0 ], [ -112.521099472806995, 54.398087224605767, 0.0 ], [ -112.521197844264094, 54.398027908425817, 0.0 ], [ -112.521280831196705, 54.39795793354574, 0.0 ], [ -112.521341299657493, 54.397872836549539, 0.0 ], [ -112.521381466981495, 54.397723108118818, 0.0 ], [ -112.521359445521597, 54.397572013517703, 0.0 ], [ -112.521337847651694, 54.397526331125817, 0.0 ], [ -112.521275649813504, 54.397445909850397, 0.0 ], [ -112.521117453692597, 54.397303709288437, 0.0 ], [ -112.521047677650003, 54.39722628000996, 0.0 ], [ -112.520982421530306, 54.397086707612878, 0.0 ], [ -112.520962866805704, 54.396981620120243, 0.0 ], [ -112.520957970221204, 54.39687116771367, 0.0 ], [ -112.520984074267801, 54.396647942386259, 0.0 ], [ -112.521047703714601, 54.396487453909103, 0.0 ], [ -112.521120785626593, 54.396387416860271, 0.0 ], [ -112.521577817878196, 54.395983095919732, 0.0 ], [ -112.521848961119105, 54.395709141567281, 0.0 ], [ -112.521709349498295, 54.395631987487121, 0.0 ], [ -112.521570194298903, 54.395572829871227, 0.0 ], [ -112.521433224332696, 54.395528556456391, 0.0 ], [ -112.521300003674597, 54.395496231476052, 0.0 ], [ -112.520751764704997, 54.39540690608122, 0.0 ], [ -112.520405573109102, 54.395299964792287, 0.0 ], [ -112.520265294637099, 54.395267133904852, 0.0 ], [ -112.520099327427403, 54.395248794383612, 0.0 ], [ -112.519735357040901, 54.395229626139638, 0.0 ], [ -112.519735203646903, 54.395229613993671, 0.0 ], [ -112.519568280321096, 54.395211800002663, 0.0 ], [ -112.519429563894406, 54.395178640490698, 0.0 ], [ -112.519321444440095, 54.395128841929797, 0.0 ], [ -112.519243603257905, 54.395062577723643, 0.0 ], [ -112.519195879393905, 54.39497993455884, 0.0 ], [ -112.519175249548397, 54.39488255911813, 0.0 ], [ -112.519156339542803, 54.394621354976827, 0.0 ], [ -112.519123113858598, 54.394530915514743, 0.0 ], [ -112.519064081981497, 54.394454335383443, 0.0 ], [ -112.518897727903905, 54.394327612891317, 0.0 ], [ -112.516948914397105, 54.393106938699908, 0.0 ], [ -112.516891639974304, 54.39306687540072, 0.0 ], [ -112.516817901865807, 54.393015296030271, 0.0 ], [ -112.5167446884154, 54.392946517171907, 0.0 ], [ -112.516690282122497, 54.392867512750307, 0.0 ], [ -112.516657706028994, 54.392776636202981, 0.0 ], [ -112.516622755856204, 54.392621319899547, 0.0 ], [ -112.516156838758505, 54.392611731844518, 0.0 ], [ -112.515810478020001, 54.392362728742853, 0.0 ], [ -112.515050243681699, 54.39232323120919, 0.0 ], [ -112.514257385497004, 54.392296683209352, 0.0 ], [ -112.513457344913107, 54.392283609186663, 0.0 ], [ -112.512675561768205, 54.392284533318403, 0.0 ], [ -112.5119374805885, 54.392299978733348, 0.0 ], [ -112.511568770548294, 54.392535205574021, 0.0 ], [ -112.510754599839402, 54.392491434544347, 0.0 ], [ -112.5099998240659, 54.392484858083407, 0.0 ], [ -112.509601404901701, 54.392701478754489, 0.0 ], [ -112.509202981542998, 54.392918098058743, 0.0 ], [ -112.5084333504239, 54.392902211617518, 0.0 ], [ -112.508034919049507, 54.393118826973222, 0.0 ], [ -112.507636483480397, 54.393335440961948, 0.0 ], [ -112.507238043716598, 54.393552053583683, 0.0 ], [ -112.506447779682006, 54.393523238016677, 0.0 ], [ -112.506069954103296, 54.393752763168379, 0.0 ], [ -112.505300309196997, 54.393736856596441, 0.0 ], [ -112.504922475265801, 54.393966378957828, 0.0 ], [ -112.504132205423801, 54.393937547264599, 0.0 ], [ -112.503733741613601, 54.394154148039377, 0.0 ], [ -112.503335273608599, 54.394370747446949, 0.0 ], [ -112.5025449973825, 54.394341906189837, 0.0 ], [ -112.502167142718093, 54.39457141878345, 0.0 ], [ -112.501397483237895, 54.39455548714578, 0.0 ], [ -112.5009990007417, 54.394772078686373, 0.0 ], [ -112.500600512511099, 54.394988668827708, 0.0 ], [ -112.499801154068606, 54.394954124672068, 0.0 ], [ -112.499021592061098, 54.394931977609133, 0.0 ], [ -112.498662683533297, 54.395173364190534, 0.0 ], [ -112.497898655429395, 54.395208628241278, 0.0 ], [ -112.497055904970594, 54.395226355862313, 0.0 ], [ -112.496246877333704, 54.395201626393558, 0.0 ], [ -112.495584019492398, 54.395109517645068, 0.0 ], [ -112.495591262868899, 54.394671340800542, 0.0 ], [ -112.495240248259506, 54.394427857859583, 0.0 ], [ -112.494869111290896, 54.394195312500443, 0.0 ], [ -112.494491215829001, 54.394424801522447, 0.0 ], [ -112.493700946641198, 54.394395901510549, 0.0 ], [ -112.493271497458096, 54.394593088280452, 0.0 ], [ -112.492848228657294, 54.394794148719782, 0.0 ], [ -112.492895054914399, 54.395289774598652, 0.0 ], [ -112.492477963068396, 54.395494709797397, 0.0 ], [ -112.492435712564401, 54.395934522955287, 0.0 ], [ -112.492452841910307, 54.396411544574853, 0.0 ], [ -112.492024603686701, 54.396609501459217, 0.0 ], [ -112.492017811825605, 54.397071536320937, 0.0 ], [ -112.491598635263401, 54.397275176112608, 0.0 ], [ -112.491200073771296, 54.397491734345977, 0.0 ], [ -112.490801508083507, 54.397708291211302, 0.0 ], [ -112.490402936660701, 54.397924846676531, 0.0 ], [ -112.490004364121106, 54.398141400837673, 0.0 ], [ -112.489234646507398, 54.398125391012059, 0.0 ], [ -112.488836064413505, 54.398341941190012, 0.0 ], [ -112.488437476584295, 54.398558489967712, 0.0 ], [ -112.488038887638297, 54.39877503744124, 0.0 ], [ -112.487640292956897, 54.398991583514473, 0.0 ], [ -112.487241694079501, 54.399208128219392, 0.0 ], [ -112.487214228083403, 54.39965724143201, 0.0 ], [ -112.486815620436801, 54.399873784615167, 0.0 ], [ -112.486452352757297, 54.400112476494613, 0.0 ], [ -112.486075628631198, 54.400355168940443, 0.0 ], [ -112.485251700848707, 54.400348711984869, 0.0 ], [ -112.484478881703197, 54.400274790657598, 0.0 ], [ -112.484107754904898, 54.400042212497908, 0.0 ], [ -112.483736632302794, 54.399809633233779, 0.0 ], [ -112.4833655138968, 54.39957705286529, 0.0 ], [ -112.482962509732303, 54.399361793766893, 0.0 ], [ -112.483037856245602, 54.398886698413627, 0.0 ], [ -112.483049422480505, 54.398446247785088, 0.0 ], [ -112.482656173116297, 54.398225694870391, 0.0 ], [ -112.482705834184301, 54.397764553671337, 0.0 ], [ -112.482302851023505, 54.397549292538578, 0.0 ], [ -112.482378201169197, 54.397074197513483, 0.0 ], [ -112.482389773352295, 54.39663374689809, 0.0 ], [ -112.482018690818606, 54.396401162665363, 0.0 ], [ -112.481647610940797, 54.396168577296358, 0.0 ], [ -112.4812765383368, 54.395935990887459, 0.0 ], [ -112.480905468388499, 54.39570340334236, 0.0 ], [ -112.4805344026353, 54.395470814693198, 0.0 ], [ -112.480163341077002, 54.395238224939988, 0.0 ], [ -112.479393683619705, 54.395222152969602, 0.0 ], [ -112.479430087382994, 54.394768231083347, 0.0 ], [ -112.479050181571097, 54.394540449056443, 0.0 ], [ -112.479077731556501, 54.39409133827607, 0.0 ], [ -112.4783080962074, 54.394075259614439, 0.0 ], [ -112.477937059817407, 54.393842663237628, 0.0 ], [ -112.477566027622004, 54.393610065756981, 0.0 ], [ -112.477194999620906, 54.39337746717252, 0.0 ], [ -112.477244712734503, 54.392916329344708, 0.0 ], [ -112.476865334853201, 54.392471202294743, 0.0 ], [ -112.476851682666094, 54.391996248358723, 0.0 ], [ -112.477291488040905, 54.391805581191292, 0.0 ], [ -112.477319054457993, 54.391356470813903, 0.0 ], [ -112.477717627188198, 54.391139957470088, 0.0 ], [ -112.478116195614305, 54.390923444554311, 0.0 ], [ -112.478514759901799, 54.390706929371909, 0.0 ], [ -112.478913318456506, 54.390490412788971, 0.0 ], [ -112.478940867367996, 54.39004130178499, 0.0 ], [ -112.479710427602299, 54.390057375614539, 0.0 ], [ -112.480108973576193, 54.389840854926689, 0.0 ], [ -112.4801365087731, 54.389391743461204, 0.0 ], [ -112.480555657705906, 54.389188142953593, 0.0 ], [ -112.480562575852005, 54.38872610958898, 0.0 ], [ -112.480961105835704, 54.388509585889281, 0.0 ], [ -112.481359631626304, 54.388293060821432, 0.0 ], [ -112.481758151684701, 54.388076534353367, 0.0 ], [ -112.4821566706282, 54.387860006581448, 0.0 ], [ -112.482926191952004, 54.387876059485912, 0.0 ], [ -112.483324699808804, 54.38765952769932, 0.0 ], [ -112.483723206550806, 54.387442994608968, 0.0 ], [ -112.484121707560703, 54.387226460118583, 0.0 ], [ -112.484520202838794, 54.387009924228181, 0.0 ], [ -112.485289709655007, 54.387025961902822, 0.0 ], [ -112.485688200002599, 54.386809422126447, 0.0 ], [ -112.4860866846184, 54.386592880950239, 0.0 ], [ -112.486876797040395, 54.386621829195171, 0.0 ], [ -112.4872546611644, 54.386392363433963, 0.0 ], [ -112.487653133578902, 54.386175816940138, 0.0 ], [ -112.488051601800706, 54.38595926907864, 0.0 ], [ -112.488821091045395, 54.385975284041983, 0.0 ], [ -112.4892195512586, 54.38575873223089, 0.0 ], [ -112.489246981310799, 54.385309617288343, 0.0 ], [ -112.489645431223593, 54.385093063924423, 0.0 ], [ -112.490043880021901, 54.384876509256962, 0.0 ], [ -112.490442321549907, 54.384659953157993, 0.0 ], [ -112.491211789437202, 54.384675952662313, 0.0 ], [ -112.4915828195643, 54.384908508432879, 0.0 ], [ -112.4919538569617, 54.38514106316326, 0.0 ], [ -112.492324897012494, 54.385373616757441, 0.0 ], [ -112.493094376279601, 54.385389604342087, 0.0 ], [ -112.493465426630493, 54.385622154545402, 0.0 ], [ -112.493836479634894, 54.385854703612416, 0.0 ], [ -112.494234912756795, 54.385638134943079, 0.0 ], [ -112.494633341685997, 54.38542156490643, 0.0 ], [ -112.495402823207897, 54.385437537790239, 0.0 ], [ -112.495801245666598, 54.385220963836673, 0.0 ], [ -112.495905550445798, 54.384773443330481, 0.0 ], [ -112.4958559602196, 54.384322729306113, 0.0 ], [ -112.495432518012805, 54.384107086462393, 0.0 ], [ -112.495435871342906, 54.383630489890479, 0.0 ], [ -112.495539628336203, 54.38319195193786, 0.0 ], [ -112.495958640017093, 54.382988296289703, 0.0 ], [ -112.495965380314701, 54.382526259729111, 0.0 ], [ -112.496363769636503, 54.382309683459148, 0.0 ], [ -112.4967621547665, 54.382093105822101, 0.0 ], [ -112.496768883980906, 54.381631069922847, 0.0 ], [ -112.497187873611594, 54.3814274088259, 0.0 ], [ -112.497215213845493, 54.380978290854578, 0.0 ], [ -112.497242551790393, 54.380529172808373, 0.0 ], [ -112.497726401642197, 54.380314364730417, 0.0 ], [ -112.4976682474651, 54.379863473736997, 0.0 ], [ -112.496872309436597, 54.379861955246497, 0.0 ], [ -112.496517890857007, 54.379620391333141, 0.0 ], [ -112.496173435358401, 54.379373412895177, 0.0 ], [ -112.495785827487495, 54.379149894637528, 0.0 ], [ -112.495016460257105, 54.379133925369629, 0.0 ], [ -112.495052673405795, 54.378679995718883, 0.0 ], [ -112.494672825369804, 54.378452262982456, 0.0 ], [ -112.494630449785703, 54.378018905316829, 0.0 ], [ -112.494645540052502, 54.377545442560162, 0.0 ], [ -112.494714743609606, 54.377086869991963, 0.0 ], [ -112.494787288556594, 54.377054026509349, 0.0 ], [ -112.494818832751307, 54.376947225465223, 0.0 ], [ -112.494893902271798, 54.376799848161617, 0.0 ], [ -112.494963731103795, 54.376718285916247, 0.0 ], [ -112.495205060091394, 54.376512213419929, 0.0 ], [ -112.495254753964502, 54.376426984509123, 0.0 ], [ -112.495315507009593, 54.376041953148643, 0.0 ], [ -112.495317802803896, 54.375533789557238, 0.0 ], [ -112.495340827940694, 54.375315090753652, 0.0 ], [ -112.495342169367305, 54.375311252201968, 0.0 ], [ -112.495323560520006, 54.375063051379477, 0.0 ], [ -112.494939990875096, 54.374833071614667, 0.0 ], [ -112.494520747763701, 54.37462677766031, 0.0 ], [ -112.493783348296603, 54.374571313707378, 0.0 ], [ -112.4929733465151, 54.37454645600539, 0.0 ], [ -112.492184938769, 54.374554162739287, 0.0 ], [ -112.491814574285996, 54.374795397134861, 0.0 ], [ -112.491045292343898, 54.37477940345412, 0.0 ], [ -112.490675843824107, 54.375023330910111, 0.0 ], [ -112.489874726138794, 54.375028081778439, 0.0 ], [ -112.489076220026206, 54.374990053548807, 0.0 ], [ -112.488737449491495, 54.374731392989773, 0.0 ], [ -112.488366525749299, 54.374498829267338, 0.0 ], [ -112.487995604658295, 54.374266264409307, 0.0 ], [ -112.487624687756906, 54.374033698447732, 0.0 ], [ -112.487253775045005, 54.373801131382621, 0.0 ], [ -112.486882866522606, 54.37356856321405, 0.0 ], [ -112.486910309769797, 54.373119448163457, 0.0 ], [ -112.486517278782301, 54.372898909387423, 0.0 ], [ -112.486566855556404, 54.372437764018379, 0.0 ], [ -112.486240223329702, 54.372181134095499, 0.0 ], [ -112.485884012962998, 54.371940583790114, 0.0 ], [ -112.485105979772896, 54.371929340134649, 0.0 ], [ -112.4842719458576, 54.371948534123142, 0.0 ], [ -112.483517400025406, 54.371924514058762, 0.0 ], [ -112.483108589090193, 54.371712557408017, 0.0 ], [ -112.482713442581996, 54.371493174973963, 0.0 ], [ -112.482796320020896, 54.371013952778547, 0.0 ], [ -112.482830634444795, 54.370561126701467, 0.0 ], [ -112.4824597800026, 54.370328545403801, 0.0 ], [ -112.482088929748997, 54.370095963003038, 0.0 ], [ -112.481998186296593, 54.370039051782243, 0.0 ], [ -112.481718083683901, 54.369863379499201, 0.0 ], [ -112.4813472418071, 54.369630794892338, 0.0 ], [ -112.480948899881497, 54.369847322466107, 0.0 ], [ -112.480550553767401, 54.370063848672622, 0.0 ], [ -112.480506749779707, 54.370087658676951, 0.0 ], [ -112.480152203464897, 54.370280373511868, 0.0 ], [ -112.479383012795395, 54.370264306419656, 0.0 ], [ -112.478613822881201, 54.370248234430022, 0.0 ], [ -112.478236062558693, 54.370477674766491, 0.0 ], [ -112.477446267798996, 54.37044867327203, 0.0 ], [ -112.477047897742295, 54.37066518673538, 0.0 ], [ -112.476649523386797, 54.37088170062772, 0.0 ], [ -112.476251144897901, 54.371098212254317, 0.0 ], [ -112.475852762220299, 54.371314722513347, 0.0 ], [ -112.475454375353905, 54.371531231404809, 0.0 ], [ -112.475055984298905, 54.371747738928647, 0.0 ], [ -112.474657589054999, 54.371964245084882, 0.0 ], [ -112.474259188083806, 54.372180749841199, 0.0 ], [ -112.473105355860199, 54.372156590514052, 0.0 ], [ -112.472756675548794, 54.371911952861623, 0.0 ], [ -112.471965326263103, 54.371907865139278, 0.0 ], [ -112.471594522416396, 54.371675251023582, 0.0 ], [ -112.471223721219999, 54.371442635773093, 0.0 ], [ -112.470852927289101, 54.371210019484543, 0.0 ], [ -112.4700996612859, 54.371185233350808, 0.0 ], [ -112.469282649593794, 54.371195080545313, 0.0 ], [ -112.468943740834206, 54.370945139483609, 0.0 ], [ -112.468572962877303, 54.370712516325852, 0.0 ], [ -112.468202189108794, 54.37047989206571, 0.0 ], [ -112.467433001794703, 54.37046374879894, 0.0 ], [ -112.467062236782297, 54.370231121120618, 0.0 ], [ -112.466690513582193, 54.370470021502392, 0.0 ], [ -112.465911778314805, 54.370478650976892, 0.0 ], [ -112.465102530126401, 54.370461651417841, 0.0 ], [ -112.464326871324204, 54.370420369412621, 0.0 ], [ -112.463985513388494, 54.370166489817287, 0.0 ], [ -112.463614770836202, 54.369933851773958, 0.0 ], [ -112.463244032472204, 54.369701212628577, 0.0 ], [ -112.4624748627146, 54.369685037030251, 0.0 ], [ -112.462127806469198, 54.369415419798841, 0.0 ], [ -112.461334968567002, 54.369436213452843, 0.0 ], [ -112.460936525314196, 54.369652673836818, 0.0 ], [ -112.460538076334998, 54.369869132820149, 0.0 ], [ -112.4604955195679, 54.370308933066767, 0.0 ], [ -112.460512280048505, 54.370785956984513, 0.0 ], [ -112.460313314623306, 54.370877903676529, 0.0 ], [ -112.460084160884605, 54.370983802479408, 0.0 ], [ -112.4600690192554, 54.371228999050153, 0.0 ], [ -112.460056427063094, 54.371432908404273, 0.0 ], [ -112.459287226786302, 54.371416713049697, 0.0 ], [ -112.458888753454403, 54.371633166282201, 0.0 ], [ -112.458547912942905, 54.371384278045532, 0.0 ], [ -112.458354941007499, 54.371388064690812, 0.0 ], [ -112.457718942591001, 54.371400541300893, 0.0 ], [ -112.457378111090904, 54.371151650746548, 0.0 ], [ -112.457007397853403, 54.370918992743029, 0.0 ], [ -112.456636688804295, 54.370686333637742, 0.0 ], [ -112.456608916129596, 54.371135438351978, 0.0 ], [ -112.456210433294203, 54.371351882657223, 0.0 ], [ -112.455811944732005, 54.371568325561427, 0.0 ], [ -112.455413450442805, 54.371784767064568, 0.0 ], [ -112.454644246360203, 54.371768542058582, 0.0 ], [ -112.454274616204998, 54.372012356169577, 0.0 ], [ -112.453473560715693, 54.37201686594274, 0.0 ], [ -112.452675152814706, 54.371978597765839, 0.0 ], [ -112.452336640228097, 54.371719837688453, 0.0 ], [ -112.451938128060505, 54.371936267526237, 0.0 ], [ -112.451539611704504, 54.372152695995148, 0.0 ], [ -112.451141089621402, 54.372369123062711, 0.0 ], [ -112.450329512224101, 54.372326279236091, 0.0 ], [ -112.449602667022802, 54.372336613511813, 0.0 ], [ -112.449568933931005, 54.372782022566803, 0.0 ], [ -112.449176280523105, 54.373002136091259, 0.0 ], [ -112.449148425605699, 54.373451238061271, 0.0 ], [ -112.4487498799284, 54.373667656947418, 0.0 ], [ -112.448351330062096, 54.373884074464463, 0.0 ], [ -112.448344059371394, 54.374346103121667, 0.0 ], [ -112.447924906610993, 54.374549592072533, 0.0 ], [ -112.447535960759296, 54.3745413646581, 0.0 ], [ -112.4472653508749, 54.374368261086403, 0.0 ], [ -112.446989819762805, 54.374359733209133, 0.0 ], [ -112.446766622324702, 54.374364270338447, 0.0 ], [ -112.446766471329099, 54.374364270740742, 0.0 ], [ -112.446587882316294, 54.374379828175122, 0.0 ], [ -112.446447273436306, 54.374404013781323, 0.0 ], [ -112.446337377963403, 54.374434695253591, 0.0 ], [ -112.446251089270007, 54.374469742720898, 0.0 ], [ -112.445900615340094, 54.374673230337741, 0.0 ], [ -112.445789848435894, 54.374732210826267, 0.0 ], [ -112.445603207508697, 54.374725307875671, 0.0 ], [ -112.445204630987106, 54.37494171467241, 0.0 ], [ -112.444806050276398, 54.375158120099798, 0.0 ], [ -112.444407465376401, 54.375374524157827, 0.0 ], [ -112.444008876287, 54.375590926846428, 0.0 ], [ -112.443236815686504, 54.375619538386957, 0.0 ], [ -112.442630935061104, 54.375571150962827, 0.0 ], [ -112.442613913606607, 54.375537531008341, 0.0 ], [ -112.442559940638006, 54.375295622204561, 0.0 ], [ -112.442527540182098, 54.375204727332459, 0.0 ], [ -112.442472182364, 54.375126296948487, 0.0 ], [ -112.442391954015406, 54.375061369726261, 0.0 ], [ -112.442286852101702, 54.375009945551803, 0.0 ], [ -112.442156878154904, 54.374972024392868, 0.0 ], [ -112.442003945376399, 54.374946567471042, 0.0 ], [ -112.441594587891601, 54.374897595809713, 0.0 ], [ -112.441389505750706, 54.374846209339417, 0.0 ], [ -112.441227630580499, 54.37477136552485, 0.0 ], [ -112.440902723357695, 54.374563552516662, 0.0 ], [ -112.440778228404696, 54.374511895544387, 0.0 ], [ -112.440615000757205, 54.374471198765171, 0.0 ], [ -112.440514270882801, 54.374456020961652, 0.0 ], [ -112.440260601086706, 54.374435350070982, 0.0 ], [ -112.439916327443996, 54.374424897925842, 0.0 ], [ -112.439174307879199, 54.374421652911323, 0.0 ], [ -112.438704270394993, 54.374666921008057, 0.0 ], [ -112.438541063943106, 54.374732259225041, 0.0 ], [ -112.438470402126299, 54.374751264156508, 0.0 ], [ -112.438404151456695, 54.374761280718573, 0.0 ], [ -112.438282123266902, 54.374756621359637, 0.0 ], [ -112.438181735010104, 54.374726069392523, 0.0 ], [ -112.438114438744705, 54.37467868199392, 0.0 ], [ -112.4380918402411, 54.374623518710493, 0.0 ], [ -112.438100212670506, 54.374595456722602, 0.0 ], [ -112.438149207191401, 54.374538486742772, 0.0 ], [ -112.438306929624602, 54.374407827280727, 0.0 ], [ -112.438376991288393, 54.374326751310569, 0.0 ], [ -112.438427316643001, 54.374233564301271, 0.0 ], [ -112.438474371826402, 54.374076631456731, 0.0 ], [ -112.438512929855705, 54.373791445912282, 0.0 ], [ -112.438520672138097, 54.373444537961333, 0.0 ], [ -112.438492421989807, 54.373230334483083, 0.0 ], [ -112.438434800405304, 54.373091955072653, 0.0 ], [ -112.438336777093895, 54.372978979865437, 0.0 ], [ -112.438210058312805, 54.372884012550657, 0.0 ], [ -112.436960280562403, 54.37209793983498, 0.0 ], [ -112.436791081148598, 54.371972838525593, 0.0 ], [ -112.436726650603404, 54.371899339058238, 0.0 ], [ -112.436683742705497, 54.37181415512056, 0.0 ], [ -112.436629810426894, 54.371572243995942, 0.0 ], [ -112.4365974273924, 54.37148134679024, 0.0 ], [ -112.436572865482901, 54.371440443461147, 0.0 ], [ -112.436505087993794, 54.371368761454683, 0.0 ], [ -112.436412438845906, 54.371310581343387, 0.0 ], [ -112.436294918057399, 54.371265903070523, 0.0 ], [ -112.436152673834698, 54.371234819651818, 0.0 ], [ -112.435991869214703, 54.371217282096957, 0.0 ], [ -112.435824035211496, 54.371213715276731, 0.0 ], [ -112.435661473956202, 54.371224380635041, 0.0 ], [ -112.435515587523994, 54.371249250734699, 0.0 ], [ -112.435389701571395, 54.371286867374067, 0.0 ], [ -112.435175431149503, 54.371385651025491, 0.0 ], [ -112.434278582687696, 54.371872487504767, 0.0 ], [ -112.434136739761598, 54.371958420274858, 0.0 ], [ -112.4340208374567, 54.3720606438213, 0.0 ], [ -112.433967446083997, 54.37214360083248, 0.0 ], [ -112.433885479551904, 54.372351234442043, 0.0 ], [ -112.433844559677695, 54.372397221202156, 0.0 ], [ -112.433816923246894, 54.372405628154922, 0.0 ], [ -112.433745197936901, 54.372397267270763, 0.0 ], [ -112.433465099614295, 54.372306677167821, 0.0 ], [ -112.433311640609602, 54.37227508113947, 0.0 ], [ -112.4330484122559, 54.372244928778542, 0.0 ], [ -112.432667593602005, 54.372230439516059, 0.0 ], [ -112.432386371304801, 54.372236867562073, 0.0 ], [ -112.432130886147704, 54.372262818862147, 0.0 ], [ -112.431920235567105, 54.372313287837869, 0.0 ], [ -112.431808883468705, 54.372362272596042, 0.0 ], [ -112.4317619140555, 54.37239167204406, 0.0 ], [ -112.431685354306495, 54.37246073407664, 0.0 ], [ -112.431655759909404, 54.372500486524167, 0.0 ], [ -112.431611987053302, 54.372589673176428, 0.0 ], [ -112.431544709323106, 54.372781429055273, 0.0 ], [ -112.431496727762607, 54.372868907179168, 0.0 ], [ -112.431426925196007, 54.372943239404293, 0.0 ], [ -112.431258966847096, 54.373077179740378, 0.0 ], [ -112.431185516966195, 54.373153143012843, 0.0 ], [ -112.431133026137701, 54.373243762783162, 0.0 ], [ -112.431099149219705, 54.37334710043578, 0.0 ], [ -112.431073470231297, 54.373516537604658, 0.0 ], [ -112.431064887824903, 54.373690925649278, 0.0 ], [ -112.431070666199204, 54.373803112144927, 0.0 ], [ -112.431091559299603, 54.373907615919308, 0.0 ], [ -112.431162097930596, 54.37404105764486, 0.0 ], [ -112.431321097053896, 54.374203544070497, 0.0 ], [ -112.431345873799998, 54.374258214564541, 0.0 ], [ -112.431340954369702, 54.374285181341307, 0.0 ], [ -112.431299064706096, 54.374339241999039, 0.0 ], [ -112.4311807674991, 54.374420366314901, 0.0 ], [ -112.431093854865907, 54.374469111710987, 0.0 ], [ -112.430534359220204, 54.374782905238831, 0.0 ], [ -112.430386167379197, 54.374844415127157, 0.0 ], [ -112.430289078340806, 54.374857277189413, 0.0 ], [ -112.430241162902604, 54.374852395624274, 0.0 ], [ -112.430241012523197, 54.374852386125767, 0.0 ], [ -112.430143253576404, 54.374824221809519, 0.0 ], [ -112.429979288412397, 54.374758491901929, 0.0 ], [ -112.429848484313098, 54.374716762244717, 0.0 ], [ -112.429695790764697, 54.374687607235529, 0.0 ], [ -112.429286617750606, 54.374635989317603, 0.0 ], [ -112.4290813904163, 54.374584668583168, 0.0 ], [ -112.428969132408596, 54.374537127368043, 0.0 ], [ -112.428869151801706, 54.374482922399743, 0.0 ], [ -112.427987838604693, 54.373930802558938, 0.0 ], [ -112.427785650709296, 54.373823602513632, 0.0 ], [ -112.427663029652393, 54.37378168512442, 0.0 ], [ -112.427517923001105, 54.373751969543477, 0.0 ], [ -112.427100307149601, 54.373707449096052, 0.0 ], [ -112.426946267171502, 54.373682667925223, 0.0 ], [ -112.426759552567802, 54.373621216025093, 0.0 ], [ -112.426610626012803, 54.373539343375427, 0.0 ], [ -112.424254683060099, 54.372052299868393, 0.0 ], [ -112.424131499185407, 54.371965397393303, 0.0 ], [ -112.424076864414204, 54.371908019227163, 0.0 ], [ -112.424058380037394, 54.371851412859783, 0.0 ], [ -112.424065834331202, 54.371823421179691, 0.0 ], [ -112.424110884767401, 54.371768170384939, 0.0 ], [ -112.4241860900718, 54.371713565159958, 0.0 ], [ -112.424475660513096, 54.371549223047573, 0.0 ], [ -112.424566064786006, 54.371488015859711, 0.0 ], [ -112.424644838799495, 54.371418196049589, 0.0 ], [ -112.424707575581706, 54.371336341839289, 0.0 ], [ -112.424771496611797, 54.371191285935183, 0.0 ], [ -112.424807598540497, 54.371028008229658, 0.0 ], [ -112.424824817607302, 54.370856322926777, 0.0 ], [ -112.424816288511295, 54.370689934065233, 0.0 ], [ -112.424764863759606, 54.370544394789221, 0.0 ], [ -112.424660631784803, 54.370430376063027, 0.0 ], [ -112.424570141728495, 54.370367555920332, 0.0 ], [ -112.424276440673196, 54.370197057910403, 0.0 ], [ -112.423950922919701, 54.369993501860883, 0.0 ], [ -112.423824248357207, 54.369898519893447, 0.0 ], [ -112.423754706071904, 54.369825893376976, 0.0 ], [ -112.423683671335397, 54.369695943937643, 0.0 ], [ -112.423649330650505, 54.369543304003287, 0.0 ], [ -112.423638437356701, 54.369318853967613, 0.0 ], [ -112.423648399100202, 54.369086035268467, 0.0 ], [ -112.423699227111896, 54.368746702298523, 0.0 ], [ -112.423752567446499, 54.368595933781712, 0.0 ], [ -112.423806262815106, 54.368508401600849, 0.0 ], [ -112.423877193001303, 54.368433378246323, 0.0 ], [ -112.423962120620203, 54.368368546093912, 0.0 ], [ -112.424171746886501, 54.368247468178502, 0.0 ], [ -112.424297881381506, 54.368174612525472, 0.0 ], [ -112.424373078235504, 54.368120006148693, 0.0 ], [ -112.424418125528405, 54.368064756090533, 0.0 ], [ -112.424421640472204, 54.368008619381811, 0.0 ], [ -112.424383623236494, 54.367951596027993, 0.0 ], [ -112.424273987467004, 54.367864982758313, 0.0 ], [ -112.424089627751201, 54.36774916275948, 0.0 ], [ -112.423935467301305, 54.367670142696973, 0.0 ], [ -112.423814622350307, 54.367627269725411, 0.0 ], [ -112.423672252331698, 54.367596078713923, 0.0 ], [ -112.423262991552704, 54.367547045846123, 0.0 ], [ -112.4230418654479, 54.367504368654593, 0.0 ], [ -112.422921021938507, 54.367461494802427, 0.0 ], [ -112.422815645133596, 54.367410227155098, 0.0 ], [ -112.422534275937906, 54.367237559619767, 0.0 ], [ -112.421835083060202, 54.366803683840807, 0.0 ], [ -112.4218323097178, 54.366801732260683, 0.0 ], [ -112.421748051335101, 54.366742375247817, 0.0 ], [ -112.421676321243496, 54.366672848513957, 0.0 ], [ -112.421628502837706, 54.366590431879111, 0.0 ], [ -112.4216093891404, 54.366492349764563, 0.0 ], [ -112.421630443339595, 54.366224509361061, 0.0 ], [ -112.421430212326996, 54.36611662658931, 0.0 ], [ -112.421636380562305, 54.366020847338334, 0.0 ], [ -112.421634683682896, 54.365990491776337, 0.0 ], [ -112.421605528281702, 54.36589786118968, 0.0 ], [ -112.421579549590803, 54.365857732857521, 0.0 ], [ -112.421499689626202, 54.365792619119667, 0.0 ], [ -112.421444054481896, 54.365768585536891, 0.0 ], [ -112.421308229959294, 54.365733844046026, 0.0 ], [ -112.420996560976604, 54.36568607975213, 0.0 ], [ -112.4208543593179, 54.365654798973111, 0.0 ], [ -112.420847265934597, 54.365652379068337, 0.0 ], [ -112.420547646413794, 54.36555011818951, 0.0 ], [ -112.420413896186204, 54.365514250819267, 0.0 ], [ -112.419915738533007, 54.365443968612098, 0.0 ], [ -112.419745074155301, 54.365407311027859, 0.0 ], [ -112.419576623132997, 54.365350104523912, 0.0 ], [ -112.419052891289795, 54.365147421200838, 0.0 ], [ -112.418584144089905, 54.364988992851004, 0.0 ], [ -112.418321426806799, 54.364988407668413, 0.0 ], [ -112.418106714760796, 54.364998382833647, 0.0 ], [ -112.417934246529697, 54.365017536148279, 0.0 ], [ -112.417798388437703, 54.365044757882501, 0.0 ], [ -112.417693831909403, 54.365078765324377, 0.0 ], [ -112.4176147982527, 54.365118355591747, 0.0 ], [ -112.417555816925102, 54.365162422303591, 0.0 ], [ -112.4174763028699, 54.365258753699472, 0.0 ], [ -112.417474522662502, 54.365262797921893, 0.0 ], [ -112.417306676780697, 54.365353879074497, 0.0 ], [ -112.416908046869096, 54.365570191154603, 0.0 ], [ -112.416886450462997, 54.365914103353447, 0.0 ], [ -112.416449556633296, 54.366162152614052, 0.0 ], [ -112.416341967269702, 54.366214981161818, 0.0 ], [ -112.416297768928303, 54.366228764823028, 0.0 ], [ -112.416146849730595, 54.366275828316972, 0.0 ], [ -112.415985973425805, 54.366299094551337, 0.0 ], [ -112.415709812840902, 54.366311346921769, 0.0 ], [ -112.415526347692193, 54.366306362696562, 0.0 ], [ -112.415318491635901, 54.366300715333253, 0.0 ], [ -112.414951736027803, 54.366269293298068, 0.0 ], [ -112.414790474164406, 54.366242362801799, 0.0 ], [ -112.414650310260001, 54.366205632962433, 0.0 ], [ -112.414476923125605, 54.366133923272287, 0.0 ], [ -112.414198045689602, 54.365965889581133, 0.0 ], [ -112.4141921408104, 54.365962331843342, 0.0 ], [ -112.414068460134203, 54.365866773807532, 0.0 ], [ -112.413979703231007, 54.365752267595937, 0.0 ], [ -112.413947376149096, 54.365661364868473, 0.0 ], [ -112.413926320621101, 54.365557448527817, 0.0 ], [ -112.4138978885927, 54.365417109726479, 0.0 ], [ -112.413832890817602, 54.365289711768312, 0.0 ], [ -112.413767076652306, 54.365216979222481, 0.0 ], [ -112.413647069767507, 54.365119430869001, 0.0 ], [ -112.413466808298196, 54.365000354258058, 0.0 ], [ -112.413360174086904, 54.364949770694942, 0.0 ], [ -112.413232332257707, 54.364910694203388, 0.0 ], [ -112.413158200540096, 54.364896782102313, 0.0 ], [ -112.412987310978707, 54.364880976802851, 0.0 ], [ -112.412839418613501, 54.364880613217501, 0.0 ], [ -112.412390431875394, 54.364879508218863, 0.0 ], [ -112.412111279731903, 54.364868395663379, 0.0 ], [ -112.412111127573198, 54.364868390600613, 0.0 ], [ -112.411951873580804, 54.364846356908572, 0.0 ], [ -112.411883164029504, 54.364829503306083, 0.0 ], [ -112.411797989029296, 54.364792935223811, 0.0 ], [ -112.411213972797299, 54.364806302401092, 0.0 ], [ -112.410427120245103, 54.364805767760821, 0.0 ], [ -112.409624515572403, 54.36478853701847, 0.0 ], [ -112.408839717835093, 54.364755330647917, 0.0 ], [ -112.408106290496406, 54.364706870086067, 0.0 ], [ -112.407735917772399, 54.364474064210071, 0.0 ], [ -112.407749843624998, 54.364253059003303, 0.0 ], [ -112.407658682297097, 54.364193049762982, 0.0 ], [ -112.407275426831305, 54.363959515855313, 0.0 ], [ -112.407212365243097, 54.363901948523932, 0.0 ], [ -112.407190372949401, 54.363845263838272, 0.0 ], [ -112.407218411150694, 54.363788934904008, 0.0 ], [ -112.407356525786994, 54.363662390699623, 0.0 ], [ -112.407423576471899, 54.363583335151787, 0.0 ], [ -112.4074667287463, 54.363490007087407, 0.0 ], [ -112.4074975609105, 54.363380727050128, 0.0 ], [ -112.407537324774793, 54.363239784265261, 0.0 ], [ -112.407587805383301, 54.363154797213681, 0.0 ], [ -112.407705376314695, 54.363053623723452, 0.0 ], [ -112.408100278457894, 54.362845535169228, 0.0 ], [ -112.408164944160106, 54.362794489926102, 0.0 ], [ -112.408183355141304, 54.362768712260831, 0.0 ], [ -112.408190536944801, 54.362742695141293, 0.0 ], [ -112.408169564919703, 54.362689360304373, 0.0 ], [ -112.408015350253294, 54.362528833205083, 0.0 ], [ -112.407962731330002, 54.362444868598097, 0.0 ], [ -112.407931573692593, 54.362347874210002, 0.0 ], [ -112.407916882589106, 54.362241250367909, 0.0 ], [ -112.4079195536969, 54.36189576119579, 0.0 ], [ -112.407949705475005, 54.361546725272042, 0.0 ], [ -112.407980206769807, 54.361380363455098, 0.0 ], [ -112.408039070971299, 54.361233138521648, 0.0 ], [ -112.408102422590403, 54.361151574788067, 0.0 ], [ -112.408186682291301, 54.361082783705278, 0.0 ], [ -112.408606583734695, 54.360854005102581, 0.0 ], [ -112.408771444905, 54.360742694019798, 0.0 ], [ -112.408981294294804, 54.360565074449063, 0.0 ], [ -112.4092538212699, 54.36029202599903, 0.0 ], [ -112.4088261482635, 54.360013472459343, 0.0 ], [ -112.408647992136494, 54.359859087279823, 0.0 ], [ -112.408610444475201, 54.35980971350763, 0.0 ], [ -112.408560044247906, 54.359707718978299, 0.0 ], [ -112.408503628460707, 54.359505582739843, 0.0 ], [ -112.408465079977503, 54.359415894626054, 0.0 ], [ -112.408251755082404, 54.359179358237682, 0.0 ], [ -112.408191454907595, 54.359075621862708, 0.0 ], [ -112.408164234135995, 54.358940577803097, 0.0 ], [ -112.408172645905793, 54.358858374159269, 0.0 ], [ -112.408201798205198, 54.358764744146598, 0.0 ], [ -112.408255902246495, 54.35865878889647, 0.0 ], [ -112.4083393558371, 54.35853916383202, 0.0 ], [ -112.408456538160607, 54.358404793763619, 0.0 ], [ -112.408612134294998, 54.358254610030947, 0.0 ], [ -112.408241817092701, 54.35802180612604, 0.0 ], [ -112.406597324899906, 54.358913827128703, 0.0 ], [ -112.406383053890096, 54.359012560704357, 0.0 ], [ -112.406186983416106, 54.359064377174739, 0.0 ], [ -112.406031336085306, 54.35908324537818, 0.0 ], [ -112.405617111591795, 54.359114630352451, 0.0 ], [ -112.405406080700203, 54.359157039946247, 0.0 ], [ -112.4052882042931, 54.359199654111187, 0.0 ], [ -112.405181731647701, 54.359249438789512, 0.0 ], [ -112.404584391939395, 54.359571522570008, 0.0 ], [ -112.404420151742997, 54.35963868115347, 0.0 ], [ -112.404308190707596, 54.359668020696162, 0.0 ], [ -112.404187431671005, 54.359689034904648, 0.0 ], [ -112.404202421861896, 54.359451422001257, 0.0 ], [ -112.404601056884601, 54.359235151790841, 0.0 ], [ -112.404999687779195, 54.359018879311513, 0.0 ], [ -112.405398314489204, 54.358802605461563, 0.0 ], [ -112.404643545915306, 54.358561520779013, 0.0 ], [ -112.404671870964506, 54.358112433383212, 0.0 ], [ -112.404257284542197, 54.357903647897359, 0.0 ], [ -112.404329902693107, 54.357430530246774, 0.0 ], [ -112.404361138989202, 54.357227033689412, 0.0 ], [ -112.404361147228499, 54.357226976305519, 0.0 ], [ -112.404402520480303, 54.356957413431758, 0.0 ], [ -112.403987948495796, 54.356748626262949, 0.0 ], [ -112.403617668116098, 54.356515808483458, 0.0 ], [ -112.403247393514803, 54.356282988740567, 0.0 ], [ -112.403275731357994, 54.355833902568961, 0.0 ], [ -112.403303094384, 54.355400277558623, 0.0 ], [ -112.403303098407804, 54.355400213788243, 0.0 ], [ -112.403304068480494, 54.355384815455473, 0.0 ], [ -112.402933807134303, 54.355151995774158, 0.0 ], [ -112.402674172409206, 54.354988736347657, 0.0 ], [ -112.402563548434003, 54.354919174961509, 0.0 ], [ -112.402193293917307, 54.354686353050617, 0.0 ], [ -112.401823043584002, 54.354453530041553, 0.0 ], [ -112.401452795896404, 54.354220705901213, 0.0 ], [ -112.400683952461605, 54.354204140705363, 0.0 ], [ -112.4003995994603, 54.354025321853577, 0.0 ], [ -112.400313716604998, 54.353971313222537, 0.0 ], [ -112.399943483394097, 54.353738484608513, 0.0 ], [ -112.399573252828702, 54.353505654863312, 0.0 ], [ -112.399518758207904, 54.353504480045217, 0.0 ], [ -112.399518666005093, 54.353504477158019, 0.0 ], [ -112.399188839799194, 54.35349736699763, 0.0 ], [ -112.398399443251805, 54.353467853115667, 0.0 ], [ -112.398021401073606, 54.353697038656357, 0.0 ], [ -112.397622785177603, 54.353913288379069, 0.0 ], [ -112.397224168173693, 54.354129536797338, 0.0 ], [ -112.396825545448806, 54.354345783811652, 0.0 ], [ -112.396426917002998, 54.354562029421913, 0.0 ], [ -112.396241643359105, 54.354662534740427, 0.0 ], [ -112.396241550819894, 54.354662585807297, 0.0 ], [ -112.396028287449099, 54.354778273727682, 0.0 ], [ -112.396023480836206, 54.354347209967862, 0.0 ], [ -112.396085116776007, 54.353880104462633, 0.0 ], [ -112.396146746475395, 54.353412999676351, 0.0 ], [ -112.396142481427603, 54.353030275700007, 0.0 ], [ -112.395697698997395, 54.352789261478257, 0.0 ], [ -112.395373125973805, 54.3529653353553, 0.0 ], [ -112.394974505197496, 54.353181576307257, 0.0 ], [ -112.3947908075843, 54.35318245399813, 0.0 ], [ -112.394789361408598, 54.35318245963888, 0.0 ], [ -112.394237675618498, 54.353185093506013, 0.0 ], [ -112.393523778581695, 54.353157152470509, 0.0 ], [ -112.393446004913798, 54.353154109286301, 0.0 ], [ -112.392643367768102, 54.353116220972758, 0.0 ], [ -112.391873635191999, 54.353099025177009, 0.0 ], [ -112.391500587824893, 54.353331352075102, 0.0 ], [ -112.391101945048504, 54.353547579984742, 0.0 ], [ -112.390703296551493, 54.353763806490029, 0.0 ], [ -112.390674823712999, 54.354212889231242, 0.0 ], [ -112.390523937218305, 54.354294727951007, 0.0 ], [ -112.390276164978403, 54.354429113275238, 0.0 ], [ -112.389877505022, 54.354645337810979, 0.0 ], [ -112.389437707845801, 54.354835687317802, 0.0 ], [ -112.389447710938299, 54.355211440028228, 0.0 ], [ -112.389450350522495, 54.355310642231991, 0.0 ], [ -112.389271596292801, 54.355198198275787, 0.0 ], [ -112.389080168060204, 54.355077780872577, 0.0 ], [ -112.388325567570803, 54.354836595816202, 0.0 ], [ -112.387969645773495, 54.354379190209329, 0.0 ], [ -112.3875994800445, 54.354146324460032, 0.0 ], [ -112.386833499505897, 54.354084762939578, 0.0 ], [ -112.386724719866294, 54.354088745267653, 0.0 ], [ -112.386061815264497, 54.354113011864577, 0.0 ], [ -112.385872031987702, 54.354233620447538, 0.0 ], [ -112.385692510528102, 54.354347704760869, 0.0 ], [ -112.385039438760799, 54.354318947988503, 0.0 ], [ -112.384931042213594, 54.354314174170383, 0.0 ], [ -112.384894299394105, 54.354312556446267, 0.0 ], [ -112.384498214660894, 54.354295114156812, 0.0 ], [ -112.384096086662893, 54.354277403696003, 0.0 ], [ -112.383726771059102, 54.354512088663562, 0.0 ], [ -112.383328075101502, 54.354728290225779, 0.0 ], [ -112.382929374960696, 54.354944490416443, 0.0 ], [ -112.382614945972804, 54.355114990074867, 0.0 ], [ -112.382530670636598, 54.35516068923549, 0.0 ], [ -112.382611788399601, 54.355211725677393, 0.0 ], [ -112.382900817648306, 54.355393570319528, 0.0 ], [ -112.382872421097005, 54.355840061616028, 0.0 ], [ -112.3828722580148, 54.355842650145377, 0.0 ], [ -112.383242409926197, 54.356075530180753, 0.0 ], [ -112.383612567558998, 54.356308409152227, 0.0 ], [ -112.383982730913104, 54.356541287059763, 0.0 ], [ -112.383960482941305, 54.356891251614513, 0.0 ], [ -112.383939907058107, 54.357214907235047, 0.0 ], [ -112.383541184007797, 54.35743110910142, 0.0 ], [ -112.383142459849097, 54.357647309662823, 0.0 ], [ -112.383099410173301, 54.357926835225747, 0.0 ], [ -112.383076881704795, 54.358073101363907, 0.0 ], [ -112.383079676544597, 54.358229210346167, 0.0 ], [ -112.383079682708598, 54.358229452418101, 0.0 ], [ -112.383085340331903, 54.35854546910663, 0.0 ], [ -112.383080281349294, 54.359009334761247, 0.0 ], [ -112.383077126042494, 54.359298927477532, 0.0 ], [ -112.3830752251002, 54.359473201347129, 0.0 ], [ -112.382999655179802, 54.359892707943473, 0.0 ], [ -112.382580336237993, 54.360095969224112, 0.0 ], [ -112.382572333020093, 54.360557985636127, 0.0 ], [ -112.382173573035999, 54.360774182499071, 0.0 ], [ -112.381858317189895, 54.360945102417567, 0.0 ], [ -112.381858253387193, 54.360945137008763, 0.0 ], [ -112.381774807329194, 54.360990377956732, 0.0 ], [ -112.381676376860796, 54.361424868989737, 0.0 ], [ -112.381600335452106, 54.361898608176773, 0.0 ], [ -112.381567716592599, 54.362374500405593, 0.0 ], [ -112.381584974372103, 54.362613591516649, 0.0 ], [ -112.381770413403601, 54.362621697829617, 0.0 ], [ -112.382212407755304, 54.362764760598573, 0.0 ], [ -112.382476979494697, 54.362861880347737, 0.0 ], [ -112.382669426486103, 54.362957343859883, 0.0 ], [ -112.382895331805102, 54.363095806416162, 0.0 ], [ -112.382622612671099, 54.363368793035939, 0.0 ], [ -112.382412938181702, 54.363546461734408, 0.0 ], [ -112.382248905239095, 54.363657935445957, 0.0 ], [ -112.381996435227194, 54.363796556510863, 0.0 ], [ -112.381885996898603, 54.363857190511958, 0.0 ], [ -112.381762442066304, 54.363959379747222, 0.0 ], [ -112.381708793363501, 54.364042489889137, 0.0 ], [ -112.3816985178442, 54.364073942776059, 0.0 ], [ -112.381629621676495, 54.364284597490183, 0.0 ], [ -112.3815861888271, 54.364374134257282, 0.0 ], [ -112.381521146394903, 54.364449890877687, 0.0 ], [ -112.381366911031705, 54.364586399487813, 0.0 ], [ -112.381304971982203, 54.3646642020367, 0.0 ], [ -112.381266874896795, 54.364757002412688, 0.0 ], [ -112.381202507945503, 54.365008426002042, 0.0 ], [ -112.381180866040296, 54.365053195932802, 0.0 ], [ -112.381117890823802, 54.365130346320171, 0.0 ], [ -112.380986921218295, 54.36522310913994, 0.0 ], [ -112.380631502853205, 54.365408403547512, 0.0 ], [ -112.380289388874104, 54.3656048685638, 0.0 ], [ -112.380182420793304, 54.365656869348911, 0.0 ], [ -112.379990495801493, 54.365717547972118, 0.0 ], [ -112.379833546198299, 54.365741750832314, 0.0 ], [ -112.379656841948503, 54.365754461812571, 0.0 ], [ -112.379067084357899, 54.365754601959097, 0.0 ], [ -112.378350119540102, 54.365722990896117, 0.0 ], [ -112.378290838295101, 54.365720376914098, 0.0 ], [ -112.378035361331399, 54.365693059239668, 0.0 ], [ -112.377768156854103, 54.365634726668013, 0.0 ], [ -112.377631429426501, 54.36558813382436, 0.0 ], [ -112.377493476631798, 54.365526943021592, 0.0 ], [ -112.377354908749595, 54.36544883178145, 0.0 ], [ -112.377334003621101, 54.366189841839358, 0.0 ], [ -112.377321218550705, 54.366298571049157, 0.0 ], [ -112.377282502614904, 54.366456473285872, 0.0 ], [ -112.377255207147996, 54.366514970392018, 0.0 ], [ -112.377184922955195, 54.36660994789203, 0.0 ], [ -112.377020960132, 54.366756133047453, 0.0 ], [ -112.376952304051699, 54.366830369701297, 0.0 ], [ -112.376904865617007, 54.366917299478963, 0.0 ], [ -112.376818107203903, 54.36715465319265, 0.0 ], [ -112.376730068108799, 54.367274427556808, 0.0 ], [ -112.376648568699295, 54.367339930427818, 0.0 ], [ -112.376555664811093, 54.367398259876218, 0.0 ], [ -112.376356236883694, 54.367506347893489, 0.0 ], [ -112.376192521832294, 54.367578516821048, 0.0 ], [ -112.375996373766895, 54.367630283269797, 0.0 ], [ -112.375532405851501, 54.367688725171313, 0.0 ], [ -112.375412403068296, 54.367730005240936, 0.0 ], [ -112.3753679482286, 54.367760427146742, 0.0 ], [ -112.375304956359699, 54.367837574266602, 0.0 ], [ -112.375220583993197, 54.368018046860179, 0.0 ], [ -112.375190624872999, 54.368061473704387, 0.0 ], [ -112.375164404932903, 54.368099479370713, 0.0 ], [ -112.374973675618904, 54.368271431887869, 0.0 ], [ -112.374909499051299, 54.368347833515273, 0.0 ], [ -112.3748667932378, 54.368437743592636, 0.0 ], [ -112.374790236092593, 54.368681523785021, 0.0 ], [ -112.374739238294595, 54.368766216750281, 0.0 ], [ -112.374667358407393, 54.368837773753057, 0.0 ], [ -112.374483612762006, 54.368955732771589, 0.0 ], [ -112.373187378946596, 54.369658189625127, 0.0 ], [ -112.373038455432606, 54.369730046874409, 0.0 ], [ -112.372891392703195, 54.369770375539929, 0.0 ], [ -112.372843187557393, 54.369772653618668, 0.0 ], [ -112.372747868363007, 54.369757716507984, 0.0 ], [ -112.372653899026304, 54.369721672826827, 0.0 ], [ -112.372560816078703, 54.369671707680183, 0.0 ], [ -112.372003908229502, 54.36932133524158, 0.0 ], [ -112.372002343002094, 54.369322182558122, 0.0 ], [ -112.371632139117295, 54.369089267870962, 0.0 ], [ -112.371239775074599, 54.368868360907541, 0.0 ], [ -112.371284323689807, 54.368464501730926, 0.0 ], [ -112.371257346740705, 54.368428223928802, 0.0 ], [ -112.3711785365373, 54.368347165196752, 0.0 ], [ -112.370888529956204, 54.36819165308173, 0.0 ], [ -112.370958332876199, 54.367758631729373, 0.0 ], [ -112.370941384302697, 54.367732398331377, 0.0 ], [ -112.370804957204101, 54.367589568464503, 0.0 ], [ -112.370749741275603, 54.367511196564628, 0.0 ], [ -112.370717832167699, 54.367420020566193, 0.0 ], [ -112.370669716994996, 54.367175145390867, 0.0 ], [ -112.370626793268698, 54.367090026001918, 0.0 ], [ -112.370560254192796, 54.367017703013872, 0.0 ], [ -112.370507111404805, 54.36698002367239, 0.0 ], [ -112.370288173852501, 54.366842267054601, 0.0 ], [ -112.370237487943399, 54.366810374821313, 0.0 ], [ -112.369867314830799, 54.366577454962922, 0.0 ], [ -112.3694971474997, 54.366344533142957, 0.0 ], [ -112.369110815805797, 54.36590361744441, 0.0 ], [ -112.369157852502894, 54.365444618532408, 0.0 ], [ -112.369229308565707, 54.364972384973314, 0.0 ], [ -112.369227500572606, 54.36453985238979, 0.0 ], [ -112.368857353289101, 54.364306929646538, 0.0 ], [ -112.368115490709002, 54.364247918461963, 0.0 ], [ -112.367297654506601, 54.364230073313209, 0.0 ], [ -112.367019788674298, 54.364239932933557, 0.0 ], [ -112.366550318740295, 54.364256590230887, 0.0 ], [ -112.366279488936001, 54.36440334588071, 0.0 ], [ -112.366256460624797, 54.364342090342163, 0.0 ], [ -112.366204182525806, 54.364275742370559, 0.0 ], [ -112.366084153196795, 54.364182731901167, 0.0 ], [ -112.365739504528506, 54.363972841119377, 0.0 ], [ -112.365589203278503, 54.363854705367253, 0.0 ], [ -112.365402446708302, 54.363668497996798, 0.0 ], [ -112.365165438559103, 54.363384417102893, 0.0 ], [ -112.363654572272907, 54.363329012360481, 0.0 ], [ -112.363220461796203, 54.36332339293245, 0.0 ], [ -112.363042611258294, 54.36333245684223, 0.0 ], [ -112.362889848816806, 54.363353760257951, 0.0 ], [ -112.362759778180703, 54.36338869263254, 0.0 ], [ -112.362462729998896, 54.363493724361383, 0.0 ], [ -112.362323776210104, 54.363523064738928, 0.0 ], [ -112.362163799011398, 54.363539173739802, 0.0 ], [ -112.361799141029493, 54.363543251520298, 0.0 ], [ -112.360717496103504, 54.363504841768439, 0.0 ], [ -112.360534427858397, 54.363506412731887, 0.0 ], [ -112.360364823554804, 54.363516552533333, 0.0 ], [ -112.360146033845496, 54.363553946989853, 0.0 ], [ -112.359886481565297, 54.36363371026831, 0.0 ], [ -112.359731549571293, 54.36366962340302, 0.0 ], [ -112.359297061432301, 54.363712998200462, 0.0 ], [ -112.359025928240101, 54.363754820242129, 0.0 ], [ -112.358882157397005, 54.363791966881543, 0.0 ], [ -112.358734791488104, 54.363844323600553, 0.0 ], [ -112.358585781638894, 54.363915081920787, 0.0 ], [ -112.358575452161901, 54.364150319598437, 0.0 ], [ -112.358548565806402, 54.36433635713086, 0.0 ], [ -112.358508663031003, 54.364480467262872, 0.0 ], [ -112.358459729658506, 54.364590112369036, 0.0 ], [ -112.358405600843099, 54.364672751526747, 0.0 ], [ -112.358210446440907, 54.364879208314427, 0.0 ], [ -112.358158391497099, 54.364979880853006, 0.0 ], [ -112.358123491062003, 54.365141997643342, 0.0 ], [ -112.358092202370003, 54.365473283175881, 0.0 ], [ -112.358045859589595, 54.365619320757503, 0.0 ], [ -112.358028796353906, 54.365644223910728, 0.0 ], [ -112.357989944764697, 54.365700931283619, 0.0 ], [ -112.357799157546594, 54.365872856058488, 0.0 ], [ -112.357734950195194, 54.365949248191669, 0.0 ], [ -112.357692209764394, 54.366039150927698, 0.0 ], [ -112.357615557608895, 54.366282920141607, 0.0 ], [ -112.357594033096206, 54.366318639782193, 0.0 ], [ -112.357562533752301, 54.366308564561052, 0.0 ], [ -112.357360486573896, 54.366523942262333, 0.0 ], [ -112.357149160836201, 54.366749211282553, 0.0 ], [ -112.356750205863804, 54.366965321651243, 0.0 ], [ -112.356351248243399, 54.367181430680112, 0.0 ], [ -112.356078205482603, 54.367167027744067, 0.0 ], [ -112.355936455148097, 54.367192303586037, 0.0 ], [ -112.355833862464806, 54.367202017100908, 0.0 ], [ -112.355599781648294, 54.367201383371309, 0.0 ], [ -112.355471488597104, 54.36718678896942, 0.0 ], [ -112.355470302667399, 54.367186548015397, 0.0 ], [ -112.355338144983307, 54.367159761878462, 0.0 ], [ -112.355201115407198, 54.36711817342681, 0.0 ], [ -112.355062232084805, 54.367059905200193, 0.0 ], [ -112.354923176143203, 54.36698274553909, 0.0 ], [ -112.354461216674196, 54.36724189762996, 0.0 ], [ -112.354263894572796, 54.367388130626061, 0.0 ], [ -112.354220170152701, 54.367435739535154, 0.0 ], [ -112.354188208312493, 54.367486206576082, 0.0 ], [ -112.354015192110793, 54.367579919085379, 0.0 ], [ -112.353616212814103, 54.36779601878662, 0.0 ], [ -112.353217230869305, 54.368012117147877, 0.0 ], [ -112.352448159600399, 54.367995240950201, 0.0 ], [ -112.352049169621793, 54.368211336249153, 0.0 ], [ -112.351650175514806, 54.368427429276117, 0.0 ], [ -112.351251178759597, 54.368643520963019, 0.0 ], [ -112.350881098940206, 54.36841054394116, 0.0 ], [ -112.350112020082804, 54.368393653642848, 0.0 ], [ -112.349342945095501, 54.368376758516362, 0.0 ], [ -112.3489728786287, 54.368143775780659, 0.0 ], [ -112.348602816348105, 54.367910791949043, 0.0 ], [ -112.348232756715504, 54.3676778069877, 0.0 ], [ -112.347862704345204, 54.367444820998131, 0.0 ], [ -112.347891656574703, 54.366995754642879, 0.0 ], [ -112.347920611143905, 54.36654668741302, 0.0 ], [ -112.347550568941003, 54.366313701425973, 0.0 ], [ -112.3471506062684, 54.366096919262993, 0.0 ], [ -112.347239415083394, 54.365615441431579, 0.0 ], [ -112.346839459213896, 54.365398658275907, 0.0 ], [ -112.346917189132796, 54.364923183332138, 0.0 ], [ -112.346525001024901, 54.364702197840948, 0.0 ], [ -112.346128383662901, 54.364483611234789, 0.0 ], [ -112.345359382664498, 54.364466691514352, 0.0 ], [ -112.344989373663793, 54.364233696178303, 0.0 ], [ -112.344650378288407, 54.363967656355882, 0.0 ], [ -112.343823715135599, 54.363949457487877, 0.0 ], [ -112.343451381679898, 54.364199837402069, 0.0 ], [ -112.343178229088196, 54.364347756341061, 0.0 ], [ -112.343052384440199, 54.364415902982998, 0.0 ], [ -112.342653381535399, 54.364631966257797, 0.0 ], [ -112.342596057736401, 54.365063199659623, 0.0 ], [ -112.342606690540407, 54.365537228064703, 0.0 ], [ -112.342594669988401, 54.365996991107693, 0.0 ], [ -112.342167333135606, 54.366195221321178, 0.0 ], [ -112.341768308109806, 54.366411281363291, 0.0 ], [ -112.341369278898199, 54.366627340031137, 0.0 ], [ -112.341328413255994, 54.367037383996653, 0.0 ], [ -112.341313447809696, 54.36703254725478, 0.0 ], [ -112.341228826949802, 54.366995337417897, 0.0 ], [ -112.340837599985306, 54.366752238123311, 0.0 ], [ -112.340719435894101, 54.366702594445393, 0.0 ], [ -112.340578753329595, 54.366665315768003, 0.0 ], [ -112.340413888187797, 54.366640005563617, 0.0 ], [ -112.340134968816102, 54.366618207424217, 0.0 ], [ -112.339338275460094, 54.36660018852568, 0.0 ], [ -112.338768388721206, 54.366611902437683, 0.0 ], [ -112.338598463540905, 54.366626681647467, 0.0 ], [ -112.338445784424394, 54.366651105008579, 0.0 ], [ -112.338313026502902, 54.366686580721463, 0.0 ], [ -112.338196768658705, 54.36673132539223, 0.0 ], [ -112.337792207259199, 54.366944461316997, 0.0 ], [ -112.337612443509002, 54.367006510788791, 0.0 ], [ -112.337466654698204, 54.36703153559565, 0.0 ], [ -112.337045346776407, 54.367058302758473, 0.0 ], [ -112.336886532552995, 54.367075122757619, 0.0 ], [ -112.336592942770096, 54.367144281630303, 0.0 ], [ -112.336520239627504, 54.367149062306112, 0.0 ], [ -112.336493756610196, 54.367139393584957, 0.0 ], [ -112.336458797220601, 54.36709176346023, 0.0 ], [ -112.336403430003102, 54.366881157845839, 0.0 ], [ -112.336329880555397, 54.36675865342508, 0.0 ], [ -112.336249837969604, 54.366693658563058, 0.0 ], [ -112.336144891444405, 54.36664214270882, 0.0 ], [ -112.336083082592694, 54.366621440589029, 0.0 ], [ -112.335940945559301, 54.366590062228553, 0.0 ], [ -112.335533886154096, 54.366539607898858, 0.0 ], [ -112.335383922430196, 54.366512553053226, 0.0 ], [ -112.335256312394904, 54.366473306525272, 0.0 ], [ -112.335020629084298, 54.366381248038842, 0.0 ], [ -112.334832479093393, 54.366483104839787, 0.0 ], [ -112.334075919595307, 54.366511358803919, 0.0 ], [ -112.333261716759097, 54.366478373810153, 0.0 ], [ -112.333008858765297, 54.366281722535483, 0.0 ], [ -112.332831452311197, 54.366269338757689, 0.0 ], [ -112.332679103021505, 54.366243484249111, 0.0 ], [ -112.332551216343802, 54.366203780796958, 0.0 ], [ -112.332440474875597, 54.366151506629073, 0.0 ], [ -112.332102860679896, 54.36593762538125, 0.0 ], [ -112.331912399090996, 54.365841584343258, 0.0 ], [ -112.331608458155301, 54.365718926995093, 0.0 ], [ -112.331141168654497, 54.365559557806648, 0.0 ], [ -112.330884759778002, 54.365471139256222, 0.0 ], [ -112.330656302195607, 54.365402947570217, 0.0 ], [ -112.330497664713803, 54.365363292672519, 0.0 ], [ -112.330276594235201, 54.365482958895377, 0.0 ], [ -112.329947503383195, 54.365275646748159, 0.0 ], [ -112.329866302166195, 54.365271766449887, 0.0 ], [ -112.329507584469894, 54.365465937989512, 0.0 ], [ -112.328766886536698, 54.365466747498232, 0.0 ], [ -112.327958243369096, 54.365424747482876, 0.0 ], [ -112.327803965787894, 54.365419303824687, 0.0 ], [ -112.327172251147303, 54.365397011164838, 0.0 ], [ -112.3268014657001, 54.365630855652547, 0.0 ], [ -112.326402365703203, 54.365846863994157, 0.0 ], [ -112.326003264597105, 54.366062871028902, 0.0 ], [ -112.3259740730429, 54.366511929434488, 0.0 ], [ -112.325551584304705, 54.366713207748099, 0.0 ], [ -112.325550068768607, 54.367072749652458, 0.0 ], [ -112.325549617781107, 54.367179420582481, 0.0 ], [ -112.325574368443995, 54.367662466341748, 0.0 ], [ -112.325539516381298, 54.368107964274969, 0.0 ], [ -112.325131396282103, 54.368318302983091, 0.0 ], [ -112.324689103956999, 54.368507115153982, 0.0 ], [ -112.323920041197198, 54.368490058018963, 0.0 ], [ -112.323520899680204, 54.368706056281248, 0.0 ], [ -112.323121753977304, 54.368922053168262, 0.0 ], [ -112.322722605626396, 54.369138048714028, 0.0 ], [ -112.322616466770995, 54.369585398899687, 0.0 ], [ -112.322636724456899, 54.369776929305218, 0.0 ], [ -112.3226641435229, 54.370036162615612, 0.0 ], [ -112.322946862810895, 54.370188904694857, 0.0 ], [ -112.323098166688297, 54.37027064660375, 0.0 ], [ -112.322760808461595, 54.370426907405587, 0.0 ], [ -112.322754059017001, 54.370442799523602, 0.0 ], [ -112.322731407280997, 54.370603831095011, 0.0 ], [ -112.322736153794693, 54.371191161961477, 0.0 ], [ -112.322705556057997, 54.371405622085533, 0.0 ], [ -112.322664211579294, 54.371496444508807, 0.0 ], [ -112.322633183131302, 54.37153533091081, 0.0 ], [ -112.3225447832491, 54.37159650685183, 0.0 ], [ -112.322485933465302, 54.371617865949837, 0.0 ], [ -112.322344835854196, 54.371646123881987, 0.0 ], [ -112.321952959848801, 54.371695527697277, 0.0 ], [ -112.321819486401495, 54.371732048961753, 0.0 ], [ -112.321575312553605, 54.371819717396292, 0.0 ], [ -112.321439908648401, 54.371852777626941, 0.0 ], [ -112.321364083275697, 54.371862786474971, 0.0 ], [ -112.321199433359396, 54.371869473931142, 0.0 ], [ -112.320945310482998, 54.371849710358411, 0.0 ], [ -112.320720390854206, 54.371800195586658, 0.0 ], [ -112.320543562630903, 54.371728990672977, 0.0 ], [ -112.319880840695902, 54.371323480232427, 0.0 ], [ -112.319499988458702, 54.371315018962513, 0.0 ], [ -112.319195490549305, 54.371123166779633, 0.0 ], [ -112.319041395422403, 54.371108393778258, 0.0 ], [ -112.318755473396607, 54.371096627883539, 0.0 ], [ -112.318751425992303, 54.371310878615439, 0.0 ], [ -112.318331679015301, 54.37151390852587, 0.0 ], [ -112.317932478889702, 54.371729887530847, 0.0 ], [ -112.317533276174302, 54.371945864296187, 0.0 ], [ -112.316811126469204, 54.371958360100408, 0.0 ], [ -112.316018516511207, 54.371926452249042, 0.0 ], [ -112.315225909436606, 54.371894540136573, 0.0 ], [ -112.314391030382595, 54.371835984681759, 0.0 ], [ -112.314032906839103, 54.372077849295408, 0.0 ], [ -112.313658339407795, 54.372309352458188, 0.0 ], [ -112.313629004903305, 54.372758405829387, 0.0 ], [ -112.313599672670506, 54.37320745922468, 0.0 ], [ -112.313235661206093, 54.373445621630822, 0.0 ], [ -112.312858962218698, 54.373675790621242, 0.0 ], [ -112.312038376475996, 54.373626245713083, 0.0 ], [ -112.311262884537499, 54.373605110694953, 0.0 ], [ -112.310863627404601, 54.3738210655846, 0.0 ], [ -112.310464366084503, 54.374037019098033, 0.0 ], [ -112.309665654324704, 54.374079172362507, 0.0 ], [ -112.308926051066095, 54.37400271632778, 0.0 ], [ -112.308955438231095, 54.373553664782051, 0.0 ], [ -112.308602195709398, 54.373311563276978, 0.0 ], [ -112.308360079933095, 54.373134915191329, 0.0 ], [ -112.308357939189094, 54.373133352817163, 0.0 ], [ -112.308295666958102, 54.373134358631567, 0.0 ], [ -112.308218795042194, 54.373135601708469, 0.0 ], [ -112.308181073985807, 54.373136209948271, 0.0 ], [ -112.308180742374105, 54.373136216040642, 0.0 ], [ -112.308055166959605, 54.373113545207723, 0.0 ], [ -112.308001779839998, 54.373143883850837, 0.0 ], [ -112.308001695019001, 54.373143932325419, 0.0 ], [ -112.307771210818004, 54.373274909336459, 0.0 ], [ -112.307783729773703, 54.373653100134213, 0.0 ], [ -112.307783819275301, 54.37365580397217, 0.0 ], [ -112.307787018805698, 54.37375245088456, 0.0 ], [ -112.307387742349704, 54.373968394040858, 0.0 ], [ -112.306618588432499, 54.37395122553577, 0.0 ], [ -112.306360022304602, 54.373752735321602, 0.0 ], [ -112.306350348725104, 54.373745310533572, 0.0 ], [ -112.306280991528297, 54.373692067232248, 0.0 ], [ -112.305482721755297, 54.373652826265818, 0.0 ], [ -112.304681652123705, 54.37365634759297, 0.0 ], [ -112.304311129985507, 54.373899690608418, 0.0 ], [ -112.303571576076706, 54.373920639942199, 0.0 ], [ -112.302769556887597, 54.373915203398859, 0.0 ], [ -112.301969179369095, 54.373884816059629, 0.0 ], [ -112.3012345320832, 54.373830908870133, 0.0 ], [ -112.300864696671397, 54.373597781378692, 0.0 ], [ -112.300494863908099, 54.373364652759243, 0.0 ], [ -112.300125035331803, 54.373131523046219, 0.0 ], [ -112.299755210942195, 54.372898392239627, 0.0 ], [ -112.299387848087605, 54.372627840260243, 0.0 ], [ -112.298986080373794, 54.372881174406103, 0.0 ], [ -112.298216953573203, 54.372863953541653, 0.0 ], [ -112.297817636718094, 54.373079864574301, 0.0 ], [ -112.2974183157352, 54.373295773331982, 0.0 ], [ -112.297099864446693, 54.373288640173968, 0.0 ], [ -112.296649180642007, 54.373278542357568, 0.0 ], [ -112.296642456676594, 54.373329552331199, 0.0 ], [ -112.296622904894903, 54.373330385100161, 0.0 ], [ -112.296360145230693, 54.373329533730143, 0.0 ], [ -112.296264427298198, 54.373269920414003, 0.0 ], [ -112.295880044879596, 54.373261305554507, 0.0 ], [ -112.295532430519302, 54.373016168250523, 0.0 ], [ -112.294741116569, 54.373010918067209, 0.0 ], [ -112.294371324320807, 54.372777771116787, 0.0 ], [ -112.294400867430696, 54.372328724825358, 0.0 ], [ -112.294031081612204, 54.372095576866833, 0.0 ], [ -112.293661303056595, 54.371862427884153, 0.0 ], [ -112.293306302592597, 54.371404753858222, 0.0 ], [ -112.293356229121002, 54.370944693764507, 0.0 ], [ -112.293414305195498, 54.370480226739552, 0.0 ], [ -112.293431632529604, 54.370037789639973, 0.0 ], [ -112.293025202860704, 54.369824465874522, 0.0 ], [ -112.292655447019698, 54.369591313962353, 0.0 ], [ -112.292285696902596, 54.369358160991673, 0.0 ], [ -112.291915952509299, 54.369125006962548, 0.0 ], [ -112.291546210763599, 54.368891851805969, 0.0 ], [ -112.291176471665395, 54.36865869552193, 0.0 ], [ -112.290806738290897, 54.36842553817953, 0.0 ], [ -112.290437010639806, 54.368192379778819, 0.0 ], [ -112.290067285636198, 54.367959220250732, 0.0 ], [ -112.289697563279901, 54.367726059595299, 0.0 ], [ -112.289327846646799, 54.367492897881633, 0.0 ], [ -112.289322789060293, 54.367062587395758, 0.0 ], [ -112.2893639319351, 54.366607297493161, 0.0 ], [ -112.289424872301495, 54.366141303191547, 0.0 ], [ -112.289479211726899, 54.36567887603244, 0.0 ], [ -112.289500549617699, 54.36523429293856, 0.0 ], [ -112.289106106889307, 54.365014511149873, 0.0 ], [ -112.289135700529599, 54.364565466265603, 0.0 ], [ -112.289165291820197, 54.364116421302178, 0.0 ], [ -112.288795608471005, 54.36388325820753, 0.0 ], [ -112.288425932381799, 54.363650094089436, 0.0 ], [ -112.288056257401095, 54.36341692880967, 0.0 ], [ -112.288071391404301, 54.363408747035422, 0.0 ], [ -112.288007784956406, 54.363391910894869, 0.0 ], [ -112.287839850463399, 54.363320319015493, 0.0 ], [ -112.287690923528402, 54.363238451169302, 0.0 ], [ -112.287557644326796, 54.363148210603683, 0.0 ], [ -112.287483919900197, 54.363079725005562, 0.0 ], [ -112.2874279158505, 54.363001746007498, 0.0 ], [ -112.287392357875603, 54.36291271327238, 0.0 ], [ -112.287374206735194, 54.362814268273382, 0.0 ], [ -112.287369013937294, 54.362654774190027, 0.0 ], [ -112.2874087175705, 54.362146055342457, 0.0 ], [ -112.287567563482099, 54.360923447138077, 0.0 ], [ -112.287576174642297, 54.36077552327491, 0.0 ], [ -112.287464963330805, 54.360705372587361, 0.0 ], [ -112.287095321328195, 54.360472204664397, 0.0 ], [ -112.287124930413995, 54.3600231601527, 0.0 ], [ -112.286755296371993, 54.359789991257337, 0.0 ], [ -112.285967530975, 54.359734794053118, 0.0 ], [ -112.285587170144893, 54.359988566036691, 0.0 ], [ -112.2848182912292, 54.359971261638329, 0.0 ], [ -112.284419032993299, 54.360187129367439, 0.0 ], [ -112.284049411588597, 54.359953952311791, 0.0 ], [ -112.283679794367202, 54.359720774164018, 0.0 ], [ -112.283310184404399, 54.359487594993347, 0.0 ], [ -112.283274526068098, 54.359055819512989, 0.0 ], [ -112.283284055058601, 54.358587584607172, 0.0 ], [ -112.283336294357397, 54.358120312503502, 0.0 ], [ -112.2834287767528, 54.357691421116847, 0.0 ], [ -112.283513471591306, 54.357645627683567, 0.0 ], [ -112.283537078357597, 54.357594111568652, 0.0 ], [ -112.283600028275998, 54.357512962275251, 0.0 ], [ -112.283802780780107, 54.357343579879199, 0.0 ], [ -112.283871149109501, 54.357269028303293, 0.0 ], [ -112.283918349694105, 54.357181498084017, 0.0 ], [ -112.283987295783504, 54.35699084407986, 0.0 ], [ -112.2840340375663, 54.356903303487478, 0.0 ], [ -112.284101320910096, 54.356828817301412, 0.0 ], [ -112.284256962229307, 54.356693680227274, 0.0 ], [ -112.284257189265205, 54.356343097853291, 0.0 ], [ -112.284426404341502, 54.356265169917037, 0.0 ], [ -112.2844729588723, 54.356186272891847, 0.0 ], [ -112.284547337819106, 54.356116263440541, 0.0 ], [ -112.284638714428894, 54.356056979946011, 0.0 ], [ -112.285145272194796, 54.355791900114298, 0.0 ], [ -112.285787742154895, 54.355436606604293, 0.0 ], [ -112.285872854865204, 54.35537187466393, 0.0 ], [ -112.285926328649893, 54.355315556286953, 0.0 ], [ -112.285985275040005, 54.355064982503109, 0.0 ], [ -112.286016772183103, 54.354587427298888, 0.0 ], [ -112.2859722303144, 54.354150990688012, 0.0 ], [ -112.285538588662703, 54.353916376967412, 0.0 ], [ -112.285790191737306, 54.353799916387537, 0.0 ], [ -112.285731778855293, 54.353726355853652, 0.0 ], [ -112.285708899851599, 54.3536810497856, 0.0 ], [ -112.285680868815902, 54.353580763032831, 0.0 ], [ -112.285671933756703, 54.353471102305939, 0.0 ], [ -112.285700537661498, 54.353186809114767, 0.0 ], [ -112.285766523500101, 54.35298007782896, 0.0 ], [ -112.285854690545094, 54.352852635012439, 0.0 ], [ -112.285977764138295, 54.352751521175563, 0.0 ], [ -112.286318332816407, 54.352555824710052, 0.0 ], [ -112.2864492288615, 54.352459833225737, 0.0 ], [ -112.286519624411, 54.352382357756888, 0.0 ], [ -112.286571341833806, 54.352291510378727, 0.0 ], [ -112.286605306522603, 54.352143059474749, 0.0 ], [ -112.286593934488806, 54.352046926166352, 0.0 ], [ -112.286551822868603, 54.351961702955258, 0.0 ], [ -112.286375930374206, 54.351778041264318, 0.0 ], [ -112.286320993273605, 54.351695857268453, 0.0 ], [ -112.286294704438703, 54.351599477346717, 0.0 ], [ -112.286272885651101, 54.351337253717936, 0.0 ], [ -112.286240355443596, 54.351244511820617, 0.0 ], [ -112.286213016628096, 54.351203782475018, 0.0 ], [ -112.286135884103601, 54.351133600945332, 0.0 ], [ -112.286086081643603, 54.351104328434367, 0.0 ], [ -112.285963386068104, 54.35105731601945, 0.0 ], [ -112.285890488560696, 54.351039665935573, 0.0 ], [ -112.285634221803207, 54.351010243262763, 0.0 ], [ -112.285359271420106, 54.351016648046823, 0.0 ], [ -112.285190760537105, 54.351041007154663, 0.0 ], [ -112.285116126484795, 54.351059024580422, 0.0 ], [ -112.284794624936097, 54.351173569233197, 0.0 ], [ -112.284659424815402, 54.351211089517903, 0.0 ], [ -112.284504860672996, 54.351234052756887, 0.0 ], [ -112.284172405476497, 54.351262544253331, 0.0 ], [ -112.2840186423131, 54.351285075197978, 0.0 ], [ -112.283885204981203, 54.351321555012888, 0.0 ], [ -112.283641073975303, 54.351409147361792, 0.0 ], [ -112.283505708759904, 54.351442165539233, 0.0 ], [ -112.2833491752844, 54.351457617748828, 0.0 ], [ -112.283094910396002, 54.351449192227619, 0.0 ], [ -112.282855689982597, 54.351408725864509, 0.0 ], [ -112.282723065101607, 54.35136760251212, 0.0 ], [ -112.282609927392699, 54.351318103710582, 0.0 ], [ -112.282462878410996, 54.351234292267861, 0.0 ], [ -112.281953578341799, 54.350914313953623, 0.0 ], [ -112.281853851977999, 54.350859989933262, 0.0 ], [ -112.281741829613097, 54.350812313369573, 0.0 ], [ -112.281536914315197, 54.350760745979677, 0.0 ], [ -112.281128006410299, 54.350711234771602, 0.0 ], [ -112.280975271623305, 54.350685575017707, 0.0 ], [ -112.280844410689895, 54.350648087907047, 0.0 ], [ -112.280681332000697, 54.350573896432238, 0.0 ], [ -112.279038462797104, 54.349547752017273, 0.0 ], [ -112.278962866716299, 54.349500531192199, 0.0 ], [ -112.278834283768404, 54.349407688701, 0.0 ], [ -112.278768098042704, 54.349335230855999, 0.0 ], [ -112.278725382888993, 54.349250080997891, 0.0 ], [ -112.278679908206797, 54.349004051818113, 0.0 ], [ -112.278651244643996, 54.348911304038772, 0.0 ], [ -112.278598312724995, 54.348831679912941, 0.0 ], [ -112.278519185940297, 54.348766305188853, 0.0 ], [ -112.2784135690179, 54.348715082310008, 0.0 ], [ -112.278281758688706, 54.348678110544078, 0.0 ], [ -112.278125677124805, 54.348654260335877, 0.0 ], [ -112.277709291445802, 54.348608796677482, 0.0 ], [ -112.277635077882806, 54.348594889385957, 0.0 ], [ -112.277505350403501, 54.348556703678547, 0.0 ], [ -112.277345800375002, 54.348480608431842, 0.0 ], [ -112.277064859178196, 54.348307782542058, 0.0 ], [ -112.276979357970006, 54.348245770607129, 0.0 ], [ -112.276908545315607, 54.348175815540912, 0.0 ], [ -112.276859448278898, 54.348094118561328, 0.0 ], [ -112.276832705455405, 54.348000334344377, 0.0 ], [ -112.276823926445701, 54.347788591425093, 0.0 ], [ -112.276849846689899, 54.347441009342887, 0.0 ], [ -112.2769632154004, 54.346360301750281, 0.0 ], [ -112.276831449755207, 54.346271611465923, 0.0 ], [ -112.276697214484301, 54.346206250314573, 0.0 ], [ -112.276562402555896, 54.346161292934433, 0.0 ], [ -112.276429209589807, 54.34613373086377, 0.0 ], [ -112.276299671781203, 54.346120731934498, 0.0 ], [ -112.276175995376803, 54.346119197999577, 0.0 ], [ -112.276060203232106, 54.346126476490362, 0.0 ], [ -112.275859995731594, 54.346155413123583, 0.0 ], [ -112.275425856994602, 54.346266938785362, 0.0 ], [ -112.275279797920604, 54.346291881047947, 0.0 ], [ -112.274963319679799, 54.346326013452789, 0.0 ], [ -112.274822895012406, 54.346354231362717, 0.0 ], [ -112.274763760703806, 54.346375380792743, 0.0 ], [ -112.2747142349738, 54.346402593582688, 0.0 ], [ -112.274641325049103, 54.346473709550807, 0.0 ], [ -112.274583677125406, 54.346614246238943, 0.0 ], [ -112.274568928492897, 54.346722460109447, 0.0 ], [ -112.274568706812701, 54.346724087557092, 0.0 ], [ -112.274565890956197, 54.346901480558472, 0.0 ], [ -112.274595124770002, 54.34723086586083, 0.0 ], [ -112.274648227539799, 54.347281418207928, 0.0 ], [ -112.274638227683496, 54.347486792775307, 0.0 ], [ -112.274524665735797, 54.347682450900727, 0.0 ], [ -112.274417799186907, 54.347737382345173, 0.0 ], [ -112.274370106886593, 54.347761895893733, 0.0 ], [ -112.274368958937501, 54.347762514838927, 0.0 ], [ -112.2740553739484, 54.347931387633459, 0.0 ], [ -112.274032949793707, 54.34794108118836, 0.0 ], [ -112.273963017449603, 54.347971315033448, 0.0 ], [ -112.273902740769003, 54.347997373393667, 0.0 ], [ -112.2738660673769, 54.348008162335503, 0.0 ], [ -112.273822456935704, 54.348020990860363, 0.0 ], [ -112.273778380075797, 54.348033957231941, 0.0 ], [ -112.273632479391694, 54.348058721267194, 0.0 ], [ -112.273469981361202, 54.348069078880407, 0.0 ], [ -112.273220369334197, 54.348058128222412, 0.0 ], [ -112.273067569066797, 54.34803362784762, 0.0 ], [ -112.272937837440395, 54.347995616046767, 0.0 ], [ -112.2728327069578, 54.34794413114399, 0.0 ], [ -112.272752000333298, 54.34787952536707, 0.0 ], [ -112.272676132243902, 54.347758187039418, 0.0 ], [ -112.272652913646596, 54.347662502741663, 0.0 ], [ -112.272647217251105, 54.347574577377948, 0.0 ], [ -112.272646140490494, 54.347557926243461, 0.0 ], [ -112.272675527207497, 54.347163203197461, 0.0 ], [ -112.27267019112, 54.34705784970749, 0.0 ], [ -112.272643291302103, 54.346964240771158, 0.0 ], [ -112.272619393954997, 54.34692295546791, 0.0 ], [ -112.272553540887003, 54.346850322559803, 0.0 ], [ -112.272470122246702, 54.346787185148891, 0.0 ], [ -112.272237550967901, 54.346642334345681, 0.0 ], [ -112.2721399236423, 54.346586880223597, 0.0 ], [ -112.272030161234298, 54.346537987174209, 0.0 ], [ -112.271900438148194, 54.346499884437513, 0.0 ], [ -112.271826237877605, 54.346485884759261, 0.0 ], [ -112.271329451480796, 54.346429763802263, 0.0 ], [ -112.271184563067493, 54.346399863517547, 0.0 ], [ -112.2710076269165, 54.346333170004058, 0.0 ], [ -112.270814286039098, 54.34622131266655, 0.0 ], [ -112.268936354256795, 54.345035721188047, 0.0 ], [ -112.268819054663396, 54.344954365006743, 0.0 ], [ -112.268713120107094, 54.344836299638288, 0.0 ], [ -112.268671605124496, 54.344754321062688, 0.0 ], [ -112.268641580718196, 54.344652275653097, 0.0 ], [ -112.268625920848194, 54.344526360970207, 0.0 ], [ -112.268627630435702, 54.344372957423452, 0.0 ], [ -112.268140783939202, 54.34451087556311, 0.0 ], [ -112.267821383119994, 54.344619306468779, 0.0 ], [ -112.267617664208899, 54.344705802240327, 0.0 ], [ -112.267300377222298, 54.344870494796361, 0.0 ], [ -112.267183404567305, 54.344921090389697, 0.0 ], [ -112.267058064300301, 54.344960883012853, 0.0 ], [ -112.266916002047495, 54.344988244229462, 0.0 ], [ -112.266669448558503, 54.345008020463801, 0.0 ], [ -112.266301258452799, 54.345009479024263, 0.0 ], [ -112.265719500578697, 54.344993052976093, 0.0 ], [ -112.264138741413802, 54.344930670761421, 0.0 ], [ -112.263758847381595, 54.344925290217432, 0.0 ], [ -112.263487521668097, 54.344936598237787, 0.0 ], [ -112.263506630639398, 54.344649113133862, 0.0 ], [ -112.263137269499893, 54.344415874546918, 0.0 ], [ -112.262767433053398, 54.344297136530876, 0.0 ], [ -112.262383624706203, 54.344173912244287, 0.0 ], [ -112.262782837815905, 54.343958116480927, 0.0 ], [ -112.262792175736806, 54.343496122855242, 0.0 ], [ -112.2632118997833, 54.343293282538028, 0.0 ], [ -112.263318604974202, 54.342845989689913, 0.0 ], [ -112.263271600326604, 54.342395208729357, 0.0 ], [ -112.262880079699698, 54.342173958349271, 0.0 ], [ -112.262932111604101, 54.341712932711253, 0.0 ], [ -112.262532227432601, 54.341496206977091, 0.0 ], [ -112.262580412388104, 54.341037262617007, 0.0 ], [ -112.262653037043904, 54.340565104509963, 0.0 ], [ -112.262652842583506, 54.340442887481608, 0.0 ], [ -112.262638682852995, 54.340413429972138, 0.0 ], [ -112.262469248816103, 54.34023446508855, 0.0 ], [ -112.262415233820704, 54.340155528256112, 0.0 ], [ -112.262384384642004, 54.34006389567439, 0.0 ], [ -112.262363857721596, 54.339950392138817, 0.0 ], [ -112.262283023209406, 54.339899341218292, 0.0 ], [ -112.261913709283405, 54.339666099264193, 0.0 ], [ -112.261544401072101, 54.339432856254817, 0.0 ], [ -112.2611750955014, 54.339199612120467, 0.0 ], [ -112.260805794108407, 54.338966366896017, 0.0 ], [ -112.260436496892893, 54.338733120581551, 0.0 ], [ -112.259668029185704, 54.338715660542611, 0.0 ], [ -112.259268851935801, 54.338931445667882, 0.0 ], [ -112.258468449627699, 54.338931241734393, 0.0 ], [ -112.257689333963, 54.338919523542877, 0.0 ], [ -112.257362637129106, 54.33866325122883, 0.0 ], [ -112.256594174237705, 54.338645771667053, 0.0 ], [ -112.256224904136104, 54.338412512757273, 0.0 ], [ -112.255855638211898, 54.338179252757719, 0.0 ], [ -112.255870249724296, 54.337960005380772, 0.0 ], [ -112.255900524204506, 54.337505700951468, 0.0 ], [ -112.255484340023798, 54.337289218532838, 0.0 ], [ -112.255478866515503, 54.336821531882563, 0.0 ], [ -112.255546572510099, 54.336355511590902, 0.0 ], [ -112.255990293725702, 54.336158597106113, 0.0 ], [ -112.2560202152588, 54.335709562401263, 0.0 ], [ -112.255793711976906, 54.335566474056399, 0.0 ], [ -112.255650975765406, 54.335476302014399, 0.0 ], [ -112.255281738911904, 54.335243040502931, 0.0 ], [ -112.254912504698098, 54.335009777866887, 0.0 ], [ -112.254942438306202, 54.334560742618187, 0.0 ], [ -112.255040453057404, 54.334517954554897, 0.0 ], [ -112.255032619664703, 54.3344513523218, 0.0 ], [ -112.255066829786202, 54.334302916263397, 0.0 ], [ -112.255151303408695, 54.334171633312202, 0.0 ], [ -112.255313754464495, 54.33400884622526, 0.0 ], [ -112.255338738365495, 54.333952660757653, 0.0 ], [ -112.255334924268197, 54.333924421737947, 0.0 ], [ -112.255297172971098, 54.33386734800078, 0.0 ], [ -112.255187834518395, 54.33378058251639, 0.0 ], [ -112.254947535771393, 54.333628076129671, 0.0 ], [ -112.254633081068107, 54.33342941124905, 0.0 ], [ -112.254263869578097, 54.333196146868097, 0.0 ], [ -112.2542639941381, 54.333194255500807, 0.0 ], [ -112.253466739497398, 54.332688249073414, 0.0 ], [ -112.253318774408896, 54.332569210917491, 0.0 ], [ -112.253231662002193, 54.332486188682083, 0.0 ], [ -112.253022418024401, 54.332254495385662, 0.0 ], [ -112.252897409465007, 54.332098203481493, 0.0 ], [ -112.252133328104804, 54.331615518345338, 0.0 ], [ -112.251969888453004, 54.331520951030811, 0.0 ], [ -112.251867802979007, 54.331474862597943, 0.0 ], [ -112.251700005580304, 54.331576225143131, 0.0 ], [ -112.250911166923999, 54.331545751206079, 0.0 ], [ -112.250551396416796, 54.33178639187129, 0.0 ], [ -112.249773221037699, 54.331762649362972, 0.0 ], [ -112.248975356742505, 54.331726460483416, 0.0 ], [ -112.248205397099497, 54.331493402806053, 0.0 ], [ -112.247852871961001, 54.331251129525228, 0.0 ], [ -112.247483715678101, 54.33101784402244, 0.0 ], [ -112.2471145649871, 54.330784559261851, 0.0 ], [ -112.246745420067995, 54.330551272549272, 0.0 ], [ -112.246418711158498, 54.33034480256952, 0.0 ], [ -112.246278610565795, 54.330265472333863, 0.0 ], [ -112.246166688747806, 54.330217764696521, 0.0 ], [ -112.246035925328002, 54.330180239048318, 0.0 ], [ -112.245798106505504, 54.330146475913139, 0.0 ], [ -112.244958682313793, 54.330113268263517, 0.0 ], [ -112.244708889893602, 54.330085974246742, 0.0 ], [ -112.244569346595895, 54.330053193253157, 0.0 ], [ -112.244275494453106, 54.329941514796637, 0.0 ], [ -112.244144894839096, 54.329903901765498, 0.0 ], [ -112.243991140638201, 54.329878801165641, 0.0 ], [ -112.243901042633993, 54.329869045353931, 0.0 ], [ -112.243686873067901, 54.330022310973398, 0.0 ], [ -112.243318462413498, 54.330257485601088, 0.0 ], [ -112.242903904259506, 54.330463496634891, 0.0 ], [ -112.242135603568798, 54.330445926788549, 0.0 ], [ -112.241367303702305, 54.330428352054433, 0.0 ], [ -112.240993633346406, 54.330660207320577, 0.0 ], [ -112.240224417730303, 54.330642049432811, 0.0 ], [ -112.239422394156094, 54.330603148259733, 0.0 ], [ -112.238631310978604, 54.330571154396353, 0.0 ], [ -112.237894906613306, 54.330573719373056, 0.0 ], [ -112.237493189826296, 54.330826852506583, 0.0 ], [ -112.237126608705793, 54.330556116748703, 0.0 ], [ -112.236364644753493, 54.330535087224114, 0.0 ], [ -112.235526643496698, 54.330555138103151, 0.0 ], [ -112.2348217135509, 54.330503283000603, 0.0 ], [ -112.234851860998603, 54.330054255895888, 0.0 ], [ -112.234482791703201, 54.329820932481063, 0.0 ], [ -112.234572925714602, 54.329123125236649, 0.0 ], [ -112.234158955184299, 54.328914067550691, 0.0 ], [ -112.234229839829894, 54.328443030238851, 0.0 ], [ -112.2344025613084, 54.327916967090758, 0.0 ], [ -112.234408268686806, 54.3274811461296, 0.0 ], [ -112.234014708472998, 54.327256794112728, 0.0 ], [ -112.233320387983298, 54.327174655016471, 0.0 ], [ -112.232470823170104, 54.327176395634901, 0.0 ], [ -112.231591380480197, 54.327219916631691, 0.0 ], [ -112.230807421686293, 54.327263125568862, 0.0 ], [ -112.230434754155596, 54.32751315459808, 0.0 ], [ -112.229608897205495, 54.327494182130927, 0.0 ], [ -112.229270956098603, 54.327227828354943, 0.0 ], [ -112.229015296539202, 54.327066165907397, 0.0 ], [ -112.228820785855405, 54.327044697100781, 0.0 ], [ -112.228671001114805, 54.32701580036192, 0.0 ], [ -112.228615477499801, 54.326997540967518, 0.0 ], [ -112.228084922407803, 54.327003191715711, 0.0 ], [ -112.227738096479996, 54.326757865867101, 0.0 ], [ -112.227395713873904, 54.326510142499259, 0.0 ], [ -112.227026717127799, 54.326276796982292, 0.0 ], [ -112.226657726091901, 54.326043450412932, 0.0 ], [ -112.226687955977297, 54.325594426036282, 0.0 ], [ -112.226318974411001, 54.325361078537313, 0.0 ], [ -112.225949995481898, 54.325127729915309, 0.0 ], [ -112.225550779563093, 54.325343404214067, 0.0 ], [ -112.224797344421106, 54.325335059110238, 0.0 ], [ -112.223984873451201, 54.325289372470912, 0.0 ], [ -112.223615163207697, 54.325523708615187, 0.0 ], [ -112.223215931423795, 54.325739374979833, 0.0 ], [ -112.222447733082106, 54.325721680854343, 0.0 ], [ -112.222048491829497, 54.325937343216282, 0.0 ], [ -112.221649248000105, 54.326153003337119, 0.0 ], [ -112.221279282016596, 54.326387185416863, 0.0 ], [ -112.220481791088204, 54.326350957096572, 0.0 ], [ -112.219857738312299, 54.326322604699733, 0.0 ], [ -112.219812829641398, 54.326336878580918, 0.0 ], [ -112.219597920480297, 54.326369397285639, 0.0 ], [ -112.219314320303695, 54.32654889844369, 0.0 ], [ -112.218592959682297, 54.326560814628444, 0.0 ], [ -112.217801321154397, 54.326528272564907, 0.0 ], [ -112.217009685533199, 54.32649572625192, 0.0 ], [ -112.216256649156307, 54.326253482265862, 0.0 ], [ -112.215887720484204, 54.326020103465069, 0.0 ], [ -112.215518795985801, 54.32578672357716, 0.0 ], [ -112.215534065758902, 54.325560819746563, 0.0 ], [ -112.215214326109802, 54.325359198919578, 0.0 ], [ -112.215084209078697, 54.325267238737823, 0.0 ], [ -112.215011624486095, 54.325198283888568, 0.0 ], [ -112.214957884147495, 54.325119150854633, 0.0 ], [ -112.214926025510707, 54.325028200883672, 0.0 ], [ -112.214904693642794, 54.3249300134013, 0.0 ], [ -112.214811316407804, 54.324870940595723, 0.0 ], [ -112.214442409784098, 54.324637556707309, 0.0 ], [ -112.214073505675898, 54.324404173492503, 0.0 ], [ -112.213704605801595, 54.324170788292648, 0.0 ], [ -112.213335708564102, 54.323937401970348, 0.0 ], [ -112.212958115926995, 54.324166748666222, 0.0 ], [ -112.212200199835493, 54.324155472229897, 0.0 ], [ -112.211413908205699, 54.324126238443341, 0.0 ], [ -112.210618156853101, 54.324091013428188, 0.0 ], [ -112.209831869410493, 54.324061770285503, 0.0 ], [ -112.209073956852606, 54.324050473331774, 0.0 ], [ -112.208696338421703, 54.324279805447517, 0.0 ], [ -112.207928176690999, 54.324262020105593, 0.0 ], [ -112.207160012782595, 54.32424422890815, 0.0 ], [ -112.206781203397199, 54.324472806213151, 0.0 ], [ -112.205992544100695, 54.324442041305907, 0.0 ], [ -112.205613726447297, 54.324670615735087, 0.0 ], [ -112.204941670266706, 54.324644392051347, 0.0 ], [ -112.2048250661053, 54.324639842294737, 0.0 ], [ -112.204433053045307, 54.324860068847997, 0.0 ], [ -112.203543335519797, 54.324765338157967, 0.0 ], [ -112.202686829581594, 54.324691616110719, 0.0 ], [ -112.202121235960604, 54.324801989965238, 0.0 ], [ -112.201907067693597, 54.325134769780298, 0.0 ], [ -112.201873729933595, 54.32558198652837, 0.0 ], [ -112.201890598806699, 54.325727732898223, 0.0 ], [ -112.2019322249824, 54.326087321311547, 0.0 ], [ -112.201993562820505, 54.326594455219087, 0.0 ], [ -112.201968743219794, 54.327047064781468, 0.0 ], [ -112.201569387114006, 54.327262657920492, 0.0 ], [ -112.200798121665301, 54.327289727055522, 0.0 ], [ -112.200032959715202, 54.327226988425323, 0.0 ], [ -112.199693607339498, 54.326972384922144, 0.0 ], [ -112.198919094594302, 54.326929408546583, 0.0 ], [ -112.198110877138106, 54.326910630554828, 0.0 ], [ -112.197332971481501, 54.326917534752361, 0.0 ], [ -112.196960115019706, 54.327155589896087, 0.0 ], [ -112.196591289791201, 54.326922154196737, 0.0 ], [ -112.196222468797501, 54.326688716513161, 0.0 ], [ -112.195457325968405, 54.326625949056911, 0.0 ], [ -112.194686068276695, 54.326652979155831, 0.0 ], [ -112.194286677257793, 54.326868547737888, 0.0 ], [ -112.193887282065404, 54.327084114939993, 0.0 ], [ -112.193487884235907, 54.327299680797857, 0.0 ], [ -112.193088480696304, 54.327515245239958, 0.0 ], [ -112.192719673201495, 54.327281797000502, 0.0 ], [ -112.1919514645422, 54.327263908352187, 0.0 ], [ -112.191552053494206, 54.327479467613479, 0.0 ], [ -112.191152639870296, 54.327695024632362, 0.0 ], [ -112.190363935715098, 54.327664157842669, 0.0 ], [ -112.189984999795101, 54.327892680689168, 0.0 ], [ -112.189585574008603, 54.328108233255207, 0.0 ], [ -112.189186140975394, 54.328323784369331, 0.0 ], [ -112.188417916761495, 54.328305873030722, 0.0 ], [ -112.188049130855603, 54.328072410800822, 0.0 ], [ -112.187680349123397, 54.327838947485183, 0.0 ], [ -112.187311571626196, 54.327605482185788, 0.0 ], [ -112.186942796643507, 54.327372017560933, 0.0 ], [ -112.186561217292507, 54.327091406067339, 0.0 ], [ -112.186159225816496, 54.327344364890287, 0.0 ], [ -112.185938682942705, 54.327473717813078, 0.0 ], [ -112.185888143350894, 54.327572535411441, 0.0 ], [ -112.185851423190599, 54.327733849062433, 0.0 ], [ -112.185831581346704, 54.328346360564012, 0.0 ], [ -112.185814821554899, 54.328492579599263, 0.0 ], [ -112.185793760847602, 54.32856881105058, 0.0 ], [ -112.185758584823603, 54.328646691829519, 0.0 ], [ -112.1857072533505, 54.328722903009833, 0.0 ], [ -112.1856831129287, 54.328916657436729, 0.0 ], [ -112.185263167175293, 54.329119225503447, 0.0 ], [ -112.185252968699501, 54.329581202658517, 0.0 ], [ -112.184853501952901, 54.32979673989778, 0.0 ], [ -112.184454028020497, 54.330012274786711, 0.0 ], [ -112.184054552986893, 54.330227808366757, 0.0 ], [ -112.183286295135701, 54.330209863900564, 0.0 ], [ -112.182913326947499, 54.330447875014258, 0.0 ], [ -112.182135355317101, 54.330454681217738, 0.0 ], [ -112.1813270804317, 54.330435789090181, 0.0 ], [ -112.181073520415097, 54.330421681813789, 0.0 ], [ -112.180552524425195, 54.330392695063288, 0.0 ], [ -112.180213272150297, 54.330138037164851, 0.0 ], [ -112.179477160325405, 54.330080666866031, 0.0 ], [ -112.178668300731999, 54.330053711929388, 0.0 ], [ -112.177880763986906, 54.330059374512949, 0.0 ], [ -112.177509002990107, 54.330299627232812, 0.0 ], [ -112.176740748126704, 54.330281641078798, 0.0 ], [ -112.176709967395297, 54.330730645921363, 0.0 ], [ -112.176269474037198, 54.330920209700118, 0.0 ], [ -112.176279659469898, 54.331395157874439, 0.0 ], [ -112.175511385000803, 54.331377163650167, 0.0 ], [ -112.175132334907502, 54.331605639217187, 0.0 ], [ -112.174343571871503, 54.331574664196431, 0.0 ], [ -112.173944029606204, 54.331790164304998, 0.0 ], [ -112.173575295277004, 54.331556658504127, 0.0 ], [ -112.173175749321203, 54.331772155123012, 0.0 ], [ -112.172776196117795, 54.331987650288553, 0.0 ], [ -112.172376641813003, 54.332203144144827, 0.0 ], [ -112.172345812899906, 54.33265214719038, 0.0 ], [ -112.171946246750196, 54.332867639422339, 0.0 ], [ -112.171546679498903, 54.333083130344967, 0.0 ], [ -112.171147104999605, 54.33329861981408, 0.0 ], [ -112.170747529398795, 54.333514107973834, 0.0 ], [ -112.170347946549796, 54.33372959467998, 0.0 ], [ -112.1699483625992, 54.33394508007671, 0.0 ], [ -112.1691800432571, 54.333927044939742, 0.0 ], [ -112.168777877330399, 54.33417994342004, 0.0 ], [ -112.168411726359594, 54.333909004053197, 0.0 ], [ -112.168043006927604, 54.333675482490733, 0.0 ], [ -112.167674291732197, 54.333441958945322, 0.0 ], [ -112.1669059848155, 54.333423909478427, 0.0 ], [ -112.166537278393093, 54.333190382552807, 0.0 ], [ -112.166168576145395, 54.332956854542367, 0.0 ], [ -112.1657998765358, 54.332723325411003, 0.0 ], [ -112.165054816962495, 54.332692737742548, 0.0 ], [ -112.164240868573799, 54.332699290010083, 0.0 ], [ -112.163424770164298, 54.332706996867877, 0.0 ], [ -112.162673252426103, 54.332679875416247, 0.0 ], [ -112.162309599237204, 54.332443628902148, 0.0 ], [ -112.161989367219604, 54.33218397135748, 0.0 ], [ -112.162020306883804, 54.331734972259781, 0.0 ], [ -112.162440394275194, 54.33153248701116, 0.0 ], [ -112.162450846821201, 54.331070514067171, 0.0 ], [ -112.162850442231701, 54.330855053599969, 0.0 ], [ -112.163326516583297, 54.330646388503531, 0.0 ], [ -112.163280960715198, 54.33019059211999, 0.0 ], [ -112.162512717322699, 54.330172515409117, 0.0 ], [ -112.162144064742705, 54.329938975593393, 0.0 ], [ -112.162197199347105, 54.329478007118688, 0.0 ], [ -112.1618063570467, 54.329256435529317, 0.0 ], [ -112.161437716563896, 54.329022893670562, 0.0 ], [ -112.161069078780201, 54.328789349793219, 0.0 ], [ -112.160700446582595, 54.328555806663729, 0.0 ], [ -112.160827594870298, 54.32805493847129, 0.0 ], [ -112.160447341306394, 54.327827664335771, 0.0 ], [ -112.159651660691097, 54.327824389721513, 0.0 ], [ -112.158805236539607, 54.327848468238223, 0.0 ], [ -112.158457768492596, 54.327603517795701, 0.0 ], [ -112.157723015580103, 54.327567381719568, 0.0 ], [ -112.156951786223999, 54.327550909329418, 0.0 ], [ -112.156160288680496, 54.327545359047868, 0.0 ], [ -112.155364738066694, 54.327541988061512, 0.0 ], [ -112.154581348420805, 54.327532056646952, 0.0 ], [ -112.153826336129001, 54.327506822849656, 0.0 ], [ -112.153480048803999, 54.327261237930522, 0.0 ], [ -112.152711866532499, 54.327243099481016, 0.0 ], [ -112.152343297818604, 54.327009529733239, 0.0 ], [ -112.151974730080894, 54.326775960625042, 0.0 ], [ -112.151206557856796, 54.326757812701487, 0.0 ], [ -112.150838002024997, 54.326524239390281, 0.0 ], [ -112.150469447293403, 54.326290664922702, 0.0 ], [ -112.1501008998072, 54.326057089444078, 0.0 ], [ -112.149332742291605, 54.326038928855169, 0.0 ], [ -112.148964200441696, 54.32580535082456, 0.0 ], [ -112.148595665899194, 54.325571770885048, 0.0 ], [ -112.147827518432294, 54.325553600822943, 0.0 ], [ -112.147867485661195, 54.325099821241572, 0.0 ], [ -112.147490082697402, 54.32487102445625, 0.0 ], [ -112.147521173480499, 54.324422030498752, 0.0 ], [ -112.147552261875205, 54.323973036459158, 0.0 ], [ -112.147153779736897, 54.323755608095979, 0.0 ], [ -112.147244812676306, 54.323274302765419, 0.0 ], [ -112.146861886790006, 54.322832376550963, 0.0 ], [ -112.146937381365404, 54.322359449104127, 0.0 ], [ -112.146524489429893, 54.322149796815459, 0.0 ], [ -112.146555587553493, 54.321700803929673, 0.0 ], [ -112.146586684886998, 54.321251810100087, 0.0 ], [ -112.146188232230699, 54.321034378805919, 0.0 ], [ -112.146279269276405, 54.320553074077218, 0.0 ], [ -112.145880826440902, 54.320335641883418, 0.0 ], [ -112.145978525342599, 54.319850746080803, 0.0 ], [ -112.145563954462204, 54.319642012765122, 0.0 ], [ -112.144775427699699, 54.319634871404027, 0.0 ], [ -112.144654829512305, 54.319228148452368, 0.0 ], [ -112.144603816043599, 54.318744394066513, 0.0 ], [ -112.144628662738398, 54.3182395046449, 0.0 ], [ -112.144735629127894, 54.317769376987577, 0.0 ], [ -112.144930990878905, 54.317389905403587, 0.0 ], [ -112.145011098160595, 54.317392787449151, 0.0 ], [ -112.144960013851701, 54.317323128706043, 0.0 ], [ -112.144861988873998, 54.317267918901777, 0.0 ], [ -112.144726567711899, 54.317232870687889, 0.0 ], [ -112.144340229365298, 54.317171011430297, 0.0 ], [ -112.144209605155197, 54.317133377872672, 0.0 ], [ -112.144097837024503, 54.317085577230984, 0.0 ], [ -112.1439514454446, 54.317002416026767, 0.0 ], [ -112.143446764064095, 54.316681404651597, 0.0 ], [ -112.1433377154585, 54.316594450316728, 0.0 ], [ -112.143300134072902, 54.316537343457242, 0.0 ], [ -112.143296394931099, 54.316509191667237, 0.0 ], [ -112.143321216725397, 54.316452934817363, 0.0 ], [ -112.143442699046403, 54.316327280469032, 0.0 ], [ -112.143503157611505, 54.316249650421128, 0.0 ], [ -112.143544237927699, 54.316158608946637, 0.0 ], [ -112.143622789728298, 54.315915367045953, 0.0 ], [ -112.143646869548505, 54.315872043893258, 0.0 ], [ -112.1437122726974, 54.315796328927043, 0.0 ], [ -112.143842721786498, 54.315703268149711, 0.0 ], [ -112.144139422548406, 54.315539939401212, 0.0 ], [ -112.144247122015898, 54.315490951628199, 0.0 ], [ -112.144369700751, 54.315451490723753, 0.0 ], [ -112.144514238717406, 54.315425951810028, 0.0 ], [ -112.1447714206478, 54.31541324461918, 0.0 ], [ -112.1459509159871, 54.315457994692643, 0.0 ], [ -112.146326521818906, 54.315456902505957, 0.0 ], [ -112.146586886574198, 54.315424928388097, 0.0 ], [ -112.146782599877398, 54.31537029074142, 0.0 ], [ -112.146781140882695, 54.315217298483738, 0.0 ], [ -112.146761669109907, 54.314738833801883, 0.0 ], [ -112.146736718955907, 54.314274128885458, 0.0 ], [ -112.146715702193902, 54.313834317854337, 0.0 ], [ -112.146347285284094, 54.313600732094883, 0.0 ], [ -112.145978869472003, 54.313367145179747, 0.0 ], [ -112.146009963552899, 54.312918150951838, 0.0 ], [ -112.145619362529899, 54.312696529298293, 0.0 ], [ -112.145672654161402, 54.312235568969577, 0.0 ], [ -112.145304257245897, 54.312001980214532, 0.0 ], [ -112.144935861489998, 54.31176838940592, 0.0 ], [ -112.144966966569498, 54.311319396400528, 0.0 ], [ -112.144190208581705, 54.311305993518737, 0.0 ], [ -112.143446766379896, 54.311058516678649, 0.0 ], [ -112.142678892590098, 54.311040318004572, 0.0 ], [ -112.142710019930007, 54.31059132489343, 0.0 ], [ -112.142741146416995, 54.310142331736472, 0.0 ], [ -112.141973290154496, 54.310124128777673, 0.0 ], [ -112.141604933055305, 54.309890529132353, 0.0 ], [ -112.141236577115393, 54.309656927433643, 0.0 ], [ -112.140468730833803, 54.309638715906168, 0.0 ], [ -112.140100386666305, 54.309405111804033, 0.0 ], [ -112.139732043595899, 54.309171506546612, 0.0 ], [ -112.138979790332201, 54.30892878876184, 0.0 ], [ -112.138635851183693, 54.308682029827779, 0.0 ], [ -112.1378484779693, 54.308674340083073, 0.0 ], [ -112.137025589275297, 54.308685790445047, 0.0 ], [ -112.136233911545304, 54.308680411061182, 0.0 ], [ -112.135540159858905, 54.30862223530508, 0.0 ], [ -112.1355699527642, 54.308193503226263, 0.0 ], [ -112.1354928424565, 54.308164448540737, 0.0 ], [ -112.135300060507603, 54.308052291257631, 0.0 ], [ -112.135145428927302, 54.307937567537891, 0.0 ], [ -112.134451226242305, 54.307912760937683, 0.0 ], [ -112.133635476692803, 54.30792034967515, 0.0 ], [ -112.133299146700594, 54.307669496081168, 0.0 ], [ -112.132547323550199, 54.307642619096811, 0.0 ], [ -112.131731576389896, 54.307650194938041, 0.0 ], [ -112.131395261856298, 54.307399336227732, 0.0 ], [ -112.130627462725101, 54.307381061640463, 0.0 ], [ -112.129859667583801, 54.307362781345901, 0.0 ], [ -112.129523363778802, 54.307111918395883, 0.0 ], [ -112.128707628840502, 54.307119473931628, 0.0 ], [ -112.127955819733799, 54.307092568466757, 0.0 ], [ -112.127619533048502, 54.306841698641861, 0.0 ], [ -112.126803801976095, 54.306849242216501, 0.0 ], [ -112.126052000997404, 54.30682232498858, 0.0 ], [ -112.125686370633403, 54.306551262118163, 0.0 ], [ -112.125284216199702, 54.306804016525582, 0.0 ], [ -112.124547907288203, 54.306805672934317, 0.0 ], [ -112.123773831622898, 54.30678336133839, 0.0 ], [ -112.122980871561197, 54.306749061952921, 0.0 ], [ -112.122187914666895, 54.306714755607658, 0.0 ], [ -112.1214138424683, 54.306692429790409, 0.0 ], [ -112.120677534649204, 54.306694063440403, 0.0 ], [ -112.120300787173704, 54.306923867598677, 0.0 ], [ -112.119540611374205, 54.306910350945401, 0.0 ], [ -112.118750009994798, 54.306877517405837, 0.0 ], [ -112.1179533214912, 54.306840816514978, 0.0 ], [ -112.117174895457396, 54.306815696925632, 0.0 ], [ -112.116439066253093, 54.306817610262407, 0.0 ], [ -112.1160627407112, 54.307047684078469, 0.0 ], [ -112.115267856036695, 54.307012110441043, 0.0 ], [ -112.114446386454205, 54.306959655206917, 0.0 ], [ -112.113684231088499, 54.30694484259844, 0.0 ], [ -112.113318113967907, 54.307181399286257, 0.0 ], [ -112.112981907149504, 54.307436942218892, 0.0 ], [ -112.1121691226232, 54.307389989105879, 0.0 ], [ -112.111769501812802, 54.307605281894432, 0.0 ], [ -112.111390329074794, 54.307833555263237, 0.0 ], [ -112.110602081835495, 54.307802171131641, 0.0 ], [ -112.110187108519398, 54.308007721005843, 0.0 ], [ -112.109787468479993, 54.308223006030062, 0.0 ], [ -112.109403166081293, 54.308448029159813, 0.0 ], [ -112.109371678683999, 54.308897009318272, 0.0 ], [ -112.108972028700705, 54.309112292423251, 0.0 ], [ -112.108572371478402, 54.309327574071091, 0.0 ], [ -112.108172711687004, 54.309542853474298, 0.0 ], [ -112.108141209629196, 54.309991833063428, 0.0 ], [ -112.107741540944403, 54.310207112704518, 0.0 ], [ -112.107341868154506, 54.310422390064062, 0.0 ], [ -112.107310357632997, 54.310871368397073, 0.0 ], [ -112.106910676012205, 54.311086645096417, 0.0 ], [ -112.1065109887505, 54.311301919477252, 0.0 ], [ -112.106479466566796, 54.31175089827623, 0.0 ], [ -112.106079772135402, 54.311966170237689, 0.0 ], [ -112.105680073409403, 54.312181442611262, 0.0 ], [ -112.105648542696997, 54.312630421051871, 0.0 ], [ -112.105248833729206, 54.312845690932221, 0.0 ], [ -112.104849122128599, 54.313060959465552, 0.0 ], [ -112.104817579815006, 54.313509937473931, 0.0 ], [ -112.104417859507805, 54.313725203550767, 0.0 ], [ -112.104018134968697, 54.313940469141627, 0.0 ], [ -112.103986582525494, 54.314389447652488, 0.0 ], [ -112.103586849279196, 54.314604710786703, 0.0 ], [ -112.103187111737697, 54.314819974332792, 0.0 ], [ -112.103155549290094, 54.315268951550117, 0.0 ], [ -112.102755804576802, 54.315484212676353, 0.0 ], [ -112.102356054221403, 54.315699471483583, 0.0 ], [ -112.102324480106304, 54.31614844916627, 0.0 ], [ -112.101924720979696, 54.316363706414549, 0.0 ], [ -112.101524959093098, 54.316578964111457, 0.0 ], [ -112.101493376570701, 54.317027939639381, 0.0 ], [ -112.101065493057504, 54.317228580630093, 0.0 ], [ -112.100993507180107, 54.317671939589928, 0.0 ], [ -112.100943483973396, 54.318134409744829, 0.0 ], [ -112.100916471368606, 54.31860115074597, 0.0 ], [ -112.100913511356893, 54.319057321192361, 0.0 ], [ -112.100935653916807, 54.319488076266232, 0.0 ], [ -112.101350598401197, 54.319708389095801, 0.0 ], [ -112.101381345153996, 54.320182574965571, 0.0 ], [ -112.101344578316002, 54.320661765716103, 0.0 ], [ -112.101209092753706, 54.321068726256783, 0.0 ], [ -112.100441061049096, 54.321050256469633, 0.0 ], [ -112.1000728486094, 54.320816532009538, 0.0 ], [ -112.099704637268303, 54.320582806394782, 0.0 ], [ -112.099352238242602, 54.320124592118631, 0.0 ], [ -112.099017355760907, 54.319872926579933, 0.0 ], [ -112.098677000412806, 54.319608012241638, 0.0 ], [ -112.097831405223204, 54.319598902177248, 0.0 ], [ -112.097448023006194, 54.319853892197592, 0.0 ], [ -112.096716833340494, 54.319858772214303, 0.0 ], [ -112.0959120092962, 54.319816900377397, 0.0 ], [ -112.095943655891602, 54.319367926378533, 0.0 ], [ -112.0955434969176, 54.319151407432273, 0.0 ], [ -112.095623124738594, 54.318676605244612, 0.0 ], [ -112.095638782216, 54.318236240750068, 0.0 ], [ -112.095256195575104, 54.318010265113969, 0.0 ], [ -112.0953957324474, 54.317503213158332, 0.0 ], [ -112.095452188831302, 54.317040884264131, 0.0 ], [ -112.0950946767326, 54.316801416440391, 0.0 ], [ -112.094254523827999, 54.316821781328663, 0.0 ], [ -112.093429873503197, 54.316833791951851, 0.0 ], [ -112.093061738362707, 54.31660004779512, 0.0 ], [ -112.093093410707795, 54.316151074652907, 0.0 ], [ -112.092725283535401, 54.315917328647103, 0.0 ], [ -112.092357157460498, 54.315683581487029, 0.0 ], [ -112.092388839543204, 54.315234607732947, 0.0 ], [ -112.092020721309197, 54.315000860519781, 0.0 ], [ -112.092420517559603, 54.314785635654459, 0.0 ], [ -112.092528987928503, 54.314338514835747, 0.0 ], [ -112.092483874186698, 54.313887689636992, 0.0 ], [ -112.0921157687564, 54.313653941950299, 0.0 ], [ -112.091747667558195, 54.313420192285612, 0.0 ], [ -112.091379570401799, 54.313186443336733, 0.0 ], [ -112.091011477540704, 54.31295269151196, 0.0 ], [ -112.090643388721304, 54.312718940403073, 0.0 ], [ -112.090587438206299, 54.31224036733839, 0.0 ], [ -112.091050321135199, 54.312039163512779, 0.0 ], [ -112.091474632442996, 54.311839525126118, 0.0 ], [ -112.092242488069303, 54.311858049914207, 0.0 ], [ -112.092642250629396, 54.311642822886448, 0.0 ], [ -112.093017916787602, 54.311412296273012, 0.0 ], [ -112.093781750347205, 54.311428261471526, 0.0 ], [ -112.094577706277505, 54.311464620786758, 0.0 ], [ -112.095373665401098, 54.311500974002392, 0.0 ], [ -112.096137500522104, 54.311516924267622, 0.0 ], [ -112.096513147886995, 54.311286386536942, 0.0 ], [ -112.096940492629798, 54.311088675942933, 0.0 ], [ -112.096916902150497, 54.310604640843493, 0.0 ], [ -112.097344237820494, 54.310406928686596, 0.0 ], [ -112.097375856340406, 54.30995795337676, 0.0 ], [ -112.097407477128499, 54.309508977196757, 0.0 ], [ -112.0978071899805, 54.309293734144511, 0.0 ], [ -112.098575001055394, 54.309312217111973, 0.0 ], [ -112.098974709076401, 54.309096970156482, 0.0 ], [ -112.099742517219099, 54.309115446546443, 0.0 ], [ -112.100110625612899, 54.309349171093579, 0.0 ], [ -112.100478741245695, 54.309582894634289, 0.0 ], [ -112.100878440757199, 54.309367640348732, 0.0 ], [ -112.101246557919097, 54.309601361526127, 0.0 ], [ -112.101646253695407, 54.309386104647587, 0.0 ], [ -112.101709769582797, 54.308957407916097, 0.0 ], [ -112.101730694707896, 54.30850166984704, 0.0 ], [ -112.101733362150298, 54.308034343798973, 0.0 ], [ -112.101742114992902, 54.307570879765692, 0.0 ], [ -112.101781288817193, 54.307126732063558, 0.0 ], [ -112.102203773949597, 54.306925958858777, 0.0 ], [ -112.102603439864396, 54.306710699273538, 0.0 ], [ -112.103371206059194, 54.306729152024438, 0.0 ], [ -112.103402754712604, 54.306280174045341, 0.0 ], [ -112.103802408189495, 54.30606490941112, 0.0 ], [ -112.103813502704398, 54.30560294710655, 0.0 ], [ -112.104233594618293, 54.305400664083876, 0.0 ], [ -112.104265133818004, 54.304951686598059, 0.0 ], [ -112.104728747813695, 54.304737955644597, 0.0 ], [ -112.104296673752302, 54.304502708205057, 0.0 ], [ -112.104251438006898, 54.304051885306841, 0.0 ], [ -112.104359746422602, 54.303604751169992, 0.0 ], [ -112.104759368573099, 54.303389482895398, 0.0 ], [ -112.105222959142196, 54.303175749669037, 0.0 ], [ -112.104790899845099, 54.302940503254547, 0.0 ], [ -112.104422818708201, 54.302706794024218, 0.0 ], [ -112.104054741800397, 54.302473082815652, 0.0 ], [ -112.103686667523206, 54.302239370489929, 0.0 ], [ -112.103318599010507, 54.302005656222917, 0.0 ], [ -112.1025509206804, 54.301987205113853, 0.0 ], [ -112.102182860868396, 54.301753488375702, 0.0 ], [ -112.101814805222205, 54.301519770557427, 0.0 ], [ -112.101846367837297, 54.301070792879933, 0.0 ], [ -112.101478318554797, 54.300837074073279, 0.0 ], [ -112.100726449525396, 54.300594121963719, 0.0 ], [ -112.100797982039794, 54.300123619008353, 0.0 ], [ -112.100789592354801, 54.299696167214492, 0.0 ], [ -112.100421562703403, 54.299462445397729, 0.0 ], [ -112.100053538752405, 54.299228722537983, 0.0 ], [ -112.099685515896098, 54.298994998524442, 0.0 ], [ -112.099317498740007, 54.298761273467953, 0.0 ], [ -112.099371285269697, 54.298300338062248, 0.0 ], [ -112.098981074529206, 54.298078570531331, 0.0 ], [ -112.098613071033597, 54.29784484258294, 0.0 ], [ -112.098245068506003, 54.297611115276773, 0.0 ], [ -112.098276663885102, 54.297162138687852, 0.0 ], [ -112.097908672450799, 54.296928408708737, 0.0 ], [ -112.097540681984299, 54.296694679371917, 0.0 ], [ -112.097172697280499, 54.296460948094463, 0.0 ], [ -112.0968047168043, 54.296227214839369, 0.0 ], [ -112.096436740429297, 54.295993481402633, 0.0 ], [ -112.0960687697536, 54.295759746923324, 0.0 ], [ -112.095700800171798, 54.295526011290441, 0.0 ], [ -112.095332837824301, 54.295292274652049, 0.0 ], [ -112.095408858983603, 54.294819383417391, 0.0 ], [ -112.094996504666298, 54.29460956138476, 0.0 ], [ -112.095012148813595, 54.294169195362358, 0.0 ], [ -112.095091725507402, 54.293694392211243, 0.0 ], [ -112.094691813833194, 54.293477872745768, 0.0 ], [ -112.094723443060701, 54.293028897260697, 0.0 ], [ -112.094355506655305, 54.292795156964758, 0.0 ], [ -112.093987575821799, 54.292561417422391, 0.0 ], [ -112.093619647679802, 54.292327675865749, 0.0 ], [ -112.093251723701201, 54.292093933229822, 0.0 ], [ -112.092883803885698, 54.291860189514672, 0.0 ], [ -112.092890080453301, 54.291424880021367, 0.0 ], [ -112.092972465705401, 54.290948573350867, 0.0 ], [ -112.092978740785099, 54.290513264679817, 0.0 ], [ -112.092610837856398, 54.290279520309532, 0.0 ], [ -112.091821187347804, 54.290272959118873, 0.0 ], [ -112.091475489246307, 54.290027255075429, 0.0 ], [ -112.090708040269305, 54.290008730411877, 0.0 ], [ -112.090362351199403, 54.289763021480212, 0.0 ], [ -112.089572712879701, 54.28975644751646, 0.0 ], [ -112.089204834692595, 54.289522693010341, 0.0 ], [ -112.088836960668004, 54.28928893742529, 0.0 ], [ -112.088050852474893, 54.28923246634465, 0.0 ], [ -112.087669962531194, 54.289485610215003, 0.0 ], [ -112.087270392213597, 54.289700821968452, 0.0 ], [ -112.086502953643205, 54.289682271558853, 0.0 ], [ -112.0864712389006, 54.290131244018099, 0.0 ], [ -112.086071656095399, 54.290346451620451, 0.0 ], [ -112.086483920459997, 54.290556304081207, 0.0 ], [ -112.086407805274803, 54.291029188760717, 0.0 ], [ -112.085256613214, 54.291001351316481, 0.0 ], [ -112.084857015558498, 54.291216555577527, 0.0 ], [ -112.084457413740296, 54.291431758454749, 0.0 ], [ -112.083721123884203, 54.291446651101403, 0.0 ], [ -112.082935755979406, 54.291443997879831, 0.0 ], [ -112.082134798811794, 54.291424607754287, 0.0 ], [ -112.081351742547, 54.291389291489558, 0.0 ], [ -112.080620078662307, 54.291338860748183, 0.0 ], [ -112.080252238366398, 54.291105080323241, 0.0 ], [ -112.079884400825307, 54.290871296986687, 0.0 ], [ -112.079116947074397, 54.290852699349848, 0.0 ], [ -112.078749118294198, 54.290618912648199, 0.0 ], [ -112.078381295084199, 54.290385126701203, 0.0 ], [ -112.078013476100395, 54.290151338777889, 0.0 ], [ -112.078014699288701, 54.289718836115227, 0.0 ], [ -112.078077558918906, 54.289321227419478, 0.0 ], [ -112.078043077726903, 54.289274608706762, 0.0 ], [ -112.077874018997306, 54.289095740382074, 0.0 ], [ -112.077832099074996, 54.289010352605104, 0.0 ], [ -112.077815115170395, 54.288911537578507, 0.0 ], [ -112.077816348813002, 54.288803000167611, 0.0 ], [ -112.077835217975306, 54.288621989276088, 0.0 ], [ -112.077741091701498, 54.288570641933973, 0.0 ], [ -112.0777719929916, 54.288134469364962, 0.0 ], [ -112.077767181367406, 54.288127647057067, 0.0 ], [ -112.077690735243394, 54.288060849852407, 0.0 ], [ -112.077366918058999, 54.287857360664248, 0.0 ], [ -112.077252411192504, 54.287757079770962, 0.0 ], [ -112.0771807439274, 54.287633731720767, 0.0 ], [ -112.077129020175704, 54.287391685206543, 0.0 ], [ -112.077097492961101, 54.287300703462577, 0.0 ], [ -112.077042948983404, 54.287222115054007, 0.0 ], [ -112.077006165058506, 54.287187942032062, 0.0 ], [ -112.076913579511299, 54.287129838473348, 0.0 ], [ -112.076857456679207, 54.287106080026597, 0.0 ], [ -112.076726031940396, 54.287068891577739, 0.0 ], [ -112.076570308654993, 54.287044785628453, 0.0 ], [ -112.076234250237604, 54.287009827993273, 0.0 ], [ -112.076080762027701, 54.286984605407511, 0.0 ], [ -112.075974446265803, 54.286953697487156, 0.0 ], [ -112.0759339623594, 54.286952715157973, 0.0 ], [ -112.075166581150299, 54.286934092316677, 0.0 ], [ -112.074798810803998, 54.286700295078667, 0.0 ], [ -112.074379897836494, 54.286961843677517, 0.0 ], [ -112.074014785705202, 54.286690629817272, 0.0 ], [ -112.073663676546303, 54.286447864545792, 0.0 ], [ -112.073695526269105, 54.285998896933712, 0.0 ], [ -112.073327772568604, 54.28576509538366, 0.0 ], [ -112.072560416753305, 54.285746456272037, 0.0 ], [ -112.072241235224695, 54.285330675028973, 0.0 ], [ -112.072236623894398, 54.285329950444321, 0.0 ], [ -112.072104887886795, 54.285292929161407, 0.0 ], [ -112.072053086114096, 54.285266844794243, 0.0 ], [ -112.072012952906704, 54.285234477703419, 0.0 ], [ -112.071960205046295, 54.285154581244399, 0.0 ], [ -112.071948260828705, 54.285122643620753, 0.0 ], [ -112.071840863779599, 54.285054361853987, 0.0 ], [ -112.071459917422402, 54.285307452116548, 0.0 ], [ -112.070673911265899, 54.285250869760858, 0.0 ], [ -112.070306181479097, 54.285017060160882, 0.0 ], [ -112.070338067569693, 54.284568093825648, 0.0 ], [ -112.0699510608558, 54.284344663030247, 0.0 ], [ -112.069966420829005, 54.283904596432279, 0.0 ], [ -112.070003817506404, 54.283452662664359, 0.0 ], [ -112.070054434758106, 54.282993612498423, 0.0 ], [ -112.070109457556796, 54.282532186843113, 0.0 ], [ -112.070160073727706, 54.28207313568187, 0.0 ], [ -112.070197464291198, 54.281621202546802, 0.0 ], [ -112.070212819620806, 54.281181134799759, 0.0 ], [ -112.0698258477032, 54.280957704872677, 0.0 ], [ -112.069832361656907, 54.280522398937492, 0.0 ], [ -112.069914984558196, 54.280046111218972, 0.0 ], [ -112.069921147408706, 54.279634365878508, 0.0 ], [ -112.069910985774996, 54.279619360947748, 0.0 ], [ -112.069876425621999, 54.27958214361869, 0.0 ], [ -112.069553822266201, 54.27937699384298, 0.0 ], [ -112.069186150146706, 54.279143180465518, 0.0 ], [ -112.0692180399938, 54.27869421410275, 0.0 ], [ -112.068850375820503, 54.278460398880043, 0.0 ], [ -112.068482715742803, 54.278226583477817, 0.0 ], [ -112.068115059824507, 54.277992766998238, 0.0 ], [ -112.067747408065301, 54.277758949441314, 0.0 ], [ -112.066980204777906, 54.277740277575283, 0.0 ], [ -112.067005526719797, 54.277384029675439, 0.0 ], [ -112.066881098757193, 54.277364754312103, 0.0 ], [ -112.066545128147396, 54.277329769804233, 0.0 ], [ -112.066391680444795, 54.277304537128018, 0.0 ], [ -112.066287793772204, 54.277273677580141, 0.0 ], [ -112.066262378999198, 54.277266129150597, 0.0 ], [ -112.066259450812495, 54.27726481206826, 0.0 ], [ -112.066153055640697, 54.277216963915933, 0.0 ], [ -112.065823415053003, 54.277015187063853, 0.0 ], [ -112.0656993889977, 54.276917720804718, 0.0 ], [ -112.0656143502558, 54.276797277589488, 0.0 ], [ -112.065584434464398, 54.276701384393377, 0.0 ], [ -112.065570398661393, 54.276596162589058, 0.0 ], [ -112.065572772519999, 54.276197477688008, 0.0 ], [ -112.065605853820998, 54.275732260915547, 0.0 ], [ -112.065649584727097, 54.2753896325829, 0.0 ], [ -112.065708603295803, 54.27518211854234, 0.0 ], [ -112.065761260083704, 54.275094352744489, 0.0 ], [ -112.065877302217402, 54.274988430866919, 0.0 ], [ -112.0659724342826, 54.274930121266067, 0.0 ], [ -112.066276899889701, 54.274770231603839, 0.0 ], [ -112.066365471432306, 54.274709064407027, 0.0 ], [ -112.066431797756593, 54.274643972572861, 0.0 ], [ -112.066436429119406, 54.274578842072408, 0.0 ], [ -112.066487487595893, 54.274556641018179, 0.0 ], [ -112.066489507684807, 54.274553325226933, 0.0 ], [ -112.0665676837219, 54.274309759031787, 0.0 ], [ -112.066610954262302, 54.274219964495941, 0.0 ], [ -112.066675543030001, 54.27414373148649, 0.0 ], [ -112.066831480183296, 54.274008377394992, 0.0 ], [ -112.066871160577193, 54.273963720589393, 0.0 ], [ -112.066867864615304, 54.273914730845043, 0.0 ], [ -112.0665002570788, 54.273680909927897, 0.0 ], [ -112.066132650631999, 54.273447087858983, 0.0 ], [ -112.066164566926801, 54.272998123194157, 0.0 ], [ -112.065796971427503, 54.272764300253151, 0.0 ], [ -112.065429378551997, 54.272530476197751, 0.0 ], [ -112.065430454725302, 54.272098119610959, 0.0 ], [ -112.065457971324605, 54.271651527702012, 0.0 ], [ -112.065503111587503, 54.271195443685222, 0.0 ], [ -112.065557063482203, 54.270734614486898, 0.0 ], [ -112.065611015581695, 54.270273784357848, 0.0 ], [ -112.065656150554702, 54.269817700114878, 0.0 ], [ -112.065683662349898, 54.26937110705876, 0.0 ], [ -112.065684737500803, 54.268938752107523, 0.0 ], [ -112.065317177012503, 54.268704927979833, 0.0 ], [ -112.0649496237492, 54.268471102850093, 0.0 ], [ -112.064198572607197, 54.268443808914199, 0.0 ], [ -112.063383606728607, 54.268450931873929, 0.0 ], [ -112.063048024070596, 54.268199889404997, 0.0 ], [ -112.062680488244496, 54.267966058452188, 0.0 ], [ -112.062312953570796, 54.267732225449983, 0.0 ], [ -112.061945424651597, 54.267498390510632, 0.0 ], [ -112.061577901294996, 54.267264556327987, 0.0 ], [ -112.061210379090795, 54.26703072009601, 0.0 ], [ -112.061609859959205, 54.266815591236323, 0.0 ], [ -112.062046668998207, 54.266612149047013, 0.0 ], [ -112.062162304241795, 54.266144023455887, 0.0 ], [ -112.062257667358097, 54.265652273114043, 0.0 ], [ -112.062294012255805, 54.265176606489852, 0.0 ], [ -112.062233226430706, 54.264761070411062, 0.0 ], [ -112.062206431911306, 54.264784342485513, 0.0 ], [ -112.062156049573105, 54.26481432609696, 0.0 ], [ -112.0620376381288, 54.264863158113002, 0.0 ], [ -112.061896263665503, 54.264897848636522, 0.0 ], [ -112.061732765335606, 54.264919497437063, 0.0 ], [ -112.061551335920598, 54.264929733118763, 0.0 ], [ -112.061356129988795, 54.264930548561352, 0.0 ], [ -112.060943735295993, 54.264910774094929, 0.0 ], [ -112.060740344112503, 54.264890610684141, 0.0 ], [ -112.060550630733402, 54.264861786675468, 0.0 ], [ -112.060311834840803, 54.264799382243687, 0.0 ], [ -112.0601873832819, 54.264745254508838, 0.0 ], [ -112.060082587062695, 54.264684860133151, 0.0 ], [ -112.0597172582779, 54.264437939897789, 0.0 ], [ -112.059115258464104, 54.26405625917409, 0.0 ], [ -112.058733813193797, 54.264046947003862, 0.0 ], [ -112.058366338524394, 54.263813101729063, 0.0 ], [ -112.057998864814905, 54.263579257098961, 0.0 ], [ -112.057700271860099, 54.263389240045917, 0.0 ], [ -112.057548754255507, 54.263372171198867, 0.0 ], [ -112.057444169745594, 54.263367028000602, 0.0 ], [ -112.057061844958497, 54.263348224546711, 0.0 ], [ -112.056761185038695, 54.263344987450033, 0.0 ], [ -112.056464999239395, 54.263541789246659, 0.0 ], [ -112.055698069299595, 54.263523048047396, 0.0 ], [ -112.055298592504101, 54.263738155661443, 0.0 ], [ -112.054899111425101, 54.263953263687263, 0.0 ], [ -112.054531656655598, 54.263719406922661, 0.0 ], [ -112.054164207511405, 54.263485550017442, 0.0 ], [ -112.054196243756493, 54.263036588566173, 0.0 ], [ -112.053828800950697, 54.262802730678203, 0.0 ], [ -112.053461363769898, 54.262568872649688, 0.0 ], [ -112.053093932341994, 54.262335012684836, 0.0 ], [ -112.052726502065696, 54.262101150671121, 0.0 ], [ -112.052359077350005, 54.26186728941488, 0.0 ], [ -112.051991656917494, 54.261633425286952, 0.0 ], [ -112.0516242405116, 54.261399561879038, 0.0 ], [ -112.051256829858303, 54.261165696534952, 0.0 ], [ -112.050517344621099, 54.261104758891008, 0.0 ], [ -112.049701771626104, 54.2610847879426, 0.0 ], [ -112.0495411833394, 54.26109008194183, 0.0 ], [ -112.048956181201405, 54.261109359586648, 0.0 ], [ -112.048886643602202, 54.261146798392218, 0.0 ], [ -112.048807949008904, 54.261138016448271, 0.0 ], [ -112.048666397676001, 54.261106394587422, 0.0 ], [ -112.048604891863505, 54.261085548676803, 0.0 ], [ -112.048574837219903, 54.261070634566167, 0.0 ], [ -112.048500581016896, 54.261033790888327, 0.0 ], [ -112.048421196870393, 54.260968611674492, 0.0 ], [ -112.048366739379503, 54.260890011083667, 0.0 ], [ -112.048335293988401, 54.260799021629893, 0.0 ], [ -112.048314387174301, 54.260700810211787, 0.0 ], [ -112.048221395255297, 54.260641612762548, 0.0 ], [ -112.047854009312999, 54.260407737306927, 0.0 ], [ -112.047486629058994, 54.26017386081336, 0.0 ], [ -112.047119251489804, 54.259939982308772, 0.0 ], [ -112.046751876412898, 54.259706104486902, 0.0 ], [ -112.045985024358302, 54.259687302401773, 0.0 ], [ -112.045617659691501, 54.259453419464187, 0.0 ], [ -112.045649782435106, 54.259004462025253, 0.0 ], [ -112.046112271606205, 54.258803422645279, 0.0 ], [ -112.046081377467303, 54.258340426820283, 0.0 ], [ -112.045714025413702, 54.258106545211668, 0.0 ], [ -112.045346674446705, 54.257872662452513, 0.0 ], [ -112.045355208469303, 54.257639917600777, 0.0 ], [ -112.044676801261105, 54.257211018710848, 0.0 ], [ -112.044476994321997, 54.257102765793249, 0.0 ], [ -112.044356879765601, 54.257059520542171, 0.0 ], [ -112.044215192475903, 54.257027890788223, 0.0 ], [ -112.043809640527797, 54.256975932667643, 0.0 ], [ -112.043795666673702, 54.256973288837017, 0.0 ], [ -112.043477847784999, 54.257152190396063, 0.0 ], [ -112.043078370098499, 54.257367258519118, 0.0 ], [ -112.042678889792001, 54.257582325295417, 0.0 ], [ -112.041891672868104, 54.257550503614539, 0.0 ], [ -112.041512590252296, 54.257778560564667, 0.0 ], [ -112.041113097924693, 54.2579936219812, 0.0 ], [ -112.040346280012002, 54.257974784395067, 0.0 ], [ -112.039978962734494, 54.257740885701857, 0.0 ], [ -112.040033339066994, 54.257279980908393, 0.0 ], [ -112.039643836894399, 54.257058029921872, 0.0 ], [ -112.039676021763796, 54.25660907382575, 0.0 ], [ -112.0392563109788, 54.256391874993909, 0.0 ], [ -112.039264872276902, 54.255915353458093, 0.0 ], [ -112.039320846692306, 54.255688762290198, 0.0 ], [ -112.039295370163899, 54.255673325044427, 0.0 ], [ -112.039218114121496, 54.255615207784849, 0.0 ], [ -112.039174444433996, 54.255557916015007, 0.0 ], [ -112.039169706949096, 54.255529735345718, 0.0 ], [ -112.039199185827599, 54.255474240624643, 0.0 ], [ -112.039269611574198, 54.255419753228423, 0.0 ], [ -112.040026528641704, 54.25501667209322, 0.0 ], [ -112.040129169257995, 54.254934911595001, 0.0 ], [ -112.0401551222443, 54.254879331817371, 0.0 ], [ -112.040138025419296, 54.25482206278798, 0.0 ], [ -112.039969921931203, 54.25461473722288, 0.0 ], [ -112.039928270371206, 54.254525023568092, 0.0 ], [ -112.039904759844006, 54.254432097448067, 0.0 ], [ -112.039809314068094, 54.254379158986573, 0.0 ], [ -112.039842481309705, 54.25392967279749, 0.0 ], [ -112.039911153021905, 54.253461069612307, 0.0 ], [ -112.039967988049099, 54.252998838064187, 0.0 ], [ -112.039965645960606, 54.252568466860097, 0.0 ], [ -112.039598376360701, 54.252334566527033, 0.0 ], [ -112.039231112317793, 54.252100666952643, 0.0 ], [ -112.0384644050894, 54.252081817876388, 0.0 ], [ -112.038114343674593, 54.251838658269577, 0.0 ], [ -112.037308989489702, 54.251840610243711, 0.0 ], [ -112.036458517322899, 54.251866848541738, 0.0 ], [ -112.035625652652499, 54.2518836008243, 0.0 ], [ -112.0348731201329, 54.251857102710098, 0.0 ], [ -112.034263649508802, 54.251753589579153, 0.0 ], [ -112.034068773719497, 54.251392365952043, 0.0 ], [ -112.034200107610005, 54.250991461534547, 0.0 ], [ -112.034191008555098, 54.250984435505117, 0.0 ], [ -112.034095694762698, 54.250867853504857, 0.0 ], [ -112.034056749985396, 54.250774875194693, 0.0 ], [ -112.034041481182797, 54.250675195739873, 0.0 ], [ -112.034052093914994, 54.250576602429007, 0.0 ], [ -112.034090959764001, 54.250486709422098, 0.0 ], [ -112.034121603320798, 54.250447167432647, 0.0 ], [ -112.034201822729102, 54.250378172402669, 0.0 ], [ -112.034299608315806, 54.250319144490533, 0.0 ], [ -112.034770629663797, 54.250080680964288, 0.0 ], [ -112.037317403716699, 54.24870991292304, 0.0 ], [ -112.037474753015502, 54.248634087832613, 0.0 ], [ -112.037592675278802, 54.248591834379233, 0.0 ], [ -112.037727930329098, 54.248560619338051, 0.0 ], [ -112.037883217200104, 54.248543480958482, 0.0 ], [ -112.038049422102702, 54.248541181791587, 0.0 ], [ -112.038214380778996, 54.248554142273051, 0.0 ], [ -112.038366397097604, 54.248582616314607, 0.0 ], [ -112.038496391962298, 54.248624761642603, 0.0 ], [ -112.0387083906827, 54.248707870198842, 0.0 ], [ -112.038804271143903, 54.248724528495998, 0.0 ], [ -112.038902051535899, 54.248712541326178, 0.0 ], [ -112.039258418216306, 54.248603018042047, 0.0 ], [ -112.039334907374496, 54.248591744871462, 0.0 ], [ -112.039412726928703, 54.248580274982089, 0.0 ], [ -112.0396754117575, 54.248569102179623, 0.0 ], [ -112.040349334920094, 54.248587191820299, 0.0 ], [ -112.040612149216599, 54.248578538742052, 0.0 ], [ -112.040689322331204, 54.248569011248357, 0.0 ], [ -112.040824428199002, 54.248537699140577, 0.0 ], [ -112.040992492386806, 54.248468699985096, 0.0 ], [ -112.041250493239204, 54.248329478067923, 0.0 ], [ -112.041291748215301, 54.248307216141477, 0.0 ], [ -112.041383666699105, 54.248248398313841, 0.0 ], [ -112.041460745388804, 54.248180130119813, 0.0 ], [ -112.041516086123195, 54.24809801722725, 0.0 ], [ -112.041548948552403, 54.2480015890347, 0.0 ], [ -112.0415652132167, 54.247894587974223, 0.0 ], [ -112.041589596997696, 54.247146627462392, 0.0 ], [ -112.041628560221596, 54.246986485873357, 0.0 ], [ -112.041718437417302, 54.246838117965332, 0.0 ], [ -112.041825367800101, 54.246745486845157, 0.0 ], [ -112.042012152360599, 54.24664870199836, 0.0 ], [ -112.042325186760394, 54.246536936383457, 0.0 ], [ -112.0428107059453, 54.246399361821943, 0.0 ], [ -112.042967735897705, 54.244857884711543, 0.0 ], [ -112.043006648932504, 54.244243406770572, 0.0 ], [ -112.043006999350794, 54.244193728190503, 0.0 ], [ -112.0428543359873, 54.244106715637393, 0.0 ], [ -112.042903997193207, 54.243685330733967, 0.0 ], [ -112.042885526916095, 54.243661158474772, 0.0 ], [ -112.042804107548207, 54.243597094291033, 0.0 ], [ -112.042754612395996, 54.243569793686838, 0.0 ], [ -112.042637412208606, 54.243524999526883, 0.0 ], [ -112.0424175247867, 54.2434815515251, 0.0 ], [ -112.042009994039205, 54.243431246101572, 0.0 ], [ -112.041868355132706, 54.243399612346451, 0.0 ], [ -112.041748281053103, 54.243356366708227, 0.0 ], [ -112.041595326162295, 54.243276871395892, 0.0 ], [ -112.041042455780797, 54.242927148606, 0.0 ], [ -112.040943309693304, 54.242872632897793, 0.0 ], [ -112.0408318641351, 54.242824739228737, 0.0 ], [ -112.040627796503799, 54.242772772464171, 0.0 ], [ -112.040220275184097, 54.242722460198451, 0.0 ], [ -112.040068097263898, 54.242696502854223, 0.0 ], [ -112.039880165043698, 54.242635845537663, 0.0 ], [ -112.039680441643597, 54.242527584632768, 0.0 ], [ -112.0380211190908, 54.241476925051508, 0.0 ], [ -112.037904440126397, 54.241425032937343, 0.0 ], [ -112.037757086851698, 54.241381111375453, 0.0 ], [ -112.037337289723496, 54.241303052563048, 0.0 ], [ -112.037211316197997, 54.241262985274332, 0.0 ], [ -112.037080903506705, 54.241203467669003, 0.0 ], [ -112.036947679064397, 54.241118876537783, 0.0 ], [ -112.036813747873794, 54.241003504181243, 0.0 ], [ -112.036743419180993, 54.240923068782813, 0.0 ], [ -112.036570093794694, 54.241016402240348, 0.0 ], [ -112.036202945469697, 54.240782494551013, 0.0 ], [ -112.035835802891398, 54.240548584927339, 0.0 ], [ -112.035468661396493, 54.240314674154142, 0.0 ], [ -112.035101525583798, 54.240080762344562, 0.0 ], [ -112.034815569310794, 54.239898569563287, 0.0 ], [ -112.034591495973203, 54.239872739243452, 0.0 ], [ -112.034447157931893, 54.239842561012772, 0.0 ], [ -112.034325345020605, 54.239800253465361, 0.0 ], [ -112.034220145368494, 54.239748999227629, 0.0 ], [ -112.033944304980906, 54.239571932276611, 0.0 ], [ -112.033863744172507, 54.239500507016459, 0.0 ], [ -112.033797223904898, 54.239413146597968, 0.0 ], [ -112.033750139105095, 54.239303237686357, 0.0 ], [ -112.033734972867407, 54.239236390381521, 0.0 ], [ -112.033726081015502, 54.238962364317167, 0.0 ], [ -112.033750715411202, 54.238750604167201, 0.0 ], [ -112.033776208257805, 54.238531480277331, 0.0 ], [ -112.032581087493199, 54.237771647775851, 0.0 ], [ -112.032476185229996, 54.237716352399488, 0.0 ], [ -112.032348631036697, 54.237666435439507, 0.0 ], [ -112.032187323858693, 54.237624681555857, 0.0 ], [ -112.032089963374801, 54.23760761955495, 0.0 ], [ -112.031846315292398, 54.237581287160353, 0.0 ], [ -112.031301610162004, 54.237560395438003, 0.0 ], [ -112.030774922966501, 54.237558025390207, 0.0 ], [ -112.029852716806104, 54.237522961156571, 0.0 ], [ -112.0294389134352, 54.237531015818291, 0.0 ], [ -112.029336808623498, 54.237541540015727, 0.0 ], [ -112.029168312876294, 54.237574172285527, 0.0 ], [ -112.028844900709998, 54.237681240740358, 0.0 ], [ -112.028706478911701, 54.23771416546429, 0.0 ], [ -112.028546953474304, 54.237735235652558, 0.0 ], [ -112.028370602333197, 54.237746804624663, 0.0 ], [ -112.027987859184805, 54.23775211177341, 0.0 ], [ -112.027590500950893, 54.237745004599489, 0.0 ], [ -112.027103915077802, 54.237720939959551, 0.0 ], [ -112.026953678129203, 54.237705823794663, 0.0 ], [ -112.026831794862105, 54.237628144722507, 0.0 ], [ -112.026464732161102, 54.237394208323188, 0.0 ], [ -112.026097673737695, 54.237160269054577, 0.0 ], [ -112.025347410851396, 54.236916866779382, 0.0 ], [ -112.024980362955006, 54.236682925122359, 0.0 ], [ -112.024996709956795, 54.236242573882933, 0.0 ], [ -112.025076950493002, 54.23576782096476, 0.0 ], [ -112.024677964075494, 54.235551079249198, 0.0 ], [ -112.024710289015701, 54.235102127702277, 0.0 ], [ -112.024343257467393, 54.23486818421906, 0.0 ], [ -112.023976233132302, 54.234634239738291, 0.0 ], [ -112.023978000396497, 54.234201741451777, 0.0 ], [ -112.024053115366897, 54.233729753336512, 0.0 ], [ -112.024103779355499, 54.233270929609702, 0.0 ], [ -112.023706206613596, 54.233053440224268, 0.0 ], [ -112.023339201753899, 54.232819493095541, 0.0 ], [ -112.023371534913394, 54.232370541813999, 0.0 ], [ -112.022982354175596, 54.232148538512483, 0.0 ], [ -112.023036873756396, 54.231687644343857, 0.0 ], [ -112.022617503886806, 54.23147039119479, 0.0 ], [ -112.022626239599504, 54.230993871483783, 0.0 ], [ -112.022734561251596, 54.23055579396248, 0.0 ], [ -112.023169950257696, 54.230358078334831, 0.0 ], [ -112.023245190903097, 54.229905502121802, 0.0 ], [ -112.023279205445107, 54.229433168368999, 0.0 ], [ -112.023269301311998, 54.228978486459098, 0.0 ], [ -112.0228639040715, 54.228759988863366, 0.0 ], [ -112.022496942820098, 54.22852603961045, 0.0 ], [ -112.022129982520298, 54.228292091004633, 0.0 ], [ -112.021763029560901, 54.228058139605963, 0.0 ], [ -112.021396077553007, 54.227824188854413, 0.0 ], [ -112.0210291328208, 54.227590236207938, 0.0 ], [ -112.020662189169201, 54.227356282412842, 0.0 ], [ -112.020295252728403, 54.227122327620833, 0.0 ], [ -112.019928317368297, 54.226888371680232, 0.0 ], [ -112.019561389218694, 54.226654414742789, 0.0 ], [ -112.019194462149699, 54.22642045665679, 0.0 ], [ -112.019196275876993, 54.225987958565447, 0.0 ], [ -112.019271428368498, 54.225515974318299, 0.0 ], [ -112.019322128879196, 54.225057151637529, 0.0 ], [ -112.018924662392294, 54.22483964672341, 0.0 ], [ -112.018957032370196, 54.224390697505441, 0.0 ], [ -112.018590129934594, 54.224156737841369, 0.0 ], [ -112.018261046990006, 54.22394689012166, 0.0 ], [ -112.018255854580701, 54.223947837349343, 0.0 ], [ -112.018138809466805, 54.223969184145361, 0.0 ], [ -112.018103301056001, 54.223975660957898, 0.0 ], [ -112.018006055468206, 54.223982106539367, 0.0 ], [ -112.017876091143606, 54.223990722692392, 0.0 ], [ -112.017824730437894, 54.223994127205678, 0.0 ], [ -112.017646439693905, 54.223993683675261, 0.0 ], [ -112.017414722520897, 54.223993104778302, 0.0 ], [ -112.017360299839694, 54.223992969261623, 0.0 ], [ -112.017311755544696, 54.223989336342399, 0.0 ], [ -112.017092643821798, 54.223972936472457, 0.0 ], [ -112.016954900032999, 54.223950184820367, 0.0 ], [ -112.016816805161795, 54.223915281011848, 0.0 ], [ -112.016680392506103, 54.223865576909837, 0.0 ], [ -112.016547095410502, 54.223798229620279, 0.0 ], [ -112.016418634265904, 54.223710673218427, 0.0 ], [ -112.016548182283103, 54.22191538010339, 0.0 ], [ -112.016564415743204, 54.221690400827107, 0.0 ], [ -112.016566568467198, 54.221537178695279, 0.0 ], [ -112.016551224044093, 54.221411588446607, 0.0 ], [ -112.016522071201194, 54.221309311205239, 0.0 ], [ -112.016438427087394, 54.221158101781853, 0.0 ], [ -112.016276588183999, 54.220952512655963, 0.0 ], [ -112.016230796944001, 54.220795763726237, 0.0 ], [ -112.016240202488206, 54.220516519968342, 0.0 ], [ -112.016380015976694, 54.219308533217557, 0.0 ], [ -112.016388282912004, 54.219034388373288, 0.0 ], [ -112.016366734703894, 54.218884176900737, 0.0 ], [ -112.016331236534796, 54.218795415682763, 0.0 ], [ -112.016239583274299, 54.218682956074638, 0.0 ], [ -112.016159531226805, 54.218618185969632, 0.0 ], [ -112.015918145345097, 54.218454060989913, 0.0 ], [ -112.015849649377202, 54.218407488901377, 0.0 ], [ -112.015776942742903, 54.218338763756158, 0.0 ], [ -112.015722123527496, 54.218260406562898, 0.0 ], [ -112.015689501697494, 54.218170097309248, 0.0 ], [ -112.015675883292005, 54.218069555858179, 0.0 ], [ -112.015706206081703, 54.217621724501761, 0.0 ], [ -112.015691527553301, 54.217467815244788, 0.0 ], [ -112.015675137090398, 54.217422703610353, 0.0 ], [ -112.0156228742472, 54.217342970501448, 0.0 ], [ -112.015485127247999, 54.21720148217581, 0.0 ], [ -112.015428082321804, 54.21712423989834, 0.0 ], [ -112.015393703834604, 54.217034876444309, 0.0 ], [ -112.015381721866405, 54.216976707091248, 0.0 ], [ -112.015213076285704, 54.216889531860829, 0.0 ], [ -112.015260209433293, 54.21666640696526, 0.0 ], [ -112.015166480555195, 54.216540362814087, 0.0 ], [ -112.015149580542399, 54.216483185094447, 0.0 ], [ -112.015175539309595, 54.216427610474788, 0.0 ], [ -112.015237501437795, 54.216372927481423, 0.0 ], [ -112.0155681996184, 54.216182244547497, 0.0 ], [ -112.015699268350701, 54.2160865478007, 0.0 ], [ -112.015792045420795, 54.215973214230821, 0.0 ], [ -112.015819071533301, 54.215758684767039, 0.0 ], [ -112.015801533661602, 54.215585931050917, 0.0 ], [ -112.015691994841603, 54.215483339496849, 0.0 ], [ -112.0153995907595, 54.215307254381507, 0.0 ], [ -112.015270834747199, 54.21521141356466, 0.0 ], [ -112.015175181126395, 54.215094984127127, 0.0 ], [ -112.015127669632804, 54.214951595416267, 0.0 ], [ -112.015132356325097, 54.214848358476047, 0.0 ], [ -112.015173354464295, 54.214746020840238, 0.0 ], [ -112.015209114844097, 54.214697074793513, 0.0 ], [ -112.015368412908401, 54.214533446027758, 0.0 ], [ -112.015427452224898, 54.214451165652129, 0.0 ], [ -112.015478405800707, 54.214353218726004, 0.0 ], [ -112.015483582227603, 54.214343268088797, 0.0 ], [ -112.015533312234098, 54.214202828776891, 0.0 ], [ -112.015573170771603, 54.214022657381918, 0.0 ], [ -112.015599207737594, 54.213795817059797, 0.0 ], [ -112.015259402208002, 54.213574931330413, 0.0 ], [ -112.015115168861698, 54.213468853383212, 0.0 ], [ -112.015182432104496, 54.213046498689963, 0.0 ], [ -112.015223659959801, 54.212673608145757, 0.0 ], [ -112.015245876350804, 54.212648015694967, 0.0 ], [ -112.015297080840497, 54.212536037386784, 0.0 ], [ -112.015307556651294, 54.21246955289881, 0.0 ], [ -112.015303868023594, 54.212397320233102, 0.0 ], [ -112.015282734633502, 54.21232015936959, 0.0 ], [ -112.015241321949404, 54.21223898678349, 0.0 ], [ -112.015176191290706, 54.212154797507047, 0.0 ], [ -112.015084514474907, 54.212068420887192, 0.0 ], [ -112.014962833859599, 54.211981030441123, 0.0 ], [ -112.014495996078494, 54.21168009209287, 0.0 ], [ -112.014053518633304, 54.211394851517653, 0.0 ], [ -112.013883345399506, 54.211318130704718, 0.0 ], [ -112.013746171230096, 54.211281715560233, 0.0 ], [ -112.013586688844597, 54.211256712123323, 0.0 ], [ -112.013410340086807, 54.211240014381318, 0.0 ], [ -112.012934418660507, 54.211215074581332, 0.0 ], [ -112.012050408334602, 54.211184232375913, 0.0 ], [ -112.011064443241594, 54.211166955505931, 0.0 ], [ -112.010398628855398, 54.211170482050044, 0.0 ], [ -112.010227564466504, 54.211182606006247, 0.0 ], [ -112.010179093221396, 54.211189875650852, 0.0 ], [ -112.010074750314601, 54.211205525486569, 0.0 ], [ -112.009943708697904, 54.211241399604077, 0.0 ], [ -112.009830176994498, 54.211287693893539, 0.0 ], [ -112.009133808376902, 54.211667079065762, 0.0 ], [ -112.009026966911307, 54.211716325492127, 0.0 ], [ -112.008907947856201, 54.21175780517693, 0.0 ], [ -112.008693922672407, 54.211797373130693, 0.0 ], [ -112.008273299488707, 54.211822542139558, 0.0 ], [ -112.008117020871595, 54.211840246790693, 0.0 ], [ -112.007982012686099, 54.211871521805072, 0.0 ], [ -112.007678010397896, 54.211971098652121, 0.0 ], [ -112.007461487770897, 54.212009072305008, 0.0 ], [ -112.007205946110403, 54.212022150539667, 0.0 ], [ -112.006926930711998, 54.212020251647928, 0.0 ], [ -112.005255884937995, 54.2119520706811, 0.0 ], [ -112.004973351329397, 54.211947920918163, 0.0 ], [ -112.004800495392601, 54.211955045349853, 0.0 ], [ -112.004646561992899, 54.211974242173447, 0.0 ], [ -112.004515219494493, 54.212007854202611, 0.0 ], [ -112.004349885498399, 54.212078490514713, 0.0 ], [ -112.004007764410204, 54.212261392753312, 0.0 ], [ -112.003927853053199, 54.212287416641992, 0.0 ], [ -112.003751952809296, 54.212293834171128, 0.0 ], [ -112.003718514944794, 54.212288464884423, 0.0 ], [ -112.003579074731405, 54.212228325515532, 0.0 ], [ -112.003028887179298, 54.211881183231917, 0.0 ], [ -112.002899597575905, 54.21178900336507, 0.0 ], [ -112.002798254762496, 54.211681778587021, 0.0 ], [ -112.002756710128594, 54.211596460371418, 0.0 ], [ -112.002741179730805, 54.211452871962059, 0.0 ], [ -112.002762548948596, 54.211357066581712, 0.0 ], [ -112.002809843556506, 54.211269821388584, 0.0 ], [ -112.002880892826695, 54.211195762458523, 0.0 ], [ -112.003089986221198, 54.21102520265184, 0.0 ], [ -112.003124489069705, 54.2109853146764, 0.0 ], [ -112.003176717720805, 54.210893515624477, 0.0 ], [ -112.003209144551604, 54.210789080284812, 0.0 ], [ -112.003226008922098, 54.210677061493648, 0.0 ], [ -112.003232011379396, 54.210505224859013, 0.0 ], [ -112.003218148513795, 54.210340718563963, 0.0 ], [ -112.003174206036206, 54.210193185637017, 0.0 ], [ -112.003090223925199, 54.210070920742908, 0.0 ], [ -112.002971475404905, 54.209970997637967, 0.0 ], [ -112.002691695008295, 54.209797712378688, 0.0 ], [ -112.002607688916896, 54.209735084855417, 0.0 ], [ -112.002540450129899, 54.209663428995121, 0.0 ], [ -112.002497164441095, 54.209578875948587, 0.0 ], [ -112.002478310599599, 54.209481170508411, 0.0 ], [ -112.002477501260699, 54.209373748990963, 0.0 ], [ -112.002549305083093, 54.208795803243262, 0.0 ], [ -112.002558137908096, 54.208521403065461, 0.0 ], [ -112.002540102296706, 54.208422997483851, 0.0 ], [ -112.002502427610295, 54.208335166879017, 0.0 ], [ -112.002442727227503, 54.208259020269757, 0.0 ], [ -112.002264990774506, 54.208081709043213, 0.0 ], [ -112.002214563497503, 54.207998329085918, 0.0 ], [ -112.002185121146198, 54.207902786776273, 0.0 ], [ -112.002171376388603, 54.207798101450088, 0.0 ], [ -112.002169033949002, 54.207608933904233, 0.0 ], [ -112.002101694780094, 54.207572598957618, 0.0 ], [ -112.002092018129801, 54.207117917816802, 0.0 ], [ -112.002126245431697, 54.206645592272807, 0.0 ], [ -112.002201662962193, 54.206193030086702, 0.0 ], [ -112.002306518960395, 54.206145412512058, 0.0 ], [ -112.002330208339401, 54.206040278561026, 0.0 ], [ -112.002389738270693, 54.205898469033613, 0.0 ], [ -112.002486835665394, 54.205782420444997, 0.0 ], [ -112.002617145961594, 54.205688698800408, 0.0 ], [ -112.002660823789995, 54.2056649445434, 0.0 ], [ -112.002669409137795, 54.20554644196195, 0.0 ], [ -112.003068581223999, 54.205331503402178, 0.0 ], [ -112.003467746172007, 54.205116562484342, 0.0 ], [ -112.003500263404703, 54.204667617295136, 0.0 ], [ -112.003133619439097, 54.204433612324458, 0.0 ], [ -112.002766981079702, 54.204199607218882, 0.0 ], [ -112.0024003467949, 54.203965601940332, 0.0 ], [ -112.002432872692694, 54.203516657064988, 0.0 ], [ -112.002066246307507, 54.203282649950722, 0.0 ], [ -112.001699624061501, 54.203048641765633, 0.0 ], [ -112.001333006020005, 54.202814631611908, 0.0 ], [ -112.000966392052604, 54.202580621285321, 0.0 ], [ -112.000998933306604, 54.202131677831211, 0.0 ], [ -112.000632327237895, 54.201897665669101, 0.0 ], [ -112.000265723646393, 54.201663654193943, 0.0 ], [ -112.000306718906501, 54.201210161251417, 0.0 ], [ -112.000423736152399, 54.20071572702669, 0.0 ], [ -112.000363361369395, 54.20031682157807, 0.0 ], [ -111.999612422550001, 54.200289777476122, 0.0 ], [ -111.999231056342495, 54.200063723175333, 0.0 ], [ -111.998443166021303, 54.200056571554988, 0.0 ], [ -111.998098767042194, 54.199810614330111, 0.0 ], [ -111.997333056749198, 54.199791516076303, 0.0 ], [ -111.996988668296694, 54.199545554022549, 0.0 ], [ -111.996200787053098, 54.199538390512949, 0.0 ], [ -111.995856667071493, 54.199290096670843, 0.0 ], [ -111.995105200150903, 54.199249100930373, 0.0 ], [ -111.994325836118605, 54.199217286854037, 0.0 ], [ -111.993534104261499, 54.199195043559598, 0.0 ], [ -111.992745541486201, 54.199182759856633, 0.0 ], [ -111.991975677041495, 54.199180823870513, 0.0 ], [ -111.991240049533801, 54.199189621653787, 0.0 ], [ -111.990861240603607, 54.1994175244131, 0.0 ], [ -111.990075180060103, 54.199385379563758, 0.0 ], [ -111.989676002105895, 54.199600276025983, 0.0 ], [ -111.9892768200788, 54.199815170205987, 0.0 ], [ -111.988877633782707, 54.200030064797417, 0.0 ], [ -111.988111925846397, 54.200010908788023, 0.0 ], [ -111.987712731850706, 54.20022579761126, 0.0 ], [ -111.987313533651403, 54.200440685947918, 0.0 ], [ -111.986914331313599, 54.200655572900097, 0.0 ], [ -111.986515124837396, 54.20087045846779, 0.0 ], [ -111.985749404558703, 54.20085128728261, 0.0 ], [ -111.985350188655403, 54.201066169737047, 0.0 ], [ -111.984950970210406, 54.201281049947319, 0.0 ], [ -111.984551747692194, 54.201495927875072, 0.0 ], [ -111.984152522436005, 54.201710806252279, 0.0 ], [ -111.983753290108993, 54.201925681372288, 0.0 ], [ -111.983354055043804, 54.202140556941657, 0.0 ], [ -111.982588312043902, 54.20212136442845, 0.0 ], [ -111.982189069213902, 54.202336235126687, 0.0 ], [ -111.981406947291106, 54.202541505118567, 0.0 ], [ -111.981007694337805, 54.20275637175282, 0.0 ], [ -111.980221582223905, 54.20272416008833, 0.0 ], [ -111.9798426807575, 54.202952027739578, 0.0 ], [ -111.979073648897696, 54.202977707184672, 0.0 ], [ -111.978311170468402, 54.202913594628448, 0.0 ], [ -111.977944688589602, 54.202679514987523, 0.0 ], [ -111.977883850521494, 54.20311053526008, 0.0 ], [ -111.977890325817597, 54.203584551163253, 0.0 ], [ -111.977874363118104, 54.20404423395258, 0.0 ], [ -111.977447029203006, 54.204241173719907, 0.0 ], [ -111.977047740911999, 54.20445602762134, 0.0 ], [ -111.976648445484003, 54.204670879162776, 0.0 ], [ -111.976249147448399, 54.20488572935745, 0.0 ], [ -111.975849845273302, 54.205100578166842, 0.0 ], [ -111.975762766165801, 54.205528522241551, 0.0 ], [ -111.975701387873499, 54.205986551283893, 0.0 ], [ -111.975667137047495, 54.206455075514441, 0.0 ], [ -111.975661446824603, 54.206914503503597, 0.0 ], [ -111.975685756433606, 54.20734524575802, 0.0 ], [ -111.976078024465295, 54.20757148988617, 0.0 ], [ -111.976105853721094, 54.208028708572833, 0.0 ], [ -111.976135889276193, 54.208507203117613, 0.0 ], [ -111.976156173714401, 54.208994151914098, 0.0 ], [ -111.976154745590605, 54.209476738668222, 0.0 ], [ -111.976119649517798, 54.209942140941997, 0.0 ], [ -111.976038923373693, 54.21037753879812, 0.0 ], [ -111.975900609409706, 54.210770112338359, 0.0 ], [ -111.975579907933295, 54.21103681240016, 0.0 ], [ -111.9746923504606, 54.210939873992743, 0.0 ], [ -111.973891369671904, 54.210898219818993, 0.0 ], [ -111.973848344688903, 54.211340650221892, 0.0 ], [ -111.973459145918099, 54.211561992927408, 0.0 ], [ -111.973059763834399, 54.211776831244528, 0.0 ], [ -111.972660377609699, 54.21199166817587, 0.0 ], [ -111.972260987309596, 54.212206502823548, 0.0 ], [ -111.971861594268702, 54.212421337919679, 0.0 ], [ -111.971495065909096, 54.212187238301283, 0.0 ], [ -111.971095667644406, 54.212402070768931, 0.0 ], [ -111.970696265304298, 54.212616900952817, 0.0 ], [ -111.970296860354793, 54.212831729789357, 0.0 ], [ -111.9698974482003, 54.213046557162812, 0.0 ], [ -111.969864558082705, 54.213495487891329, 0.0 ], [ -111.969519840317801, 54.213680892090487, 0.0 ], [ -111.969465138727699, 54.213710313735447, 0.0 ], [ -111.969065716763197, 54.213925138232092, 0.0 ], [ -111.969006737670398, 54.213956857298413, 0.0 ], [ -111.968666287659005, 54.21413996036771, 0.0 ], [ -111.968269394615106, 54.214353417549219, 0.0 ], [ -111.968266855813596, 54.214354782951482, 0.0 ], [ -111.967867419958196, 54.214569602353407, 0.0 ], [ -111.968233946431695, 54.214803712904931, 0.0 ], [ -111.968600477178498, 54.215037820591263, 0.0 ], [ -111.968967011935604, 54.215271929003791, 0.0 ], [ -111.969333552498199, 54.215506034589637, 0.0 ], [ -111.969700094007095, 54.215740140824487, 0.0 ], [ -111.969793347632901, 54.215799699870601, 0.0 ], [ -111.968781514302407, 54.216327695041187, 0.0 ], [ -111.968046537436805, 54.216739427609753, 0.0 ], [ -111.967244828076701, 54.217167284468992, 0.0 ], [ -111.967071202455898, 54.217232623452432, 0.0 ], [ -111.966934092999495, 54.217262541599773, 0.0 ], [ -111.966775718876903, 54.217278970822512, 0.0 ], [ -111.966355762646103, 54.217304370813487, 0.0 ], [ -111.966210448580995, 54.217328954166781, 0.0 ], [ -111.9661479111586, 54.217346628025481, 0.0 ], [ -111.966046589341602, 54.217390849765891, 0.0 ], [ -111.9659813426113, 54.217443356551229, 0.0 ], [ -111.965957370001206, 54.217500231624257, 0.0 ], [ -111.965962149470599, 54.217529227480618, 0.0 ], [ -111.966000869969804, 54.217587231736971, 0.0 ], [ -111.966109867089699, 54.217674803755003, 0.0 ], [ -111.966444323534603, 54.217888625995244, 0.0 ], [ -111.966390291456605, 54.218142956042918, 0.0 ], [ -111.966821590006404, 54.218366209094398, 0.0 ], [ -111.967188143337296, 54.218600322167013, 0.0 ], [ -111.967155217187397, 54.219049250456393, 0.0 ], [ -111.967521778353699, 54.21928336259414, 0.0 ], [ -111.967888343662807, 54.219517473662258, 0.0 ], [ -111.968254914581195, 54.219751584597141, 0.0 ], [ -111.968621486644196, 54.219985693487317, 0.0 ], [ -111.968988065980298, 54.220219800487087, 0.0 ], [ -111.969754134184697, 54.220239083763651, 0.0 ], [ -111.970120719192593, 54.220473187342321, 0.0 ], [ -111.970213508685902, 54.220532443668972, 0.0 ], [ -111.9704873097442, 54.220707291685457, 0.0 ], [ -111.9708363674293, 54.221164429502032, 0.0 ], [ -111.970837461573595, 54.221165858474457, 0.0 ], [ -111.971204060726606, 54.22139996070662, 0.0 ], [ -111.971570667153301, 54.2216340610481, 0.0 ], [ -111.971578906153695, 54.221638768550953, 0.0 ], [ -111.971956621556501, 54.221880051748819, 0.0 ], [ -111.971904396073597, 54.22231709025867, 0.0 ], [ -111.972305929389606, 54.222538880555348, 0.0 ], [ -111.972330019904504, 54.222995990367913, 0.0 ], [ -111.972327039927194, 54.223473407849063, 0.0 ], [ -111.972295446957503, 54.223827088123258, 0.0 ], [ -111.972269446845303, 54.223890164099792, 0.0 ], [ -111.972166843593101, 54.224006229224507, 0.0 ], [ -111.972027897202693, 54.2240966454684, 0.0 ], [ -111.971517940325398, 54.224360601229243, 0.0 ], [ -111.970926140951406, 54.224687620093917, 0.0 ], [ -111.970757916491095, 54.224756429631768, 0.0 ], [ -111.970621665825007, 54.224786913539567, 0.0 ], [ -111.970543786569607, 54.224795928254572, 0.0 ], [ -111.970110988919899, 54.224813283310489, 0.0 ], [ -111.969950100456103, 54.224828033736301, 0.0 ], [ -111.969812815795194, 54.224857951907921, 0.0 ], [ -111.969503241165199, 54.2249597210335, 0.0 ], [ -111.969277453634106, 54.225001173717693, 0.0 ], [ -111.969108791729298, 54.225010960837963, 0.0 ], [ -111.968940975298906, 54.225005027475362, 0.0 ], [ -111.968787754088495, 54.224982189691481, 0.0 ], [ -111.9687202980531, 54.224964211191327, 0.0 ], [ -111.968550616528901, 54.224889506396607, 0.0 ], [ -111.968276091995307, 54.224703770823787, 0.0 ], [ -111.968178037558999, 54.224646701297168, 0.0 ], [ -111.968066145395397, 54.224596209527249, 0.0 ], [ -111.967934256642593, 54.224554659933098, 0.0 ], [ -111.967696101539403, 54.224513581514238, 0.0 ], [ -111.967526285327693, 54.224503547965803, 0.0 ], [ -111.967362184056995, 54.224509759458492, 0.0 ], [ -111.967216706531104, 54.224534160285387, 0.0 ], [ -111.967092587691297, 54.224575020371176, 0.0 ], [ -111.966983922028405, 54.22462706378375, 0.0 ], [ -111.966638100917507, 54.224827309169399, 0.0 ], [ -111.966539216942394, 54.224880593478353, 0.0 ], [ -111.966344019736297, 54.22487567576303, 0.0 ], [ -111.965944470337604, 54.225090487897909, 0.0 ], [ -111.965941412049006, 54.225202713708363, 0.0 ], [ -111.965490004573397, 54.22544594401402, 0.0 ], [ -111.9650444534808, 54.22569962246083, 0.0 ], [ -111.964928377706002, 54.225747969188632, 0.0 ], [ -111.964791702862897, 54.225784102846553, 0.0 ], [ -111.964630406841593, 54.225804323005192, 0.0 ], [ -111.964455586881101, 54.225808011605658, 0.0 ], [ -111.9642004071938, 54.225783408952132, 0.0 ], [ -111.964055668666006, 54.225747467055562, 0.0 ], [ -111.963936911279106, 54.225698506515457, 0.0 ], [ -111.963836461687194, 54.22564065340692, 0.0 ], [ -111.963523783864701, 54.225424891252374, 0.0 ], [ -111.962928502765294, 54.225043864460673, 0.0 ], [ -111.962730557224106, 54.224933987806857, 0.0 ], [ -111.962612958541499, 54.224888113495354, 0.0 ], [ -111.962475773879007, 54.224851821377356, 0.0 ], [ -111.962318210923002, 54.224825447607209, 0.0 ], [ -111.962144904393099, 54.224806503133678, 0.0 ], [ -111.961476441905901, 54.224767689061331, 0.0 ], [ -111.960780115550307, 54.22474876512549, 0.0 ], [ -111.960101354613997, 54.224749801063723, 0.0 ], [ -111.959751492351003, 54.224770742763667, 0.0 ], [ -111.959531051911696, 54.224810332430494, 0.0 ], [ -111.959350511777401, 54.224873056547807, 0.0 ], [ -111.958644251967598, 54.225243721728212, 0.0 ], [ -111.958495738887606, 54.225307164491888, 0.0 ], [ -111.958398185996302, 54.225328987315642, 0.0 ], [ -111.958349980215601, 54.225331098729271, 0.0 ], [ -111.958302416642397, 54.225326568108471, 0.0 ], [ -111.958208432459998, 54.225299907813373, 0.0 ], [ -111.958069635510299, 54.225229207392417, 0.0 ], [ -111.957802462759105, 54.225050559405702, 0.0 ], [ -111.957698490067799, 54.224944756721527, 0.0 ], [ -111.957652884209807, 54.224861479235798, 0.0 ], [ -111.957621797577104, 54.22471650087504, 0.0 ], [ -111.957621879115393, 54.224554768511922, 0.0 ], [ -111.957705611116197, 54.223809113941527, 0.0 ], [ -111.957684594279996, 54.223658723929653, 0.0 ], [ -111.957641387307703, 54.223574156843043, 0.0 ], [ -111.957615644798295, 54.223546690833857, 0.0 ], [ -111.957578730596694, 54.22350730455684, 0.0 ], [ -111.957249380936204, 54.223296917776352, 0.0 ], [ -111.956882844350503, 54.223062775694018, 0.0 ], [ -111.956144416326893, 54.223024834847429, 0.0 ], [ -111.955388161715206, 54.222990722200713, 0.0 ], [ -111.954618463968401, 54.222960549187881, 0.0 ], [ -111.953839692980594, 54.222934423408667, 0.0 ], [ -111.953056233475195, 54.22291245924545, 0.0 ], [ -111.952272458355395, 54.22289476459806, 0.0 ], [ -111.951492747965702, 54.222881450367453, 0.0 ], [ -111.950721479502903, 54.222872628387648, 0.0 ], [ -111.949963027021795, 54.222868411423789, 0.0 ], [ -111.949432720075507, 54.222868766559102, 0.0 ], [ -111.949221769497996, 54.222868907975041, 0.0 ], [ -111.948822154640297, 54.223083662475418, 0.0 ], [ -111.948422532574597, 54.223298415510591, 0.0 ], [ -111.947656422839202, 54.223278996799827, 0.0 ], [ -111.946890314076398, 54.223259572325979, 0.0 ], [ -111.946511042073098, 54.223487328620067, 0.0 ], [ -111.945724570405403, 54.223454887794887, 0.0 ], [ -111.945324930447299, 54.223669631215152, 0.0 ], [ -111.945291760916405, 54.224118550906603, 0.0 ], [ -111.944488991121801, 54.22407569316389, 0.0 ], [ -111.943759517988298, 54.224079668460213, 0.0 ], [ -111.943435404232503, 54.224294546246121, 0.0 ], [ -111.943333342625806, 54.22425765474474, 0.0 ], [ -111.943228937091106, 54.224205980258482, 0.0 ], [ -111.942997458911606, 54.224060408498708, 0.0 ], [ -111.942875933284697, 54.223955856839758, 0.0 ], [ -111.942813795689005, 54.223866124996157, 0.0 ], [ -111.942775056830001, 54.223752701907863, 0.0 ], [ -111.942777334284699, 54.223616032226033, 0.0 ], [ -111.942802976768803, 54.22354121332102, 0.0 ], [ -111.942849861305405, 54.223463515567182, 0.0 ], [ -111.942921608396503, 54.223383840435503, 0.0 ], [ -111.943021840558103, 54.223302999473603, 0.0 ], [ -111.943154301909004, 54.223222256147899, 0.0 ], [ -111.942690011973696, 54.223061417845088, 0.0 ], [ -111.942521875856102, 54.222995620169847, 0.0 ], [ -111.942281815519095, 54.222887339091422, 0.0 ], [ -111.942128681694996, 54.22280132274954, 0.0 ], [ -111.941539845581701, 54.222419271380929, 0.0 ], [ -111.941382688086804, 54.222342058919629, 0.0 ], [ -111.941253671489704, 54.222303609188771, 0.0 ], [ -111.941179812921504, 54.222289410293953, 0.0 ], [ -111.940765106633606, 54.222242892303328, 0.0 ], [ -111.9406097204605, 54.222218525858473, 0.0 ], [ -111.940477506181907, 54.222181793977313, 0.0 ], [ -111.940364956622005, 54.222134496613428, 0.0 ], [ -111.940218992696202, 54.222051270365149, 0.0 ], [ -111.938615730901205, 54.221027965169547, 0.0 ], [ -111.938477871416296, 54.220957716020273, 0.0 ], [ -111.938385219863605, 54.220931972455944, 0.0 ], [ -111.938338842980897, 54.220928093692947, 0.0 ], [ -111.938244186682795, 54.220939810114807, 0.0 ], [ -111.938153569372602, 54.220967046127029, 0.0 ], [ -111.938027847984799, 54.221004831293413, 0.0 ], [ -111.937893718758005, 54.221035512142038, 0.0 ], [ -111.937737531799996, 54.221053128445597, 0.0 ], [ -111.937399642502299, 54.221072238707393, 0.0 ], [ -111.9372435951299, 54.221090037829264, 0.0 ], [ -111.937108945513202, 54.221121515047336, 0.0 ], [ -111.9368630955707, 54.221199456209121, 0.0 ], [ -111.936725369142195, 54.22122896482685, 0.0 ], [ -111.936647345113002, 54.221237863072481, 0.0 ], [ -111.936380881242698, 54.221243857405177, 0.0 ], [ -111.935592980978498, 54.221210403937107, 0.0 ], [ -111.935333848231295, 54.221221079263948, 0.0 ], [ -111.935188937863799, 54.221245995605678, 0.0 ], [ -111.9350671818232, 54.221285713688239, 0.0 ], [ -111.934962134591402, 54.221336111590041, 0.0 ], [ -111.934475488573895, 54.221639005963553, 0.0 ], [ -111.9338449440381, 54.22197438959018, 0.0 ], [ -111.933933185906497, 54.222030798033188, 0.0 ], [ -111.934004600978199, 54.222083933626593, 0.0 ], [ -111.934269604590597, 54.222281111018482, 0.0 ], [ -111.9350956397884, 54.222268409426441, 0.0 ], [ -111.935432067513602, 54.222518719273587, 0.0 ], [ -111.935798473725498, 54.222752926758652, 0.0 ], [ -111.936164885679403, 54.222987132316803, 0.0 ], [ -111.936553506508702, 54.223209408258789, 0.0 ], [ -111.936498037464304, 54.223670251949009, 0.0 ], [ -111.936646951582901, 54.223765433301693, 0.0 ], [ -111.936632583577605, 54.223850698006643, 0.0 ], [ -111.936586272954699, 54.22400747630433, 0.0 ], [ -111.936548851077404, 54.224074002046898, 0.0 ], [ -111.936464772175896, 54.224119167941488, 0.0 ], [ -111.936065078748001, 54.224333879885471, 0.0 ], [ -111.936056559381399, 54.224448831055433, 0.0 ], [ -111.935662113413798, 54.224662201824408, 0.0 ], [ -111.935576130155795, 54.224716232947387, 0.0 ], [ -111.935514051271895, 54.224770874201717, 0.0 ], [ -111.935487980428306, 54.224826430077961, 0.0 ], [ -111.935491414873397, 54.224854673517228, 0.0 ], [ -111.935610665652007, 54.225023230090933, 0.0 ], [ -111.935598829609404, 54.225446419752267, 0.0 ], [ -111.935199118763094, 54.225661127654107, 0.0 ], [ -111.935565552328001, 54.225895336132083, 0.0 ], [ -111.935102914844904, 54.226095948750128, 0.0 ], [ -111.935132554158798, 54.226558959100522, 0.0 ], [ -111.935498995168501, 54.226793166953257, 0.0 ], [ -111.935865440322601, 54.227027373737727, 0.0 ], [ -111.936296660720103, 54.227250733992499, 0.0 ], [ -111.936275763372905, 54.227348728094398, 0.0 ], [ -111.930583256842596, 54.230409801439897, 0.0 ], [ -111.930455837703207, 54.230504690769173, 0.0 ], [ -111.930391216720494, 54.230580943297937, 0.0 ], [ -111.930346676840898, 54.230670030308787, 0.0 ], [ -111.930264110641701, 54.230897762387812, 0.0 ], [ -111.930202231089098, 54.230930992933757, 0.0 ], [ -111.929845188521199, 54.231173007210593, 0.0 ], [ -111.929454299677104, 54.231393387367071, 0.0 ], [ -111.928695696421698, 54.231377467348793, 0.0 ], [ -111.928590084507206, 54.231314364126213, 0.0 ], [ -111.928428326356695, 54.231236927640218, 0.0 ], [ -111.928298495671399, 54.231194756324179, 0.0 ], [ -111.928145970093695, 54.231162529468939, 0.0 ], [ -111.927884053222499, 54.231131291427722, 0.0 ], [ -111.927504776871899, 54.231115227892772, 0.0 ], [ -111.9271356131879, 54.231126316162879, 0.0 ], [ -111.9268936691861, 54.231158911401479, 0.0 ], [ -111.926759098376095, 54.231194966191879, 0.0 ], [ -111.926647552812696, 54.231243482255898, 0.0 ], [ -111.926558965641206, 54.231305358377298, 0.0 ], [ -111.926523273167405, 54.231341417918031, 0.0 ], [ -111.926468903773198, 54.231424225882662, 0.0 ], [ -111.926382374368799, 54.231662820528953, 0.0 ], [ -111.926364372346995, 54.231698818841409, 0.0 ], [ -111.926304279763102, 54.231731084675339, 0.0 ], [ -111.926132640754005, 54.231823243280779, 0.0 ], [ -111.925904459787702, 54.23194576008342, 0.0 ], [ -111.925504637199495, 54.232160434141491, 0.0 ], [ -111.9251048074007, 54.232375106732121, 0.0 ], [ -111.924768890885701, 54.232563674261208, 0.0 ], [ -111.924765061857002, 54.23256342175668, 0.0 ], [ -111.9244543938931, 54.23244439591376, 0.0 ], [ -111.924311296277807, 54.232407188659813, 0.0 ], [ -111.924142842843196, 54.232382647464888, 0.0 ], [ -111.923860456316305, 54.232364369869757, 0.0 ], [ -111.9234712595525, 54.23236180308367, 0.0 ], [ -111.923198366494205, 54.232374799270787, 0.0 ], [ -111.9229596105871, 54.23240773803775, 0.0 ], [ -111.922671489231206, 54.232485021730291, 0.0 ], [ -111.922599259110697, 54.232490011341817, 0.0 ], [ -111.922572955226897, 54.232480343839192, 0.0 ], [ -111.922553065233899, 54.232460856391228, 0.0 ], [ -111.922470671172405, 54.232282713115843, 0.0 ], [ -111.922400892028804, 54.232213554217779, 0.0 ], [ -111.922349254120704, 54.232187407491779, 0.0 ], [ -111.922217824984799, 54.232150226079497, 0.0 ], [ -111.921908108765095, 54.232101022105162, 0.0 ], [ -111.921766765780106, 54.232069162946232, 0.0 ], [ -111.921593136705695, 54.232000767886127, 0.0 ], [ -111.921447498791395, 54.231917347350233, 0.0 ], [ -111.919890148845894, 54.230921862449087, 0.0 ], [ -111.919392620429903, 54.230593131601672, 0.0 ], [ -111.919286331440603, 54.230540128677418, 0.0 ], [ -111.919160144392904, 54.230496600427713, 0.0 ], [ -111.918925066327304, 54.230453525969217, 0.0 ], [ -111.918553015710501, 54.23042511552535, 0.0 ], [ -111.917758373145602, 54.230401629337969, 0.0 ], [ -111.917275316290301, 54.230404104891512, 0.0 ], [ -111.917020154222399, 54.230426537952319, 0.0 ], [ -111.916876338488294, 54.230456767985991, 0.0 ], [ -111.916570100087199, 54.230560827119639, 0.0 ], [ -111.916435777150596, 54.230593459486037, 0.0 ], [ -111.916280091914203, 54.230611959941541, 0.0 ], [ -111.915861692564206, 54.230638844658351, 0.0 ], [ -111.915716151885604, 54.230663363006542, 0.0 ], [ -111.915536381940598, 54.230724782833327, 0.0 ], [ -111.915130215879799, 54.230935393390013, 0.0 ], [ -111.914945461395803, 54.230993626258517, 0.0 ], [ -111.914797281234996, 54.231016455838777, 0.0 ], [ -111.914376419296801, 54.231041293389787, 0.0 ], [ -111.9142200322148, 54.231058875494689, 0.0 ], [ -111.914085860203102, 54.231089438427666, 0.0 ], [ -111.913869431449399, 54.231154414889332, 0.0 ], [ -111.913774745498998, 54.231166110754629, 0.0 ], [ -111.913681985101903, 54.231152040286403, 0.0 ], [ -111.913543781552093, 54.231092636235879, 0.0 ], [ -111.913223955211805, 54.230891219879886, 0.0 ], [ -111.912916758283004, 54.230679060391843, 0.0 ], [ -111.912764261922604, 54.230599321205617, 0.0 ], [ -111.912636527265093, 54.23056015405097, 0.0 ], [ -111.912483027814403, 54.23053705919407, 0.0 ], [ -111.912318715535605, 54.230533295739633, 0.0 ], [ -111.9122387265665, 54.230539429446083, 0.0 ], [ -111.912095198633295, 54.230569841996839, 0.0 ], [ -111.912036832926901, 54.230594790547087, 0.0 ], [ -111.911989797248793, 54.230626328141149, 0.0 ], [ -111.911923115762704, 54.230705035214477, 0.0 ], [ -111.911837327195002, 54.230887419671987, 0.0 ], [ -111.9117829278009, 54.230970219689517, 0.0 ], [ -111.911708893634597, 54.231040464199268, 0.0 ], [ -111.911620645267405, 54.231101616857039, 0.0 ], [ -111.910573201317206, 54.231666459894257, 0.0 ], [ -111.910409831598301, 54.231738368615282, 0.0 ], [ -111.910284947297001, 54.231776092057473, 0.0 ], [ -111.910141011502205, 54.231801633511111, 0.0 ], [ -111.909977584769905, 54.231814710871177, 0.0 ], [ -111.9097054843553, 54.231817083231, 0.0 ], [ -111.909033704257496, 54.231799031491619, 0.0 ], [ -111.908862805528102, 54.231807328831202, 0.0 ], [ -111.908715207026205, 54.231830525738701, 0.0 ], [ -111.908591050495005, 54.231868716792889, 0.0 ], [ -111.908483454964497, 54.231917497609658, 0.0 ], [ -111.908041832720002, 54.232164233393043, 0.0 ], [ -111.907735006999701, 54.232320788904069, 0.0 ], [ -111.907554485557696, 54.232381729760732, 0.0 ], [ -111.9074125975214, 54.232408579928077, 0.0 ], [ -111.907165843152697, 54.232427159437769, 0.0 ], [ -111.906891394301397, 54.23242802591453, 0.0 ], [ -111.905222968103104, 54.232360510593331, 0.0 ], [ -111.904942220817006, 54.232357341855298, 0.0 ], [ -111.904684767899496, 54.232369075613342, 0.0 ], [ -111.904532907752994, 54.232389639204357, 0.0 ], [ -111.904340667820193, 54.232442986946403, 0.0 ], [ -111.904229987350206, 54.232489795710038, 0.0 ], [ -111.903869049193503, 54.232671575643202, 0.0 ], [ -111.903683488971893, 54.232734089433478, 0.0 ], [ -111.903534839366699, 54.232763010939827, 0.0 ], [ -111.903368741334205, 54.232778889205619, 0.0 ], [ -111.903198049301395, 54.232780256574642, 0.0 ], [ -111.903035459424501, 54.232765729543893, 0.0 ], [ -111.902961546252001, 54.232752134637643, 0.0 ], [ -111.902831682531797, 54.232712724183123, 0.0 ], [ -111.902601415277999, 54.232613699720261, 0.0 ], [ -111.902473953611903, 54.232570931531363, 0.0 ], [ -111.902324175995204, 54.232541171181182, 0.0 ], [ -111.901996851233903, 54.232499737514978, 0.0 ], [ -111.901844964435298, 54.232473521328302, 0.0 ], [ -111.901714835089905, 54.232435631115308, 0.0 ], [ -111.901552917271104, 54.232360942377952, 0.0 ], [ -111.897657515988797, 54.229873281408629, 0.0 ], [ -111.897223432623804, 54.229612025190917, 0.0 ], [ -111.897134712365897, 54.229548301686101, 0.0 ], [ -111.897064943752397, 54.229475529620288, 0.0 ], [ -111.8970235954977, 54.229390268540293, 0.0 ], [ -111.897013764314707, 54.229294214742872, 0.0 ], [ -111.897033058407004, 54.229194683686273, 0.0 ], [ -111.8971113771983, 54.229055384116343, 0.0 ], [ -111.897336404946401, 54.228853570986757, 0.0 ], [ -111.897365328226897, 54.228797555621867, 0.0 ], [ -111.897360855278805, 54.228769194077479, 0.0 ], [ -111.897165250331994, 54.228527935892721, 0.0 ], [ -111.897130646921397, 54.228434662871479, 0.0 ], [ -111.897082586603901, 54.228228149638262, 0.0 ], [ -111.897033772332904, 54.228125783981888, 0.0 ], [ -111.896947094627293, 54.228024692269777, 0.0 ], [ -111.896636022136505, 54.227708044796138, 0.0 ], [ -111.896402229111999, 54.227423432870182, 0.0 ], [ -111.895665444096394, 54.227415413859781, 0.0 ], [ -111.895201700393002, 54.227386005857447, 0.0 ], [ -111.895090293571897, 54.227370989384497, 0.0 ], [ -111.894910019914704, 54.22733260803372, 0.0 ], [ -111.894582748915795, 54.227215503105349, 0.0 ], [ -111.8944518902466, 54.227177406006803, 0.0 ], [ -111.894298748239905, 54.227151867227491, 0.0 ], [ -111.893883259217802, 54.227105529001591, 0.0 ], [ -111.893739076508496, 54.227075182321236, 0.0 ], [ -111.893617451868707, 54.227032735783631, 0.0 ], [ -111.893464047159398, 54.226953485955377, 0.0 ], [ -111.892593130920503, 54.226397588910878, 0.0 ], [ -111.892393878379295, 54.226289088892393, 0.0 ], [ -111.892274015641703, 54.226245696930071, 0.0 ], [ -111.892132556663995, 54.22621389025705, 0.0 ], [ -111.891724118726302, 54.226163767559378, 0.0 ], [ -111.891570662320305, 54.226138397027214, 0.0 ], [ -111.891438003003302, 54.226101868348522, 0.0 ], [ -111.891271489433905, 54.226029654283728, 0.0 ], [ -111.891079920874503, 54.225917034432307, 0.0 ], [ -111.890760556151605, 54.225711428624848, 0.0 ], [ -111.890316598544601, 54.225411123041063, 0.0 ], [ -111.890195522709405, 54.225314533177922, 0.0 ], [ -111.890108681962701, 54.225199578242609, 0.0 ], [ -111.890077610705902, 54.225108553043093, 0.0 ], [ -111.890027048819107, 54.224866440995328, 0.0 ], [ -111.889956206759095, 54.224742903791572, 0.0 ], [ -111.889884343105905, 54.224673762148598, 0.0 ], [ -111.889800161841293, 54.224611227815423, 0.0 ], [ -111.889253007906603, 54.224258596911447, 0.0 ], [ -111.889130976366104, 54.224162522720562, 0.0 ], [ -111.889067753660996, 54.224088745410533, 0.0 ], [ -111.889026127286598, 54.224003384115598, 0.0 ], [ -111.888965397827903, 54.223712883529011, 0.0 ], [ -111.888900006568804, 54.223586338082207, 0.0 ], [ -111.888795645245096, 54.223479924741667, 0.0 ], [ -111.888584681486407, 54.223317233151853, 0.0 ], [ -111.888438466305104, 54.223228449171017, 0.0 ], [ -111.888319279117098, 54.223182370136129, 0.0 ], [ -111.888174620828707, 54.223152454928197, 0.0 ], [ -111.887919926966504, 54.223140475673503, 0.0 ], [ -111.887661279328199, 54.22316266516917, 0.0 ], [ -111.8874421514316, 54.223212501185763, 0.0 ], [ -111.887321507375404, 54.223257148669163, 0.0 ], [ -111.887213947065007, 54.223307440668293, 0.0 ], [ -111.886262837074995, 54.223816362791851, 0.0 ], [ -111.886105548008999, 54.223892984506008, 0.0 ], [ -111.885923305032506, 54.22395645613733, 0.0 ], [ -111.885698671278107, 54.223997780941758, 0.0 ], [ -111.885339687702597, 54.224023128167516, 0.0 ], [ -111.884740626495699, 54.224038033245783, 0.0 ], [ -111.884225496499596, 54.224041256245748, 0.0 ], [ -111.883717442723295, 54.224032064845233, 0.0 ], [ -111.883329912340201, 54.224012499869218, 0.0 ], [ -111.883062330038399, 54.223986142145812, 0.0 ], [ -111.882828527826007, 54.223943388128987, 0.0 ], [ -111.8826975587139, 54.223902937202467, 0.0 ], [ -111.882590674667298, 54.223850515285172, 0.0 ], [ -111.882547284691697, 54.223819257276077, 0.0 ], [ -111.882482862131695, 54.223745266274058, 0.0 ], [ -111.882450569595207, 54.223654385352809, 0.0 ], [ -111.882441441947194, 54.223335713000552, 0.0 ], [ -111.882413588676201, 54.223242968019413, 0.0 ], [ -111.882322774291197, 54.223130153968363, 0.0 ], [ -111.882195964563607, 54.22303664557883, 0.0 ], [ -111.881691697998804, 54.222714864478178, 0.0 ], [ -111.881592814759301, 54.22266022097164, 0.0 ], [ -111.881481613312204, 54.222612182980271, 0.0 ], [ -111.881277855609795, 54.22255995015842, 0.0 ], [ -111.880870748132807, 54.222509103902063, 0.0 ], [ -111.8806509949803, 54.222465451015552, 0.0 ], [ -111.880477474517306, 54.222396997099622, 0.0 ], [ -111.880331954607399, 54.222313528297327, 0.0 ], [ -111.879829469735199, 54.221990795742158, 0.0 ], [ -111.879745309192003, 54.221928255531019, 0.0 ], [ -111.879673467563407, 54.221859108061587, 0.0 ], [ -111.879602661549896, 54.221735564301198, 0.0 ], [ -111.879552164532299, 54.221493448619967, 0.0 ], [ -111.879521120690896, 54.221402420140613, 0.0 ], [ -111.8794659642395, 54.221323720073428, 0.0 ], [ -111.879379390765806, 54.221258599224683, 0.0 ], [ -111.879254790894194, 54.221207153373527, 0.0 ], [ -111.879176221026697, 54.221186496314907, 0.0 ], [ -111.878747742029503, 54.221124116097499, 0.0 ], [ -111.878487826450694, 54.221067633054439, 0.0 ], [ -111.878354061871704, 54.221021705697858, 0.0 ], [ -111.878220598409897, 54.220959596062507, 0.0 ], [ -111.878089518900197, 54.220878117109727, 0.0 ], [ -111.877306553057196, 54.221082696598621, 0.0 ], [ -111.877045569105505, 54.221070889889432, 0.0 ], [ -111.876832753495094, 54.221051336716727, 0.0 ], [ -111.876661714232995, 54.221025400735627, 0.0 ], [ -111.876525748277004, 54.220994437447608, 0.0 ], [ -111.876333739991594, 54.220922980832221, 0.0 ], [ -111.876041425445607, 54.220746821553668, 0.0 ], [ -111.875932285970094, 54.220689928117892, 0.0 ], [ -111.875812755715401, 54.22064256905059, 0.0 ], [ -111.875674640260598, 54.220605522070343, 0.0 ], [ -111.875515837042499, 54.22057819192478, 0.0 ], [ -111.875340647252898, 54.220558444006528, 0.0 ], [ -111.874861283074097, 54.220529720423329, 0.0 ], [ -111.874463726173005, 54.220519400395027, 0.0 ], [ -111.874074986307207, 54.220520372336779, 0.0 ], [ -111.873804424526298, 54.220533766001097, 0.0 ], [ -111.873642118355903, 54.220552760571692, 0.0 ], [ -111.873498954326806, 54.220582505894861, 0.0 ], [ -111.873374506638896, 54.220622542110533, 0.0 ], [ -111.873263610091996, 54.220670126463759, 0.0 ], [ -111.872960829806502, 54.220825349805793, 0.0 ], [ -111.872861915817296, 54.220864699368107, 0.0 ], [ -111.872764331057297, 54.220886452349987, 0.0 ], [ -111.872668578237807, 54.220883964299183, 0.0 ], [ -111.872574661919003, 54.220857238035052, 0.0 ], [ -111.8724820738597, 54.220812913371923, 0.0 ], [ -111.872162069908896, 54.220611378602378, 0.0 ], [ -111.871849737420106, 54.220399787473823, 0.0 ], [ -111.871750709235897, 54.220343241924397, 0.0 ], [ -111.871635430001803, 54.220294549816977, 0.0 ], [ -111.8714969007885, 54.220256947499678, 0.0 ], [ -111.871334467925394, 54.220230958531523, 0.0 ], [ -111.871154330437903, 54.22021377362681, 0.0 ], [ -111.870864329438504, 54.220198050917027, 0.0 ], [ -111.869970582309804, 54.220176617893827, 0.0 ], [ -111.869685207947498, 54.220180892516908, 0.0 ], [ -111.869510522316105, 54.220193081140778, 0.0 ], [ -111.869286274997407, 54.220233397609263, 0.0 ], [ -111.868981315874606, 54.220338180006443, 0.0 ], [ -111.8688490407514, 54.220372070140527, 0.0 ], [ -111.868696442867503, 54.22039256900235, 0.0 ], [ -111.868366157818897, 54.22041825189622, 0.0 ], [ -111.868213011544697, 54.220439905291997, 0.0 ], [ -111.868079673483706, 54.220475655983371, 0.0 ], [ -111.867765361436398, 54.22058630984931, 0.0 ], [ -111.867612964133698, 54.220618325829733, 0.0 ], [ -111.867436727542497, 54.220636768825202, 0.0 ], [ -111.867147183024699, 54.220643358634362, 0.0 ], [ -111.866854716429998, 54.220631789074652, 0.0 ], [ -111.8666738200628, 54.220614488654867, 0.0 ], [ -111.866515339724799, 54.220584996048807, 0.0 ], [ -111.866447520605107, 54.220564340518798, 0.0 ], [ -111.866340917958595, 54.220508582786302, 0.0 ], [ -111.866304032464797, 54.220472721321798, 0.0 ], [ -111.866256093987204, 54.220388265738357, 0.0 ], [ -111.866201852756902, 54.220200647384331, 0.0 ], [ -111.866159957498098, 54.220115450408571, 0.0 ], [ -111.866093422104598, 54.220043463212953, 0.0 ], [ -111.866050794293599, 54.220012488735307, 0.0 ], [ -111.865946818464295, 54.219960577987592, 0.0 ], [ -111.865744215982104, 54.219907717916243, 0.0 ], [ -111.865339322598203, 54.219854538230599, 0.0 ], [ -111.865190356409101, 54.21982511253232, 0.0 ], [ -111.865063859135205, 54.219782777645122, 0.0 ], [ -111.864834304021699, 54.219682528739959, 0.0 ], [ -111.864702445615904, 54.219640054753746, 0.0 ], [ -111.864544806442893, 54.219611660842283, 0.0 ], [ -111.8642831438775, 54.219598819102821, 0.0 ], [ -111.864113402424294, 54.21961059072224, 0.0 ], [ -111.864035275706499, 54.219622678606036, 0.0 ], [ -111.863898539321298, 54.219658695978183, 0.0 ], [ -111.863782364804905, 54.219706944705322, 0.0 ], [ -111.863574013549197, 54.219825289964596, 0.0 ], [ -111.863385026164494, 54.219932634179372, 0.0 ], [ -111.8629712759424, 54.220143951822912, 0.0 ], [ -111.862839333474895, 54.220242161535211, 0.0 ], [ -111.862774888407898, 54.220324769630921, 0.0 ], [ -111.862731127745207, 54.220422040445257, 0.0 ], [ -111.862694387776003, 54.220586598448271, 0.0 ], [ -111.862678873742496, 54.220760706802537, 0.0 ], [ -111.862681012007101, 54.220930775617681, 0.0 ], [ -111.862700399755298, 54.221035359073909, 0.0 ], [ -111.862740024359894, 54.221128145186569, 0.0 ], [ -111.862802480214597, 54.221207312492908, 0.0 ], [ -111.862982946521299, 54.221386076710928, 0.0 ], [ -111.863030055417596, 54.221469253580359, 0.0 ], [ -111.863050549359798, 54.221559292256458, 0.0 ], [ -111.863045625809804, 54.221642370965156, 0.0 ], [ -111.863017299668996, 54.221704152186369, 0.0 ], [ -111.862995018291201, 54.221722641988279, 0.0 ], [ -111.862967526486202, 54.221730920224623, 0.0 ], [ -111.862899524686, 54.221720782612309, 0.0 ], [ -111.862774968709601, 54.221658887674799, 0.0 ], [ -111.861540519784398, 54.220869566928982, 0.0 ], [ -111.861394205314696, 54.220784974486442, 0.0 ], [ -111.861216797867797, 54.220711624261398, 0.0 ], [ -111.861070045333094, 54.220673255721522, 0.0 ], [ -111.860902936998201, 54.220646230261877, 0.0 ], [ -111.860728484325904, 54.220633045976953, 0.0 ], [ -111.860560291042901, 54.220636486340872, 0.0 ], [ -111.860482880076106, 54.220645172343602, 0.0 ], [ -111.860346318125096, 54.220676783428729, 0.0 ], [ -111.860229808296197, 54.220723309126349, 0.0 ], [ -111.859698670666702, 54.221042829143506, 0.0 ], [ -111.859161992775498, 54.221346278614639, 0.0 ], [ -111.859059199140404, 54.221398109435349, 0.0 ], [ -111.858943374224395, 54.221441594238129, 0.0 ], [ -111.858807058738407, 54.221471950686023, 0.0 ], [ -111.858729164205897, 54.221480893730359, 0.0 ], [ -111.858372034765296, 54.221494882597568, 0.0 ], [ -111.858296370555905, 54.221497845807818, 0.0 ], [ -111.858135461000899, 54.22151244825443, 0.0 ], [ -111.857998266443801, 54.221542241127963, 0.0 ], [ -111.857694273358604, 54.221643872167647, 0.0 ], [ -111.857649747877105, 54.221652568194052, 0.0 ], [ -111.857478150832193, 54.221686087146573, 0.0 ], [ -111.857130177501801, 54.221707948487968, 0.0 ], [ -111.856692397408196, 54.221707299069401, 0.0 ], [ -111.856468298339394, 54.221857248685737, 0.0 ], [ -111.855661620146194, 54.221811197193631, 0.0 ], [ -111.855441583880406, 54.221670226068191, 0.0 ], [ -111.855295684240204, 54.221576752103338, 0.0 ], [ -111.854596844876497, 54.221545023333633, 0.0 ], [ -111.854531757854303, 54.221522429117222, 0.0 ], [ -111.854395369463603, 54.221460845885588, 0.0 ], [ -111.854258129355998, 54.221382236998927, 0.0 ], [ -111.854114817305501, 54.221464130226963, 0.0 ], [ -111.853972354965094, 54.22152274542092, 0.0 ], [ -111.853875480228396, 54.221549129943092, 0.0 ], [ -111.853832215813398, 54.221560912380959, 0.0 ], [ -111.853696479469093, 54.221581564010492, 0.0 ], [ -111.853566745539098, 54.221587888742839, 0.0 ], [ -111.8534446407037, 54.221582718605347, 0.0 ], [ -111.8533322308392, 54.221569165175048, 0.0 ], [ -111.853230989259998, 54.221550057382117, 0.0 ], [ -111.853130932990695, 54.22152275951936, 0.0 ], [ -111.852997655825106, 54.221516706804287, 0.0 ], [ -111.852899621895901, 54.221443303123507, 0.0 ], [ -111.852805220208296, 54.221408134223857, 0.0 ], [ -111.8526742683446, 54.221369988498793, 0.0 ], [ -111.852521174028297, 54.221344398063209, 0.0 ], [ -111.852482270907302, 54.221340044604261, 0.0 ], [ -111.852105795808995, 54.221297915269133, 0.0 ], [ -111.851961665704493, 54.221267521024558, 0.0 ], [ -111.8518401010231, 54.221225032130448, 0.0 ], [ -111.851735180383201, 54.221173623042013, 0.0 ], [ -111.851402929750705, 54.220974949044063, 0.0 ], [ -111.851291767275697, 54.220926885452293, 0.0 ], [ -111.851161722435904, 54.220888940772873, 0.0 ], [ -111.851008792470097, 54.220863262720158, 0.0 ], [ -111.850836978417405, 54.220847704293483, 0.0 ], [ -111.849999881580999, 54.220811952546022, 0.0 ], [ -111.849836871840196, 54.220791675520367, 0.0 ], [ -111.849695304419896, 54.220759905390622, 0.0 ], [ -111.849575504127102, 54.220716469921562, 0.0 ], [ -111.849423010693201, 54.220636737484483, 0.0 ], [ -111.847470582028095, 54.219386800881892, 0.0 ], [ -111.847335867781595, 54.219311579197097, 0.0 ], [ -111.847236941923995, 54.219274266037829, 0.0 ], [ -111.847102098128005, 54.219238979780521, 0.0 ], [ -111.846920661781397, 54.21920679275965, 0.0 ], [ -111.846681480099605, 54.219179029141692, 0.0 ], [ -111.846373713298206, 54.219156933874032, 0.0 ], [ -111.8459862081002, 54.219141836128642, 0.0 ], [ -111.845844995987306, 54.219222244511492, 0.0 ], [ -111.845608781318603, 54.219380943199113, 0.0 ], [ -111.845144212037098, 54.219772307400731, 0.0 ], [ -111.845138755258105, 54.219776308634522, 0.0 ], [ -111.845074508989597, 54.219735133033069, 0.0 ], [ -111.844993996664797, 54.2196835344335, 0.0 ], [ -111.844708652234701, 54.219500657659758, 0.0 ], [ -111.844342799620804, 54.219266181223311, 0.0 ], [ -111.843558420408201, 54.219208137460321, 0.0 ], [ -111.8431767248033, 54.219460498777941, 0.0 ], [ -111.842776606951503, 54.21967489425608, 0.0 ], [ -111.842376481894803, 54.219889288261022, 0.0 ], [ -111.841976354160494, 54.220103681811047, 0.0 ], [ -111.841942068084194, 54.220552556894582, 0.0 ], [ -111.841541931598798, 54.220766948862583, 0.0 ], [ -111.841141791109294, 54.220981337642101, 0.0 ], [ -111.840412386393496, 54.220984686474431, 0.0 ], [ -111.839609812605005, 54.220941132640711, 0.0 ], [ -111.839243977032297, 54.220706641875623, 0.0 ], [ -111.838878145737993, 54.220472148252121, 0.0 ], [ -111.838912464943306, 54.220023274488611, 0.0 ], [ -111.838546641462202, 54.219788779943073, 0.0 ], [ -111.8384201041289, 54.219707667445149, 0.0 ], [ -111.838289262131894, 54.219623797977093, 0.0 ], [ -111.838180821984693, 54.219554286130183, 0.0 ], [ -111.838196136502503, 54.219354020810108, 0.0 ], [ -111.838210650023797, 54.219164227721237, 0.0 ], [ -111.838188439615607, 54.219122605966007, 0.0 ], [ -111.838164929980096, 54.21910106586293, 0.0 ], [ -111.838077267210295, 54.219020736430288, 0.0 ], [ -111.837943690728494, 54.218930871176447, 0.0 ], [ -111.837803070858698, 54.21884477879388, 0.0 ], [ -111.837641324337497, 54.218770004487943, 0.0 ], [ -111.837437642262401, 54.218717697523012, 0.0 ], [ -111.837194291045094, 54.218685637764487, 0.0 ], [ -111.837030831355904, 54.218664101682798, 0.0 ], [ -111.836879162574306, 54.218634209780838, 0.0 ], [ -111.836749466776297, 54.218591941468468, 0.0 ], [ -111.836538040578105, 54.218508485776923, 0.0 ], [ -111.836442326335401, 54.218491576961938, 0.0 ], [ -111.836345443545397, 54.218503964570097, 0.0 ], [ -111.836246726770796, 54.218540320156542, 0.0 ], [ -111.835945286853899, 54.218706461661469, 0.0 ], [ -111.835781078064699, 54.218780227070319, 0.0 ], [ -111.835655123472904, 54.218817486391011, 0.0 ], [ -111.835509288376599, 54.218841720143573, 0.0 ], [ -111.835255271398495, 54.218855462884108, 0.0 ], [ -111.834868261289202, 54.218850392945313, 0.0 ], [ -111.834852491381696, 54.218850187044417, 0.0 ], [ -111.834505116114499, 54.218845635307581, 0.0 ], [ -111.834253553320593, 54.218861420381543, 0.0 ], [ -111.834110881395006, 54.218888432487297, 0.0 ], [ -111.833806375057307, 54.218992239057421, 0.0 ], [ -111.833673132232903, 54.219028405104659, 0.0 ], [ -111.833432549361603, 54.219059139969282, 0.0 ], [ -111.833250523578002, 54.219066855039337, 0.0 ], [ -111.833078443542902, 54.21906716636645, 0.0 ], [ -111.832959297159306, 54.21906738027959, 0.0 ], [ -111.832898245143596, 54.219065651881067, 0.0 ], [ -111.832098428136007, 54.219042998498907, 0.0 ], [ -111.832065880416295, 54.219042076388277, 0.0 ], [ -111.832012402232294, 54.219038462568093, 0.0 ], [ -111.831782303699001, 54.219022919033023, 0.0 ], [ -111.831610171447906, 54.21900165828491, 0.0 ], [ -111.831459087497606, 54.218970155709279, 0.0 ], [ -111.8313330314556, 54.218926537108523, 0.0 ], [ -111.831178921142495, 54.2188444004979, 0.0 ], [ -111.8307758610881, 54.218573729822879, 0.0 ], [ -111.830624712159505, 54.218481565735118, 0.0 ], [ -111.830619373063598, 54.218481612286432, 0.0 ], [ -111.830273756359404, 54.218480231322701, 0.0 ], [ -111.829852127145799, 54.218478545271743, 0.0 ], [ -111.829066780974202, 54.218466430167567, 0.0 ], [ -111.828275836720906, 54.218445595087488, 0.0 ], [ -111.827491802565604, 54.218416369529002, 0.0 ], [ -111.826727181946893, 54.218379084090117, 0.0 ], [ -111.825994486000397, 54.218334068085127, 0.0 ], [ -111.825245789658396, 54.218089437982712, 0.0 ], [ -111.825329213113406, 54.217487876013656, 0.0 ], [ -111.825286786147998, 54.21742466267937, 0.0 ], [ -111.825170062559195, 54.217303679807472, 0.0 ], [ -111.824931763261702, 54.217181600847553, 0.0 ], [ -111.824966229625801, 54.216732731992053, 0.0 ], [ -111.824200331339895, 54.216712529302193, 0.0 ], [ -111.823834619953701, 54.216477993242741, 0.0 ], [ -111.823468915839996, 54.216243455304458, 0.0 ], [ -111.823103212802593, 54.216008916223437, 0.0 ], [ -111.822737516968402, 54.215774376161399, 0.0 ], [ -111.821971636537796, 54.21575415950722, 0.0 ], [ -111.821605947853797, 54.215519616975428, 0.0 ], [ -111.8212402633783, 54.215285072484122, 0.0 ], [ -111.820874583111504, 54.215050526033352, 0.0 ], [ -111.820508906846101, 54.21481598031631, 0.0 ], [ -111.820143234858193, 54.214581431742133, 0.0 ], [ -111.819777568403296, 54.214346883942227, 0.0 ], [ -111.819411903162404, 54.214112333204277, 0.0 ], [ -111.819046243523402, 54.213877782342983, 0.0 ], [ -111.818680587954503, 54.21364323131781, 0.0 ], [ -111.818314936593794, 54.213408678333373, 0.0 ], [ -111.817949289372095, 54.213174124287427, 0.0 ], [ -111.817583646289407, 54.212939569180008, 0.0 ], [ -111.817218007414695, 54.212705012113403, 0.0 ], [ -111.816852372609702, 54.212470454883103, 0.0 ], [ -111.816886920608198, 54.212021589193007, 0.0 ], [ -111.816521293608602, 54.211787031043173, 0.0 ], [ -111.816155670678498, 54.211552472729693, 0.0 ], [ -111.815790051956, 54.211317912457183, 0.0 ], [ -111.815824610078295, 54.21086904624633, 0.0 ], [ -111.815058826926403, 54.210848788728313, 0.0 ], [ -111.814693220619205, 54.210614225272003, 0.0 ], [ -111.814726111503006, 54.210187150980559, 0.0 ], [ -111.814717243298603, 54.210173891603333, 0.0 ], [ -111.814680371449199, 54.210134935649542, 0.0 ], [ -111.814362191167106, 54.209930796009068, 0.0 ], [ -111.813996596801999, 54.209696230572348, 0.0 ], [ -111.813631006574994, 54.209461664074489, 0.0 ], [ -111.813233407091801, 54.209244240211433, 0.0 ], [ -111.813316009757003, 54.208769660288439, 0.0 ], [ -111.813334585077598, 54.208329367730478, 0.0 ], [ -111.812969010525904, 54.208094798496766, 0.0 ], [ -111.8126034399735, 54.207860229997458, 0.0 ], [ -111.8122378736971, 54.20762565864176, 0.0 ], [ -111.811951029843001, 54.207441598905021, 0.0 ], [ -111.811872311488898, 54.20739108712278, 0.0 ], [ -111.811784466044699, 54.207334718490387, 0.0 ], [ -111.811732923648293, 54.207307239987102, 0.0 ], [ -111.811370289678905, 54.207070586374307, 0.0 ], [ -111.811080478729494, 54.206898558436897, 0.0 ], [ -111.810991288614503, 54.206835295321518, 0.0 ], [ -111.810917735447802, 54.206762282277829, 0.0 ], [ -111.810866882880504, 54.20667547584469, 0.0 ], [ -111.810834133605397, 54.206521053175081, 0.0 ], [ -111.810836647208404, 54.206426171139128, 0.0 ], [ -111.810838631946098, 54.206351245338162, 0.0 ], [ -111.810876810048995, 54.206126736960726, 0.0 ], [ -111.810910419335301, 54.206023189299671, 0.0 ], [ -111.810957863748399, 54.205929272745927, 0.0 ], [ -111.811021387271893, 54.20584774631552, 0.0 ], [ -111.811133675166303, 54.205738951574922, 0.0 ], [ -111.8111862269689, 54.205688033410603, 0.0 ], [ -111.811211726501099, 54.205631946650861, 0.0 ], [ -111.811208226465496, 54.205603697680658, 0.0 ], [ -111.811140592798694, 54.205517616214053, 0.0 ], [ -111.810975560065401, 54.205403997799948, 0.0 ], [ -111.810942281800394, 54.205381085897933, 0.0 ], [ -111.810840274434298, 54.205310856873169, 0.0 ], [ -111.810727768720199, 54.205209734843628, 0.0 ], [ -111.810674957206601, 54.205130432692442, 0.0 ], [ -111.810586479731597, 54.20486528523795, 0.0 ], [ -111.810583465840494, 54.20485625204946, 0.0 ], [ -111.810520127548202, 54.204782158212801, 0.0 ], [ -111.810472790381894, 54.20475328737114, 0.0 ], [ -111.810349168540995, 54.204710791643521, 0.0 ], [ -111.810111206331001, 54.204674530307301, 0.0 ], [ -111.809566551346904, 54.204635717165907, 0.0 ], [ -111.809289307235801, 54.204621450766417, 0.0 ], [ -111.809084162204499, 54.204610892372109, 0.0 ], [ -111.808903229867497, 54.204601581833217, 0.0 ], [ -111.808220152395904, 54.204576904101351, 0.0 ], [ -111.808156959588004, 54.204575463213217, 0.0 ], [ -111.808035460086103, 54.204572695615283, 0.0 ], [ -111.807425933270096, 54.204558810053193, 0.0 ], [ -111.807048867110794, 54.204556520405603, 0.0 ], [ -111.805642999923904, 54.204547975974208, 0.0 ], [ -111.805640357372894, 54.204547958920237, 0.0 ], [ -111.804957299935097, 54.204554837792067, 0.0 ], [ -111.804692516734804, 54.204579834489273, 0.0 ], [ -111.804553920386198, 54.204606109774339, 0.0 ], [ -111.804411763500298, 54.204644706139753, 0.0 ], [ -111.804381079180004, 54.204655985241068, 0.0 ], [ -111.804342172995305, 54.204670286278933, 0.0 ], [ -111.804266151296702, 54.204698232401142, 0.0 ], [ -111.804117355745106, 54.204769124588253, 0.0 ], [ -111.803980406812997, 54.204690644800131, 0.0 ], [ -111.803844103479904, 54.204629634409727, 0.0 ], [ -111.803708939252502, 54.204583675907671, 0.0 ], [ -111.803575713791801, 54.204550361715263, 0.0 ], [ -111.803445080456399, 54.204527192214371, 0.0 ], [ -111.803194176774895, 54.204501638043389, 0.0 ], [ -111.802348727383503, 54.204457502669939, 0.0 ], [ -111.80147024115, 54.204423907007808, 0.0 ], [ -111.800583259983895, 54.204400963833471, 0.0 ], [ -111.799705401687007, 54.204389051426197, 0.0 ], [ -111.798947714781704, 54.204388694428509, 0.0 ], [ -111.798682433198906, 54.204398280321328, 0.0 ], [ -111.798521899977501, 54.204414521632742, 0.0 ], [ -111.798379994426895, 54.204441872161773, 0.0 ], [ -111.798161632650107, 54.204501461292423, 0.0 ], [ -111.798087365347897, 54.20450740280053, 0.0 ], [ -111.798059515443995, 54.204498475027172, 0.0 ], [ -111.798037775412595, 54.204479996281357, 0.0 ], [ -111.798034778705798, 54.204473036695788, 0.0 ], [ -111.797897827799005, 54.204546353072573, 0.0 ], [ -111.797863083388194, 54.204995211915893, 0.0 ], [ -111.797462878148096, 54.205209455858054, 0.0 ], [ -111.797062668840795, 54.20542369750806, 0.0 ], [ -111.797048217957993, 54.205885588439251, 0.0 ], [ -111.796627696201895, 54.206086795983147, 0.0 ], [ -111.796613239864996, 54.20654868764629, 0.0 ], [ -111.796192709183003, 54.206749893529242, 0.0 ], [ -111.796086123497503, 54.207182559274521, 0.0 ], [ -111.796049148602293, 54.207659915949471, 0.0 ], [ -111.796088409420506, 54.208096464479823, 0.0 ], [ -111.796485905702795, 54.208313943607983, 0.0 ], [ -111.796403111581796, 54.208788508451228, 0.0 ], [ -111.7963843557242, 54.20922879586746, 0.0 ], [ -111.796781864175301, 54.20944627505321, 0.0 ], [ -111.796699070652707, 54.209920840039857, 0.0 ], [ -111.796680316945498, 54.21036112746836, 0.0 ], [ -111.797045816636896, 54.210595745093983, 0.0 ], [ -111.797411320605306, 54.21083035986392, 0.0 ], [ -111.797776828642299, 54.211064974471277, 0.0 ], [ -111.798142340747901, 54.211299588915999, 0.0 ], [ -111.798507857061196, 54.211534201402657, 0.0 ], [ -111.798873377582197, 54.211768811931186, 0.0 ], [ -111.798838634528906, 54.212217670661282, 0.0 ], [ -111.7988038906649, 54.212666527547071, 0.0 ], [ -111.799233240419596, 54.212902835954402, 0.0 ], [ -111.798769147244002, 54.213115386220167, 0.0 ], [ -111.798734399879706, 54.213564243865207, 0.0 ], [ -111.799099940725796, 54.213798853944887, 0.0 ], [ -111.799465482578, 54.214033463780297, 0.0 ], [ -111.799065196006197, 54.214247712581503, 0.0 ], [ -111.798664905365101, 54.214461959090208, 0.0 ], [ -111.7982646106544, 54.214676203306382, 0.0 ], [ -111.797864311735296, 54.214890447025397, 0.0 ], [ -111.797464008676997, 54.215104689349559, 0.0 ], [ -111.796653484865402, 54.21505563820903, 0.0 ], [ -111.796273480337206, 54.215282910841438, 0.0 ], [ -111.795897535014205, 54.215512789347919, 0.0 ], [ -111.795883063064196, 54.215974679253428, 0.0 ], [ -111.795462431228103, 54.216175880943581, 0.0 ], [ -111.795447953889806, 54.216637770683207, 0.0 ], [ -111.795027313122404, 54.21683897071172, 0.0 ], [ -111.794626976543697, 54.217053202181269, 0.0 ], [ -111.7942266356863, 54.217267434051081, 0.0 ], [ -111.793826290758901, 54.217481663627979, 0.0 ], [ -111.793453357352504, 54.217713488872043, 0.0 ], [ -111.792632633750699, 54.21765789208645, 0.0 ], [ -111.792259692241004, 54.21788971261465, 0.0 ], [ -111.791493796879294, 54.217869302668532, 0.0 ], [ -111.790727902399993, 54.217848888757757, 0.0 ], [ -111.790347842898498, 54.218076140972791, 0.0 ], [ -111.789561636941201, 54.218042684083251, 0.0 ], [ -111.789161260869903, 54.218256896786343, 0.0 ], [ -111.788760880519305, 54.218471109889329, 0.0 ], [ -111.788360496098505, 54.218685320699123, 0.0 ], [ -111.787960107537899, 54.218899530113319, 0.0 ], [ -111.787559714907104, 54.21911373723426, 0.0 ], [ -111.787159317996796, 54.219327944754959, 0.0 ], [ -111.786758917016201, 54.219542149982303, 0.0 ], [ -111.7863585118956, 54.219756353814013, 0.0 ], [ -111.785958102634794, 54.219970556249962, 0.0 ], [ -111.785557689233897, 54.220184757290177, 0.0 ], [ -111.785157271692697, 54.220398956934638, 0.0 ], [ -111.784756850011206, 54.22061315518328, 0.0 ], [ -111.784721942635201, 54.221062006149502, 0.0 ], [ -111.784687034374699, 54.221510856168997, 0.0 ], [ -111.784286599247906, 54.221725053534684, 0.0 ], [ -111.783886160120204, 54.221939247709059, 0.0 ], [ -111.783485716712093, 54.222153442282867, 0.0 ], [ -111.783085269233197, 54.222367634563028, 0.0 ], [ -111.782664510691305, 54.222568788688783, 0.0 ], [ -111.7826498853087, 54.223030674455337, 0.0 ], [ -111.782249424929901, 54.223244863750907, 0.0 ], [ -111.781443391347693, 54.223245807418373, 0.0 ], [ -111.780717451914896, 54.223203909934732, 0.0 ], [ -111.780351938243996, 54.222969243786487, 0.0 ], [ -111.780386895533496, 54.222520393991402, 0.0 ], [ -111.780021389596399, 54.222285727824577, 0.0 ], [ -111.779272906299397, 54.222040814755402, 0.0 ], [ -111.779307874099302, 54.221591965366713, 0.0 ], [ -111.779708332965598, 54.221377785795383, 0.0 ], [ -111.779278040191201, 54.221153877374697, 0.0 ], [ -111.779377806621895, 54.220694269135308, 0.0 ], [ -111.779807495281801, 54.22049886172961, 0.0 ], [ -111.779798597172402, 54.220021853626598, 0.0 ], [ -111.779848175854795, 54.219582390570203, 0.0 ], [ -111.7803337143703, 54.219370484845243, 0.0 ], [ -111.780283565824206, 54.218919359710519, 0.0 ], [ -111.779473167444706, 54.218922671353667, 0.0 ], [ -111.779085451382997, 54.218699900817903, 0.0 ], [ -111.779187155397594, 54.21821535628775, 0.0 ], [ -111.778796873582195, 54.217993959861261, 0.0 ], [ -111.778823568389797, 54.217549537988127, 0.0 ], [ -111.778883354771494, 54.217087413741837, 0.0 ], [ -111.778949757715097, 54.2166217485779, 0.0 ], [ -111.778996303414701, 54.216166704919218, 0.0 ], [ -111.7789965210372, 54.215736442590988, 0.0 ], [ -111.778631081643994, 54.215501772023607, 0.0 ], [ -111.779031483665904, 54.2152875937497, 0.0 ], [ -111.779797321897803, 54.215308082240959, 0.0 ], [ -111.780197716189605, 54.215093899074517, 0.0 ], [ -111.780232664898705, 54.214645050552917, 0.0 ], [ -111.779844983893398, 54.214422281931562, 0.0 ], [ -111.779902179288001, 54.213961533516262, 0.0 ], [ -111.779514506365302, 54.213738763922841, 0.0 ], [ -111.779571704042496, 54.213278017453653, 0.0 ], [ -111.779176254268904, 54.213059411401169, 0.0 ], [ -111.779271267348804, 54.212578435260873, 0.0 ], [ -111.778875825603606, 54.212359830110287, 0.0 ], [ -111.778933027995805, 54.211899082132113, 0.0 ], [ -111.778545379234799, 54.211676310591812, 0.0 ], [ -111.778602584048699, 54.211215562764359, 0.0 ], [ -111.778214943438599, 54.210992789354563, 0.0 ], [ -111.778224488974999, 54.210557539032258, 0.0 ], [ -111.778310291596199, 54.210081493952437, 0.0 ], [ -111.778319835531093, 54.209646243549898, 0.0 ], [ -111.777922679303401, 54.209428569410292, 0.0 ], [ -111.777989418279503, 54.208962722673213, 0.0 ], [ -111.7780561571428, 54.208496874990978, 0.0 ], [ -111.777659011528598, 54.208279200975632, 0.0 ], [ -111.777296558464997, 54.208007121872612, 0.0 ], [ -111.776893304919, 54.208258700684773, 0.0 ], [ -111.776127599335197, 54.208238194635769, 0.0 ], [ -111.7757622410343, 54.208003517157152, 0.0 ], [ -111.775396887010402, 54.207768836824073, 0.0 ], [ -111.774631191473006, 54.207748323186337, 0.0 ], [ -111.773883001133697, 54.207503379311277, 0.0 ], [ -111.773931847719098, 54.20704712892541, 0.0 ], [ -111.773992554278294, 54.206584533246307, 0.0 ], [ -111.774041398161401, 54.206128282725082, 0.0 ], [ -111.774054656304699, 54.205691067825299, 0.0 ], [ -111.773657701071897, 54.205473305845757, 0.0 ], [ -111.773649937672204, 54.205047338811212, 0.0 ], [ -111.773672969976104, 54.204604899355537, 0.0 ], [ -111.773716530047693, 54.204151474904151, 0.0 ], [ -111.773770352889997, 54.203692560153527, 0.0 ], [ -111.773824174402804, 54.203233644434903, 0.0 ], [ -111.773867730626506, 54.202780221593549, 0.0 ], [ -111.774268030795, 54.202566058307617, 0.0 ], [ -111.774668326897796, 54.202351892728473, 0.0 ], [ -111.774485676881596, 54.202234550882622, 0.0 ], [ -111.774303027829205, 54.202117209669773, 0.0 ], [ -111.773937732755996, 54.201882527347763, 0.0 ], [ -111.773572441888305, 54.201647843069317, 0.0 ], [ -111.7733897980752, 54.201530499635417, 0.0 ], [ -111.773207155225904, 54.201413156834541, 0.0 ], [ -111.772841872628803, 54.201178470438798, 0.0 ], [ -111.772476594167003, 54.200943782984453, 0.0 ], [ -111.772448783978007, 54.200480757094752, 0.0 ], [ -111.772911892874703, 54.200280776859792, 0.0 ], [ -111.773022756190301, 54.199842959035927, 0.0 ], [ -111.773034345064204, 54.199366496620073, 0.0 ], [ -111.772671923706895, 54.198965740552687, 0.0 ], [ -111.7726341508817, 54.198923971680891, 0.0 ], [ -111.773019199552905, 54.198700032150242, 0.0 ], [ -111.773419463737198, 54.198485870177052, 0.0 ], [ -111.773834943564196, 54.198281484713362, 0.0 ], [ -111.774235199499302, 54.19806731989943, 0.0 ], [ -111.774635451229898, 54.197853154587918, 0.0 ], [ -111.775035698896104, 54.197638986983442, 0.0 ], [ -111.775050388877801, 54.197177100652517, 0.0 ], [ -111.775470920128498, 54.19697596934251, 0.0 ], [ -111.7755058969435, 54.196527119754471, 0.0 ], [ -111.776271385565295, 54.196547626772023, 0.0 ], [ -111.776671612152398, 54.196333452496418, 0.0 ], [ -111.777071834465602, 54.196119278621133, 0.0 ], [ -111.7774720527147, 54.195905102453104, 0.0 ], [ -111.777872266829803, 54.195690924890073, 0.0 ], [ -111.7782724768809, 54.19547674503437, 0.0 ], [ -111.779037948245403, 54.195497233309347, 0.0 ], [ -111.779438150366204, 54.195283051256887, 0.0 ], [ -111.779838348423098, 54.195068866911903, 0.0 ], [ -111.780238542346197, 54.194854681172004, 0.0 ], [ -111.7806387321355, 54.194640494037337, 0.0 ], [ -111.781404189827597, 54.194660967065687, 0.0 ], [ -111.7818043718962, 54.194446775041541, 0.0 ], [ -111.781439099313104, 54.19421211558366, 0.0 ], [ -111.781397463686105, 54.193761217035558, 0.0 ], [ -111.781508915422805, 54.193314412472489, 0.0 ], [ -111.781909083660395, 54.193100219870921, 0.0 ], [ -111.782326696446304, 54.192661601669229, 0.0 ], [ -111.782332372698903, 54.192193976989053, 0.0 ], [ -111.782357528357096, 54.191738867055221, 0.0 ], [ -111.782796637794604, 54.191549701671363, 0.0 ], [ -111.783196781968499, 54.191335506200382, 0.0 ], [ -111.783529098318098, 54.191599266062951, 0.0 ], [ -111.784339263814502, 54.191635908201427, 0.0 ], [ -111.785092847280097, 54.191611062697199, 0.0 ], [ -111.785472687565701, 54.191383823294551, 0.0 ], [ -111.786258381894598, 54.191417300800083, 0.0 ], [ -111.786673727792603, 54.191212868050009, 0.0 ], [ -111.787049496918797, 54.190983016109577, 0.0 ], [ -111.787416036144407, 54.190721055729448, 0.0 ], [ -111.7882241374095, 54.190795099988406, 0.0 ], [ -111.788589419848407, 54.191029739978362, 0.0 ], [ -111.788954706420199, 54.191264378909267, 0.0 ], [ -111.789319997125006, 54.191499016781087, 0.0 ], [ -111.789685291962797, 54.191733653593857, 0.0 ], [ -111.790050590864197, 54.191968290245192, 0.0 ], [ -111.790415893968401, 54.192202924939657, 0.0 ], [ -111.790495161169503, 54.19173026674369, 0.0 ], [ -111.790085403224197, 54.191519434754497, 0.0 ], [ -111.790142442841102, 54.191058677971583, 0.0 ], [ -111.789754922977195, 54.190835943747317, 0.0 ], [ -111.7893896354541, 54.190601307220703, 0.0 ], [ -111.789024352063905, 54.190366669635033, 0.0 ], [ -111.788659072876101, 54.190132030092599, 0.0 ], [ -111.788293797751294, 54.189897390388879, 0.0 ], [ -111.787928526689498, 54.189662750523908, 0.0 ], [ -111.787563259829895, 54.189428108702273, 0.0 ], [ -111.787139288461205, 54.189208765417767, 0.0 ], [ -111.787143898732793, 54.189149371208707, 0.0 ], [ -111.787125651518295, 54.18913656626443, 0.0 ], [ -111.787058100921698, 54.18905038326352, 0.0 ], [ -111.787062310070894, 54.188994181711848, 0.0 ], [ -111.787164871349404, 54.188879177908213, 0.0 ], [ -111.787176741819806, 54.188726246917717, 0.0 ], [ -111.787314484508698, 54.188667111707197, 0.0 ], [ -111.787398300713306, 54.188437952151673, 0.0 ], [ -111.787487629587602, 54.18831862595637, 0.0 ], [ -111.787569681608304, 54.188253528482313, 0.0 ], [ -111.787662983283894, 54.188195657022817, 0.0 ], [ -111.788364300916896, 54.187821533418408, 0.0 ], [ -111.788443803553406, 54.187762001338207, 0.0 ], [ -111.788447639798093, 54.187640080796328, 0.0 ], [ -111.788561042723501, 54.187585808131473, 0.0 ], [ -111.788621431876393, 54.187397682576012, 0.0 ], [ -111.788665932235105, 54.187308463396867, 0.0 ], [ -111.788731763214599, 54.187232946201661, 0.0 ], [ -111.788887238750902, 54.187097211900969, 0.0 ], [ -111.788895285873906, 54.187087276787267, 0.0 ], [ -111.788902828506394, 54.186990043950452, 0.0 ], [ -111.788937646864795, 54.186541189489198, 0.0 ], [ -111.789364714243803, 54.186346751039153, 0.0 ], [ -111.789366894995993, 54.186343828049147, 0.0 ], [ -111.789357913772307, 54.185868730370139, 0.0 ], [ -111.789407335478103, 54.185429260189508, 0.0 ], [ -111.789807386026496, 54.185215039463003, 0.0 ], [ -111.790207432373805, 54.185000818240347, 0.0 ], [ -111.790390335834701, 54.185005696621793, 0.0 ], [ -111.790444285060801, 54.184975646997707, 0.0 ], [ -111.790552623259998, 54.184927440009609, 0.0 ], [ -111.790677762350398, 54.184890026924897, 0.0 ], [ -111.790748878523601, 54.184876810733883, 0.0 ], [ -111.790909665175207, 54.184862297533257, 0.0 ], [ -111.791342092888002, 54.18484558269239, 0.0 ], [ -111.791419929413806, 54.184836682409063, 0.0 ], [ -111.791556171022194, 54.18480640116379, 0.0 ], [ -111.791724519471799, 54.184737845422688, 0.0 ], [ -111.792164051579803, 54.184491740961121, 0.0 ], [ -111.792172822397902, 54.184378549110257, 0.0 ], [ -111.792534449599003, 54.184213664871137, 0.0 ], [ -111.7926018361632, 54.184182940656306, 0.0 ], [ -111.792604605809998, 54.183959385449128, 0.0 ], [ -111.792607623629607, 54.183715462532867, 0.0 ], [ -111.792612280978602, 54.183339258633403, 0.0 ], [ -111.792613410822, 54.183247983478779, 0.0 ], [ -111.792713393669601, 54.183202394562123, 0.0 ], [ -111.793042410568006, 54.183052374129304, 0.0 ], [ -111.793442419189802, 54.182838142462842, 0.0 ], [ -111.793842423819697, 54.182623907607407, 0.0 ], [ -111.7946076693907, 54.182644294600813, 0.0 ], [ -111.795372916049999, 54.182664674942657, 0.0 ], [ -111.795772909097295, 54.182450435298591, 0.0 ], [ -111.796113679243902, 54.18226791150051, 0.0 ], [ -111.796172898083199, 54.182236193363373, 0.0 ], [ -111.796572882938307, 54.182021950034738, 0.0 ], [ -111.796633000443805, 54.181989747346591, 0.0 ], [ -111.796651091175406, 54.181953769464471, 0.0 ], [ -111.796687794962594, 54.181853336505377, 0.0 ], [ -111.796738249359393, 54.181715275449143, 0.0 ], [ -111.796827682474998, 54.181596034582533, 0.0 ], [ -111.796956269953796, 54.181501944253377, 0.0 ], [ -111.797306758414393, 54.181314808339778, 0.0 ], [ -111.797425847460005, 54.181214616646542, 0.0 ], [ -111.797476896238393, 54.181129617698709, 0.0 ], [ -111.797517929485494, 54.180977159028409, 0.0 ], [ -111.797537198455402, 54.18090556883601, 0.0 ], [ -111.797525686226294, 54.180904513122378, 0.0 ], [ -111.797121670320493, 54.180867475918113, 0.0 ], [ -111.796378676388798, 54.180835204627328, 0.0 ], [ -111.795597591854303, 54.180823330423017, 0.0 ], [ -111.7947974592647, 54.180821654933752, 0.0 ], [ -111.793997328554397, 54.180819973268058, 0.0 ], [ -111.793216243874397, 54.180808086271867, 0.0 ], [ -111.792851022567305, 54.180573459977197, 0.0 ], [ -111.792908011465101, 54.180112700536888, 0.0 ], [ -111.792520576444602, 54.17988997608888, 0.0 ], [ -111.7921553669144, 54.179655349614862, 0.0 ], [ -111.792190140813105, 54.179206491378629, 0.0 ], [ -111.791824939137797, 54.178971863091043, 0.0 ], [ -111.7914597415228, 54.178737234642433, 0.0 ], [ -111.790672349227506, 54.178728729205233, 0.0 ], [ -111.790400513548903, 54.178533328531223, 0.0 ], [ -111.790329381561804, 54.178482196875329, 0.0 ], [ -111.790271277481295, 54.178444864843577, 0.0 ], [ -111.790187253421294, 54.178399869710347, 0.0 ], [ -111.7897206487484, 54.17809107970136, 0.0 ], [ -111.789676497211801, 54.178062709593092, 0.0 ], [ -111.789599016329802, 54.178012928368993, 0.0 ], [ -111.789251241560805, 54.177553864436639, 0.0 ], [ -111.789011356972907, 54.177616400998559, 0.0 ], [ -111.789010969760895, 54.177615995754721, 0.0 ], [ -111.788986383021197, 54.177575128888869, 0.0 ], [ -111.788963311318298, 54.177491014249547, 0.0 ], [ -111.788961277647701, 54.177483602399121, 0.0 ], [ -111.788966618652495, 54.177385062121132, 0.0 ], [ -111.788999810827605, 54.177287265057139, 0.0 ], [ -111.789058252048704, 54.177198057963842, 0.0 ], [ -111.7891377336516, 54.177122276135961, 0.0 ], [ -111.789311232785906, 54.176986932616558, 0.0 ], [ -111.789372112458395, 54.17691841488088, 0.0 ], [ -111.789303445092202, 54.176880580089282, 0.0 ], [ -111.7889382801783, 54.17664594257807, 0.0 ], [ -111.788573119254593, 54.176411305803811, 0.0 ], [ -111.787807993201497, 54.176390882956149, 0.0 ], [ -111.787442841150906, 54.176156241068107, 0.0 ], [ -111.787077693159802, 54.175921599019453, 0.0 ], [ -111.787120865215996, 54.175468273478238, 0.0 ], [ -111.787171800410604, 54.175275260610682, 0.0 ], [ -111.787186686266097, 54.175218853797851, 0.0 ], [ -111.787253081894903, 54.174967254473842, 0.0 ], [ -111.787282893772002, 54.174521081752367, 0.0 ], [ -111.786945197661396, 54.174271744395902, 0.0 ], [ -111.786054670665607, 54.174318496551003, 0.0 ], [ -111.785686818770898, 54.174085311464708, 0.0 ], [ -111.784947132252995, 54.174051270519087, 0.0 ], [ -111.784131263113807, 54.174058025614691, 0.0 ], [ -111.783391578747796, 54.174023975130552, 0.0 ], [ -111.783058215781793, 54.173772320677053, 0.0 ], [ -111.782261399021607, 54.1737688638854, 0.0 ], [ -111.781464582747503, 54.17376540002325, 0.0 ], [ -111.781131233585498, 54.173513742209167, 0.0 ], [ -111.780391562136401, 54.173479673449208, 0.0 ], [ -111.779575704770394, 54.173486397801511, 0.0 ], [ -111.778836035545694, 54.173452318605669, 0.0 ], [ -111.778495121957405, 54.1731808157434, 0.0 ], [ -111.777705901074498, 54.17319716515847, 0.0 ], [ -111.777326189952007, 54.173424383257149, 0.0 ], [ -111.7765408459463, 54.173390853109112, 0.0 ], [ -111.776140845401002, 54.173605028927497, 0.0 ], [ -111.775740840657406, 54.173819204249597, 0.0 ], [ -111.775340831715496, 54.174033379075389, 0.0 ], [ -111.774940818715095, 54.174247551609419, 0.0 ], [ -111.774175742841607, 54.174227042721448, 0.0 ], [ -111.773810688295399, 54.173992360738282, 0.0 ], [ -111.773445637737794, 54.173757679492923, 0.0 ], [ -111.772813842311095, 54.173703421396148, 0.0 ], [ -111.772684069855401, 54.173692275417572, 0.0 ], [ -111.772616354866599, 54.173694422664717, 0.0 ], [ -111.771915507348993, 54.173716637220991, 0.0 ], [ -111.771515480222405, 54.173930798171902, 0.0 ], [ -111.771115448897504, 54.174144958626258, 0.0 ], [ -111.770362178892398, 54.174169720989347, 0.0 ], [ -111.769552370836905, 54.174132987818552, 0.0 ], [ -111.769220280749195, 54.173869191917163, 0.0 ], [ -111.768455216170295, 54.173848646790447, 0.0 ], [ -111.768090197925702, 54.173613948836582, 0.0 ], [ -111.767725183739202, 54.173379250723158, 0.0 ], [ -111.767360173751001, 54.173144550654833, 0.0 ], [ -111.7669951679609, 54.172909848631633, 0.0 ], [ -111.766767383035699, 54.172763379572707, 0.0 ], [ -111.766632101133595, 54.172676994000057, 0.0 ], [ -111.766533490508294, 54.172622259429772, 0.0 ], [ -111.766422558939396, 54.172574119494683, 0.0 ], [ -111.766219198214102, 54.172521696178883, 0.0 ], [ -111.765812737627797, 54.172470469380777, 0.0 ], [ -111.765593376456494, 54.172426610667927, 0.0 ], [ -111.765420260849993, 54.17235799790663, 0.0 ], [ -111.765038471126999, 54.17213228494132, 0.0 ], [ -111.764865357752896, 54.172063670511179, 0.0 ], [ -111.764645999862395, 54.172019809215058, 0.0 ], [ -111.764239546268499, 54.171968578092617, 0.0 ], [ -111.764036351417602, 54.171916065508903, 0.0 ], [ -111.763876042158699, 54.171840597362738, 0.0 ], [ -111.763558529465101, 54.171634240017951, 0.0 ], [ -111.763389421075203, 54.171563483084533, 0.0 ], [ -111.763246172267301, 54.171532642249609, 0.0 ], [ -111.7630774807145, 54.171515419146537, 0.0 ], [ -111.762313424260995, 54.171494322592359, 0.0 ], [ -111.762053746905394, 54.171472041779467, 0.0 ], [ -111.761836635607395, 54.171426976323708, 0.0 ], [ -111.761773888231104, 54.171401668256102, 0.0 ], [ -111.761745155000895, 54.171419300300457, 0.0 ], [ -111.761345099264702, 54.171633427977483, 0.0 ], [ -111.760980141204499, 54.171398709219233, 0.0 ], [ -111.760215128436798, 54.17137811238662, 0.0 ], [ -111.7598801837011, 54.171127330330819, 0.0 ], [ -111.759055167092299, 54.171138845252337, 0.0 ], [ -111.758720231387798, 54.170888060084593, 0.0 ], [ -111.757933003610106, 54.170879344382797, 0.0 ], [ -111.757590297894794, 54.170632720327482, 0.0 ], [ -111.757225370165003, 54.170397990569228, 0.0 ], [ -111.756877114970607, 54.17015433813112, 0.0 ], [ -111.7561130357727, 54.1699182169178, 0.0 ], [ -111.755748122798195, 54.169683481963553, 0.0 ], [ -111.755383213880506, 54.169448746850563, 0.0 ], [ -111.755018309019405, 54.169214011578823, 0.0 ], [ -111.754653408425895, 54.168979273455363, 0.0 ], [ -111.754266285885805, 54.168756429854213, 0.0 ], [ -111.754323681675004, 54.168295693754139, 0.0 ], [ -111.753958792840905, 54.168060955458003, 0.0 ], [ -111.753593908203698, 54.167826215207903, 0.0 ], [ -111.753983100049794, 54.167836715229711, 0.0 ], [ -111.753903532371496, 54.167779240686137, 0.0 ], [ -111.753833603495806, 54.167691444009847, 0.0 ], [ -111.753834789252494, 54.167633273138179, 0.0 ], [ -111.753851894163404, 54.167604769049433, 0.0 ], [ -111.753916740189098, 54.167552004052339, 0.0 ], [ -111.754018594917198, 54.167508242872877, 0.0 ], [ -111.754081871909406, 54.167491148806683, 0.0 ], [ -111.7542306264573, 54.167469074130757, 0.0 ], [ -111.754662881691502, 54.167452488714559, 0.0 ], [ -111.754823611122603, 54.167438022923328, 0.0 ], [ -111.754960841794997, 54.16740843897658, 0.0 ], [ -111.755267136680999, 54.167310820191922, 0.0 ], [ -111.755487868891393, 54.167276021977699, 0.0 ], [ -111.755659835994607, 54.167268784897281, 0.0 ], [ -111.755845960879896, 54.167270654355491, 0.0 ], [ -111.756897158865598, 54.16731824566719, 0.0 ], [ -111.756955659657194, 54.167317079759243, 0.0 ], [ -111.757135007079597, 54.16731350288817, 0.0 ], [ -111.757248859598803, 54.167296600904962, 0.0 ], [ -111.757353872803705, 54.167263357204448, 0.0 ], [ -111.757445683309896, 54.167208798282232, 0.0 ], [ -111.757520233856496, 54.167127957094323, 0.0 ], [ -111.757573321483804, 54.167015770015958, 0.0 ], [ -111.757600582830094, 54.166867265350049, 0.0 ], [ -111.757642749420697, 54.166559665101119, 0.0 ], [ -111.757657453525098, 54.166330668560249, 0.0 ], [ -111.757646399899201, 54.16616242004379, 0.0 ], [ -111.757611279098597, 54.166037241585997, 0.0 ], [ -111.757554544630693, 54.165939457544042, 0.0 ], [ -111.757480994559501, 54.165860651193661, 0.0 ], [ -111.757212030887899, 54.165672409228939, 0.0 ], [ -111.757172724944198, 54.165644898542872, 0.0 ], [ -111.757060454630704, 54.16554372910533, 0.0 ], [ -111.7569901069445, 54.165420118810992, 0.0 ], [ -111.756960853960393, 54.16527764913598, 0.0 ], [ -111.756864527117898, 54.165215682056512, 0.0 ], [ -111.756499650059794, 54.164980950646239, 0.0 ], [ -111.756134777127599, 54.16474621817968, 0.0 ], [ -111.755769908321099, 54.164511484656849, 0.0 ], [ -111.755405043640394, 54.164276750077811, 0.0 ], [ -111.755117687949095, 54.164091877115801, 0.0 ], [ -111.7550678036921, 54.164083866661578, 0.0 ], [ -111.754936747583102, 54.164046507528433, 0.0 ], [ -111.754925430602498, 54.164040740921038, 0.0 ], [ -111.754885300153603, 54.164020291400448, 0.0 ], [ -111.754845533299402, 54.163987822480443, 0.0 ], [ -111.754794160594102, 54.163907814300337, 0.0 ], [ -111.754738297516099, 54.16372270209704, 0.0 ], [ -111.754696685699102, 54.163637468820909, 0.0 ], [ -111.754630433320699, 54.163565424378028, 0.0 ], [ -111.7545392203712, 54.163506740910201, 0.0 ], [ -111.754484253752594, 54.163482408739512, 0.0 ], [ -111.754282073226804, 54.163429365630989, 0.0 ], [ -111.753877310754504, 54.163377334160153, 0.0 ], [ -111.753727704354603, 54.163349818319077, 0.0 ], [ -111.7536003248387, 54.163310578707332, 0.0 ], [ -111.753370228779104, 54.163218638510124, 0.0 ], [ -111.753240616965797, 54.163180507721037, 0.0 ], [ -111.753087804566505, 54.163154793667132, 0.0 ], [ -111.752673133106796, 54.163107977200603, 0.0 ], [ -111.752529281681404, 54.163077467547318, 0.0 ], [ -111.7524118247632, 54.163032915288547, 0.0 ], [ -111.7523206161666, 54.162974230194891, 0.0 ], [ -111.752255656079697, 54.162901409632397, 0.0 ], [ -111.7522170902878, 54.162814548437623, 0.0 ], [ -111.752175718508994, 54.162567935746402, 0.0 ], [ -111.752146113474893, 54.162476278770903, 0.0 ], [ -111.752092347776397, 54.162397553200243, 0.0 ], [ -111.752017941618604, 54.162329874959539, 0.0 ], [ -111.751013715892597, 54.161686905021902, 0.0 ], [ -111.750861205109103, 54.161600744274978, 0.0 ], [ -111.750622018472598, 54.16149200076898, 0.0 ], [ -111.750454443151796, 54.161425943067528, 0.0 ], [ -111.749991455869903, 54.161264465526379, 0.0 ], [ -111.747649643328899, 54.161227807037363, 0.0 ], [ -111.7472814765934, 54.161209846953973, 0.0 ], [ -111.747039314121096, 54.161178199937567, 0.0 ], [ -111.746904754457603, 54.161142716167902, 0.0 ], [ -111.746741957985094, 54.161068597107459, 0.0 ], [ -111.746650807276794, 54.161009387344507, 0.0 ], [ -111.746489984269104, 54.160878075411183, 0.0 ], [ -111.746434390586202, 54.160845160251739, 0.0 ], [ -111.746108536121895, 54.160652234783988, 0.0 ], [ -111.746104404723198, 54.160654444864527, 0.0 ], [ -111.745380930979394, 54.160184465467189, 0.0 ], [ -111.745229614548506, 54.160102828465249, 0.0 ], [ -111.745044776422205, 54.160036206018738, 0.0 ], [ -111.744812587346203, 54.159990880695418, 0.0 ], [ -111.744543264322203, 54.159963622126462, 0.0 ], [ -111.744155941426499, 54.159945763626688, 0.0 ], [ -111.743872407703805, 54.159949154598621, 0.0 ], [ -111.743701190199502, 54.159964760873727, 0.0 ], [ -111.743553088723303, 54.159994396444212, 0.0 ], [ -111.743178813603706, 54.160124510678521, 0.0 ], [ -111.743033704660405, 54.160157014446867, 0.0 ], [ -111.742784969259105, 54.160177897329383, 0.0 ], [ -111.742617445139402, 54.160171833031718, 0.0 ], [ -111.742464592142795, 54.160148802885253, 0.0 ], [ -111.742397344299803, 54.160130698541941, 0.0 ], [ -111.742280111512301, 54.160083534289143, 0.0 ], [ -111.742179946548802, 54.160025947150523, 0.0 ], [ -111.741907891445194, 54.159840461671926, 0.0 ], [ -111.741747427147999, 54.159764148952313, 0.0 ], [ -111.741617837292097, 54.159726005028652, 0.0 ], [ -111.7412358578446, 54.159661683299127, 0.0 ], [ -111.741105468646097, 54.159623967851253, 0.0 ], [ -111.741054515637302, 54.159597489122447, 0.0 ], [ -111.740986533352896, 54.15952637851413, 0.0 ], [ -111.740894278569698, 54.159253284047999, 0.0 ], [ -111.740842138469404, 54.159173698438153, 0.0 ], [ -111.740680666384606, 54.158991385792667, 0.0 ], [ -111.740636527876504, 54.158907517146162, 0.0 ], [ -111.740613991394795, 54.158812090265393, 0.0 ], [ -111.740608416405195, 54.158707588230307, 0.0 ], [ -111.740642508444196, 54.158313144202587, 0.0 ], [ -111.740628865675504, 54.158159214460888, 0.0 ], [ -111.740589848383095, 54.158072606757493, 0.0 ], [ -111.740399992573302, 54.157851742011957, 0.0 ], [ -111.740361936018402, 54.157764621402087, 0.0 ], [ -111.740350761481906, 54.157663114354612, 0.0 ], [ -111.740372801902595, 54.157490092485858, 0.0 ], [ -111.740521712979103, 54.15698046407676, 0.0 ], [ -111.740562953116907, 54.156797165570701, 0.0 ], [ -111.740572678739596, 54.156630645944823, 0.0 ], [ -111.740555423534502, 54.156532394374089, 0.0 ], [ -111.740514516041401, 54.156446454161859, 0.0 ], [ -111.740484374959294, 54.156408754464451, 0.0 ], [ -111.740405393500794, 54.156343104535672, 0.0 ], [ -111.740246594809605, 54.156265305406578, 0.0 ], [ -111.740049814391895, 54.156206627498968, 0.0 ], [ -111.739743479997898, 54.156149478104339, 0.0 ], [ -111.739398587563201, 54.156110982840993, 0.0 ], [ -111.739025160513805, 54.156086467174113, 0.0 ], [ -111.738528320079197, 54.156072098188879, 0.0 ], [ -111.737902740882504, 54.156073217423533, 0.0 ], [ -111.737264136716405, 54.156087924619271, 0.0 ], [ -111.736027872265296, 54.156130672364661, 0.0 ], [ -111.735665880959303, 54.156155573064098, 0.0 ], [ -111.735439693459298, 54.15619594457079, 0.0 ], [ -111.735313930671197, 54.156235891662348, 0.0 ], [ -111.735202291469506, 54.156283328675087, 0.0 ], [ -111.734537034835597, 54.156636419958183, 0.0 ], [ -111.734499264700901, 54.156656466602023, 0.0 ], [ -111.734105807972298, 54.156882195984608, 0.0 ], [ -111.733959733957306, 54.156947258197157, 0.0 ], [ -111.733936951809497, 54.156957405921169, 0.0 ], [ -111.733905314639301, 54.156965711958378, 0.0 ], [ -111.733836542129794, 54.156983766097682, 0.0 ], [ -111.733800317446594, 54.15699327804186, 0.0 ], [ -111.733759656715606, 54.156998302033017, 0.0 ], [ -111.733691743664195, 54.157006695368722, 0.0 ], [ -111.733639190950498, 54.15701319110245, 0.0 ], [ -111.733464655167097, 54.157016548159163, 0.0 ], [ -111.733291546074099, 54.157003751130873, 0.0 ], [ -111.733134240651495, 54.15697519135469, 0.0 ], [ -111.733065607203599, 54.156955334817617, 0.0 ], [ -111.733040469096196, 54.156944873612453, 0.0 ], [ -111.732771917289398, 54.156833111871137, 0.0 ], [ -111.732734979677204, 54.156821318989493, 0.0 ], [ -111.7326787525311, 54.156803367163789, 0.0 ], [ -111.732643190565597, 54.156792011933227, 0.0 ], [ -111.732569441185603, 54.156776784865812, 0.0 ], [ -111.732315435495195, 54.156750004505582, 0.0 ], [ -111.731660255119294, 54.156724019324443, 0.0 ], [ -111.731498839581405, 54.156702901348972, 0.0 ], [ -111.731368628974707, 54.156665089080747, 0.0 ], [ -111.731318966042195, 54.15663792236932, 0.0 ], [ -111.731288110801998, 54.156604696995068, 0.0 ], [ -111.731252285531696, 54.156566121651252, 0.0 ], [ -111.731158820811999, 54.156293705493297, 0.0 ], [ -111.731105262865995, 54.156214886441909, 0.0 ], [ -111.731075972872503, 54.156186908556442, 0.0 ], [ -111.730547530242404, 54.156080492495867, 0.0 ], [ -111.729844122206103, 54.156026914000648, 0.0 ], [ -111.729056990557794, 54.156018119539027, 0.0 ], [ -111.728222014189399, 54.156034915453859, 0.0 ], [ -111.727375076744295, 54.156058103703273, 0.0 ], [ -111.726160738263005, 54.156062882793698, 0.0 ], [ -111.725413767900505, 54.155817654054147, 0.0 ], [ -111.725049153517702, 54.155582830659718, 0.0 ], [ -111.724684543257894, 54.155348006211021, 0.0 ], [ -111.724319937120995, 54.155113180708128, 0.0 ], [ -111.723955335036095, 54.15487835504868, 0.0 ], [ -111.723590737144804, 54.154643527437429, 0.0 ], [ -111.722826061800305, 54.154622697474338, 0.0 ], [ -111.722061387424503, 54.154601862661082, 0.0 ], [ -111.721719030085595, 54.15435514082283, 0.0 ], [ -111.720932134141705, 54.154346186671923, 0.0 ], [ -111.720596731264706, 54.154095746861309, 0.0 ], [ -111.719823733491907, 54.154079356722413, 0.0 ], [ -111.719017394243195, 54.154080791602823, 0.0 ], [ -111.718244397721904, 54.154064392225138, 0.0 ], [ -111.717909013607198, 54.153813945173937, 0.0 ], [ -111.717544459849805, 54.153579099822217, 0.0 ], [ -111.716812243603798, 54.153518955613798, 0.0 ], [ -111.716007265518101, 54.153488949446057, 0.0 ], [ -111.715223155150298, 54.153491637571364, 0.0 ], [ -111.714850396679296, 54.153730451872782, 0.0 ], [ -111.714668400017999, 54.153722584681333, 0.0 ], [ -111.7140654928088, 54.153696519877897, 0.0 ], [ -111.713928597435896, 54.153778329785787, 0.0 ], [ -111.713803943180906, 54.153852825615857, 0.0 ], [ -111.713685624238394, 54.153923534391893, 0.0 ], [ -111.713285499426505, 54.154137501638168, 0.0 ], [ -111.712822637178604, 54.15433725694465, 0.0 ], [ -111.712846007740893, 54.154736082660008, 0.0 ], [ -111.712726288438304, 54.154762098248817, 0.0 ], [ -111.712477237890496, 54.154803351034552, 0.0 ], [ -111.712452172969407, 54.154807503131821, 0.0 ], [ -111.712362303309703, 54.154815395900677, 0.0 ], [ -111.712274063414895, 54.154823146030893, 0.0 ], [ -111.712058254344498, 54.154831011276123, 0.0 ], [ -111.711796790003604, 54.154828991144129, 0.0 ], [ -111.711648062727093, 54.156135453723422, 0.0 ], [ -111.7116316460353, 54.156421526438287, 0.0 ], [ -111.711638968086604, 54.15663250048641, 0.0 ], [ -111.711659835995306, 54.156728787691833, 0.0 ], [ -111.711698951347103, 54.156815318327943, 0.0 ], [ -111.711758395072593, 54.156890979786567, 0.0 ], [ -111.711829619630507, 54.156963859636257, 0.0 ], [ -111.711824908964203, 54.157034273400711, 0.0 ], [ -111.711817744718104, 54.157490381090781, 0.0 ], [ -111.711835814994004, 54.157921155082008, 0.0 ], [ -111.7122003728648, 54.15815601767541, 0.0 ], [ -111.712404167999495, 54.158273500397947, 0.0 ], [ -111.712427066314802, 54.158303985485581, 0.0 ], [ -111.712503677018603, 54.158362304624852, 0.0 ], [ -111.712583125119394, 54.158411176358648, 0.0 ], [ -111.712529326024296, 54.158839702691473, 0.0 ], [ -111.712893895779501, 54.159074563324047, 0.0 ], [ -111.713258469587203, 54.159309423800529, 0.0 ], [ -111.713623047661002, 54.15954428142792, 0.0 ], [ -111.7139876297162, 54.159779139796832, 0.0 ], [ -111.713993639198407, 54.159881646105397, 0.0 ], [ -111.714014777163698, 54.160242172089667, 0.0 ], [ -111.713551848902299, 54.160441929110839, 0.0 ], [ -111.713151657547797, 54.160655894768993, 0.0 ], [ -111.712791975288098, 54.160895952255913, 0.0 ], [ -111.711986683377404, 54.160848957806408, 0.0 ], [ -111.711604292830899, 54.160838505782152, 0.0 ], [ -111.711486693045899, 54.160682749807407, 0.0 ], [ -111.711261202972196, 54.160675831739773, 0.0 ], [ -111.709011432675496, 54.160582820895229, 0.0 ], [ -111.708446310034205, 54.16057257824567, 0.0 ], [ -111.708099504207397, 54.160585037863832, 0.0 ], [ -111.707947972963595, 54.16060536109358, 0.0 ], [ -111.707755961595296, 54.160658670043112, 0.0 ], [ -111.707594439359596, 54.160731433838983, 0.0 ], [ -111.707294127006804, 54.160891798391127, 0.0 ], [ -111.707178759611296, 54.160935420442847, 0.0 ], [ -111.707044573913805, 54.160967011567301, 0.0 ], [ -111.706888529076096, 54.160984330332788, 0.0 ], [ -111.706551336468706, 54.161003076870912, 0.0 ], [ -111.706396020416506, 54.161020864750533, 0.0 ], [ -111.706262278546703, 54.16105264618313, 0.0 ], [ -111.706239633034698, 54.161059801357553, 0.0 ], [ -111.7061973301753, 54.161365279870907, 0.0 ], [ -111.705525253226, 54.161414154627238, 0.0 ], [ -111.704770008259601, 54.161421533309849, 0.0 ], [ -111.703966155208704, 54.161397590162679, 0.0 ], [ -111.703148261489403, 54.161352495072222, 0.0 ], [ -111.702350899174903, 54.161296426178637, 0.0 ], [ -111.701608629260505, 54.161239554144167, 0.0 ], [ -111.701244104755901, 54.161004660879783, 0.0 ], [ -111.700914106756699, 54.160745486832027, 0.0 ], [ -111.700910125633001, 54.160743776372023, 0.0 ], [ -111.700118646636, 54.160700701849919, 0.0 ], [ -111.699321827538299, 54.160700260395039, 0.0 ], [ -111.698949782828606, 54.160941725807803, 0.0 ], [ -111.698185010366601, 54.160920736836808, 0.0 ], [ -111.697813898747498, 54.161153442582837, 0.0 ], [ -111.697005382042605, 54.161104257450248, 0.0 ], [ -111.696255189244695, 54.16109265340458, 0.0 ], [ -111.695854906064795, 54.161306560172228, 0.0 ], [ -111.695454618904293, 54.161520463747109, 0.0 ], [ -111.695418820825594, 54.161969279263907, 0.0 ], [ -111.695054327476498, 54.161734367719738, 0.0 ], [ -111.694271283486998, 54.161675368487067, 0.0 ], [ -111.693889244287703, 54.161927252884027, 0.0 ], [ -111.693524760235903, 54.161692335935832, 0.0 ], [ -111.692741719487501, 54.161633328584237, 0.0 ], [ -111.692359671589202, 54.161885207997287, 0.0 ], [ -111.691959361079498, 54.162099100483204, 0.0 ], [ -111.691559046445803, 54.162312991571348, 0.0 ], [ -111.691158727759699, 54.162526880364119, 0.0 ], [ -111.690847396939205, 54.162693222307723, 0.0 ], [ -111.690825702678893, 54.15863133566058, 0.0 ], [ -111.690786962525294, 54.151370725841083, 0.0 ], [ -111.690786005144105, 54.151190004923187, 0.0 ], [ -111.6907833820934, 54.143957252775337, 0.0 ], [ -111.690781686428807, 54.139294879547172, 0.0 ], [ -111.690781606037305, 54.139022900863289, 0.0 ], [ -111.690781585685599, 54.138981689565412, 0.0 ], [ -111.690780847180207, 54.136942173787247, 0.0 ], [ -111.690780769107604, 54.136727175859839, 0.0 ], [ -111.690780733373799, 54.136394539089579, 0.0 ], [ -111.690779889507198, 54.129500829160577, 0.0 ], [ -111.690779259737795, 54.124079060013152, 0.0 ], [ -111.690779044726497, 54.122345582203323, 0.0 ], [ -111.690779032863304, 54.122271805432277, 0.0 ], [ -111.690779020335199, 54.1220910847317, 0.0 ], [ -111.690779650110997, 54.120443172157003, 0.0 ], [ -111.690779716988303, 54.120284493884157, 0.0 ], [ -111.690781725155205, 54.114864725002803, 0.0 ], [ -111.690782391284699, 54.113124792512259, 0.0 ], [ -111.690784045952498, 54.108787694315083, 0.0 ], [ -111.690784484155401, 54.10763835284429, 0.0 ], [ -111.678448054785406, 54.107625339462032, 0.0 ], [ -111.678140517769407, 54.107625199701978, 0.0 ], [ -111.665763454802104, 54.1076191342502, 0.0 ], [ -111.653386213974201, 54.107613138339993, 0.0 ], [ -111.653383319134207, 54.103637899283477, 0.0 ], [ -111.653380944602404, 54.100381826857429, 0.0 ], [ -111.653375749671099, 54.093154209067443, 0.0 ], [ -111.6533756197598, 54.09297348236025, 0.0 ], [ -111.653367175823504, 54.088245589519197, 0.0 ], [ -111.653366351140903, 54.087834711401342, 0.0 ], [ -111.653364469903394, 54.086455851651223, 0.0 ], [ -111.653363242689906, 54.085742807756397, 0.0 ], [ -111.653357886641103, 54.082633409464982, 0.0 ], [ -111.653350772553793, 54.078512124722863, 0.0 ], [ -111.653338274481897, 54.071279617842279, 0.0 ], [ -111.653326209821003, 54.064289276779078, 0.0 ], [ -111.653325204377296, 54.064132095138113, 0.0 ], [ -111.663259630290497, 54.063604116041951, 0.0 ], [ -111.663565606094494, 54.063587837767969, 0.0 ], [ -111.663569554145298, 54.056938823240237, 0.0 ], [ -111.663569497313702, 54.056601968940697, 0.0 ], [ -111.663568463827005, 54.049693640872562, 0.0 ], [ -111.663568622973102, 54.049371600013757, 0.0 ], [ -111.663571882376601, 54.042462476112867, 0.0 ], [ -111.663572040890699, 54.042140984645933, 0.0 ], [ -111.663575299583101, 54.035231217367297, 0.0 ], [ -111.651037778116503, 54.035243316660157, 0.0 ], [ -111.638807218351701, 54.035253852357187, 0.0 ], [ -111.638500210714199, 54.03525395161946, 0.0 ], [ -111.626403236187599, 54.0352574250686, 0.0 ], [ -111.614042156433399, 54.035250201059696, 0.0 ], [ -111.614059187618906, 54.028023120128502, 0.0 ], [ -111.613871989235093, 54.020557971706843, 0.0 ], [ -111.613880133186896, 54.013331105093712, 0.0 ], [ -111.613883590860496, 54.005920071890912, 0.0 ], [ -111.613898873625203, 53.998695472370621, 0.0 ], [ -111.613910597315098, 53.991467888891208, 0.0 ], [ -111.613925583172204, 53.984240580692088, 0.0 ], [ -111.613930055401994, 53.977005188394372, 0.0 ], [ -111.613930166250796, 53.976824471044708, 0.0 ], [ -111.6139455558137, 53.969597307618471, 0.0 ], [ -111.613960908980403, 53.962377379632223, 0.0 ], [ -111.613654430999702, 53.962377332235782, 0.0 ], [ -111.601727165313704, 53.962375149334797, 0.0 ], [ -111.6014537162865, 53.962375079325582, 0.0 ], [ -111.601421481599601, 53.962375076056553, 0.0 ], [ -111.594527163988701, 53.962373258672841, 0.0 ], [ -111.594243679777904, 53.962373176249102, 0.0 ], [ -111.593955693612301, 53.962373091339529, 0.0 ], [ -111.589185733842498, 53.962371582731272, 0.0 ], [ -111.588879265278194, 53.962371391285707, 0.0 ], [ -111.576638368012098, 53.962363312024173, 0.0 ], [ -111.564402624238298, 53.962356262279243, 0.0 ], [ -111.564096134501796, 53.962356115714648, 0.0 ], [ -111.551862653244598, 53.962349550883879, 0.0 ], [ -111.539810357963603, 53.962338224874749, 0.0 ], [ -111.539624592527105, 53.962338042631828, 0.0 ], [ -111.539318120270394, 53.96233784220307, 0.0 ], [ -111.539113801157498, 53.962337717021853, 0.0 ], [ -111.527085715908996, 53.962329382085187, 0.0 ], [ -111.514835177809402, 53.962312993050219, 0.0 ], [ -111.514528704911598, 53.962312774192597, 0.0 ], [ -111.506467601965895, 53.96230661630657, 0.0 ], [ -111.506228041785107, 53.962306426683291, 0.0 ], [ -111.502283855036595, 53.962303211385887, 0.0 ], [ -111.490924129430496, 53.962439702772691, 0.0 ], [ -111.490615570922202, 53.962443382446267, 0.0 ], [ -111.490169256185595, 53.962448720206829, 0.0 ], [ -111.490170673361504, 53.955204721409537, 0.0 ], [ -111.490172111479396, 53.947779980425338, 0.0 ], [ -111.490176115558199, 53.940543037564453, 0.0 ], [ -111.490180107397805, 53.933306078966083, 0.0 ], [ -111.490184117420199, 53.926069123513358, 0.0 ], [ -111.490188220685297, 53.918651412163968, 0.0 ], [ -111.490196304432402, 53.911315509847093, 0.0 ], [ -111.490204168089903, 53.90416035248996, 0.0 ], [ -111.502433647495906, 53.904172734792454, 0.0 ], [ -111.514941313868505, 53.904184430292538, 0.0 ], [ -111.527164889665997, 53.904194602271879, 0.0 ], [ -111.539718082950301, 53.904203724838723, 0.0 ], [ -111.539912136877902, 53.904203647557487, 0.0 ], [ -111.551942458467906, 53.904210742364008, 0.0 ], [ -111.564484748106494, 53.904216186393597, 0.0 ], [ -111.576718336247495, 53.904221141520487, 0.0 ], [ -111.589248317945106, 53.904221026730468, 0.0 ], [ -111.601470190285099, 53.904215920750119, 0.0 ], [ -111.601470115261506, 53.90403444028837, 0.0 ], [ -111.601476022142805, 53.899868387835667, 0.0 ], [ -111.601476230990599, 53.899734083114737, 0.0 ], [ -111.601480594182803, 53.89694551793086, 0.0 ], [ -111.601491112111304, 53.88983086121204, 0.0 ], [ -111.601491276561703, 53.889721387270583, 0.0 ], [ -111.601491531723298, 53.88954066349114, 0.0 ], [ -111.601491924217896, 53.88942013029417, 0.0 ], [ -111.601503756306897, 53.885864277019401, 0.0 ], [ -111.601504329931998, 53.885688060450697, 0.0 ], [ -111.601515529485297, 53.882317570186089, 0.0 ], [ -111.601539541518505, 53.875095235508063, 0.0 ], [ -111.601529693445102, 53.867859477008068, 0.0 ], [ -111.601529629907006, 53.867814491620727, 0.0 ], [ -111.601529453338898, 53.867679737377912, 0.0 ], [ -111.601519893368902, 53.860638422564428, 0.0 ], [ -111.601519656261402, 53.860457692357073, 0.0 ], [ -111.601516024578899, 53.853231607817499, 0.0 ], [ -111.601516467581305, 53.84600433669749, 0.0 ], [ -111.589348719686299, 53.846000461606252, 0.0 ], [ -111.589269988518197, 53.846000435262781, 0.0 ], [ -111.588964361287907, 53.846000401442723, 0.0 ], [ -111.588885645439703, 53.846000392375963, 0.0 ], [ -111.587898997747004, 53.846000359760247, 0.0 ], [ -111.5864176882246, 53.846000293468101, 0.0 ], [ -111.584459736006494, 53.846000112843967, 0.0 ], [ -111.584404367000204, 53.846000163369169, 0.0 ], [ -111.583948122173894, 53.846000123913157, 0.0 ], [ -111.583893380549199, 53.846000130006573, 0.0 ], [ -111.5806635969615, 53.845999689598727, 0.0 ], [ -111.580528513690496, 53.845999676428683, 0.0 ], [ -111.580074410959995, 53.845999649134228, 0.0 ], [ -111.576732008980002, 53.845999388863632, 0.0 ], [ -111.572885901086806, 53.845998371352053, 0.0 ], [ -111.572740808759306, 53.845998333095743, 0.0 ], [ -111.572738617849893, 53.845998334322893, 0.0 ], [ -111.572599005030895, 53.845999028366023, 0.0 ], [ -111.572380398484398, 53.845999534238757, 0.0 ], [ -111.572284691421203, 53.845999486268532, 0.0 ], [ -111.571802414552195, 53.845999232715457, 0.0 ], [ -111.57125602891, 53.845998943481057, 0.0 ], [ -111.5707550841894, 53.845998673473659, 0.0 ], [ -111.570319055774902, 53.845998441658558, 0.0 ], [ -111.570292859896398, 53.84599842888047, 0.0 ], [ -111.570167484406099, 53.84599839481659, 0.0 ], [ -111.564500432273803, 53.845996878558537, 0.0 ], [ -111.564194808159897, 53.845996573760473, 0.0 ], [ -111.534989627943304, 53.845988164802463, 0.0 ], [ -111.527902315486301, 53.84601475902916, 0.0 ], [ -111.527219156797898, 53.846017304970587, 0.0 ], [ -111.523997613011304, 53.846029230496441, 0.0 ], [ -111.523955837769506, 53.846029378310959, 0.0 ], [ -111.517753516764202, 53.846052110331023, 0.0 ], [ -111.517389391005693, 53.846053432024434, 0.0 ], [ -111.516705532528704, 53.846055915633443, 0.0 ], [ -111.515010565347296, 53.846062053970947, 0.0 ], [ -111.515009087837001, 53.840591455532362, 0.0 ], [ -111.515008722648901, 53.839253887745578, 0.0 ], [ -111.515008668322693, 53.839068084857423, 0.0 ], [ -111.515008587071705, 53.838792761977977, 0.0 ], [ -111.515021951957195, 53.836106440509681, 0.0 ], [ -111.515043833326104, 53.831586750074592, 0.0 ], [ -111.515044725139106, 53.831406012773321, 0.0 ], [ -111.515032502536698, 53.827454161574103, 0.0 ], [ -111.515032092508207, 53.827317245856158, 0.0 ], [ -111.5150223077638, 53.824146839306039, 0.0 ], [ -111.515021349667506, 53.823965453368359, 0.0 ], [ -111.514995094893493, 53.819034453268173, 0.0 ], [ -111.514993537686607, 53.818723567371322, 0.0 ], [ -111.514984583312398, 53.816929508120303, 0.0 ], [ -111.514679103573798, 53.816929780861173, 0.0 ], [ -111.508569230029707, 53.81693738496935, 0.0 ], [ -111.503003063073905, 53.816944039564092, 0.0 ], [ -111.502774923832504, 53.816944307162203, 0.0 ], [ -111.502459371128097, 53.816944678432463, 0.0 ], [ -111.493396659062199, 53.816954204366063, 0.0 ], [ -111.490227088405902, 53.816956798045837, 0.0 ], [ -111.490227325749103, 53.816776021133663, 0.0 ], [ -111.490228585320096, 53.809738836036651, 0.0 ], [ -111.490228693707095, 53.807927967073852, 0.0 ], [ -111.490228895782394, 53.802520735724741, 0.0 ], [ -111.490228945408802, 53.802340006121057, 0.0 ], [ -111.490228139051297, 53.800813132812827, 0.0 ], [ -111.490226818346997, 53.798355468225253, 0.0 ], [ -111.490067687461902, 53.798354952145061, 0.0 ], [ -111.489921546762304, 53.798354475525933, 0.0 ], [ -111.489325420291195, 53.798352553141477, 0.0 ], [ -111.488734518720506, 53.798381899524728, 0.0 ], [ -111.488400872363599, 53.798410194709597, 0.0 ], [ -111.487325067541605, 53.79847742886728, 0.0 ], [ -111.486400110775406, 53.798526082107813, 0.0 ], [ -111.485310619806299, 53.798593319635209, 0.0 ], [ -111.484732674897003, 53.798586760735233, 0.0 ], [ -111.484473931696897, 53.798533884693732, 0.0 ], [ -111.484155115920203, 53.798508233925453, 0.0 ], [ -111.483109293871195, 53.798422967283322, 0.0 ], [ -111.482033538426194, 53.798301435413968, 0.0 ], [ -111.481756464161194, 53.798293450547007, 0.0 ], [ -111.481482671710197, 53.798249608721029, 0.0 ], [ -111.480966082181297, 53.798170870739277, 0.0 ], [ -111.480213996965404, 53.798048321457181, 0.0 ], [ -111.479735217478094, 53.797969276600419, 0.0 ], [ -111.479506903262006, 53.797898355240612, 0.0 ], [ -111.478534269507705, 53.797731634623318, 0.0 ], [ -111.477684745573498, 53.797567734486513, 0.0 ], [ -111.477576638391795, 53.797546885402589, 0.0 ], [ -111.477320324659601, 53.797530251802343, 0.0 ], [ -111.476910591982104, 53.797371036987933, 0.0 ], [ -111.476484046230993, 53.797256087857988, 0.0 ], [ -111.476118960029495, 53.797104724364488, 0.0 ], [ -111.475677761668194, 53.796997833458327, 0.0 ], [ -111.4754161797443, 53.796953852771168, 0.0 ], [ -111.474747242008604, 53.796812833214673, 0.0 ], [ -111.474290825001802, 53.79668892667231, 0.0 ], [ -111.473909958762405, 53.796537784536497, 0.0 ], [ -111.4735141996468, 53.796413636262862, 0.0 ], [ -111.473331209040794, 53.796324567764593, 0.0 ], [ -111.472938259020296, 53.796174965016682, 0.0 ], [ -111.472356229227799, 53.795942302390912, 0.0 ], [ -111.472218629221899, 53.795844069445522, 0.0 ], [ -111.472035712105594, 53.795763971042902, 0.0 ], [ -111.471547493305806, 53.795505493875872, 0.0 ], [ -111.4713645767674, 53.795425402520657, 0.0 ], [ -111.4709565669216, 53.79529390206109, 0.0 ], [ -111.470615839418301, 53.795118947952183, 0.0 ], [ -111.470450208560905, 53.795033904215558, 0.0 ], [ -111.470267424540097, 53.794962786822097, 0.0 ], [ -111.470054506074504, 53.794909744910242, 0.0 ], [ -111.469647156459203, 53.794767786814553, 0.0 ], [ -111.469228085166804, 53.794688091819118, 0.0 ], [ -111.468989300822898, 53.79459066089175, 0.0 ], [ -111.468698940872301, 53.794394243604749, 0.0 ], [ -111.468363211490995, 53.794206996344933, 0.0 ], [ -111.467950142768601, 53.793885346623561, 0.0 ], [ -111.467735008216096, 53.793634760056953, 0.0 ], [ -111.467597329727298, 53.793527540203151, 0.0 ], [ -111.467429505333001, 53.793438405750777, 0.0 ], [ -111.466779375655904, 53.793245839420862, 0.0 ], [ -111.466560601666004, 53.793037718827271, 0.0 ], [ -111.466469971728401, 53.792905064597157, 0.0 ], [ -111.466347364950295, 53.792789084823617, 0.0 ], [ -111.466162349234295, 53.792538106195927, 0.0 ], [ -111.465902181738102, 53.792314943606662, 0.0 ], [ -111.4656101139269, 53.791938581882079, 0.0 ], [ -111.465449660293302, 53.791835275785751, 0.0 ], [ -111.465302642733505, 53.79174059734185, 0.0 ], [ -111.465144466002101, 53.791679051029583, 0.0 ], [ -111.465119850800903, 53.791669480504993, 0.0 ], [ -111.464496037006398, 53.791483327090717, 0.0 ], [ -111.463969100401499, 53.791228694990139, 0.0 ], [ -111.463809673163396, 53.791126811432122, 0.0 ], [ -111.463283152564202, 53.790862865760722, 0.0 ], [ -111.462514357248395, 53.790557134562661, 0.0 ], [ -111.462103534933604, 53.790433014254269, 0.0 ], [ -111.461905521103802, 53.790352957619781, 0.0 ], [ -111.4615548618454, 53.790183693159371, 0.0 ], [ -111.461128908762902, 53.790059616329117, 0.0 ], [ -111.460419002592204, 53.78996464709077, 0.0 ], [ -111.459703701144903, 53.789786823377561, 0.0 ], [ -111.458986259272805, 53.789654797952338, 0.0 ], [ -111.458773290536499, 53.789592755745709, 0.0 ], [ -111.4581073569355, 53.789434492061183, 0.0 ], [ -111.457880857346296, 53.789407702412689, 0.0 ], [ -111.4575886638208, 53.789399754263499, 0.0 ], [ -111.457269540601501, 53.789365041603993, 0.0 ], [ -111.456563178604199, 53.789242165157589, 0.0 ], [ -111.455598227055404, 53.789066105351978, 0.0 ], [ -111.455085936109199, 53.789006157332267, 0.0 ], [ -111.454595781682499, 53.788917260330543, 0.0 ], [ -111.454068486081297, 53.788875424630618, 0.0 ], [ -111.453578281784601, 53.788777443915343, 0.0 ], [ -111.453339472483094, 53.788752198346252, 0.0 ], [ -111.452909457217501, 53.788663708557188, 0.0 ], [ -111.452393110978804, 53.788557437045867, 0.0 ], [ -111.451895943973298, 53.788497518324327, 0.0 ], [ -111.451469333343397, 53.788355330786509, 0.0 ], [ -111.451253240987697, 53.788319290926182, 0.0 ], [ -111.451013229751496, 53.788257414040316, 0.0 ], [ -111.450583945107596, 53.788124258941309, 0.0 ], [ -111.450160532099005, 53.788010466108453, 0.0 ], [ -111.449948330510196, 53.787930210688003, 0.0 ], [ -111.449892844449096, 53.787906299186147, 0.0 ], [ -111.449594582889702, 53.787777778981607, 0.0 ], [ -111.449226124227295, 53.787653114916722, 0.0 ], [ -111.449001096854303, 53.787582455245563, 0.0 ], [ -111.4487731827912, 53.787538414611149, 0.0 ], [ -111.448519373236294, 53.787512597537507, 0.0 ], [ -111.448166259713105, 53.787504771119863, 0.0 ], [ -111.447680084912406, 53.787416791069653, 0.0 ], [ -111.447284414696099, 53.787283576310386, 0.0 ], [ -111.446877041059096, 53.787168439882286, 0.0 ], [ -111.446638424523698, 53.787133684666813, 0.0 ], [ -111.446374613427594, 53.787116401366838, 0.0 ], [ -111.446099898041098, 53.787117381847658, 0.0 ], [ -111.445801189786593, 53.787145324655967, 0.0 ], [ -111.445266693482296, 53.787165396766767, 0.0 ], [ -111.444977739526394, 53.787112572452969, 0.0 ], [ -111.444431977586703, 53.787096677133711, 0.0 ], [ -111.444158207736294, 53.787043779770279, 0.0 ], [ -111.443869813488107, 53.787017906600028, 0.0 ], [ -111.443391571918298, 53.786948003659148, 0.0 ], [ -111.443126273067406, 53.786939881982001, 0.0 ], [ -111.442587002543206, 53.786861191457056, 0.0 ], [ -111.442321705925906, 53.786853032963123, 0.0 ], [ -111.442019972930794, 53.786871671575, 0.0 ], [ -111.441768782344198, 53.786917769433629, 0.0 ], [ -111.441503279195203, 53.786918895174331, 0.0 ], [ -111.440944523559196, 53.786965812203, 0.0 ], [ -111.440674761333597, 53.786969860452068, 0.0 ], [ -111.440369564720498, 53.786974455504392, 0.0 ], [ -111.440149684281806, 53.786977754761892, 0.0 ], [ -111.439216807780497, 53.787052994239971, 0.0 ], [ -111.438668992574605, 53.787010110242782, 0.0 ], [ -111.438365835732299, 53.787020204981737, 0.0 ], [ -111.437683296882398, 53.787031674006073, 0.0 ], [ -111.436321521374694, 53.787144183744402, 0.0 ], [ -111.435521374048903, 53.787254400989568, 0.0 ], [ -111.434942005601201, 53.787346957713261, 0.0 ], [ -111.434052414147303, 53.78755566700427, 0.0 ], [ -111.433641522738498, 53.787692883056998, 0.0 ], [ -111.432738350463296, 53.78790070060208, 0.0 ], [ -111.432491801588796, 53.787957434168163, 0.0 ], [ -111.432236013062195, 53.787976266993503, 0.0 ], [ -111.431946118030496, 53.787977355757697, 0.0 ], [ -111.431067413676004, 53.78802542728333, 0.0 ], [ -111.430172581214407, 53.788037617016002, 0.0 ], [ -111.429640867101895, 53.787940748102102, 0.0 ], [ -111.429199714998802, 53.787898095314347, 0.0 ], [ -111.4291135333808, 53.787889757724322, 0.0 ], [ -111.428592943256803, 53.78778286907604, 0.0 ], [ -111.4283802052433, 53.787738737112129, 0.0 ], [ -111.428119499279603, 53.78766782029053, 0.0 ], [ -111.427924027518102, 53.787614657406813, 0.0 ], [ -111.427468130455793, 53.787517511775917, 0.0 ], [ -111.426315426289193, 53.787253540921277, 0.0 ], [ -111.426103378266703, 53.787173113028373, 0.0 ], [ -111.425463652389695, 53.786996157539193, 0.0 ], [ -111.425225999345102, 53.786950836268097, 0.0 ], [ -111.424687476556898, 53.786925807846274, 0.0 ], [ -111.4244138208159, 53.786881848366427, 0.0 ], [ -111.423673955416305, 53.786556075955403, 0.0 ], [ -111.423530019527107, 53.786453961761993, 0.0 ], [ -111.423362304767394, 53.78636475710546, 0.0 ], [ -111.422966638511994, 53.786222490648697, 0.0 ], [ -111.422756240513294, 53.786170645747582, 0.0 ], [ -111.422039534118895, 53.786010248107452, 0.0 ], [ -111.421586659332903, 53.785895796425947, 0.0 ], [ -111.421176135268894, 53.785753853703042, 0.0 ], [ -111.420762287360304, 53.785655563293858, 0.0 ], [ -111.419682339627897, 53.785318135450488, 0.0 ], [ -111.418983152582399, 53.785149973586712, 0.0 ], [ -111.418329388821206, 53.784972658266653, 0.0 ], [ -111.417207097859901, 53.784708536558128, 0.0 ], [ -111.416262495948104, 53.784494978098358, 0.0 ], [ -111.415866671752795, 53.784387617882437, 0.0 ], [ -111.415608750701594, 53.784317656243402, 0.0 ], [ -111.415561422014505, 53.784299568850408, 0.0 ], [ -111.414817288569907, 53.784015117033029, 0.0 ], [ -111.414502915614307, 53.78382200035967, 0.0 ], [ -111.4141465176601, 53.783649281562496, 0.0 ], [ -111.413400660300297, 53.783355547803723, 0.0 ], [ -111.413233006975005, 53.783266331181913, 0.0 ], [ -111.413095476093801, 53.783159049600727, 0.0 ], [ -111.412788622588394, 53.782791951151268, 0.0 ], [ -111.4123057150383, 53.782501047950348, 0.0 ], [ -111.411963529892304, 53.782148281971878, 0.0 ], [ -111.411688512382796, 53.781915707189683, 0.0 ], [ -111.411458826314799, 53.781683021782577, 0.0 ], [ -111.411413722599207, 53.781541818147282, 0.0 ], [ -111.411142867901901, 53.781099894520167, 0.0 ], [ -111.411057695133195, 53.780975024496122, 0.0 ], [ -111.410890164515394, 53.780662840931818, 0.0 ], [ -111.410820573933194, 53.780533179770003, 0.0 ], [ -111.410764279947102, 53.780428290436021, 0.0 ], [ -111.410717122359998, 53.780257846165952, 0.0 ], [ -111.410666358613895, 53.779719257046438, 0.0 ], [ -111.410645829309999, 53.77917158541981, 0.0 ], [ -111.410689812682094, 53.779018782078907, 0.0 ], [ -111.410714577327695, 53.778480017550592, 0.0 ], [ -111.410789055055602, 53.778345069865999, 0.0 ], [ -111.4107991205384, 53.778336548019062, 0.0 ], [ -111.411044659022593, 53.778128692824311, 0.0 ], [ -111.411418833953505, 53.777615514010137, 0.0 ], [ -111.411547139571695, 53.776788964450837, 0.0 ], [ -111.411577693196406, 53.775271346198963, 0.0 ], [ -111.411589241012905, 53.774903139906158, 0.0 ], [ -111.411633102651805, 53.774741363325553, 0.0 ], [ -111.411675245556694, 53.774436956027188, 0.0 ], [ -111.411804620653498, 53.773754014269556, 0.0 ], [ -111.411879659973195, 53.773609122956337, 0.0 ], [ -111.411946753338498, 53.77343172152338, 0.0 ], [ -111.411997752101499, 53.773296960382197, 0.0 ], [ -111.412000010763407, 53.7732509436077, 0.0 ], [ -111.412023105619596, 53.772782684622001, 0.0 ], [ -111.412029160506194, 53.771857623924987, 0.0 ], [ -111.411997482774197, 53.771679168443917, 0.0 ], [ -111.411810234173601, 53.77117595126181, 0.0 ], [ -111.411761413551005, 53.770834898635961, 0.0 ], [ -111.411651136906499, 53.770360374594553, 0.0 ], [ -111.411278021084897, 53.769447279661442, 0.0 ], [ -111.411197328909196, 53.768951310676648, 0.0 ], [ -111.411134708089605, 53.768753816963567, 0.0 ], [ -111.410888165879101, 53.768341607742279, 0.0 ], [ -111.410843011910799, 53.768191413776151, 0.0 ], [ -111.410697800489899, 53.767958162568583, 0.0 ], [ -111.410579407518199, 53.767767985706492, 0.0 ], [ -111.410517049269401, 53.767588610794022, 0.0 ], [ -111.410401646856201, 53.767183057775497, 0.0 ], [ -111.410349346635996, 53.766979125039029, 0.0 ], [ -111.410144537565998, 53.766691921472621, 0.0 ], [ -111.409944893524596, 53.766423217647613, 0.0 ], [ -111.409913172017994, 53.766271725506982, 0.0 ], [ -111.409908236532999, 53.766045586947818, 0.0 ], [ -111.409885530735806, 53.765004685786167, 0.0 ], [ -111.409853577243098, 53.764826249935943, 0.0 ], [ -111.409847672832001, 53.764232581994357, 0.0 ], [ -111.409975559953097, 53.763416025459136, 0.0 ], [ -111.410139818411196, 53.763118140030507, 0.0 ], [ -111.410168597236293, 53.762966447372008, 0.0 ], [ -111.410163357680602, 53.762426646637508, 0.0 ], [ -111.410114945701096, 53.762050641857748, 0.0 ], [ -111.410010938809094, 53.761848046498592, 0.0 ], [ -111.409897431373693, 53.761574503072268, 0.0 ], [ -111.409771891804894, 53.76111808966327, 0.0 ], [ -111.409370395379298, 53.760400102250017, 0.0 ], [ -111.4090182755928, 53.760033152571012, 0.0 ], [ -111.408728880560204, 53.759658430156989, 0.0 ], [ -111.408483548628794, 53.759417386620548, 0.0 ], [ -111.408081808412106, 53.758832428572333, 0.0 ], [ -111.407980075682303, 53.758684288364428, 0.0 ], [ -111.407851586176506, 53.758492669717057, 0.0 ], [ -111.407652143939103, 53.758241925571006, 0.0 ], [ -111.407399364915406, 53.758006108428063, 0.0 ], [ -111.406964783714102, 53.757678552398737, 0.0 ], [ -111.406735051971907, 53.757427913325913, 0.0 ], [ -111.406582392572304, 53.757311694031372, 0.0 ], [ -111.406238726610297, 53.757146059673858, 0.0 ], [ -111.405972641525807, 53.756936624570137, 0.0 ], [ -111.405820167397295, 53.756838369140951, 0.0 ], [ -111.405278401465793, 53.756593438357719, 0.0 ], [ -111.404967393550393, 53.756401267274619, 0.0 ], [ -111.404784777560906, 53.756321070574472, 0.0 ], [ -111.404622216808903, 53.756226666453991, 0.0 ], [ -111.404496621952205, 53.756108512972403, 0.0 ], [ -111.404296282177199, 53.755866490069032, 0.0 ], [ -111.403929159981004, 53.755515594192261, 0.0 ], [ -111.403745042865296, 53.755257726697877, 0.0 ], [ -111.403731226236303, 53.755203779095112, 0.0 ], [ -111.403691456808602, 53.755048579016581, 0.0 ], [ -111.4036666399859, 53.754951778294917, 0.0 ], [ -111.4035608322462, 53.754799894624497, 0.0 ], [ -111.403397185809396, 53.754686174141753, 0.0 ], [ -111.403286358321907, 53.754641267527013, 0.0 ], [ -111.403014321993496, 53.754531030795889, 0.0 ], [ -111.402800321620205, 53.754482745784443, 0.0 ], [ -111.402785456067306, 53.754479069111262, 0.0 ], [ -111.402346959525403, 53.754168804249758, 0.0 ], [ -111.401807862764201, 53.753924351895243, 0.0 ], [ -111.401533251566903, 53.753727714866478, 0.0 ], [ -111.400665592639896, 53.753299590245263, 0.0 ], [ -111.400285552791701, 53.753166160171247, 0.0 ], [ -111.399815004824305, 53.753086996444338, 0.0 ], [ -111.3995722585653, 53.753026874293077, 0.0 ], [ -111.398966373672195, 53.752822029322218, 0.0 ], [ -111.398752964067299, 53.752768788166037, 0.0 ], [ -111.3982950887996, 53.752670250626998, 0.0 ], [ -111.398097296604902, 53.752581112190988, 0.0 ], [ -111.397990113741997, 53.752464738010232, 0.0 ], [ -111.397822454421501, 53.752357537752808, 0.0 ], [ -111.397092321326198, 53.752054663145529, 0.0 ], [ -111.396427408838804, 53.751895346730997, 0.0 ], [ -111.396183381850904, 53.75187813002988, 0.0 ], [ -111.395908901610298, 53.751878990999259, 0.0 ], [ -111.395592603387499, 53.751897682631139, 0.0 ], [ -111.395333851484196, 53.751952719515323, 0.0 ], [ -111.394987003329405, 53.752124469505667, 0.0 ], [ -111.394598161484396, 53.752269312559193, 0.0 ], [ -111.394118412965199, 53.752351492752823, 0.0 ], [ -111.393870277495395, 53.752370461415786, 0.0 ], [ -111.393262221138897, 53.752345531463327, 0.0 ], [ -111.392791891771495, 53.752275198758547, 0.0 ], [ -111.392321107022198, 53.752159973936408, 0.0 ], [ -111.392108319889203, 53.752088816070639, 0.0 ], [ -111.391653012113693, 53.752009441220537, 0.0 ], [ -111.391413061843195, 53.75194809001448, 0.0 ], [ -111.391050909752707, 53.751871303997092, 0.0 ], [ -111.390745790367802, 53.751806609305632, 0.0 ], [ -111.390742031650305, 53.751805813091423, 0.0 ], [ -111.390258242511706, 53.751641483925177, 0.0 ], [ -111.390016009117105, 53.751559206250668, 0.0 ], [ -111.389738902342799, 53.751467786036258, 0.0 ], [ -111.389541087565703, 53.75137861442451, 0.0 ], [ -111.389115595270397, 53.751245271698508, 0.0 ], [ -111.388720192004001, 53.75108489767581, 0.0 ], [ -111.387948012905397, 53.750801194253711, 0.0 ], [ -111.387397147348807, 53.750559288156992, 0.0 ], [ -111.386777612655706, 53.750372684245249, 0.0 ], [ -111.386244996380697, 53.750347815961, 0.0 ], [ -111.385757563896206, 53.750250271755547, 0.0 ], [ -111.385256949712996, 53.750180012133171, 0.0 ], [ -111.384845224813304, 53.750086702572233, 0.0 ], [ -111.384035575964305, 53.749942136319753, 0.0 ], [ -111.383458797892999, 53.749890019277537, 0.0 ], [ -111.382351217435598, 53.749839529506048, 0.0 ], [ -111.381456852963296, 53.749833184076842, 0.0 ], [ -111.380865725110596, 53.749870970622467, 0.0 ], [ -111.379074600607893, 53.749913249961438, 0.0 ], [ -111.378529262407994, 53.749986860675598, 0.0 ], [ -111.378525343893699, 53.74998723698409, 0.0 ], [ -111.377508938649896, 53.75008669328394, 0.0 ], [ -111.376895992940504, 53.750178702533283, 0.0 ], [ -111.376423365846904, 53.750288892970893, 0.0 ], [ -111.376211804410701, 53.75035240698756, 0.0 ], [ -111.375776379167803, 53.750469498231318, 0.0 ], [ -111.374927205017798, 53.750724528726053, 0.0 ], [ -111.374007336462498, 53.750947011021722, 0.0 ], [ -111.373512178837402, 53.751011287221182, 0.0 ], [ -111.372932376531097, 53.751022351814683, 0.0 ], [ -111.372616172957294, 53.751041282483939, 0.0 ], [ -111.371677048213101, 53.751049162359372, 0.0 ], [ -111.3713759583095, 53.751067801960829, 0.0 ], [ -111.370859884987595, 53.751150425708623, 0.0 ], [ -111.370284297550697, 53.751161146408023, 0.0 ], [ -111.369981799362606, 53.751215954051993, 0.0 ], [ -111.369505438471904, 53.751297995644578, 0.0 ], [ -111.369163043177807, 53.751324851213788, 0.0 ], [ -111.3687256522296, 53.751354457506068, 0.0 ], [ -111.368407506857807, 53.751355404517433, 0.0 ], [ -111.368138644172305, 53.751418992619257, 0.0 ], [ -111.367897257652999, 53.751457483464058, 0.0 ], [ -111.367224487333999, 53.751621676609368, 0.0 ], [ -111.3669216770151, 53.751640649649843, 0.0 ], [ -111.366783517166894, 53.751655773876578, 0.0 ], [ -111.366312189662196, 53.751707345823462, 0.0 ], [ -111.366007254810199, 53.751740718892087, 0.0 ], [ -111.365909338087704, 53.751751422413292, 0.0 ], [ -111.365197802555798, 53.751919619881612, 0.0 ], [ -111.364698567358502, 53.75199333537082, 0.0 ], [ -111.364464148829001, 53.752029799628687, 0.0 ], [ -111.3642009632905, 53.752049042472748, 0.0 ], [ -111.363944581613794, 53.752078432561852, 0.0 ], [ -111.3629953767297, 53.752296088506903, 0.0 ], [ -111.362176226932903, 53.752562794754738, 0.0 ], [ -111.361949441194398, 53.752608339491033, 0.0 ], [ -111.361496301441804, 53.75274430069976, 0.0 ], [ -111.361134478356206, 53.752933872824002, 0.0 ], [ -111.360941379716394, 53.753005010528263, 0.0 ], [ -111.360597903890294, 53.75319215169278, 0.0 ], [ -111.360064058612807, 53.753448287975587, 0.0 ], [ -111.359689663494805, 53.7535916132164, 0.0 ], [ -111.359385502687303, 53.753782356929669, 0.0 ], [ -111.359175602933803, 53.754025372060532, 0.0 ], [ -111.358239956027106, 53.754405041936543, 0.0 ], [ -111.357454967606003, 53.754694518789947, 0.0 ], [ -111.357090474481893, 53.75483143530635, 0.0 ], [ -111.356576513107299, 53.754931545443547, 0.0 ], [ -111.3563231920227, 53.754958105599108, 0.0 ], [ -111.355643974460904, 53.755137865069408, 0.0 ], [ -111.355384620555, 53.755193715880132, 0.0 ], [ -111.354955745342096, 53.755259863100768, 0.0 ], [ -111.353798526545901, 53.755460730937592, 0.0 ], [ -111.353375188200502, 53.755534203105043, 0.0 ], [ -111.352445449514406, 53.755761800173232, 0.0 ], [ -111.352249343581605, 53.755852221921252, 0.0 ], [ -111.351811964320703, 53.756069092863733, 0.0 ], [ -111.351340078788098, 53.756272205404521, 0.0 ], [ -111.351061034279098, 53.756375123088503, 0.0 ], [ -111.350634640234404, 53.756476635505393, 0.0 ], [ -111.350139605221599, 53.756540909984089, 0.0 ], [ -111.349559769543504, 53.756542962036697, 0.0 ], [ -111.348974511233706, 53.756571946921753, 0.0 ], [ -111.348694525961605, 53.756617617028347, 0.0 ], [ -111.348234335269296, 53.7567253232044, 0.0 ], [ -111.347460155626706, 53.756898334430851, 0.0 ], [ -111.346565852523199, 53.757067180084618, 0.0 ], [ -111.345593778743606, 53.757203512917208, 0.0 ], [ -111.344467198767205, 53.757289899294094, 0.0 ], [ -111.343874373263205, 53.757301847291842, 0.0 ], [ -111.343573226627299, 53.757321163607912, 0.0 ], [ -111.342662848755197, 53.757321785961949, 0.0 ], [ -111.341602418116196, 53.757286632830997, 0.0 ], [ -111.341445440779495, 53.757281043009321, 0.0 ], [ -111.341297760915296, 53.757275774014438, 0.0 ], [ -111.341163941714001, 53.757271009430973, 0.0 ], [ -111.340862817321593, 53.757288834141157, 0.0 ], [ -111.340251629701399, 53.757371642378843, 0.0 ], [ -111.339116617220498, 53.757452647123003, 0.0 ], [ -111.338364450148703, 53.757541750665411, 0.0 ], [ -111.337425459512005, 53.757731115522724, 0.0 ], [ -111.336945664690106, 53.75780249708103, 0.0 ], [ -111.336419801943705, 53.757894599726981, 0.0 ], [ -111.335884747276197, 53.757949987296598, 0.0 ], [ -111.335002597958294, 53.757959604037097, 0.0 ], [ -111.333777752722696, 53.757906499814588, 0.0 ], [ -111.332606706457398, 53.757863811681602, 0.0 ], [ -111.331649186636497, 53.757868430594968, 0.0 ], [ -111.331153905780496, 53.757921723654363, 0.0 ], [ -111.330876447813594, 53.757987306113527, 0.0 ], [ -111.329091321525098, 53.757987491889303, 0.0 ], [ -111.327895073737594, 53.757988567143308, 0.0 ], [ -111.327215251964901, 53.758015768117687, 0.0 ], [ -111.326715702002602, 53.758041542575953, 0.0 ], [ -111.325870107617803, 53.758124660186837, 0.0 ], [ -111.325629513731897, 53.758187186248769, 0.0 ], [ -111.325273095379302, 53.758358157836689, 0.0 ], [ -111.325050801571805, 53.758406542646711, 0.0 ], [ -111.324320771963897, 53.758505469423049, 0.0 ], [ -111.322997423178293, 53.758659635084378, 0.0 ], [ -111.321615432801195, 53.758878818508592, 0.0 ], [ -111.321231284639694, 53.758939732182519, 0.0 ], [ -111.320983094461894, 53.758957757087238, 0.0 ], [ -111.320195020647901, 53.759093555285233, 0.0 ], [ -111.319983360013794, 53.759138649658397, 0.0 ], [ -111.3192273970988, 53.759261186531802, 0.0 ], [ -111.318766248361101, 53.75934064495403, 0.0 ], [ -111.318232919470603, 53.759394693532641, 0.0 ], [ -111.317957868797606, 53.759414424332633, 0.0 ], [ -111.317409014385106, 53.75949524511509, 0.0 ], [ -111.316890590046199, 53.759567167148937, 0.0 ], [ -111.316585715570199, 53.75960924296453, 0.0 ], [ -111.3163554647723, 53.759662981445203, 0.0 ], [ -111.315629210389105, 53.75978918117886, 0.0 ], [ -111.314814933015199, 53.759879853213917, 0.0 ], [ -111.313139874233997, 53.759958472903243, 0.0 ], [ -111.3112551949459, 53.759965109676664, 0.0 ], [ -111.310260245828303, 53.759931164042683, 0.0 ], [ -111.309956814755196, 53.75992314339824, 0.0 ], [ -111.309410251274201, 53.759862054697592, 0.0 ], [ -111.308636144628807, 53.759784176309317, 0.0 ], [ -111.308376121937698, 53.759730883010761, 0.0 ], [ -111.307845236981393, 53.759660446174749, 0.0 ], [ -111.306303238200101, 53.759464375819533, 0.0 ], [ -111.305011739673006, 53.759333771381428, 0.0 ], [ -111.304483714056801, 53.759263739721654, 0.0 ], [ -111.304383814434402, 53.759255680242809, 0.0 ], [ -111.303625815107196, 53.759194264830612, 0.0 ], [ -111.303128728266202, 53.759170268976519, 0.0 ], [ -111.3025871474632, 53.759234692136559, 0.0 ], [ -111.302294667502807, 53.759235671883737, 0.0 ], [ -111.3019927963648, 53.759219114367589, 0.0 ], [ -111.301829815883707, 53.759147092320291, 0.0 ], [ -111.301562186737996, 53.759069265618848, 0.0 ], [ -111.301121712527106, 53.758971682137002, 0.0 ], [ -111.300882759926196, 53.758946555770407, 0.0 ], [ -111.300708641272706, 53.758916936146157, 0.0 ], [ -111.299633755884003, 53.758734087493941, 0.0 ], [ -111.299178016745103, 53.75862785603212, 0.0 ], [ -111.298665818353697, 53.75855861159058, 0.0 ], [ -111.298174110904796, 53.75844999550695, 0.0 ], [ -111.297919905842704, 53.758426047054208, 0.0 ], [ -111.2978707835085, 53.758402466004497, 0.0 ], [ -111.297390156121395, 53.758355669474589, 0.0 ], [ -111.296265018910205, 53.758288518836167, 0.0 ], [ -111.295929909587102, 53.758251895830767, 0.0 ], [ -111.295111136508496, 53.758254686522982, 0.0 ], [ -111.294572723482304, 53.758328797896397, 0.0 ], [ -111.293763561646003, 53.758403209452879, 0.0 ], [ -111.292245159860002, 53.758421405592273, 0.0 ], [ -111.292175035522703, 53.758419240886283, 0.0 ], [ -111.291870091767606, 53.758410075455977, 0.0 ], [ -111.291548050172395, 53.758400424582369, 0.0 ], [ -111.290473354936097, 53.758331406894797, 0.0 ], [ -111.289986137679705, 53.75823343206627, 0.0 ], [ -111.289455368704097, 53.758171805118323, 0.0 ], [ -111.288241576691604, 53.757950203764167, 0.0 ], [ -111.287983640182702, 53.757941279261587, 0.0 ], [ -111.286392803042901, 53.757918295152813, 0.0 ], [ -111.285816709277995, 53.7578746806414, 0.0 ], [ -111.285013701299903, 53.757840504460162, 0.0 ], [ -111.284407637065996, 53.757841750734727, 0.0 ], [ -111.283680020086095, 53.757824860393498, 0.0 ], [ -111.283058654552605, 53.757808205490377, 0.0 ], [ -111.281634345265502, 53.757783624255438, 0.0 ], [ -111.281335808702295, 53.757819995809307, 0.0 ], [ -111.281043661648695, 53.757820709723923, 0.0 ], [ -111.280469299750905, 53.757777321988499, 0.0 ], [ -111.279697592806599, 53.757673640378847, 0.0 ], [ -111.279683127892994, 53.757671698147149, 0.0 ], [ -111.279150057256501, 53.757618636265732, 0.0 ], [ -111.278377770077398, 53.757503223033282, 0.0 ], [ -111.277782591584796, 53.757459569222412, 0.0 ], [ -111.2763881978521, 53.757400279799533, 0.0 ], [ -111.2758437563472, 53.757347812112798, 0.0 ], [ -111.275075936267598, 53.757214844106407, 0.0 ], [ -111.273792680797499, 53.757207081816148, 0.0 ], [ -111.272975906192499, 53.757154934248632, 0.0 ], [ -111.272004397179103, 53.757147843445253, 0.0 ], [ -111.271125299723707, 53.757104734707617, 0.0 ], [ -111.270852449964707, 53.757087337576593, 0.0 ], [ -111.270134433313899, 53.756981784136798, 0.0 ], [ -111.269869385753395, 53.756972994733623, 0.0 ], [ -111.269263369575896, 53.756992089714878, 0.0 ], [ -111.268929914702298, 53.75701963026092, 0.0 ], [ -111.268354262065301, 53.757047638006547, 0.0 ], [ -111.267517561403395, 53.756967414262199, 0.0 ], [ -111.267327414305498, 53.756947836901858, 0.0 ], [ -111.267212454442898, 53.756939546504697, 0.0 ], [ -111.265381279751594, 53.756807499321063, 0.0 ], [ -111.264564574926695, 53.756737452061927, 0.0 ], [ -111.263971972223899, 53.756711382787309, 0.0 ], [ -111.263685789640107, 53.756675800752902, 0.0 ], [ -111.262772170124293, 53.756632480467573, 0.0 ], [ -111.261152075165, 53.756518735628617, 0.0 ], [ -111.260316466209602, 53.756430414421359, 0.0 ], [ -111.259603592327295, 53.756306002461528, 0.0 ], [ -111.259349733186198, 53.756280568745858, 0.0 ], [ -111.258875555052299, 53.756181586475307, 0.0 ], [ -111.258621709921599, 53.756156161531052, 0.0 ], [ -111.257639562849604, 53.755968450982927, 0.0 ], [ -111.257103026579401, 53.755924657145712, 0.0 ], [ -111.256836012749602, 53.755880065483979, 0.0 ], [ -111.255816706240395, 53.755756194945029, 0.0 ], [ -111.255539978125498, 53.755747549924003, 0.0 ], [ -111.255238512848507, 53.755765732572783, 0.0 ], [ -111.254965279673399, 53.755829185031523, 0.0 ], [ -111.254344335073995, 53.756001083658447, 0.0 ], [ -111.2539808369919, 53.756019680422348, 0.0 ], [ -111.253753525847301, 53.756011091277543, 0.0 ], [ -111.252999380981294, 53.755932655940377, 0.0 ], [ -111.251326959836007, 53.755611254228583, 0.0 ], [ -111.250884772176605, 53.755558194102363, 0.0 ], [ -111.250523315893602, 53.755504889765128, 0.0 ], [ -111.250024855600202, 53.755461086884473, 0.0 ], [ -111.249462618519502, 53.755425908187412, 0.0 ], [ -111.247599098335698, 53.755411163876673, 0.0 ], [ -111.246766786137002, 53.755332200947329, 0.0 ], [ -111.245723028047607, 53.755199469981989, 0.0 ], [ -111.244917140274396, 53.755138191694797, 0.0 ], [ -111.244575150603495, 53.755148374722843, 0.0 ], [ -111.244356678520404, 53.755166164352588, 0.0 ], [ -111.244052092196398, 53.755157894484157, 0.0 ], [ -111.243492663144195, 53.755105141067268, 0.0 ], [ -111.242933845378502, 53.755053393945268, 0.0 ], [ -111.242724598484799, 53.755001558819437, 0.0 ], [ -111.242462814225505, 53.754936728060493, 0.0 ], [ -111.242419669952497, 53.75492920131699, 0.0 ], [ -111.242004543755201, 53.754856713578718, 0.0 ], [ -111.241235166091002, 53.754760449546261, 0.0 ], [ -111.240730750693601, 53.754679690153267, 0.0 ], [ -111.240263635698298, 53.754564011211848, 0.0 ], [ -111.240025408363195, 53.754528689616578, 0.0 ], [ -111.239231227279106, 53.754458249594663, 0.0 ], [ -111.238017424549, 53.754478585131608, 0.0 ], [ -111.237168581363306, 53.754417406855609, 0.0 ], [ -111.236645517187, 53.754346833003012, 0.0 ], [ -111.236397118831803, 53.754329197803351, 0.0 ], [ -111.2358534653128, 53.754268320486823, 0.0 ], [ -111.235333805529606, 53.754169603996033, 0.0 ], [ -111.234804899863505, 53.754117040702077, 0.0 ], [ -111.233741878581199, 53.753993135783077, 0.0 ], [ -111.233013865162405, 53.753859852371768, 0.0 ], [ -111.2316988985378, 53.753701474827501, 0.0 ], [ -111.230496543917695, 53.753469626220593, 0.0 ], [ -111.230150518031905, 53.753381367274969, 0.0 ], [ -111.229801538391001, 53.753292337640687, 0.0 ], [ -111.229373713823705, 53.75317545957256, 0.0 ], [ -111.229138760946697, 53.753140219170582, 0.0 ], [ -111.228284042845999, 53.753069804265998, 0.0 ], [ -111.227517271050999, 53.753062259099067, 0.0 ], [ -111.227100634263095, 53.753054105200803, 0.0 ], [ -111.226304440572207, 53.752938957279582, 0.0 ], [ -111.225768013571695, 53.752903977041413, 0.0 ], [ -111.224872326232102, 53.75290562169085, 0.0 ], [ -111.224266702405203, 53.752933687062182, 0.0 ], [ -111.2237077905002, 53.752979372253883, 0.0 ], [ -111.222858153580603, 53.753080000401617, 0.0 ], [ -111.222388812113195, 53.753143730977627, 0.0 ], [ -111.221557709912403, 53.753226066564913, 0.0 ], [ -111.220736655867498, 53.753317189577992, 0.0 ], [ -111.220242770006394, 53.75337201187638, 0.0 ], [ -111.2200277645928, 53.753372471101777, 0.0 ], [ -111.218014443177395, 53.749957250032473, 0.0 ], [ -111.217224441138598, 53.746197249966968, 0.0 ], [ -111.217724440347595, 53.739577249330118, 0.0 ], [ -111.217514429993699, 53.714927248006447, 0.0 ], [ -111.2311544340116, 53.714997245481982, 0.0 ], [ -111.231424413433402, 53.655477241926818, 0.0 ], [ -111.227244412766794, 53.654697241331647, 0.0 ], [ -111.223464411930195, 53.655047242529648, 0.0 ], [ -111.209554409186595, 53.657717244927497, 0.0 ], [ -111.145474394441706, 53.65767725128741, 0.0 ], [ -111.137184391325505, 53.655867252458137, 0.0 ], [ -111.134414390014499, 53.654467253808242, 0.0 ], [ -111.130354389400793, 53.653707253468667, 0.0 ], [ -111.112754386689005, 53.657607255588402, 0.0 ], [ -111.055604373654901, 53.657307262957112, 0.0 ], [ -111.039134366623102, 53.656247264243937, 0.0 ], [ -111.021994365766005, 53.660397267160917, 0.0 ], [ -111.019124366356493, 53.659717267049068, 0.0 ], [ -111.010384361032393, 53.653157267800367, 0.0 ], [ -111.006744359529804, 53.651847267754043, 0.0 ], [ -111.003124359073496, 53.651587267504603, 0.0 ], [ -110.989794355745701, 53.652677269402709, 0.0 ], [ -110.972584354467898, 53.659107272965016, 0.0 ], [ -110.940524346293103, 53.65873727628648, 0.0 ], [ -110.915784339078101, 53.656757279674423, 0.0 ], [ -110.893104332957094, 53.655747281435687, 0.0 ], [ -110.868104328705201, 53.657157285625757, 0.0 ], [ -110.865554326433895, 53.653837284717191, 0.0 ], [ -110.865564326418195, 53.651867284189301, 0.0 ], [ -110.868194325382902, 53.649687284261333, 0.0 ], [ -110.866544322921996, 53.64337728408735, 0.0 ], [ -110.866984322391403, 53.63932728345906, 0.0 ], [ -110.866184319823901, 53.633747283824789, 0.0 ], [ -110.868384316771397, 53.622007282605523, 0.0 ], [ -110.864824312715498, 53.613077282201743, 0.0 ], [ -110.866914312287406, 53.608707281229528, 0.0 ], [ -110.866984308510993, 53.599197281119267, 0.0 ], [ -110.724414275390799, 53.599137297454327, 0.0 ], [ -110.716064273102802, 53.599837297933711, 0.0 ], [ -110.690474266126898, 53.599707301653233, 0.0 ], [ -110.683864267012495, 53.59834730226347, 0.0 ], [ -110.664674258869795, 53.596157304022107, 0.0 ], [ -110.639914253571902, 53.596177306848432, 0.0 ], [ -110.628824251800097, 53.598897307960868, 0.0 ], [ -110.450384207907305, 53.598797327497202, 0.0 ], [ -110.442624206732702, 53.597087330477727, 0.0 ], [ -110.423524197895901, 53.585797331325708, 0.0 ], [ -110.417834196795397, 53.584317331634857, 0.0 ], [ -110.325404176041701, 53.584307342625827, 0.0 ], [ -110.325284153532394, 53.521737337950562, 0.0 ], [ -110.324314152123904, 53.517997338622841, 0.0 ], [ -110.321944150021693, 53.514637338061057, 0.0 ], [ -110.319804149878493, 53.513447338012149, 0.0 ], [ -110.313244148924298, 53.512327339654711, 0.0 ], [ -110.307314146974804, 53.511847340488188, 0.0 ], [ -110.300794144501296, 53.511817340062677, 0.0 ], [ -110.126354100775501, 53.511577359487227, 0.0 ], [ -110.118394100970306, 53.510807361049871, 0.0 ], [ -110.111524101096194, 53.512647362190307, 0.0 ], [ -110.1059840990456, 53.515677363019833, 0.0 ], [ -110.099894097432198, 53.516187364660929, 0.0 ], [ -110.070844086628796, 53.510647365948891, 0.0 ], [ -110.043124081642802, 53.50986736968953, 0.0 ], [ -110.033834081949905, 53.511687371475297, 0.0 ], [ -110.005627450643104, 53.511687398120451, 0.0 ], [ -110.0056275178883, 53.511790150534388, 0.0 ], [ -110.005629926518097, 53.515407214852281, 0.0 ], [ -110.005632311320696, 53.519024264122102, 0.0 ], [ -110.005635228802205, 53.522639653521694, 0.0 ], [ -110.005638133507105, 53.526255024733942, 0.0 ], [ -110.005640191137701, 53.529876106096097, 0.0 ], [ -110.005642246122505, 53.533497184100042, 0.0 ], [ -110.005646533556202, 53.537109932479801, 0.0 ], [ -110.005650808161505, 53.540722665367177, 0.0 ], [ -110.005650946138104, 53.540903396680427, 0.0 ], [ -110.005653822636603, 53.544517585542572, 0.0 ], [ -110.005656661139696, 53.548131765064909, 0.0 ], [ -110.005659515821705, 53.551742774111077, 0.0 ], [ -110.0056623522226, 53.555353786346863, 0.0 ], [ -110.005650058196494, 53.558962447062868, 0.0 ], [ -110.005637744199404, 53.562571116348217, 0.0 ], [ -110.005638679872803, 53.566178347502003, 0.0 ], [ -110.005639585703904, 53.569785587670737, 0.0 ], [ -110.005639594979399, 53.569966329584339, 0.0 ], [ -110.005639621722807, 53.573578595278782, 0.0 ], [ -110.005639620128505, 53.577190868252288, 0.0 ], [ -110.005641116798301, 53.580796425573752, 0.0 ], [ -110.005642591451505, 53.584401977832933, 0.0 ], [ -110.005644446468693, 53.588007000830927, 0.0 ], [ -110.005646284158999, 53.591612018061767, 0.0 ], [ -110.005639765538604, 53.595220301318953, 0.0 ], [ -110.005633215972196, 53.598828579165648, 0.0 ], [ -110.005633097671506, 53.599009320927109, 0.0 ], [ -110.005630674988197, 53.602611235248823, 0.0 ], [ -110.005628239671694, 53.606213149416213, 0.0 ], [ -110.005625793326004, 53.609828934190531, 0.0 ], [ -110.005623341276603, 53.6134447100942, 0.0 ], [ -110.005623914658798, 53.617054731749199, 0.0 ], [ -110.005624483790697, 53.62066474998759, 0.0 ], [ -110.005626661264003, 53.624274804355473, 0.0 ], [ -110.005628795219806, 53.627884831153352, 0.0 ], [ -110.005628730416007, 53.628065564135532, 0.0 ], [ -110.005627466858499, 53.631673591094177, 0.0 ], [ -110.005626177874603, 53.635281611956813, 0.0 ], [ -110.005626541273401, 53.638896846485899, 0.0 ], [ -110.005626861566995, 53.642512072371801, 0.0 ], [ -110.005626436178702, 53.646126697592877, 0.0 ], [ -110.005625983182696, 53.649741322923873, 0.0 ], [ -110.005625551758698, 53.65335592971622, 0.0 ], [ -110.005625076795695, 53.656970543154273, 0.0 ], [ -110.005625046512094, 53.657151274664109, 0.0 ], [ -110.005624600543001, 53.660765875248508, 0.0 ], [ -110.005624157656399, 53.664380472725163, 0.0 ], [ -110.005623690640903, 53.667995092062966, 0.0 ], [ -110.005623190821893, 53.671609704092212, 0.0 ], [ -110.0056227172646, 53.675224322084979, 0.0 ], [ -110.0056222120906, 53.67883893551965, 0.0 ], [ -110.005621722197702, 53.68245355805972, 0.0 ], [ -110.005621204976507, 53.686068165418462, 0.0 ], [ -110.005621183630097, 53.686248906988773, 0.0 ], [ -110.005620668159594, 53.689863501255218, 0.0 ], [ -110.005620138981797, 53.693478106116117, 0.0 ], [ -110.005619636063102, 53.697092704337287, 0.0 ], [ -110.005619100453799, 53.700707306958243, 0.0 ], [ -110.005618584965205, 53.704321903583143, 0.0 ], [ -110.005618042268196, 53.707936496735087, 0.0 ], [ -110.005617519626398, 53.711516668362648, 0.0 ], [ -110.005616974339702, 53.715096826815831, 0.0 ], [ -110.005616782871698, 53.715280747851132, 0.0 ], [ -110.0056131043725, 53.718874193549702, 0.0 ], [ -110.005609387461305, 53.722467638024803, 0.0 ], [ -110.005612934007104, 53.726088715318738, 0.0 ], [ -110.005616458267596, 53.729709778527592, 0.0 ], [ -110.005607578619305, 53.733320111744341, 0.0 ], [ -110.005598690094104, 53.736930428779708, 0.0 ], [ -110.005602200491694, 53.740539271990293, 0.0 ], [ -110.005605702988504, 53.744148108922417, 0.0 ], [ -110.005605669941204, 53.744328838771636, 0.0 ], [ -110.005605054992202, 53.747936828869292, 0.0 ], [ -110.005604415372503, 53.751544820104243, 0.0 ], [ -110.0056037772396, 53.755152835174442, 0.0 ], [ -110.005603108151107, 53.758760840316917, 0.0 ], [ -110.005603452204497, 53.762364375332723, 0.0 ], [ -110.005603760982595, 53.765967900238621, 0.0 ], [ -110.005603170454094, 53.769581140946123, 0.0 ], [ -110.005602542868701, 53.7731943714697, 0.0 ], [ -110.005602472996102, 53.773375100466303, 0.0 ], [ -110.005600798640302, 53.77698322207619, 0.0 ], [ -110.0055991149775, 53.780591341867947, 0.0 ], [ -110.005596599481393, 53.784201159321192, 0.0 ], [ -110.005594067273094, 53.787810971948844, 0.0 ], [ -110.005601400782695, 53.791430902135353, 0.0 ], [ -110.005608660377305, 53.795050823271197, 0.0 ], [ -110.005615608789199, 53.798668731464382, 0.0 ], [ -110.005622552839995, 53.802286633512743, 0.0 ], [ -110.005622520098896, 53.802467353940322, 0.0 ], [ -110.005621864723594, 53.806077594172123, 0.0 ], [ -110.005621184513103, 53.809687823831922, 0.0 ], [ -110.005620544208895, 53.813298035719818, 0.0 ], [ -110.005619877878104, 53.816908234285442, 0.0 ], [ -110.005620434304603, 53.820522199457614, 0.0 ], [ -110.0056209796887, 53.824136154628448, 0.0 ], [ -110.005621547358899, 53.827750113792121, 0.0 ], [ -110.005622071424298, 53.831364055294102, 0.0 ], [ -110.005622101442697, 53.831544781726357, 0.0 ], [ -110.005622655417099, 53.835156932476821, 0.0 ], [ -110.005623174887305, 53.838769065946103, 0.0 ], [ -110.005623707799401, 53.842381201239242, 0.0 ], [ -110.005624255993993, 53.845993335732359, 0.0 ], [ -110.005627106578899, 53.8495991643045, 0.0 ], [ -110.005629938840997, 53.853204996970021, 0.0 ], [ -110.005632780585302, 53.85681083038795, 0.0 ], [ -110.005635602258295, 53.860416657023791, 0.0 ], [ -110.005635644423407, 53.860597381045061, 0.0 ], [ -110.005636434186997, 53.864207898897547, 0.0 ], [ -110.005637193079295, 53.867818407722687, 0.0 ], [ -110.005637981954393, 53.871428920861767, 0.0 ], [ -110.005638755132594, 53.875039438209633, 0.0 ], [ -110.005639528609393, 53.87864994062879, 0.0 ], [ -110.005640278254106, 53.882260438815663, 0.0 ], [ -110.005641043559194, 53.885871839135092, 0.0 ], [ -110.005641790657506, 53.889483239057583, 0.0 ], [ -110.005641841709703, 53.889663962332541, 0.0 ], [ -110.005642733982398, 53.893278908295237, 0.0 ], [ -110.005643613010093, 53.896893850465638, 0.0 ], [ -110.005644492210493, 53.900508778600759, 0.0 ], [ -110.005645374439595, 53.904123719826202, 0.0 ], [ -110.0056457608475, 53.907736853810142, 0.0 ], [ -110.005646106957698, 53.911349980175579, 0.0 ], [ -110.005646512580697, 53.914963105784892, 0.0 ], [ -110.005646879976197, 53.918576231964067, 0.0 ], [ -110.005646845841298, 53.918756950570341, 0.0 ], [ -110.005646097230297, 53.922367961865277, 0.0 ], [ -110.005645342512096, 53.925978971472979, 0.0 ], [ -110.005644599917204, 53.929589992756497, 0.0 ], [ -110.005643834520896, 53.933201011656912, 0.0 ], [ -110.005643084039704, 53.936812018944003, 0.0 ], [ -110.005642307826193, 53.940423022825762, 0.0 ], [ -110.005641551763901, 53.944034035117163, 0.0 ], [ -110.005640751300007, 53.947645034223143, 0.0 ], [ -110.005640779544507, 53.947825750713697, 0.0 ], [ -110.005641388912906, 53.95143885780498, 0.0 ], [ -110.005642002688802, 53.955051953739932, 0.0 ], [ -110.005642625678902, 53.958665062124318, 0.0 ], [ -110.005643233872902, 53.962278154051027, 0.0 ], [ -110.005643124785294, 53.965889766207717, 0.0 ], [ -110.005642997769499, 53.969501374382212, 0.0 ], [ -110.005642895027506, 53.97311297043067, 0.0 ], [ -110.005642760253494, 53.976724565510267, 0.0 ], [ -110.005642893764502, 53.976905279869122, 0.0 ], [ -110.005645632061899, 53.980520569732747, 0.0 ], [ -110.005648341909307, 53.984135845262813, 0.0 ], [ -110.005651084543899, 53.987751118012653, 0.0 ], [ -110.005653803733793, 53.991366385639672, 0.0 ], [ -110.005652967931695, 53.994980075999379, 0.0 ], [ -110.005652096685395, 53.998593767050828, 0.0 ], [ -110.005651892928398, 54.000007464654288, 0.0 ], [ -110.005651580497698, 54.002207362533007, 0.0 ], [ -110.005651059546295, 54.005820958183413, 0.0 ], [ -110.005651105737201, 54.006001684891018, 0.0 ], [ -110.005652093080599, 54.009614852183851, 0.0 ], [ -110.0056530520406, 54.013228027658407, 0.0 ], [ -110.0056540481214, 54.016841213142563, 0.0 ], [ -110.005654984735699, 54.020454398312452, 0.0 ], [ -110.005655955081295, 54.024067570845489, 0.0 ], [ -110.005656895500906, 54.027680738893388, 0.0 ], [ -110.005657860885805, 54.031293916444611, 0.0 ], [ -110.005658797863703, 54.034907089574119, 0.0 ], [ -110.005658893644096, 54.035087808227402, 0.0 ], [ -110.005660891005107, 54.038703947924994, 0.0 ], [ -110.005662862395297, 54.042320089599393, 0.0 ], [ -110.005664844231205, 54.045936235667057, 0.0 ], [ -110.005666812470807, 54.049552369823488, 0.0 ], [ -110.005670897421396, 54.053164656731191, 0.0 ], [ -110.005674966585005, 54.056776940632432, 0.0 ], [ -110.005679049980102, 54.060389226377637, 0.0 ], [ -110.005683127694596, 54.064001501435257, 0.0 ], [ -110.005683377220606, 54.064184540708638, 0.0 ], [ -110.005684235972893, 54.067799386345747, 0.0 ], [ -110.005685080843307, 54.071414220964513, 0.0 ], [ -110.005685938074606, 54.075029068162443, 0.0 ], [ -110.005686781748395, 54.078643901654942, 0.0 ], [ -110.005685717431106, 54.082259820082143, 0.0 ], [ -110.005684636379499, 54.085875722877752, 0.0 ], [ -110.005683575280202, 54.089491623271158, 0.0 ], [ -110.005682496908705, 54.093107512511779, 0.0 ], [ -110.005682492966997, 54.093288228380572, 0.0 ], [ -110.0056822937253, 54.096904971929924, 0.0 ], [ -110.005682100321593, 54.10052170438459, 0.0 ], [ -110.0056819163743, 54.104138446599947, 0.0 ], [ -110.005681714544195, 54.107755183935517, 0.0 ], [ -110.005678842798602, 54.11136972928805, 0.0 ], [ -110.005675945413302, 54.114984254144566, 0.0 ], [ -110.005673060096299, 54.118598788880469, 0.0 ], [ -110.005670147503693, 54.122213303952698, 0.0 ], [ -110.005669963027898, 54.122394026501382, 0.0 ], [ -110.005666324631306, 54.126010747850721, 0.0 ], [ -110.005662661541507, 54.129627464949451, 0.0 ], [ -110.005659021481605, 54.133244188784587, 0.0 ], [ -110.0056553324291, 54.136860906458473, 0.0 ], [ -110.005653768749397, 54.140478746332477, 0.0 ], [ -110.005652175162496, 54.144096577230833, 0.0 ], [ -110.005650599203307, 54.147714424535643, 0.0 ], [ -110.005648977425295, 54.151332267604673, 0.0 ], [ -110.005648723491106, 54.151512976251738, 0.0 ], [ -110.005643515184801, 54.155126747441763, 0.0 ], [ -110.005638279307703, 54.158740498064567, 0.0 ], [ -110.005633063544906, 54.162354277813861, 0.0 ], [ -110.005627812697, 54.165968048386453, 0.0 ], [ -110.005622940199004, 54.169585907603931, 0.0 ], [ -110.005618075483994, 54.173203758524387, 0.0 ], [ -110.005613207122593, 54.17682161957697, 0.0 ], [ -110.005608347210796, 54.180439479561883, 0.0 ], [ -110.005608607173201, 54.180620196758738, 0.0 ], [ -110.005613589059195, 54.18423055336276, 0.0 ], [ -110.005618559269905, 54.187840899928503, 0.0 ], [ -110.005623555231196, 54.191451244312979, 0.0 ], [ -110.005628501345299, 54.195061589675667, 0.0 ], [ -110.0056264626391, 54.198676735775642, 0.0 ], [ -110.005624405314407, 54.202291880574357, 0.0 ], [ -110.005622356545999, 54.20590702790183, 0.0 ], [ -110.005620286426307, 54.209522171114052, 0.0 ], [ -110.005620324637704, 54.209702892379987, 0.0 ], [ -110.005621108144197, 54.213319243755237, 0.0 ], [ -110.005621858338699, 54.216935592308552, 0.0 ], [ -110.005622640732895, 54.220551955165192, 0.0 ], [ -110.005623390765294, 54.224168281931959, 0.0 ], [ -110.005625647289804, 54.227782889242278, 0.0 ], [ -110.005627864431403, 54.231397482671611, 0.0 ], [ -110.005630108915597, 54.235012069492967, 0.0 ], [ -110.005632326917294, 54.238626662773918, 0.0 ], [ -110.005632325997595, 54.238807374996092, 0.0 ], [ -110.005632183018605, 54.242423945511142, 0.0 ], [ -110.005632018560902, 54.246040502897102, 0.0 ], [ -110.005631811773796, 54.249650834886523, 0.0 ], [ -110.005631580733294, 54.253261164436253, 0.0 ], [ -110.005641065621305, 54.256879372231182, 0.0 ], [ -110.005650512896395, 54.260497574293858, 0.0 ], [ -110.005654560554007, 54.264108560593243, 0.0 ], [ -110.005658596936797, 54.267719544976757, 0.0 ], [ -110.005658785783893, 54.267900263061037, 0.0 ], [ -110.005662647437305, 54.271511558286328, 0.0 ], [ -110.0056664985418, 54.275122845325122, 0.0 ], [ -110.005670042807907, 54.278738661497343, 0.0 ], [ -110.005673551061506, 54.282354475627329, 0.0 ], [ -110.005682206812594, 54.285971099739207, 0.0 ], [ -110.005690843735707, 54.289587727004559, 0.0 ], [ -110.005699506329904, 54.293204345767641, 0.0 ], [ -110.005708125596996, 54.296820966667347, 0.0 ], [ -110.005708166493704, 54.297001673887259, 0.0 ], [ -110.005708810355003, 54.300617053056122, 0.0 ], [ -110.005709398857405, 54.304232407785967, 0.0 ], [ -110.005710028778097, 54.307848120178129, 0.0 ], [ -110.005710629922206, 54.311463817336517, 0.0 ], [ -110.005709867177103, 54.315075429859561, 0.0 ], [ -110.005709074149195, 54.318687037894961, 0.0 ], [ -110.005714071473406, 54.322304566842703, 0.0 ], [ -110.005719036723093, 54.325922088505642, 0.0 ], [ -110.005719166815496, 54.326102794709207, 0.0 ], [ -110.005721878299298, 54.329716806918547, 0.0 ], [ -110.0057245483641, 54.333330809664467, 0.0 ], [ -110.005726062346099, 54.336946711935248, 0.0 ], [ -110.005727500188101, 54.340562609607403, 0.0 ], [ -110.005727166200799, 54.344182680377337, 0.0 ], [ -110.005726803003697, 54.347802750301589, 0.0 ], [ -110.005726995552607, 54.351406928120689, 0.0 ], [ -110.005727155436304, 54.355011110354901, 0.0 ], [ -110.0057271649992, 54.355191830245758, 0.0 ], [ -110.005727331824801, 54.358814328560847, 0.0 ], [ -110.005727487468107, 54.362436830376552, 0.0 ], [ -110.005728468075702, 54.366059330762887, 0.0 ], [ -110.005729431501393, 54.369681821795403, 0.0 ], [ -110.005732565641196, 54.373296458957768, 0.0 ], [ -110.005735693150797, 54.376911092599741, 0.0 ], [ -110.005738832451499, 54.380525736088003, 0.0 ], [ -110.005741925109902, 54.38414036269419, 0.0 ], [ -110.005742084049999, 54.384321069658412, 0.0 ], [ -110.005745208251795, 54.387935700601382, 0.0 ], [ -110.005748307953994, 54.39155032278223, 0.0 ], [ -110.005751446856493, 54.395164945143449, 0.0 ], [ -110.005754540986203, 54.398779573205452, 0.0 ], [ -110.005757652505395, 54.402394203244143, 0.0 ], [ -110.005760733380001, 54.406008824266259, 0.0 ], [ -110.005763812274594, 54.409604833084629, 0.0 ], [ -110.005766883978097, 54.41320084466679, 0.0 ], [ -110.005765525028394, 54.413406954169233, 0.0 ], [ -110.005765179665602, 54.41702109844887, 0.0 ], [ -110.005764798224206, 54.420635235300047, 0.0 ], [ -110.005764366450606, 54.424249392938457, 0.0 ], [ -110.005763921069104, 54.427863535978346, 0.0 ], [ -110.005763487882703, 54.431477693395223, 0.0 ], [ -110.0057630024601, 54.435091836413299, 0.0 ], [ -110.005762560945499, 54.43870598702086, 0.0 ], [ -110.005762096392502, 54.442320137042479, 0.0 ], [ -110.005762080562306, 54.44250084353083, 0.0 ], [ -110.005761601155399, 54.446113182985357, 0.0 ], [ -110.005761117822104, 54.449725517245433, 0.0 ], [ -110.005760641889296, 54.453339652572723, 0.0 ], [ -110.005760160155702, 54.456953797930758, 0.0 ], [ -110.005759692265599, 54.460567931628503, 0.0 ], [ -110.005759192870997, 54.464182058088753, 0.0 ], [ -110.005758708983507, 54.467796197262913, 0.0 ], [ -110.005758204569901, 54.471410327854151, 0.0 ], [ -110.005758183278502, 54.471591038403361, 0.0 ], [ -110.005757681286198, 54.475205154134123, 0.0 ], [ -110.005757167118205, 54.478819268829533, 0.0 ], [ -110.0057566463786, 54.482433387222763, 0.0 ], [ -110.005756140379106, 54.486047499394132, 0.0 ], [ -110.005756538240504, 54.489658099899941, 0.0 ], [ -110.005756902901297, 54.493268670591647, 0.0 ], [ -110.005759691886396, 54.496879362743613, 0.0 ], [ -110.005762444580995, 54.500490041148502, 0.0 ], [ -110.005762438083096, 54.500670742193712, 0.0 ], [ -110.005762209733206, 54.50428419162246, 0.0 ], [ -110.005761986199502, 54.507897640718951, 0.0 ], [ -110.005761778704198, 54.511511098949718, 0.0 ], [ -110.005761549205104, 54.515124561138947, 0.0 ], [ -110.005761339255201, 54.518738003801687, 0.0 ], [ -110.005761091684604, 54.52235145157691, 0.0 ], [ -110.005760854883505, 54.525964913669512, 0.0 ], [ -110.005760594740494, 54.529578352659797, 0.0 ], [ -110.005760589618504, 54.529759052647698, 0.0 ], [ -110.005760343867294, 54.533372480873368, 0.0 ], [ -110.005760086552101, 54.536985903587983, 0.0 ], [ -110.005759842109597, 54.54059934880884, 0.0 ], [ -110.005759580490704, 54.54421278378549, 0.0 ], [ -110.005759339107797, 54.547826206465587, 0.0 ], [ -110.0057590524913, 54.551439633043849, 0.0 ], [ -110.005758798780505, 54.555053070354617, 0.0 ], [ -110.005758503898903, 54.558666503630207, 0.0 ], [ -110.005758489262007, 54.558847203010387, 0.0 ], [ -110.005758225519699, 54.562460615412107, 0.0 ], [ -110.005757917518494, 54.56607402365109, 0.0 ], [ -110.005757653008899, 54.569687444860882, 0.0 ], [ -110.005757339171893, 54.573300865299231, 0.0 ], [ -110.005757062660095, 54.576914273247823, 0.0 ], [ -110.005756752017604, 54.580527695456936, 0.0 ], [ -110.005756552711006, 54.58414105782699, 0.0 ], [ -110.005756304518002, 54.587754415843278, 0.0 ], [ -110.005756301838801, 54.587935116404473, 0.0 ], [ -110.005756120407895, 54.591548428914351, 0.0 ], [ -110.005755925895201, 54.595161735850958, 0.0 ], [ -110.005755746513998, 54.598775059985741, 0.0 ], [ -110.005755558790597, 54.602388377843127, 0.0 ], [ -110.005755370329098, 54.606001690637846, 0.0 ], [ -110.005755161072003, 54.609614997540497, 0.0 ], [ -110.005754962875997, 54.613228316972091, 0.0 ], [ -110.005754744212297, 54.616841627824762, 0.0 ], [ -110.0057547319104, 54.617022328674317, 0.0 ], [ -110.005754533673297, 54.620635618209462, 0.0 ], [ -110.005754307251095, 54.624248898846709, 0.0 ], [ -110.005754977750797, 54.627862571609008, 0.0 ], [ -110.005755599370602, 54.63147622831341, 0.0 ], [ -110.0057542472031, 54.63508782787472, 0.0 ], [ -110.005752861918594, 54.638699419239487, 0.0 ], [ -110.005751500984402, 54.642311027288081, 0.0 ], [ -110.005750105054602, 54.645922629763241, 0.0 ], [ -110.005750055751193, 54.64610332616941, 0.0 ], [ -110.005748663533694, 54.64971491564301, 0.0 ], [ -110.005747268416798, 54.653326490967927, 0.0 ], [ -110.005745882216203, 54.656938082338762, 0.0 ], [ -110.005744469615905, 54.660549661290368, 0.0 ], [ -110.005742998843502, 54.664161296724608, 0.0 ], [ -110.005741483225407, 54.667772930680243, 0.0 ], [ -110.005739480743699, 54.671384860858907, 0.0 ], [ -110.0057374657693, 54.674996790897879, 0.0 ], [ -110.005737480614698, 54.675177493343362, 0.0 ], [ -110.005737869688303, 54.678791339638309, 0.0 ], [ -110.005738217302905, 54.682405171984868, 0.0 ], [ -110.005739355196397, 54.686018733984717, 0.0 ], [ -110.005740450107496, 54.689632282870988, 0.0 ], [ -110.005739682223705, 54.693246563538629, 0.0 ], [ -110.005738881942804, 54.696860843239413, 0.0 ], [ -110.005738096399298, 54.7004743857675, 0.0 ], [ -110.005737325187795, 54.704087913956101, 0.0 ], [ -110.005737286124798, 54.70426861036006, 0.0 ], [ -110.005736707621395, 54.707882447515352, 0.0 ], [ -110.005736077749006, 54.711496273918151, 0.0 ], [ -110.005735219055595, 54.715109548429972, 0.0 ], [ -110.005734330383206, 54.718722814874482, 0.0 ], [ -110.005733646045599, 54.72233692280097, 0.0 ], [ -110.005732931195496, 54.725951014535688, 0.0 ], [ -110.005732109323006, 54.729565016705173, 0.0 ], [ -110.005731255366797, 54.733179015221282, 0.0 ], [ -110.005731226859595, 54.733359711848351, 0.0 ], [ -110.005730502508499, 54.736973295674588, 0.0 ], [ -110.005729797397706, 54.740586876165942, 0.0 ], [ -110.005729153353897, 54.744201564977139, 0.0 ], [ -110.005728480784697, 54.747816246680593, 0.0 ], [ -110.005736407302393, 54.751434002280469, 0.0 ], [ -110.0057443137608, 54.755051757390227, 0.0 ], [ -110.005747224944798, 54.758667081398272, 0.0 ], [ -110.005750125486699, 54.76228239722316, 0.0 ], [ -110.005750105340397, 54.762463087678789, 0.0 ], [ -110.005749783532707, 54.766076053688501, 0.0 ], [ -110.005749446660403, 54.769689017646691, 0.0 ], [ -110.005749804442004, 54.773301364310619, 0.0 ], [ -110.005750130245104, 54.7769137082228, 0.0 ], [ -110.005750461028896, 54.780526040106373, 0.0 ], [ -110.005750772667795, 54.784138378769818, 0.0 ], [ -110.005751101135203, 54.787750722997032, 0.0 ], [ -110.005751404588807, 54.791363058459012, 0.0 ], [ -110.0057514346381, 54.791634101259419, 0.0 ], [ -110.005751749583396, 54.795156107754472, 0.0 ], [ -110.005752037447095, 54.798768428880891, 0.0 ], [ -110.005752341927007, 54.802380757362727, 0.0 ], [ -110.0057526288075, 54.805993080086083, 0.0 ], [ -110.0057529175794, 54.809605403256207, 0.0 ], [ -110.005753212121704, 54.813217720731792, 0.0 ], [ -110.005753508449899, 54.816830039549927, 0.0 ], [ -110.005753785738094, 54.820442351650257, 0.0 ], [ -110.005753812750797, 54.820713385002449, 0.0 ], [ -110.005754099871496, 54.824235376276071, 0.0 ], [ -110.005754368116598, 54.82784767161111, 0.0 ], [ -110.005754626736206, 54.831459997524291, 0.0 ], [ -110.005754879719404, 54.83507232177368, 0.0 ], [ -110.005755096142096, 54.838684667389053, 0.0 ], [ -110.005755313019904, 54.84229701249216, 0.0 ], [ -110.005755547093898, 54.845909360473861, 0.0 ], [ -110.005755754466804, 54.849521713124908, 0.0 ], [ -110.005755751725204, 54.849792751230687, 0.0 ], [ -110.005755974241694, 54.853314772578983, 0.0 ], [ -110.005756157264699, 54.856927093431857, 0.0 ], [ -110.005756361815699, 54.86053943264502, 0.0 ], [ -110.005756531895003, 54.864151763605143, 0.0 ], [ -110.005756748132498, 54.86776409053607, 0.0 ], [ -110.005756932337903, 54.871376414715698, 0.0 ], [ -110.005757117674193, 54.874988745612697, 0.0 ], [ -110.0057572755195, 54.878601074846003, 0.0 ], [ -110.005757293246802, 54.878872102672908, 0.0 ], [ -110.005757469230602, 54.882394108935372, 0.0 ], [ -110.005757639009303, 54.88600641596846, 0.0 ], [ -110.005757822574395, 54.889618741042668, 0.0 ], [ -110.005757960888104, 54.893231056520271, 0.0 ], [ -110.005758142071997, 54.896843369633167, 0.0 ], [ -110.005758272893004, 54.900455676539778, 0.0 ], [ -110.005758427719499, 54.904067994707233, 0.0 ], [ -110.0057585661487, 54.907680297265877, 0.0 ], [ -110.005758576179502, 54.907951328055937, 0.0 ], [ -110.005758723865796, 54.911473310985293, 0.0 ], [ -110.005758857823096, 54.915085597869748, 0.0 ], [ -110.005759158946901, 54.918697964024453, 0.0 ], [ -110.005759431036793, 54.922310328452348, 0.0 ], [ -110.005760934424401, 54.925923140043821, 0.0 ], [ -110.005762394209896, 54.929535968207723, 0.0 ], [ -110.0057626768548, 54.933150085020237, 0.0 ], [ -110.005762936221402, 54.936764178738592, 0.0 ], [ -110.005763006761796, 54.936944870748619, 0.0 ], [ -110.005764177356696, 54.940558421720127, 0.0 ], [ -110.005765337727894, 54.944171959133769, 0.0 ], [ -110.005766493205599, 54.947785503013009, 0.0 ], [ -110.005767631123803, 54.951399029431727, 0.0 ], [ -110.0057687797093, 54.955012562956917, 0.0 ], [ -110.005769923405694, 54.958626090345533, 0.0 ], [ -110.005771081334302, 54.962239621386587, 0.0 ], [ -110.005772227263407, 54.965853140597318, 0.0 ], [ -110.005772315251605, 54.966124169453629, 0.0 ], [ -110.005773422543996, 54.969647379875497, 0.0 ], [ -110.005774540372599, 54.973260900435243, 0.0 ], [ -110.005775691348703, 54.976874423625773, 0.0 ], [ -110.005776800743604, 54.980487921166123, 0.0 ], [ -110.005777932386707, 54.984101446093533, 0.0 ], [ -110.005779034452104, 54.987714962068218, 0.0 ], [ -110.005780154219906, 54.9913284665353, 0.0 ], [ -110.005781266657806, 54.994941971967208, 0.0 ], [ -110.005781344499496, 54.995212999183337, 0.0 ], [ -110.005782366053495, 54.998736156877072, 0.0 ], [ -110.005782722190204, 55.000007535421723, 0.0 ], [ -110.005783408548794, 55.002349622329668, 0.0 ], [ -110.005784339657893, 55.005963018753107, 0.0 ], [ -110.005785242146601, 55.009576423367861, 0.0 ], [ -110.005786178239404, 55.013189827031873, 0.0 ], [ -110.005787073468994, 55.016803223980808, 0.0 ], [ -110.005787988397699, 55.020416605904323, 0.0 ], [ -110.005788887174901, 55.024029983929942, 0.0 ], [ -110.005788694180794, 55.024301014085538, 0.0 ], [ -110.005786301148504, 55.027823794890047, 0.0 ], [ -110.005783829630403, 55.03143686486694, 0.0 ], [ -110.005785249921999, 55.035048236438953, 0.0 ], [ -110.005786632009006, 55.038659605905451, 0.0 ], [ -110.005788544304394, 55.0422765084095, 0.0 ], [ -110.005790434795699, 55.045893415780377, 0.0 ], [ -110.005790760372705, 55.049506535140402, 0.0 ], [ -110.005791065906806, 55.053119655846302, 0.0 ], [ -110.005791090286095, 55.05339068112103, 0.0 ], [ -110.005791406786699, 55.056913479200936, 0.0 ], [ -110.005791719955695, 55.060526576629258, 0.0 ], [ -110.0057920404969, 55.064139681931927, 0.0 ], [ -110.005792333415201, 55.067752786468823, 0.0 ], [ -110.005792639837793, 55.071365900032411, 0.0 ], [ -110.005792925217193, 55.074978997797942, 0.0 ], [ -110.005793225331104, 55.078592107341343, 0.0 ], [ -110.005793506739806, 55.082205207484122, 0.0 ], [ -110.005793529028693, 55.082476228752043, 0.0 ], [ -110.005793817925294, 55.085999003531981, 0.0 ], [ -110.005794101304502, 55.089612088266392, 0.0 ], [ -110.0057943813527, 55.093225203839907, 0.0 ], [ -110.005794633434107, 55.096838308732323, 0.0 ], [ -110.005794913098399, 55.100451410627748, 0.0 ], [ -110.005795165130607, 55.104064499155498, 0.0 ], [ -110.005795446641599, 55.107677607268378, 0.0 ], [ -110.005795697618794, 55.111290700094173, 0.0 ], [ -110.005795718761803, 55.111471379784383, 0.0 ], [ -110.005795926744497, 55.115084398273609, 0.0 ], [ -110.0057961014965, 55.118697410367091, 0.0 ], [ -110.005796289001594, 55.122310412553233, 0.0 ], [ -110.005796472852197, 55.125923410459151, 0.0 ], [ -110.005796666101801, 55.12953642532505, 0.0 ], [ -110.005796824774393, 55.133149431939948, 0.0 ], [ -110.005797011281302, 55.136762433767963, 0.0 ], [ -110.005797168900799, 55.140375432079729, 0.0 ], [ -110.005797203483397, 55.140646577436307, 0.0 ], [ -110.005797368258797, 55.144169103857493, 0.0 ], [ -110.005797509884403, 55.147782092325947, 0.0 ], [ -110.005797680692297, 55.15139509046552, 0.0 ], [ -110.005797802499004, 55.155008082462913, 0.0 ], [ -110.005797977073797, 55.158621071597423, 0.0 ], [ -110.005798126331499, 55.162234053762141, 0.0 ], [ -110.005798257072499, 55.165847049940403, 0.0 ], [ -110.005798378918598, 55.169460033522313, 0.0 ], [ -110.005798388962006, 55.169731178451492, 0.0 ], [ -110.005798494916405, 55.173253680301713, 0.0 ], [ -110.005798591380696, 55.1768666536559, 0.0 ], [ -110.005798712141996, 55.180479625678487, 0.0 ], [ -110.005798803994196, 55.184092594185188, 0.0 ], [ -110.005798912878802, 55.187705569163583, 0.0 ], [ -110.0057989966554, 55.191318535381299, 0.0 ], [ -110.005799082824794, 55.194931499368288, 0.0 ], [ -110.005799159650707, 55.198544454341693, 0.0 ], [ -110.005799029255499, 55.198815606689863, 0.0 ], [ -110.005797384540102, 55.202337518544169, 0.0 ], [ -110.005795661271506, 55.205949916072022, 0.0 ], [ -110.005793948032803, 55.209562298187258, 0.0 ], [ -110.005792215061902, 55.213174676270953, 0.0 ], [ -110.005790513155105, 55.216787047006513, 0.0 ], [ -110.005788786811095, 55.220399426119883, 0.0 ], [ -110.005787060545003, 55.224011793913192, 0.0 ], [ -110.005785310286399, 55.227624166502103, 0.0 ], [ -110.005785174026698, 55.227895318294657, 0.0 ], [ -110.005783482575296, 55.231417215138087, 0.0 ], [ -110.005781751039507, 55.23502959732869, 0.0 ], [ -110.005780024072806, 55.238641957581621, 0.0 ], [ -110.005778264269793, 55.242254317766829, 0.0 ], [ -110.005776534437999, 55.245866679560642, 0.0 ], [ -110.005774746908898, 55.24947903846688, 0.0 ], [ -110.005772908648396, 55.253091338961298, 0.0 ], [ -110.005771040446305, 55.256703628705502, 0.0 ], [ -110.005770904478695, 55.256974781095522, 0.0 ], [ -110.005769096903094, 55.260496588073018, 0.0 ], [ -110.005767223450306, 55.264108890037583, 0.0 ], [ -110.005765347610904, 55.267721175180952, 0.0 ], [ -110.005763465677205, 55.271333460454279, 0.0 ], [ -110.005761598380502, 55.274945744007233, 0.0 ], [ -110.005759687800804, 55.278558009962453, 0.0 ], [ -110.005757686232101, 55.282404181417107, 0.0 ], [ -110.005755650892695, 55.286250350897582, 0.0 ], [ -110.005755690088193, 55.28652136612277, 0.0 ], [ -110.005756235891795, 55.289809294538308, 0.0 ], [ -110.0057567636009, 55.293187541617939, 0.0 ], [ -110.005757351266794, 55.29679968050236, 0.0 ], [ -110.005757906275306, 55.300411821119233, 0.0 ], [ -110.005758504535805, 55.304023962079206, 0.0 ], [ -110.005759057475004, 55.307636092550581, 0.0 ], [ -110.005759628329599, 55.311248224126928, 0.0 ], [ -110.005760151267694, 55.314860353210108, 0.0 ], [ -110.005760197734503, 55.315131517845913, 0.0 ], [ -110.005760748166395, 55.318653145002209, 0.0 ], [ -110.005761283073596, 55.322265282492417, 0.0 ], [ -110.005761838503105, 55.325877400490683, 0.0 ], [ -110.005762365633899, 55.329489523101273, 0.0 ], [ -110.005762459605293, 55.330168353790519, 0.0 ], [ -110.467611512659801, 55.331762497697603, 0.0 ], [ -110.467734376326902, 55.331762154829192, 0.0 ], [ -110.468510301264701, 55.331770017587118, 0.0 ], [ -110.620579287473802, 55.331678061355518, 0.0 ], [ -110.773965415623096, 55.331857378952627, 0.0 ], [ -110.927291474853803, 55.331591675228019, 0.0 ], [ -111.035780943849403, 55.331320287216919, 0.0 ], [ -111.038707702750003, 55.331313649784263, 0.0 ], [ -111.038776403335802, 55.331313291830128, 0.0 ], [ -111.038785840894107, 55.331311952664372, 0.0 ], [ -111.0389288396089, 55.331311225819228, 0.0 ], [ -111.039075000135796, 55.331308786733032, 0.0 ], [ -111.039281918264706, 55.331309177275372, 0.0 ], [ -111.039249594031205, 55.331309178799678, 0.0 ], [ -111.039143140236504, 55.3313101369245, 0.0 ], [ -111.040073002740002, 55.331305407947617, 0.0 ] ] ], [ [ [ -111.0389288396089, 55.331311225819228, 0.0 ], [ -111.038819500135602, 55.331313058966209, 0.0 ], [ -111.039143140236504, 55.3313101369245, 0.0 ], [ -111.0389288396089, 55.331311225819228, 0.0 ] ] ] ] } }
]
}
