{
"type": "FeatureCollection",
"name": "Name_Palliser Airshed Society",
"crs": { "type": "name", "properties": { "name": "urn:ogc:def:crs:OGC:1.3:CRS84" } },
"xy_coordinate_resolution": 1e-15,
"features": [
{ "type": "Feature", "properties": { "Name": "Palliser Airshed Society", "description": "<html xmlns:fo=\"http://www.w3.org/1999/XSL/Format\" xmlns:msxsl=\"urn:schemas-microsoft-com:xslt\">\n\n<head>\n\n<META http-equiv=\"Content-Type\" content=\"text/html\">\n\n<meta http-equiv=\"content-type\" content=\"text/html; charset=UTF-8\">\n\n</head>\n\n<body style=\"margin:0px 0px 0px 0px;overflow:auto;background:#FFFFFF;\">\n\n<table style=\"font-family:Arial,Verdana,Times;font-size:12px;text-align:left;width:100%;border-collapse:collapse;padding:3px 3px 3px 3px\">\n\n<tr style=\"text-align:center;font-weight:bold;background:#9CBCE2\">\n\n<td>Palliser Airshed Society</td>\n\n</tr>\n\n<tr>\n\n<td>\n\n<table style=\"font-family:Arial,Verdana,Times;font-size:12px;text-align:left;width:100%;border-spacing:0px; padding:3px 3px 3px 3px\">\n\n<tr>\n\n<td>FID</td>\n\n<td>2</td>\n\n</tr>\n\n<tr bgcolor=\"#D4E4F3\">\n\n<td>Name</td>\n\n<td>Palliser Airshed Society</td>\n\n</tr>\n\n<tr>\n\n<td>Abrreviati</td>\n\n<td>PAS</td>\n\n</tr>\n\n<tr bgcolor=\"#D4E4F3\">\n\n<td>YrCreated</td>\n\n<td>2003</td>\n\n</tr>\n\n<tr>\n\n<td>Shape_Leng</td>\n\n<td>1317816.35135</td>\n\n</tr>\n\n<tr bgcolor=\"#D4E4F3\">\n\n<td>Shape_Le_1</td>\n\n<td>1317816.35135</td>\n\n</tr>\n\n</table>\n\n</td>\n\n</tr>\n\n</table>\n\n</body><script type=\"text/javascript\">\n\n\t\t\t\tfunction changeImage(attElement, nameElement) {\n\n\t\t\t\tdocument.getElementById('imageAttachment').src = attElement;\n\n\t\t\t\tdocument.getElementById('imageName').innerHTML = nameElement;}\n\n\t\t\t</script></html>\n\n", "timestamp": null, "begin": null, "end": null, "altitudeMode": "clampToGround", "tessellate": -1, "extrude": 0, "visibility": -1, "drawOrder": null, "icon": null }, "geometry": { "type": "MultiPolygon", "coordinates": [ [ [ [ -110.362282853793801, 52.113981015021949, 0.0 ], [ -110.362282955421406, 52.114081873556692, 0.0 ], [ -110.362283187555306, 52.114300324936558, 0.0 ], [ -110.362290388102494, 52.121216021501183, 0.0 ], [ -110.362272345853, 52.128450970101483, 0.0 ], [ -110.362249401728704, 52.135686693779263, 0.0 ], [ -110.362231898988895, 52.142215263014059, 0.0 ], [ -110.362231474537197, 52.142375385442392, 0.0 ], [ -110.362230009228995, 52.14292183608444, 0.0 ], [ -110.362230047810598, 52.143102623810769, 0.0 ], [ -110.362230055101307, 52.143138237280013, 0.0 ], [ -110.362230080355005, 52.143405191760849, 0.0 ], [ -110.362230838559299, 52.150336766999509, 0.0 ], [ -110.362231659439004, 52.157570908261583, 0.0 ], [ -110.362231683881106, 52.157802127808388, 0.0 ], [ -110.362232201700607, 52.162430837299077, 0.0 ], [ -110.362232452667101, 52.164805026416957, 0.0 ], [ -110.362232943631497, 52.169889207903253, 0.0 ], [ -110.362232960808797, 52.170138413139149, 0.0 ], [ -110.362232740546702, 52.172036709115133, 0.0 ], [ -110.362232951865195, 52.172218704149778, 0.0 ], [ -110.362233077304694, 52.174384872067492, 0.0 ], [ -110.362232959618694, 52.174525064087213, 0.0 ], [ -110.362232960331298, 52.174616510688487, 0.0 ], [ -110.362233709001003, 52.178914942635338, 0.0 ], [ -110.362233735208903, 52.179049742014989, 0.0 ], [ -110.362233736413501, 52.179184542208901, 0.0 ], [ -110.362233760868705, 52.179319329815243, 0.0 ], [ -110.362233765686398, 52.179454122948037, 0.0 ], [ -110.362233890195498, 52.180801884392459, 0.0 ], [ -110.362233896995306, 52.180936683892583, 0.0 ], [ -110.362234233671501, 52.184737350037182, 0.0 ], [ -110.362234241185305, 52.184872149533902, 0.0 ], [ -110.362234388801099, 52.186688259191627, 0.0 ], [ -110.362235003120503, 52.193922401878453, 0.0 ], [ -110.362235627413298, 52.201156525643313, 0.0 ], [ -110.362235638775104, 52.201337305369798, 0.0 ], [ -110.362235872486295, 52.204386105557901, 0.0 ], [ -110.362235891375903, 52.204526222593543, 0.0 ], [ -110.362236002560607, 52.206107286895772, 0.0 ], [ -110.362236035313302, 52.206309235584833, 0.0 ], [ -110.362236203256202, 52.208571415488173, 0.0 ], [ -110.3622360037661, 52.20888858992501, 0.0 ], [ -110.362236488070295, 52.209143718031491, 0.0 ], [ -110.362236509315395, 52.209880467656262, 0.0 ], [ -110.362236480252903, 52.211911317065223, 0.0 ], [ -110.362236471931197, 52.212047032983719, 0.0 ], [ -110.362236602133507, 52.213421790541481, 0.0 ], [ -110.362236611460702, 52.213632719117093, 0.0 ], [ -110.362236702588604, 52.21474035072643, 0.0 ], [ -110.362236714752896, 52.214875177170647, 0.0 ], [ -110.362236783617107, 52.215805520420183, 0.0 ], [ -110.362237350214897, 52.223039623499467, 0.0 ], [ -110.362237918190004, 52.230308069995559, 0.0 ], [ -110.364392279349502, 52.230309255857833, 0.0 ], [ -110.364666052842594, 52.230309397749238, 0.0 ], [ -110.3739998742859, 52.230314034644223, 0.0 ], [ -110.385761831450594, 52.230318840446358, 0.0 ], [ -110.386056245307699, 52.23031893812518, 0.0 ], [ -110.397823701994497, 52.230324676987607, 0.0 ], [ -110.401090435924303, 52.230325806233537, 0.0 ], [ -110.402864436807604, 52.230325503479122, 0.0 ], [ -110.402981541696306, 52.230325483146437, 0.0 ], [ -110.403200824957096, 52.230325444704548, 0.0 ], [ -110.406243058964805, 52.230324863980798, 0.0 ], [ -110.406535419234402, 52.230324372968077, 0.0 ], [ -110.407987362113204, 52.230325386078427, 0.0 ], [ -110.408206856402799, 52.230325387025466, 0.0 ], [ -110.4095830845379, 52.230324238906803, 0.0 ], [ -110.4098778648614, 52.230325419943178, 0.0 ], [ -110.410119701840699, 52.230325445453097, 0.0 ], [ -110.410419221513294, 52.230325477596033, 0.0 ], [ -110.419505273944097, 52.230325959959181, 0.0 ], [ -110.419724886254599, 52.230325959277323, 0.0 ], [ -110.421637004650407, 52.230326070138908, 0.0 ], [ -110.424092429273102, 52.230326358887822, 0.0 ], [ -110.424311957501601, 52.230326359866488, 0.0 ], [ -110.430264642549901, 52.230326417292098, 0.0 ], [ -110.430483490861306, 52.230326410965297, 0.0 ], [ -110.4333989474936, 52.230326319841261, 0.0 ], [ -110.433693365697707, 52.230326300098653, 0.0 ], [ -110.440190847552103, 52.230326458791907, 0.0 ], [ -110.440205374920097, 52.230326458570488, 0.0 ], [ -110.445447685593706, 52.230326324371823, 0.0 ], [ -110.457219736116002, 52.230325156098807, 0.0 ], [ -110.457514141953993, 52.23032510408742, 0.0 ], [ -110.465053679272899, 52.230322599796061, 0.0 ], [ -110.465284762261504, 52.230322522592843, 0.0 ], [ -110.469271777439204, 52.230320993162771, 0.0 ], [ -110.481037443500099, 52.230321326219801, 0.0 ], [ -110.4813318574693, 52.230321313851483, 0.0 ], [ -110.493082686463794, 52.230320462018618, 0.0 ], [ -110.497240655160496, 52.230319853294041, 0.0 ], [ -110.497614584517095, 52.230319789021578, 0.0 ], [ -110.504699958011599, 52.230318406944207, 0.0 ], [ -110.504862824142407, 52.230318369723349, 0.0 ], [ -110.505157243144595, 52.230318297846537, 0.0 ], [ -110.516914417577496, 52.230303683407627, 0.0 ], [ -110.516990329129996, 52.230303619955663, 0.0 ], [ -110.517229521601493, 52.230303425166653, 0.0 ], [ -110.526202732898795, 52.230295574598387, 0.0 ], [ -110.526388802705, 52.230295405837971, 0.0 ], [ -110.526814106685705, 52.230295012366547, 0.0 ], [ -110.528661130774196, 52.23029330217031, 0.0 ], [ -110.528955521056403, 52.230293038159843, 0.0 ], [ -110.540728491638504, 52.23029246265142, 0.0 ], [ -110.543340994250599, 52.230289778448892, 0.0 ], [ -110.543580690790407, 52.230289532889493, 0.0 ], [ -110.543820398118896, 52.230289281848677, 0.0 ], [ -110.544060109405194, 52.230289034969147, 0.0 ], [ -110.545348542891901, 52.230287680607162, 0.0 ], [ -110.545793407798001, 52.230287210139863, 0.0 ], [ -110.546672263945496, 52.230286279744902, 0.0 ], [ -110.549223343156896, 52.230283525337803, 0.0 ], [ -110.552487040151703, 52.23027992629595, 0.0 ], [ -110.552781454388693, 52.230279601701461, 0.0 ], [ -110.564266972823802, 52.230266349825797, 0.0 ], [ -110.564537224288202, 52.230266021176618, 0.0 ], [ -110.566214617931394, 52.23026398112092, 0.0 ], [ -110.567847822909798, 52.23026196212443, 0.0 ], [ -110.576221569934802, 52.230251354965567, 0.0 ], [ -110.576292995360205, 52.230251265665302, 0.0 ], [ -110.576587413475096, 52.230250535942943, 0.0 ], [ -110.576663214572093, 52.230250504504532, 0.0 ], [ -110.586730119645694, 52.230255933988282, 0.0 ], [ -110.586949635900794, 52.230256031203403, 0.0 ], [ -110.588335366464406, 52.230256695421168, 0.0 ], [ -110.600083434586395, 52.230261623525131, 0.0 ], [ -110.600377853328993, 52.230261733413087, 0.0 ], [ -110.612125940770994, 52.230265460150548, 0.0 ], [ -110.623802616916294, 52.230268008800401, 0.0 ], [ -110.623874059612902, 52.230268014534971, 0.0 ], [ -110.624168465094996, 52.230268072429148, 0.0 ], [ -110.624241657059798, 52.230268072706451, 0.0 ], [ -110.625391950382706, 52.230268252592658, 0.0 ], [ -110.625615033042706, 52.230268292101208, 0.0 ], [ -110.635916583746393, 52.230269413087512, 0.0 ], [ -110.647075889617895, 52.230269624621798, 0.0 ], [ -110.6476646838086, 52.230269611110863, 0.0 ], [ -110.647959093954199, 52.230269597880898, 0.0 ], [ -110.648415418568504, 52.230269586217403, 0.0 ], [ -110.659707234421802, 52.230268584653523, 0.0 ], [ -110.671455367541199, 52.230266402275497, 0.0 ], [ -110.671749780332703, 52.230266337650541, 0.0 ], [ -110.676245426446997, 52.230265194877667, 0.0 ], [ -110.683514691588897, 52.230262974963011, 0.0 ], [ -110.683629350541594, 52.23026293636962, 0.0 ], [ -110.684692330115794, 52.230262568250261, 0.0 ], [ -110.695281970872699, 52.230258432127251, 0.0 ], [ -110.695576372086506, 52.230258295699031, 0.0 ], [ -110.707324530075695, 52.230252559769418, 0.0 ], [ -110.715414468226399, 52.230247932880168, 0.0 ], [ -110.715637499460499, 52.230247797859228, 0.0 ], [ -110.719072662690806, 52.230245655980397, 0.0 ], [ -110.719367081940405, 52.23024547412475, 0.0 ], [ -110.731115728894906, 52.230245203246589, 0.0 ], [ -110.742864383158803, 52.230243755709147, 0.0 ], [ -110.743158790918997, 52.23024369925939, 0.0 ], [ -110.754910387233707, 52.23023922622513, 0.0 ], [ -110.763132664769003, 52.230235400265748, 0.0 ], [ -110.763396543595107, 52.230235276295282, 0.0 ], [ -110.766661912594301, 52.230233585815633, 0.0 ], [ -110.766956297504095, 52.230233436546413, 0.0 ], [ -110.778708496119904, 52.230228694327131, 0.0 ], [ -110.779732489243202, 52.230228210360387, 0.0 ], [ -110.782004999848596, 52.230227139595968, 0.0 ], [ -110.782520981020795, 52.230226892439681, 0.0 ], [ -110.790460686055198, 52.230222756306169, 0.0 ], [ -110.790755097701904, 52.23022260870173, 0.0 ], [ -110.802503228724504, 52.230215550512632, 0.0 ], [ -110.811740090582205, 52.230209192450133, 0.0 ], [ -110.812034489924898, 52.230208981222162, 0.0 ], [ -110.814251329029503, 52.230207342526121, 0.0 ], [ -110.814545729824701, 52.230207128661867, 0.0 ], [ -110.826294951689903, 52.230200212368622, 0.0 ], [ -110.837674890214998, 52.230192383041278, 0.0 ], [ -110.838047998546401, 52.230192118500973, 0.0 ], [ -110.838342412810604, 52.230191906729509, 0.0 ], [ -110.838567006390903, 52.230191545983537, 0.0 ], [ -110.850089239919001, 52.230172665864693, 0.0 ], [ -110.861836050372702, 52.230152251865313, 0.0 ], [ -110.862130431396594, 52.230151723764351, 0.0 ], [ -110.873887941889805, 52.230151883714008, 0.0 ], [ -110.885645455675302, 52.230150887900997, 0.0 ], [ -110.885939856149903, 52.230150850774272, 0.0 ], [ -110.897712902426406, 52.23014866140722, 0.0 ], [ -110.909485905313005, 52.230145279217723, 0.0 ], [ -110.909780313391096, 52.230145182667187, 0.0 ], [ -110.9177868958418, 52.230142194335542, 0.0 ], [ -110.921553289795995, 52.230140625613188, 0.0 ], [ -110.9244927745913, 52.230139130774113, 0.0 ], [ -110.930371771142603, 52.230135927900648, 0.0 ], [ -110.933311266227804, 52.230134225590582, 0.0 ], [ -110.933605694658397, 52.230134057494688, 0.0 ], [ -110.936543254594795, 52.230132276922163, 0.0 ], [ -110.9403770701133, 52.230129837258978, 0.0 ], [ -110.945213075889896, 52.230126571766313, 0.0 ], [ -110.945360283155907, 52.230126469072758, 0.0 ], [ -110.945507477281595, 52.230126365742898, 0.0 ], [ -110.957114860709893, 52.230117711695513, 0.0 ], [ -110.957409280494801, 52.230117467509558, 0.0 ], [ -110.969131540743405, 52.23010753714555, 0.0 ], [ -110.980853780066596, 52.230096452109201, 0.0 ], [ -110.981148182574799, 52.230096161407133, 0.0 ], [ -110.989945219055002, 52.230072756824903, 0.0 ], [ -110.990333144771199, 52.23007170964997, 0.0 ], [ -110.990682145026398, 52.23007076607756, 0.0 ], [ -110.992923442976803, 52.230064688812611, 0.0 ], [ -110.997572565833806, 52.230064799088758, 0.0 ], [ -110.9978798682437, 52.230064805619513, 0.0 ], [ -111.002123298193396, 52.230064722256998, 0.0 ], [ -111.004678301217098, 52.230064591513703, 0.0 ], [ -111.004972721765299, 52.230064577477563, 0.0 ], [ -111.016710900207599, 52.230081564579841, 0.0 ], [ -111.028449115819299, 52.230097356110377, 0.0 ], [ -111.028743515809495, 52.230097730954071, 0.0 ], [ -111.040510428399202, 52.230112381172219, 0.0 ], [ -111.052277630083395, 52.230125850275222, 0.0 ], [ -111.052572032721798, 52.230126159259832, 0.0 ], [ -111.064323716815693, 52.230137351720927, 0.0 ], [ -111.076075849077299, 52.230147396624197, 0.0 ], [ -111.076370268516797, 52.230147627700212, 0.0 ], [ -111.088124910567103, 52.230152265817793, 0.0 ], [ -111.099879332271897, 52.230155748069642, 0.0 ], [ -111.100173753050001, 52.230155825114743, 0.0 ], [ -111.111934459585598, 52.230160198750532, 0.0 ], [ -111.123695163919393, 52.230163681760637, 0.0 ], [ -111.123989576152795, 52.230163783509823, 0.0 ], [ -111.135757836621295, 52.230167028965838, 0.0 ], [ -111.147526125335304, 52.230169343739888, 0.0 ], [ -111.147820510489794, 52.230169413759342, 0.0 ], [ -111.1478205054255, 52.230079000435047, 0.0 ], [ -111.147820626731999, 52.222943000314693, 0.0 ], [ -111.147821380491393, 52.21988180713894, 0.0 ], [ -111.147821410679597, 52.219747025641077, 0.0 ], [ -111.147822397829998, 52.215708645584421, 0.0 ], [ -111.147822569256803, 52.208472032427267, 0.0 ], [ -111.147822632090396, 52.20418996604046, 0.0 ], [ -111.147822621382701, 52.20405515420957, 0.0 ], [ -111.147822665454697, 52.201237451141637, 0.0 ], [ -111.147822664893795, 52.201056611715202, 0.0 ], [ -111.147822385742003, 52.200611947388118, 0.0 ], [ -111.147821710478894, 52.199516437849063, 0.0 ], [ -111.147818185769196, 52.193831218003012, 0.0 ], [ -111.147813900000301, 52.186600171417531, 0.0 ], [ -111.147810270978297, 52.180145507432037, 0.0 ], [ -111.147810077411705, 52.179806996645191, 0.0 ], [ -111.147810033330401, 52.179732081166598, 0.0 ], [ -111.147809837590103, 52.179370532905317, 0.0 ], [ -111.147806237988306, 52.172963332492102, 0.0 ], [ -111.147805778779201, 52.172140899486728, 0.0 ], [ -111.147805662456705, 52.171960125974863, 0.0 ], [ -111.153191392407095, 52.171946679558147, 0.0 ], [ -111.153795315515694, 52.171945151658228, 0.0 ], [ -111.154105166188302, 52.171944370523192, 0.0 ], [ -111.159562645941705, 52.171930446814329, 0.0 ], [ -111.171315571649799, 52.171902284359511, 0.0 ], [ -111.1716093067743, 52.171901690178252, 0.0 ], [ -111.183383392766004, 52.171947586100103, 0.0 ], [ -111.190894144135996, 52.171976379341537, 0.0 ], [ -111.191117014640298, 52.171977212150757, 0.0 ], [ -111.195157719779104, 52.171992513911491, 0.0 ], [ -111.195451646822605, 52.171993610413317, 0.0 ], [ -111.195461180551305, 52.164777727158608, 0.0 ], [ -111.195467648732304, 52.157559094169713, 0.0 ], [ -111.195455641687303, 52.150322190350742, 0.0 ], [ -111.195454414774403, 52.144837163958911, 0.0 ], [ -111.195454110318295, 52.143453622123381, 0.0 ], [ -111.195454078776095, 52.143272686917882, 0.0 ], [ -111.195454038960605, 52.143128990291167, 0.0 ], [ -111.195454020147906, 52.143083790107802, 0.0 ], [ -111.195453986489497, 52.142903015913902, 0.0 ], [ -111.2037438418824, 52.142904775938561, 0.0 ], [ -111.205938848503706, 52.142905130412103, 0.0 ], [ -111.207203061324094, 52.14290533034562, 0.0 ], [ -111.212122106281299, 52.142905606373219, 0.0 ], [ -111.214319771780893, 52.142905541606147, 0.0 ], [ -111.218953181228997, 52.142905252302327, 0.0 ], [ -111.219247018711101, 52.142905226092132, 0.0 ], [ -111.231013228589404, 52.142901669428817, 0.0 ], [ -111.242706141710499, 52.142896816138567, 0.0 ], [ -111.242779598891502, 52.142896777420027, 0.0 ], [ -111.243073418279593, 52.142896628988311, 0.0 ], [ -111.243073501643295, 52.142851429986393, 0.0 ], [ -111.243084506181901, 52.135850009018689, 0.0 ], [ -111.243097962337799, 52.12861510623334, 0.0 ], [ -111.243110077067101, 52.121379098195142, 0.0 ], [ -111.243122758387997, 52.114143549527093, 0.0 ], [ -111.2431230474035, 52.113962788494327, 0.0 ], [ -111.243114646846493, 52.106726542159223, 0.0 ], [ -111.243105889001598, 52.099490193781747, 0.0 ], [ -111.243101591246003, 52.094141560861871, 0.0 ], [ -111.243101487650307, 52.094006773550809, 0.0 ], [ -111.2431000879332, 52.092258689767263, 0.0 ], [ -111.243094337500395, 52.085065166820748, 0.0 ], [ -111.243094311179405, 52.085019966764413, 0.0 ], [ -111.243094156385396, 52.08483919915377, 0.0 ], [ -111.243094040226694, 52.084794025026603, 0.0 ], [ -111.243082714890903, 52.077605940661662, 0.0 ], [ -111.243082958590904, 52.077428424440399, 0.0 ], [ -111.243082230473902, 52.07729361787532, 0.0 ], [ -111.243071126665498, 52.070373095288588, 0.0 ], [ -111.243057620763807, 52.063137152616271, 0.0 ], [ -111.243047722641606, 52.05590149362785, 0.0 ], [ -111.243047534852494, 52.055720719946322, 0.0 ], [ -111.243059017231005, 52.050310235745393, 0.0 ], [ -111.243061390064099, 52.049010816474571, 0.0 ], [ -111.243061595557705, 52.048889647922529, 0.0 ], [ -111.243063120250099, 52.0485067059847, 0.0 ], [ -111.243065621220694, 52.046447455665742, 0.0 ], [ -111.243066751144397, 52.045392364160897, 0.0 ], [ -111.2430742130704, 52.041385597149031, 0.0 ], [ -111.243074425513498, 52.041260473578582, 0.0 ], [ -111.2430922445606, 52.034661911242821, 0.0 ], [ -111.243092361322098, 52.034617079100038, 0.0 ], [ -111.243093058070002, 52.034318266329748, 0.0 ], [ -111.243093709380105, 52.034028737486892, 0.0 ], [ -111.2430937411185, 52.033869995101078, 0.0 ], [ -111.243096483349106, 52.032318885664111, 0.0 ], [ -111.243096687592299, 52.032184073168992, 0.0 ], [ -111.243104661852499, 52.02678902699995, 0.0 ], [ -111.243104894713895, 52.026608260837818, 0.0 ], [ -111.243105300851695, 52.026416336674792, 0.0 ], [ -111.243105590891204, 52.026278143135919, 0.0 ], [ -111.243105880304697, 52.026139956774593, 0.0 ], [ -111.243120117013603, 52.019375658591343, 0.0 ], [ -111.2431256382485, 52.016753845654137, 0.0 ], [ -111.243125857865394, 52.016644135890921, 0.0 ], [ -111.243129381716003, 52.014966588070379, 0.0 ], [ -111.243129677048401, 52.014827942786383, 0.0 ], [ -111.243131090963303, 52.014156413276467, 0.0 ], [ -111.243131366890395, 52.014019458317151, 0.0 ], [ -111.243135316313001, 52.012142710386023, 0.0 ], [ -111.243130048138497, 52.008126787491697, 0.0 ], [ -111.243129875727107, 52.007989741640472, 0.0 ], [ -111.243127907915706, 52.006488844817071, 0.0 ], [ -111.243127777003295, 52.0063989157698, 0.0 ], [ -111.243127663229004, 52.006308451814533, 0.0 ], [ -111.243125827826603, 52.004911799838673, 0.0 ], [ -111.243032542744899, 51.998846412131662, 0.0 ], [ -111.243030118613703, 51.998687864335501, 0.0 ], [ -111.243014634193898, 51.997681625103503, 0.0 ], [ -111.243011864757307, 51.99750086422295, 0.0 ], [ -111.243104399534204, 51.990257637611272, 0.0 ], [ -111.243064654607906, 51.98302889471708, 0.0 ], [ -111.252006991692298, 51.983054565508823, 0.0 ], [ -111.252255342286105, 51.98305526211815, 0.0 ], [ -111.254744923224806, 51.983062217277563, 0.0 ], [ -111.257104523423493, 51.983068732298022, 0.0 ], [ -111.257250917291699, 51.983069132585783, 0.0 ], [ -111.257691813873194, 51.983070338326357, 0.0 ], [ -111.257913650759505, 51.983070945159881, 0.0 ], [ -111.263240234141705, 51.983085428559647, 0.0 ], [ -111.263488776855397, 51.983086105705183, 0.0 ], [ -111.266356732139798, 51.983093802558223, 0.0 ], [ -111.2664299366607, 51.983093989096872, 0.0 ], [ -111.266722699788005, 51.983094782546168, 0.0 ], [ -111.266795898714605, 51.983094686104216, 0.0 ], [ -111.267762073621, 51.983093518587637, 0.0 ], [ -111.2679616878047, 51.983093259950607, 0.0 ], [ -111.269042571796703, 51.983091943839021, 0.0 ], [ -111.269262435971399, 51.98309167921731, 0.0 ], [ -111.272620777280295, 51.983087491581351, 0.0 ], [ -111.278518869682102, 51.983079917402478, 0.0 ], [ -111.282358019679805, 51.983075284061442, 0.0 ], [ -111.282579032749993, 51.983075020019157, 0.0 ], [ -111.290324002110594, 51.98306527740872, 0.0 ], [ -111.290616795535399, 51.983064908932988, 0.0 ], [ -111.290624460024802, 51.981529942481323, 0.0 ], [ -111.290625001666896, 51.981420373435583, 0.0 ], [ -111.290652948271401, 51.975823340896703, 0.0 ], [ -111.290667934597906, 51.972823986813573, 0.0 ], [ -111.290687280645002, 51.968950644058687, 0.0 ], [ -111.290683972566299, 51.968754811777458, 0.0 ], [ -111.292596778038302, 51.968753675475632, 0.0 ], [ -111.304270490747896, 51.968745971336709, 0.0 ], [ -111.3045631823137, 51.968745758606417, 0.0 ], [ -111.316236881326503, 51.968736873143158, 0.0 ], [ -111.327910516563506, 51.968723219908192, 0.0 ], [ -111.328203194552998, 51.968722755238232, 0.0 ], [ -111.339898543783605, 51.968713980212932, 0.0 ], [ -111.351593690324805, 51.968703030490111, 0.0 ], [ -111.3518863676628, 51.968702707440677, 0.0 ], [ -111.362091749708199, 51.968695073998987, 0.0 ], [ -111.363470182510895, 51.968693887529149, 0.0 ], [ -111.375053778919593, 51.968683518471373, 0.0 ], [ -111.375346411113298, 51.968683240838871, 0.0 ], [ -111.385963078876202, 51.968671858664017, 0.0 ], [ -111.387022361608103, 51.968670717246972, 0.0 ], [ -111.387154781546698, 51.968670581729299, 0.0 ], [ -111.387410782305594, 51.968670310504407, 0.0 ], [ -111.3986967128061, 51.968658199388742, 0.0 ], [ -111.398989345537302, 51.968657870048133, 0.0 ], [ -111.407474934133404, 51.968645243940983, 0.0 ], [ -111.408366986363106, 51.968643985020542, 0.0 ], [ -111.410670909611, 51.968640546302993, 0.0 ], [ -111.415494032894799, 51.968634094091691, 0.0 ], [ -111.415723516781895, 51.968633790765338, 0.0 ], [ -111.417368427132203, 51.968631939312402, 0.0 ], [ -111.417590143823702, 51.968631694499912, 0.0 ], [ -111.4192669116117, 51.968628178045492, 0.0 ], [ -111.4194888404582, 51.968628029695097, 0.0 ], [ -111.422343538263206, 51.968626222389886, 0.0 ], [ -111.422636100164297, 51.968626022739819, 0.0 ], [ -111.430017177972303, 51.968630435011427, 0.0 ], [ -111.430194984871093, 51.968630531647861, 0.0 ], [ -111.434314566801902, 51.968632789292478, 0.0 ], [ -111.445997298858799, 51.968638103817959, 0.0 ], [ -111.446289962387198, 51.968638253248209, 0.0 ], [ -111.456913888687595, 51.968651567271053, 0.0 ], [ -111.457959095268507, 51.968652799414357, 0.0 ], [ -111.469631296958497, 51.968654501347018, 0.0 ], [ -111.469923982124399, 51.968654540327393, 0.0 ], [ -111.481596152622402, 51.968655054704492, 0.0 ], [ -111.493197733297393, 51.96865442795886, 0.0 ], [ -111.493268347646705, 51.968654415018953, 0.0 ], [ -111.493561019576802, 51.968654395590207, 0.0 ], [ -111.493634200388001, 51.968654389651697, 0.0 ], [ -111.505233203076301, 51.968652594198971, 0.0 ], [ -111.507307976955502, 51.968652167827713, 0.0 ], [ -111.509505590704507, 51.968651677022088, 0.0 ], [ -111.515369269693693, 51.968650160676788, 0.0 ], [ -111.515961353304604, 51.968649980202727, 0.0 ], [ -111.516921334917399, 51.968649709007941, 0.0 ], [ -111.5172140246152, 51.968649624857797, 0.0 ], [ -111.517389043495996, 51.968649592396581, 0.0 ], [ -111.517536669357597, 51.968649554012728, 0.0 ], [ -111.518204683483901, 51.968649405662113, 0.0 ], [ -111.518429902098006, 51.968649347678507, 0.0 ], [ -111.528882737410001, 51.96864648774595, 0.0 ], [ -111.540551429836597, 51.968642196938802, 0.0 ], [ -111.540844093895601, 51.968642062141022, 0.0 ], [ -111.552515400467897, 51.968636588424218, 0.0 ], [ -111.564186700058201, 51.968629955550121, 0.0 ], [ -111.564479384224001, 51.968629761542729, 0.0 ], [ -111.576146774228107, 51.968631070094148, 0.0 ], [ -111.587813678962902, 51.968629197943038, 0.0 ], [ -111.588106350006797, 51.968629113847129, 0.0 ], [ -111.599776398372796, 51.968624403366263, 0.0 ], [ -111.6114459564062, 51.968620994697829, 0.0 ], [ -111.611739974760596, 51.968618226998643, 0.0 ], [ -111.623407985308802, 51.96862224532601, 0.0 ], [ -111.635075225812002, 51.968623908217602, 0.0 ], [ -111.635368666745194, 51.968625166313153, 0.0 ], [ -111.647028835083603, 51.968615668259673, 0.0 ], [ -111.650631863443706, 51.968613242430642, 0.0 ], [ -111.650850088159501, 51.96861309491684, 0.0 ], [ -111.658690115844095, 51.968607421706672, 0.0 ], [ -111.658981476833702, 51.968604725754531, 0.0 ], [ -111.670671041083693, 51.968597801002481, 0.0 ], [ -111.671343298779703, 51.968597801611253, 0.0 ], [ -111.682312971671394, 51.968597593659119, 0.0 ], [ -111.682605250459503, 51.968597574380723, 0.0 ], [ -111.682678314714195, 51.968597657926672, 0.0 ], [ -111.694278111173304, 51.968599662920269, 0.0 ], [ -111.704758242060095, 51.968599197624073, 0.0 ], [ -111.704976190971195, 51.968599410638532, 0.0 ], [ -111.705952397311094, 51.968599340185357, 0.0 ], [ -111.706245075251999, 51.968599417235488, 0.0 ], [ -111.717885670909396, 51.96860531193775, 0.0 ], [ -111.722200028607901, 51.968607195393197, 0.0 ], [ -111.722418232790602, 51.968607293176831, 0.0 ], [ -111.729526385061504, 51.968610052809439, 0.0 ], [ -111.729819055142201, 51.968610156388451, 0.0 ], [ -111.741459778977799, 51.968613715904773, 0.0 ], [ -111.753100465357207, 51.968616120890871, 0.0 ], [ -111.753393144869605, 51.968616173197397, 0.0 ], [ -111.765033779055599, 51.968617404182979, 0.0 ], [ -111.766628624754006, 51.968617481203303, 0.0 ], [ -111.769810347046004, 51.968617577327393, 0.0 ], [ -111.774228903012599, 51.968617570341507, 0.0 ], [ -111.776674406806706, 51.968617493265128, 0.0 ], [ -111.776967092348599, 51.968617479808323, 0.0 ], [ -111.777552419948506, 51.968617692462928, 0.0 ], [ -111.788649364343598, 51.96862124756241, 0.0 ], [ -111.800333379795703, 51.968623858780909, 0.0 ], [ -111.800625883654902, 51.968623857924953, 0.0 ], [ -111.812274718313205, 51.96862235335346, 0.0 ], [ -111.823929785769295, 51.968619326718148, 0.0 ], [ -111.824222529033094, 51.96861797787642, 0.0 ], [ -111.835861084721103, 51.968612512141817, 0.0 ], [ -111.847505217309603, 51.968604600631132, 0.0 ], [ -111.847797887560404, 51.968604381521558, 0.0 ], [ -111.854013097180101, 51.968605710247807, 0.0 ], [ -111.858480167263707, 51.968606477430221, 0.0 ], [ -111.859467058694193, 51.968606587341718, 0.0 ], [ -111.860653169113107, 51.968606832273608, 0.0 ], [ -111.861710793689596, 51.968607025603802, 0.0 ], [ -111.861777303359105, 51.968607037966379, 0.0 ], [ -111.8618073176102, 51.968607044972103, 0.0 ], [ -111.861904568038, 51.968607070142859, 0.0 ], [ -111.868740821763197, 51.968608114376238, 0.0 ], [ -111.871139963479493, 51.968606978609579, 0.0 ], [ -111.871433718167907, 51.968606141009367, 0.0 ], [ -111.883104277460504, 51.968610287697167, 0.0 ], [ -111.894775556108996, 51.968609911926933, 0.0 ], [ -111.895068261157206, 51.968609899016258, 0.0 ], [ -111.906730197698295, 51.968608298024542, 0.0 ], [ -111.911621400729601, 51.968605380771777, 0.0 ], [ -111.918396304919, 51.968601013244388, 0.0 ], [ -111.918688987736104, 51.968600812245249, 0.0 ], [ -111.930336779275294, 51.968592352742178, 0.0 ], [ -111.941984606722102, 51.968582745057631, 0.0 ], [ -111.942277297447603, 51.968582487313881, 0.0 ], [ -111.953925156970598, 51.968571698753408, 0.0 ], [ -111.965573012352294, 51.96855974931114, 0.0 ], [ -111.965865702243505, 51.968559433696647, 0.0 ], [ -111.977513614920497, 51.968546315762516, 0.0 ], [ -111.989161553082596, 51.968532049441571, 0.0 ], [ -111.989454230848096, 51.968531669371643, 0.0 ], [ -112.001132201146604, 51.968535893485289, 0.0 ], [ -112.005568084482306, 51.968537170128158, 0.0 ], [ -112.005790736098504, 51.968047435117782, 0.0 ], [ -112.005884891333196, 51.967705300082748, 0.0 ], [ -112.005960266316094, 51.967174699168027, 0.0 ], [ -112.0059445949897, 51.966474208885231, 0.0 ], [ -112.005882025695797, 51.966277124744302, 0.0 ], [ -112.005669052359593, 51.965856771255652, 0.0 ], [ -112.005549123421702, 51.965696100543141, 0.0 ], [ -112.004973774867906, 51.965161939072132, 0.0 ], [ -112.004791775074295, 51.964992950955541, 0.0 ], [ -112.004701723171493, 51.964867970264571, 0.0 ], [ -112.004640156321798, 51.964715789844078, 0.0 ], [ -112.004588330691007, 51.964347951706273, 0.0 ], [ -112.004609878135497, 51.963359705993071, 0.0 ], [ -112.0046172898424, 51.962389538098158, 0.0 ], [ -112.0046936824223, 51.96190384068489, 0.0 ], [ -112.004725399509596, 51.961786892440571, 0.0 ], [ -112.004747426616603, 51.961705770561473, 0.0 ], [ -112.004831645866403, 51.961570312069512, 0.0 ], [ -112.005102837203694, 51.961343440831193, 0.0 ], [ -112.005290031932603, 51.961261002298343, 0.0 ], [ -112.006069825796004, 51.960993789331873, 0.0 ], [ -112.006414798415804, 51.960811189233972, 0.0 ], [ -112.006686115578702, 51.960620317823363, 0.0 ], [ -112.0071376268329, 51.960005654652228, 0.0 ], [ -112.007378322036402, 51.959716163142893, 0.0 ], [ -112.008067295476906, 51.958668382316937, 0.0 ], [ -112.008505928391401, 51.958071569793937, 0.0 ], [ -112.008688541625602, 51.957782569290387, 0.0 ], [ -112.008842309011897, 51.95749377626597, 0.0 ], [ -112.009193936111799, 51.956960801210073, 0.0 ], [ -112.0093890372857, 51.956581846322692, 0.0 ], [ -112.0094734443622, 51.956455382495548, 0.0 ], [ -112.0097440513469, 51.95620154376406, 0.0 ], [ -112.010532290942905, 51.955682755871777, 0.0 ], [ -112.010831572759599, 51.955410710682763, 0.0 ], [ -112.010944657838493, 51.95526601392465, 0.0 ], [ -112.011013329314295, 51.955085781964243, 0.0 ], [ -112.0110157404728, 51.954550253999678, 0.0 ], [ -112.011015746165995, 51.954546820672327, 0.0 ], [ -112.011091674906396, 51.954043143109807, 0.0 ], [ -112.011100148334904, 51.953773608579453, 0.0 ], [ -112.011154076114494, 51.953584504642379, 0.0 ], [ -112.011376126330703, 51.953115523177132, 0.0 ], [ -112.011399728389705, 51.952872781708429, 0.0 ], [ -112.011382159057106, 51.952738201410391, 0.0 ], [ -112.011376113961902, 51.952486781710157, 0.0 ], [ -112.011429778363095, 51.952288723768469, 0.0 ], [ -112.011611197056794, 51.95194582013503, 0.0 ], [ -112.011709682407997, 51.951801259281893, 0.0 ], [ -112.011965837704494, 51.95155652303027, 0.0 ], [ -112.012109164879305, 51.951465472060477, 0.0 ], [ -112.012928632093704, 51.951225058577947, 0.0 ], [ -112.012959837687305, 51.951215916711668, 0.0 ], [ -112.013221191718998, 51.951198277951192, 0.0 ], [ -112.013264604771706, 51.951195342943642, 0.0 ], [ -112.013526210629095, 51.951193097539559, 0.0 ], [ -112.014208011887504, 51.951133363206146, 0.0 ], [ -112.014758405597306, 51.951047807318389, 0.0 ], [ -112.0155403401006, 51.9508431496469, 0.0 ], [ -112.016304979948799, 51.950594064515371, 0.0 ], [ -112.017140631529799, 51.950272522686227, 0.0 ], [ -112.017859213395496, 51.949916039068967, 0.0 ], [ -112.0186495347575, 51.949568174124622, 0.0 ], [ -112.019556236750205, 51.949128974368733, 0.0 ], [ -112.020330238415198, 51.948655225656033, 0.0 ], [ -112.0208730044953, 51.948255425524273, 0.0 ], [ -112.021240316826393, 51.947784979952893, 0.0 ], [ -112.021478200660994, 51.947378696575228, 0.0 ], [ -112.0215561098573, 51.947316767625878, 0.0 ], [ -112.022106413510798, 51.946879341513281, 0.0 ], [ -112.022292689502805, 51.94676094144922, 0.0 ], [ -112.022523392089397, 51.946678109111247, 0.0 ], [ -112.022740555306697, 51.946640283134442, 0.0 ], [ -112.023801787276497, 51.94664906349206, 0.0 ], [ -112.024632424991694, 51.946740650495776, 0.0 ], [ -112.024898342014794, 51.946790605579523, 0.0 ], [ -112.025683515963607, 51.946938108544053, 0.0 ], [ -112.026004040241006, 51.946971244222297, 0.0 ], [ -112.026498774659999, 51.946993876380922, 0.0 ], [ -112.026732740962402, 51.947054714672319, 0.0 ], [ -112.027070890242697, 51.94722243098844, 0.0 ], [ -112.027208252842797, 51.947319224842722, 0.0 ], [ -112.0278391118173, 51.947763682331619, 0.0 ], [ -112.0283535184914, 51.948010702027567, 0.0 ], [ -112.028515639669607, 51.948108095416458, 0.0 ], [ -112.028649111774897, 51.948223708376013, 0.0 ], [ -112.028858509714695, 51.94848238591841, 0.0 ], [ -112.029225949332201, 51.948658824496107, 0.0 ], [ -112.029766783372594, 51.948788824577377, 0.0 ], [ -112.030628433038501, 51.948960921119117, 0.0 ], [ -112.030844962023394, 51.948896159694307, 0.0 ], [ -112.030850279794805, 51.948734418348273, 0.0 ], [ -112.030853525413207, 51.948635572359883, 0.0 ], [ -112.030734581028497, 51.948519843695991, 0.0 ], [ -112.030586996328097, 51.948422320997032, 0.0 ], [ -112.030086479274601, 51.948148237419673, 0.0 ], [ -112.029938492804106, 51.948032759942322, 0.0 ], [ -112.029776370299004, 51.947935366710148, 0.0 ], [ -112.029260718582606, 51.947634457194759, 0.0 ], [ -112.028893485302703, 51.94731980540778, 0.0 ], [ -112.028845575923299, 51.947278766869211, 0.0 ], [ -112.028650924281607, 51.947028953558252, 0.0 ], [ -112.028532200792199, 51.94692220497199, 0.0 ], [ -112.028341227432094, 51.946834037597178, 0.0 ], [ -112.027243851002893, 51.946520250789803, 0.0 ], [ -112.026628568517793, 51.946310037857167, 0.0 ], [ -112.026423065721403, 51.946221992217637, 0.0 ], [ -112.026174368128395, 51.946152315062442, 0.0 ], [ -112.025197411819406, 51.946017102333293, 0.0 ], [ -112.0251615409653, 51.946015811928433, 0.0 ], [ -112.024898162318607, 51.946006321491843, 0.0 ], [ -112.024193613208794, 51.945980915074571, 0.0 ], [ -112.023669218986299, 51.94593157372298, 0.0 ], [ -112.022113064758898, 51.945891173402593, 0.0 ], [ -112.021851890149605, 51.945911399561041, 0.0 ], [ -112.021591320868296, 51.945958573754503, 0.0 ], [ -112.021374548233894, 51.946014347707113, 0.0 ], [ -112.020927508904606, 51.946170928284403, 0.0 ], [ -112.020235855431096, 51.946410302569667, 0.0 ], [ -112.019703527771497, 51.946648451253012, 0.0 ], [ -112.018697527550103, 51.947151161191577, 0.0 ], [ -112.018421785422305, 51.947315515962707, 0.0 ], [ -112.018223366015206, 51.947433948610772, 0.0 ], [ -112.0176625067636, 51.947699154917409, 0.0 ], [ -112.016955849513906, 51.947947780664947, 0.0 ], [ -112.016407119747498, 51.948060181614473, 0.0 ], [ -112.015971945526402, 51.948099858501763, 0.0 ], [ -112.015665101287496, 51.948030639261837, 0.0 ], [ -112.015385889156605, 51.947898323024241, 0.0 ], [ -112.0147973652643, 51.947313528999899, 0.0 ], [ -112.014686844077204, 51.947203722535249, 0.0 ], [ -112.014553585697399, 51.947097084615528, 0.0 ], [ -112.014411314348706, 51.946595303639413, 0.0 ], [ -112.0142447078657, 51.946300329380549, 0.0 ], [ -112.0141108308555, 51.946166755374357, 0.0 ], [ -112.013254623015996, 51.945608283768962, 0.0 ], [ -112.013220385020404, 51.945592471296052, 0.0 ], [ -112.013063667916896, 51.9455201033606, 0.0 ], [ -112.012927829545106, 51.945479574239172, 0.0 ], [ -112.012858804534901, 51.945458994065618, 0.0 ], [ -112.0121598343638, 51.945402116902478, 0.0 ], [ -112.011707107063003, 51.945307201475067, 0.0 ], [ -112.011501836254496, 51.945228116670911, 0.0 ], [ -112.011339543943194, 51.945121716277228, 0.0 ], [ -112.011220867281494, 51.945014949110991, 0.0 ], [ -112.010921751598701, 51.944640258573394, 0.0 ], [ -112.010387504160093, 51.944150800122053, 0.0 ], [ -112.010297287182496, 51.944016845653167, 0.0 ], [ -112.010235737247299, 51.943864666304847, 0.0 ], [ -112.010246840981907, 51.943711871758268, 0.0 ], [ -112.010315265798695, 51.943522645239362, 0.0 ], [ -112.010428287065096, 51.943377955518223, 0.0 ], [ -112.010599446983093, 51.943232774512992, 0.0 ], [ -112.010757272866101, 51.943141600719258, 0.0 ], [ -112.010944377578596, 51.943059149755001, 0.0 ], [ -112.011967446577501, 51.942664129528637, 0.0 ], [ -112.012125272432797, 51.942572948538611, 0.0 ], [ -112.012338202005097, 51.942346561152164, 0.0 ], [ -112.012407228779693, 51.942184283932043, 0.0 ], [ -112.012446783386295, 51.942004290521552, 0.0 ], [ -112.012462711974095, 51.941420290568537, 0.0 ], [ -112.012463710904697, 51.940818464189171, 0.0 ], [ -112.012384394806503, 51.940522729086467, 0.0 ], [ -112.012261090940598, 51.940209407476388, 0.0 ], [ -112.012156877816196, 51.940076625739927, 0.0 ], [ -112.012015066011003, 51.939895961947983, 0.0 ], [ -112.011931924256601, 51.939790052064133, 0.0 ], [ -112.011798723240005, 51.939683406699523, 0.0 ], [ -112.011651189729207, 51.939585864319987, 0.0 ], [ -112.011284505538697, 51.93943631634253, 0.0 ], [ -112.010816692436293, 51.939314574097502, 0.0 ], [ -112.009137012046693, 51.93894272282725, 0.0 ], [ -112.0084637868096, 51.938732909903422, 0.0 ], [ -112.007542942916402, 51.938498259740207, 0.0 ], [ -112.006854807332999, 51.938270593793419, 0.0 ], [ -112.006458283364395, 51.938085348791347, 0.0 ], [ -112.006000611949403, 51.937765878258951, 0.0 ], [ -112.005453186748298, 51.93733042638776, 0.0 ], [ -112.005110979215999, 51.936974039491567, 0.0 ], [ -112.004930197370399, 51.936688142675401, 0.0 ], [ -112.0048815990219, 51.936464000466287, 0.0 ], [ -112.004984803784595, 51.935879252375862, 0.0 ], [ -112.005193121194395, 51.935446322913783, 0.0 ], [ -112.005315462524507, 51.935068019548389, 0.0 ], [ -112.005351829403693, 51.934744336273297, 0.0 ], [ -112.005299617723296, 51.934358542147628, 0.0 ], [ -112.005295825427496, 51.934187916740854, 0.0 ], [ -112.005320256030899, 51.93398110352264, 0.0 ], [ -112.005389088650901, 51.933809851881549, 0.0 ], [ -112.005658734871204, 51.933520109763123, 0.0 ], [ -112.006556159135499, 51.932713006347697, 0.0 ], [ -112.006601088526295, 51.932668464460228, 0.0 ], [ -112.006684108168798, 51.932586168032813, 0.0 ], [ -112.006841515296301, 51.932477026200452, 0.0 ], [ -112.007057618805405, 51.932394348781841, 0.0 ], [ -112.007333263712098, 51.932374019588487, 0.0 ], [ -112.008597838246004, 51.932390154792976, 0.0 ], [ -112.008844191163007, 51.93236110342054, 0.0 ], [ -112.009031055212603, 51.932269670977377, 0.0 ], [ -112.009174122332794, 51.932169638601202, 0.0 ], [ -112.009301868909901, 51.932033806466819, 0.0 ], [ -112.009371281829402, 51.931889496292307, 0.0 ], [ -112.009374126664198, 51.931368489884889, 0.0 ], [ -112.009538818251499, 51.930935928454922, 0.0 ], [ -112.009875403984196, 51.930394089962867, 0.0 ], [ -112.009929081839701, 51.93019601920156, 0.0 ], [ -112.009923655354001, 51.92995352825686, 0.0 ], [ -112.009814494965198, 51.929622109589069, 0.0 ], [ -112.009465682393696, 51.928969380292479, 0.0 ], [ -112.009226584584596, 51.928675005976608, 0.0 ], [ -112.0088263076956, 51.928319134734608, 0.0 ], [ -112.008310434795305, 51.927991193499253, 0.0 ], [ -112.007677345272398, 51.927619348515549, 0.0 ], [ -112.007220169532701, 51.927317863983802, 0.0 ], [ -112.006939958868003, 51.927131612847589, 0.0 ], [ -112.006436422511896, 51.926704767573447, 0.0 ], [ -112.005782208012107, 51.926036670545713, 0.0 ], [ -112.005615595454501, 51.925732683322323, 0.0 ], [ -112.0055829501147, 51.925571277220243, 0.0 ], [ -112.005589783625794, 51.925437651318582, 0.0 ], [ -112.005593059963203, 51.925373579963207, 0.0 ], [ -112.005746221222594, 51.925075851459127, 0.0 ], [ -112.005860020265999, 51.924967089981877, 0.0 ], [ -112.006061789431399, 51.924893502629253, 0.0 ], [ -112.007646304252802, 51.924933863759087, 0.0 ], [ -112.008258397079501, 51.925018457589992, 0.0 ], [ -112.0095869251209, 51.925303489282093, 0.0 ], [ -112.010301519554005, 51.925423122048898, 0.0 ], [ -112.010348332103703, 51.92543373427884, 0.0 ], [ -112.010798023749402, 51.925535644038447, 0.0 ], [ -112.011281215802398, 51.92570217293207, 0.0 ], [ -112.011619946266293, 51.925905850595122, 0.0 ], [ -112.011947402384706, 51.926253367044829, 0.0 ], [ -112.012213525568995, 51.926457669925398, 0.0 ], [ -112.012522605251107, 51.926634663275522, 0.0 ], [ -112.012927023210196, 51.926805353941802, 0.0 ], [ -112.013219423933293, 51.926928766716593, 0.0 ], [ -112.013857444020104, 51.927198063949007, 0.0 ], [ -112.014519038193896, 51.927542682815783, 0.0 ], [ -112.014828539364402, 51.927737638003173, 0.0 ], [ -112.015080779707304, 51.927969005538372, 0.0 ], [ -112.015347928042601, 51.928218225022043, 0.0 ], [ -112.015510548057406, 51.928342566517777, 0.0 ], [ -112.015686697061895, 51.928421896005688, 0.0 ], [ -112.015803108195698, 51.928429870294657, 0.0 ], [ -112.016209264353805, 51.928399424490941, 0.0 ], [ -112.017104471223902, 51.928149173168578, 0.0 ], [ -112.0173794558781, 51.928101888572549, 0.0 ], [ -112.017655877370402, 51.928117462707597, 0.0 ], [ -112.017875187123806, 51.928178450290723, 0.0 ], [ -112.018463180919596, 51.928478772946193, 0.0 ], [ -112.018801574906107, 51.928664482298949, 0.0 ], [ -112.019036038970299, 51.928752275871723, 0.0 ], [ -112.019284199518793, 51.92880402445136, 0.0 ], [ -112.019522611815901, 51.928815346784162, 0.0 ], [ -112.019924219822002, 51.928834417922893, 0.0 ], [ -112.020549483725702, 51.928855952982182, 0.0 ], [ -112.021030917493604, 51.928941604517888, 0.0 ], [ -112.021543032581903, 51.929098850028083, 0.0 ], [ -112.021878373487297, 51.929149836904081, 0.0 ], [ -112.022269993404805, 51.929119501432943, 0.0 ], [ -112.022775199271507, 51.928971391385382, 0.0 ], [ -112.023149026944694, 51.928797482740727, 0.0 ], [ -112.023708439860599, 51.928478236511992, 0.0 ], [ -112.024195007301998, 51.928150636734443, 0.0 ], [ -112.024508666276404, 51.927887430238179, 0.0 ], [ -112.024735174465206, 51.927624972296648, 0.0 ], [ -112.024833608180501, 51.92748039783546, 0.0 ], [ -112.024893575757304, 51.927280391608818, 0.0 ], [ -112.024968644925906, 51.927030088512922, 0.0 ], [ -112.024977033954301, 51.926760546306127, 0.0 ], [ -112.024893401652704, 51.926512681975147, 0.0 ], [ -112.024774510551694, 51.926160475171521, 0.0 ], [ -112.024607981900203, 51.925865507750899, 0.0 ], [ -112.024368413366005, 51.925553203778598, 0.0 ], [ -112.0242350826272, 51.925435326448209, 0.0 ], [ -112.024086695274306, 51.925304139379307, 0.0 ], [ -112.023600592326801, 51.925011945947681, 0.0 ], [ -112.022880264750697, 51.924640939673822, 0.0 ], [ -112.022397049950698, 51.92447446899606, 0.0 ], [ -112.021856142012595, 51.924326456085083, 0.0 ], [ -112.020283095905995, 51.924151455867261, 0.0 ], [ -112.019176502678405, 51.924044250141883, 0.0 ], [ -112.018608173549097, 51.923968321224493, 0.0 ], [ -112.018125172805995, 51.923810811457138, 0.0 ], [ -112.017743256923197, 51.923625488804127, 0.0 ], [ -112.017242281668899, 51.923315417987403, 0.0 ], [ -112.016917054721105, 51.923066720572557, 0.0 ], [ -112.016812133155597, 51.922923901140003, 0.0 ], [ -112.016780049716303, 51.92278943711576, 0.0 ], [ -112.016848628540302, 51.92260919848254, 0.0 ], [ -112.016975901095407, 51.922455405113269, 0.0 ], [ -112.017446294236393, 51.922056114347669, 0.0 ], [ -112.017602030416299, 51.921875120814533, 0.0 ], [ -112.018078616595702, 51.921107494580497, 0.0 ], [ -112.018147572581995, 51.920945211386652, 0.0 ], [ -112.018187300888698, 51.920774204475009, 0.0 ], [ -112.018197151172899, 51.920567507795226, 0.0 ], [ -112.018072235879799, 51.920182352418138, 0.0 ], [ -112.017876918748001, 51.919896591507111, 0.0 ], [ -112.017340054653502, 51.919281436952858, 0.0 ], [ -112.017159273428902, 51.918995565603652, 0.0 ], [ -112.017126184324695, 51.918816197874108, 0.0 ], [ -112.0171513714009, 51.918645314608447, 0.0 ], [ -112.017234267220104, 51.918455966180147, 0.0 ], [ -112.017347203028706, 51.918311268920377, 0.0 ], [ -112.017407300561004, 51.918201126571752, 0.0 ], [ -112.017430886444899, 51.918157849741057, 0.0 ], [ -112.017426034236607, 51.917942314329387, 0.0 ], [ -112.017321737774495, 51.917826436321228, 0.0 ], [ -112.016645130480299, 51.917455010446552, 0.0 ], [ -112.016512002357203, 51.917348372337912, 0.0 ], [ -112.016406892701596, 51.917196578719441, 0.0 ], [ -112.016461330614007, 51.917034417590642, 0.0 ], [ -112.016617852687901, 51.916889352937353, 0.0 ], [ -112.016947221164997, 51.916679913670222, 0.0 ], [ -112.017609602700603, 51.916422688433308, 0.0 ], [ -112.017767350554607, 51.916331501302871, 0.0 ], [ -112.017894801672497, 51.916186688453479, 0.0 ], [ -112.017905880656897, 51.916033887851832, 0.0 ], [ -112.017843336752094, 51.915836817408433, 0.0 ], [ -112.017589951727501, 51.915551565371167, 0.0 ], [ -112.017413048328507, 51.915436326692237, 0.0 ], [ -112.0172081184446, 51.91536624307313, 0.0 ], [ -112.016568086889393, 51.915326843068321, 0.0 ], [ -112.016363556514804, 51.915274713808607, 0.0 ], [ -112.0161868664959, 51.915168449260548, 0.0 ], [ -112.0159772664977, 51.914891811172417, 0.0 ], [ -112.015839492706206, 51.914578610588983, 0.0 ], [ -112.015649853678497, 51.913897585252521, 0.0 ], [ -112.015540504973004, 51.913557197681932, 0.0 ], [ -112.015536664457201, 51.9133865587076, 0.0 ], [ -112.015560864167597, 51.913170772323539, 0.0 ], [ -112.015683264026407, 51.912801449556262, 0.0 ], [ -112.015679632603707, 51.912639798191321, 0.0 ], [ -112.015617085605001, 51.912442719960517, 0.0 ], [ -112.015328026947202, 51.911861352996958, 0.0 ], [ -112.015246923301603, 51.911484791649578, 0.0 ], [ -112.015254721774696, 51.910968468369553, 0.0 ], [ -112.015257451427104, 51.910787688411482, 0.0 ], [ -112.015258600837896, 51.91071219795284, 0.0 ], [ -112.015297703797799, 51.910514268559233, 0.0 ], [ -112.015425561097601, 51.910387423405247, 0.0 ], [ -112.015626650464895, 51.910286919977473, 0.0 ], [ -112.015843432763205, 51.910240152254843, 0.0 ], [ -112.016075387700297, 51.910220191498112, 0.0 ], [ -112.016350277868796, 51.91017294566133, 0.0 ], [ -112.016609819655201, 51.910089874536872, 0.0 ], [ -112.016767134941304, 51.909980745670772, 0.0 ], [ -112.016851226071495, 51.909845307240502, 0.0 ], [ -112.0168292208119, 51.909513158414818, 0.0 ], [ -112.016658142982806, 51.909011642172302, 0.0 ], [ -112.016414883557999, 51.908528694584248, 0.0 ], [ -112.016132323155801, 51.908234705855939, 0.0 ], [ -112.015955844031296, 51.908137410261418, 0.0 ], [ -112.015750954384899, 51.90806731391239, 0.0 ], [ -112.015458922512096, 51.907997946034008, 0.0 ], [ -112.015049735026494, 51.907884687986531, 0.0 ], [ -112.014873271270403, 51.907787391114972, 0.0 ], [ -112.014754475704905, 51.907671642600079, 0.0 ], [ -112.014649805898301, 51.907537810151283, 0.0 ], [ -112.014617340510398, 51.907385397767797, 0.0 ], [ -112.014700599813494, 51.907214023024487, 0.0 ], [ -112.014842972122807, 51.907087055736, 0.0 ], [ -112.0151573741569, 51.906859823450823, 0.0 ], [ -112.015732307903406, 51.906594436424179, 0.0 ], [ -112.016106393749595, 51.906438539538669, 0.0 ], [ -112.016307245380403, 51.906329042236791, 0.0 ], [ -112.016362296630206, 51.906193848967639, 0.0 ], [ -112.016257618456706, 51.9060600105297, 0.0 ], [ -112.015727824867, 51.905750164788422, 0.0 ], [ -112.015302521882901, 51.905565184228116, 0.0 ], [ -112.015126262990705, 51.905476875143677, 0.0 ], [ -112.015050829249702, 51.905351771349899, 0.0 ], [ -112.015046179014902, 51.905145230014803, 0.0 ], [ -112.015063495175298, 51.904624120052617, 0.0 ], [ -112.015028611956396, 51.904363952075769, 0.0 ], [ -112.0147537210091, 51.903764519539997, 0.0 ], [ -112.014750482773806, 51.903620836251477, 0.0 ], [ -112.014783797561705, 51.903556022772079, 0.0 ], [ -112.0148339730912, 51.903458442394879, 0.0 ], [ -112.014975718996098, 51.903304526534697, 0.0 ], [ -112.015147739598603, 51.903204261578168, 0.0 ], [ -112.015663134319894, 51.902876500441707, 0.0 ], [ -112.015933932427799, 51.90264963617102, 0.0 ], [ -112.016117017853304, 51.902396571468579, 0.0 ], [ -112.016156734181095, 51.90222557092688, 0.0 ], [ -112.016108514906605, 51.902019408644193, 0.0 ], [ -112.016003642186803, 51.901876590647497, 0.0 ], [ -112.015855243475897, 51.901734145388517, 0.0 ], [ -112.015635436702397, 51.901646210057478, 0.0 ], [ -112.015402738607307, 51.901630235778192, 0.0 ], [ -112.015025869441203, 51.901660403240037, 0.0 ], [ -112.014578236042297, 51.901772009922418, 0.0 ], [ -112.014304809822903, 51.901882119633846, 0.0 ], [ -112.013872269061196, 51.902020551780481, 0.0 ], [ -112.013655507571499, 51.902067313374602, 0.0 ], [ -112.013218675470995, 51.902114952525388, 0.0 ], [ -112.013119527300404, 51.902125771318268, 0.0 ], [ -112.012926422192095, 51.902189300292051, 0.0 ], [ -112.012615017126194, 51.902291739045047, 0.0 ], [ -112.012127009996604, 51.902547397493862, 0.0 ], [ -112.011508744491607, 51.902822127014062, 0.0 ], [ -112.011089926993506, 51.902924494340652, 0.0 ], [ -112.010932629367801, 51.903033616941073, 0.0 ], [ -112.010877378524597, 51.903159830334232, 0.0 ], [ -112.010863056161597, 51.90355732688564, 0.0 ], [ -112.010850493066002, 51.903905565650327, 0.0 ], [ -112.010753313062096, 51.904103991616921, 0.0 ], [ -112.010596816912496, 51.904249030200319, 0.0 ], [ -112.010410067163505, 51.904340449189597, 0.0 ], [ -112.010192898785405, 51.904369269109687, 0.0 ], [ -112.009871862759297, 51.904300152788259, 0.0 ], [ -112.009724447853799, 51.904202610293488, 0.0 ], [ -112.009619797641903, 51.904068778075832, 0.0 ], [ -112.009572843145307, 51.903916475154652, 0.0 ], [ -112.009629062558403, 51.903558429797997, 0.0 ], [ -112.009636383769106, 51.903511720338948, 0.0 ], [ -112.009629158400699, 51.903188423667878, 0.0 ], [ -112.009509371149093, 51.90302776593856, 0.0 ], [ -112.009318621588804, 51.902939578754747, 0.0 ], [ -112.009056900335906, 51.902923842644213, 0.0 ], [ -112.008419846466396, 51.903010140226513, 0.0 ], [ -112.007769711494802, 51.90315941695367, 0.0 ], [ -112.007076816376497, 51.903344991470398, 0.0 ], [ -112.006542229418699, 51.903466333253057, 0.0 ], [ -112.005730763974796, 51.903545127057463, 0.0 ], [ -112.005599957394907, 51.903562153374523, 0.0 ], [ -112.004992304683995, 51.903641243475462, 0.0 ], [ -112.004397814867104, 51.903682236860121, 0.0 ], [ -112.002858008706198, 51.90365942423059, 0.0 ], [ -112.001492415382799, 51.903635107992919, 0.0 ], [ -112.001243498694805, 51.903617515260351, 0.0 ], [ -112.000925180432901, 51.90359501810844, 0.0 ], [ -112.000917569841505, 51.90356630237094, 0.0 ], [ -112.000438072361803, 51.901757127764768, 0.0 ], [ -112.000060877750698, 51.90138654670978, 0.0 ], [ -111.999872295578697, 51.90110732151954, 0.0 ], [ -111.999509257369297, 51.900208488627342, 0.0 ], [ -111.999312309556004, 51.899528559831587, 0.0 ], [ -111.999234380661207, 51.898991108208087, 0.0 ], [ -111.999319611770105, 51.897836824663422, 0.0 ], [ -111.999462623547103, 51.89735190146429, 0.0 ], [ -111.999539909483602, 51.897210765922686, 0.0 ], [ -111.999679464136307, 51.897099888440508, 0.0 ], [ -111.999853223738896, 51.897022540521931, 0.0 ], [ -112.000063037651202, 51.896958268941333, 0.0 ], [ -112.000313200214094, 51.896926565803852, 0.0 ], [ -112.000529386864997, 51.896875353210689, 0.0 ], [ -112.000660754079206, 51.896771352289527, 0.0 ], [ -112.000728476491503, 51.896628959819751, 0.0 ], [ -112.000755928910195, 51.896335043592977, 0.0 ], [ -112.000764909346302, 51.896238695444097, 0.0 ], [ -112.000734657138693, 51.8958937140427, 0.0 ], [ -112.000700360415607, 51.895777643146147, 0.0 ], [ -112.000466831893604, 51.895690049485097, 0.0 ], [ -111.999887107602007, 51.895621726922442, 0.0 ], [ -111.999670379666398, 51.895571972571247, 0.0 ], [ -111.999503307179793, 51.895486946352698, 0.0 ], [ -111.999409515920306, 51.895365423959028, 0.0 ], [ -111.999478993189001, 51.895204172870777, 0.0 ], [ -111.999610915435795, 51.895088295086403, 0.0 ], [ -112.0001421669769, 51.894829463022759, 0.0 ], [ -112.000464056685601, 51.894606320860888, 0.0 ], [ -112.000705417053894, 51.894339495164488, 0.0 ], [ -112.000775502766402, 51.893770591265117, 0.0 ], [ -112.000712121036699, 51.893017881620352, 0.0 ], [ -112.000672804078306, 51.892890385135182, 0.0 ], [ -112.000451476278599, 51.892685352835478, 0.0 ], [ -112.000275624162001, 51.892414443229093, 0.0 ], [ -112.000169112592005, 51.892116172524418, 0.0 ], [ -112.000192331545506, 51.891748959482157, 0.0 ], [ -112.000326108427402, 51.891443649261788, 0.0 ], [ -112.000629364689999, 51.891020965399697, 0.0 ], [ -112.000797964576407, 51.890736288343163, 0.0 ], [ -112.000816338748606, 51.890548249760883, 0.0 ], [ -112.000793449796603, 51.890365378712858, 0.0 ], [ -112.000730669360095, 51.89021530778362, 0.0 ], [ -112.000620643698397, 51.890085951709523, 0.0 ], [ -112.000471867800798, 51.889982881580977, 0.0 ], [ -112.000292945154399, 51.889909468630307, 0.0 ], [ -112.000064680066004, 51.88986482975659, 0.0 ], [ -111.999466352685801, 51.889841185346427, 0.0 ], [ -111.999234726272803, 51.889793346775797, 0.0 ], [ -111.998854867882898, 51.889650520302581, 0.0 ], [ -111.998354165609001, 51.889367888052611, 0.0 ], [ -111.998067473045296, 51.889154372727759, 0.0 ], [ -111.998024590569003, 51.889109436723537, 0.0 ], [ -111.997835390568497, 51.888911101158953, 0.0 ], [ -111.997566829081805, 51.888682798252809, 0.0 ], [ -111.997042569977197, 51.888419152863278, 0.0 ], [ -111.996422822037403, 51.887995649689231, 0.0 ], [ -111.995854394618604, 51.887537946889509, 0.0 ], [ -111.995320318460799, 51.887242301612368, 0.0 ], [ -111.994579768905695, 51.886939714276288, 0.0 ], [ -111.994174258104593, 51.886823921249267, 0.0 ], [ -111.993822020815401, 51.886670243761067, 0.0 ], [ -111.993158921915906, 51.886297250190573, 0.0 ], [ -111.992962400854907, 51.886228411711159, 0.0 ], [ -111.9926929944899, 51.886205218198548, 0.0 ], [ -111.9924324193519, 51.886237823250262, 0.0 ], [ -111.991725600730206, 51.886389275653869, 0.0 ], [ -111.991470891215897, 51.886407404734562, 0.0 ], [ -111.990872715708207, 51.886400456512447, 0.0 ], [ -111.990609574934197, 51.886375236640973, 0.0 ], [ -111.990418018931805, 51.886292405386001, 0.0 ], [ -111.990274710471496, 51.886185160097007, 0.0 ], [ -111.990061464718394, 51.885951346994872, 0.0 ], [ -111.989994018956494, 51.885808146996602, 0.0 ], [ -111.989999185765896, 51.885641411777321, 0.0 ], [ -111.990055643735701, 51.885479379090199, 0.0 ], [ -111.990207258840698, 51.8851846632354, 0.0 ], [ -111.990385037819195, 51.885114424500173, 0.0 ], [ -111.990889993655202, 51.885061959538938, 0.0 ], [ -111.991093250387806, 51.885007282779867, 0.0 ], [ -111.991454109033896, 51.884846417920457, 0.0 ], [ -111.991605290168707, 51.884745992443342, 0.0 ], [ -111.991664884225898, 51.884592147091659, 0.0 ], [ -111.991595172928598, 51.88444078583521, 0.0 ], [ -111.991487916982393, 51.884328733850538, 0.0 ], [ -111.991337864909099, 51.884216495374872, 0.0 ], [ -111.9905079617171, 51.88377458528975, 0.0 ], [ -111.989923484346804, 51.883364062757977, 0.0 ], [ -111.989885257997003, 51.883251178900991, 0.0 ], [ -111.989736193869405, 51.883156721424143, 0.0 ], [ -111.989681212245102, 51.883006727603203, 0.0 ], [ -111.989694967318101, 51.882825624274403, 0.0 ], [ -111.989890147862795, 51.882010146507909, 0.0 ], [ -111.989774353369498, 51.881927598085717, 0.0 ], [ -111.989754218918605, 51.881913236914087, 0.0 ], [ -111.989595896837599, 51.881882495047478, 0.0 ], [ -111.989596204936007, 51.881701715015481, 0.0 ], [ -111.989669231280402, 51.881702140744423, 0.0 ], [ -111.994712083852605, 51.881731585053608, 0.0 ], [ -111.995194904056106, 51.881734398250813, 0.0 ], [ -112.001175518851099, 51.881769292758896, 0.0 ], [ -112.012927798658197, 51.881689402534441, 0.0 ], [ -112.013219913029403, 51.881687408713823, 0.0 ], [ -112.024884799963999, 51.881689904340227, 0.0 ], [ -112.036550860246905, 51.881698444632462, 0.0 ], [ -112.036842984750294, 51.88169864531428, 0.0 ], [ -112.037281138049494, 51.881698857754493, 0.0 ], [ -112.048485716087598, 51.881700766554708, 0.0 ], [ -112.060161105090003, 51.881700506778273, 0.0 ], [ -112.060453216022495, 51.881700493632017, 0.0 ], [ -112.072111804316805, 51.88169970452909, 0.0 ], [ -112.083771360535295, 51.881700556012902, 0.0 ], [ -112.084063447367498, 51.88170055552397, 0.0 ], [ -112.095714385076306, 51.881698928788033, 0.0 ], [ -112.107379115837503, 51.881696882384389, 0.0 ], [ -112.107671214014204, 51.881696818064142, 0.0 ], [ -112.119333421883596, 51.881687758566301, 0.0 ], [ -112.130985721069095, 51.881682983000942, 0.0 ], [ -112.131277838642603, 51.881682840651031, 0.0 ], [ -112.142752195704404, 51.881695323153927, 0.0 ], [ -112.154476539969806, 51.881706915280311, 0.0 ], [ -112.154768655878897, 51.881707192226258, 0.0 ], [ -112.154768661074897, 51.881251263812217, 0.0 ], [ -112.1547689064449, 51.87447845031523, 0.0 ], [ -112.154769181377105, 51.86724961137849, 0.0 ], [ -112.154769488547998, 51.860020320208733, 0.0 ], [ -112.154769813597497, 51.852791287252153, 0.0 ], [ -112.154769820690206, 51.852610513270648, 0.0 ], [ -112.154842815782501, 51.852610532750141, 0.0 ], [ -112.160482332700994, 51.852611822878288, 0.0 ], [ -112.160699997926201, 51.852611867434788, 0.0 ], [ -112.166481296293497, 51.85261289921354, 0.0 ], [ -112.178186536678197, 51.852614104200057, 0.0 ], [ -112.178478452910795, 51.852614117582007, 0.0 ], [ -112.189992204227806, 51.8526286319223, 0.0 ], [ -112.190138164669804, 51.85262880628165, 0.0 ], [ -112.190284126178696, 51.85262898678323, 0.0 ], [ -112.201797902988204, 51.852642346850033, 0.0 ], [ -112.202089826019005, 51.852642675986317, 0.0 ], [ -112.202090528857994, 51.851490275938303, 0.0 ], [ -112.202094198059498, 51.845415656428479, 0.0 ], [ -112.202098402453899, 51.838481004525448, 0.0 ], [ -112.202098571134599, 51.838188623796583, 0.0 ], [ -112.2018067321263, 51.838188262539099, 0.0 ], [ -112.201676854480795, 51.83818809466716, 0.0 ], [ -112.194339710926599, 51.838178708558701, 0.0 ], [ -112.193826195103995, 51.838178017629261, 0.0 ], [ -112.193386650424301, 51.838177450562902, 0.0 ], [ -112.190147172082504, 51.838173127421342, 0.0 ], [ -112.1895578446494, 51.838172333848092, 0.0 ], [ -112.178487661330905, 51.838156819407892, 0.0 ], [ -112.178492265074397, 51.830928032395867, 0.0 ], [ -112.178492974349695, 51.829818522545189, 0.0 ], [ -112.178494277202105, 51.827785844636338, 0.0 ], [ -112.178494381439194, 51.827617908961372, 0.0 ], [ -112.178496651543, 51.824066437066122, 0.0 ], [ -112.178496857702299, 51.823699140277299, 0.0 ], [ -112.178496980318599, 51.823518360266597, 0.0 ], [ -112.178498100626101, 51.821772586374252, 0.0 ], [ -112.1784984496405, 51.821199457530042, 0.0 ], [ -112.178501597610804, 51.816291907297853, 0.0 ], [ -112.178501906346, 51.815812443705681, 0.0 ], [ -112.178506232352703, 51.809065449783112, 0.0 ], [ -112.178214595413607, 51.809065385707932, 0.0 ], [ -112.178141696884694, 51.809065372532253, 0.0 ], [ -112.177969414321595, 51.809065327203882, 0.0 ], [ -112.166583515339099, 51.809062166328047, 0.0 ], [ -112.165389004895104, 51.809061792860128, 0.0 ], [ -112.154952466313702, 51.809057813190051, 0.0 ], [ -112.154926123165893, 51.802454890431783, 0.0 ], [ -112.154924220407395, 51.801978916097013, 0.0 ], [ -112.154923627263898, 51.801830593766311, 0.0 ], [ -112.154898889294898, 51.795626503252208, 0.0 ], [ -112.154894822655194, 51.794603309856882, 0.0 ], [ -112.154894095412601, 51.794422522138518, 0.0 ], [ -112.154602566598697, 51.79442240654349, 0.0 ], [ -112.1543168497832, 51.7944223032287, 0.0 ], [ -112.154002643534497, 51.794422155141341, 0.0 ], [ -112.153350177906006, 51.794421897198148, 0.0 ], [ -112.142936002613396, 51.794417104129913, 0.0 ], [ -112.140012995129197, 51.794415580904939, 0.0 ], [ -112.139138304834603, 51.794415116724657, 0.0 ], [ -112.138835542764298, 51.794414955662887, 0.0 ], [ -112.131269471388805, 51.794410615782773, 0.0 ], [ -112.131270514748707, 51.789827562966927, 0.0 ], [ -112.1312711463613, 51.787184627602493, 0.0 ], [ -112.131272627471006, 51.780655684262157, 0.0 ], [ -112.131272800689899, 51.779958620520368, 0.0 ], [ -112.131274424035198, 51.772732620376239, 0.0 ], [ -112.131276023002897, 51.765551806748469, 0.0 ], [ -112.131276036537997, 51.765506606967143, 0.0 ], [ -112.131276062353393, 51.765325819744078, 0.0 ], [ -112.130984700561996, 51.765325942039773, 0.0 ], [ -112.130911862227407, 51.765325967828574, 0.0 ], [ -112.119318266589104, 51.765330369210837, 0.0 ], [ -112.109230463713004, 51.765333248196342, 0.0 ], [ -112.107651785247398, 51.765333635219427, 0.0 ], [ -112.107653772046405, 51.760059293200342, 0.0 ], [ -112.107654511553406, 51.758102518564179, 0.0 ], [ -112.107653717120499, 51.750878660481483, 0.0 ], [ -112.107652553660202, 51.743649264799501, 0.0 ], [ -112.107667397241599, 51.736398471629578, 0.0 ], [ -112.107667859323399, 51.736217386787857, 0.0 ], [ -112.107668029778694, 51.735921039597422, 0.0 ], [ -112.107668014783599, 51.735786341981921, 0.0 ], [ -112.107670297588299, 51.728979212619997, 0.0 ], [ -112.107673109286907, 51.721743161709078, 0.0 ], [ -112.107675771103402, 51.714507128315638, 0.0 ], [ -112.107676641912605, 51.712187456468143, 0.0 ], [ -112.107678315460305, 51.707271263498413, 0.0 ], [ -112.107678511239399, 51.707090346879532, 0.0 ], [ -112.107678078012896, 51.70209616638266, 0.0 ], [ -112.107678058732603, 51.701961404196069, 0.0 ], [ -112.107676915900498, 51.699851972639372, 0.0 ], [ -112.107675700852099, 51.692612680604967, 0.0 ], [ -112.107675345869893, 51.691803959309937, 0.0 ], [ -112.107675274609903, 51.691651223694123, 0.0 ], [ -112.107674304430702, 51.689422062313078, 0.0 ], [ -112.107674183513794, 51.689177204425413, 0.0 ], [ -112.107673667053405, 51.687642868447298, 0.0 ], [ -112.107673286038207, 51.687413680765772, 0.0 ], [ -112.107672440551795, 51.685376726299921, 0.0 ], [ -112.107670800232697, 51.681822764975308, 0.0 ], [ -112.107670749373, 51.681716447870578, 0.0 ], [ -112.107670702988003, 51.681522171216251, 0.0 ], [ -112.107670973043298, 51.68136283590318, 0.0 ], [ -112.107670204532695, 51.678130055379171, 0.0 ], [ -112.107670167780796, 51.677949306012742, 0.0 ], [ -112.107677017296794, 51.670712576827988, 0.0 ], [ -112.107681575989801, 51.666033021953787, 0.0 ], [ -112.107683293003504, 51.664483873156527, 0.0 ], [ -112.107683316674198, 51.664463885318753, 0.0 ], [ -112.107683517650997, 51.664282299309697, 0.0 ], [ -112.107683898383996, 51.663476904375969, 0.0 ], [ -112.107682969537507, 51.663103981977457, 0.0 ], [ -112.107683361550798, 51.662969208560838, 0.0 ], [ -112.107681233763003, 51.660957633779383, 0.0 ], [ -112.107681104099399, 51.660776459733547, 0.0 ], [ -112.107680786729006, 51.660504866585221, 0.0 ], [ -112.107678017470107, 51.657896950497879, 0.0 ], [ -112.107677843693097, 51.657654427928087, 0.0 ], [ -112.107677838649394, 51.657636183123593, 0.0 ], [ -112.107676825549802, 51.656238582413692, 0.0 ], [ -112.107675849504204, 51.649240117069219, 0.0 ], [ -112.107675842548105, 51.64922703239688, 0.0 ], [ -112.107675802569602, 51.649194936503733, 0.0 ], [ -112.107675771792302, 51.649126407223143, 0.0 ], [ -112.107675772463693, 51.649056498465093, 0.0 ], [ -112.107675778054897, 51.649011265206788, 0.0 ], [ -112.107675739133398, 51.648830363052312, 0.0 ], [ -112.107675687384301, 51.648715336572252, 0.0 ], [ -112.107674059784401, 51.641601962587387, 0.0 ], [ -112.107682729665001, 51.635387987205462, 0.0 ], [ -112.107686064480504, 51.634383245924333, 0.0 ], [ -112.107674965555105, 51.631870690787977, 0.0 ], [ -112.107664320257001, 51.62715832796583, 0.0 ], [ -112.107652583728395, 51.622305817726343, 0.0 ], [ -112.107652324853902, 51.622169515938019, 0.0 ], [ -112.107648221166002, 51.619984509382313, 0.0 ], [ -112.107647890775198, 51.619807662759818, 0.0 ], [ -112.114441087531404, 51.619793081459591, 0.0 ], [ -112.114731505970198, 51.619792450319913, 0.0 ], [ -112.114733704408096, 51.612524616904317, 0.0 ], [ -112.114737683616596, 51.605293428852811, 0.0 ], [ -112.114737864418402, 51.604615488260457, 0.0 ], [ -112.114737948035099, 51.604339435133518, 0.0 ], [ -112.1147381348636, 51.603711139807807, 0.0 ], [ -112.114738167169605, 51.60357632520013, 0.0 ], [ -112.114738773041907, 51.60144600953862, 0.0 ], [ -112.114739744904796, 51.598062345296228, 0.0 ], [ -112.114740537692896, 51.597282080199889, 0.0 ], [ -112.114740585105096, 51.597238299076487, 0.0 ], [ -112.114741594672793, 51.594534635006433, 0.0 ], [ -112.114742975140004, 51.590830743934603, 0.0 ], [ -112.114743052891995, 51.590649963233602, 0.0 ], [ -112.114815608743697, 51.590650022301219, 0.0 ], [ -112.124011759301993, 51.590658105579713, 0.0 ], [ -112.124284616582202, 51.590658337320733, 0.0 ], [ -112.126363539333298, 51.590660065724151, 0.0 ], [ -112.137982161391193, 51.590670502400847, 0.0 ], [ -112.138272136199902, 51.590669896461577, 0.0 ], [ -112.143081653722902, 51.590669445351331, 0.0 ], [ -112.143262279437593, 51.590669426079948, 0.0 ], [ -112.149192041995406, 51.590668585025711, 0.0 ], [ -112.149408544062894, 51.590668553693497, 0.0 ], [ -112.149790564810601, 51.590668481803441, 0.0 ], [ -112.161234179975096, 51.590668526657169, 0.0 ], [ -112.161306502149301, 51.590668571072158, 0.0 ], [ -112.161595831264506, 51.590668725869762, 0.0 ], [ -112.161669457427294, 51.590668707141013, 0.0 ], [ -112.165334723648996, 51.590667874676228, 0.0 ], [ -112.165551245616101, 51.590668022742101, 0.0 ], [ -112.165836278470593, 51.590667274146931, 0.0 ], [ -112.166220755159102, 51.590667571536287, 0.0 ], [ -112.167176240035204, 51.590666589863289, 0.0 ], [ -112.167549955153007, 51.590666468215609, 0.0 ], [ -112.173241763736996, 51.590664569506117, 0.0 ], [ -112.180690300757604, 51.590663007488743, 0.0 ], [ -112.180906461777198, 51.590663072613893, 0.0 ], [ -112.184890036797199, 51.590662227909988, 0.0 ], [ -112.185180520619596, 51.590662142535763, 0.0 ], [ -112.186058495564893, 51.590661065049311, 0.0 ], [ -112.186592088993294, 51.590660408294021, 0.0 ], [ -112.188776068586705, 51.590657085205429, 0.0 ], [ -112.189163677250207, 51.590656555489772, 0.0 ], [ -112.196722115116103, 51.590647444770063, 0.0 ], [ -112.197574329907994, 51.590646638876983, 0.0 ], [ -112.197745328474397, 51.590647353821957, 0.0 ], [ -112.204369918520996, 51.590637082872, 0.0 ], [ -112.204543286663807, 51.5906368447367, 0.0 ], [ -112.208195093381306, 51.590631637074807, 0.0 ], [ -112.208267655427306, 51.59063152774695, 0.0 ], [ -112.208557906620101, 51.590631088258263, 0.0 ], [ -112.208630474308407, 51.590631192983338, 0.0 ], [ -112.220148598233905, 51.590648520121867, 0.0 ], [ -112.231667840984201, 51.590664203302488, 0.0 ], [ -112.231740375383396, 51.590664305525173, 0.0 ], [ -112.232030557104096, 51.59066465382454, 0.0 ], [ -112.232103093045495, 51.590664493129758, 0.0 ], [ -112.2397565977395, 51.59064601505996, 0.0 ], [ -112.239929675678397, 51.590645562081839, 0.0 ], [ -112.240289765846001, 51.59064473756878, 0.0 ], [ -112.240462881795494, 51.59064432428675, 0.0 ], [ -112.243619920910703, 51.590636271548043, 0.0 ], [ -112.250542948388699, 51.590618935570262, 0.0 ], [ -112.250851929173294, 51.590618393063806, 0.0 ], [ -112.251024974473196, 51.590617896841231, 0.0 ], [ -112.252230618671007, 51.590614354317182, 0.0 ], [ -112.252447142360396, 51.59061376780533, 0.0 ], [ -112.255214445955701, 51.590606477932631, 0.0 ], [ -112.255505342647993, 51.590605173371209, 0.0 ], [ -112.255505311581501, 51.590559986108573, 0.0 ], [ -112.255502962086993, 51.587821251906163, 0.0 ], [ -112.255502981265096, 51.587731393909188, 0.0 ], [ -112.255500251671194, 51.584931786794193, 0.0 ], [ -112.255498863230201, 51.583379740657278, 0.0 ], [ -112.255486997150797, 51.57726290222945, 0.0 ], [ -112.255486461201698, 51.576813967519101, 0.0 ], [ -112.255486333498595, 51.576707630531793, 0.0 ], [ -112.255485836187901, 51.576151391849479, 0.0 ], [ -112.255468841015997, 51.570224940096473, 0.0 ], [ -112.255468034213493, 51.569910082107292, 0.0 ], [ -112.255483046588395, 51.568962785775348, 0.0 ], [ -112.255482930108997, 51.568942172330047, 0.0 ], [ -112.255482859312394, 51.568921591445253, 0.0 ], [ -112.255482627841104, 51.568844926783918, 0.0 ], [ -112.255481957064603, 51.56862961107489, 0.0 ], [ -112.255464742999607, 51.5659858565568, 0.0 ], [ -112.255458044224696, 51.561724791679211, 0.0 ], [ -112.255459929105697, 51.561543738950448, 0.0 ], [ -112.255453855571503, 51.554327751516993, 0.0 ], [ -112.255454145119998, 51.550851326030241, 0.0 ], [ -112.255454151596595, 51.550449596579462, 0.0 ], [ -112.255454254478195, 51.549521138943007, 0.0 ], [ -112.255454266479305, 51.549109196389303, 0.0 ], [ -112.255454453955593, 51.547115829097059, 0.0 ], [ -112.255460529148195, 51.539877389709268, 0.0 ], [ -112.255464455912502, 51.532689466861939, 0.0 ], [ -112.255462255816596, 51.532639917723174, 0.0 ], [ -112.255462456294396, 51.532459983769122, 0.0 ], [ -112.255464164971798, 51.532417183460637, 0.0 ], [ -112.255466641404595, 51.525229987971578, 0.0 ], [ -112.255468040755105, 51.523162214459788, 0.0 ], [ -112.255471516048303, 51.51798978820851, 0.0 ], [ -112.255468319008003, 51.512045574356158, 0.0 ], [ -112.255467616612194, 51.510759496627351, 0.0 ], [ -112.255466531169404, 51.503570561382773, 0.0 ], [ -112.255466523651094, 51.503525360653867, 0.0 ], [ -112.255466421001302, 51.503344541639997, 0.0 ], [ -112.255462083918204, 51.496110728392708, 0.0 ], [ -112.255458565698603, 51.488886347033237, 0.0 ], [ -112.255456783797399, 51.483999488774153, 0.0 ], [ -112.255459227986606, 51.481652494838833, 0.0 ], [ -112.255456043714304, 51.474464010889683, 0.0 ], [ -112.255456006537401, 51.474418829986547, 0.0 ], [ -112.255456129453293, 51.474238069544107, 0.0 ], [ -112.255456136240397, 51.4741928761728, 0.0 ], [ -112.255456199677198, 51.474147675130297, 0.0 ], [ -112.255449101968594, 51.467000622986333, 0.0 ], [ -112.255448668665196, 51.46654998445262, 0.0 ], [ -112.255448520159405, 51.466369094196232, 0.0 ], [ -112.255441971195395, 51.459765087163397, 0.0 ], [ -112.255441454402302, 51.457467797002188, 0.0 ], [ -112.255441350764499, 51.457333003679338, 0.0 ], [ -112.255441193917903, 51.452532170287583, 0.0 ], [ -112.2554466691698, 51.445306601922908, 0.0 ], [ -112.255446649913694, 51.445125808660947, 0.0 ], [ -112.255447088009603, 51.443427563705903, 0.0 ], [ -112.255446681698899, 51.443292725251368, 0.0 ], [ -112.255449338202297, 51.437894775599979, 0.0 ], [ -112.255453020907595, 51.430664485937363, 0.0 ], [ -112.255455314704093, 51.423430226607991, 0.0 ], [ -112.255458139329406, 51.416198103458697, 0.0 ], [ -112.255458209541899, 51.416017303498549, 0.0 ], [ -112.267021966486794, 51.416014643915631, 0.0 ], [ -112.278585692482693, 51.416010855223938, 0.0 ], [ -112.278874814699194, 51.416010719659567, 0.0 ], [ -112.290433681676205, 51.416011718876319, 0.0 ], [ -112.3019914259133, 51.416011388473301, 0.0 ], [ -112.302280652898105, 51.416011381943477, 0.0 ], [ -112.313863268545603, 51.41600955471327, 0.0 ], [ -112.325427909694, 51.416006295680909, 0.0 ], [ -112.325717025559499, 51.416006198995888, 0.0 ], [ -112.331549621636796, 51.416008933538777, 0.0 ], [ -112.331764955706504, 51.416008243266553, 0.0 ], [ -112.337291234562002, 51.416011734028046, 0.0 ], [ -112.342922551362093, 51.416019906339088, 0.0 ], [ -112.343148217003105, 51.416020223069282, 0.0 ], [ -112.348863507877397, 51.416028067058207, 0.0 ], [ -112.349152552869498, 51.416028454322877, 0.0 ], [ -112.353141927733404, 51.416023647390347, 0.0 ], [ -112.353357496161394, 51.416023389658058, 0.0 ], [ -112.360716994054599, 51.416014168762132, 0.0 ], [ -112.3722869649459, 51.416003154545663, 0.0 ], [ -112.3725767904116, 51.416002909422893, 0.0 ], [ -112.3841456132063, 51.416010134464763, 0.0 ], [ -112.395698796138106, 51.416022249172833, 0.0 ], [ -112.395987918063895, 51.416022487376551, 0.0 ], [ -112.407550792927793, 51.415994589324427, 0.0 ], [ -112.419113647089901, 51.415965549409037, 0.0 ], [ -112.419402795440504, 51.415964808109983, 0.0 ], [ -112.420152923611198, 51.415964639840332, 0.0 ], [ -112.420458151421101, 51.415964568571773, 0.0 ], [ -112.430968216160196, 51.415961632524898, 0.0 ], [ -112.442533549534204, 51.415957282463538, 0.0 ], [ -112.442822690517204, 51.415957159753567, 0.0 ], [ -112.442817824040901, 51.411454128571627, 0.0 ], [ -112.442817392541102, 51.410315140082631, 0.0 ], [ -112.442817288872405, 51.410124204719843, 0.0 ], [ -112.442816552645994, 51.408752494765423, 0.0 ], [ -112.442818111774898, 51.40154489463692, 0.0 ], [ -112.454392218092096, 51.401556415542267, 0.0 ], [ -112.459930646911502, 51.401560066717352, 0.0 ], [ -112.460265129635502, 51.401560279381663, 0.0 ], [ -112.465971893036595, 51.401563144045248, 0.0 ], [ -112.466260375623406, 51.401564079079101, 0.0 ], [ -112.477735844118598, 51.40152723925619, 0.0 ], [ -112.477832694832699, 51.401526922484052, 0.0 ], [ -112.478050532445096, 51.401526148873607, 0.0 ], [ -112.482088604761202, 51.401511767069302, 0.0 ], [ -112.483615269954896, 51.40150628965872, 0.0 ], [ -112.483834128135598, 51.401505521811302, 0.0 ], [ -112.487849560578994, 51.401491005547783, 0.0 ], [ -112.488152083317701, 51.401489882610413, 0.0 ], [ -112.489400807394802, 51.401485237601086, 0.0 ], [ -112.489689832006803, 51.401484160568337, 0.0 ], [ -112.4934500587824, 51.40148305685026, 0.0 ], [ -112.493642923461607, 51.401483135095042, 0.0 ], [ -112.501272150359299, 51.40148038462867, 0.0 ], [ -112.509575895742003, 51.401476409634839, 0.0 ], [ -112.509750353106298, 51.401476312890622, 0.0 ], [ -112.512854663134505, 51.401475860645853, 0.0 ], [ -112.513143708981104, 51.401475738348701, 0.0 ], [ -112.5131417203865, 51.399809808909623, 0.0 ], [ -112.513141584728103, 51.399701241234673, 0.0 ], [ -112.513137855690701, 51.396586893088291, 0.0 ], [ -112.513137726212705, 51.396475847622717, 0.0 ], [ -112.513135054742904, 51.394239182726857, 0.0 ], [ -112.513124711646398, 51.387356607999557, 0.0 ], [ -112.513124162966903, 51.386994756251411, 0.0 ], [ -112.513124065471999, 51.386813962787947, 0.0 ], [ -112.5131234738177, 51.385787988808062, 0.0 ], [ -112.513123348662504, 51.385596911628497, 0.0 ], [ -112.513119779668799, 51.379605071956917, 0.0 ], [ -112.513119372975297, 51.376697788444467, 0.0 ], [ -112.513119230103399, 51.376585343292248, 0.0 ], [ -112.513119153050994, 51.376178678739493, 0.0 ], [ -112.513119096536101, 51.375868736498248, 0.0 ], [ -112.513118488361798, 51.37302115566726, 0.0 ], [ -112.513121913845794, 51.37274150406828, 0.0 ], [ -112.513118430878095, 51.372374336590759, 0.0 ], [ -112.512829932971002, 51.372372271891621, 0.0 ], [ -112.510369210173295, 51.372378303171722, 0.0 ], [ -112.510125622046203, 51.372378910475113, 0.0 ], [ -112.502678577537395, 51.372397008066663, 0.0 ], [ -112.502448770095995, 51.372397595457031, 0.0 ], [ -112.501246795638707, 51.372400060088466, 0.0 ], [ -112.489663689137004, 51.372425880882453, 0.0 ], [ -112.489374830911601, 51.372426583909473, 0.0 ], [ -112.486692332870106, 51.372433068505558, 0.0 ], [ -112.486475068675105, 51.372433596816592, 0.0 ], [ -112.485788725934299, 51.372435242809409, 0.0 ], [ -112.485566984173303, 51.372435816359648, 0.0 ], [ -112.485419714432794, 51.372436087512362, 0.0 ], [ -112.477818112418603, 51.372453714303489, 0.0 ], [ -112.477816142663499, 51.365236720686312, 0.0 ], [ -112.477815999913801, 51.364699314143799, 0.0 ], [ -112.477815976167506, 51.364611623552499, 0.0 ], [ -112.477818735011894, 51.360784861700211, 0.0 ], [ -112.477819631016999, 51.360617171977609, 0.0 ], [ -112.477820527261201, 51.360446810011133, 0.0 ], [ -112.477818488441997, 51.359836126550519, 0.0 ], [ -112.477818011350394, 51.359690255759887, 0.0 ], [ -112.477814339621503, 51.358593081256849, 0.0 ], [ -112.477814320232497, 51.358538306996373, 0.0 ], [ -112.477814231406597, 51.358189964774837, 0.0 ], [ -112.477815385288395, 51.358106726222388, 0.0 ], [ -112.477814798288904, 51.358017849249293, 0.0 ], [ -112.477814127216504, 51.357837010106572, 0.0 ], [ -112.466245267980696, 51.3578465856747, 0.0 ], [ -112.466245311552896, 51.357756714393673, 0.0 ], [ -112.466245414714393, 51.35753513389367, 0.0 ], [ -112.466245487242304, 51.357398165926362, 0.0 ], [ -112.466245588201005, 51.357290411590313, 0.0 ], [ -112.4662488010012, 51.35058557199433, 0.0 ], [ -112.4659600705332, 51.350585514406909, 0.0 ], [ -112.454390907070703, 51.350616695619571, 0.0 ], [ -112.454391913600205, 51.348401540936507, 0.0 ], [ -112.454391978779299, 51.348264367224523, 0.0 ], [ -112.454394169458297, 51.34342893388618, 0.0 ], [ -112.454395295773907, 51.336202275370638, 0.0 ], [ -112.454395328562995, 51.336001849924493, 0.0 ], [ -112.454396396990902, 51.328978230087152, 0.0 ], [ -112.454396418799405, 51.328797423324687, 0.0 ], [ -112.454385848647902, 51.326074357504261, 0.0 ], [ -112.454385235407798, 51.325919964425367, 0.0 ], [ -112.454384067435498, 51.325617094511252, 0.0 ], [ -112.454383668463194, 51.325514333054393, 0.0 ], [ -112.454382034972696, 51.325101087396163, 0.0 ], [ -112.454381629753399, 51.324987861658848, 0.0 ], [ -112.4543786609769, 51.324221539690143, 0.0 ], [ -112.454368008770899, 51.321483978005411, 0.0 ], [ -112.453916066183893, 51.32131736536661, 0.0 ], [ -112.452672182402594, 51.320973455634018, 0.0 ], [ -112.452239117753706, 51.320880010401709, 0.0 ], [ -112.451574194994507, 51.320708570932297, 0.0 ], [ -112.4509972539541, 51.32059893310182, 0.0 ], [ -112.450191574243505, 51.320510087878432, 0.0 ], [ -112.4498020841732, 51.320434060856677, 0.0 ], [ -112.448831419193894, 51.320113673887313, 0.0 ], [ -112.448369122610799, 51.320002610381543, 0.0 ], [ -112.447561193982196, 51.319841907290147, 0.0 ], [ -112.446580179655598, 51.319647410662427, 0.0 ], [ -112.446101605870396, 51.319473656042078, 0.0 ], [ -112.445741915929801, 51.319433172489489, 0.0 ], [ -112.445481979955204, 51.319373494794121, 0.0 ], [ -112.444758076040003, 51.319148849913489, 0.0 ], [ -112.444147160553797, 51.318868914151857, 0.0 ], [ -112.443416522903803, 51.318428740031827, 0.0 ], [ -112.442779568006301, 51.318019675500352, 0.0 ], [ -112.442490135580599, 51.317833791900227, 0.0 ], [ -112.441865629862406, 51.317432695258617, 0.0 ], [ -112.441588849958094, 51.317292366137693, 0.0 ], [ -112.440903203579495, 51.316914514553147, 0.0 ], [ -112.440553648787898, 51.316739146913747, 0.0 ], [ -112.440190605204506, 51.316590888909069, 0.0 ], [ -112.4395384437057, 51.316365327316298, 0.0 ], [ -112.438988275613099, 51.316192424196132, 0.0 ], [ -112.438246216538403, 51.315842185667023, 0.0 ], [ -112.437489531992796, 51.315483147311653, 0.0 ], [ -112.436705060265695, 51.315151398707052, 0.0 ], [ -112.4362397827514, 51.314941495342161, 0.0 ], [ -112.4356258795288, 51.314562727166212, 0.0 ], [ -112.435133862106696, 51.314331624486691, 0.0 ], [ -112.435029376745206, 51.314282566283879, 0.0 ], [ -112.434186226807398, 51.313906592447111, 0.0 ], [ -112.433820995809995, 51.313686475499409, 0.0 ], [ -112.433471777106305, 51.313520063269372, 0.0 ], [ -112.433152595159498, 51.313398192621122, 0.0 ], [ -112.432657574602004, 51.313152715365121, 0.0 ], [ -112.432089770039298, 51.312872185198358, 0.0 ], [ -112.4316107621014, 51.312680398719323, 0.0 ], [ -112.431278401098993, 51.312594630705057, 0.0 ], [ -112.430960090501003, 51.312499695672223, 0.0 ], [ -112.430901406881404, 51.31246849509877, 0.0 ], [ -112.430712303976506, 51.312367973661502, 0.0 ], [ -112.430492058174593, 51.312199973704743, 0.0 ], [ -112.430112535424598, 51.31198001879163, 0.0 ], [ -112.429836096706893, 51.31184863750034, 0.0 ], [ -112.428872806831194, 51.311294431537618, 0.0 ], [ -112.428595265580796, 51.311127121715948, 0.0 ], [ -112.4280688439827, 51.310792167105319, 0.0 ], [ -112.427891612489901, 51.310623637980292, 0.0 ], [ -112.427348637503997, 51.310217004875078, 0.0 ], [ -112.427024206058704, 51.309924508944093, 0.0 ], [ -112.426570567306101, 51.309624586921522, 0.0 ], [ -112.426320301793496, 51.309412032061722, 0.0 ], [ -112.425921204287704, 51.309021612195373, 0.0 ], [ -112.425524328694905, 51.308703025342751, 0.0 ], [ -112.425087810974404, 51.308492728380543, 0.0 ], [ -112.424766779203793, 51.308307980435252, 0.0 ], [ -112.424606939681297, 51.30823805743335, 0.0 ], [ -112.424303359821295, 51.308151851577627, 0.0 ], [ -112.423828327288604, 51.308085754416453, 0.0 ], [ -112.423611191573102, 51.30801653483843, 0.0 ], [ -112.423464849770795, 51.307919489868183, 0.0 ], [ -112.423070519542406, 51.307681715693207, 0.0 ], [ -112.422896649358606, 51.307620941470702, 0.0 ], [ -112.422463777346294, 51.307527380481197, 0.0 ], [ -112.422275017090598, 51.307448825634097, 0.0 ], [ -112.422056216095498, 51.307325703151193, 0.0 ], [ -112.421794177612895, 51.30719412917886, 0.0 ], [ -112.421285409067295, 51.307073676933697, 0.0 ], [ -112.420927867166597, 51.306989024694737, 0.0 ], [ -112.420539937926605, 51.306957813275467, 0.0 ], [ -112.420095512055397, 51.306954213249973, 0.0 ], [ -112.419326222373797, 51.306946690607361, 0.0 ], [ -112.419278241516906, 51.306946219268191, 0.0 ], [ -112.419037815185206, 51.306893013339177, 0.0 ], [ -112.418931900167195, 51.306869561108208, 0.0 ], [ -112.418612816283996, 51.306747658454761, 0.0 ], [ -112.417642659983699, 51.30642700663946, 0.0 ], [ -112.4167135456388, 51.306042961863717, 0.0 ], [ -112.415686659692298, 51.305740941428468, 0.0 ], [ -112.414690904798505, 51.305519394065229, 0.0 ], [ -112.414285058553503, 51.305371575150403, 0.0 ], [ -112.413184909907301, 51.305016522984857, 0.0 ], [ -112.412418974553503, 51.304810155103233, 0.0 ], [ -112.4116844599926, 51.304693226957518, 0.0 ], [ -112.411338415124604, 51.304625536738158, 0.0 ], [ -112.4108320129492, 51.304469917328468, 0.0 ], [ -112.410196406348405, 51.304306884765552, 0.0 ], [ -112.408996844603493, 51.303979929204893, 0.0 ], [ -112.408637308825703, 51.303939342632503, 0.0 ], [ -112.407906115881801, 51.30393015590532, 0.0 ], [ -112.407479282610794, 51.304014452431652, 0.0 ], [ -112.407421760774497, 51.304025820785093, 0.0 ], [ -112.406993888845406, 51.304093833813369, 0.0 ], [ -112.406463805825197, 51.304100201273357, 0.0 ], [ -112.406204289940405, 51.304049420410742, 0.0 ], [ -112.405715250646296, 51.303992395176259, 0.0 ], [ -112.405110528408002, 51.303900833496762, 0.0 ], [ -112.404851818227499, 51.303876974919334, 0.0 ], [ -112.403917294656196, 51.303780368961043, 0.0 ], [ -112.403067927468499, 51.303655795434182, 0.0 ], [ -112.402148849999406, 51.303594930948222, 0.0 ], [ -112.401689875165701, 51.303582452963653, 0.0 ], [ -112.401143532671696, 51.303526104979483, 0.0 ], [ -112.400538004520001, 51.303407568968368, 0.0 ], [ -112.400234145901706, 51.303312369895757, 0.0 ], [ -112.399440178121495, 51.303124214705342, 0.0 ], [ -112.398977927227904, 51.303003956751063, 0.0 ], [ -112.398342384719001, 51.30284086694531, 0.0 ], [ -112.398009880749896, 51.302746008667299, 0.0 ], [ -112.397069680403902, 51.302460757482088, 0.0 ], [ -112.396490642076998, 51.30227002721653, 0.0 ], [ -112.395952945808105, 51.302024886447242, 0.0 ], [ -112.395915389777898, 51.302014673432673, 0.0 ], [ -112.395626912571899, 51.301936118124758, 0.0 ], [ -112.3954471761825, 51.30188717041014, 0.0 ], [ -112.395087124731305, 51.301828576530838, 0.0 ], [ -112.394311073853302, 51.301756957285413, 0.0 ], [ -112.393909673739898, 51.301752751347877, 0.0 ], [ -112.393709124446204, 51.301755143301769, 0.0 ], [ -112.393308537605293, 51.301777866316577, 0.0 ], [ -112.392852563049303, 51.301864144449397, 0.0 ], [ -112.392494414935996, 51.301868389544069, 0.0 ], [ -112.391874588827903, 51.301749989993233, 0.0 ], [ -112.390243273785003, 51.301356113008602, 0.0 ], [ -112.3898375301778, 51.301208202426729, 0.0 ], [ -112.389691285416703, 51.301111112923948, 0.0 ], [ -112.388986316670497, 51.300544512612277, 0.0 ], [ -112.3885584015365, 51.300136344568863, 0.0 ], [ -112.388393051747798, 51.299868796266523, 0.0 ], [ -112.388332412992199, 51.299770692883641, 0.0 ], [ -112.388302406361106, 51.299726119101699, 0.0 ], [ -112.388264413743897, 51.299688751477881, 0.0 ], [ -112.388139947882195, 51.299566351460221, 0.0 ], [ -112.387877760938693, 51.299425712728038, 0.0 ], [ -112.387602872985298, 51.299339132220197, 0.0 ], [ -112.386341986345002, 51.298868938532252, 0.0 ], [ -112.386269005483101, 51.298824887244081, 0.0 ], [ -112.385790064673301, 51.29862391923222, 0.0 ], [ -112.385660328877506, 51.298598512490393, 0.0 ], [ -112.385588702377106, 51.298599357041439, 0.0 ], [ -112.385272457318706, 51.298567151270277, 0.0 ], [ -112.384450805780304, 51.298406190693527, 0.0 ], [ -112.384077007354307, 51.298365674459141, 0.0 ], [ -112.383916379655304, 51.298364215383423, 0.0 ], [ -112.3836469865129, 51.298361777625523, 0.0 ], [ -112.382756959635103, 51.298309397228877, 0.0 ], [ -112.382026392151204, 51.298318010463049, 0.0 ], [ -112.381152578994204, 51.29832831380083, 0.0 ], [ -112.380564178536702, 51.298299319928539, 0.0 ], [ -112.379626322196202, 51.298085764527222, 0.0 ], [ -112.378919829634, 51.29794136533156, 0.0 ], [ -112.378300915372407, 51.29784982376966, 0.0 ], [ -112.377754945549, 51.297802339327298, 0.0 ], [ -112.3768203512643, 51.297696539386813, 0.0 ], [ -112.375756570575703, 51.297583262459632, 0.0 ], [ -112.375123320115094, 51.297491881873803, 0.0 ], [ -112.374390345380604, 51.297419629985413, 0.0 ], [ -112.373845211257304, 51.297399062570513, 0.0 ], [ -112.373586557110698, 51.297375146424322, 0.0 ], [ -112.372421984117906, 51.297245056415669, 0.0 ], [ -112.372236073212306, 51.297233377935719, 0.0 ], [ -112.371948073402294, 51.297215294642292, 0.0 ], [ -112.3718190091992, 51.297207191903368, 0.0 ], [ -112.371287131787497, 51.297150527145362, 0.0 ], [ -112.370651227310205, 51.296969321308943, 0.0 ], [ -112.370074763764507, 51.296859269089921, 0.0 ], [ -112.369655608525605, 51.296738397646941, 0.0 ], [ -112.369481039753296, 51.296650604375174, 0.0 ], [ -112.369262975115106, 51.296545352855112, 0.0 ], [ -112.369175149300602, 51.296483495157347, 0.0 ], [ -112.3689957815848, 51.296234043942761, 0.0 ], [ -112.368820143601198, 51.29611032746385, 0.0 ], [ -112.368542918483996, 51.295942881189369, 0.0 ], [ -112.367961665635804, 51.295671165839572, 0.0 ], [ -112.367441200702203, 51.295515533128928, 0.0 ], [ -112.367008549799394, 51.295421759946237, 0.0 ], [ -112.366462904235604, 51.295383211242289, 0.0 ], [ -112.365733181504794, 51.295418669683883, 0.0 ], [ -112.365461283625507, 51.295430824958153, 0.0 ], [ -112.364642948319101, 51.295377463608503, 0.0 ], [ -112.364069432073705, 51.295366179780153, 0.0 ], [ -112.362980549782307, 51.295369869220309, 0.0 ], [ -112.362209440271201, 51.295459682939388, 0.0 ], [ -112.361724020426905, 51.295519231069321, 0.0 ], [ -112.361151050756604, 51.295525889407841, 0.0 ], [ -112.360712180091696, 51.295494857429787, 0.0 ], [ -112.360605393296794, 51.295487302271468, 0.0 ], [ -112.360345967320498, 51.295436418095271, 0.0 ], [ -112.3597950250617, 51.295218218699127, 0.0 ], [ -112.359271670435604, 51.294963761132827, 0.0 ], [ -112.359110786228896, 51.29485331585078, 0.0 ], [ -112.358776683694799, 51.29469998545806, 0.0 ], [ -112.357960759180202, 51.294242289971358, 0.0 ], [ -112.357758114637406, 51.294172767250913, 0.0 ], [ -112.357483043714794, 51.29407713489249, 0.0 ], [ -112.357204546497499, 51.293864754562129, 0.0 ], [ -112.356850455449603, 51.293518496703598, 0.0 ], [ -112.356586010135402, 51.293296966609773, 0.0 ], [ -112.355981287665998, 51.292711038388312, 0.0 ], [ -112.355848706717097, 51.292461354614552, 0.0 ], [ -112.355829578733804, 51.292425328277361, 0.0 ], [ -112.355765416186202, 51.292192483783431, 0.0 ], [ -112.355442410947006, 51.2914415930289, 0.0 ], [ -112.355348016544497, 51.291155212334942, 0.0 ], [ -112.355208274588904, 51.290788495203223, 0.0 ], [ -112.355197720135095, 51.290429269529582, 0.0 ], [ -112.355239686316693, 51.289907611558931, 0.0 ], [ -112.355237900136899, 51.289359528086393, 0.0 ], [ -112.355151486429094, 51.28885737369842, 0.0 ], [ -112.355089711935307, 51.288705333722987, 0.0 ], [ -112.354822680054795, 51.28839395411125, 0.0 ], [ -112.354702551047794, 51.288206657109157, 0.0 ], [ -112.354539202308601, 51.288010889565797, 0.0 ], [ -112.354319782594303, 51.287879057971431, 0.0 ], [ -112.353926595700202, 51.287640618981897, 0.0 ], [ -112.353171312105502, 51.287289985659278, 0.0 ], [ -112.352921247414002, 51.287068264465603, 0.0 ], [ -112.352699582703195, 51.286837219323267, 0.0 ], [ -112.352480260231602, 51.286687025571169, 0.0 ], [ -112.351710685385697, 51.286336572973681, 0.0 ], [ -112.351406775210904, 51.286232283939583, 0.0 ], [ -112.351044239265406, 51.286083780092959, 0.0 ], [ -112.350782510322105, 51.28595204470362, 0.0 ], [ -112.350478600083704, 51.285847761310038, 0.0 ], [ -112.349725046071498, 51.28555157983498, 0.0 ], [ -112.349506368219295, 51.285428154258547, 0.0 ], [ -112.349355702971593, 51.285352974459272, 0.0 ], [ -112.3491719894092, 51.285261309620637, 0.0 ], [ -112.349108542187906, 51.285237825976381, 0.0 ], [ -112.348819929738397, 51.285130980282332, 0.0 ], [ -112.348795425688195, 51.285121915015488, 0.0 ], [ -112.348359490562302, 51.284911316120578, 0.0 ], [ -112.347794657971605, 51.284702211946119, 0.0 ], [ -112.347173871007797, 51.284538658067568, 0.0 ], [ -112.346510657056001, 51.284393561300497, 0.0 ], [ -112.345429237964794, 51.284154432828387, 0.0 ], [ -112.344623875846494, 51.284046890797718, 0.0 ], [ -112.344322869341894, 51.284041367881507, 0.0 ], [ -112.344049998647705, 51.284017535338897, 0.0 ], [ -112.3435297344991, 51.283861800567188, 0.0 ], [ -112.343082398540702, 51.283750148360653, 0.0 ], [ -112.342778250727505, 51.283636832502651, 0.0 ], [ -112.342576198280696, 51.28358525128489, 0.0 ], [ -112.342230404201402, 51.283517341932217, 0.0 ], [ -112.341783591642297, 51.283423639028911, 0.0 ], [ -112.3411649331766, 51.283331897127503, 0.0 ], [ -112.340731650994599, 51.28321109132041, 0.0 ], [ -112.340281971545707, 51.283018593962893, 0.0 ], [ -112.339936455705597, 51.282959652157537, 0.0 ], [ -112.339388623566805, 51.282840149359522, 0.0 ], [ -112.338910565131897, 51.282656955582752, 0.0 ], [ -112.338575977167807, 51.282481103664381, 0.0 ], [ -112.338171880377303, 51.282377917360193, 0.0 ], [ -112.337564442213406, 51.282178226741642, 0.0 ], [ -112.337250525648301, 51.282107936199857, 0.0 ], [ -112.336915596801703, 51.282032910631457, 0.0 ], [ -112.336266241945694, 51.281869620625969, 0.0 ], [ -112.335628874225705, 51.281625349103223, 0.0 ], [ -112.335035241728903, 51.281407517668747, 0.0 ], [ -112.334110707099697, 51.281139549872208, 0.0 ], [ -112.333647795308593, 51.280983104894872, 0.0 ], [ -112.333197640230694, 51.280772601300583, 0.0 ], [ -112.332788879336505, 51.280507723857653, 0.0 ], [ -112.332349679467498, 51.280180317295539, 0.0 ], [ -112.331956833603002, 51.27996916284679, 0.0 ], [ -112.3317881152973, 51.279936009765301, 0.0 ], [ -112.3318538394265, 51.279889011345929, 0.0 ], [ -112.330204838980194, 51.27898201105549, 0.0 ], [ -112.325263935828602, 51.274515589363787, 0.0 ], [ -112.324868766203295, 51.274075175011319, 0.0 ], [ -112.324574405034795, 51.273800002066722, 0.0 ], [ -112.324252701203505, 51.273570052247067, 0.0 ], [ -112.324148114967201, 51.273506775824508, 0.0 ], [ -112.322796835416995, 51.272285011997951, 0.0 ], [ -112.318633836966399, 51.271856012595357, 0.0 ], [ -112.312840832046206, 51.266750011465859, 0.0 ], [ -112.303686474004806, 51.264954422181987, 0.0 ], [ -112.303584800180403, 51.264903150357483, 0.0 ], [ -112.302306828628204, 51.262432011915656, 0.0 ], [ -112.303964827743002, 51.260011011533287, 0.0 ], [ -112.303970056279098, 51.259976985173623, 0.0 ], [ -112.303988414644806, 51.25995288729986, 0.0 ], [ -112.304178389416407, 51.259582441602483, 0.0 ], [ -112.304302376241196, 51.259410363295757, 0.0 ], [ -112.304467518277704, 51.259174957874038, 0.0 ], [ -112.304493866590207, 51.259093815873143, 0.0 ], [ -112.3044586283889, 51.258860621761862, 0.0 ], [ -112.304442021466301, 51.258779951258731, 0.0 ], [ -112.304474809204507, 51.25842024729365, 0.0 ], [ -112.304496898908695, 51.257683337962924, 0.0 ], [ -112.304443550831806, 51.257315590077987, 0.0 ], [ -112.304394159854596, 51.257216731686377, 0.0 ], [ -112.304436826560902, 51.256939011621711, 0.0 ], [ -112.304182674418897, 51.256688893027018, 0.0 ], [ -112.304104298707898, 51.256456925293577, 0.0 ], [ -112.303895801427899, 51.2561717578252, 0.0 ], [ -112.303833304913297, 51.256126724636623, 0.0 ], [ -112.303588904256301, 51.255950576758643, 0.0 ], [ -112.303382699290296, 51.255746241231748, 0.0 ], [ -112.302995355993801, 51.255211505640027, 0.0 ], [ -112.302360148936799, 51.254517828509059, 0.0 ], [ -112.302017045548396, 51.254027518880307, 0.0 ], [ -112.301693826362396, 51.253734641764709, 0.0 ], [ -112.300903541266393, 51.253123524653162, 0.0 ], [ -112.300654412491198, 51.252919653995917, 0.0 ], [ -112.300436213092098, 51.25279629323979, 0.0 ], [ -112.300189128307196, 51.252664280707741, 0.0 ], [ -112.299705269598405, 51.25228202699369, 0.0 ], [ -112.298460824495294, 51.251057011871048, 0.0 ], [ -112.294838822984005, 51.250026012219223, 0.0 ], [ -112.290566470305905, 51.249380111683287, 0.0 ], [ -112.290469616339493, 51.249356261664254, 0.0 ], [ -112.290051861054593, 51.249262028579487, 0.0 ], [ -112.2895487699233, 51.249186694508367, 0.0 ], [ -112.288469266646899, 51.24897394529863, 0.0 ], [ -112.288104937619494, 51.248899004177659, 0.0 ], [ -112.287432692489404, 51.248760713969119, 0.0 ], [ -112.286785246499804, 51.248642036413919, 0.0 ], [ -112.286338647202896, 51.248539113670532, 0.0 ], [ -112.285906098901904, 51.248427061128467, 0.0 ], [ -112.285057826766106, 51.248292598123172, 0.0 ], [ -112.284670479142505, 51.24826090741572, 0.0 ], [ -112.284373981568905, 51.248261951626503, 0.0 ], [ -112.284085904697406, 51.24826298544415, 0.0 ], [ -112.283453898171402, 51.248265224134038, 0.0 ], [ -112.283252483801903, 51.248273970423853, 0.0 ], [ -112.280945818464403, 51.247925013670148, 0.0 ], [ -112.275504331317293, 51.245685585532499, 0.0 ], [ -112.275379366870794, 51.245622037854119, 0.0 ], [ -112.274884694647895, 51.245330933848628, 0.0 ], [ -112.273822590882105, 51.244603747044067, 0.0 ], [ -112.270818816284702, 51.241613013558151, 0.0 ], [ -112.268246811660902, 51.236447013503508, 0.0 ], [ -112.268465138891699, 51.235673896887768, 0.0 ], [ -112.268739128935195, 51.235236553813941, 0.0 ], [ -112.268859742951904, 51.234938778807781, 0.0 ], [ -112.269009704419403, 51.234667642587837, 0.0 ], [ -112.269087160947706, 51.234361347256772, 0.0 ], [ -112.2691048003106, 51.234285862385768, 0.0 ], [ -112.269240825669897, 51.233703842853949, 0.0 ], [ -112.269278800341894, 51.233523746679843, 0.0 ], [ -112.269415929206005, 51.232785579010262, 0.0 ], [ -112.2694039458042, 51.232349149191087, 0.0 ], [ -112.269585812642106, 51.231705014066108, 0.0 ], [ -112.269291027201007, 51.23133010072182, 0.0 ], [ -112.269254882947607, 51.231089345551908, 0.0 ], [ -112.269185579899997, 51.230649875766183, 0.0 ], [ -112.269079296625307, 51.230426424407987, 0.0 ], [ -112.268847456987501, 51.229800043661172, 0.0 ], [ -112.268696766822003, 51.229523166165833, 0.0 ], [ -112.268520192308003, 51.229345391090028, 0.0 ], [ -112.268058546868104, 51.228685559601992, 0.0 ], [ -112.267940914712298, 51.228570043211697, 0.0 ], [ -112.267752024535994, 51.228464268734861, 0.0 ], [ -112.267387533916903, 51.22821664883427, 0.0 ], [ -112.267183598923097, 51.228084087714123, 0.0 ], [ -112.266485336471405, 51.227761443529339, 0.0 ], [ -112.265985808553197, 51.227126012975873, 0.0 ], [ -112.259664809313705, 51.226016013326287, 0.0 ], [ -112.258290922798594, 51.227032095721327, 0.0 ], [ -112.258261434596307, 51.227047960695288, 0.0 ], [ -112.257903530871104, 51.227240502557237, 0.0 ], [ -112.2576492478658, 51.227360025137017, 0.0 ], [ -112.257254608535305, 51.227579857402297, 0.0 ], [ -112.257001053235399, 51.22772632747926, 0.0 ], [ -112.256574132097299, 51.227943000602608, 0.0 ], [ -112.251393806901703, 51.227932015293852, 0.0 ], [ -112.244078159146198, 51.226732963314731, 0.0 ], [ -112.243477024253806, 51.226526845831913, 0.0 ], [ -112.243043602026603, 51.2263451475064, 0.0 ], [ -112.239393225771707, 51.223266531661167, 0.0 ], [ -112.239146899354694, 51.222965620133103, 0.0 ], [ -112.238488898398998, 51.221157272646892, 0.0 ], [ -112.2385018410166, 51.22079376817932, 0.0 ], [ -112.238632583132699, 51.220334207555098, 0.0 ], [ -112.238811054821696, 51.220053819981644, 0.0 ], [ -112.239029711590405, 51.219805968379163, 0.0 ], [ -112.239283086801706, 51.21951877517229, 0.0 ], [ -112.239473911964794, 51.219166381057242, 0.0 ], [ -112.239597337666495, 51.218967426904243, 0.0 ], [ -112.239831769648106, 51.218641528575787, 0.0 ], [ -112.239938573971997, 51.218477450356751, 0.0 ], [ -112.241172121866498, 51.217206879050117, 0.0 ], [ -112.241223079185801, 51.217180379913508, 0.0 ], [ -112.241404415304004, 51.217007761303272, 0.0 ], [ -112.241443925355696, 51.216881568572049, 0.0 ], [ -112.241341976156306, 51.21628071613852, 0.0 ], [ -112.241145873287607, 51.215635941983663, 0.0 ], [ -112.241093627747304, 51.215555639419868, 0.0 ], [ -112.240985104728296, 51.215242349056091, 0.0 ], [ -112.240747246624693, 51.214714775982877, 0.0 ], [ -112.240603801138406, 51.214196015829863, 0.0 ], [ -112.240250646124807, 51.21403304675809, 0.0 ], [ -112.240178227120396, 51.213957187766361, 0.0 ], [ -112.239757523883597, 51.213737038676861, 0.0 ], [ -112.239381897814496, 51.213597257972339, 0.0 ], [ -112.2389330915464, 51.213395355336672, 0.0 ], [ -112.238820625789799, 51.213373124681013, 0.0 ], [ -112.237874322491393, 51.212936406475258, 0.0 ], [ -112.237873911392697, 51.212564319765299, 0.0 ], [ -112.237873719134797, 51.21238350906453, 0.0 ], [ -112.237865680878699, 51.205171394902123, 0.0 ], [ -112.237857626613007, 51.197950214245488, 0.0 ], [ -112.237854138195402, 51.194859513276853, 0.0 ], [ -112.237853954267393, 51.19470558848748, 0.0 ], [ -112.237853198346201, 51.194041137444721, 0.0 ], [ -112.237852994571597, 51.193849752431738, 0.0 ], [ -112.237849459580303, 51.190736923394383, 0.0 ], [ -112.237864903822597, 51.183497522250001, 0.0 ], [ -112.237865295501393, 51.183316714751342, 0.0 ], [ -112.237859281499993, 51.176087490150898, 0.0 ], [ -112.237849294792397, 51.168859416389857, 0.0 ], [ -112.237846862706803, 51.161626722733907, 0.0 ], [ -112.237840513895605, 51.155133439096417, 0.0 ], [ -112.237839674606207, 51.154998612643801, 0.0 ], [ -112.237838183862195, 51.154863362281063, 0.0 ], [ -112.237837928749499, 51.154396346583368, 0.0 ], [ -112.237837703415707, 51.154215515711527, 0.0 ], [ -112.237836653948506, 51.153420815849813, 0.0 ], [ -112.237836469450897, 51.153285947252087, 0.0 ], [ -112.237828106674698, 51.146983045428122, 0.0 ], [ -112.237811604332705, 51.142138214352613, 0.0 ], [ -112.237811228994104, 51.1420034319233, 0.0 ], [ -112.2378048405253, 51.139744344184159, 0.0 ], [ -112.237799580695196, 51.132515517653268, 0.0 ], [ -112.237788350444902, 51.125287567963831, 0.0 ], [ -112.237788059251798, 51.125107004780141, 0.0 ], [ -112.237790067408199, 51.117874286867107, 0.0 ], [ -112.237790720798699, 51.110643852435793, 0.0 ], [ -112.237788270987295, 51.103411743259237, 0.0 ], [ -112.237788791507697, 51.101812056695273, 0.0 ], [ -112.2377891395153, 51.101677056692793, 0.0 ], [ -112.237797504957797, 51.096180192229887, 0.0 ], [ -112.237797754933993, 51.095999372099563, 0.0 ], [ -112.2428625506316, 51.095999544182682, 0.0 ], [ -112.2430765694846, 51.095999555586253, 0.0 ], [ -112.249278635651294, 51.095999718959213, 0.0 ], [ -112.254933917171897, 51.096000455459937, 0.0 ], [ -112.255148020375103, 51.096000482701911, 0.0 ], [ -112.260759343321595, 51.096003349569372, 0.0 ], [ -112.261046357588597, 51.096002816859489, 0.0 ], [ -112.272532792244107, 51.096014378509679, 0.0 ], [ -112.276560498933307, 51.096017110420291, 0.0 ], [ -112.284019108668502, 51.09602180967768, 0.0 ], [ -112.284306405769698, 51.096022036172521, 0.0 ], [ -112.291454835652303, 51.096016674716637, 0.0 ], [ -112.295804955698699, 51.09601321410311, 0.0 ], [ -112.307293651932497, 51.096014827738848, 0.0 ], [ -112.307580626463604, 51.096015422316917, 0.0 ], [ -112.308685496289399, 51.096015619204941, 0.0 ], [ -112.313219911175906, 51.09601631241204, 0.0 ], [ -112.313439070788903, 51.096016340902537, 0.0 ], [ -112.313657866257998, 51.096016241835152, 0.0 ], [ -112.319075472943695, 51.096015586093642, 0.0 ], [ -112.322363247647601, 51.096013560941422, 0.0 ], [ -112.322577397346706, 51.096013483554607, 0.0 ], [ -112.330544110184306, 51.096008198241613, 0.0 ], [ -112.330830771810696, 51.096008007765199, 0.0 ], [ -112.337089508340796, 51.09600956867623, 0.0 ], [ -112.337303838382397, 51.096009575458027, 0.0 ], [ -112.3423126713285, 51.096010088201069, 0.0 ], [ -112.344680864560203, 51.096010320697033, 0.0 ], [ -112.344860199452597, 51.096010320022238, 0.0 ], [ -112.353786136348901, 51.096009353610938, 0.0 ], [ -112.354073113394904, 51.096009148291166, 0.0 ], [ -112.356816906386697, 51.096006409210261, 0.0 ], [ -112.357031032261204, 51.096006199690649, 0.0 ], [ -112.361201131204893, 51.096001914599277, 0.0 ], [ -112.361415450016395, 51.096001625811702, 0.0 ], [ -112.365548942496204, 51.095996055500713, 0.0 ], [ -112.372005207912594, 51.095991891815807, 0.0 ], [ -112.377226800188396, 51.095991991577797, 0.0 ], [ -112.377226762842497, 51.095988259294401, 0.0 ], [ -112.377320827608301, 51.095988191426542, 0.0 ], [ -112.377317351788804, 51.088765121920638, 0.0 ], [ -112.377311291285096, 51.081541818117387, 0.0 ], [ -112.377311803490599, 51.080572154019528, 0.0 ], [ -112.377310886127006, 51.080434660834008, 0.0 ], [ -112.377309945931998, 51.074318278324803, 0.0 ], [ -112.377313388296301, 51.072476758093572, 0.0 ], [ -112.377314277518494, 51.072341728466263, 0.0 ], [ -112.377305526581495, 51.067102527536683, 0.0 ], [ -112.377305430297895, 51.066921882951313, 0.0 ], [ -112.377302889908194, 51.059699463573708, 0.0 ], [ -112.377301412412294, 51.056238310494933, 0.0 ], [ -112.3773013627616, 51.056103815566168, 0.0 ], [ -112.377300214715504, 51.052480569369457, 0.0 ], [ -112.377296585850303, 51.045247259742787, 0.0 ], [ -112.377292820748593, 51.038024225545691, 0.0 ], [ -112.377292812010296, 51.037843499428249, 0.0 ], [ -112.377292385114004, 51.03267125211795, 0.0 ], [ -112.377292376534697, 51.032536263688307, 0.0 ], [ -112.377292202951693, 51.030623722211082, 0.0 ], [ -112.377280777642696, 51.02340020373606, 0.0 ], [ -112.377278054944696, 51.016175253939821, 0.0 ], [ -112.377276125801401, 51.012744753488228, 0.0 ], [ -112.3772760445937, 51.012601385884622, 0.0 ], [ -112.377275455566902, 51.011572391750882, 0.0 ], [ -112.377275372490402, 51.011436889270939, 0.0 ], [ -112.377274032507401, 51.009042813624141, 0.0 ], [ -112.3772739856188, 51.008952409212547, 0.0 ], [ -112.377273877070607, 51.008771609052303, 0.0 ], [ -112.378242506002294, 51.008771226670198, 0.0 ], [ -112.378618293177595, 51.008771079542193, 0.0 ], [ -112.379002610401997, 51.008770914820161, 0.0 ], [ -112.379663045996594, 51.008770647796602, 0.0 ], [ -112.386092231939799, 51.008767827848942, 0.0 ], [ -112.386305919437206, 51.00876772619668, 0.0 ], [ -112.388754642834499, 51.008766553990228, 0.0 ], [ -112.400235174804195, 51.008760857835327, 0.0 ], [ -112.400521761771401, 51.008760714656951, 0.0 ], [ -112.4120020709302, 51.008754495304281, 0.0 ], [ -112.4234808542476, 51.008747851266193, 0.0 ], [ -112.423766772304603, 51.008748688987993, 0.0 ], [ -112.425227984411407, 51.008748443610138, 0.0 ], [ -112.425441472497795, 51.008748849844061, 0.0 ], [ -112.435251014598194, 51.008753774489797, 0.0 ], [ -112.446731399746795, 51.008738353527619, 0.0 ], [ -112.447017998859494, 51.008737970423212, 0.0 ], [ -112.452788436135904, 51.008729397716223, 0.0 ], [ -112.453009951909806, 51.008729046816832, 0.0 ], [ -112.454690044652395, 51.008725928017377, 0.0 ], [ -112.458498062553105, 51.00871875628534, 0.0 ], [ -112.459758954454202, 51.008716581424487, 0.0 ], [ -112.460023481748706, 51.00871658600974, 0.0 ], [ -112.468952165673699, 51.008701491096382, 0.0 ], [ -112.469176599210002, 51.008701209637572, 0.0 ], [ -112.469905330452505, 51.008700318395277, 0.0 ], [ -112.469979131258498, 51.008700217717603, 0.0 ], [ -112.470265725170705, 51.008699876370379, 0.0 ], [ -112.470339523231999, 51.008699773605677, 0.0 ], [ -112.4817473034865, 51.008685020884073, 0.0 ], [ -112.490379580262598, 51.008673394734409, 0.0 ], [ -112.493228746866095, 51.008669205387001, 0.0 ], [ -112.493515234327305, 51.008668695770837, 0.0 ], [ -112.499255849152703, 51.008655025263117, 0.0 ], [ -112.504997170969403, 51.008641069431206, 0.0 ], [ -112.516480101835, 51.008612020345261, 0.0 ], [ -112.5167666857634, 51.008611275734289, 0.0 ], [ -112.516761697531805, 51.001379690171987, 0.0 ], [ -112.516759996769196, 50.999608408750113, 0.0 ], [ -112.516759864346099, 50.999473663075342, 0.0 ], [ -112.516754746359297, 50.994144897282013, 0.0 ], [ -112.516754778878294, 50.994097030255553, 0.0 ], [ -112.516754826855006, 50.994052050971007, 0.0 ], [ -112.516758447135302, 50.988732815759782, 0.0 ], [ -112.516758533960896, 50.988597948572547, 0.0 ], [ -112.516757991433295, 50.987672479313332, 0.0 ], [ -112.516757874159893, 50.987535024477069, 0.0 ], [ -112.516758719042997, 50.986901044485947, 0.0 ], [ -112.516759440121803, 50.979657815226638, 0.0 ], [ -112.516756775419495, 50.979477009158558, 0.0 ], [ -112.516751858291599, 50.972237163414292, 0.0 ], [ -112.516747093422097, 50.964997482719951, 0.0 ], [ -112.516742345770794, 50.958957773724222, 0.0 ], [ -112.516742248988507, 50.958848196079558, 0.0 ], [ -112.516741431057497, 50.957761086812972, 0.0 ], [ -112.5167358013924, 50.950524964991708, 0.0 ], [ -112.516735655764506, 50.950344157778382, 0.0 ], [ -112.516729787220697, 50.943111783579297, 0.0 ], [ -112.516725171639706, 50.937349160972637, 0.0 ], [ -112.516725035773803, 50.937179628041939, 0.0 ], [ -112.516723995764707, 50.935879386586372, 0.0 ], [ -112.516724852679005, 50.928638537885007, 0.0 ], [ -112.516723720440794, 50.927983131485853, 0.0 ], [ -112.516723493858393, 50.92784841754591, 0.0 ], [ -112.516712462598903, 50.921441715766314, 0.0 ], [ -112.516712322908504, 50.921277563151399, 0.0 ], [ -112.520403429359604, 50.921279441776143, 0.0 ], [ -112.520689875514805, 50.921279471321007, 0.0 ], [ -112.528599459746701, 50.921287974874772, 0.0 ], [ -112.528812724680193, 50.921288198225938, 0.0 ], [ -112.532040432124006, 50.921291447998421, 0.0 ], [ -112.543392387482896, 50.921302224058778, 0.0 ], [ -112.543678425713395, 50.921302441381009, 0.0 ], [ -112.555034591925306, 50.921311928727043, 0.0 ], [ -112.566387671391297, 50.921316718489592, 0.0 ], [ -112.566673709863693, 50.921316888403027, 0.0 ], [ -112.571851520452896, 50.921316779569672, 0.0 ], [ -112.572026659189703, 50.921316779342973, 0.0 ], [ -112.574954169957707, 50.921316670286018, 0.0 ], [ -112.576167687649502, 50.921316606745521, 0.0 ], [ -112.578012051392705, 50.921316486926322, 0.0 ], [ -112.589352845132296, 50.921315330522688, 0.0 ], [ -112.589638880232499, 50.921315300065302, 0.0 ], [ -112.600984146705599, 50.921321714847707, 0.0 ], [ -112.6103260346989, 50.921311863371841, 0.0 ], [ -112.610701087757505, 50.921311454415957, 0.0 ], [ -112.612330942294903, 50.921309657077238, 0.0 ], [ -112.612616991210402, 50.921309336594952, 0.0 ], [ -112.622665896372794, 50.921308883576678, 0.0 ], [ -112.635491808507794, 50.921328949331361, 0.0 ], [ -112.635491682408698, 50.921307042555597, 0.0 ], [ -112.635600368615002, 50.921307022105147, 0.0 ], [ -112.635626676171597, 50.914075551365769, 0.0 ], [ -112.635653030647006, 50.906844154226299, 0.0 ], [ -112.635679371140299, 50.899612740374188, 0.0 ], [ -112.635705663599893, 50.892381336112351, 0.0 ], [ -112.635706329702003, 50.892200520271139, 0.0 ], [ -112.635732574868697, 50.884969088537026, 0.0 ], [ -112.635758094650896, 50.877737618473716, 0.0 ], [ -112.635783736066699, 50.87050539571861, 0.0 ], [ -112.635807671054295, 50.863274210686797, 0.0 ], [ -112.635807421407193, 50.863093699461338, 0.0 ], [ -112.635837827120994, 50.855863510744463, 0.0 ], [ -112.635868326420294, 50.848633064557788, 0.0 ], [ -112.635869617907801, 50.848235987131687, 0.0 ], [ -112.635870178253597, 50.848068898783609, 0.0 ], [ -112.635870526379904, 50.847957494036592, 0.0 ], [ -112.635875621813199, 50.846415512732428, 0.0 ], [ -112.635879214285296, 50.845321119461403, 0.0 ], [ -112.635892164253093, 50.841400488287562, 0.0 ], [ -112.635915608050595, 50.834348815602013, 0.0 ], [ -112.635916248065001, 50.834168051727637, 0.0 ], [ -112.635916904971097, 50.833987234203583, 0.0 ], [ -112.635631375945195, 50.833987338886608, 0.0 ], [ -112.634985324061105, 50.833987582085463, 0.0 ], [ -112.634984785255995, 50.833894943141217, 0.0 ], [ -112.612889484585807, 50.833958063923411, 0.0 ], [ -112.612889259308403, 50.833555742838158, 0.0 ], [ -112.6128850006872, 50.826756643140513, 0.0 ], [ -112.612884952509205, 50.826612417742048, 0.0 ], [ -112.613457774400501, 50.813251945262508, 0.0 ], [ -112.6130201914076, 50.813157008884829, 0.0 ], [ -112.613030919953303, 50.812661370746042, 0.0 ], [ -112.613038953205006, 50.812291322219018, 0.0 ], [ -112.613088896515293, 50.805058890537047, 0.0 ], [ -112.613090148475905, 50.804878075873013, 0.0 ], [ -112.613092694488898, 50.797646590118212, 0.0 ], [ -112.613095244773106, 50.790415088899543, 0.0 ], [ -112.613097826807703, 50.783183589875428, 0.0 ], [ -112.613108469957595, 50.775949723604541, 0.0 ], [ -112.613108758065707, 50.775768877663367, 0.0 ], [ -112.613113286336301, 50.768528923670701, 0.0 ], [ -112.613113673394096, 50.767479543267477, 0.0 ], [ -112.612599980372096, 50.767671832026537, 0.0 ], [ -112.611866771545905, 50.767943056694548, 0.0 ], [ -112.6112525262687, 50.768120509587582, 0.0 ], [ -112.610813352747101, 50.768208409957872, 0.0 ], [ -112.610555183504999, 50.768228537802379, 0.0 ], [ -112.610275679122495, 50.768222819097993, 0.0 ], [ -112.610021265761404, 50.76819748827274, 0.0 ], [ -112.609337425929795, 50.768067159426721, 0.0 ], [ -112.609146450310902, 50.768003907070913, 0.0 ], [ -112.608257083890805, 50.767629168519321, 0.0 ], [ -112.608107783334106, 50.767539135660222, 0.0 ], [ -112.607938392061996, 50.767465904461837, 0.0 ], [ -112.607622257811599, 50.767287152413182, 0.0 ], [ -112.6070314751056, 50.766904930316421, 0.0 ], [ -112.606798284670006, 50.766677283609738, 0.0 ], [ -112.606716427355295, 50.766551386178662, 0.0 ], [ -112.606491062531902, 50.766324453767623, 0.0 ], [ -112.606398980100096, 50.766193353140807, 0.0 ], [ -112.606347927749994, 50.766045850234782, 0.0 ], [ -112.606357125458103, 50.765868555689323, 0.0 ], [ -112.606400495437498, 50.765707203686581, 0.0 ], [ -112.606279123447194, 50.764329494839892, 0.0 ], [ -112.606189006006204, 50.764214540805192, 0.0 ], [ -112.606066768498806, 50.764106336937147, 0.0 ], [ -112.605872958224595, 50.763855622417722, 0.0 ], [ -112.605859985621507, 50.763696930331982, 0.0 ], [ -112.605910657565801, 50.763543297580377, 0.0 ], [ -112.6059484934229, 50.762278081122822, 0.0 ], [ -112.605842362115695, 50.761621351042159, 0.0 ], [ -112.605677598944695, 50.761161055618828, 0.0 ], [ -112.605645699719702, 50.76099797234756, 0.0 ], [ -112.6056460973181, 50.7608193398098, 0.0 ], [ -112.605692976631701, 50.760655467720177, 0.0 ], [ -112.605792068832301, 50.760531441493683, 0.0 ], [ -112.606003249650598, 50.760489988775753, 0.0 ], [ -112.606224266971495, 50.760540997237918, 0.0 ], [ -112.606386361614597, 50.760620707511102, 0.0 ], [ -112.606515589407294, 50.76072749083054, 0.0 ], [ -112.6066839494558, 50.760986525186283, 0.0 ], [ -112.606932160107903, 50.761557594780257, 0.0 ], [ -112.607054667708994, 50.761660807647822, 0.0 ], [ -112.607349058168197, 50.761852209278203, 0.0 ], [ -112.607475583844803, 50.761962621605768, 0.0 ], [ -112.607574414284599, 50.762084686500209, 0.0 ], [ -112.607681903387899, 50.762381440428612, 0.0 ], [ -112.607687739739504, 50.76255993987769, 0.0 ], [ -112.607531124779996, 50.763406881990157, 0.0 ], [ -112.607431970418801, 50.763723578697103, 0.0 ], [ -112.607355590776905, 50.764451545112429, 0.0 ], [ -112.607286538675893, 50.765362624128429, 0.0 ], [ -112.607218840129704, 50.765503534735501, 0.0 ], [ -112.607084317900998, 50.765600449922061, 0.0 ], [ -112.606999414553798, 50.76573548333657, 0.0 ], [ -112.607085777251001, 50.765859243362087, 0.0 ], [ -112.607231260210199, 50.765956883556228, 0.0 ], [ -112.6073202784833, 50.766080143628088, 0.0 ], [ -112.607366469617105, 50.766235915373038, 0.0 ], [ -112.607526411303596, 50.76622332829043, 0.0 ], [ -112.607688777138307, 50.766231327833722, 0.0 ], [ -112.607930036078599, 50.766626153379718, 0.0 ], [ -112.608085538783499, 50.766665667478023, 0.0 ], [ -112.608062033548293, 50.766510865436423, 0.0 ], [ -112.607998431651197, 50.766369762529699, 0.0 ], [ -112.607798094047396, 50.765945697381618, 0.0 ], [ -112.607725847768805, 50.765633939388749, 0.0 ], [ -112.607715339530699, 50.765464943240701, 0.0 ], [ -112.607513830074794, 50.765435122740769, 0.0 ], [ -112.607405865548998, 50.765323185762057, 0.0 ], [ -112.607425367603994, 50.765149178165487, 0.0 ], [ -112.607490026474693, 50.764999332095982, 0.0 ], [ -112.607655141247704, 50.764920200844678, 0.0 ], [ -112.607737488797895, 50.764783442675061, 0.0 ], [ -112.607771580290702, 50.764616408262967, 0.0 ], [ -112.607730175971994, 50.764476879140908, 0.0 ], [ -112.607811021606196, 50.764342870485329, 0.0 ], [ -112.607818220954996, 50.764062107868547, 0.0 ], [ -112.6079299832911, 50.763946196963893, 0.0 ], [ -112.608099278965597, 50.763868481705259, 0.0 ], [ -112.608354599181695, 50.763474356416602, 0.0 ], [ -112.608451862054594, 50.763350964404033, 0.0 ], [ -112.608600060699999, 50.763257899562127, 0.0 ], [ -112.608738002280006, 50.763258456466353, 0.0 ], [ -112.608826550867803, 50.763258984394938, 0.0 ], [ -112.609792795471293, 50.763533276135121, 0.0 ], [ -112.609935594094793, 50.763561445374627, 0.0 ], [ -112.609721609593805, 50.763418934407817, 0.0 ], [ -112.609338909588899, 50.76327681416663, 0.0 ], [ -112.609028039555199, 50.763097346714297, 0.0 ], [ -112.608912072514499, 50.762987907655798, 0.0 ], [ -112.608889129838701, 50.762944127729433, 0.0 ], [ -112.608839474223103, 50.762849629524382, 0.0 ], [ -112.608818867474199, 50.762703542216762, 0.0 ], [ -112.609077132090704, 50.761922210458543, 0.0 ], [ -112.609086148863994, 50.761571135697082, 0.0 ], [ -112.609038360296594, 50.761244495158543, 0.0 ], [ -112.609039476839598, 50.76106820344144, 0.0 ], [ -112.6090725553845, 50.760899207857364, 0.0 ], [ -112.609150456749205, 50.760759970311241, 0.0 ], [ -112.609258000421704, 50.760639624676728, 0.0 ], [ -112.6094001913672, 50.760543262027127, 0.0 ], [ -112.609547079564607, 50.76047836087259, 0.0 ], [ -112.609906041601207, 50.760319966269869, 0.0 ], [ -112.610026085835898, 50.760208366796043, 0.0 ], [ -112.609947946533794, 50.760094733767453, 0.0 ], [ -112.609755356209206, 50.760154926301198, 0.0 ], [ -112.609529493660105, 50.76018902305016, 0.0 ], [ -112.609399108601295, 50.760174907196188, 0.0 ], [ -112.609272679860496, 50.760161994393663, 0.0 ], [ -112.609053055778602, 50.760113180729213, 0.0 ], [ -112.608864171307204, 50.760045026089252, 0.0 ], [ -112.608736482778298, 50.759942624815622, 0.0 ], [ -112.608605401821194, 50.759665483974032, 0.0 ], [ -112.608504053753904, 50.759543676875538, 0.0 ], [ -112.608432186901794, 50.759409731540963, 0.0 ], [ -112.6085328181356, 50.759287542309622, 0.0 ], [ -112.608690623298699, 50.759296851651833, 0.0 ], [ -112.608750095290105, 50.75920610639519, 0.0 ], [ -112.608766137916504, 50.759129188277569, 0.0 ], [ -112.608743059840293, 50.759039553324513, 0.0 ], [ -112.608579939777499, 50.758755005703208, 0.0 ], [ -112.608504177067104, 50.758440488876957, 0.0 ], [ -112.608410208512197, 50.758315981581077, 0.0 ], [ -112.608271950126294, 50.758220393931779, 0.0 ], [ -112.608155092805504, 50.758105616042869, 0.0 ], [ -112.607952695026796, 50.757858253893801, 0.0 ], [ -112.607779891333095, 50.757774260627983, 0.0 ], [ -112.607520385560704, 50.757571312408807, 0.0 ], [ -112.607354203877605, 50.757476784540223, 0.0 ], [ -112.606801187342398, 50.75725111544434, 0.0 ], [ -112.606627363564698, 50.757164039254867, 0.0 ], [ -112.606489751164901, 50.757064601631491, 0.0 ], [ -112.606320004086896, 50.756844199242742, 0.0 ], [ -112.606213824386401, 50.75675842153094, 0.0 ], [ -112.605953244306903, 50.756648844609032, 0.0 ], [ -112.605633180739801, 50.756467778617463, 0.0 ], [ -112.605357909428307, 50.756274847527287, 0.0 ], [ -112.605165459712396, 50.756214106135012, 0.0 ], [ -112.604029477767298, 50.75600587377518, 0.0 ], [ -112.603543789403503, 50.755945331002657, 0.0 ], [ -112.603342775949002, 50.755888162687583, 0.0 ], [ -112.603165004334002, 50.755808083323849, 0.0 ], [ -112.602660672109494, 50.755378844528522, 0.0 ], [ -112.602179960201994, 50.755108857223547, 0.0 ], [ -112.601996550647897, 50.755041430982487, 0.0 ], [ -112.601084996476004, 50.754837688455922, 0.0 ], [ -112.600324377198305, 50.75471314631654, 0.0 ], [ -112.600147418065504, 50.754736720345853, 0.0 ], [ -112.599594442973299, 50.754752112037657, 0.0 ], [ -112.599341878548003, 50.75477660229113, 0.0 ], [ -112.599126440154606, 50.754824220476003, 0.0 ], [ -112.598339439632795, 50.754873676073153, 0.0 ], [ -112.5976264542183, 50.754977897867732, 0.0 ], [ -112.597054807216495, 50.755176899301588, 0.0 ], [ -112.596827685769895, 50.755217603949284, 0.0 ], [ -112.595977704247005, 50.75543029796539, 0.0 ], [ -112.595735378129802, 50.755455930092111, 0.0 ], [ -112.595465403802706, 50.75543292104669, 0.0 ], [ -112.5952060803086, 50.755445147951789, 0.0 ], [ -112.594550143019404, 50.75559404977885, 0.0 ], [ -112.593912241402904, 50.755750816519821, 0.0 ], [ -112.592324039826707, 50.756053988261279, 0.0 ], [ -112.591697153144906, 50.756119814728031, 0.0 ], [ -112.591189645936694, 50.756253553250062, 0.0 ], [ -112.589518307366703, 50.756500666427357, 0.0 ], [ -112.588874237639203, 50.756644030348532, 0.0 ], [ -112.587913917081707, 50.756785067735308, 0.0 ], [ -112.587699528704306, 50.756838968189271, 0.0 ], [ -112.586820195723504, 50.757030801199853, 0.0 ], [ -112.5863642064282, 50.757121529078603, 0.0 ], [ -112.586117584647894, 50.757152096649051, 0.0 ], [ -112.585263589728797, 50.757147331946037, 0.0 ], [ -112.583868676521206, 50.75706596626658, 0.0 ], [ -112.583027584287393, 50.75703869558717, 0.0 ], [ -112.582770743864003, 50.757063078470743, 0.0 ], [ -112.582560975992095, 50.75710887708766, 0.0 ], [ -112.582400301242004, 50.757193744626541, 0.0 ], [ -112.582211529617894, 50.757451339196074, 0.0 ], [ -112.581962568717401, 50.757663843567308, 0.0 ], [ -112.581813946789595, 50.757750977710728, 0.0 ], [ -112.581604968157095, 50.757798998229383, 0.0 ], [ -112.581354246741896, 50.757821785444527, 0.0 ], [ -112.581160080902606, 50.757759277881497, 0.0 ], [ -112.581071123123195, 50.757636711891649, 0.0 ], [ -112.580843316310606, 50.757676248347977, 0.0 ], [ -112.580073076348, 50.757930570189977, 0.0 ], [ -112.579903934342994, 50.758008141960822, 0.0 ], [ -112.579688914730099, 50.758000452534581, 0.0 ], [ -112.579211561963206, 50.758052376262398, 0.0 ], [ -112.578525631650905, 50.758167708103947, 0.0 ], [ -112.578279712116199, 50.758175674168179, 0.0 ], [ -112.578135957327405, 50.758083925869499, 0.0 ], [ -112.577930319931298, 50.758027375124747, 0.0 ], [ -112.577697716169197, 50.757999162741143, 0.0 ], [ -112.577565465023099, 50.757900929422071, 0.0 ], [ -112.577427099123398, 50.757821778855202, 0.0 ], [ -112.577255724737299, 50.757720308860328, 0.0 ], [ -112.577082595028301, 50.757674960021752, 0.0 ], [ -112.576952007793807, 50.757801005268497, 0.0 ], [ -112.577019956906696, 50.757883658700749, 0.0 ], [ -112.577055206749307, 50.757922735846563, 0.0 ], [ -112.5770527355767, 50.758051455962061, 0.0 ], [ -112.576947523155994, 50.758166126907668, 0.0 ], [ -112.576864250705597, 50.758300085935453, 0.0 ], [ -112.576741755574602, 50.758407160263118, 0.0 ], [ -112.576581805916902, 50.758490714019047, 0.0 ], [ -112.576364267857898, 50.758502131111413, 0.0 ], [ -112.576140418379296, 50.758493731459943, 0.0 ], [ -112.575934321686006, 50.758552561691793, 0.0 ], [ -112.575691112902803, 50.758578565838938, 0.0 ], [ -112.575479384910395, 50.758522781198359, 0.0 ], [ -112.575364326769204, 50.758410264909017, 0.0 ], [ -112.575451527819794, 50.75827868765127, 0.0 ], [ -112.575576373541793, 50.758172350105241, 0.0 ], [ -112.575549737729204, 50.758052062250982, 0.0 ], [ -112.575304842978099, 50.757911360881202, 0.0 ], [ -112.575245639334298, 50.7578773286181, 0.0 ], [ -112.574908703509195, 50.757718722096023, 0.0 ], [ -112.574787842427696, 50.757784978908937, 0.0 ], [ -112.574814849267, 50.757896597827347, 0.0 ], [ -112.574826276654406, 50.757943875750307, 0.0 ], [ -112.574901165962999, 50.758081755685893, 0.0 ], [ -112.574872415164904, 50.758239885441611, 0.0 ], [ -112.574732380697299, 50.758519412589543, 0.0 ], [ -112.574515903253996, 50.758574602364611, 0.0 ], [ -112.574117953588896, 50.758704698798333, 0.0 ], [ -112.573653261125799, 50.758796510659671, 0.0 ], [ -112.573233753794995, 50.758893883734807, 0.0 ], [ -112.573002736152105, 50.758859223589972, 0.0 ], [ -112.572895306550905, 50.758755617902892, 0.0 ], [ -112.573378999914198, 50.758697572210849, 0.0 ], [ -112.573834414718903, 50.758622589106388, 0.0 ], [ -112.574226752931395, 50.758502385423952, 0.0 ], [ -112.574371175194798, 50.758409470480743, 0.0 ], [ -112.574466084940397, 50.758284610359453, 0.0 ], [ -112.574425377758303, 50.758137753223139, 0.0 ], [ -112.574008828558604, 50.757936851125358, 0.0 ], [ -112.573747334089404, 50.757864407724959, 0.0 ], [ -112.573583346824904, 50.757818980324132, 0.0 ], [ -112.573331306961506, 50.757786262268738, 0.0 ], [ -112.5730536237443, 50.757791239895859, 0.0 ], [ -112.573000986387598, 50.757841893682468, 0.0 ], [ -112.572946303156002, 50.757894497021717, 0.0 ], [ -112.573083481184597, 50.757997311182578, 0.0 ], [ -112.573157743160806, 50.758129206284423, 0.0 ], [ -112.573119999261905, 50.758295431142642, 0.0 ], [ -112.572924243279999, 50.758356932344427, 0.0 ], [ -112.572673765580902, 50.758329204256498, 0.0 ], [ -112.572461538986602, 50.758278783665638, 0.0 ], [ -112.572257812079698, 50.758210377085327, 0.0 ], [ -112.571733879805095, 50.75797850827815, 0.0 ], [ -112.571708594149399, 50.757817569959698, 0.0 ], [ -112.5717099337229, 50.757802958882984, 0.0 ], [ -112.571724927969498, 50.757639508812751, 0.0 ], [ -112.571698236769905, 50.757468596517988, 0.0 ], [ -112.571625991942298, 50.757330718243878, 0.0 ], [ -112.571500330711601, 50.757277951172838, 0.0 ], [ -112.571246889072896, 50.757492641327147, 0.0 ], [ -112.571200721129699, 50.757643583205727, 0.0 ], [ -112.571328119967504, 50.757793444643262, 0.0 ], [ -112.571399791992604, 50.757877759057664, 0.0 ], [ -112.571332044536007, 50.758022376509537, 0.0 ], [ -112.571354747859402, 50.758175768403383, 0.0 ], [ -112.571502108700898, 50.758447358617317, 0.0 ], [ -112.571406275687295, 50.758569698372689, 0.0 ], [ -112.571227544582896, 50.758637563980223, 0.0 ], [ -112.571007937490194, 50.758609705319017, 0.0 ], [ -112.570819061450507, 50.758539785379782, 0.0 ], [ -112.570597272100997, 50.758495956548721, 0.0 ], [ -112.570080058208305, 50.758454216688321, 0.0 ], [ -112.569344898379995, 50.758358699565761, 0.0 ], [ -112.569110543328094, 50.758389622907181, 0.0 ], [ -112.568951431190399, 50.758471505600667, 0.0 ], [ -112.568696093155907, 50.75868835257338, 0.0 ], [ -112.568547215546104, 50.758776452623778, 0.0 ], [ -112.568324085753005, 50.758749601482123, 0.0 ], [ -112.568098845743293, 50.758517874301418, 0.0 ], [ -112.567932322595894, 50.758460897258061, 0.0 ], [ -112.567742322343705, 50.758527574918453, 0.0 ], [ -112.567529206319804, 50.758564918407941, 0.0 ], [ -112.567323170926102, 50.758317508174088, 0.0 ], [ -112.567192940789496, 50.758219655141588, 0.0 ], [ -112.567061706257803, 50.758186838086573, 0.0 ], [ -112.567037614260997, 50.758023487780171, 0.0 ], [ -112.566949117007994, 50.75789361931799, 0.0 ], [ -112.566789029559104, 50.757805412099842, 0.0 ], [ -112.5663748176365, 50.757698908618231, 0.0 ], [ -112.5663528828278, 50.757645756021859, 0.0 ], [ -112.566324338890198, 50.757576640483869, 0.0 ], [ -112.566574486724804, 50.757552922509987, 0.0 ], [ -112.566800984218602, 50.757595667799663, 0.0 ], [ -112.566917612978301, 50.757662331639409, 0.0 ], [ -112.566953215678893, 50.757682685243438, 0.0 ], [ -112.567126368015295, 50.757707151614078, 0.0 ], [ -112.567072716381801, 50.757666871184163, 0.0 ], [ -112.566859040788202, 50.757506443498478, 0.0 ], [ -112.566670517175694, 50.757441607125394, 0.0 ], [ -112.566425840730801, 50.757427365907617, 0.0 ], [ -112.566216581956297, 50.757482905164828, 0.0 ], [ -112.566066857227696, 50.757637359705292, 0.0 ], [ -112.565991996396306, 50.757714577488663, 0.0 ], [ -112.565754818921206, 50.757929027714773, 0.0 ], [ -112.565510642171503, 50.757897683353683, 0.0 ], [ -112.565233279436697, 50.757898529711461, 0.0 ], [ -112.564981575787002, 50.75791885782985, 0.0 ], [ -112.564716157384098, 50.757900006405848, 0.0 ], [ -112.564487288319299, 50.757942077529982, 0.0 ], [ -112.564263324369307, 50.757902672185359, 0.0 ], [ -112.563876568010201, 50.758025178946603, 0.0 ], [ -112.563426399757205, 50.758117143882068, 0.0 ], [ -112.563172359165094, 50.758094499236172, 0.0 ], [ -112.562992818002797, 50.75802149715021, 0.0 ], [ -112.562554634625499, 50.757927544085277, 0.0 ], [ -112.562340019771696, 50.757966565385779, 0.0 ], [ -112.562182081160898, 50.758052468503053, 0.0 ], [ -112.561933229162506, 50.758044287028632, 0.0 ], [ -112.561686059427501, 50.758009099129922, 0.0 ], [ -112.561124194536802, 50.758016861976813, 0.0 ], [ -112.560036153048898, 50.757945158488013, 0.0 ], [ -112.558292077676995, 50.757898862880907, 0.0 ], [ -112.558032138327604, 50.757914240782988, 0.0 ], [ -112.5572366350724, 50.757840167762481, 0.0 ], [ -112.555806051370894, 50.757818439240623, 0.0 ], [ -112.555556031728997, 50.757835203779393, 0.0 ], [ -112.554790591000696, 50.757764407007237, 0.0 ], [ -112.554561966591805, 50.757716226295877, 0.0 ], [ -112.554296895452893, 50.757708518727263, 0.0 ], [ -112.554026849292399, 50.757727251474662, 0.0 ], [ -112.553742941546702, 50.757711074260023, 0.0 ], [ -112.552285524313106, 50.75769185353721, 0.0 ], [ -112.551761462066693, 50.757644227617583, 0.0 ], [ -112.549990621365694, 50.75741727588975, 0.0 ], [ -112.549195799174598, 50.757363184713633, 0.0 ], [ -112.548187387451094, 50.75723580215687, 0.0 ], [ -112.547489683434804, 50.757110744903237, 0.0 ], [ -112.5470244988731, 50.757020655945141, 0.0 ], [ -112.546295623044898, 50.756716455071071, 0.0 ], [ -112.546131856378096, 50.756632599360572, 0.0 ], [ -112.545920374019502, 50.756579285305158, 0.0 ], [ -112.545668552300697, 50.756556536596008, 0.0 ], [ -112.545520849279697, 50.756515237443253, 0.0 ], [ -112.545778637951202, 50.75649844659641, 0.0 ], [ -112.546279817872204, 50.756453560807017, 0.0 ], [ -112.546570450426003, 50.756453397087569, 0.0 ], [ -112.546822677154196, 50.756489200544841, 0.0 ], [ -112.547346301061793, 50.756470089753769, 0.0 ], [ -112.547539538895094, 50.756406248754203, 0.0 ], [ -112.547581717825096, 50.756271175544548, 0.0 ], [ -112.547486029197898, 50.756152799416107, 0.0 ], [ -112.547278786095802, 50.756093299930157, 0.0 ], [ -112.547005439095201, 50.756078628658138, 0.0 ], [ -112.546748000009302, 50.756096247489381, 0.0 ], [ -112.545808673192397, 50.756225891554386, 0.0 ], [ -112.545539249274199, 50.756235835523647, 0.0 ], [ -112.545328005702302, 50.756188142028307, 0.0 ], [ -112.545159993056203, 50.756105335562999, 0.0 ], [ -112.544691599803102, 50.755848986858837, 0.0 ], [ -112.544560641695796, 50.75573996839222, 0.0 ], [ -112.544470461864705, 50.755610011804613, 0.0 ], [ -112.544240765428697, 50.755389784441363, 0.0 ], [ -112.543260747778902, 50.755106765764417, 0.0 ], [ -112.542344179631399, 50.755196365455987, 0.0 ], [ -112.541406370488602, 50.75531442359825, 0.0 ], [ -112.539703208674098, 50.75548366541706, 0.0 ], [ -112.536554782228805, 50.755793648459523, 0.0 ], [ -112.535732783287798, 50.755787146798511, 0.0 ], [ -112.534721454460296, 50.755696995197148, 0.0 ], [ -112.534256906193207, 50.755635073071119, 0.0 ], [ -112.533645455512499, 50.755485342129603, 0.0 ], [ -112.532232561925795, 50.754940762718441, 0.0 ], [ -112.531292737367295, 50.754449081732169, 0.0 ], [ -112.530725444832697, 50.754087269176011, 0.0 ], [ -112.529079455717095, 50.753185623884598, 0.0 ], [ -112.528523807023504, 50.752894623236607, 0.0 ], [ -112.527110055656394, 50.7520649701694, 0.0 ], [ -112.525679298079197, 50.751278570514529, 0.0 ], [ -112.525226890874293, 50.75102235205712, 0.0 ], [ -112.524631541636793, 50.750682854983403, 0.0 ], [ -112.524163570734402, 50.750427227655337, 0.0 ], [ -112.523513130193194, 50.750069232088102, 0.0 ], [ -112.523090829317297, 50.749825070682228, 0.0 ], [ -112.522613845157295, 50.749582914534876, 0.0 ], [ -112.522185779074803, 50.749316092225797, 0.0 ], [ -112.521662943935496, 50.749002619578398, 0.0 ], [ -112.521411498731098, 50.748866933272247, 0.0 ], [ -112.521730348158201, 50.748567097549007, 0.0 ], [ -112.522387693663006, 50.748444602542222, 0.0 ], [ -112.522580979471698, 50.748382240006187, 0.0 ], [ -112.522748590864495, 50.748300860022873, 0.0 ], [ -112.523184387497906, 50.748031201462702, 0.0 ], [ -112.523308267482406, 50.747924149090188, 0.0 ], [ -112.523342000695195, 50.747832497086002, 0.0 ], [ -112.523358115979306, 50.747777757282243, 0.0 ], [ -112.523294456314702, 50.747795358247387, 0.0 ], [ -112.522799044876294, 50.747916699473301, 0.0 ], [ -112.522571341199594, 50.747943337809467, 0.0 ], [ -112.522571107310597, 50.747791755182028, 0.0 ], [ -112.522719675418699, 50.747702654947958, 0.0 ], [ -112.523035944692793, 50.747593419348078, 0.0 ], [ -112.523088706145401, 50.747574878761249, 0.0 ], [ -112.523511783732303, 50.747485010030651, 0.0 ], [ -112.523791141449095, 50.747483939626797, 0.0 ], [ -112.524453470732695, 50.747616599941701, 0.0 ], [ -112.524696776566302, 50.747649265948517, 0.0 ], [ -112.524975517171796, 50.74765324285503, 0.0 ], [ -112.525478375016704, 50.747608711242499, 0.0 ], [ -112.526188990960605, 50.747520269981479, 0.0 ], [ -112.526956630226607, 50.747459506062143, 0.0 ], [ -112.527500186240303, 50.747430135474382, 0.0 ], [ -112.527747389696501, 50.747399436281448, 0.0 ], [ -112.528297943776806, 50.747393993446863, 0.0 ], [ -112.528631180821193, 50.747414725520407, 0.0 ], [ -112.530086129612798, 50.7476663212585, 0.0 ], [ -112.530412905477306, 50.74773839241945, 0.0 ], [ -112.531454055956004, 50.748015932364417, 0.0 ], [ -112.5322537126371, 50.74820501990348, 0.0 ], [ -112.533410304140403, 50.748478315154337, 0.0 ], [ -112.534112550817397, 50.748592920175852, 0.0 ], [ -112.534691244976599, 50.748777566725352, 0.0 ], [ -112.535310764848901, 50.748941600530557, 0.0 ], [ -112.535990072059903, 50.749063705692933, 0.0 ], [ -112.536394167097896, 50.748958913633288, 0.0 ], [ -112.536592478211006, 50.748899276937983, 0.0 ], [ -112.536842911759507, 50.748879021355187, 0.0 ], [ -112.537385316328198, 50.748907430178953, 0.0 ], [ -112.537856590960502, 50.748976985066832, 0.0 ], [ -112.538077121834604, 50.749020217685597, 0.0 ], [ -112.538185290007604, 50.74911136900942, 0.0 ], [ -112.538170595405205, 50.749192735647974, 0.0 ], [ -112.538682343317504, 50.749244036290229, 0.0 ], [ -112.538949858816196, 50.749262868493027, 0.0 ], [ -112.539646834700704, 50.749375569519032, 0.0 ], [ -112.539921181358096, 50.749372343478782, 0.0 ], [ -112.540166366349894, 50.749350389887411, 0.0 ], [ -112.540664049175007, 50.74934096335928, 0.0 ], [ -112.541409049180501, 50.749454634740971, 0.0 ], [ -112.541370006567504, 50.749501918788972, 0.0 ], [ -112.540668026870506, 50.749604861859453, 0.0 ], [ -112.539895676845703, 50.749660815430722, 0.0 ], [ -112.538390850219102, 50.749793563946383, 0.0 ], [ -112.538222583701298, 50.749870200519169, 0.0 ], [ -112.538288080488002, 50.749928133606758, 0.0 ], [ -112.538833664175399, 50.749915468645071, 0.0 ], [ -112.539915118182904, 50.749872469652843, 0.0 ], [ -112.540929077708199, 50.749789278954403, 0.0 ], [ -112.541776455686005, 50.749796007306259, 0.0 ], [ -112.543094841898096, 50.74987159877297, 0.0 ], [ -112.543358813463797, 50.749859753352197, 0.0 ], [ -112.543557742908305, 50.749805543744962, 0.0 ], [ -112.543610709723197, 50.749798681408343, 0.0 ], [ -112.543640154480102, 50.749795022452084, 0.0 ], [ -112.545186742978601, 50.750030948250533, 0.0 ], [ -112.546717530199601, 50.749849225425137, 0.0 ], [ -112.546895866697696, 50.749857811929779, 0.0 ], [ -112.547133101035101, 50.749827963143062, 0.0 ], [ -112.547396888550907, 50.749814429253028, 0.0 ], [ -112.547642085572903, 50.749842545558209, 0.0 ], [ -112.5478812064446, 50.74980722899172, 0.0 ], [ -112.548077434347903, 50.749752091044357, 0.0 ], [ -112.548573493703302, 50.749698318565457, 0.0 ], [ -112.548772970599899, 50.749647044998333, 0.0 ], [ -112.548880440501094, 50.749592425303142, 0.0 ], [ -112.551288140313105, 50.749306512063711, 0.0 ], [ -112.551303175267407, 50.749308643760664, 0.0 ], [ -112.551534061599696, 50.749285280694203, 0.0 ], [ -112.551595120617307, 50.749270054513602, 0.0 ], [ -112.556478745555594, 50.74868994639197, 0.0 ], [ -112.561546744668306, 50.744308944822698, 0.0 ], [ -112.561131505025998, 50.743258846777827, 0.0 ], [ -112.561235288573599, 50.74295611548947, 0.0 ], [ -112.561467381125595, 50.742534749872632, 0.0 ], [ -112.561402670031896, 50.742394572938309, 0.0 ], [ -112.561146927717701, 50.742185018296382, 0.0 ], [ -112.561114500459098, 50.742034593032692, 0.0 ], [ -112.561227709923401, 50.741899749707798, 0.0 ], [ -112.561411095531, 50.741835119365128, 0.0 ], [ -112.561506516966404, 50.741709901391829, 0.0 ], [ -112.561509856561599, 50.74152693153443, 0.0 ], [ -112.561461084132503, 50.74137205132871, 0.0 ], [ -112.561381403675398, 50.741236654973868, 0.0 ], [ -112.561245011909307, 50.740952366840112, 0.0 ], [ -112.560951012832007, 50.740581439663259, 0.0 ], [ -112.560939813973704, 50.740265434234637, 0.0 ], [ -112.560866248289301, 50.740126250369578, 0.0 ], [ -112.560668745409899, 50.739883702505082, 0.0 ], [ -112.559970572286105, 50.739401086022987, 0.0 ], [ -112.559963673468502, 50.739396316550817, 0.0 ], [ -112.559502214256398, 50.739118348237717, 0.0 ], [ -112.559488613972604, 50.739103681738001, 0.0 ], [ -112.559316742603102, 50.738668944556338, 0.0 ], [ -112.556055291342801, 50.736012737193931, 0.0 ], [ -112.556061668013399, 50.735982152189379, 0.0 ], [ -112.555996190989802, 50.735835343155742, 0.0 ], [ -112.555897834396802, 50.735715737849958, 0.0 ], [ -112.555653739632604, 50.735492529773069, 0.0 ], [ -112.555310359992603, 50.735126527460707, 0.0 ], [ -112.554493115980407, 50.734331905277919, 0.0 ], [ -112.554311954198198, 50.734065285989693, 0.0 ], [ -112.553919360457201, 50.733750021835753, 0.0 ], [ -112.553695874145802, 50.73350718515816, 0.0 ], [ -112.553426196378794, 50.733301873256693, 0.0 ], [ -112.553164244072903, 50.733285179966799, 0.0 ], [ -112.552973270742697, 50.733345902795882, 0.0 ], [ -112.552811406764306, 50.733370452180701, 0.0 ], [ -112.551650737915594, 50.732424944618849, 0.0 ], [ -112.549192619397502, 50.72808622569648, 0.0 ], [ -112.549029201938893, 50.727399566238788, 0.0 ], [ -112.548849773703296, 50.726758093147843, 0.0 ], [ -112.548734148665005, 50.72644863500917, 0.0 ], [ -112.548309413746395, 50.725603762276513, 0.0 ], [ -112.548182013014994, 50.725499806708747, 0.0 ], [ -112.548084664074395, 50.72537745400588, 0.0 ], [ -112.548011911815607, 50.725055786779862, 0.0 ], [ -112.547960016759305, 50.724955436148583, 0.0 ], [ -112.547867681174594, 50.724776886356807, 0.0 ], [ -112.547763964842702, 50.724662739763659, 0.0 ], [ -112.547516593904803, 50.724437807903968, 0.0 ], [ -112.547195550262998, 50.724273799045989, 0.0 ], [ -112.547056789553693, 50.724172474387572, 0.0 ], [ -112.546910595634102, 50.724057585823317, 0.0 ], [ -112.546443795645402, 50.723233416588492, 0.0 ], [ -112.546422871564403, 50.722948192288229, 0.0 ], [ -112.546176910563702, 50.72273595562082, 0.0 ], [ -112.546136991483905, 50.722578394910443, 0.0 ], [ -112.546144052986193, 50.722229522839733, 0.0 ], [ -112.546248897582899, 50.722113818649753, 0.0 ], [ -112.546298021622505, 50.721968839834531, 0.0 ], [ -112.546273125360202, 50.721802623409928, 0.0 ], [ -112.546190826845404, 50.72167104692992, 0.0 ], [ -112.546077978769404, 50.721646730355367, 0.0 ], [ -112.546096669329501, 50.721564983301803, 0.0 ], [ -112.546262094787295, 50.721419914263123, 0.0 ], [ -112.546277546347497, 50.721048525431272, 0.0 ], [ -112.546268039848897, 50.720815468932663, 0.0 ], [ -112.546951734220002, 50.717824945546262, 0.0 ], [ -112.5465196527296, 50.71747565499367, 0.0 ], [ -112.546481931630296, 50.717403587158827, 0.0 ], [ -112.546351278145494, 50.717292416249002, 0.0 ], [ -112.546141461428206, 50.717159882053878, 0.0 ], [ -112.545601897274196, 50.716635757556887, 0.0 ], [ -112.545175118438394, 50.716388702760412, 0.0 ], [ -112.5442477324073, 50.715638945588381, 0.0 ], [ -112.538381730102401, 50.71441994475574, 0.0 ], [ -112.533069339027804, 50.71462358874075, 0.0 ], [ -112.532596687525697, 50.714586960892028, 0.0 ], [ -112.532343022003502, 50.714602644928611, 0.0 ], [ -112.531704584225494, 50.714675865221921, 0.0 ], [ -112.531489581587905, 50.71468409885393, 0.0 ], [ -112.530751173132302, 50.714675372151163, 0.0 ], [ -112.530505204435798, 50.714696136407959, 0.0 ], [ -112.530324720977902, 50.714728703525012, 0.0 ], [ -112.524777728651998, 50.714940946975531, 0.0 ], [ -112.522480226873597, 50.714131032547733, 0.0 ], [ -112.522253996054303, 50.713943378579259, 0.0 ], [ -112.521588428784, 50.713619101520493, 0.0 ], [ -112.521147596833998, 50.713339228107863, 0.0 ], [ -112.520847126008206, 50.713177355472908, 0.0 ], [ -112.517954725764696, 50.70706294686952, 0.0 ], [ -112.524610720953007, 50.690223945944851, 0.0 ], [ -112.524521096301598, 50.689100364939407, 0.0 ], [ -112.524104720125095, 50.683879945771821, 0.0 ], [ -112.523525591857606, 50.682691638602293, 0.0 ], [ -112.523446493947105, 50.682459422979818, 0.0 ], [ -112.523374336782993, 50.68214204068753, 0.0 ], [ -112.523257961264306, 50.681205944553902, 0.0 ], [ -112.523247286505693, 50.681120091187807, 0.0 ], [ -112.523200534553993, 50.680967646806863, 0.0 ], [ -112.5230482598663, 50.680703037081258, 0.0 ], [ -112.522923138337802, 50.6802375697361, 0.0 ], [ -112.522738921930298, 50.679793548132373, 0.0 ], [ -112.522555721968104, 50.67954130139875, 0.0 ], [ -112.522200151223998, 50.679194333052408, 0.0 ], [ -112.5220530380074, 50.67910048348935, 0.0 ], [ -112.521711440429399, 50.678949352708067, 0.0 ], [ -112.521700397803102, 50.678946137562527, 0.0 ], [ -112.521397718462595, 50.678324945363357, 0.0 ], [ -112.518116793355901, 50.675569503547443, 0.0 ], [ -112.518068441886001, 50.675516666790173, 0.0 ], [ -112.517825835704997, 50.6752969340045, 0.0 ], [ -112.517486838319897, 50.674951862231609, 0.0 ], [ -112.517393857622196, 50.674828223257769, 0.0 ], [ -112.517153781833898, 50.674611863289982, 0.0 ], [ -112.516874081946199, 50.674412546709469, 0.0 ], [ -112.516563732544398, 50.674265043991632, 0.0 ], [ -112.511737712301397, 50.670210945526748, 0.0 ], [ -112.509069817853899, 50.669671605591532, 0.0 ], [ -112.508955832891402, 50.6696210191418, 0.0 ], [ -112.508524371045397, 50.669514411979932, 0.0 ], [ -112.508355969682398, 50.669442881882787, 0.0 ], [ -112.507960142305905, 50.669331275041067, 0.0 ], [ -112.507517958855402, 50.669257396339731, 0.0 ], [ -112.506886975456695, 50.669230269586151, 0.0 ], [ -112.503062709581599, 50.668456945530622, 0.0 ], [ -112.494011697242399, 50.668199016344637, 0.0 ], [ -112.492445092743907, 50.668051268097621, 0.0 ], [ -112.491984429903198, 50.667991904568673, 0.0 ], [ -112.490871206564293, 50.667901756332448, 0.0 ], [ -112.490278000603894, 50.667919461890243, 0.0 ], [ -112.489322890091103, 50.667994117090657, 0.0 ], [ -112.488580750588, 50.668043911312097, 0.0 ], [ -112.483128706862502, 50.667887947346159, 0.0 ], [ -112.481380704452604, 50.66572794691961, 0.0 ], [ -112.482996703810997, 50.663060946979407, 0.0 ], [ -112.487717704559898, 50.660180947406509, 0.0 ], [ -112.488448656910805, 50.659306409393757, 0.0 ], [ -112.488636778894701, 50.65915075636493, 0.0 ], [ -112.488734608280595, 50.659098002923827, 0.0 ], [ -112.488842707690694, 50.65895311116023, 0.0 ], [ -112.488926071782004, 50.658896086429067, 0.0 ], [ -112.489092945866702, 50.6587004890564, 0.0 ], [ -112.489212375533697, 50.658559647500041, 0.0 ], [ -112.489235993273695, 50.658518944311297, 0.0 ], [ -112.489471736427504, 50.658112605572313, 0.0 ], [ -112.489478569882905, 50.658074118573971, 0.0 ], [ -112.490281446678196, 50.657113423703933, 0.0 ], [ -112.490313959391301, 50.657091728355702, 0.0 ], [ -112.490552786449399, 50.656828976233989, 0.0 ], [ -112.490638430350501, 50.656686255319038, 0.0 ], [ -112.490640536504102, 50.656683736174152, 0.0 ], [ -112.490701732521003, 50.656637201541479, 0.0 ], [ -112.490795559891495, 50.656498230052669, 0.0 ], [ -112.492392705961507, 50.654586946493957, 0.0 ], [ -112.492523303236098, 50.65330410943681, 0.0 ], [ -112.492757083203301, 50.652785290518047, 0.0 ], [ -112.492886550751905, 50.652313622928027, 0.0 ], [ -112.492979289352306, 50.651820315464583, 0.0 ], [ -112.492961608081998, 50.651184428202789, 0.0 ], [ -112.492955651148606, 50.65096936508526, 0.0 ], [ -112.492887632657201, 50.650790463839257, 0.0 ], [ -112.492992679014193, 50.650338417595599, 0.0 ], [ -112.492952897102498, 50.650247461024257, 0.0 ], [ -112.492960142877294, 50.650086420081728, 0.0 ], [ -112.492991590822697, 50.649993947247623, 0.0 ], [ -112.493050684003606, 50.649329442058537, 0.0 ], [ -112.493107497731302, 50.648559130377222, 0.0 ], [ -112.493054805918604, 50.648082401238661, 0.0 ], [ -112.493172702155803, 50.646923944809068, 0.0 ], [ -112.490749660036599, 50.641199152084909, 0.0 ], [ -112.490741468188702, 50.641094970063023, 0.0 ], [ -112.490615948635195, 50.640467892223377, 0.0 ], [ -112.491655699072496, 50.638139944551853, 0.0 ], [ -112.4896600183651, 50.636685445848521, 0.0 ], [ -112.489645097288104, 50.636667750195507, 0.0 ], [ -112.489434709080001, 50.636418234770503, 0.0 ], [ -112.489323306400394, 50.636324373858919, 0.0 ], [ -112.489238994980099, 50.636358567531403, 0.0 ], [ -112.489203584333794, 50.636352768599089, 0.0 ], [ -112.4871376977962, 50.634846946118707, 0.0 ], [ -112.481820085761697, 50.633664437803617, 0.0 ], [ -112.481798517977396, 50.63364919160761, 0.0 ], [ -112.481329348375496, 50.633384454511813, 0.0 ], [ -112.480801319934201, 50.633245247143378, 0.0 ], [ -112.480650320571002, 50.633225828419597, 0.0 ], [ -112.480500121253499, 50.633224783471363, 0.0 ], [ -112.480429495155903, 50.633244842491493, 0.0 ], [ -112.480402922864599, 50.633291427993463, 0.0 ], [ -112.480414550546101, 50.633351830938778, 0.0 ], [ -112.471825177768295, 50.631441000456597, 0.0 ], [ -112.470759163314696, 50.631180257836903, 0.0 ], [ -112.470037114110198, 50.631032603605682, 0.0 ], [ -112.469003939751701, 50.630796871858827, 0.0 ], [ -112.467615065566306, 50.630424514015722, 0.0 ], [ -112.467440678459198, 50.630359577499952, 0.0 ], [ -112.467479543134402, 50.630266677553713, 0.0 ], [ -112.467628317021294, 50.63023561114202, 0.0 ], [ -112.4683830366465, 50.630328389728881, 0.0 ], [ -112.468858896995101, 50.630405619029361, 0.0 ], [ -112.469052715016502, 50.630424077051607, 0.0 ], [ -112.469233477360703, 50.63047043304887, 0.0 ], [ -112.469420364749695, 50.630493661048433, 0.0 ], [ -112.469620159090894, 50.630484387202337, 0.0 ], [ -112.470071328176203, 50.630501425612707, 0.0 ], [ -112.470142349854896, 50.630490577810747, 0.0 ], [ -112.470415518879605, 50.630360024646563, 0.0 ], [ -112.470592493661101, 50.630319110933733, 0.0 ], [ -112.470970188139106, 50.630279064973763, 0.0 ], [ -112.4712422133573, 50.630286484211311, 0.0 ], [ -112.471584035399601, 50.630255519491307, 0.0 ], [ -112.472142234084799, 50.630269023883947, 0.0 ], [ -112.473398025757007, 50.630220907248017, 0.0 ], [ -112.473570633356601, 50.630244457628301, 0.0 ], [ -112.473934314852301, 50.630222184783932, 0.0 ], [ -112.474322729727305, 50.630273433083048, 0.0 ], [ -112.474456222881301, 50.630309891397587, 0.0 ], [ -112.474539786000506, 50.630332697792078, 0.0 ], [ -112.474740536715103, 50.630363083648213, 0.0 ], [ -112.475223518019504, 50.630436193127949, 0.0 ], [ -112.475406062825797, 50.630523845582701, 0.0 ], [ -112.476111278812098, 50.630792292593512, 0.0 ], [ -112.476413507143903, 50.630853929731792, 0.0 ], [ -112.476421734892597, 50.630697698320063, 0.0 ], [ -112.476369542689497, 50.630648372865217, 0.0 ], [ -112.476268337172698, 50.630623170709868, 0.0 ], [ -112.475737757346295, 50.630424171477387, 0.0 ], [ -112.475046458617896, 50.630217437813982, 0.0 ], [ -112.474740305173697, 50.630159166435803, 0.0 ], [ -112.474456000281293, 50.630105038537181, 0.0 ], [ -112.474346233058199, 50.630083618189637, 0.0 ], [ -112.473890019737894, 50.630025617186057, 0.0 ], [ -112.472599110918694, 50.629951308936583, 0.0 ], [ -112.471540236204405, 50.629966098413327, 0.0 ], [ -112.470747641963797, 50.630091834329313, 0.0 ], [ -112.470285291212605, 50.630216703944129, 0.0 ], [ -112.469856951275801, 50.630314126878901, 0.0 ], [ -112.469359899435503, 50.630371174824639, 0.0 ], [ -112.469082043321606, 50.6303832769268, 0.0 ], [ -112.468859191112799, 50.630343006571408, 0.0 ], [ -112.468497234076807, 50.63020677652996, 0.0 ], [ -112.468128615024796, 50.630078166103047, 0.0 ], [ -112.467501631662202, 50.629937897101833, 0.0 ], [ -112.4667977601422, 50.629848900409741, 0.0 ], [ -112.466527624480904, 50.629846388092659, 0.0 ], [ -112.466019968905897, 50.629901481375079, 0.0 ], [ -112.465876391780895, 50.629846958173758, 0.0 ], [ -112.465242087737494, 50.629662525384511, 0.0 ], [ -112.464716214751206, 50.629509631670672, 0.0 ], [ -112.464121762637106, 50.629516186450111, 0.0 ], [ -112.464082925231097, 50.629489938225532, 0.0 ], [ -112.463991016789294, 50.629427827419349, 0.0 ], [ -112.463237371441295, 50.629226450967373, 0.0 ], [ -112.463039428200005, 50.6292193131899, 0.0 ], [ -112.462976453289997, 50.629217032344933, 0.0 ], [ -112.462637356204397, 50.629182720802888, 0.0 ], [ -112.462424302228698, 50.629136955552752, 0.0 ], [ -112.461946584519893, 50.629084647812647, 0.0 ], [ -112.461387669469701, 50.629083712508688, 0.0 ], [ -112.461215388655006, 50.629079617329587, 0.0 ], [ -112.458373690898199, 50.628446947572897, 0.0 ], [ -112.449828687119094, 50.625035948023488, 0.0 ], [ -112.431930683282403, 50.626175949884207, 0.0 ], [ -112.421897681562399, 50.626938951445332, 0.0 ], [ -112.416155679950094, 50.624209952167817, 0.0 ], [ -112.407744676904599, 50.618990953105794, 0.0 ], [ -112.395825672389904, 50.615220953080069, 0.0 ], [ -112.392963670158494, 50.612121954512197, 0.0 ], [ -112.388526669446307, 50.611086954120502, 0.0 ], [ -112.380292670048703, 50.613255955184577, 0.0 ], [ -112.372999668226896, 50.618770957259443, 0.0 ], [ -112.370298285655096, 50.61925531921807, 0.0 ], [ -112.370141583665401, 50.619198533810867, 0.0 ], [ -112.370019132541302, 50.619139822286932, 0.0 ], [ -112.3684136670783, 50.616523956205853, 0.0 ], [ -112.371655666711106, 50.611191954947223, 0.0 ], [ -112.372030666317102, 50.606076955015958, 0.0 ], [ -112.371060459686703, 50.604521986013253, 0.0 ], [ -112.371030912641501, 50.604445251355607, 0.0 ], [ -112.370831013064802, 50.6038764344203, 0.0 ], [ -112.3706066395102, 50.60342017521593, 0.0 ], [ -112.370450346227898, 50.603185538055001, 0.0 ], [ -112.370262887010597, 50.602909217271403, 0.0 ], [ -112.370119429885804, 50.602626919876847, 0.0 ], [ -112.369809891313295, 50.602111619454533, 0.0 ], [ -112.3693580443218, 50.601471692242541, 0.0 ], [ -112.369226420586102, 50.60119320464203, 0.0 ], [ -112.369183754702107, 50.601125896829977, 0.0 ], [ -112.369067773183204, 50.600945966460998, 0.0 ], [ -112.369059902754699, 50.600933764725077, 0.0 ], [ -112.368881485061905, 50.600675534067342, 0.0 ], [ -112.368610813619298, 50.600274812530692, 0.0 ], [ -112.368561466433107, 50.600203063838869, 0.0 ], [ -112.368538890278103, 50.600172676523101, 0.0 ], [ -112.368162164259999, 50.599650911486442, 0.0 ], [ -112.367670245062897, 50.599087569559167, 0.0 ], [ -112.367144661309993, 50.59824495493956, 0.0 ], [ -112.365712048846603, 50.595022928474471, 0.0 ], [ -112.365771930165906, 50.594572728071498, 0.0 ], [ -112.365936464238501, 50.594127910156708, 0.0 ], [ -112.365938613250407, 50.594123349714508, 0.0 ], [ -112.3699841002135, 50.589775291132277, 0.0 ], [ -112.370104450566103, 50.589684454690108, 0.0 ], [ -112.370300343144805, 50.589507781171172, 0.0 ], [ -112.372182363872497, 50.588420350634898, 0.0 ], [ -112.372377949982607, 50.588338122036042, 0.0 ], [ -112.372589023992106, 50.588185370861652, 0.0 ], [ -112.378533650919806, 50.584749972839496, 0.0 ], [ -112.3788246605571, 50.584646358407312, 0.0 ], [ -112.379145174656003, 50.584477199714271, 0.0 ], [ -112.379623728708594, 50.584209566744157, 0.0 ], [ -112.380332858808003, 50.583732657459187, 0.0 ], [ -112.380401961133202, 50.58367010770548, 0.0 ], [ -112.3818796621795, 50.582815953274263, 0.0 ], [ -112.385361674782104, 50.579222959616253, 0.0 ], [ -112.385485198299307, 50.579143676276168, 0.0 ], [ -112.385655545230506, 50.57906726126442, 0.0 ], [ -112.3859061139256, 50.578860357969887, 0.0 ], [ -112.3860685585597, 50.578774080644607, 0.0 ], [ -112.386568706078407, 50.578710387148739, 0.0 ], [ -112.386713964513007, 50.578614509442851, 0.0 ], [ -112.386909612173199, 50.578272142171137, 0.0 ], [ -112.386978909235197, 50.578181569638623, 0.0 ], [ -112.387241882222895, 50.577869314171117, 0.0 ], [ -112.387529803947899, 50.577674782024438, 0.0 ], [ -112.387636022601299, 50.577557553459201, 0.0 ], [ -112.387788184503805, 50.577467007142999, 0.0 ], [ -112.388304501961102, 50.577233950929291, 0.0 ], [ -112.388911619761501, 50.576860253561243, 0.0 ], [ -112.389085836235097, 50.576776426402184, 0.0 ], [ -112.389226831589099, 50.576686698588688, 0.0 ], [ -112.389405426063803, 50.576467209690144, 0.0 ], [ -112.389579413928402, 50.576341226525777, 0.0 ], [ -112.389718380967196, 50.576263832857059, 0.0 ], [ -112.3898317593179, 50.576172547354467, 0.0 ], [ -112.389973417604907, 50.575899045146961, 0.0 ], [ -112.390165727761897, 50.575836227912617, 0.0 ], [ -112.390301182283807, 50.575733630827742, 0.0 ], [ -112.390345848382793, 50.575575986748497, 0.0 ], [ -112.390433711646295, 50.57544674050996, 0.0 ], [ -112.390544964486295, 50.575149762600368, 0.0 ], [ -112.390551241907701, 50.574957693199288, 0.0 ], [ -112.392423660296302, 50.573420950960447, 0.0 ], [ -112.392976038389307, 50.572088697440257, 0.0 ], [ -112.392997005551095, 50.572056751544608, 0.0 ], [ -112.393014329790205, 50.57203038594691, 0.0 ], [ -112.393062654314505, 50.57188250702486, 0.0 ], [ -112.3931563424497, 50.571788500708372, 0.0 ], [ -112.393173845342702, 50.571770922582758, 0.0 ], [ -112.393250112180894, 50.571636715492367, 0.0 ], [ -112.393384902979193, 50.571542208630198, 0.0 ], [ -112.393416619432102, 50.571381600812003, 0.0 ], [ -112.393478109929404, 50.571248584326767, 0.0 ], [ -112.393480957627403, 50.571062657756023, 0.0 ], [ -112.393641907510897, 50.570981333481733, 0.0 ], [ -112.3937225466982, 50.570851571196947, 0.0 ], [ -112.393784251260001, 50.570529859532321, 0.0 ], [ -112.3940002891961, 50.570489253924158, 0.0 ], [ -112.394082629622304, 50.570357306839163, 0.0 ], [ -112.394123929714993, 50.570198362156653, 0.0 ], [ -112.3941789661055, 50.569485936445311, 0.0 ], [ -112.394139584111798, 50.569282136299513, 0.0 ], [ -112.394481660486093, 50.568456951300341, 0.0 ], [ -112.394953075086605, 50.56774064610854, 0.0 ], [ -112.395208979911402, 50.567600945787682, 0.0 ], [ -112.395437447242898, 50.567381094446453, 0.0 ], [ -112.395664227215207, 50.566972847005061, 0.0 ], [ -112.396004640658603, 50.56663957088621, 0.0 ], [ -112.396212090176405, 50.566407477709539, 0.0 ], [ -112.396270846782699, 50.566262790455667, 0.0 ], [ -112.396288814760496, 50.565916208731089, 0.0 ], [ -112.396397358135104, 50.565804579140689, 0.0 ], [ -112.396432269320599, 50.565492884977843, 0.0 ], [ -112.3964553305415, 50.565457837612684, 0.0 ], [ -112.396614662566606, 50.565399258408092, 0.0 ], [ -112.396754623482806, 50.565304079604417, 0.0 ], [ -112.396907083760297, 50.565042337829468, 0.0 ], [ -112.396951834102595, 50.564886656585287, 0.0 ], [ -112.396950608754906, 50.564793817099947, 0.0 ], [ -112.396949471075402, 50.564706896129451, 0.0 ], [ -112.397337658470306, 50.564116949580061, 0.0 ], [ -112.397016658287299, 50.561411948904279, 0.0 ], [ -112.396656562607703, 50.560559677127657, 0.0 ], [ -112.396605981735505, 50.560120433286812, 0.0 ], [ -112.396250086771502, 50.559240384465021, 0.0 ], [ -112.395901720428299, 50.558773019858307, 0.0 ], [ -112.395291656842303, 50.557328949565218, 0.0 ], [ -112.391597287129997, 50.555676439252103, 0.0 ], [ -112.391349693988801, 50.555539201924027, 0.0 ], [ -112.391070670130404, 50.555351140076489, 0.0 ], [ -112.390913986456198, 50.555271517607117, 0.0 ], [ -112.390776724562002, 50.555171938656869, 0.0 ], [ -112.390537897025794, 50.554950015128099, 0.0 ], [ -112.390249066274905, 50.554763963008718, 0.0 ], [ -112.389748976430297, 50.554535846927962, 0.0 ], [ -112.389551474727497, 50.554478495548082, 0.0 ], [ -112.388729135529005, 50.55407917424629, 0.0 ], [ -112.388525025583505, 50.554023347463293, 0.0 ], [ -112.388176530647101, 50.553879431538427, 0.0 ], [ -112.387714033134998, 50.553813493989331, 0.0 ], [ -112.387320002032595, 50.553767909486751, 0.0 ], [ -112.385823287472206, 50.553110100548409, 0.0 ], [ -112.385602158006904, 50.552951528171853, 0.0 ], [ -112.385356380263303, 50.552738140083527, 0.0 ], [ -112.385066587896802, 50.552557560323507, 0.0 ], [ -112.384745935192498, 50.552395596426898, 0.0 ], [ -112.384607068752999, 50.552298081413163, 0.0 ], [ -112.383903056002893, 50.552014791883941, 0.0 ], [ -112.383519134022507, 50.551895937247679, 0.0 ], [ -112.383088913682698, 50.551801840151917, 0.0 ], [ -112.382677725919393, 50.551693337995772, 0.0 ], [ -112.382515275197093, 50.551656092661162, 0.0 ], [ -112.380956653138, 50.550970950247262, 0.0 ], [ -112.378266805667096, 50.550436642073343, 0.0 ], [ -112.377828591897298, 50.550340359254001, 0.0 ], [ -112.377412374625493, 50.550248885297158, 0.0 ], [ -112.377178505910393, 50.550211400683573, 0.0 ], [ -112.376746196642898, 50.550117518969593, 0.0 ], [ -112.3763602475548, 50.550057882068231, 0.0 ], [ -112.376261392652495, 50.550038242010643, 0.0 ], [ -112.375912760470598, 50.549910820615651, 0.0 ], [ -112.375695267489604, 50.549863352933592, 0.0 ], [ -112.375449061483295, 50.549836762884603, 0.0 ], [ -112.374815838808601, 50.549694547399241, 0.0 ], [ -112.374022871353404, 50.549471776853473, 0.0 ], [ -112.372949317242799, 50.549240461742372, 0.0 ], [ -112.372025202177895, 50.548902433028623, 0.0 ], [ -112.371627444566101, 50.548791315096487, 0.0 ], [ -112.371195981632098, 50.54870244479627, 0.0 ], [ -112.370377877849705, 50.54848250168461, 0.0 ], [ -112.369663292033394, 50.548390619461479, 0.0 ], [ -112.369386164810805, 50.548388143895707, 0.0 ], [ -112.369145377575407, 50.548356226830961, 0.0 ], [ -112.368954806928997, 50.548299808407442, 0.0 ], [ -112.368791727092898, 50.548224501313967, 0.0 ], [ -112.368397469714907, 50.548107827223227, 0.0 ], [ -112.368166189041801, 50.548073126544089, 0.0 ], [ -112.367279850751203, 50.547903161508053, 0.0 ], [ -112.366166636851005, 50.547697928669393, 0.0 ], [ -112.365387145301895, 50.547646610609732, 0.0 ], [ -112.364675089394396, 50.547541411660248, 0.0 ], [ -112.364445514184297, 50.547498589398529, 0.0 ], [ -112.357916646540104, 50.545542952101933, 0.0 ], [ -112.353410346208804, 50.543286962736261, 0.0 ], [ -112.353218268781205, 50.543117882909208, 0.0 ], [ -112.353144368373705, 50.543052828165123, 0.0 ], [ -112.353045909063496, 50.542675177532089, 0.0 ], [ -112.353067936790595, 50.542682645328291, 0.0 ], [ -112.353236292871003, 50.542669809098143, 0.0 ], [ -112.353156715243003, 50.542580848091823, 0.0 ], [ -112.353105084296303, 50.542476783151272, 0.0 ], [ -112.352928191611795, 50.542223656120292, 0.0 ], [ -112.352122129929995, 50.53913165166076, 0.0 ], [ -112.352140106369802, 50.538999543781429, 0.0 ], [ -112.352188656846295, 50.538798792429027, 0.0 ], [ -112.355729049028994, 50.535455359802953, 0.0 ], [ -112.355820811182099, 50.535397065789248, 0.0 ], [ -112.356313798150893, 50.534969708517799, 0.0 ], [ -112.356441571627997, 50.534864797545353, 0.0 ], [ -112.3569622160271, 50.53426856810885, 0.0 ], [ -112.357114911755403, 50.533998153182672, 0.0 ], [ -112.357225169041996, 50.533739806982609, 0.0 ], [ -112.359363893064696, 50.530936787746263, 0.0 ], [ -112.359435840115196, 50.530875659320081, 0.0 ], [ -112.359702853689299, 50.530663041960047, 0.0 ], [ -112.360294716422203, 50.530315633057391, 0.0 ], [ -112.360652991463496, 50.530161972438442, 0.0 ], [ -112.360977961257703, 50.530013864337477, 0.0 ], [ -112.361129334936706, 50.529926023988082, 0.0 ], [ -112.361195502396299, 50.529812998652908, 0.0 ], [ -112.361193470026294, 50.529807070141793, 0.0 ], [ -112.361453046415306, 50.529666872326878, 0.0 ], [ -112.361424417723896, 50.52974927803924, 0.0 ], [ -112.361607192436594, 50.529679049494924, 0.0 ], [ -112.361753607670394, 50.529587405566637, 0.0 ], [ -112.361870475951207, 50.529475520393227, 0.0 ], [ -112.3621347326077, 50.529298685680708, 0.0 ], [ -112.363250641112998, 50.52869595008206, 0.0 ], [ -112.364702785669195, 50.525169706552909, 0.0 ], [ -112.3647791142795, 50.525066398432543, 0.0 ], [ -112.365027917141106, 50.524494850167358, 0.0 ], [ -112.365111827979604, 50.524362265432138, 0.0 ], [ -112.365225536640096, 50.524251727195768, 0.0 ], [ -112.365261588887407, 50.524094401161292, 0.0 ], [ -112.365362141134497, 50.52397726582246, 0.0 ], [ -112.365582637193697, 50.523561364105078, 0.0 ], [ -112.365763652076893, 50.523305023203967, 0.0 ], [ -112.366043021149807, 50.522557323164328, 0.0 ], [ -112.366389368512699, 50.522031956551203, 0.0 ], [ -112.366491106300899, 50.521735998757059, 0.0 ], [ -112.366454634388305, 50.521643962859621, 0.0 ], [ -112.366453805480901, 50.5216418654081, 0.0 ], [ -112.366433482964993, 50.521590608000722, 0.0 ], [ -112.366336990238196, 50.521470226551763, 0.0 ], [ -112.366309520468903, 50.521348122875629, 0.0 ], [ -112.366309079789303, 50.521346151193093, 0.0 ], [ -112.366301908470106, 50.521314232600638, 0.0 ], [ -112.366299889226596, 50.521290802978918, 0.0 ], [ -112.366377642086206, 50.521101948814383, 0.0 ], [ -112.3664510095049, 50.520803965779614, 0.0 ], [ -112.366478886078298, 50.520778345847063, 0.0 ], [ -112.366856632334304, 50.520275573259838, 0.0 ], [ -112.367008294113802, 50.520008378779529, 0.0 ], [ -112.367089217187399, 50.519692666184213, 0.0 ], [ -112.367157825826894, 50.519001815872549, 0.0 ], [ -112.367137842432797, 50.518649354060138, 0.0 ], [ -112.367067258000603, 50.518300961001941, 0.0 ], [ -112.367445640025096, 50.516763950433877, 0.0 ], [ -112.365249567993502, 50.508159621622298, 0.0 ], [ -112.365306629471405, 50.507757315088341, 0.0 ], [ -112.365268273947095, 50.507677959121693, 0.0 ], [ -112.365527222768804, 50.504149965306382, 0.0 ], [ -112.3656147911408, 50.503910367829533, 0.0 ], [ -112.368790636923293, 50.498418946917297, 0.0 ], [ -112.368564025726002, 50.496244805192369, 0.0 ], [ -112.368568148719405, 50.496232966194633, 0.0 ], [ -112.368508490852093, 50.495221702140228, 0.0 ], [ -112.368458994737594, 50.493960434006503, 0.0 ], [ -112.368399998986206, 50.493581091477601, 0.0 ], [ -112.368269149184499, 50.493112862173263, 0.0 ], [ -112.368205488477699, 50.492804581000392, 0.0 ], [ -112.367955633286499, 50.490406946810502, 0.0 ], [ -112.362879626358605, 50.4857315278417, 0.0 ], [ -112.362842222110302, 50.485656479227153, 0.0 ], [ -112.362580137997497, 50.48525986739984, 0.0 ], [ -112.362364614556796, 50.484876953880978, 0.0 ], [ -112.362273698048696, 50.484715435194161, 0.0 ], [ -112.362256694234205, 50.484696089338847, 0.0 ], [ -112.362169081674097, 50.484596295642277, 0.0 ], [ -112.361564122201102, 50.484055998074737, 0.0 ], [ -112.361275906471903, 50.483878358934312, 0.0 ], [ -112.360897584587704, 50.483759641073128, 0.0 ], [ -112.360740418931002, 50.483736479647561, 0.0 ], [ -112.354295625473696, 50.476436946662588, 0.0 ], [ -112.339153621001003, 50.46980494798364, 0.0 ], [ -112.329278615095504, 50.45854394880444, 0.0 ], [ -112.327578146373398, 50.457063962912272, 0.0 ], [ -112.327202304211895, 50.45665179399397, 0.0 ], [ -112.326856959763305, 50.45632458858546, 0.0 ], [ -112.326577996143897, 50.456142536899947, 0.0 ], [ -112.326459763127701, 50.456031302502133, 0.0 ], [ -112.326189218047304, 50.455754066955521, 0.0 ], [ -112.326019008806995, 50.455576007983289, 0.0 ], [ -112.3260153323981, 50.455573214816447, 0.0 ], [ -112.325750219365503, 50.455371701973228, 0.0 ], [ -112.325141121433404, 50.454826017499279, 0.0 ], [ -112.324693733838103, 50.45436377104437, 0.0 ], [ -112.324078700766606, 50.45401789394645, 0.0 ], [ -112.323714613326899, 50.453700948889932, 0.0 ], [ -112.323035440762595, 50.45341496371978, 0.0 ], [ -112.323031695961703, 50.453411715341232, 0.0 ], [ -112.322870210633198, 50.453335350754813, 0.0 ], [ -112.322665552411706, 50.453156683514443, 0.0 ], [ -112.322522787911794, 50.453082288210133, 0.0 ], [ -112.321643491734903, 50.452656833765502, 0.0 ], [ -112.321251945873598, 50.452527565458531, 0.0 ], [ -112.321090373537601, 50.452444113381567, 0.0 ], [ -112.320740039004605, 50.452303949302177, 0.0 ], [ -112.320236278827807, 50.452071439673453, 0.0 ], [ -112.319521877544602, 50.451791157636663, 0.0 ], [ -112.3191852771849, 50.451645564104041, 0.0 ], [ -112.3187775193867, 50.451534063313183, 0.0 ], [ -112.318494137396897, 50.451402275039513, 0.0 ], [ -112.3182112751023, 50.451270795005783, 0.0 ], [ -112.3181090182823, 50.451223262853539, 0.0 ], [ -112.317223684043796, 50.450859222939187, 0.0 ], [ -112.316826386840901, 50.450742143284828, 0.0 ], [ -112.316297561257301, 50.450532524851731, 0.0 ], [ -112.316092122275506, 50.450479325155129, 0.0 ], [ -112.315905606784995, 50.450403065945039, 0.0 ], [ -112.315839559241397, 50.450384475275392, 0.0 ], [ -112.314069610946603, 50.449638949243017, 0.0 ], [ -112.308581685352607, 50.449010622089247, 0.0 ], [ -112.307223699272797, 50.44878868925467, 0.0 ], [ -112.306906606443206, 50.44875079540865, 0.0 ], [ -112.306500372317203, 50.44870221519632, 0.0 ], [ -112.305817871512602, 50.448694081411404, 0.0 ], [ -112.299750606470099, 50.447998951174419, 0.0 ], [ -112.296114750395105, 50.447053021576508, 0.0 ], [ -112.296003790757098, 50.446960936334442, 0.0 ], [ -112.295865926833599, 50.446683319738092, 0.0 ], [ -112.295854442791097, 50.44651056276988, 0.0 ], [ -112.295928694483194, 50.446194297055783, 0.0 ], [ -112.295991277008397, 50.44605552681108, 0.0 ], [ -112.296610366014605, 50.444941358721387, 0.0 ], [ -112.296681613698993, 50.444863729757159, 0.0 ], [ -112.296764867092193, 50.44473257121674, 0.0 ], [ -112.297253138317402, 50.444136454159278, 0.0 ], [ -112.297563729886306, 50.443597892284302, 0.0 ], [ -112.297749830147893, 50.443349591381057, 0.0 ], [ -112.297972387688503, 50.443123979316333, 0.0 ], [ -112.298253714924698, 50.442938524514339, 0.0 ], [ -112.298815482145301, 50.442371825028189, 0.0 ], [ -112.299179622183999, 50.441884158427513, 0.0 ], [ -112.299243370888604, 50.441746111858492, 0.0 ], [ -112.299333872976106, 50.441446859377663, 0.0 ], [ -112.299330271774295, 50.441256441970168, 0.0 ], [ -112.299293029635507, 50.441107239090897, 0.0 ], [ -112.299243654684503, 50.440909522369267, 0.0 ], [ -112.299181701170099, 50.440741221377117, 0.0 ], [ -112.299840854716805, 50.43980172838571, 0.0 ], [ -112.299860096828496, 50.439789929555801, 0.0 ], [ -112.300266433894194, 50.439497614598857, 0.0 ], [ -112.300419830986996, 50.439410664533597, 0.0 ], [ -112.300547666894104, 50.439302127468032, 0.0 ], [ -112.3008530078028, 50.438938282734448, 0.0 ], [ -112.300917225473796, 50.438816767132529, 0.0 ], [ -112.305594289593799, 50.437333305129307, 0.0 ], [ -112.305948439937694, 50.437408235301653, 0.0 ], [ -112.306213412040506, 50.437397447071419, 0.0 ], [ -112.306411118072603, 50.437339511050787, 0.0 ], [ -112.306501726555496, 50.437210803574857, 0.0 ], [ -112.306671480114602, 50.437138937346383, 0.0 ], [ -112.306931964161393, 50.43706248785589, 0.0 ], [ -112.306947468175295, 50.437057933553866, 0.0 ], [ -112.307467431456402, 50.436905313662173, 0.0 ], [ -112.308034889796801, 50.436706942118029, 0.0 ], [ -112.308563522918007, 50.436500003086053, 0.0 ], [ -112.308815917212399, 50.436293346891219, 0.0 ], [ -112.309122091894807, 50.435932171935278, 0.0 ], [ -112.309302903459297, 50.435505455371441, 0.0 ], [ -112.309329754449294, 50.435344592449312, 0.0 ], [ -112.309246376762104, 50.435030817198367, 0.0 ], [ -112.309247927739406, 50.434928812500139, 0.0 ], [ -112.309819603607096, 50.433530949019932, 0.0 ], [ -112.308592314309095, 50.432588555655599, 0.0 ], [ -112.308454553492794, 50.432400630503587, 0.0 ], [ -112.308122841246799, 50.432058923525297, 0.0 ], [ -112.307609729330196, 50.431648205720407, 0.0 ], [ -112.307203488069405, 50.431337229129113, 0.0 ], [ -112.306981048774006, 50.431204671874802, 0.0 ], [ -112.306943221380394, 50.431182117546072, 0.0 ], [ -112.306450100803502, 50.430889824293217, 0.0 ], [ -112.306194923237598, 50.430747542456167, 0.0 ], [ -112.305118602970296, 50.42992094922041, 0.0 ], [ -112.302901977313198, 50.429398385130384, 0.0 ], [ -112.302773388486102, 50.429359378129668, 0.0 ], [ -112.302639023232601, 50.429336389937383, 0.0 ], [ -112.295584599858302, 50.427672950686251, 0.0 ], [ -112.278791596769906, 50.427613951447967, 0.0 ], [ -112.276838595449703, 50.427245314983637, 0.0 ], [ -112.2761327634081, 50.42699029131024, 0.0 ], [ -112.275974018613596, 50.426905096318208, 0.0 ], [ -112.275794198312795, 50.426841499617751, 0.0 ], [ -112.275383057974494, 50.426734722943714, 0.0 ], [ -112.2748255659817, 50.426645887112187, 0.0 ], [ -112.274716167682399, 50.42662844781259, 0.0 ], [ -112.274701397361298, 50.426626094857703, 0.0 ], [ -112.274041041549907, 50.426497615711639, 0.0 ], [ -112.273858527251505, 50.426464306121837, 0.0 ], [ -112.273762468687806, 50.426446890718609, 0.0 ], [ -112.273362638067198, 50.426374360868493, 0.0 ], [ -112.272935367901496, 50.426280227612963, 0.0 ], [ -112.272767154769596, 50.42625498177658, 0.0 ], [ -112.272738076584204, 50.426250619172613, 0.0 ], [ -112.272484209855193, 50.426212529127071, 0.0 ], [ -112.272454879677895, 50.426208115545997, 0.0 ], [ -112.271999139776796, 50.426140037714887, 0.0 ], [ -112.271717775162401, 50.426123753090643, 0.0 ], [ -112.271237181236401, 50.426067768520248, 0.0 ], [ -112.270858187244002, 50.42594092465017, 0.0 ], [ -112.270401599198607, 50.425866809332902, 0.0 ], [ -112.269905547988799, 50.425827149319439, 0.0 ], [ -112.269433359278693, 50.425772775530007, 0.0 ], [ -112.268753688592099, 50.425718852636223, 0.0 ], [ -112.267361594443699, 50.425455952240647, 0.0 ], [ -112.256909590548901, 50.426040953416958, 0.0 ], [ -112.247974299380303, 50.426976774371077, 0.0 ], [ -112.2474656119565, 50.427019623916372, 0.0 ], [ -112.246913274880399, 50.427023158906948, 0.0 ], [ -112.246123607421396, 50.427091262082833, 0.0 ], [ -112.245210975838702, 50.427246418031089, 0.0 ], [ -112.244946750522899, 50.427267361282148, 0.0 ], [ -112.244545938070402, 50.427335644757029, 0.0 ], [ -112.2368775869177, 50.428137956311623, 0.0 ], [ -112.226007585484297, 50.429934957569174, 0.0 ], [ -112.224145984364299, 50.430184881549742, 0.0 ], [ -112.224128553773497, 50.430184748880833, 0.0 ], [ -112.221840271796694, 50.430228194599749, 0.0 ], [ -112.221058511117803, 50.430288909863172, 0.0 ], [ -112.220612606759204, 50.430383836674288, 0.0 ], [ -112.2191828894194, 50.430592704908783, 0.0 ], [ -112.218495197066005, 50.430716919572077, 0.0 ], [ -112.218116835742606, 50.430838801858037, 0.0 ], [ -112.217446042572902, 50.430969749056899, 0.0 ], [ -112.216952522575696, 50.431051436762303, 0.0 ], [ -112.216327680026495, 50.431220337215017, 0.0 ], [ -112.216140932579293, 50.431259206127862, 0.0 ], [ -112.211416583452603, 50.431892959316713, 0.0 ], [ -112.200950581499299, 50.435636960727862, 0.0 ], [ -112.195225580378207, 50.436211960785847, 0.0 ], [ -112.189649579276093, 50.434830961992397, 0.0 ], [ -112.179026573993497, 50.42831696251433, 0.0 ], [ -112.171921908653502, 50.421908176061287, 0.0 ], [ -112.172061128516702, 50.42192486941628, 0.0 ], [ -112.171930054200004, 50.421824985357389, 0.0 ], [ -112.171763473083999, 50.421751758306463, 0.0 ], [ -112.171640659933104, 50.421646577351872, 0.0 ], [ -112.171561632938804, 50.421512917609718, 0.0 ], [ -112.171587152850606, 50.42134872974718, 0.0 ], [ -112.171513671293994, 50.421216806704038, 0.0 ], [ -112.171235221904197, 50.421033020599282, 0.0 ], [ -112.170806825751299, 50.420564255510428, 0.0 ], [ -112.170697458614896, 50.420368649701963, 0.0 ], [ -112.167193567280407, 50.413021963905827, 0.0 ], [ -112.168060565789403, 50.40792396190858, 0.0 ], [ -112.173410566982895, 50.401680960751818, 0.0 ], [ -112.174491577457005, 50.398115732781768, 0.0 ], [ -112.174552604625802, 50.398068711107911, 0.0 ], [ -112.174678656662806, 50.397782264622997, 0.0 ], [ -112.174718015631598, 50.39762330760442, 0.0 ], [ -112.174716815770793, 50.397529876993183, 0.0 ], [ -112.174715652302993, 50.397439857916567, 0.0 ], [ -112.174730487351994, 50.39734903980446, 0.0 ], [ -112.174738038219402, 50.397302808772722, 0.0 ], [ -112.175629565115003, 50.394361959423691, 0.0 ], [ -112.177644454918905, 50.389991295220689, 0.0 ], [ -112.1777115423764, 50.389934293320408, 0.0 ], [ -112.177810085305197, 50.389816619264799, 0.0 ], [ -112.178167241848499, 50.389129383062688, 0.0 ], [ -112.178369702194701, 50.38889044075858, 0.0 ], [ -112.1784092300189, 50.388738217868749, 0.0 ], [ -112.178446319630396, 50.388251663861112, 0.0 ], [ -112.178487904723895, 50.388161440580753, 0.0 ], [ -112.178535725028198, 50.388089115733628, 0.0 ], [ -112.178545042823501, 50.388037474781747, 0.0 ], [ -112.179602563332594, 50.385742960541933, 0.0 ], [ -112.174339558236099, 50.374271959776763, 0.0 ], [ -112.175077558894799, 50.370827957951647, 0.0 ], [ -112.1826625573093, 50.358254956962327, 0.0 ], [ -112.183216369413202, 50.356400455206668, 0.0 ], [ -112.183339132541505, 50.356150801253449, 0.0 ], [ -112.183389585749694, 50.355996681358278, 0.0 ], [ -112.183515778396597, 50.355712497039953, 0.0 ], [ -112.183678343935995, 50.355297420012121, 0.0 ], [ -112.183776868731897, 50.354961143929707, 0.0 ], [ -112.183861223717301, 50.354833060920662, 0.0 ], [ -112.184077600752602, 50.354242832656617, 0.0 ], [ -112.184139538169703, 50.354104442193851, 0.0 ], [ -112.184247766734799, 50.353763811284033, 0.0 ], [ -112.184255147568607, 50.353738945577263, 0.0 ], [ -112.184510256870993, 50.352878853511527, 0.0 ], [ -112.184787810091294, 50.351400516133367, 0.0 ], [ -112.184824451943101, 50.350517699201667, 0.0 ], [ -112.1848034492631, 50.350055883754678, 0.0 ], [ -112.184840553611707, 50.347366956520197, 0.0 ], [ -112.181438553097607, 50.342433956598157, 0.0 ], [ -112.179129556203094, 50.34132875717809, 0.0 ], [ -112.178443838788994, 50.340916304719798, 0.0 ], [ -112.177918651336199, 50.340683080853132, 0.0 ], [ -112.177602104494895, 50.340517628557123, 0.0 ], [ -112.177269439454307, 50.340366497428683, 0.0 ], [ -112.176940943257904, 50.340195614498739, 0.0 ], [ -112.176748525454698, 50.340125668705262, 0.0 ], [ -112.175386467793501, 50.339531875952432, 0.0 ], [ -112.175334798925903, 50.339512191481091, 0.0 ], [ -112.173009548406398, 50.338398956521267, 0.0 ], [ -112.165189909587596, 50.335516671033993, 0.0 ], [ -112.165152660725596, 50.335495029975782, 0.0 ], [ -112.164784634049894, 50.33535342068371, 0.0 ], [ -112.164303316529001, 50.335109271618009, 0.0 ], [ -112.163672857491406, 50.334761301232056, 0.0 ], [ -112.163486078510601, 50.334689643899793, 0.0 ], [ -112.163282676086595, 50.33463413889374, 0.0 ], [ -112.163098630782301, 50.334562421679763, 0.0 ], [ -112.162768434212296, 50.334395406934199, 0.0 ], [ -112.162269405617096, 50.334206326367607, 0.0 ], [ -112.156267544563406, 50.331368012100008, 0.0 ], [ -112.156176876461998, 50.331300394997442, 0.0 ], [ -112.154384541883701, 50.328077958419513, 0.0 ], [ -112.154691550672695, 50.325680519621571, 0.0 ], [ -112.154859942943503, 50.325192882405787, 0.0 ], [ -112.155025703979604, 50.324929611406858, 0.0 ], [ -112.155119972167796, 50.324666309377882, 0.0 ], [ -112.1551299873353, 50.32463822424539, 0.0 ], [ -112.155170756334201, 50.324510213655408, 0.0 ], [ -112.156774541484296, 50.321943957203928, 0.0 ], [ -112.160461716129106, 50.32083415688512, 0.0 ], [ -112.161613201596396, 50.320750180310647, 0.0 ], [ -112.163371453443204, 50.320718068825528, 0.0 ], [ -112.164202633476194, 50.320715920869283, 0.0 ], [ -112.165576253476502, 50.320779281662197, 0.0 ], [ -112.166625839299897, 50.320870634629152, 0.0 ], [ -112.167564948171503, 50.321017757857568, 0.0 ], [ -112.168311519179497, 50.321092903061327, 0.0 ], [ -112.169105576277104, 50.321214302573743, 0.0 ], [ -112.172530544177306, 50.322064954892397, 0.0 ], [ -112.174983545054999, 50.320824954902548, 0.0 ], [ -112.176450544766894, 50.318989955289069, 0.0 ], [ -112.176763544092694, 50.316835954545652, 0.0 ], [ -112.175288157418606, 50.314300107915763, 0.0 ], [ -112.175202543575196, 50.314152955955812, 0.0 ], [ -112.171966542775394, 50.312168956274988, 0.0 ], [ -112.169386541748594, 50.311240956708517, 0.0 ], [ -112.169029889686101, 50.310026534970753, 0.0 ], [ -112.169541610988404, 50.310026738650237, 0.0 ], [ -112.179667081277302, 50.310028396138257, 0.0 ], [ -112.179879514075694, 50.310028422668509, 0.0 ], [ -112.180851107533201, 50.31002857089409, 0.0 ], [ -112.181133381530103, 50.310028607059031, 0.0 ], [ -112.185509396341502, 50.310030059073021, 0.0 ], [ -112.185719887355205, 50.310030125060003, 0.0 ], [ -112.192431747808996, 50.310032019268178, 0.0 ], [ -112.194588474792297, 50.310032581784213, 0.0 ], [ -112.194810081546095, 50.310032641428442, 0.0 ], [ -112.203727773279695, 50.310034535127294, 0.0 ], [ -112.204010159198504, 50.310034563332657, 0.0 ], [ -112.2153319013741, 50.310036019559803, 0.0 ], [ -112.226653883363397, 50.310032516295372, 0.0 ], [ -112.226936263017194, 50.310032417469152, 0.0 ], [ -112.238258289218507, 50.310027792994788, 0.0 ], [ -112.249577932853597, 50.310026838223187, 0.0 ], [ -112.249860262936195, 50.310026800331002, 0.0 ], [ -112.259122879841399, 50.310024609443651, 0.0 ], [ -112.259476449684598, 50.310024455982862, 0.0 ], [ -112.261180568596401, 50.310023721604317, 0.0 ], [ -112.272501736049193, 50.31001822881791, 0.0 ], [ -112.272784115978297, 50.310018062535249, 0.0 ], [ -112.284105324571996, 50.310011447788497, 0.0 ], [ -112.295426572640295, 50.310003737697599, 0.0 ], [ -112.295708940494094, 50.310003516255399, 0.0 ], [ -112.307030188234094, 50.309994646366853, 0.0 ], [ -112.317709737808698, 50.309985275436958, 0.0 ], [ -112.318351472460606, 50.309984683790951, 0.0 ], [ -112.318633857183599, 50.309984415963051, 0.0 ], [ -112.326045384266806, 50.309977577634079, 0.0 ], [ -112.326475872059902, 50.309977181493053, 0.0 ], [ -112.329953031748403, 50.309973820182421, 0.0 ], [ -112.338729157275097, 50.309964103499397, 0.0 ], [ -112.339151695318094, 50.309963594337802, 0.0 ], [ -112.339582243489602, 50.309963104173889, 0.0 ], [ -112.341276432207195, 50.309961121148163, 0.0 ], [ -112.341558858096505, 50.309960798486713, 0.0 ], [ -112.352867277805103, 50.30997013922152, 0.0 ], [ -112.364176654522296, 50.309972585642171, 0.0 ], [ -112.364458858477406, 50.309972725060767, 0.0 ], [ -112.365642887517893, 50.309973272413089, 0.0 ], [ -112.365853427832604, 50.309973358365838, 0.0 ], [ -112.375771636613393, 50.309977786794683, 0.0 ], [ -112.376964702431906, 50.309978153688689, 0.0 ], [ -112.377176085190996, 50.309978221023677, 0.0 ], [ -112.381497593897095, 50.30997956922706, 0.0 ], [ -112.381708945338602, 50.309979488118131, 0.0 ], [ -112.3859601929245, 50.309980250370941, 0.0 ], [ -112.386170682103298, 50.309980284820583, 0.0 ], [ -112.3870808747903, 50.309980425349018, 0.0 ], [ -112.387363590052203, 50.309979374117653, 0.0 ], [ -112.392678846161999, 50.309980322989617, 0.0 ], [ -112.398409767182898, 50.309983346056903, 0.0 ], [ -112.3986648476521, 50.309982122765859, 0.0 ], [ -112.398834466826798, 50.309982212686073, 0.0 ], [ -112.399045064146506, 50.309982292801386, 0.0 ], [ -112.409903108036104, 50.30998736832553, 0.0 ], [ -112.409973695564801, 50.309987304949033, 0.0 ], [ -112.410256190686397, 50.30998696875664, 0.0 ], [ -112.410372772845705, 50.309987155499158, 0.0 ], [ -112.410770216308407, 50.30998702316144, 0.0 ], [ -112.410809842889407, 50.309987033325207, 0.0 ], [ -112.421564953232803, 50.309991109703141, 0.0 ], [ -112.431396686423, 50.309992696781492, 0.0 ], [ -112.431607345659003, 50.309992680491717, 0.0 ], [ -112.431817831593904, 50.309992698684127, 0.0 ], [ -112.431862305029298, 50.309992701705383, 0.0 ], [ -112.432873744690099, 50.309992815889693, 0.0 ], [ -112.4331576602209, 50.309993482112048, 0.0 ], [ -112.433161329809195, 50.309179042958171, 0.0 ], [ -112.433194059635994, 50.302802651042079, 0.0 ], [ -112.433194432229598, 50.299278604778792, 0.0 ], [ -112.433194507616307, 50.299143622880941, 0.0 ], [ -112.433194548880394, 50.29810889250475, 0.0 ], [ -112.433194540866893, 50.297974152611197, 0.0 ], [ -112.433194559015604, 50.297839448388643, 0.0 ], [ -112.433194799514496, 50.295702030400371, 0.0 ], [ -112.433194735677304, 50.295565191596971, 0.0 ], [ -112.433190672337602, 50.288323680488062, 0.0 ], [ -112.433192003692994, 50.281084233164037, 0.0 ], [ -112.433191957583006, 50.280904001938467, 0.0 ], [ -112.433194198887705, 50.27366801385709, 0.0 ], [ -112.433194231155397, 50.273503767082524, 0.0 ], [ -112.433194328524294, 50.269326346585011, 0.0 ], [ -112.433194375085293, 50.266430461984307, 0.0 ], [ -112.4335051878207, 50.266430283675987, 0.0 ], [ -112.434125426229301, 50.266429272999261, 0.0 ], [ -112.434793225516799, 50.266428391460032, 0.0 ], [ -112.444464225996398, 50.266415698740772, 0.0 ], [ -112.450113755171998, 50.266406904452822, 0.0 ], [ -112.450327293762697, 50.266406111507763, 0.0 ], [ -112.455731060985798, 50.266397021358678, 0.0 ], [ -112.456013176402394, 50.266396550145409, 0.0 ], [ -112.463506766110797, 50.266397860674971, 0.0 ], [ -112.463632839725904, 50.266397859948732, 0.0 ], [ -112.467351416330004, 50.266397907915497, 0.0 ], [ -112.478433398879901, 50.266398165713063, 0.0 ], [ -112.478689628542199, 50.266398157311201, 0.0 ], [ -112.478971748155701, 50.26639814331142, 0.0 ], [ -112.490284211210295, 50.266411684097427, 0.0 ], [ -112.500261712649007, 50.266422722417623, 0.0 ], [ -112.500617107184198, 50.266423089769248, 0.0 ], [ -112.501603148373704, 50.266424135397287, 0.0 ], [ -112.501885263945496, 50.266424425559592, 0.0 ], [ -112.513022511219006, 50.266429308041829, 0.0 ], [ -112.513232870925606, 50.266429385054039, 0.0 ], [ -112.524576714217702, 50.266428331452921, 0.0 ], [ -112.524858818355298, 50.266428286563198, 0.0 ], [ -112.524859110830107, 50.266318696782733, 0.0 ], [ -112.524878090254205, 50.259196373634303, 0.0 ], [ -112.524878846048495, 50.259032080141317, 0.0 ], [ -112.524895159334093, 50.251966791110434, 0.0 ], [ -112.524895054824199, 50.251785499305967, 0.0 ], [ -112.524894561973298, 50.251580019478048, 0.0 ], [ -112.524878253546802, 50.244551965009187, 0.0 ], [ -112.524877864227193, 50.244360174347761, 0.0 ], [ -112.524863756248493, 50.23732176686859, 0.0 ], [ -112.524863287898796, 50.237143670510108, 0.0 ], [ -112.524845409795205, 50.23027462408421, 0.0 ], [ -112.5248449397087, 50.230096545508523, 0.0 ], [ -112.5248445611753, 50.229932137180619, 0.0 ], [ -112.524828179761798, 50.222931174872933, 0.0 ], [ -112.524827956179607, 50.222835269634118, 0.0 ], [ -112.524827464702398, 50.222627520389388, 0.0 ], [ -112.529516462173007, 50.222627425649357, 0.0 ], [ -112.529798319336706, 50.222627419183418, 0.0 ], [ -112.529798453404496, 50.222582211969467, 0.0 ], [ -112.529802086018805, 50.221362985176739, 0.0 ], [ -112.529802489222206, 50.221228155427433, 0.0 ], [ -112.529819403547094, 50.215345406064984, 0.0 ], [ -112.529820382924896, 50.214665489819858, 0.0 ], [ -112.5298206232886, 50.214610129638046, 0.0 ], [ -112.529821098321193, 50.214330077283442, 0.0 ], [ -112.5298210290958, 50.214280818018928, 0.0 ], [ -112.529831565021198, 50.208108191679187, 0.0 ], [ -112.530234726973603, 50.208109034663487, 0.0 ], [ -112.530461552973605, 50.208109525938617, 0.0 ], [ -112.540667876700695, 50.208113659048067, 0.0 ], [ -112.541052108894405, 50.208113625274677, 0.0 ], [ -112.549141930859193, 50.208112578233411, 0.0 ], [ -112.549352752086904, 50.208112545389177, 0.0 ], [ -112.5520402722223, 50.208111370616088, 0.0 ], [ -112.552202535241705, 50.208111314979448, 0.0 ], [ -112.552275132520407, 50.208111283107598, 0.0 ], [ -112.5525569643941, 50.208111176379767, 0.0 ], [ -112.552552944706605, 50.205605660669008, 0.0 ], [ -112.552552747282206, 50.205441274294543, 0.0 ], [ -112.552547484355898, 50.200881904333869, 0.0 ], [ -112.552545507028498, 50.199165549247617, 0.0 ], [ -112.552539739833406, 50.194170383798827, 0.0 ], [ -112.552537809637798, 50.193896762559582, 0.0 ], [ -112.552537258531402, 50.193650222656032, 0.0 ], [ -112.552536931703898, 50.193469374418072, 0.0 ], [ -112.563153773243798, 50.193462468028407, 0.0 ], [ -112.563794089384402, 50.19346203861739, 0.0 ], [ -112.574135038054493, 50.193454705710238, 0.0 ], [ -112.574263078508594, 50.193454600133776, 0.0 ], [ -112.574978801780404, 50.193454072662128, 0.0 ], [ -112.5750492154922, 50.193454004473352, 0.0 ], [ -112.575330894714199, 50.193453803790142, 0.0 ], [ -112.575401308022805, 50.19345374347813, 0.0 ], [ -112.583263763106899, 50.193448105427493, 0.0 ], [ -112.586582175224805, 50.193445695289519, 0.0 ], [ -112.597833411758401, 50.193436656673498, 0.0 ], [ -112.598115102198406, 50.193436490890107, 0.0 ], [ -112.601023701357605, 50.193433018477251, 0.0 ], [ -112.609392069261602, 50.193423767988037, 0.0 ], [ -112.612636944635497, 50.19341968345995, 0.0 ], [ -112.612847331890194, 50.193419427737098, 0.0 ], [ -112.620650476208198, 50.193407451225191, 0.0 ], [ -112.620932081324, 50.193406752259669, 0.0 ], [ -112.632140780902702, 50.193394721714732, 0.0 ], [ -112.636798089833206, 50.193385794658411, 0.0 ], [ -112.637012920882697, 50.193385514466819, 0.0 ], [ -112.637227855137198, 50.193385415052163, 0.0 ], [ -112.643209823845893, 50.193374553341968, 0.0 ], [ -112.643280141050198, 50.193374719843867, 0.0 ], [ -112.643561829577195, 50.193374263703653, 0.0 ], [ -112.643559159597501, 50.186137218870627, 0.0 ], [ -112.643549192585297, 50.178885790484429, 0.0 ], [ -112.6435340537641, 50.171655326403787, 0.0 ], [ -112.643553071149796, 50.164415423574233, 0.0 ], [ -112.643553519252293, 50.164234593629232, 0.0 ], [ -112.6435746767674, 50.156991874830283, 0.0 ], [ -112.643596577834103, 50.149752500354062, 0.0 ], [ -112.643612053250394, 50.14253383991187, 0.0 ], [ -112.643630423447306, 50.135415242472767, 0.0 ], [ -112.643630559225201, 50.135368603572807, 0.0 ], [ -112.643631095348098, 50.135187631580678, 0.0 ], [ -112.643349809719894, 50.135187680021502, 0.0 ], [ -112.632109622739804, 50.135191509291367, 0.0 ], [ -112.620869015566996, 50.135198336807733, 0.0 ], [ -112.620587682574694, 50.135198221083748, 0.0 ], [ -112.609346842275599, 50.135192812576527, 0.0 ], [ -112.598106126123298, 50.135186298153357, 0.0 ], [ -112.597824794247799, 50.135186677060133, 0.0 ], [ -112.586588157376397, 50.135203095477273, 0.0 ], [ -112.575421525750201, 50.135217708930163, 0.0 ], [ -112.575351023957097, 50.135217640879652, 0.0 ], [ -112.575068777830296, 50.135216999702081, 0.0 ], [ -112.574998434758896, 50.135217059837707, 0.0 ], [ -112.563836327797006, 50.135225037878683, 0.0 ], [ -112.552601285389002, 50.135234146239689, 0.0 ], [ -112.552318824058702, 50.135233841102583, 0.0 ], [ -112.5410878544063, 50.135248265021119, 0.0 ], [ -112.529847807740396, 50.135260445165073, 0.0 ], [ -112.529566569800906, 50.135260318518959, 0.0 ], [ -112.518314728965194, 50.135256146489482, 0.0 ], [ -112.507249760343697, 50.13526076367102, 0.0 ], [ -112.507062245979, 50.135260830673467, 0.0 ], [ -112.507062584999602, 50.128020596317917, 0.0 ], [ -112.507062855723206, 50.120780363927643, 0.0 ], [ -112.507063008486796, 50.113540281818331, 0.0 ], [ -112.507060701926406, 50.106302057193133, 0.0 ], [ -112.507060651718703, 50.106121204231812, 0.0 ], [ -112.507059374101601, 50.098880168473137, 0.0 ], [ -112.507053466577403, 50.09164184165774, 0.0 ], [ -112.507057901276994, 50.084400518831657, 0.0 ], [ -112.507062133025201, 50.0771591014908, 0.0 ], [ -112.507062230642404, 50.076978232966738, 0.0 ], [ -112.5067813207732, 50.076978621038563, 0.0 ], [ -112.506603813545198, 50.0769788648835, 0.0 ], [ -112.495615442300902, 50.07699346195561, 0.0 ], [ -112.484446187336601, 50.077008187154853, 0.0 ], [ -112.484165187524894, 50.077008133308063, 0.0 ], [ -112.472872269524302, 50.07700499690587, 0.0 ], [ -112.461579168950095, 50.077000755308809, 0.0 ], [ -112.461579122505299, 50.076955552782238, 0.0 ], [ -112.461575669214795, 50.073770276922971, 0.0 ], [ -112.461573309206202, 50.071613673065713, 0.0 ], [ -112.461573162639596, 50.071478827448047, 0.0 ], [ -112.461572431369007, 50.070804698346024, 0.0 ], [ -112.461572282851904, 50.070669861669558, 0.0 ], [ -112.461572269846201, 50.070662140162163, 0.0 ], [ -112.461571284392306, 50.069758016445903, 0.0 ], [ -112.4615600983782, 50.062518589775117, 0.0 ], [ -112.461556497685507, 50.05527618107552, 0.0 ], [ -112.461547007227296, 50.049909682108527, 0.0 ], [ -112.461546813689495, 50.049772720260769, 0.0 ], [ -112.461544392163105, 50.048032876104692, 0.0 ], [ -112.461543478166206, 50.04785263067189, 0.0 ], [ -112.461543405241798, 50.0478074084836, 0.0 ], [ -112.4615448663872, 50.045633549911017, 0.0 ], [ -112.461544971809701, 50.045499150275788, 0.0 ], [ -112.461546800638899, 50.040618133906477, 0.0 ], [ -112.461549566457293, 50.03338539949798, 0.0 ], [ -112.461552069565499, 50.026151852027233, 0.0 ], [ -112.461553457809501, 50.022605990537762, 0.0 ], [ -112.461553460684499, 50.022465541695013, 0.0 ], [ -112.4615541125509, 50.018917502468327, 0.0 ], [ -112.461554212913398, 50.018736811446637, 0.0 ], [ -112.461558572511095, 50.013534265086463, 0.0 ], [ -112.461558523987193, 50.013399249537443, 0.0 ], [ -112.461559993250205, 50.01174282301173, 0.0 ], [ -112.461559985021594, 50.011660318457807, 0.0 ], [ -112.461559955073994, 50.011495300052673, 0.0 ], [ -112.461560031147201, 50.011413580268872, 0.0 ], [ -112.4615602077277, 50.011331304735698, 0.0 ], [ -112.461560354089301, 50.011249019540948, 0.0 ], [ -112.461560659195996, 50.011113966693763, 0.0 ], [ -112.461560932626298, 50.010978958146502, 0.0 ], [ -112.461561179988394, 50.010498137941177, 0.0 ], [ -112.461561370998695, 50.010363658529258, 0.0 ], [ -112.461562130688094, 50.010229119569438, 0.0 ], [ -112.461567187275506, 50.004255228645476, 0.0 ], [ -112.461572801059205, 49.997427689410401, 0.0 ], [ -112.461573411687795, 49.99701645796096, 0.0 ], [ -112.461573495408004, 49.996928744721501, 0.0 ], [ -112.461573649061506, 49.996793859274511, 0.0 ], [ -112.461580059810004, 49.989822155182537, 0.0 ], [ -112.461580106164007, 49.989776989234421, 0.0 ], [ -112.461580337546707, 49.989596353443098, 0.0 ], [ -112.461580384813203, 49.989551196512743, 0.0 ], [ -112.461583343598306, 49.985974062909648, 0.0 ], [ -112.461583449992801, 49.985839230217579, 0.0 ], [ -112.461584763426103, 49.984237005121862, 0.0 ], [ -112.461583551718306, 49.984154526999731, 0.0 ], [ -112.4615859305447, 49.982364512347353, 0.0 ], [ -112.461589572370499, 49.975132376471279, 0.0 ], [ -112.461589108374199, 49.971230792006061, 0.0 ], [ -112.4615890752127, 49.971095955981589, 0.0 ], [ -112.461588619078299, 49.967892619247117, 0.0 ], [ -112.461592623430306, 49.960650371483453, 0.0 ], [ -112.461592725422094, 49.960469462149412, 0.0 ], [ -112.461595917649703, 49.953891606682248, 0.0 ], [ -112.461596045679798, 49.953756826956827, 0.0 ], [ -112.461596555842902, 49.953235482388877, 0.0 ], [ -112.461602005908205, 49.946004275574182, 0.0 ], [ -112.461604002619595, 49.938767055339937, 0.0 ], [ -112.461608246042601, 49.93153221681505, 0.0 ], [ -112.461608354474095, 49.931351369882897, 0.0 ], [ -112.461614286829303, 49.924114554031263, 0.0 ], [ -112.461618797380595, 49.916879876672368, 0.0 ], [ -112.461623084210302, 49.910272215754453, 0.0 ], [ -112.461623186748199, 49.910135203726369, 0.0 ], [ -112.461623440081695, 49.909747249632012, 0.0 ], [ -112.461623472965698, 49.909702018990139, 0.0 ], [ -112.461623497937893, 49.909649031681333, 0.0 ], [ -112.461623592168493, 49.909521171743798, 0.0 ], [ -112.461623611525695, 49.909475959702753, 0.0 ], [ -112.461627395717102, 49.903679602428028, 0.0 ], [ -112.461627482601102, 49.903544758763452, 0.0 ], [ -112.461628209731501, 49.902418178750423, 0.0 ], [ -112.461628328355403, 49.902237322308508, 0.0 ], [ -112.461627443280193, 49.90154827916367, 0.0 ], [ -112.461627382708102, 49.901496622718177, 0.0 ], [ -112.461627185292997, 49.901341713330979, 0.0 ], [ -112.461626986734402, 49.901186506938259, 0.0 ], [ -112.461619123574394, 49.895040723442648, 0.0 ], [ -112.461614458102005, 49.891377494323542, 0.0 ], [ -112.461614244109697, 49.891215420895733, 0.0 ], [ -112.461609934965196, 49.887844108687098, 0.0 ], [ -112.461605395795104, 49.884275047616562, 0.0 ], [ -112.461601528567897, 49.881230497665143, 0.0 ], [ -112.461321182260306, 49.880816606087002, 0.0 ], [ -112.461257821226695, 49.880723055731522, 0.0 ], [ -112.461227005521096, 49.880666170738152, 0.0 ], [ -112.461120434499406, 49.880469315157818, 0.0 ], [ -112.460699513602407, 49.879648216774967, 0.0 ], [ -112.460618110522105, 49.879364033705549, 0.0 ], [ -112.4604987962217, 49.878992131107992, 0.0 ], [ -112.460371094070396, 49.878521636770223, 0.0 ], [ -112.460342635641595, 49.878052686630006, 0.0 ], [ -112.460380557728996, 49.877452434925218, 0.0 ], [ -112.460525906759202, 49.876959324113059, 0.0 ], [ -112.460578828909803, 49.876768474969509, 0.0 ], [ -112.460580488192704, 49.87633957584044, 0.0 ], [ -112.460550613979606, 49.875932312057593, 0.0 ], [ -112.460575368343896, 49.875838470400581, 0.0 ], [ -112.460764592443695, 49.875528937192158, 0.0 ], [ -112.460987848537201, 49.875223630353062, 0.0 ], [ -112.461141879660104, 49.875022900427282, 0.0 ], [ -112.461291642101401, 49.874831607073837, 0.0 ], [ -112.461313511071396, 49.874764591167427, 0.0 ], [ -112.461416085665306, 49.874450223712493, 0.0 ], [ -112.461408974480406, 49.873999939779367, 0.0 ], [ -112.461451269515806, 49.873618340410161, 0.0 ], [ -112.461591407370406, 49.873268995447582, 0.0 ], [ -112.461599018271301, 49.873253179352417, 0.0 ], [ -112.461674917659195, 49.873095292760631, 0.0 ], [ -112.461934117456295, 49.872555907575929, 0.0 ], [ -112.462229129659093, 49.871784331195236, 0.0 ], [ -112.462379161620902, 49.871590243546429, 0.0 ], [ -112.462471316127306, 49.87090150818107, 0.0 ], [ -112.462472493431903, 49.870627009874958, 0.0 ], [ -112.462550657024096, 49.870415436297051, 0.0 ], [ -112.462577031167896, 49.870234254119033, 0.0 ], [ -112.462955096266697, 49.869650556041726, 0.0 ], [ -112.463102475742602, 49.869329428620262, 0.0 ], [ -112.463164775668602, 49.869017958324669, 0.0 ], [ -112.463176128811497, 49.868436038319352, 0.0 ], [ -112.463035248587403, 49.868089961635441, 0.0 ], [ -112.462794707795595, 49.86769927051219, 0.0 ], [ -112.462402795317004, 49.867240405392742, 0.0 ], [ -112.4622741588948, 49.867075806715121, 0.0 ], [ -112.462266988499806, 49.866988139996131, 0.0 ], [ -112.461837315333597, 49.866604130317683, 0.0 ], [ -112.460932467623294, 49.866084489904317, 0.0 ], [ -112.460418712393505, 49.865835692307392, 0.0 ], [ -112.460376846272496, 49.865817927860718, 0.0 ], [ -112.459911382144995, 49.865620590933219, 0.0 ], [ -112.458843945860394, 49.865110995225542, 0.0 ], [ -112.457968728737001, 49.864603248218977, 0.0 ], [ -112.457465134051702, 49.864335491555373, 0.0 ], [ -112.456558327198906, 49.863962696770713, 0.0 ], [ -112.4562081161544, 49.863763977982913, 0.0 ], [ -112.455334495623703, 49.863487197206368, 0.0 ], [ -112.454726147298004, 49.863380511094412, 0.0 ], [ -112.454417827266894, 49.863357025623557, 0.0 ], [ -112.454171508735399, 49.863337430527437, 0.0 ], [ -112.452130005289902, 49.863231268831107, 0.0 ], [ -112.451571475322197, 49.863229154312748, 0.0 ], [ -112.450223708687702, 49.86329162817875, 0.0 ], [ -112.447290338049697, 49.863604793467317, 0.0 ], [ -112.446715175017005, 49.86369354270002, 0.0 ], [ -112.445575597545201, 49.863912909702272, 0.0 ], [ -112.444935212754601, 49.864064035706761, 0.0 ], [ -112.444335079557504, 49.8642308320346, 0.0 ], [ -112.443250415684005, 49.8645094785049, 0.0 ], [ -112.443248793288902, 49.858577564617732, 0.0 ], [ -112.443250422297197, 49.856773998202158, 0.0 ], [ -112.443249155678799, 49.856453115196913, 0.0 ], [ -112.443253881805603, 49.851376827723961, 0.0 ], [ -112.443254521065001, 49.849668829216242, 0.0 ], [ -112.443254589068204, 49.849450802416683, 0.0 ], [ -112.443254690242497, 49.849199424589571, 0.0 ], [ -112.443254800082997, 49.849064742086242, 0.0 ], [ -112.443255945175906, 49.844155667420402, 0.0 ], [ -112.443255998547698, 49.843974790555031, 0.0 ], [ -112.443255153145401, 49.83673751447521, 0.0 ], [ -112.443261822210999, 49.829631066720466, 0.0 ], [ -112.443261949808104, 49.82952575834436, 0.0 ], [ -112.443261965639707, 49.829507786855373, 0.0 ], [ -112.443261997045695, 49.829480816291742, 0.0 ], [ -112.443262045415295, 49.829444846684012, 0.0 ], [ -112.443262199146403, 49.829310029788502, 0.0 ], [ -112.443276177444702, 49.822408095035421, 0.0 ], [ -112.443276920068996, 49.822271618013211, 0.0 ], [ -112.443276803958597, 49.8220728180967, 0.0 ], [ -112.443276851799993, 49.821937935730062, 0.0 ], [ -112.443281613541799, 49.816964877019558, 0.0 ], [ -112.443281737233093, 49.816826619643777, 0.0 ], [ -112.443283221341503, 49.815039642632847, 0.0 ], [ -112.443283491828694, 49.814858813925582, 0.0 ], [ -112.443281439770303, 49.807630173586467, 0.0 ], [ -112.443284628223594, 49.80258898670499, 0.0 ], [ -112.443285000293102, 49.802000350637528, 0.0 ], [ -112.443285628547301, 49.800977855611649, 0.0 ], [ -112.443286007144394, 49.800397551251727, 0.0 ], [ -112.443286017224594, 49.80032925551172, 0.0 ], [ -112.443286147082304, 49.799845704154272, 0.0 ], [ -112.443286173859804, 49.79975160103897, 0.0 ], [ -112.443286509820695, 49.79849866094515, 0.0 ], [ -112.443287895475507, 49.79316850818708, 0.0 ], [ -112.443287585823498, 49.788251210644461, 0.0 ], [ -112.443287542435598, 49.787697544274238, 0.0 ], [ -112.443287476061002, 49.786730243639802, 0.0 ], [ -112.443287481703805, 49.786682366573892, 0.0 ], [ -112.4432874865835, 49.786674356251638, 0.0 ], [ -112.443287456577494, 49.786432908752531, 0.0 ], [ -112.443287438937702, 49.785933608626443, 0.0 ], [ -112.443287397311593, 49.785752818194752, 0.0 ], [ -112.443287351116993, 49.785368124787901, 0.0 ], [ -112.443287290400093, 49.785126965449997, 0.0 ], [ -112.443284197000494, 49.778524098031042, 0.0 ], [ -112.443283518096493, 49.77129293970264, 0.0 ], [ -112.443285203227106, 49.7641802714178, 0.0 ], [ -112.443285358191204, 49.764061399541639, 0.0 ], [ -112.443285301498307, 49.763999932602793, 0.0 ], [ -112.443285004704407, 49.763520819634337, 0.0 ], [ -112.443285625691999, 49.763042769941201, 0.0 ], [ -112.443285604235598, 49.762987998500897, 0.0 ], [ -112.443285476335006, 49.762631895289182, 0.0 ], [ -112.443285638242401, 49.762450342907627, 0.0 ], [ -112.443285882658301, 49.76217507962329, 0.0 ], [ -112.443285991143, 49.761896880388939, 0.0 ], [ -112.443285995194501, 49.76186670514489, 0.0 ], [ -112.443285760321402, 49.761624019356702, 0.0 ], [ -112.443285847800396, 49.761533777868358, 0.0 ], [ -112.443285875308106, 49.761505902513854, 0.0 ], [ -112.443285941715899, 49.761442648270041, 0.0 ], [ -112.443286401519003, 49.760777074009667, 0.0 ], [ -112.443286531299705, 49.760597103884798, 0.0 ], [ -112.443287505826802, 49.757769588498718, 0.0 ], [ -112.443287549274203, 49.75763460583434, 0.0 ], [ -112.443287410873694, 49.756945483396223, 0.0 ], [ -112.443287353065003, 49.756830378396579, 0.0 ], [ -112.4432873872085, 49.75664939001657, 0.0 ], [ -112.443287416325504, 49.756604240120033, 0.0 ], [ -112.443287890383104, 49.755343374186147, 0.0 ], [ -112.443304488207602, 49.749422149008417, 0.0 ], [ -112.443289036973198, 49.742774292336449, 0.0 ], [ -112.443288723938693, 49.742639482408798, 0.0 ], [ -112.4432876827467, 49.742190221009231, 0.0 ], [ -112.443287426972105, 49.741916197738057, 0.0 ], [ -112.443285535046797, 49.734959021582199, 0.0 ], [ -112.443284154218901, 49.727732036398187, 0.0 ], [ -112.443284190652903, 49.72755116343005, 0.0 ], [ -112.443284716067595, 49.727052240187483, 0.0 ], [ -112.443284889874803, 49.72687931773595, 0.0 ], [ -112.443284940720901, 49.725224967974547, 0.0 ], [ -112.443284896262995, 49.724930213761297, 0.0 ], [ -112.443284879234696, 49.724814569176267, 0.0 ], [ -112.443284343824999, 49.720331943390022, 0.0 ], [ -112.443005411356296, 49.720331885125013, 0.0 ], [ -112.436380429267203, 49.720330180286417, 0.0 ], [ -112.4350072151598, 49.72032998173168, 0.0 ], [ -112.432136478499302, 49.72032908218506, 0.0 ], [ -112.431857543405997, 49.720329014072263, 0.0 ], [ -112.431857423070497, 49.719245094329168, 0.0 ], [ -112.431857171898997, 49.717145470877767, 0.0 ], [ -112.431857042239898, 49.716062702393913, 0.0 ], [ -112.431856921426501, 49.715086011931689, 0.0 ], [ -112.431856655968602, 49.713098845668178, 0.0 ], [ -112.431860033372899, 49.710500967176422, 0.0 ], [ -112.431856687862407, 49.710314484639511, 0.0 ], [ -112.431857565309201, 49.705868537975277, 0.0 ], [ -112.420707531714001, 49.705861473354773, 0.0 ], [ -112.420706309466098, 49.698658693458228, 0.0 ], [ -112.420706286473902, 49.698477855718153, 0.0 ], [ -112.420427453750406, 49.698477977523439, 0.0 ], [ -112.414853215294599, 49.698480308388, 0.0 ], [ -112.411717283291793, 49.698481493075001, 0.0 ], [ -112.409278960743706, 49.698482361165119, 0.0 ], [ -112.398130511852798, 49.698485607878318, 0.0 ], [ -112.398122983569294, 49.693609093044103, 0.0 ], [ -112.398119269634194, 49.691204989168881, 0.0 ], [ -112.397840505543101, 49.691204849894312, 0.0 ], [ -112.386693559650396, 49.691198404462348, 0.0 ], [ -112.375546687007201, 49.691190895856288, 0.0 ], [ -112.375267911428907, 49.691189180950843, 0.0 ], [ -112.364133962245404, 49.691120278284089, 0.0 ], [ -112.364140262603101, 49.683836012282967, 0.0 ], [ -112.357891552591695, 49.683764343646907, 0.0 ], [ -112.355439424339806, 49.683736127339252, 0.0 ], [ -112.354915178475594, 49.683730095449441, 0.0 ], [ -112.3530098679894, 49.683708123275103, 0.0 ], [ -112.352731276999506, 49.683713729627449, 0.0 ], [ -112.352487192235102, 49.683718640643249, 0.0 ], [ -112.349691702517404, 49.683774809190233, 0.0 ], [ -112.341600003321702, 49.683937014713393, 0.0 ], [ -112.341596673380195, 49.680507964421203, 0.0 ], [ -112.341593256420296, 49.6768837955319, 0.0 ], [ -112.332844779892298, 49.677010977725963, 0.0 ], [ -112.330476055095303, 49.677045323937861, 0.0 ], [ -112.330484149308305, 49.669631106655871, 0.0 ], [ -112.330484417008407, 49.669450243960753, 0.0 ], [ -112.330204855888496, 49.669449167333262, 0.0 ], [ -112.319018749899399, 49.669405660917882, 0.0 ], [ -112.307831691805404, 49.669361076701961, 0.0 ], [ -112.307832111276994, 49.665292322163687, 0.0 ], [ -112.307832327718302, 49.662128436078532, 0.0 ], [ -112.307553748479094, 49.662126678351349, 0.0 ], [ -112.301873203861902, 49.662091003019107, 0.0 ], [ -112.296410414483404, 49.662056453724482, 0.0 ], [ -112.285267977442004, 49.661985140494608, 0.0 ], [ -112.284989432722597, 49.66198720900087, 0.0 ], [ -112.277477189869799, 49.662043643129273, 0.0 ], [ -112.273883968079005, 49.662070461708318, 0.0 ], [ -112.273883531520497, 49.659812321653469, 0.0 ], [ -112.273882591134907, 49.654832530186717, 0.0 ], [ -112.262772520873995, 49.654908737319751, 0.0 ], [ -112.262770470442703, 49.647676874739773, 0.0 ], [ -112.262491947676907, 49.647676792051612, 0.0 ], [ -112.251369386866202, 49.647671381044361, 0.0 ], [ -112.251370086772795, 49.640436442492742, 0.0 ], [ -112.251370116295107, 49.640255591499567, 0.0 ], [ -112.251369574751905, 49.633016818317877, 0.0 ], [ -112.251373480920407, 49.628097569208073, 0.0 ], [ -112.251369218345801, 49.627558617196463, 0.0 ], [ -112.2513690672141, 49.625797279809007, 0.0 ], [ -112.250612330495301, 49.625797018393889, 0.0 ], [ -112.241342974260505, 49.625794021539363, 0.0 ], [ -112.240252160270799, 49.625793627182823, 0.0 ], [ -112.240252701038202, 49.624946640379932, 0.0 ], [ -112.240256746959602, 49.618564501237508, 0.0 ], [ -112.239978392597095, 49.618564636305528, 0.0 ], [ -112.228797888708598, 49.618571701173117, 0.0 ], [ -112.227174372064596, 49.618572639538591, 0.0 ], [ -112.224671591615007, 49.618574026350423, 0.0 ], [ -112.223851051133593, 49.618574471032488, 0.0 ], [ -112.219815373483499, 49.618576565521217, 0.0 ], [ -112.217466184980694, 49.618577708467548, 0.0 ], [ -112.217457967578895, 49.616372415266007, 0.0 ], [ -112.217439186891895, 49.611337911517182, 0.0 ], [ -112.217438491961801, 49.611157076672043, 0.0 ], [ -112.228863891104496, 49.611156351230669, 0.0 ], [ -112.239983103976996, 49.611154571527472, 0.0 ], [ -112.240261453999807, 49.611154524821991, 0.0 ], [ -112.251389069446901, 49.611153736981983, 0.0 ], [ -112.262452524013796, 49.611143627133558, 0.0 ], [ -112.262730872660995, 49.611143366066337, 0.0 ], [ -112.264094629727097, 49.611143328241823, 0.0 ], [ -112.267377922631397, 49.611143185040547, 0.0 ], [ -112.268052843706599, 49.61114314379865, 0.0 ], [ -112.268148507165094, 49.611143134182093, 0.0 ], [ -112.268919076689897, 49.611143077830071, 0.0 ], [ -112.273872313345606, 49.611142620139731, 0.0 ], [ -112.285008201125805, 49.611140805459492, 0.0 ], [ -112.285286550279096, 49.611140742064229, 0.0 ], [ -112.296419663176394, 49.611139921538673, 0.0 ], [ -112.307557030170699, 49.611138030145462, 0.0 ], [ -112.307835365231199, 49.61113795530256, 0.0 ], [ -112.318968135021606, 49.611139005075451, 0.0 ], [ -112.330104236533103, 49.611141678102442, 0.0 ], [ -112.330382755140107, 49.611141752080627, 0.0 ], [ -112.3415121001876, 49.611137967885398, 0.0 ], [ -112.351603076027999, 49.611134030686898, 0.0 ], [ -112.351811078482797, 49.611133968577427, 0.0 ], [ -112.352637451662602, 49.611133713399163, 0.0 ], [ -112.352915689123606, 49.611133618635293, 0.0 ], [ -112.352909114648995, 49.603897918231887, 0.0 ], [ -112.352903935207905, 49.598243840734291, 0.0 ], [ -112.352903788314904, 49.598109003103147, 0.0 ], [ -112.352902463046107, 49.5966621260906, 0.0 ], [ -112.352895781136198, 49.589426911969007, 0.0 ], [ -112.352889514318704, 49.582839354966389, 0.0 ], [ -112.352889375364597, 49.5827023212737, 0.0 ], [ -112.352888755279807, 49.582188353763947, 0.0 ], [ -112.352888713550101, 49.582007591205461, 0.0 ], [ -112.352880925677496, 49.577670762110323, 0.0 ], [ -112.352880682398904, 49.577535875993718, 0.0 ], [ -112.352875684256503, 49.57477255837, 0.0 ], [ -112.352879075835503, 49.567535358040267, 0.0 ], [ -112.364002040532995, 49.567521457266963, 0.0 ], [ -112.375119613561594, 49.56750787702962, 0.0 ], [ -112.375396557666804, 49.567507898326262, 0.0 ], [ -112.386508518659795, 49.56748700103806, 0.0 ], [ -112.397613281952502, 49.567467780031869, 0.0 ], [ -112.397890394340607, 49.567467480302192, 0.0 ], [ -112.409047253782902, 49.567456739139367, 0.0 ], [ -112.413389320008804, 49.567452599837971, 0.0 ], [ -112.413869354140601, 49.567452120881583, 0.0 ], [ -112.420205217327606, 49.567445349347359, 0.0 ], [ -112.420484266919004, 49.567445030538572, 0.0 ], [ -112.431592304558094, 49.567460180894983, 0.0 ], [ -112.442682768493398, 49.567462968809387, 0.0 ], [ -112.442960428277601, 49.567463014973967, 0.0 ], [ -112.454014679824297, 49.567319383311712, 0.0 ], [ -112.454161436380701, 49.567317468604656, 0.0 ], [ -112.454267599139001, 49.567315987681717, 0.0 ], [ -112.465344404982005, 49.567160903540561, 0.0 ], [ -112.465622415993906, 49.56715706007207, 0.0 ], [ -112.476804901517696, 49.567313176637782, 0.0 ], [ -112.487995525610302, 49.567467703320737, 0.0 ], [ -112.488273765597199, 49.567471513165728, 0.0 ], [ -112.488332758312197, 49.567471408299063, 0.0 ], [ -112.499447674351998, 49.567449515329088, 0.0 ], [ -112.505047958194595, 49.56743985175752, 0.0 ], [ -112.506118233617499, 49.567437967767887, 0.0 ], [ -112.510650367719904, 49.567434171671273, 0.0 ], [ -112.510928485737693, 49.567434003172657, 0.0 ], [ -112.521343810551102, 49.567333919982737, 0.0 ], [ -112.521572666354601, 49.567331713504622, 0.0 ], [ -112.522067189571402, 49.567326937680718, 0.0 ], [ -112.528332178883701, 49.567285611912148, 0.0 ], [ -112.5285720278833, 49.567283510397978, 0.0 ], [ -112.533213760401594, 49.567242860606051, 0.0 ], [ -112.533491815544195, 49.567240744740637, 0.0 ], [ -112.5446800789137, 49.567159475689529, 0.0 ], [ -112.555851617457805, 49.567053783333911, 0.0 ], [ -112.556129877162505, 49.56705167132818, 0.0 ], [ -112.556122750124501, 49.559761848168897, 0.0 ], [ -112.556109586379705, 49.552469190882633, 0.0 ], [ -112.556109186036807, 49.552288208597233, 0.0 ], [ -112.556114929203403, 49.549831444891893, 0.0 ], [ -112.556117123957605, 49.54888856134508, 0.0 ], [ -112.556126067159994, 49.545052343464057, 0.0 ], [ -112.556137599282593, 49.542868371133622, 0.0 ], [ -112.5561399156242, 49.542387136495059, 0.0 ], [ -112.556142163940706, 49.541766198715287, 0.0 ], [ -112.556145201171702, 49.541140003752872, 0.0 ], [ -112.556148436789897, 49.540767234303303, 0.0 ], [ -112.556150055890299, 49.540431041284791, 0.0 ], [ -112.556161503256206, 49.537810393158829, 0.0 ], [ -112.556165183013505, 49.53607424784537, 0.0 ], [ -112.556165457598397, 49.535907435873092, 0.0 ], [ -112.556166374036493, 49.535461403965407, 0.0 ], [ -112.556167159335502, 49.535083408528322, 0.0 ], [ -112.556174799527199, 49.530857441977922, 0.0 ], [ -112.556186448057304, 49.52393478793509, 0.0 ], [ -112.556186554939302, 49.523871657441347, 0.0 ], [ -112.556186942341, 49.523645997757527, 0.0 ], [ -112.556187362820793, 49.523398605437691, 0.0 ], [ -112.5613921373604, 49.523394395275282, 0.0 ], [ -112.561669945716901, 49.523394160754307, 0.0 ], [ -112.572751184302703, 49.523380141568992, 0.0 ], [ -112.578854945143604, 49.523371971896047, 0.0 ], [ -112.578854841556094, 49.523617227463554, 0.0 ], [ -112.578853149389204, 49.527362515875147, 0.0 ], [ -112.578851435690197, 49.531107800033233, 0.0 ], [ -112.578849934282403, 49.534391964771118, 0.0 ], [ -112.578849793801794, 49.534717378991893, 0.0 ], [ -112.578848135388995, 49.538343317085094, 0.0 ], [ -112.589680464828902, 49.538317817851798, 0.0 ], [ -112.589749535085602, 49.538317646454971, 0.0 ], [ -112.589818606282293, 49.538317484036078, 0.0 ], [ -112.595303973752607, 49.538304148176913, 0.0 ], [ -112.600789308388102, 49.538290560238963, 0.0 ], [ -112.601067333436802, 49.538289857020942, 0.0 ], [ -112.612086775785997, 49.538229167237127, 0.0 ], [ -112.623103009794505, 49.538172330336543, 0.0 ], [ -112.6233811366655, 49.538170918555608, 0.0 ], [ -112.632677726214595, 49.538143405212438, 0.0 ], [ -112.633067623987799, 49.538142107083161, 0.0 ], [ -112.634395326443396, 49.538138477001567, 0.0 ], [ -112.645235417200396, 49.538105642851058, 0.0 ], [ -112.6452747087517, 49.538105533003801, 0.0 ], [ -112.645333917657695, 49.538105371487411, 0.0 ], [ -112.6454106910424, 49.538105170664991, 0.0 ], [ -112.645690015913303, 49.538104404550751, 0.0 ], [ -112.645750603286402, 49.538104305980717, 0.0 ], [ -112.645827290845901, 49.538104193130103, 0.0 ], [ -112.645866818168003, 49.538104097780412, 0.0 ], [ -112.656699314688595, 49.538053006512733, 0.0 ], [ -112.667569390308202, 49.538001638864863, 0.0 ], [ -112.667708192579695, 49.538000992177167, 0.0 ], [ -112.667986198762407, 49.537999685701386, 0.0 ], [ -112.678972440898804, 49.537942426007668, 0.0 ], [ -112.679288214983998, 49.537940771257972, 0.0 ], [ -112.687053771762507, 49.537899687232247, 0.0 ], [ -112.689887084083594, 49.53788456192347, 0.0 ], [ -112.689958814164697, 49.537883637700091, 0.0 ], [ -112.690236718094994, 49.537882141565028, 0.0 ], [ -112.690308318970395, 49.537881933606343, 0.0 ], [ -112.701236741092202, 49.537850164286333, 0.0 ], [ -112.703975536487405, 49.537842715265242, 0.0 ], [ -112.703986630329695, 49.537842350537929, 0.0 ], [ -112.704253435667894, 49.537841887292601, 0.0 ], [ -112.7122365297692, 49.537817873315952, 0.0 ], [ -112.712514385674893, 49.537817042621732, 0.0 ], [ -112.713025695083303, 49.537817129067967, 0.0 ], [ -112.714673957015805, 49.537817384246203, 0.0 ], [ -112.716863304864503, 49.537817670369272, 0.0 ], [ -112.720136344102897, 49.537818016775198, 0.0 ], [ -112.723631098440407, 49.537818287833922, 0.0 ], [ -112.729189192272798, 49.537818503358523, 0.0 ], [ -112.734747838046999, 49.537818374175643, 0.0 ], [ -112.735025739341495, 49.537818363195747, 0.0 ], [ -112.734975213869802, 49.545060636497553, 0.0 ], [ -112.734924796096195, 49.552303985105603, 0.0 ], [ -112.746044716152795, 49.552314900715928, 0.0 ], [ -112.757009731661995, 49.552329093347097, 0.0 ], [ -112.757078296971898, 49.552329163019927, 0.0 ], [ -112.757146877032696, 49.552329242837523, 0.0 ], [ -112.757424885586104, 49.552328342691688, 0.0 ], [ -112.762980386261304, 49.55231014412464, 0.0 ], [ -112.768560212006705, 49.55229826833132, 0.0 ], [ -112.768838235939398, 49.552297287933797, 0.0 ], [ -112.772776644539903, 49.552283429890217, 0.0 ], [ -112.773355549959504, 49.552281383296418, 0.0 ], [ -112.773405741412603, 49.552281205668727, 0.0 ], [ -112.774250996810807, 49.55227912486481, 0.0 ], [ -112.778215918580003, 49.552265816657311, 0.0 ], [ -112.778299010540294, 49.552265523715221, 0.0 ], [ -112.779396484123396, 49.55226138118514, 0.0 ], [ -112.779674720805303, 49.552260603792377, 0.0 ], [ -112.779952634817306, 49.552259620649622, 0.0 ], [ -112.779953193590899, 49.552115820683447, 0.0 ], [ -112.779953972673795, 49.551898219817481, 0.0 ], [ -112.779954380011603, 49.551882830531703, 0.0 ], [ -112.779956517050294, 49.551422352422577, 0.0 ], [ -112.779958825235298, 49.55092853561932, 0.0 ], [ -112.779965460897799, 49.549248607114109, 0.0 ], [ -112.779965582517207, 49.549221214309803, 0.0 ], [ -112.779984674709695, 49.545015294898178, 0.0 ], [ -112.780013797256103, 49.537769350332113, 0.0 ], [ -112.7800340093617, 49.534152367904113, 0.0 ], [ -112.780053935812504, 49.530534713912367, 0.0 ], [ -112.780068932793, 49.527825186105829, 0.0 ], [ -112.780083184282304, 49.525302571453643, 0.0 ], [ -112.780093725704205, 49.523343655575452, 0.0 ], [ -112.780094955373897, 49.523121482614883, 0.0 ], [ -112.779655696584499, 49.523121764227447, 0.0 ], [ -112.779448666408001, 49.523121896590247, 0.0 ], [ -112.779355993444597, 49.523121954833833, 0.0 ], [ -112.779286205466207, 49.523122010577502, 0.0 ], [ -112.774369242410799, 49.523124844853029, 0.0 ], [ -112.773140929086495, 49.523125516092321, 0.0 ], [ -112.763297673271893, 49.523131207980782, 0.0 ], [ -112.763295712010702, 49.520113809285263, 0.0 ], [ -112.763295671029496, 49.52006199850873, 0.0 ], [ -112.763293863868, 49.517736327533918, 0.0 ], [ -112.763292657356104, 49.515927596722541, 0.0 ], [ -112.763289572232196, 49.511478525757582, 0.0 ], [ -112.763289712676993, 49.511343627954588, 0.0 ], [ -112.763288593029301, 49.510582552878198, 0.0 ], [ -112.763288472449901, 49.51044764910867, 0.0 ], [ -112.763287152153296, 49.508693910042027, 0.0 ], [ -112.763285031951796, 49.505078538456267, 0.0 ], [ -112.763282903145495, 49.501463165675368, 0.0 ], [ -112.763281279214695, 49.497715624091633, 0.0 ], [ -112.763281221695493, 49.497580827479887, 0.0 ], [ -112.763276856174798, 49.494235338753029, 0.0 ], [ -112.763276980145307, 49.494054432090373, 0.0 ], [ -112.763276811580596, 49.493721177841728, 0.0 ], [ -112.763276769074494, 49.493676017472637, 0.0 ], [ -112.763274880242093, 49.486813525320123, 0.0 ], [ -112.763273776504207, 49.485714815446528, 0.0 ], [ -112.763273635480203, 49.485580008881143, 0.0 ], [ -112.763273359325296, 49.485003548138309, 0.0 ], [ -112.763271892499404, 49.481919016360877, 0.0 ], [ -112.763271310960604, 49.480697047456601, 0.0 ], [ -112.763271048760899, 49.480149034080021, 0.0 ], [ -112.763270776831405, 49.479573616902449, 0.0 ], [ -112.763265224854706, 49.475374893622693, 0.0 ], [ -112.763264181622404, 49.474369283272793, 0.0 ], [ -112.763262975218396, 49.473196576090309, 0.0 ], [ -112.763262073796994, 49.472333600963452, 0.0 ], [ -112.763259524074201, 49.470689857543277, 0.0 ], [ -112.7632495131989, 49.465255765415932, 0.0 ], [ -112.763249232144702, 49.465098861840957, 0.0 ], [ -112.763248921166806, 49.464918027881687, 0.0 ], [ -112.763248775854095, 49.464806286664682, 0.0 ], [ -112.763248695053207, 49.464735936522537, 0.0 ], [ -112.763248685260095, 49.464708532704527, 0.0 ], [ -112.763242938048094, 49.46026883332987, 0.0 ], [ -112.763242552968904, 49.459989561566147, 0.0 ], [ -112.763239378402801, 49.457681004769562, 0.0 ], [ -112.763228960668798, 49.45044461395738, 0.0 ], [ -112.762951835058502, 49.450444570197462, 0.0 ], [ -112.751889431657602, 49.450443668480489, 0.0 ], [ -112.751881718984095, 49.448315954601952, 0.0 ], [ -112.751880009616997, 49.447812619707577, 0.0 ], [ -112.751864284381398, 49.443209962558193, 0.0 ], [ -112.751863900768697, 49.443045154622837, 0.0 ], [ -112.751857091501094, 49.439590646007893, 0.0 ], [ -112.751856912966801, 49.439498593790198, 0.0 ], [ -112.751856648212296, 49.439366483601397, 0.0 ], [ -112.751843037666305, 49.435974829019813, 0.0 ], [ -112.751842314794303, 49.435793887028787, 0.0 ], [ -112.751841820629593, 49.428439464305207, 0.0 ], [ -112.751838768024001, 49.421119075307942, 0.0 ], [ -112.7518380230199, 49.418612036703159, 0.0 ], [ -112.751837448668795, 49.416675863773342, 0.0 ], [ -112.751836634665395, 49.413935955921723, 0.0 ], [ -112.751835313151403, 49.406752685434768, 0.0 ], [ -112.751835341667302, 49.406571830176432, 0.0 ], [ -112.751817224385903, 49.399419200147697, 0.0 ], [ -112.751802431935602, 49.393620760419012, 0.0 ], [ -112.751799922277399, 49.39263187446268, 0.0 ], [ -112.751798774832693, 49.392181123252563, 0.0 ], [ -112.751796360706194, 49.38494439544921, 0.0 ], [ -112.751794069842205, 49.377800807172967, 0.0 ], [ -112.751794045388095, 49.377758184233059, 0.0 ], [ -112.751794036945299, 49.377709441824877, 0.0 ], [ -112.751793979055705, 49.377528591311084, 0.0 ], [ -112.751793965013604, 49.377484169536828, 0.0 ], [ -112.751793969915198, 49.377441205178371, 0.0 ], [ -112.751792336307204, 49.371761592396084, 0.0 ], [ -112.751792291925199, 49.371586168796057, 0.0 ], [ -112.751791912984302, 49.370291422673709, 0.0 ], [ -112.751794587462797, 49.363052861710443, 0.0 ], [ -112.751792965147402, 49.355818286292468, 0.0 ], [ -112.751788257261495, 49.348579603149403, 0.0 ], [ -112.751788251704497, 49.348398734878472, 0.0 ], [ -112.7517981906106, 49.341177274425931, 0.0 ], [ -112.751799468384903, 49.334855251084363, 0.0 ], [ -112.751799646175698, 49.333951006352351, 0.0 ], [ -112.751522915205598, 49.33395096648178, 0.0 ], [ -112.740733747242302, 49.333948886479099, 0.0 ], [ -112.740457029533005, 49.333948821238927, 0.0 ], [ -112.7293910276682, 49.333945594869931, 0.0 ], [ -112.718327772359402, 49.333941397865033, 0.0 ], [ -112.718051015740798, 49.333941268242697, 0.0 ], [ -112.706982637138296, 49.333936008644741, 0.0 ], [ -112.695915345489396, 49.333928746378533, 0.0 ], [ -112.695921382290607, 49.326708802466648, 0.0 ], [ -112.6959220482955, 49.319497384540249, 0.0 ], [ -112.695922053483102, 49.319316763050999, 0.0 ], [ -112.6959309493473, 49.312091945986829, 0.0 ], [ -112.695937955237198, 49.30487032985225, 0.0 ], [ -112.6959427544909, 49.299733580394509, 0.0 ], [ -112.695942820443094, 49.299598777738119, 0.0 ], [ -112.695944728255796, 49.29764853497305, 0.0 ], [ -112.695951683499104, 49.290425510347191, 0.0 ], [ -112.695951848122903, 49.290245961354067, 0.0 ], [ -112.695957942213397, 49.2830270381858, 0.0 ], [ -112.695960110187599, 49.280409725667347, 0.0 ], [ -112.695960217783906, 49.280273722881013, 0.0 ], [ -112.695963921399894, 49.27580697744358, 0.0 ], [ -112.695967069391102, 49.271979667632529, 0.0 ], [ -112.695967180798505, 49.271843564856503, 0.0 ], [ -112.695969846467193, 49.26858692511972, 0.0 ], [ -112.695975760860904, 49.261366864080927, 0.0 ], [ -112.695975933508905, 49.261185996904459, 0.0 ], [ -112.695982859193805, 49.253956095170267, 0.0 ], [ -112.695987727937705, 49.24673404578337, 0.0 ], [ -112.695991866960497, 49.239511820328268, 0.0 ], [ -112.695996818956601, 49.232288435296333, 0.0 ], [ -112.695997015326398, 49.232107594825941, 0.0 ], [ -112.695999215782393, 49.224883732185383, 0.0 ], [ -112.696003086649696, 49.218880726970198, 0.0 ], [ -112.696003873817702, 49.217659424076082, 0.0 ], [ -112.696008492115894, 49.210435118358873, 0.0 ], [ -112.696013112399697, 49.20321080416609, 0.0 ], [ -112.696013252236696, 49.203029943800438, 0.0 ], [ -112.696017820833802, 49.195805602770058, 0.0 ], [ -112.696022379567793, 49.188581271926822, 0.0 ], [ -112.696026942495095, 49.181356914651147, 0.0 ], [ -112.6960314671296, 49.174132558894577, 0.0 ], [ -112.696031575198603, 49.173954073126453, 0.0 ], [ -112.688137436481398, 49.173956167874039, 0.0 ], [ -112.677154219719498, 49.173958190971007, 0.0 ], [ -112.676878358340403, 49.173958309014473, 0.0 ], [ -112.665896817546496, 49.173962641716017, 0.0 ], [ -112.654915296814806, 49.173965956111758, 0.0 ], [ -112.654639436795605, 49.173966029985444, 0.0 ], [ -112.649148696861602, 49.173967286818637, 0.0 ], [ -112.643657937556796, 49.173968272824631, 0.0 ], [ -112.638166000007203, 49.173969198285953, 0.0 ], [ -112.632672436622698, 49.173969000845737, 0.0 ], [ -112.632396552613301, 49.173968211014, 0.0 ], [ -112.625813786100494, 49.173968901079128, 0.0 ], [ -112.625565478143898, 49.173968914142947, 0.0 ], [ -112.621417007532102, 49.17396915898145, 0.0 ], [ -112.610437712674795, 49.173968715727973, 0.0 ], [ -112.610161854608705, 49.173968692243299, 0.0 ], [ -112.5991804538682, 49.173966710547433, 0.0 ], [ -112.5881990495118, 49.173963682988237, 0.0 ], [ -112.587923180579693, 49.17396358807504, 0.0 ], [ -112.576941831401399, 49.173959498596624, 0.0 ], [ -112.565960467501, 49.173954335995063, 0.0 ], [ -112.565684599733203, 49.173954205901637, 0.0 ], [ -112.554703277688901, 49.17394797208155, 0.0 ], [ -112.543721983043397, 49.173940728103076, 0.0 ], [ -112.543446057265797, 49.173940400466464, 0.0 ], [ -112.532431137315697, 49.173930043324923, 0.0 ], [ -112.521435648410701, 49.173910330027283, 0.0 ], [ -112.5211597737365, 49.1739097692505, 0.0 ], [ -112.510150439183704, 49.173886828290378, 0.0 ], [ -112.499160443113894, 49.173871211249292, 0.0 ], [ -112.498884578296597, 49.173870750388893, 0.0 ], [ -112.498057149941602, 49.173869367447942, 0.0 ], [ -112.487880729245703, 49.173851849884699, 0.0 ], [ -112.476882455328493, 49.173831976003129, 0.0 ], [ -112.476606607133206, 49.173831426198873, 0.0 ], [ -112.465611153636502, 49.173808405671721, 0.0 ], [ -112.454612968032706, 49.173784231186353, 0.0 ], [ -112.454337107746596, 49.173783672831512, 0.0 ], [ -112.443328208091501, 49.173763036569042, 0.0 ], [ -112.432305610373604, 49.17374944148473, 0.0 ], [ -112.432029736513002, 49.173748875349958, 0.0 ], [ -112.4210701887786, 49.173725869744523, 0.0 ], [ -112.409763091089502, 49.173715991860568, 0.0 ], [ -112.409774670093896, 49.166502006591479, 0.0 ], [ -112.409788671622195, 49.159272299085593, 0.0 ], [ -112.409805422688194, 49.152058711609179, 0.0 ], [ -112.409821587070994, 49.144839730586042, 0.0 ], [ -112.409821993400797, 49.144658859554262, 0.0 ], [ -112.409852742218902, 49.137439676518767, 0.0 ], [ -112.409865379420495, 49.134577273681501, 0.0 ], [ -112.409866462095096, 49.134324991904563, 0.0 ], [ -112.409882847687598, 49.130207637385269, 0.0 ], [ -112.4099005850521, 49.122983845706791, 0.0 ], [ -112.4099443107215, 49.115755104932688, 0.0 ], [ -112.409945411573403, 49.115574231665782, 0.0 ], [ -112.410007983495902, 49.108346102823582, 0.0 ], [ -112.410060705963105, 49.101113237396042, 0.0 ], [ -112.410113451305506, 49.093883894332969, 0.0 ], [ -112.410176707675504, 49.086702921313439, 0.0 ], [ -112.410177100899105, 49.086657712216173, 0.0 ], [ -112.4101788031209, 49.086477049734988, 0.0 ], [ -112.410179056221295, 49.086431873491932, 0.0 ], [ -112.410178654984307, 49.081672964100292, 0.0 ], [ -112.410178680396498, 49.081433635309239, 0.0 ], [ -112.410179259663707, 49.079245248200891, 0.0 ], [ -112.410181820452394, 49.072013829572263, 0.0 ], [ -112.410184163620301, 49.064782622015727, 0.0 ], [ -112.410185602732298, 49.057552449856999, 0.0 ], [ -112.410185653498999, 49.057371578561742, 0.0 ], [ -112.410191278289503, 49.050140637918787, 0.0 ], [ -112.410194378401201, 49.042909552331388, 0.0 ], [ -112.410196827276096, 49.035679065898989, 0.0 ], [ -112.410199779289897, 49.028448646517539, 0.0 ], [ -112.410199852280101, 49.028267765990861, 0.0 ], [ -112.410202110326395, 49.021036433446049, 0.0 ], [ -112.410205247341395, 49.013805543610808, 0.0 ], [ -112.410208257371707, 49.006574437560538, 0.0 ], [ -112.410211784666103, 48.998824196460582, 0.0 ], [ -112.410211804218804, 48.99864215292677, 0.0 ], [ -112.393263254994807, 48.998701282508257, 0.0 ], [ -112.353818812143203, 48.998701285170583, 0.0 ], [ -112.334346585224793, 48.998701295370132, 0.0 ], [ -112.298652131988305, 48.998701294403517, 0.0 ], [ -112.276960398740499, 48.99870209530679, 0.0 ], [ -112.268513235329294, 48.99870130212458, 0.0 ], [ -112.238818782330199, 48.998701303557567, 0.0 ], [ -112.1976521100204, 48.998673530555529, 0.0 ], [ -112.159652091372806, 48.998673538849467, 0.0 ], [ -112.143507209560994, 48.998674528896053, 0.0 ], [ -112.129429874455198, 48.998673540409079, 0.0 ], [ -112.101013194471093, 48.998673546496242, 0.0 ], [ -112.064124302205897, 48.998673552238792, 0.0 ], [ -112.023652072593293, 48.998673550871757, 0.0 ], [ -112.009438511172505, 48.998604606174617, 0.0 ], [ -111.995374281653696, 48.998534666224053, 0.0 ], [ -111.973210495205606, 48.99843990153925, 0.0 ], [ -111.969485387898004, 48.998423560799147, 0.0 ], [ -111.959874255720194, 48.998398768677554, 0.0 ], [ -111.959799974711302, 48.998398575618218, 0.0 ], [ -111.9596703862521, 48.998398236134904, 0.0 ], [ -111.959316466947101, 48.99839730879588, 0.0 ], [ -111.958735387089007, 48.99839578348255, 0.0 ], [ -111.953678661186402, 48.99837570778066, 0.0 ], [ -111.944874262540495, 48.998340230602309, 0.0 ], [ -111.914652047340894, 48.99820133740014, 0.0 ], [ -111.908740397188694, 48.998185209487588, 0.0 ], [ -111.894735374089294, 48.998145790347628, 0.0 ], [ -111.893897165075103, 48.998141323763747, 0.0 ], [ -111.875914065182798, 48.998044053059083, 0.0 ], [ -111.869179807763501, 48.998006902653401, 0.0 ], [ -111.855840812685699, 48.997947529743463, 0.0 ], [ -111.846135643191005, 48.997903358973353, 0.0 ], [ -111.8325687000861, 48.997840243638699, 0.0 ], [ -111.824479061354097, 48.997805289238258, 0.0 ], [ -111.807290905510897, 48.997729136004409, 0.0 ], [ -111.783293668373503, 48.997607712979423, 0.0 ], [ -111.769318675841106, 48.997534699677779, 0.0 ], [ -111.742155810896307, 48.997433656312047, 0.0 ], [ -111.739540894658603, 48.997423595188401, 0.0 ], [ -111.702318656087996, 48.997256932703174, 0.0 ], [ -111.669624214619503, 48.99711805218778, 0.0 ], [ -111.636457536123203, 48.996979166289883, 0.0 ], [ -111.608881893758806, 48.996839825723463, 0.0 ], [ -111.603624196389802, 48.996812511436246, 0.0 ], [ -111.575707522586498, 48.99667362872821, 0.0 ], [ -111.546207511811005, 48.996729183700097, 0.0 ], [ -111.521068619485803, 48.996756967264368, 0.0 ], [ -111.480374164646804, 48.996840304051027, 0.0 ], [ -111.475340661981406, 48.996848898618971, 0.0 ], [ -111.445124159950396, 48.996895873336967, 0.0 ], [ -111.408290816509606, 48.996979209297002, 0.0 ], [ -111.383651925693101, 48.997034765541272, 0.0 ], [ -111.356846353338099, 48.997090328665912, 0.0 ], [ -111.341893086178104, 48.997113924369707, 0.0 ], [ -111.341893089912602, 48.997287550655592, 0.0 ], [ -111.341891224077003, 48.999915447485783, 0.0 ], [ -111.321625769618905, 48.999980775538667, 0.0 ], [ -111.290724819195603, 49.000073524117738, 0.0 ], [ -111.239346726054094, 49.000209378125412, 0.0 ], [ -111.213172141882495, 49.000269774985277, 0.0 ], [ -111.168203304206202, 49.000359647107487, 0.0 ], [ -111.123383717972402, 49.000431745713023, 0.0 ], [ -111.108937914752701, 49.0004512661869, 0.0 ], [ -111.075606158261195, 49.000489391050444, 0.0 ], [ -111.065836681714202, 49.000498737466202, 0.0 ], [ -111.040335168019894, 49.000519227415047, 0.0 ], [ -110.986281985729306, 49.000543984428226, 0.0 ], [ -110.940760573345599, 49.000545148668863, 0.0 ], [ -110.897952066996098, 49.000529822982642, 0.0 ], [ -110.8598989316136, 49.000502837519051, 0.0 ], [ -110.8084500858658, 49.000446350823808, 0.0 ], [ -110.798530483740294, 49.000432817273122, 0.0 ], [ -110.776497483553499, 49.000399697801157, 0.0 ], [ -110.708975596141002, 49.000271935892087, 0.0 ], [ -110.706646345765705, 49.000266821381693, 0.0 ], [ -110.681923737048194, 49.000209637662458, 0.0 ], [ -110.618240919732898, 49.000037882325742, 0.0 ], [ -110.587688641129802, 48.999942976645862, 0.0 ], [ -110.579234504640098, 48.999915282737582, 0.0 ], [ -110.537350632752805, 48.999768920550387, 0.0 ], [ -110.500168434997093, 48.999626219320923, 0.0 ], [ -110.499691673935303, 48.999624310730461, 0.0 ], [ -110.483465631311105, 48.999558204596347, 0.0 ], [ -110.471773760985499, 48.999509152613541, 0.0 ], [ -110.465533602137498, 48.999482487240172, 0.0 ], [ -110.458445908701705, 48.999451789538327, 0.0 ], [ -110.450949310024001, 48.999418844002761, 0.0 ], [ -110.4421181952643, 48.999379410945558, 0.0 ], [ -110.436006914515502, 48.999351723588767, 0.0 ], [ -110.431425433016599, 48.999330755219823, 0.0 ], [ -110.426009635924601, 48.999305733616268, 0.0 ], [ -110.411406080776999, 48.999236990755563, 0.0 ], [ -110.408568272233893, 48.999223417140342, 0.0 ], [ -110.405645356399404, 48.999209364489467, 0.0 ], [ -110.386116510990405, 48.999113563785372, 0.0 ], [ -110.382374256850596, 48.999118120482947, 0.0 ], [ -110.382151663871795, 48.999118386822957, 0.0 ], [ -110.380036189274094, 48.999120671787033, 0.0 ], [ -110.379483732310206, 48.999121261958543, 0.0 ], [ -110.376912338003905, 48.999123975692292, 0.0 ], [ -110.366050671404906, 48.999134800231843, 0.0 ], [ -110.358738052006004, 48.999141510019527, 0.0 ], [ -110.353528636521801, 48.999146007041858, 0.0 ], [ -110.353318328581906, 48.999146182958633, 0.0 ], [ -110.332990617537604, 48.999188289721218, 0.0 ], [ -110.331351031154, 48.999191529023832, 0.0 ], [ -110.3301059698383, 48.999193972801443, 0.0 ], [ -110.326096095777103, 48.999201754253093, 0.0 ], [ -110.300437931507304, 48.999239324719497, 0.0 ], [ -110.287789836004293, 48.999255739090998, 0.0 ], [ -110.286512751974698, 48.999257320049132, 0.0 ], [ -110.273750871034693, 48.999282940779644, 0.0 ], [ -110.257846087704095, 48.999312890195952, 0.0 ], [ -110.257329185071001, 48.999313431183033, 0.0 ], [ -110.232218496643398, 48.999336903623572, 0.0 ], [ -110.227512736940596, 48.999340692687348, 0.0 ], [ -110.220068489881797, 48.99935946652338, 0.0 ], [ -110.216429406248494, 48.999368468032593, 0.0 ], [ -110.215096064996999, 48.999368474600622, 0.0 ], [ -110.206750020052894, 48.999378939681158, 0.0 ], [ -110.202597976956, 48.99938391935104, 0.0 ], [ -110.191707182153394, 48.999396270241441, 0.0 ], [ -110.183832185627296, 48.999407650296348, 0.0 ], [ -110.1690673236332, 48.999427534287463, 0.0 ], [ -110.159522953256996, 48.999439377608397, 0.0 ], [ -110.157775782665396, 48.999441461378517, 0.0 ], [ -110.148707157947001, 48.99945184336697, 0.0 ], [ -110.136079465294301, 48.999471194816003, 0.0 ], [ -110.117176380874994, 48.99949757134091, 0.0 ], [ -110.109484917639094, 48.999507415084352, 0.0 ], [ -110.104865684537003, 48.999512256399989, 0.0 ], [ -110.090529743563096, 48.999526100655018, 0.0 ], [ -110.082005258140299, 48.999533485698748, 0.0 ], [ -110.079901580602794, 48.999535211264963, 0.0 ], [ -110.069321817914499, 48.999552599726613, 0.0 ], [ -110.043623792120798, 48.999590782451342, 0.0 ], [ -110.039378570706106, 48.999594254482567, 0.0 ], [ -110.005090628221595, 48.999616553855468, 0.0 ], [ -110.005090666718601, 48.999797038144443, 0.0 ], [ -110.005092026681595, 49.006855650473781, 0.0 ], [ -110.005092057493499, 49.007019458057663, 0.0 ], [ -110.005092762086306, 49.010559077657, 0.0 ], [ -110.005093477205605, 49.014247310025347, 0.0 ], [ -110.005094860779195, 49.021471511586277, 0.0 ], [ -110.005096222071401, 49.02869571896764, 0.0 ], [ -110.005097612631403, 49.036111647427141, 0.0 ], [ -110.005098455646007, 49.040565651910093, 0.0 ], [ -110.0050989686533, 49.043346667481863, 0.0 ], [ -110.005100298816302, 49.050581699498217, 0.0 ], [ -110.005101063206197, 49.054786327942132, 0.0 ], [ -110.005101196330102, 49.055527562535907, 0.0 ], [ -110.005101598550993, 49.057816720768258, 0.0 ], [ -110.005102921315398, 49.06523261100336, 0.0 ], [ -110.005104199863396, 49.072467591737578, 0.0 ], [ -110.005105466762302, 49.079702593154117, 0.0 ], [ -110.005106694488603, 49.086937561836059, 0.0 ], [ -110.005106694918894, 49.09435112464255, 0.0 ], [ -110.005106672809006, 49.101583789022392, 0.0 ], [ -110.005106589113794, 49.108816435908537, 0.0 ], [ -110.005106554317507, 49.114277126218212, 0.0 ], [ -110.005106534454995, 49.116049118753828, 0.0 ], [ -110.005106444096896, 49.123462628859393, 0.0 ], [ -110.005106336285294, 49.130695256289513, 0.0 ], [ -110.005106208520004, 49.137927888741572, 0.0 ], [ -110.005106144344694, 49.142134159310856, 0.0 ], [ -110.005106083209895, 49.14516052178513, 0.0 ], [ -110.005105941112802, 49.152573987188767, 0.0 ], [ -110.005105889849503, 49.155214403546687, 0.0 ], [ -110.005105775556402, 49.159806600493667, 0.0 ], [ -110.005105584302299, 49.167039194261307, 0.0 ], [ -110.005105530465599, 49.16847660926728, 0.0 ], [ -110.005105288654804, 49.174271840712628, 0.0 ], [ -110.005104837938404, 49.174452492433851, 0.0 ], [ -110.005108427221103, 49.181697020987833, 0.0 ], [ -110.005112002584397, 49.188936617048718, 0.0 ], [ -110.005112352355994, 49.196172842217813, 0.0 ], [ -110.005109594178506, 49.199074496138358, 0.0 ], [ -110.005105450615105, 49.203407817973734, 0.0 ], [ -110.005104124463102, 49.210822546334832, 0.0 ], [ -110.005102816523006, 49.218056438359703, 0.0 ], [ -110.005101833679007, 49.223495248502672, 0.0 ], [ -110.005101501930199, 49.225290309876037, 0.0 ], [ -110.005100148292797, 49.232524154977853, 0.0 ], [ -110.005098762656701, 49.239936510806842, 0.0 ], [ -110.005097397372197, 49.247168008107217, 0.0 ], [ -110.005100262270403, 49.254404827778529, 0.0 ], [ -110.005103147125396, 49.261620151960301, 0.0 ], [ -110.005102976825199, 49.269036481535352, 0.0 ], [ -110.005102803999193, 49.276271921193747, 0.0 ], [ -110.005102605838402, 49.283507379147117, 0.0 ], [ -110.005102405971101, 49.290742798794589, 0.0 ], [ -110.005102156364899, 49.298159102283002, 0.0 ], [ -110.005102033770797, 49.302001689005237, 0.0 ], [ -110.005101906657202, 49.305394503578, 0.0 ], [ -110.005101637744701, 49.312629917131538, 0.0 ], [ -110.005101368721995, 49.319865317659819, 0.0 ], [ -110.005101334893993, 49.32082795751392, 0.0 ], [ -110.005101059599099, 49.327281563507817, 0.0 ], [ -110.005100804235497, 49.33451695834033, 0.0 ], [ -110.005100793850303, 49.341752383179603, 0.0 ], [ -110.005100788784503, 49.348987797029032, 0.0 ], [ -110.005101681060694, 49.356401940156893, 0.0 ], [ -110.005102579926103, 49.36363523764917, 0.0 ], [ -110.005103433573098, 49.370868509355489, 0.0 ], [ -110.005104286209004, 49.378101767995567, 0.0 ], [ -110.005105146573499, 49.385515871778637, 0.0 ], [ -110.005106056688902, 49.392749123915429, 0.0 ], [ -110.005106535013596, 49.397388228432902, 0.0 ], [ -110.005106788569805, 49.399982369716831, 0.0 ], [ -110.005107563588197, 49.407215589058083, 0.0 ], [ -110.005108347198103, 49.414629661460658, 0.0 ], [ -110.005109077782706, 49.421862791552613, 0.0 ], [ -110.005109768528797, 49.429095842970732, 0.0 ], [ -110.005110449439201, 49.436328914255952, 0.0 ], [ -110.005103431359899, 49.443745102263172, 0.0 ], [ -110.0050997999777, 49.450949496933383, 0.0 ], [ -110.0050993771316, 49.458193896400438, 0.0 ], [ -110.005092434674793, 49.465426330726721, 0.0 ], [ -110.005088649546494, 49.472848479618293, 0.0 ], [ -110.005088167319698, 49.480079821481773, 0.0 ], [ -110.005088622809495, 49.48731802932344, 0.0 ], [ -110.005092274712396, 49.494547198415788, 0.0 ], [ -110.005105857537004, 49.501959378105987, 0.0 ], [ -110.005089703631995, 49.509202360749264, 0.0 ], [ -110.005092976493003, 49.516435211789307, 0.0 ], [ -110.005092993473696, 49.519963434406478, 0.0 ], [ -110.005092990792207, 49.523658812226849, 0.0 ], [ -110.005095211388493, 49.523838521678293, 0.0 ], [ -110.005099252467204, 49.531075722390042, 0.0 ], [ -110.005103820252998, 49.538312414241361, 0.0 ], [ -110.0051017510728, 49.545367249651513, 0.0 ], [ -110.005101693778599, 49.545556227905877, 0.0 ], [ -110.0051038183164, 49.552795453095051, 0.0 ], [ -110.005105999492599, 49.560215512494672, 0.0 ], [ -110.005108078684103, 49.567454706907228, 0.0 ], [ -110.005110165137097, 49.574693894007552, 0.0 ], [ -110.005112246091798, 49.581933076845147, 0.0 ], [ -110.005114633096994, 49.589353069345322, 0.0 ], [ -110.005117049132593, 49.596592186542978, 0.0 ], [ -110.005119431023402, 49.60383130994262, 0.0 ], [ -110.005121813251293, 49.6110704275304, 0.0 ], [ -110.005118950495898, 49.618491207502032, 0.0 ], [ -110.005116133943304, 49.625701312483493, 0.0 ], [ -110.005114637990701, 49.629548189383293, 0.0 ], [ -110.005113296807394, 49.632955699406963, 0.0 ], [ -110.005113691493193, 49.64018819078273, 0.0 ], [ -110.005107441362895, 49.647605319896442, 0.0 ], [ -110.005087281350896, 49.654821914929691, 0.0 ], [ -110.005103246149304, 49.662073883626142, 0.0 ], [ -110.005102756234294, 49.669317187285287, 0.0 ], [ -110.005112164003506, 49.676707148395252, 0.0 ], [ -110.005109322394205, 49.683938967840788, 0.0 ], [ -110.005112947439798, 49.69117165983053, 0.0 ], [ -110.005103569729499, 49.6984039945078, 0.0 ], [ -110.005084733649099, 49.705830015269257, 0.0 ], [ -110.005066346341096, 49.713077448777263, 0.0 ], [ -110.005069001814704, 49.72030733935695, 0.0 ], [ -110.0050716290894, 49.727542906951427, 0.0 ], [ -110.005082332541704, 49.73492379853186, 0.0 ], [ -110.0050927819197, 49.742158554450199, 0.0 ], [ -110.005086065145207, 49.749391560445147, 0.0 ], [ -110.005086028444794, 49.756621942065962, 0.0 ], [ -110.005082669866297, 49.764035885224637, 0.0 ], [ -110.005079361011298, 49.771263543203077, 0.0 ], [ -110.005072789630503, 49.778503835162219, 0.0 ], [ -110.005092216573601, 49.785741422714729, 0.0 ], [ -110.005087715637501, 49.793149183982237, 0.0 ], [ -110.005083329495804, 49.800385132967833, 0.0 ], [ -110.005078919051797, 49.807617469124366, 0.0 ], [ -110.005074488562201, 49.814849779711913, 0.0 ], [ -110.005069954262396, 49.822262929109137, 0.0 ], [ -110.005065484695194, 49.829489807042343, 0.0 ], [ -110.0050609791395, 49.836721897067548, 0.0 ], [ -110.005056398885998, 49.843953762883721, 0.0 ], [ -110.005051677267502, 49.851348382671937, 0.0 ], [ -110.005047041493299, 49.858598292233623, 0.0 ], [ -110.005042410286705, 49.86583555142434, 0.0 ], [ -110.005037804314995, 49.873009710860117, 0.0 ], [ -110.005037754849795, 49.873085462037807, 0.0 ], [ -110.005037832214001, 49.873266300575153, 0.0 ], [ -110.005038208774593, 49.880500120605433, 0.0 ], [ -110.005038577320605, 49.88773393447665, 0.0 ], [ -110.005038941377705, 49.894967735138252, 0.0 ], [ -110.005039273103804, 49.902201535793907, 0.0 ], [ -110.005039622302903, 49.90961614290029, 0.0 ], [ -110.005039907475506, 49.916849924463378, 0.0 ], [ -110.005040110062495, 49.924083679541553, 0.0 ], [ -110.005040272622296, 49.931317414474663, 0.0 ], [ -110.005040421537799, 49.9387319768027, 0.0 ], [ -110.005040586868802, 49.945965687572127, 0.0 ], [ -110.005040696894, 49.953199391043043, 0.0 ], [ -110.005040810138198, 49.960433101446938, 0.0 ], [ -110.005041848815395, 49.967844578706313, 0.0 ], [ -110.005042811579898, 49.975082484584007, 0.0 ], [ -110.005043794203104, 49.982316741731893, 0.0 ], [ -110.005041473057005, 49.989545575250652, 0.0 ], [ -110.005055824104502, 49.996960653037817, 0.0 ], [ -110.0050566064062, 50.004189453938388, 0.0 ], [ -110.005044247214002, 50.01142368644728, 0.0 ], [ -110.005048190236707, 50.018654286813643, 0.0 ], [ -110.005062244382998, 50.026081997134959, 0.0 ], [ -110.005049851526394, 50.033305352407353, 0.0 ], [ -110.005050498826506, 50.040544965941187, 0.0 ], [ -110.005047816620603, 50.047780953720412, 0.0 ], [ -110.005026632160707, 50.055198916072229, 0.0 ], [ -110.005005962839107, 50.062434238723903, 0.0 ], [ -110.004985216502106, 50.069678568525347, 0.0 ], [ -110.004967772235204, 50.07691387296704, 0.0 ], [ -110.004946457814896, 50.084335408842072, 0.0 ], [ -110.004922422057405, 50.091568822905117, 0.0 ], [ -110.004901560288502, 50.098825751366093, 0.0 ], [ -110.004874225981695, 50.106053713106988, 0.0 ], [ -110.004849516860801, 50.11346973306577, 0.0 ], [ -110.004825344680199, 50.120708540271117, 0.0 ], [ -110.004801199218505, 50.127936497198498, 0.0 ], [ -110.004777034520401, 50.135168045411639, 0.0 ], [ -110.004799124276104, 50.142586485147874, 0.0 ], [ -110.0048141011398, 50.149824085206639, 0.0 ], [ -110.004861753626798, 50.157048956199858, 0.0 ], [ -110.004886529561006, 50.164282906303782, 0.0 ], [ -110.004908643480604, 50.171695905701803, 0.0 ], [ -110.004926935537597, 50.178928068031581, 0.0 ], [ -110.004948503177303, 50.186162029531808, 0.0 ], [ -110.004970053376695, 50.193392346045712, 0.0 ], [ -110.004995514040203, 50.200805321763823, 0.0 ], [ -110.005017051529407, 50.208037431082261, 0.0 ], [ -110.005041871927602, 50.215269541833003, 0.0 ], [ -110.0050666800485, 50.222503452252433, 0.0 ], [ -110.005066700659697, 50.222679813609687, 0.0 ], [ -110.005068966115601, 50.229908659036766, 0.0 ], [ -110.005071226785404, 50.237141124167607, 0.0 ], [ -110.005072960432301, 50.242729961240819, 0.0 ], [ -110.005073459575897, 50.244369964661523, 0.0 ], [ -110.005075681385307, 50.251607815904329, 0.0 ], [ -110.005091799497805, 50.259024771178566, 0.0 ], [ -110.005094001448001, 50.266253036396463, 0.0 ], [ -110.005084423152496, 50.273487624683639, 0.0 ], [ -110.005084450046098, 50.280720083781659, 0.0 ], [ -110.005086652477004, 50.288153186817951, 0.0 ], [ -110.005087381854096, 50.290613156181848, 0.0 ], [ -110.005088769487301, 50.295378335082852, 0.0 ], [ -110.005089867188801, 50.29910372723613, 0.0 ], [ -110.0050908830559, 50.302612497106423, 0.0 ], [ -110.005092967155093, 50.309844846841457, 0.0 ], [ -110.005091026876897, 50.317266492613477, 0.0 ], [ -110.005089125725107, 50.324489221572527, 0.0 ], [ -110.005087035442898, 50.328727461643552, 0.0 ], [ -110.005085541367905, 50.331727777838182, 0.0 ], [ -110.005113412894801, 50.338966288191749, 0.0 ], [ -110.005196506485703, 50.34640970038501, 0.0 ], [ -110.005150874536497, 50.353591850288389, 0.0 ], [ -110.005104871899903, 50.360830192810333, 0.0 ], [ -110.005071917561196, 50.368059316379252, 0.0 ], [ -110.005082842553406, 50.375474361720478, 0.0 ], [ -110.005090205051303, 50.382708575792122, 0.0 ], [ -110.005094234735196, 50.389942795420779, 0.0 ], [ -110.005094996434195, 50.397187835691511, 0.0 ], [ -110.005091127089202, 50.404588964793682, 0.0 ], [ -110.005087341731596, 50.411816468711748, 0.0 ], [ -110.005077594580399, 50.419060255931427, 0.0 ], [ -110.005080087930807, 50.426288850414878, 0.0 ], [ -110.0050790178299, 50.433700050599853, 0.0 ], [ -110.005079090952293, 50.440934348198823, 0.0 ], [ -110.005080776771706, 50.448175161261808, 0.0 ], [ -110.005081882112293, 50.455409471849777, 0.0 ], [ -110.005085175942398, 50.462828343380643, 0.0 ], [ -110.005087098003699, 50.466780309256421, 0.0 ], [ -110.005088673080493, 50.470050614844958, 0.0 ], [ -110.005091875593394, 50.477277602733118, 0.0 ], [ -110.0050912191045, 50.484513615814137, 0.0 ], [ -110.005093110114203, 50.491922152138592, 0.0 ], [ -110.005094952008804, 50.49914988152301, 0.0 ], [ -110.005091527281493, 50.506377495614942, 0.0 ], [ -110.005088045631496, 50.51361952676961, 0.0 ], [ -110.005092823039803, 50.521030193111059, 0.0 ], [ -110.005097468324706, 50.528260040147558, 0.0 ], [ -110.005102070935493, 50.535489136744729, 0.0 ], [ -110.005106691628299, 50.542703794015459, 0.0 ], [ -110.005103836056193, 50.550130628055172, 0.0 ], [ -110.005101050108195, 50.557373040441853, 0.0 ], [ -110.005104220562103, 50.56460682305989, 0.0 ], [ -110.005106324846594, 50.571838009659892, 0.0 ], [ -110.005106640463296, 50.572018649616822, 0.0 ], [ -110.005100483002295, 50.579249242887833, 0.0 ], [ -110.005095808208395, 50.586461153536568, 0.0 ], [ -110.005090041931695, 50.593692083400242, 0.0 ], [ -110.005099086861605, 50.600927631733718, 0.0 ], [ -110.005106509323895, 50.608339200090107, 0.0 ], [ -110.005110647902598, 50.615564801249619, 0.0 ], [ -110.0051090547082, 50.622790195275407, 0.0 ], [ -110.005112579519306, 50.630019556967547, 0.0 ], [ -110.005120730449207, 50.637443047232438, 0.0 ], [ -110.005121492706905, 50.644671235024191, 0.0 ], [ -110.005108037400205, 50.651894203584249, 0.0 ], [ -110.005111204002205, 50.659118978094291, 0.0 ], [ -110.005118555734896, 50.666541946787447, 0.0 ], [ -110.005118630159899, 50.673784450252079, 0.0 ], [ -110.005130940937306, 50.681014857152988, 0.0 ], [ -110.005126556676004, 50.688245117247469, 0.0 ], [ -110.005119724876707, 50.695652071748817, 0.0 ], [ -110.005119314292799, 50.702881653600393, 0.0 ], [ -110.005110876615106, 50.710114931897103, 0.0 ], [ -110.005106582895905, 50.717352479830588, 0.0 ], [ -110.005128463758595, 50.723453367372748, 0.0 ], [ -110.005133173160004, 50.724767970652003, 0.0 ], [ -110.0051240053904, 50.73201016479539, 0.0 ], [ -110.005131413711794, 50.739243534028283, 0.0 ], [ -110.005135499077795, 50.746472766261668, 0.0 ], [ -110.005139068979801, 50.753891082998408, 0.0 ], [ -110.005142200982903, 50.76112419256593, 0.0 ], [ -110.005145330667801, 50.768360375359293, 0.0 ], [ -110.005138494794096, 50.775587498424763, 0.0 ], [ -110.005148457544806, 50.782999556658893, 0.0 ], [ -110.005151568822797, 50.790229937431612, 0.0 ], [ -110.0051579390623, 50.797461906312023, 0.0 ], [ -110.005164314474996, 50.804691171290543, 0.0 ], [ -110.005164007551201, 50.81210861730117, 0.0 ], [ -110.005167053949293, 50.819344017431703, 0.0 ], [ -110.005160100980106, 50.826580850824797, 0.0 ], [ -110.005165671455501, 50.83382319287486, 0.0 ], [ -110.005165853265893, 50.834237380819957, 0.0 ], [ -110.005166594517306, 50.835898747324727, 0.0 ], [ -110.005168926025704, 50.841223997759037, 0.0 ], [ -110.005165440047094, 50.848451600859178, 0.0 ], [ -110.005168591030696, 50.855689313638592, 0.0 ], [ -110.005165092292501, 50.862928285681562, 0.0 ], [ -110.005165163949002, 50.863109091194609, 0.0 ], [ -110.005167273402193, 50.867990124055559, 0.0 ], [ -110.005167549147799, 50.868642557060703, 0.0 ], [ -110.005168282933994, 50.870340647078137, 0.0 ], [ -110.005169101997794, 50.872229351190903, 0.0 ], [ -110.005171396722005, 50.877572179819637, 0.0 ], [ -110.005171149249193, 50.884793757983388, 0.0 ], [ -110.005172360178804, 50.886154957009772, 0.0 ], [ -110.0051775502656, 50.892027981544302, 0.0 ], [ -110.005177462691606, 50.892208790809043, 0.0 ], [ -110.005173840781893, 50.899519698032002, 0.0 ], [ -110.005172434514904, 50.902329907507159, 0.0 ], [ -110.005171318770294, 50.904569966531142, 0.0 ], [ -110.005170244662693, 50.906718472758143, 0.0 ], [ -110.005169792527496, 50.907622508899117, 0.0 ], [ -110.005166616597094, 50.913935311734249, 0.0 ], [ -110.005162969937103, 50.921081399995067, 0.0 ], [ -110.005162948787799, 50.921126848528147, 0.0 ], [ -110.005162416068202, 50.921307628580358, 0.0 ], [ -110.005296280524703, 50.928538133288868, 0.0 ], [ -110.005293118389602, 50.92884349136154, 0.0 ], [ -110.005221555676798, 50.935765133685322, 0.0 ], [ -110.005213436514595, 50.936757388028788, 0.0 ], [ -110.005199348601295, 50.938476582321329, 0.0 ], [ -110.005188128681695, 50.939846336742683, 0.0 ], [ -110.005162308732395, 50.94299673115524, 0.0 ], [ -110.005150663774401, 50.950228950481147, 0.0 ], [ -110.0051505430866, 50.950409770491817, 0.0 ], [ -110.005150530801203, 50.950437156998227, 0.0 ], [ -110.005150313868896, 50.950765937045027, 0.0 ], [ -110.005150285633206, 50.950820730607361, 0.0 ], [ -110.005150240338594, 50.950888111803671, 0.0 ], [ -110.005150204253496, 50.950956614301163, 0.0 ], [ -110.005150165805304, 50.951025112195509, 0.0 ], [ -110.005150111768899, 50.95109359591644, 0.0 ], [ -110.005150074243502, 50.951162098351588, 0.0 ], [ -110.005150032961694, 50.951230582618983, 0.0 ], [ -110.005149982460097, 50.951299086298043, 0.0 ], [ -110.005149934814597, 50.951367576594492, 0.0 ], [ -110.005149898512201, 50.951436067377053, 0.0 ], [ -110.0051498545307, 50.951504563232128, 0.0 ], [ -110.005149737769301, 50.951685369896673, 0.0 ], [ -110.005149689408896, 50.95175386646364, 0.0 ], [ -110.005149654555098, 50.951822369911767, 0.0 ], [ -110.005149607528395, 50.951890853930941, 0.0 ], [ -110.005149569174094, 50.951959350026023, 0.0 ], [ -110.005149502147603, 50.952027847592582, 0.0 ], [ -110.005149475707199, 50.952096338796068, 0.0 ], [ -110.005149440939405, 50.952164827841713, 0.0 ], [ -110.005149367541705, 50.952233331436787, 0.0 ], [ -110.005149347595903, 50.952301828320131, 0.0 ], [ -110.005149300614903, 50.95237031143958, 0.0 ], [ -110.005149225776506, 50.952438814972339, 0.0 ], [ -110.005149192872906, 50.952507299595261, 0.0 ], [ -110.005149154549898, 50.952575794789567, 0.0 ], [ -110.005149108766105, 50.952644279760243, 0.0 ], [ -110.005149064560698, 50.952712776502644, 0.0 ], [ -110.005149040956496, 50.952781280430351, 0.0 ], [ -110.005148961158795, 50.952879899669099, 0.0 ], [ -110.005148844110195, 50.95306070541065, 0.0 ], [ -110.005148786664606, 50.953156609321702, 0.0 ], [ -110.0051487409863, 50.953225105999493, 0.0 ], [ -110.005148721706803, 50.953293595705929, 0.0 ], [ -110.005148658146894, 50.953362086214703, 0.0 ], [ -110.005148600325597, 50.953430589573891, 0.0 ], [ -110.005148561642102, 50.953499073946197, 0.0 ], [ -110.005148528793598, 50.953567570272718, 0.0 ], [ -110.005148463856301, 50.953636073326237, 0.0 ], [ -110.005148432341699, 50.953704557104977, 0.0 ], [ -110.005148399375202, 50.953773054326199, 0.0 ], [ -110.005148335090297, 50.953841551104823, 0.0 ], [ -110.0051483042987, 50.953910041216282, 0.0 ], [ -110.005148270662204, 50.953978531205557, 0.0 ], [ -110.005148207100206, 50.954047034316851, 0.0 ], [ -110.005148174097698, 50.954115531535557, 0.0 ], [ -110.005148134667706, 50.954184022176193, 0.0 ], [ -110.005148057564497, 50.954282654129301, 0.0 ], [ -110.005148025449699, 50.95433744121501, 0.0 ], [ -110.005147819239099, 50.954666209063603, 0.0 ], [ -110.005147684921496, 50.954885370655973, 0.0 ], [ -110.005147458542794, 50.955214151137291, 0.0 ], [ -110.005147432795596, 50.955268931291272, 0.0 ], [ -110.005147387415604, 50.955356615731183, 0.0 ], [ -110.005147324311096, 50.955425099951327, 0.0 ], [ -110.005147278393096, 50.955493596612357, 0.0 ], [ -110.005147246008605, 50.955562086650829, 0.0 ], [ -110.005147181533999, 50.955630583416209, 0.0 ], [ -110.005147148390293, 50.955699067119433, 0.0 ], [ -110.005147109608501, 50.955767576690192, 0.0 ], [ -110.005147064328497, 50.955836067075317, 0.0 ], [ -110.005147012620995, 50.955904550882401, 0.0 ], [ -110.005146980912102, 50.955973060755809, 0.0 ], [ -110.005146936284603, 50.956041544866061, 0.0 ], [ -110.005146883951596, 50.956110047552599, 0.0 ], [ -110.005146839087601, 50.95619769959977, 0.0 ], [ -110.005146814721101, 50.956252505920183, 0.0 ], [ -110.005146601119407, 50.956581267123433, 0.0 ], [ -110.005146471657994, 50.956855221864963, 0.0 ], [ -110.005146279009693, 50.957183997463183, 0.0 ], [ -110.005146245327495, 50.957238783574773, 0.0 ], [ -110.005146200636901, 50.957307280283267, 0.0 ], [ -110.005146159547706, 50.95737576994334, 0.0 ], [ -110.005146060775601, 50.957512757554767, 0.0 ], [ -110.005146022476694, 50.957581260838808, 0.0 ], [ -110.005145984285093, 50.95763769345286, 0.0 ], [ -110.005146090587004, 50.957649821803841, 0.0 ], [ -110.005146659757102, 50.957718415954503, 0.0 ], [ -110.005147204779504, 50.957783905645023, 0.0 ], [ -110.005147667022598, 50.957839408968809, 0.0 ], [ -110.005155397257099, 50.958767067408559, 0.0 ], [ -110.005156496776806, 50.958898447834187, 0.0 ], [ -110.005157719826002, 50.959044647522447, 0.0 ], [ -110.005199549908099, 50.964064822556672, 0.0 ], [ -110.0052012810132, 50.964272294067463, 0.0 ], [ -110.005207092901799, 50.964968842737257, 0.0 ], [ -110.005220217701904, 50.972135546195581, 0.0 ], [ -110.005163386971503, 50.979334546064003, 0.0 ], [ -110.005159169972202, 50.986745985488547, 0.0 ], [ -110.005158373713698, 50.993977515066597, 0.0 ], [ -110.005154212236505, 51.001214457730391, 0.0 ], [ -110.005163458910104, 51.008452349166767, 0.0 ], [ -110.0051695263695, 51.015859904139802, 0.0 ], [ -110.005182101988694, 51.023088459586582, 0.0 ], [ -110.005208014101697, 51.030316989112187, 0.0 ], [ -110.005173815425096, 51.037561744966403, 0.0 ], [ -110.005193495588998, 51.044969287913702, 0.0 ], [ -110.005175986970897, 51.052201397343303, 0.0 ], [ -110.005185189044298, 51.059435320559103, 0.0 ], [ -110.005137565909195, 51.06666919227974, 0.0 ], [ -110.005157187434605, 51.074082089492137, 0.0 ], [ -110.005176375995703, 51.081326818995869, 0.0 ], [ -110.005175229872194, 51.088558781135433, 0.0 ], [ -110.005177264432206, 51.095803323343517, 0.0 ], [ -110.005156549550307, 51.103214123681717, 0.0 ], [ -110.005159503183506, 51.104290701565027, 0.0 ], [ -110.005176357401595, 51.110444125219757, 0.0 ], [ -110.005182837870507, 51.117677744781773, 0.0 ], [ -110.005185936110905, 51.124914959028693, 0.0 ], [ -110.005185680095295, 51.132325745930324, 0.0 ], [ -110.005192096635895, 51.139559326335622, 0.0 ], [ -110.005191813337902, 51.146798334720103, 0.0 ], [ -110.005191505706094, 51.154030095900808, 0.0 ], [ -110.005187747764296, 51.161444443955638, 0.0 ], [ -110.005187361358097, 51.168676200034241, 0.0 ], [ -110.005186454405305, 51.175909207392237, 0.0 ], [ -110.005182998444496, 51.183131459010802, 0.0 ], [ -110.005182353313799, 51.190558879654297, 0.0 ], [ -110.0051818776858, 51.197786408716958, 0.0 ], [ -110.005181351693906, 51.205017538305327, 0.0 ], [ -110.005180810650003, 51.212250474696162, 0.0 ], [ -110.005180251478194, 51.219662384712038, 0.0 ], [ -110.005176344082201, 51.226893494452867, 0.0 ], [ -110.005175739156101, 51.234124586649322, 0.0 ], [ -110.005178490660199, 51.241357464217117, 0.0 ], [ -110.005177872914501, 51.248771154321673, 0.0 ], [ -110.0051774570953, 51.256004265581971, 0.0 ], [ -110.005177398220695, 51.260032635728606, 0.0 ], [ -110.005177334547597, 51.263237098193997, 0.0 ], [ -110.005177191786501, 51.270468101011453, 0.0 ], [ -110.005177405110103, 51.270649066135761, 0.0 ], [ -110.005177397620997, 51.27069441465374, 0.0 ], [ -110.005177382887695, 51.270739486465317, 0.0 ], [ -110.005175971560703, 51.277797179899977, 0.0 ], [ -110.0051759663735, 51.277846028024058, 0.0 ], [ -110.005175947113102, 51.277982254637202, 0.0 ], [ -110.005175016076706, 51.284968930808667, 0.0 ], [ -110.0051750093496, 51.28502786146759, 0.0 ], [ -110.005174907762907, 51.286836383305378, 0.0 ], [ -110.005174671625099, 51.290594713188703, 0.0 ], [ -110.005174631295404, 51.291708412075117, 0.0 ], [ -110.005174604224706, 51.29226193904627, 0.0 ], [ -110.005174632176306, 51.292899454111883, 0.0 ], [ -110.005174646651497, 51.293209565047952, 0.0 ], [ -110.005174958904007, 51.2994973397726, 0.0 ], [ -110.005175041563703, 51.299678139732258, 0.0 ], [ -110.005178698587599, 51.306917130305678, 0.0 ], [ -110.005178991128005, 51.314154340751607, 0.0 ], [ -110.005179292816706, 51.321391512479813, 0.0 ], [ -110.005178756151906, 51.328630238825397, 0.0 ], [ -110.005178766259903, 51.328810800480291, 0.0 ], [ -110.005178831031998, 51.329851084315948, 0.0 ], [ -110.0051788408379, 51.329985955104533, 0.0 ], [ -110.005178866242105, 51.330341587610143, 0.0 ], [ -110.005179197374602, 51.336080655520981, 0.0 ], [ -110.005183283787005, 51.339679800021273, 0.0 ], [ -110.005185313328298, 51.341479187816418, 0.0 ], [ -110.005187350647105, 51.343278565902423, 0.0 ], [ -110.005186678368204, 51.345105388371657, 0.0 ], [ -110.005186580300801, 51.345351814776649, 0.0 ], [ -110.0051846470448, 51.350541175471683, 0.0 ], [ -110.005181943599695, 51.357778453497467, 0.0 ], [ -110.0051821116582, 51.357959260264742, 0.0 ], [ -110.005184158362894, 51.360246034401356, 0.0 ], [ -110.005186151017995, 51.362474757555489, 0.0 ], [ -110.005187244811495, 51.363706770899327, 0.0 ], [ -110.005187430096797, 51.363915705871008, 0.0 ], [ -110.005188523527394, 51.365148331335313, 0.0 ], [ -110.005188566626302, 51.365193525181688, 0.0 ], [ -110.005190866960405, 51.370621745658092, 0.0 ], [ -110.005191383370303, 51.371858215648523, 0.0 ], [ -110.005191460599903, 51.372036339101868, 0.0 ], [ -110.005191624864295, 51.37242958738846, 0.0 ], [ -110.005191714121196, 51.372644507045273, 0.0 ], [ -110.005191791177793, 51.372826454104349, 0.0 ], [ -110.005191917181193, 51.373099370634009, 0.0 ], [ -110.005192078426802, 51.373475525477737, 0.0 ], [ -110.005192136360904, 51.373617732005563, 0.0 ], [ -110.005194699281105, 51.379665648078358, 0.0 ], [ -110.005191102057793, 51.386719998205628, 0.0 ], [ -110.005191010864394, 51.38690351711174, 0.0 ], [ -110.005190996616804, 51.387084326670113, 0.0 ], [ -110.005191000560501, 51.387267869445402, 0.0 ], [ -110.005190789517599, 51.391926616896697, 0.0 ], [ -110.005190715156004, 51.393570850463497, 0.0 ], [ -110.005190673280396, 51.394318556851573, 0.0 ], [ -110.005190323982603, 51.401552780132569, 0.0 ], [ -110.005189959501607, 51.408787003276061, 0.0 ], [ -110.005189690445107, 51.414034406618072, 0.0 ], [ -110.005189669977099, 51.414348807158987, 0.0 ], [ -110.005189582388496, 51.416021202983167, 0.0 ], [ -110.005184153386693, 51.423437210008963, 0.0 ], [ -110.005182042431102, 51.430670511053897, 0.0 ], [ -110.005176576291404, 51.437903802558978, 0.0 ], [ -110.005167767177795, 51.445097203232699, 0.0 ], [ -110.005167715278105, 51.445140712895139, 0.0 ], [ -110.005167667926997, 51.445321492690979, 0.0 ], [ -110.005167656745499, 51.44536614478212, 0.0 ], [ -110.005165786379294, 51.452552812684907, 0.0 ], [ -110.005170662540607, 51.459784122882198, 0.0 ], [ -110.005158664788397, 51.46702084681047, 0.0 ], [ -110.005150014362897, 51.47425937530182, 0.0 ], [ -110.005149885460696, 51.474440154097607, 0.0 ], [ -110.005144579645901, 51.481666011828267, 0.0 ], [ -110.005142658271893, 51.488895486178912, 0.0 ], [ -110.005133950153095, 51.496126745617779, 0.0 ], [ -110.005149522844306, 51.503358337209058, 0.0 ], [ -110.005149011347996, 51.503539123761612, 0.0 ], [ -110.005128335565303, 51.510769256627697, 0.0 ], [ -110.005124466205601, 51.517999398042441, 0.0 ], [ -110.005120619742399, 51.525231328973, 0.0 ], [ -110.005123499622997, 51.532465077129963, 0.0 ], [ -110.005123346695001, 51.53264587337069, 0.0 ], [ -110.005117572026606, 51.539878219972323, 0.0 ], [ -110.005108406905293, 51.547110559276177, 0.0 ], [ -110.005111028142906, 51.554342892513283, 0.0 ], [ -110.005106251346007, 51.558945798252743, 0.0 ], [ -110.005106155056495, 51.559035567016522, 0.0 ], [ -110.005105734948103, 51.559435676414033, 0.0 ], [ -110.005105429924299, 51.559583502248451, 0.0 ], [ -110.005105422703593, 51.559589617702493, 0.0 ], [ -110.005105010276296, 51.56013234720541, 0.0 ], [ -110.005104894086003, 51.560242430465138, 0.0 ], [ -110.005104867091603, 51.560264915294667, 0.0 ], [ -110.005103502473304, 51.561575214630182, 0.0 ], [ -110.005103084894699, 51.561756004762913, 0.0 ], [ -110.005086313106801, 51.568996122032438, 0.0 ], [ -110.005091703046801, 51.574582052207973, 0.0 ], [ -110.005092678386205, 51.575687394000191, 0.0 ], [ -110.005093284983104, 51.576226590615079, 0.0 ], [ -110.005097655406999, 51.583455632451432, 0.0 ], [ -110.005092260914793, 51.590693072178198, 0.0 ], [ -110.005092131641405, 51.590873859089442, 0.0 ], [ -110.005086739595697, 51.598107663084001, 0.0 ], [ -110.0050847044741, 51.605339663452327, 0.0 ], [ -110.005082645211004, 51.612571638106907, 0.0 ], [ -110.005087932933506, 51.619720978266557, 0.0 ], [ -110.005087963712398, 51.619766164801767, 0.0 ], [ -110.005088956141904, 51.619946896699851, 0.0 ], [ -110.0050888802797, 51.619992145308807, 0.0 ], [ -110.005076725028403, 51.627169404026127, 0.0 ], [ -110.005078050423407, 51.634391175596889, 0.0 ], [ -110.005077111595895, 51.641626176479853, 0.0 ], [ -110.005078970982794, 51.648858170449948, 0.0 ], [ -110.005078848958703, 51.649038967137443, 0.0 ], [ -110.005073934178597, 51.656265509514448, 0.0 ], [ -110.0050723814973, 51.663492058026861, 0.0 ], [ -110.005072350189394, 51.66363205869218, 0.0 ], [ -110.005072286870799, 51.663906129716622, 0.0 ], [ -110.005072229300197, 51.664180200082647, 0.0 ], [ -110.005070824048502, 51.670742110078372, 0.0 ], [ -110.0050659341765, 51.677972262621722, 0.0 ], [ -110.005060920443199, 51.683570524161468, 0.0 ], [ -110.005059290744995, 51.68537590237316, 0.0 ], [ -110.005058747013706, 51.692602811960853, 0.0 ], [ -110.005057314897599, 51.697158964432219, 0.0 ], [ -110.005056455189404, 51.699830068004388, 0.0 ], [ -110.005052752768904, 51.707053713685852, 0.0 ], [ -110.005052721360599, 51.707116431609982, 0.0 ], [ -110.005052664765898, 51.707234500584157, 0.0 ], [ -110.005048859000098, 51.714462281916333, 0.0 ], [ -110.005051300192704, 51.72169035969673, 0.0 ], [ -110.005047877116894, 51.728918089072479, 0.0 ], [ -110.005047607231106, 51.736145276311142, 0.0 ], [ -110.005047382412201, 51.736326283136137, 0.0 ], [ -110.005037990378895, 51.743553858248113, 0.0 ], [ -110.005037074988195, 51.744024948992063, 0.0 ], [ -110.005036965761704, 51.744172593889267, 0.0 ], [ -110.005027752796806, 51.749768826418233, 0.0 ], [ -110.005027520597096, 51.749906290891438, 0.0 ], [ -110.005026082079695, 51.750780039304082, 0.0 ], [ -110.005029602437602, 51.758013136158731, 0.0 ], [ -110.005031823177205, 51.765247156772297, 0.0 ], [ -110.0050319452466, 51.765427904467153, 0.0 ], [ -110.005037799353602, 51.772657091753082, 0.0 ], [ -110.005038394811706, 51.779888093819757, 0.0 ], [ -110.005039730226201, 51.783111899991852, 0.0 ], [ -110.005040511659701, 51.784987429022387, 0.0 ], [ -110.005041402822599, 51.787124867406973, 0.0 ], [ -110.005041032092194, 51.794347152306862, 0.0 ], [ -110.005040929173603, 51.794527946017013, 0.0 ], [ -110.005034091257997, 51.801758295417478, 0.0 ], [ -110.005034780997207, 51.802550565914743, 0.0 ], [ -110.005034898030303, 51.802686230867309, 0.0 ], [ -110.005040325191104, 51.808985423452832, 0.0 ], [ -110.005039563878199, 51.811168300993742, 0.0 ], [ -110.005039499292593, 51.811340515506608, 0.0 ], [ -110.005037778757, 51.816212185322321, 0.0 ], [ -110.005041206856305, 51.823439645041681, 0.0 ], [ -110.005041215019304, 51.823620425256827, 0.0 ], [ -110.005041201796899, 51.830849690751528, 0.0 ], [ -110.005041042235305, 51.838082503992773, 0.0 ], [ -110.005037355231494, 51.845309852267228, 0.0 ], [ -110.005037136918006, 51.850282142734393, 0.0 ], [ -110.005037137008003, 51.850667214110203, 0.0 ], [ -110.005037033704497, 51.852422163603123, 0.0 ], [ -110.005037039901296, 51.85253721495598, 0.0 ], [ -110.005037124306199, 51.852717995496143, 0.0 ], [ -110.005037163025904, 51.852833028425493, 0.0 ], [ -110.005038675695602, 51.856331653759433, 0.0 ], [ -110.005038757528894, 51.856512435061568, 0.0 ], [ -110.005039028796602, 51.857197318850758, 0.0 ], [ -110.0050402117554, 51.859945325225809, 0.0 ], [ -110.005040115947594, 51.862297945048468, 0.0 ], [ -110.005040095766702, 51.862512292959202, 0.0 ], [ -110.005039863952007, 51.86717086172164, 0.0 ], [ -110.005005550397101, 51.874398145682243, 0.0 ], [ -110.005039178457693, 51.881625423544577, 0.0 ], [ -110.005039106579005, 51.88180620351573, 0.0 ], [ -110.005036580272602, 51.88902343097098, 0.0 ], [ -110.005034052837502, 51.896239553361823, 0.0 ], [ -110.005031488149399, 51.903456741553747, 0.0 ], [ -110.005030849111606, 51.905264289979627, 0.0 ], [ -110.005030004406507, 51.907689697099983, 0.0 ], [ -110.005029920166393, 51.90796087091735, 0.0 ], [ -110.005028935079906, 51.910674477257551, 0.0 ], [ -110.005028876791201, 51.910855258489477, 0.0 ], [ -110.005026188784001, 51.918072419956509, 0.0 ], [ -110.005026493531005, 51.925290936368313, 0.0 ], [ -110.005026766679606, 51.932509794972063, 0.0 ], [ -110.005016820827095, 51.93972629913749, 0.0 ], [ -110.005017265003602, 51.939907073614243, 0.0 ], [ -110.005034519424797, 51.947124105844487, 0.0 ], [ -110.005031386089399, 51.954342215189207, 0.0 ], [ -110.005028202243594, 51.961561035959193, 0.0 ], [ -110.005025124770796, 51.968475216868427, 0.0 ], [ -110.005028731332501, 51.968777912983583, 0.0 ], [ -110.005027989576803, 51.970268527298522, 0.0 ], [ -110.005027933408599, 51.970414604765367, 0.0 ], [ -110.005025297113704, 51.975730082306058, 0.0 ], [ -110.005021723565406, 51.982960276851969, 0.0 ], [ -110.005021273548905, 51.990190386863809, 0.0 ], [ -110.005027598148601, 51.997421219338129, 0.0 ], [ -110.005027675497402, 51.997601993980417, 0.0 ], [ -110.005030773861193, 52.004830330090869, 0.0 ], [ -110.005030543915595, 52.012055794664469, 0.0 ], [ -110.005033694803899, 52.019285969712968, 0.0 ], [ -110.0050334445678, 52.026516673229793, 0.0 ], [ -110.005033510317503, 52.0266974543609, 0.0 ], [ -110.005036680708201, 52.033926008886972, 0.0 ], [ -110.0050398107429, 52.041156009862867, 0.0 ], [ -110.005043012504899, 52.048391849140323, 0.0 ], [ -110.005046170354802, 52.055627140580327, 0.0 ], [ -110.016805191800898, 52.055640970665912, 0.0 ], [ -110.018810213748594, 52.055643209550148, 0.0 ], [ -110.028564207234993, 52.055653627592612, 0.0 ], [ -110.028857465444105, 52.05565393075441, 0.0 ], [ -110.0293149245487, 52.055654401471187, 0.0 ], [ -110.040616499244294, 52.055665387966457, 0.0 ], [ -110.052375568716201, 52.055675676559403, 0.0 ], [ -110.052668818619395, 52.055675915279167, 0.0 ], [ -110.064427906080297, 52.055684992512077, 0.0 ], [ -110.076187025539895, 52.055692906440989, 0.0 ], [ -110.076480276632196, 52.055693086525451, 0.0 ], [ -110.088191822069106, 52.055699763402409, 0.0 ], [ -110.089876240493695, 52.055700621668826, 0.0 ], [ -110.090318866154604, 52.055700840607862, 0.0 ], [ -110.093818298502001, 52.05570255167769, 0.0 ], [ -110.094222241494407, 52.055702744969203, 0.0 ], [ -110.099790352584904, 52.055705220182901, 0.0 ], [ -110.099933580102999, 52.055705284103041, 0.0 ], [ -110.100226816104197, 52.055705406840403, 0.0 ], [ -110.100373457000103, 52.055705465737219, 0.0 ], [ -110.111968575160205, 52.055709721858939, 0.0 ], [ -110.123810202174198, 52.055712888449641, 0.0 ], [ -110.124103447935298, 52.055712952754973, 0.0 ], [ -110.135862658634295, 52.055714893834157, 0.0 ], [ -110.147621886868805, 52.05571566581947, 0.0 ], [ -110.147915138611694, 52.055715678901457, 0.0 ], [ -110.159679632267796, 52.055707826372348, 0.0 ], [ -110.171444144971602, 52.055698779588042, 0.0 ], [ -110.171737402315799, 52.055698540656643, 0.0 ], [ -110.183501904401695, 52.055688269908771, 0.0 ], [ -110.195266384048097, 52.055676822192233, 0.0 ], [ -110.195559640427405, 52.055676525432339, 0.0 ], [ -110.207324141503094, 52.055663865954394, 0.0 ], [ -110.219088648076294, 52.055650039732363, 0.0 ], [ -110.219381898361206, 52.05564967773811, 0.0 ], [ -110.219381029248296, 52.055830464788592, 0.0 ], [ -110.219345100604897, 52.0631216597451, 0.0 ], [ -110.219309533851202, 52.070344227333052, 0.0 ], [ -110.219314892853603, 52.077566834722688, 0.0 ], [ -110.219325209024007, 52.084791196409867, 0.0 ], [ -110.2193253583645, 52.084971945375003, 0.0 ], [ -110.219324934684806, 52.09219250628604, 0.0 ], [ -110.219337086305501, 52.099414932169722, 0.0 ], [ -110.219339048015996, 52.106634610490332, 0.0 ], [ -110.219346573044504, 52.113736747401838, 0.0 ], [ -110.219346682180799, 52.113853837816087, 0.0 ], [ -110.231106105404706, 52.113840396929739, 0.0 ], [ -110.242865546371306, 52.113825788808661, 0.0 ], [ -110.243159179523602, 52.113825408210957, 0.0 ], [ -110.254922267443504, 52.113784149054688, 0.0 ], [ -110.266684739987696, 52.113794394217642, 0.0 ], [ -110.266978371196004, 52.113794638075611, 0.0 ], [ -110.278750097930697, 52.113789179915599, 0.0 ], [ -110.290451042032402, 52.113782596807461, 0.0 ], [ -110.290521816019407, 52.113782545641811, 0.0 ], [ -110.290815469015897, 52.113782366132078, 0.0 ], [ -110.290888867744798, 52.113782396399429, 0.0 ], [ -110.302594625970102, 52.113785938249407, 0.0 ], [ -110.314373836021502, 52.113788330706271, 0.0 ], [ -110.314667459957406, 52.113788375695783, 0.0 ], [ -110.3179815062784, 52.113792278362247, 0.0 ], [ -110.318213181167096, 52.113792550661543, 0.0 ], [ -110.326417154827695, 52.113801798945609, 0.0 ], [ -110.338166961153206, 52.113814036321124, 0.0 ], [ -110.338460615497297, 52.113814328125819, 0.0 ], [ -110.3398042723598, 52.113813669650277, 0.0 ], [ -110.340023221215006, 52.113813559553932, 0.0 ], [ -110.350224326228698, 52.113808050358358, 0.0 ], [ -110.361989002363501, 52.113800453040383, 0.0 ], [ -110.362282646010001, 52.11380024822148, 0.0 ], [ -110.362282853793801, 52.113981015021949, 0.0 ] ] ] ] } }
]
}
