{
"type": "FeatureCollection",
"name": "Name_Peace Airshed Zone Association",
"crs": { "type": "name", "properties": { "name": "urn:ogc:def:crs:OGC:1.3:CRS84" } },
"xy_coordinate_resolution": 1e-15,
"features": [
{ "type": "Feature", "properties": { "Name": "Peace Airshed Zone Association", "description": "<html xmlns:fo=\"http://www.w3.org/1999/XSL/Format\" xmlns:msxsl=\"urn:schemas-microsoft-com:xslt\">\n\n<head>\n\n<META http-equiv=\"Content-Type\" content=\"text/html\">\n\n<meta http-equiv=\"content-type\" content=\"text/html; charset=UTF-8\">\n\n</head>\n\n<body style=\"margin:0px 0px 0px 0px;overflow:auto;background:#FFFFFF;\">\n\n<table style=\"font-family:Arial,Verdana,Times;font-size:12px;text-align:left;width:100%;border-collapse:collapse;padding:3px 3px 3px 3px\">\n\n<tr style=\"text-align:center;font-weight:bold;background:#9CBCE2\">\n\n<td>Peace Airshed Zone Association</td>\n\n</tr>\n\n<tr>\n\n<td>\n\n<table style=\"font-family:Arial,Verdana,Times;font-size:12px;text-align:left;width:100%;border-spacing:0px; padding:3px 3px 3px 3px\">\n\n<tr>\n\n<td>FID</td>\n\n<td>0</td>\n\n</tr>\n\n<tr bgcolor=\"#D4E4F3\">\n\n<td>Name</td>\n\n<td>Peace Airshed Zone Association</td>\n\n</tr>\n\n<tr>\n\n<td>Abrreviati</td>\n\n<td>PAZA</td>\n\n</tr>\n\n<tr bgcolor=\"#D4E4F3\">\n\n<td>YrCreated</td>\n\n<td>1999</td>\n\n</tr>\n\n<tr>\n\n<td>Shape_Leng</td>\n\n<td>1362972.05717</td>\n\n</tr>\n\n<tr bgcolor=\"#D4E4F3\">\n\n<td>Shape_Le_1</td>\n\n<td>1362972.05717</td>\n\n</tr>\n\n</table>\n\n</td>\n\n</tr>\n\n</table>\n\n</body><script type=\"text/javascript\">\n\n\t\t\t\tfunction changeImage(attElement, nameElement) {\n\n\t\t\t\tdocument.getElementById('imageAttachment').src = attElement;\n\n\t\t\t\tdocument.getElementById('imageName').innerHTML = nameElement;}\n\n\t\t\t</script></html>\n\n", "timestamp": null, "begin": null, "end": null, "altitudeMode": "clampToGround", "tessellate": -1, "extrude": 0, "visibility": -1, "drawOrder": null, "icon": null }, "geometry": { "type": "MultiPolygon", "coordinates": [ [ [ [ -119.116610051702494, 56.286206459056118, 0.0 ], [ -119.137031057962702, 56.295633457454059, 0.0 ], [ -119.142777064230302, 56.30387145617275, 0.0 ], [ -119.149826066018804, 56.307341456286508, 0.0 ], [ -119.1559420675853, 56.307806454945428, 0.0 ], [ -119.177895069553003, 56.30334645154614, 0.0 ], [ -119.195465072032405, 56.297681449147632, 0.0 ], [ -119.212016070543001, 56.288341446329383, 0.0 ], [ -119.221491071740402, 56.286327444890723, 0.0 ], [ -119.245015074877102, 56.285086442711282, 0.0 ], [ -119.260080079211306, 56.285112440130703, 0.0 ], [ -119.270628080116595, 56.28359143896688, 0.0 ], [ -119.275181082020396, 56.284091438788963, 0.0 ], [ -119.283078082648998, 56.281494437546939, 0.0 ], [ -119.287336080509704, 56.275422436501387, 0.0 ], [ -119.291511079545501, 56.271588435753721, 0.0 ], [ -119.296765079546205, 56.267618434264243, 0.0 ], [ -119.324707077981401, 56.253004430811828, 0.0 ], [ -119.344562080578996, 56.246207427469507, 0.0 ], [ -119.350596079413194, 56.242690426393928, 0.0 ], [ -119.364288081557106, 56.239734424492838, 0.0 ], [ -119.378923081693699, 56.236158422447737, 0.0 ], [ -119.398670085150997, 56.232185420351882, 0.0 ], [ -119.404146083361894, 56.2291084191029, 0.0 ], [ -119.412634087816997, 56.230726418564608, 0.0 ], [ -119.417050088313005, 56.232255417223968, 0.0 ], [ -119.4281380918313, 56.233883416069027, 0.0 ], [ -119.437300093933203, 56.234571414702224, 0.0 ], [ -119.449014096051002, 56.235242412755511, 0.0 ], [ -119.459507097815603, 56.234750412400089, 0.0 ], [ -119.468704098863299, 56.232751411166447, 0.0 ], [ -119.485022098598407, 56.226344407801179, 0.0 ], [ -119.491827100039004, 56.223425407239517, 0.0 ], [ -119.503165101284395, 56.221446405724272, 0.0 ], [ -119.522080103572506, 56.217448403528223, 0.0 ], [ -119.538910104021895, 56.212588400576301, 0.0 ], [ -119.556334105436804, 56.204687397989382, 0.0 ], [ -119.572269102380403, 56.192294395079237, 0.0 ], [ -119.585696103408793, 56.185071393154708, 0.0 ], [ -119.602409103823504, 56.179728391150398, 0.0 ], [ -119.628518104382906, 56.170654387382513, 0.0 ], [ -119.641352104386598, 56.165500384973562, 0.0 ], [ -119.663570109120997, 56.163784382396329, 0.0 ], [ -119.681224113345806, 56.165273380504757, 0.0 ], [ -119.687605114563794, 56.167265379308191, 0.0 ], [ -119.691913115086905, 56.16655437968987, 0.0 ], [ -119.714003123382, 56.171195376478217, 0.0 ], [ -119.729985126107493, 56.173284373915777, 0.0 ], [ -119.741781127852803, 56.173528372685702, 0.0 ], [ -119.748447131497997, 56.175220371620092, 0.0 ], [ -119.766704133052002, 56.174759368566903, 0.0 ], [ -119.7772481353187, 56.171403367568203, 0.0 ], [ -119.778368133311403, 56.169471367439733, 0.0 ], [ -119.795618135993493, 56.165865364836748, 0.0 ], [ -119.810223138143598, 56.160447363397978, 0.0 ], [ -119.827018136403396, 56.152613360650541, 0.0 ], [ -119.839730137689997, 56.147455358368987, 0.0 ], [ -119.845300137274506, 56.143223356896257, 0.0 ], [ -119.8524381355939, 56.137355356353908, 0.0 ], [ -119.861267133762198, 56.131767355226671, 0.0 ], [ -119.866626134513396, 56.130985353920913, 0.0 ], [ -119.873076137155095, 56.131456353687348, 0.0 ], [ -119.877971138805194, 56.132891352778508, 0.0 ], [ -119.906662146051005, 56.134421348602352, 0.0 ], [ -119.910612145962602, 56.134019348668339, 0.0 ], [ -119.913278145280799, 56.132145348895143, 0.0 ], [ -119.933057150951299, 56.133917345866202, 0.0 ], [ -119.950175155188205, 56.137377344124452, 0.0 ], [ -119.955269158386301, 56.140030343510418, 0.0 ], [ -119.977949164700206, 56.145350340317187, 0.0 ], [ -119.985693166242299, 56.146981339311957, 0.0 ], [ -119.992920168271795, 56.146961337900578, 0.0 ], [ -120.000092167885796, 56.14401333768307, 0.0 ], [ -120.0001118016351, 53.937575157749599, 0.0 ], [ -119.982620803377003, 53.935122297048927, 0.0 ], [ -119.973547964478797, 53.936408476714902, 0.0 ], [ -119.969354257232794, 53.936449563516383, 0.0 ], [ -119.975630377862899, 53.944957403590507, 0.0 ], [ -119.969497949796306, 53.948204785140213, 0.0 ], [ -119.961885178169197, 53.948071200681838, 0.0 ], [ -119.950669604679504, 53.946231024532253, 0.0 ], [ -119.916007653624405, 53.937913251898408, 0.0 ], [ -119.886322089305693, 53.927659570944101, 0.0 ], [ -119.856835846809005, 53.922346431358577, 0.0 ], [ -119.855597703204296, 53.913215820186387, 0.0 ], [ -119.838340275330793, 53.90811124169236, 0.0 ], [ -119.831132092827403, 53.909693957535772, 0.0 ], [ -119.813400974340198, 53.899355621520129, 0.0 ], [ -119.774285900674798, 53.893327531680718, 0.0 ], [ -119.744699092087899, 53.896789400898392, 0.0 ], [ -119.735890845122299, 53.90451783037792, 0.0 ], [ -119.711964023319396, 53.917498901582533, 0.0 ], [ -119.693989557042102, 53.926604610749592, 0.0 ], [ -119.683279255242596, 53.926696039189864, 0.0 ], [ -119.670708737950306, 53.924403128464867, 0.0 ], [ -119.6576285347832, 53.926419462524947, 0.0 ], [ -119.637510856926497, 53.93637501032633, 0.0 ], [ -119.633888290522094, 53.943046434891059, 0.0 ], [ -119.631317713278193, 53.948146536850153, 0.0 ], [ -119.6200536688075, 53.950291570546781, 0.0 ], [ -119.611204220032107, 53.953861175937611, 0.0 ], [ -119.606121862701301, 53.960052818792263, 0.0 ], [ -119.600220328839399, 53.968581545209872, 0.0 ], [ -119.594791443671895, 53.982082390595487, 0.0 ], [ -119.575566366090001, 53.987642510219722, 0.0 ], [ -119.564381378050399, 54.00039317742204, 0.0 ], [ -119.568190088150104, 54.008699968357497, 0.0 ], [ -119.560713063066203, 54.016588024211678, 0.0 ], [ -119.557827066246801, 54.018221126123272, 0.0 ], [ -119.541847708070406, 54.014101260319549, 0.0 ], [ -119.517407298845598, 54.014932854489992, 0.0 ], [ -119.487224612401306, 54.021237897982793, 0.0 ], [ -119.487221391396602, 53.992147072498838, 0.0 ], [ -119.487207938907702, 53.90488456846068, 0.0 ], [ -119.4872105275564, 53.904879124554448, 0.0 ], [ -119.487204557610596, 53.868563029565912, 0.0 ], [ -119.487202077946506, 53.853928099254468, 0.0 ], [ -119.486742472995203, 53.846701257787018, 0.0 ], [ -119.251672653920593, 53.846749103309833, 0.0 ], [ -118.991543580710001, 53.846757032274638, 0.0 ], [ -118.991534720076402, 53.80302512892392, 0.0 ], [ -118.396253504972705, 53.803045443993128, 0.0 ], [ -118.122635013972996, 53.803045430760228, 0.0 ], [ -118.121674535195595, 53.812532620519043, 0.0 ], [ -118.118105465405094, 53.824472537157042, 0.0 ], [ -118.120978790223205, 53.837906769709633, 0.0 ], [ -118.120985399818395, 53.855079315368549, 0.0 ], [ -118.115202349954401, 53.871337029529442, 0.0 ], [ -118.111071934668999, 53.878710511170851, 0.0 ], [ -118.094183092119295, 53.889509304404513, 0.0 ], [ -118.091635636470102, 53.894063179257373, 0.0 ], [ -118.091259558185399, 53.894183369541643, 0.0 ], [ -118.090569104442807, 53.894502712012127, 0.0 ], [ -118.0889203629837, 53.895164938532602, 0.0 ], [ -118.0884289239022, 53.895311525920057, 0.0 ], [ -118.088059737581503, 53.895478280711217, 0.0 ], [ -118.087277130723194, 53.895780113598541, 0.0 ], [ -118.086962452320194, 53.895965699494681, 0.0 ], [ -118.086843608718496, 53.896079403649608, 0.0 ], [ -118.086714188587905, 53.896203228295093, 0.0 ], [ -118.086636949033505, 53.896335035861412, 0.0 ], [ -118.086449809333303, 53.896972080608791, 0.0 ], [ -118.086335828142296, 53.89722715178916, 0.0 ], [ -118.086220988302003, 53.897397912437803, 0.0 ], [ -118.085875956077501, 53.897744151507332, 0.0 ], [ -118.085632066097006, 53.897988913846703, 0.0 ], [ -118.085064208591206, 53.898384958998442, 0.0 ], [ -118.084813228626501, 53.898622441800882, 0.0 ], [ -118.083111827913001, 53.899722379237957, 0.0 ], [ -118.082696962529297, 53.899935973320737, 0.0 ], [ -118.081666178186097, 53.900379171862248, 0.0 ], [ -118.079932408742593, 53.900866332667462, 0.0 ], [ -118.079473363197806, 53.900956623712368, 0.0 ], [ -118.078663762100007, 53.90104297912989, 0.0 ], [ -118.078038497474694, 53.901039998898639, 0.0 ], [ -118.076259917192601, 53.900983715067603, 0.0 ], [ -118.0756706329134, 53.901008624475168, 0.0 ], [ -118.075429447187702, 53.90106119858202, 0.0 ], [ -118.0752445954965, 53.901135934348297, 0.0 ], [ -118.074945871343502, 53.901337334431318, 0.0 ], [ -118.074776174766797, 53.901561824224267, 0.0 ], [ -118.074610022343293, 53.901829069961778, 0.0 ], [ -118.074563387309198, 53.901904056325293, 0.0 ], [ -118.074511897606897, 53.902065850707793, 0.0 ], [ -118.074474395838806, 53.902409404726278, 0.0 ], [ -118.074422079208802, 53.902570094890052, 0.0 ], [ -118.074245724550394, 53.902861147521428, 0.0 ], [ -118.074150615140297, 53.902952702681709, 0.0 ], [ -118.074113653126403, 53.902988288413077, 0.0 ], [ -118.073532274010901, 53.903405676400759, 0.0 ], [ -118.073007413532594, 53.903681935071113, 0.0 ], [ -118.072416228632704, 53.904127992893898, 0.0 ], [ -118.071357506391706, 53.904754637822691, 0.0 ], [ -118.070852968812702, 53.904972663981283, 0.0 ], [ -118.070545039438898, 53.905105735219358, 0.0 ], [ -118.070134666161806, 53.905226701633921, 0.0 ], [ -118.069928516637603, 53.905307174243511, 0.0 ], [ -118.069767949472606, 53.90539883825231, 0.0 ], [ -118.069217996535201, 53.905853541464559, 0.0 ], [ -118.069152407562697, 53.906018767677899, 0.0 ], [ -118.069131505014198, 53.906203516220423, 0.0 ], [ -118.069047092829194, 53.906553735441364, 0.0 ], [ -118.068843588356401, 53.907021355012922, 0.0 ], [ -118.068582885060906, 53.907467974318003, 0.0 ], [ -118.068414750344601, 53.907949412285973, 0.0 ], [ -118.068133332405395, 53.908915451577421, 0.0 ], [ -118.068116854618793, 53.90948844550509, 0.0 ], [ -118.068209827786404, 53.910384064990467, 0.0 ], [ -118.068359545262595, 53.911244470827953, 0.0 ], [ -118.068282147362495, 53.912180303794379, 0.0 ], [ -118.068276449835693, 53.912200625727323, 0.0 ], [ -118.068009623076904, 53.913156149062083, 0.0 ], [ -118.067503461522705, 53.914211160740933, 0.0 ], [ -118.067317184690097, 53.914493483986369, 0.0 ], [ -118.067124133258304, 53.914942819489049, 0.0 ], [ -118.066977597810805, 53.915141316360717, 0.0 ], [ -118.066790863007299, 53.915319600203439, 0.0 ], [ -118.066467747087401, 53.915501291251537, 0.0 ], [ -118.066084945423199, 53.915841994212776, 0.0 ], [ -118.065922559977807, 53.915929857719483, 0.0 ], [ -118.065725584732903, 53.916008232038912, 0.0 ], [ -118.065502514515998, 53.91606693014905, 0.0 ], [ -118.064793997448305, 53.916202696702513, 0.0 ], [ -118.064392064302595, 53.916348033601189, 0.0 ], [ -118.0639642125319, 53.916467200796227, 0.0 ], [ -118.063473275343696, 53.916543678498932, 0.0 ], [ -118.062865255714001, 53.916536432060667, 0.0 ], [ -118.062340541144295, 53.916456349287479, 0.0 ], [ -118.0620688744701, 53.916373987473861, 0.0 ], [ -118.061904080875905, 53.916324020901371, 0.0 ], [ -118.061190390011404, 53.916180168967671, 0.0 ], [ -118.060890010591805, 53.916178200996413, 0.0 ], [ -118.060607429435905, 53.9161980144033, 0.0 ], [ -118.060340675695002, 53.916169278235962, 0.0 ], [ -118.059359338282107, 53.915996156391671, 0.0 ], [ -118.058804479787199, 53.915950408283088, 0.0 ], [ -118.057871461131995, 53.915938253237698, 0.0 ], [ -118.057644208726501, 53.91598013602276, 0.0 ], [ -118.057323049657199, 53.916344575114707, 0.0 ], [ -118.057176706338097, 53.916449317103513, 0.0 ], [ -118.056926408485197, 53.916686214857961, 0.0 ], [ -118.056770015477895, 53.916790337102157, 0.0 ], [ -118.056580460994397, 53.916848021480867, 0.0 ], [ -118.056290165017003, 53.916824685960258, 0.0 ], [ -118.054024544686897, 53.916467692815829, 0.0 ], [ -118.053481874632297, 53.916410666725113, 0.0 ], [ -118.053172234208702, 53.916412930701519, 0.0 ], [ -118.052921255094901, 53.916451363819377, 0.0 ], [ -118.052704556682002, 53.916511175589697, 0.0 ], [ -118.052515898107401, 53.91658527995817, 0.0 ], [ -118.052185454239506, 53.916764699148253, 0.0 ], [ -118.051914291324294, 53.916994369881891, 0.0 ], [ -118.051822394683995, 53.917121195868503, 0.0 ], [ -118.0517647575236, 53.917269944199518, 0.0 ], [ -118.051736266072595, 53.917615738069323, 0.0 ], [ -118.051783062429607, 53.917954073918963, 0.0 ], [ -118.0520181196854, 53.918576215317167, 0.0 ], [ -118.052087299511598, 53.918897435272861, 0.0 ], [ -118.052095016299702, 53.9194265962823, 0.0 ], [ -118.052095235502506, 53.919441435156102, 0.0 ], [ -118.052047551561799, 53.919596209261869, 0.0 ], [ -118.051980551694797, 53.919697770365069, 0.0 ], [ -118.051868789822294, 53.919867202523051, 0.0 ], [ -118.051629480748602, 53.920104712164253, 0.0 ], [ -118.051371382990993, 53.920257588675497, 0.0 ], [ -118.051096946456397, 53.920346228220083, 0.0 ], [ -118.050850493167701, 53.920385776680689, 0.0 ], [ -118.050558009762, 53.920397912488248, 0.0 ], [ -118.050257771894195, 53.920388338773257, 0.0 ], [ -118.049836346454597, 53.920350351363737, 0.0 ], [ -118.049708434044206, 53.920338821137669, 0.0 ], [ -118.049420080622596, 53.920274029100263, 0.0 ], [ -118.049376875494701, 53.920262868023492, 0.0 ], [ -118.047185273834003, 53.919696745411052, 0.0 ], [ -118.046959383310394, 53.919638396912617, 0.0 ], [ -118.046588885315003, 53.919530015641612, 0.0 ], [ -118.046293319327503, 53.919425338639442, 0.0 ], [ -118.045800583726603, 53.919250821602994, 0.0 ], [ -118.045286840494796, 53.918980976721592, 0.0 ], [ -118.044722782511499, 53.918747474673253, 0.0 ], [ -118.044094736406294, 53.918580131892377, 0.0 ], [ -118.043293348614398, 53.918278435704607, 0.0 ], [ -118.042832852516995, 53.918155558107699, 0.0 ], [ -118.042550498841194, 53.918127745588059, 0.0 ], [ -118.041925955576502, 53.918121881272349, 0.0 ], [ -118.041062820371195, 53.918171294584127, 0.0 ], [ -118.039286324105902, 53.918414029219917, 0.0 ], [ -118.0387298960365, 53.918469293316761, 0.0 ], [ -118.038322728235599, 53.918473932912633, 0.0 ], [ -118.037868992683897, 53.918427332437432, 0.0 ], [ -118.037630193887097, 53.918378248437563, 0.0 ], [ -118.037419256546698, 53.918314254744857, 0.0 ], [ -118.037296702503397, 53.918267203596344, 0.0 ], [ -118.0368330575985, 53.918089178335052, 0.0 ], [ -118.036320230566503, 53.917822539820818, 0.0 ], [ -118.035287173066195, 53.917106456240212, 0.0 ], [ -118.034950935152807, 53.916923520388643, 0.0 ], [ -118.034153837672406, 53.916641578012253, 0.0 ], [ -118.033905939241095, 53.916549578038449, 0.0 ], [ -118.0336636883696, 53.916493966401781, 0.0 ], [ -118.033449295208996, 53.916421835880513, 0.0 ], [ -118.032470100990594, 53.915873798202227, 0.0 ], [ -118.031490409539302, 53.915526346058648, 0.0 ], [ -118.030729217452205, 53.915300630722413, 0.0 ], [ -118.030259842308396, 53.915103733251769, 0.0 ], [ -118.029108493784406, 53.914850489306517, 0.0 ], [ -118.028401170383106, 53.914712986428412, 0.0 ], [ -118.028127969866205, 53.914685210626537, 0.0 ], [ -118.027824578571398, 53.914694488407513, 0.0 ], [ -118.0273298476951, 53.914774560052237, 0.0 ], [ -118.026543945764303, 53.914849954209103, 0.0 ], [ -118.025537610474402, 53.915023443061862, 0.0 ], [ -118.025063138237201, 53.915133838094953, 0.0 ], [ -118.025055853680598, 53.915135528502702, 0.0 ], [ -118.024751138941994, 53.91526449510399, 0.0 ], [ -118.024603718725402, 53.915330192171837, 0.0 ], [ -118.023772204062894, 53.91570077907533, 0.0 ], [ -118.022867743107795, 53.915938405179347, 0.0 ], [ -118.022625802214094, 53.915980644291757, 0.0 ], [ -118.022153260818499, 53.916032386918282, 0.0 ], [ -118.020457273616401, 53.916184561671017, 0.0 ], [ -118.019733938289093, 53.916318844533791, 0.0 ], [ -118.019316684203702, 53.916449844940729, 0.0 ], [ -118.018972607254398, 53.916619322998123, 0.0 ], [ -118.018856098599102, 53.916735103482843, 0.0 ], [ -118.018738900438606, 53.916928005807421, 0.0 ], [ -118.018650917720805, 53.917176155342332, 0.0 ], [ -118.018541745602903, 53.917296308907382, 0.0 ], [ -118.018305957545806, 53.917713845029951, 0.0 ], [ -118.018088931088897, 53.91796771034462, 0.0 ], [ -118.017822860530401, 53.918392547697643, 0.0 ], [ -118.017341131324699, 53.919047464873209, 0.0 ], [ -118.017122410664996, 53.919298065020172, 0.0 ], [ -118.017040131128894, 53.919414180139881, 0.0 ], [ -118.016975104687603, 53.919505968552713, 0.0 ], [ -118.016802021972396, 53.919685252365262, 0.0 ], [ -118.0163103240981, 53.91997874255734, 0.0 ], [ -118.015901898853699, 53.920302303555999, 0.0 ], [ -118.015720409464706, 53.920383993946047, 0.0 ], [ -118.015140938500707, 53.920404336191119, 0.0 ], [ -118.014452479922198, 53.920570794005393, 0.0 ], [ -118.014202503578503, 53.920602122562258, 0.0 ], [ -118.013657460709993, 53.920640626195109, 0.0 ], [ -118.0127330080674, 53.920647659360007, 0.0 ], [ -118.012521182295998, 53.920630820196664, 0.0 ], [ -118.012457775985794, 53.920625780656508, 0.0 ], [ -118.011716969363107, 53.920508982226487, 0.0 ], [ -118.0111212400722, 53.92051889785975, 0.0 ], [ -118.010676130400398, 53.920562485700799, 0.0 ], [ -118.010301162172198, 53.920603078909622, 0.0 ], [ -118.009407389067704, 53.920649685552142, 0.0 ], [ -118.009143563890404, 53.920666975240259, 0.0 ], [ -118.007615697227806, 53.920661640601679, 0.0 ], [ -118.007253473000802, 53.920640220430627, 0.0 ], [ -118.006486167337997, 53.920590581464808, 0.0 ], [ -118.005536509993803, 53.92058274281522, 0.0 ], [ -118.004696606968807, 53.920650492150401, 0.0 ], [ -118.004249137150396, 53.920660594588703, 0.0 ], [ -118.003761315653605, 53.920651421727349, 0.0 ], [ -118.002147303811995, 53.920469537488287, 0.0 ], [ -118.001343354818403, 53.92044396370769, 0.0 ], [ -118.001221960883498, 53.920440112323867, 0.0 ], [ -118.000894380067393, 53.920390653821769, 0.0 ], [ -118.000595658845498, 53.920392163086973, 0.0 ], [ -118.000567065254899, 53.920392305118668, 0.0 ], [ -118.000289360785601, 53.920436738597978, 0.0 ], [ -118.000137258002198, 53.920461080086582, 0.0 ], [ -118.000015921710997, 53.920480499870543, 0.0 ], [ -117.999894547144194, 53.920499918688172, 0.0 ], [ -117.999511960883694, 53.920561132150652, 0.0 ], [ -117.999180833222496, 53.920645331383859, 0.0 ], [ -117.998294882955193, 53.92094207273054, 0.0 ], [ -117.997254326495593, 53.921355415971441, 0.0 ], [ -117.996568605696694, 53.921642835530143, 0.0 ], [ -117.995888914557895, 53.921958467495109, 0.0 ], [ -117.995220463415905, 53.922242938201201, 0.0 ], [ -117.9948741856429, 53.922366087391133, 0.0 ], [ -117.993878148564704, 53.922721777525283, 0.0 ], [ -117.992799179402198, 53.923004442199222, 0.0 ], [ -117.991714508200303, 53.923338745837661, 0.0 ], [ -117.990343243842005, 53.923865925741772, 0.0 ], [ -117.990297457062894, 53.923883520220123, 0.0 ], [ -117.989883817666495, 53.924002461994327, 0.0 ], [ -117.989872502130197, 53.92400570701809, 0.0 ], [ -117.989400952291007, 53.924005165096617, 0.0 ], [ -117.9889905270025, 53.923931192400033, 0.0 ], [ -117.988684139873101, 53.923844751987161, 0.0 ], [ -117.988388836715401, 53.923724583651101, 0.0 ], [ -117.988011404050596, 53.923544263006256, 0.0 ], [ -117.987687109529503, 53.923450457124062, 0.0 ], [ -117.987356334840598, 53.9233207150602, 0.0 ], [ -117.986827191134495, 53.92301208853668, 0.0 ], [ -117.986651306871394, 53.923211591402001, 0.0 ], [ -117.986389139074305, 53.923428333848797, 0.0 ], [ -117.986121836075995, 53.923632301411693, 0.0 ], [ -117.985637945351698, 53.923938662705162, 0.0 ], [ -117.985478126449294, 53.924114636888802, 0.0 ], [ -117.985329171553502, 53.924326469567298, 0.0 ], [ -117.985103235939704, 53.924712553076247, 0.0 ], [ -117.984917545955696, 53.924894211018767, 0.0 ], [ -117.984691688178799, 53.925061236499197, 0.0 ], [ -117.984489326958297, 53.925256120495611, 0.0 ], [ -117.984344713698306, 53.925467856427069, 0.0 ], [ -117.984248979713797, 53.925694043816378, 0.0 ], [ -117.984123090333497, 53.926147642652623, 0.0 ], [ -117.983977855337699, 53.926793579100817, 0.0 ], [ -117.983915824207102, 53.927069379452668, 0.0 ], [ -117.983762675290805, 53.927505508325233, 0.0 ], [ -117.983655934542, 53.927693269819528, 0.0 ], [ -117.983339584029906, 53.928101818123018, 0.0 ], [ -117.983066012054095, 53.928568779422207, 0.0 ], [ -117.982895366481799, 53.928783624248837, 0.0 ], [ -117.982758456461198, 53.929051889396057, 0.0 ], [ -117.982677869195399, 53.929239114960247, 0.0 ], [ -117.982403618125105, 53.929474140692527, 0.0 ], [ -117.981817650379199, 53.929754244128198, 0.0 ], [ -117.981103172154604, 53.929781876521602, 0.0 ], [ -117.980448811553799, 53.929939689133057, 0.0 ], [ -117.980017514130196, 53.929956315490053, 0.0 ], [ -117.979751803993906, 53.929820044810548, 0.0 ], [ -117.979432946028496, 53.929597250821963, 0.0 ], [ -117.979152945773293, 53.929440663236093, 0.0 ], [ -117.979000598597494, 53.929227321789703, 0.0 ], [ -117.978966896045804, 53.92902699902276, 0.0 ], [ -117.978867197270603, 53.927712153453051, 0.0 ], [ -117.978835565140699, 53.927251489756003, 0.0 ], [ -117.978732544798106, 53.926786417400699, 0.0 ], [ -117.978643152003301, 53.926582831697203, 0.0 ], [ -117.978207564793294, 53.926084114932493, 0.0 ], [ -117.977957301392294, 53.925839283610067, 0.0 ], [ -117.977805151759, 53.925729566807441, 0.0 ], [ -117.977738390577301, 53.925681431526549, 0.0 ], [ -117.977498127538794, 53.925531754018039, 0.0 ], [ -117.977130035231099, 53.925361508803533, 0.0 ], [ -117.976379066855799, 53.925139875684081, 0.0 ], [ -117.975535653154395, 53.924979425539057, 0.0 ], [ -117.9747737453322, 53.92479409003959, 0.0 ], [ -117.974465867763897, 53.924681864463487, 0.0 ], [ -117.974093829280605, 53.924666335193528, 0.0 ], [ -117.973729872428706, 53.924705405915432, 0.0 ], [ -117.973494808072203, 53.924759290359397, 0.0 ], [ -117.973315916973107, 53.924800876531087, 0.0 ], [ -117.972632601535295, 53.924985012091319, 0.0 ], [ -117.971722304067399, 53.925318135398037, 0.0 ], [ -117.971096866437705, 53.925521685259532, 0.0 ], [ -117.970130058978697, 53.92593326460667, 0.0 ], [ -117.969828646344695, 53.926078613064647, 0.0 ], [ -117.969350945034506, 53.926418297204897, 0.0 ], [ -117.968827492066694, 53.926722825896363, 0.0 ], [ -117.968752182665199, 53.926772129487468, 0.0 ], [ -117.968583659668695, 53.926882458675607, 0.0 ], [ -117.968363002062006, 53.927064806579168, 0.0 ], [ -117.967719098022002, 53.927696522686723, 0.0 ], [ -117.967507755808697, 53.927888981350918, 0.0 ], [ -117.967273859166994, 53.928069018865223, 0.0 ], [ -117.966983272775494, 53.928250231739248, 0.0 ], [ -117.966420524417401, 53.928555549115202, 0.0 ], [ -117.9658334029901, 53.928817575262933, 0.0 ], [ -117.965574317356797, 53.928955530160742, 0.0 ], [ -117.965194119211404, 53.92915796099669, 0.0 ], [ -117.965114814976403, 53.9291878131773, 0.0 ], [ -117.964766925633498, 53.929318769019851, 0.0 ], [ -117.964360142729703, 53.929381213088327, 0.0 ], [ -117.964048809747794, 53.929284517148723, 0.0 ], [ -117.963451201341897, 53.928997800233553, 0.0 ], [ -117.963168543663301, 53.92879485285529, 0.0 ], [ -117.9629194086056, 53.928568014084803, 0.0 ], [ -117.962545368648506, 53.92844423320571, 0.0 ], [ -117.9621194463965, 53.928403988535983, 0.0 ], [ -117.961543421135502, 53.928186414470602, 0.0 ], [ -117.961143368607196, 53.928140478869558, 0.0 ], [ -117.960677640779394, 53.928165472005198, 0.0 ], [ -117.960202135678401, 53.928172614052777, 0.0 ], [ -117.959536800599295, 53.927995516637402, 0.0 ], [ -117.958854892371093, 53.927759479530692, 0.0 ], [ -117.958061722091799, 53.927561789179641, 0.0 ], [ -117.957706037522996, 53.927453092067438, 0.0 ], [ -117.957367070190102, 53.927405898369521, 0.0 ], [ -117.956901953465703, 53.92744116326174, 0.0 ], [ -117.956613708731098, 53.927588795265393, 0.0 ], [ -117.956100974193106, 53.927929130819628, 0.0 ], [ -117.955739923281996, 53.928026698924377, 0.0 ], [ -117.955333766572906, 53.928099421737947, 0.0 ], [ -117.954646233433806, 53.928139215011889, 0.0 ], [ -117.953872986571497, 53.928281272221348, 0.0 ], [ -117.953035226911098, 53.92847927312387, 0.0 ], [ -117.951426741265195, 53.928859448982287, 0.0 ], [ -117.950689642734901, 53.928990357896161, 0.0 ], [ -117.950558116134303, 53.929013717842423, 0.0 ], [ -117.950398031925005, 53.929057267122857, 0.0 ], [ -117.949728598914504, 53.929239364478263, 0.0 ], [ -117.9493190948576, 53.929255429216091, 0.0 ], [ -117.948899514481795, 53.929323241701383, 0.0 ], [ -117.948465056624102, 53.929435177538423, 0.0 ], [ -117.947840489538095, 53.929581886261083, 0.0 ], [ -117.945574553325102, 53.93003513870665, 0.0 ], [ -117.945223990961594, 53.930088655220388, 0.0 ], [ -117.944513554327699, 53.930110822933493, 0.0 ], [ -117.943812120042693, 53.93013795766251, 0.0 ], [ -117.943486978443701, 53.930178067712347, 0.0 ], [ -117.943138206193396, 53.930262468870353, 0.0 ], [ -117.942728810471706, 53.930430546143249, 0.0 ], [ -117.942463209999701, 53.930593146186609, 0.0 ], [ -117.942050358379703, 53.930702035162263, 0.0 ], [ -117.941280043925204, 53.930820745715017, 0.0 ], [ -117.940802597452802, 53.93091091387803, 0.0 ], [ -117.940343063646395, 53.930997700688494, 0.0 ], [ -117.940118202932396, 53.931040165903163, 0.0 ], [ -117.938741248178204, 53.931464958871643, 0.0 ], [ -117.938408996928501, 53.931608275005317, 0.0 ], [ -117.937747164691203, 53.931941230229341, 0.0 ], [ -117.937023215692605, 53.932257423536562, 0.0 ], [ -117.936219520204205, 53.932704056852799, 0.0 ], [ -117.935561274559007, 53.933024062119173, 0.0 ], [ -117.935306273857094, 53.933219914412817, 0.0 ], [ -117.934987223358107, 53.933365540667452, 0.0 ], [ -117.934586525236796, 53.933458689210589, 0.0 ], [ -117.934214532554705, 53.933595069088149, 0.0 ], [ -117.934005255054899, 53.933826075658779, 0.0 ], [ -117.933944726182901, 53.933945094318638, 0.0 ], [ -117.933907276419205, 53.934018759681223, 0.0 ], [ -117.933672868466203, 53.934644572571102, 0.0 ], [ -117.933567068283395, 53.934852876067737, 0.0 ], [ -117.933298707434005, 53.934969115172727, 0.0 ], [ -117.932969926190296, 53.934872675449441, 0.0 ], [ -117.932598907178004, 53.934800288432669, 0.0 ], [ -117.932265616536, 53.934776102318352, 0.0 ], [ -117.931925086892704, 53.934777836466999, 0.0 ], [ -117.931546183107898, 53.934795798888388, 0.0 ], [ -117.930611487207102, 53.934943540670709, 0.0 ], [ -117.930226678738904, 53.93508530759275, 0.0 ], [ -117.929933450221, 53.935299972816537, 0.0 ], [ -117.929734063081796, 53.935476657094327, 0.0 ], [ -117.929234106611304, 53.936118128346337, 0.0 ], [ -117.929037127204197, 53.936335999272977, 0.0 ], [ -117.9286799631018, 53.936502986254617, 0.0 ], [ -117.928268590273206, 53.936617282105018, 0.0 ], [ -117.927639848434893, 53.936791986477701, 0.0 ], [ -117.926991906090095, 53.936990599973093, 0.0 ], [ -117.926134499454307, 53.937041386728502, 0.0 ], [ -117.925235964162596, 53.937211541305402, 0.0 ], [ -117.924826486896194, 53.937304839007837, 0.0 ], [ -117.924443500062694, 53.937328012647022, 0.0 ], [ -117.924097189237301, 53.937381380722783, 0.0 ], [ -117.923738894949807, 53.937378297073778, 0.0 ], [ -117.9233387639634, 53.93740696170461, 0.0 ], [ -117.922950634715903, 53.937492090621973, 0.0 ], [ -117.922623331713595, 53.937496097171923, 0.0 ], [ -117.922314595798895, 53.937368316331373, 0.0 ], [ -117.921791763908601, 53.937087618578872, 0.0 ], [ -117.920766943670699, 53.936433064066009, 0.0 ], [ -117.9201249303282, 53.936054271477239, 0.0 ], [ -117.9194802014229, 53.935703884582459, 0.0 ], [ -117.918665084866404, 53.935124974734613, 0.0 ], [ -117.918135310284399, 53.934723303841217, 0.0 ], [ -117.917400948637294, 53.934181413643287, 0.0 ], [ -117.917139102668202, 53.933957329813417, 0.0 ], [ -117.917065542631605, 53.933914045584508, 0.0 ], [ -117.916533353889804, 53.933600981525863, 0.0 ], [ -117.916039863514698, 53.933385865317987, 0.0 ], [ -117.915580239625299, 53.933185535538271, 0.0 ], [ -117.915561263395205, 53.933177258616368, 0.0 ], [ -117.915206082991602, 53.933076148137573, 0.0 ], [ -117.914777038483706, 53.932981685299147, 0.0 ], [ -117.914368398660798, 53.932938343415387, 0.0 ], [ -117.913997637907499, 53.932945787441803, 0.0 ], [ -117.913639586472797, 53.933022556179807, 0.0 ], [ -117.913387651455196, 53.933197692683727, 0.0 ], [ -117.913150289046399, 53.933398310863858, 0.0 ], [ -117.912656232194294, 53.933691685045282, 0.0 ], [ -117.912420947788803, 53.93390510447724, 0.0 ], [ -117.912220437275806, 53.934086969174537, 0.0 ], [ -117.912004398692702, 53.934325769260262, 0.0 ], [ -117.911525043515297, 53.934592155193101, 0.0 ], [ -117.911211497112603, 53.934666588241413, 0.0 ], [ -117.910857151748601, 53.934718801550133, 0.0 ], [ -117.910162224506493, 53.934768820374387, 0.0 ], [ -117.909808728084002, 53.934769504519998, 0.0 ], [ -117.9094095334911, 53.934740369144102, 0.0 ], [ -117.908661366167493, 53.934649976170768, 0.0 ], [ -117.908342172249505, 53.93457773647652, 0.0 ], [ -117.908009069324805, 53.934557324901682, 0.0 ], [ -117.907259761456999, 53.934642104756428, 0.0 ], [ -117.906109333245595, 53.934669440937292, 0.0 ], [ -117.905725358582401, 53.934735226735057, 0.0 ], [ -117.905426455668007, 53.934832467819938, 0.0 ], [ -117.904919890341006, 53.935148414670529, 0.0 ], [ -117.904717567144104, 53.935318060620837, 0.0 ], [ -117.904573475802806, 53.935509493648617, 0.0 ], [ -117.904464965514293, 53.935710389157762, 0.0 ], [ -117.904292557890102, 53.93612657013032, 0.0 ], [ -117.904104176959095, 53.936308750524013, 0.0 ], [ -117.903858824028205, 53.936487136839361, 0.0 ], [ -117.903582404744299, 53.93659415105968, 0.0 ], [ -117.903498250384999, 53.936596723964399, 0.0 ], [ -117.903207791241599, 53.936605622298543, 0.0 ], [ -117.902481746653393, 53.93651982223313, 0.0 ], [ -117.902092319719102, 53.936505886119562, 0.0 ], [ -117.901329861667506, 53.93652655006585, 0.0 ], [ -117.900690500202899, 53.936624125447182, 0.0 ], [ -117.899935893794606, 53.936696105931937, 0.0 ], [ -117.899547538905196, 53.936761975644878, 0.0 ], [ -117.899200830229404, 53.936798519572058, 0.0 ], [ -117.898834766625299, 53.936807203367863, 0.0 ], [ -117.898507048355597, 53.936802093348007, 0.0 ], [ -117.898120752162995, 53.936770028958023, 0.0 ], [ -117.896971287459905, 53.936619550905029, 0.0 ], [ -117.896643221868501, 53.936609293578137, 0.0 ], [ -117.896252048693896, 53.936634010268961, 0.0 ], [ -117.895591758152904, 53.936744927299458, 0.0 ], [ -117.895273119001402, 53.936873519756553, 0.0 ], [ -117.894996003322802, 53.937034616634683, 0.0 ], [ -117.8947636545455, 53.937212674658952, 0.0 ], [ -117.894600856897299, 53.937386506503323, 0.0 ], [ -117.894504500179806, 53.93757422990366, 0.0 ], [ -117.894312766087793, 53.93777193332209, 0.0 ], [ -117.893685764651906, 53.937987655811277, 0.0 ], [ -117.893377925327897, 53.938146894414039, 0.0 ], [ -117.893076531619698, 53.938272499664187, 0.0 ], [ -117.892738531643502, 53.938373210880677, 0.0 ], [ -117.892067752128497, 53.938458610524329, 0.0 ], [ -117.891262790554606, 53.938613017450329, 0.0 ], [ -117.891072364098093, 53.938649539929493, 0.0 ], [ -117.890803131648198, 53.938732849461111, 0.0 ], [ -117.890738887412596, 53.938752719858307, 0.0 ], [ -117.890458577297807, 53.938867512968073, 0.0 ], [ -117.890063712495703, 53.938902596598851, 0.0 ], [ -117.889861518457195, 53.939074785106897, 0.0 ], [ -117.888667202101104, 53.939551119670277, 0.0 ], [ -117.888281939513604, 53.939598849941262, 0.0 ], [ -117.887583750971501, 53.939731238246068, 0.0 ], [ -117.886664654583697, 53.940082585650927, 0.0 ], [ -117.886325241478403, 53.940162714514763, 0.0 ], [ -117.885945195881604, 53.940223184621992, 0.0 ], [ -117.884568279213894, 53.940518366267462, 0.0 ], [ -117.884181782730707, 53.940548081277171, 0.0 ], [ -117.883857342443093, 53.940591792691961, 0.0 ], [ -117.883267551480102, 53.940778249805533, 0.0 ], [ -117.882523002620104, 53.94107194706816, 0.0 ], [ -117.881677337117097, 53.941405508477239, 0.0 ], [ -117.881369990446402, 53.941508037156929, 0.0 ], [ -117.880477969940003, 53.941938560670252, 0.0 ], [ -117.880228640163494, 53.942124708421147, 0.0 ], [ -117.8800763955485, 53.942326604440119, 0.0 ], [ -117.879964255830103, 53.942540443230357, 0.0 ], [ -117.879840376656404, 53.942968321970312, 0.0 ], [ -117.879749854232401, 53.943179063856427, 0.0 ], [ -117.879746324811194, 53.943385192738567, 0.0 ], [ -117.879885241577099, 53.943567353802571, 0.0 ], [ -117.880153363729306, 53.94372330878538, 0.0 ], [ -117.880491397242395, 53.943815792803889, 0.0 ], [ -117.880865190351798, 53.943791541059333, 0.0 ], [ -117.881172236306497, 53.943683863338933, 0.0 ], [ -117.881518662401106, 53.943770998737058, 0.0 ], [ -117.881599687077994, 53.944000883205433, 0.0 ], [ -117.881647210041095, 53.944445333993777, 0.0 ], [ -117.881608131240796, 53.944641998177303, 0.0 ], [ -117.881511505258402, 53.944827128693838, 0.0 ], [ -117.881125046651405, 53.945374521478357, 0.0 ], [ -117.8810461976162, 53.945564386243362, 0.0 ], [ -117.880817196944804, 53.945987012687432, 0.0 ], [ -117.880251114057302, 53.9465901282164, 0.0 ], [ -117.880157280999398, 53.946687625097972, 0.0 ], [ -117.879903209742096, 53.946868741205229, 0.0 ], [ -117.879601715418303, 53.946994314595912, 0.0 ], [ -117.878986520256902, 53.94719423156937, 0.0 ], [ -117.878724042956307, 53.94742781890843, 0.0 ], [ -117.878591158636596, 53.947546083379819, 0.0 ], [ -117.8784369846868, 53.947719683234489, 0.0 ], [ -117.877960893883994, 53.948039941313723, 0.0 ], [ -117.877812618160803, 53.948236599896788, 0.0 ], [ -117.877790307465702, 53.948290134683923, 0.0 ], [ -117.8776774162111, 53.948561089635398, 0.0 ], [ -117.877643557992698, 53.948642347001339, 0.0 ], [ -117.877658623114399, 53.949059238706752, 0.0 ], [ -117.877790223154093, 53.949262179906249, 0.0 ], [ -117.878022075270906, 53.949462767752443, 0.0 ], [ -117.878272275622905, 53.949611413899547, 0.0 ], [ -117.878721887839504, 53.949827598817961, 0.0 ], [ -117.878854423679201, 53.949891327518181, 0.0 ], [ -117.879132881194295, 53.950005824446137, 0.0 ], [ -117.879382728336694, 53.950149328935048, 0.0 ], [ -117.879564546713098, 53.950320179985923, 0.0 ], [ -117.879577947262902, 53.950518192852734, 0.0 ], [ -117.879272631072098, 53.950637405460398, 0.0 ], [ -117.879164643666499, 53.950669566920581, 0.0 ], [ -117.878722289266605, 53.950699760998113, 0.0 ], [ -117.878473580457495, 53.950716721605637, 0.0 ], [ -117.878139792353096, 53.95081728988427, 0.0 ], [ -117.877488186370002, 53.951319393760507, 0.0 ], [ -117.877295624402095, 53.951506787593701, 0.0 ], [ -117.877172926637698, 53.951888264570577, 0.0 ], [ -117.877139748492496, 53.952107967471768, 0.0 ], [ -117.877106502322505, 53.952520824967273, 0.0 ], [ -117.877125277523106, 53.952734160848067, 0.0 ], [ -117.877239082470396, 53.952932367789579, 0.0 ], [ -117.877409767254704, 53.95313181891823, 0.0 ], [ -117.8776149597348, 53.953325316331622, 0.0 ], [ -117.8778847040942, 53.953504405629367, 0.0 ], [ -117.878204134872107, 53.953643689906947, 0.0 ], [ -117.878723715146293, 53.953801059093443, 0.0 ], [ -117.878890663190404, 53.953851619594147, 0.0 ], [ -117.879206109409907, 53.953931761551303, 0.0 ], [ -117.880291489952896, 53.954096799519327, 0.0 ], [ -117.880639729414099, 53.954209671085131, 0.0 ], [ -117.880757749883898, 53.95440518674269, 0.0 ], [ -117.880801310197, 53.954597328708907, 0.0 ], [ -117.880801974850996, 53.954800779636678, 0.0 ], [ -117.880577446191793, 53.955225877904297, 0.0 ], [ -117.880433528791698, 53.955422438418971, 0.0 ], [ -117.8802585761632, 53.955611986015263, 0.0 ], [ -117.880154459363794, 53.955704883644117, 0.0 ], [ -117.880036182596697, 53.955810385673772, 0.0 ], [ -117.879755193275898, 53.955981825465187, 0.0 ], [ -117.879086315820999, 53.95622936080629, 0.0 ], [ -117.878778522514295, 53.956133580411198, 0.0 ], [ -117.878989395234399, 53.955958632581719, 0.0 ], [ -117.879185645044501, 53.955760863763459, 0.0 ], [ -117.879183901720694, 53.955702710148387, 0.0 ], [ -117.879178728814196, 53.955529231093642, 0.0 ], [ -117.879003600691206, 53.955702296625603, 0.0 ], [ -117.878994528634905, 53.955711270898291, 0.0 ], [ -117.878880586762605, 53.955899380185159, 0.0 ], [ -117.878724625966896, 53.956065038718272, 0.0 ], [ -117.878709484181698, 53.956081122503711, 0.0 ], [ -117.878300774476998, 53.956430696993877, 0.0 ], [ -117.878074877425504, 53.956577664775402, 0.0 ], [ -117.877501013733607, 53.956874464744303, 0.0 ], [ -117.8771435872995, 53.95720738017345, 0.0 ], [ -117.877026322258999, 53.957411031485627, 0.0 ], [ -117.876965935134905, 53.957615909287377, 0.0 ], [ -117.876968483756002, 53.957847651955547, 0.0 ], [ -117.877161672044494, 53.958703328150762, 0.0 ], [ -117.876980413515895, 53.958864697133627, 0.0 ], [ -117.874958651834305, 53.959321717014568, 0.0 ], [ -117.874683587554699, 53.959451799692651, 0.0 ], [ -117.874496208505207, 53.959651929799932, 0.0 ], [ -117.874396716347704, 53.959860315869882, 0.0 ], [ -117.874327749383696, 53.960067973703786, 0.0 ], [ -117.874205432445393, 53.960714709821453, 0.0 ], [ -117.874124956212597, 53.960945833183722, 0.0 ], [ -117.873903983292493, 53.961360530330701, 0.0 ], [ -117.873754807391194, 53.961544309958953, 0.0 ], [ -117.873506891825301, 53.961689219421203, 0.0 ], [ -117.873212433651503, 53.961791413842107, 0.0 ], [ -117.872577299312894, 53.961958278886307, 0.0 ], [ -117.872249845987497, 53.962089581277837, 0.0 ], [ -117.871974734663198, 53.96221967111665, 0.0 ], [ -117.8717268078708, 53.962364562649093, 0.0 ], [ -117.871017045512502, 53.96284995585917, 0.0 ], [ -117.870863239180395, 53.96291233641621, 0.0 ], [ -117.870740697571705, 53.962962033664823, 0.0 ], [ -117.8700912069678, 53.963175568249113, 0.0 ], [ -117.869747026903099, 53.963253188864961, 0.0 ], [ -117.869414369199902, 53.963307337578343, 0.0 ], [ -117.868625214744, 53.963392800664678, 0.0 ], [ -117.868250691357403, 53.963409303753991, 0.0 ], [ -117.867502742588599, 53.963393348990159, 0.0 ], [ -117.867150387249396, 53.96341448501731, 0.0 ], [ -117.866822432313995, 53.963473671933293, 0.0 ], [ -117.866492142751, 53.963540858996353, 0.0 ], [ -117.866464819862003, 53.963546421739181, 0.0 ], [ -117.866032212591406, 53.963667226713049, 0.0 ], [ -117.865800297249294, 53.96373196986454, 0.0 ], [ -117.865085735666696, 53.96388777626931, 0.0 ], [ -117.864733860358797, 53.96398100233133, 0.0 ], [ -117.864430451459896, 53.964080829228287, 0.0 ], [ -117.863896715959498, 53.96432767302889, 0.0 ], [ -117.863593321921201, 53.964427492001768, 0.0 ], [ -117.862897787520495, 53.964541634996593, 0.0 ], [ -117.862544852930398, 53.964619428121317, 0.0 ], [ -117.862193470305897, 53.964720364265197, 0.0 ], [ -117.861892141484304, 53.964851028415957, 0.0 ], [ -117.861305839214296, 53.965160919088127, 0.0 ], [ -117.861089600424094, 53.965323067785143, 0.0 ], [ -117.860935444824605, 53.965499240522043, 0.0 ], [ -117.860849309088394, 53.965712434867939, 0.0 ], [ -117.860875400782206, 53.966100724425381, 0.0 ], [ -117.860818749182201, 53.966297783406873, 0.0 ], [ -117.860494260050203, 53.966343995495691, 0.0 ], [ -117.860257458424101, 53.966200157000401, 0.0 ], [ -117.859761760954598, 53.965843442871481, 0.0 ], [ -117.859488864613198, 53.965682403357803, 0.0 ], [ -117.858886714163205, 53.965431195980507, 0.0 ], [ -117.8585663666519, 53.965279009238742, 0.0 ], [ -117.857653780402899, 53.964957764789837, 0.0 ], [ -117.857550818185004, 53.964785971272157, 0.0 ], [ -117.857356941923399, 53.964631757948723, 0.0 ], [ -117.857190914671406, 53.964631666813652, 0.0 ], [ -117.856767482662804, 53.964702872958583, 0.0 ], [ -117.856444541191905, 53.964772229194338, 0.0 ], [ -117.856114966481101, 53.964872629401683, 0.0 ], [ -117.855490379749099, 53.965003092517847, 0.0 ], [ -117.855163823972603, 53.965018442451992, 0.0 ], [ -117.854782341533095, 53.964996428916969, 0.0 ], [ -117.854401954385807, 53.964925462512689, 0.0 ], [ -117.854063804486103, 53.964832900408403, 0.0 ], [ -117.853951850401103, 53.964789952548379, 0.0 ], [ -117.853741011833407, 53.964709080804852, 0.0 ], [ -117.853434088009294, 53.964626086606238, 0.0 ], [ -117.853037468626198, 53.964573518704753, 0.0 ], [ -117.852643244773603, 53.964556950838251, 0.0 ], [ -117.852311526662305, 53.964495145957592, 0.0 ], [ -117.851996629506701, 53.964358255128047, 0.0 ], [ -117.851714010135197, 53.964181976802088, 0.0 ], [ -117.850995836016494, 53.963632107177091, 0.0 ], [ -117.850763977502695, 53.963495848056212, 0.0 ], [ -117.849983449917801, 53.962911991280222, 0.0 ], [ -117.8498858091709, 53.962838946301552, 0.0 ], [ -117.849317138897206, 53.962499331797737, 0.0 ], [ -117.849059119202394, 53.962363687671989, 0.0 ], [ -117.848744409805406, 53.962229371970558, 0.0 ], [ -117.8483623330943, 53.962132662521277, 0.0 ], [ -117.848025537688201, 53.962125042600107, 0.0 ], [ -117.847717570774606, 53.962222352613921, 0.0 ], [ -117.847423389819795, 53.962329629623021, 0.0 ], [ -117.846379653767002, 53.962462081816653, 0.0 ], [ -117.845394757586902, 53.962559662719777, 0.0 ], [ -117.845041455812606, 53.962632256064772, 0.0 ], [ -117.844794473712298, 53.962792527237781, 0.0 ], [ -117.844665246719799, 53.962914662976303, 0.0 ], [ -117.844584945963106, 53.962990565503191, 0.0 ], [ -117.844336008600806, 53.963186920398662, 0.0 ], [ -117.843278330687198, 53.963765231872827, 0.0 ], [ -117.842700343762203, 53.964005276100018, 0.0 ], [ -117.842393569705195, 53.964120572513593, 0.0 ], [ -117.842051214593894, 53.964226392258126, 0.0 ], [ -117.841717861541596, 53.964261004210307, 0.0 ], [ -117.841699846776294, 53.964262875192347, 0.0 ], [ -117.841434325050201, 53.964145423736852, 0.0 ], [ -117.841257917566296, 53.964273230871292, 0.0 ], [ -117.841217665780903, 53.964302392559468, 0.0 ], [ -117.840607769565196, 53.964522585808758, 0.0 ], [ -117.840240517159003, 53.964582618484343, 0.0 ], [ -117.839565769417803, 53.964747650582957, 0.0 ], [ -117.839253757465897, 53.96485017199241, 0.0 ], [ -117.838922750133506, 53.964929967097873, 0.0 ], [ -117.838593891686997, 53.964976212320757, 0.0 ], [ -117.838224406780697, 53.965002812269958, 0.0 ], [ -117.837909123635299, 53.965056482946011, 0.0 ], [ -117.837520911716396, 53.965129863609853, 0.0 ], [ -117.836830072145503, 53.965315857058599, 0.0 ], [ -117.835749911733402, 53.965492832099891, 0.0 ], [ -117.834671161706396, 53.965625986464673, 0.0 ], [ -117.834300472481104, 53.965634560588747, 0.0 ], [ -117.833920271420695, 53.965566102226319, 0.0 ], [ -117.833619859570902, 53.965449444578176, 0.0 ], [ -117.833391379674296, 53.965297624759238, 0.0 ], [ -117.833067026009601, 53.96521499918218, 0.0 ], [ -117.832026844829898, 53.965074245447873, 0.0 ], [ -117.831716941642398, 53.965011877439757, 0.0 ], [ -117.830738941334303, 53.964820741443567, 0.0 ], [ -117.830440096553602, 53.964727205515082, 0.0 ], [ -117.830121051897095, 53.96459294816276, 0.0 ], [ -117.829523877386805, 53.96428224560335, 0.0 ], [ -117.829177101900399, 53.96404448958836, 0.0 ], [ -117.829029664374502, 53.963943400257193, 0.0 ], [ -117.828228766111806, 53.963261394232653, 0.0 ], [ -117.827915721252097, 53.962921787354809, 0.0 ], [ -117.827659271223297, 53.962643566714831, 0.0 ], [ -117.827050075962603, 53.961887580902363, 0.0 ], [ -117.826711900815596, 53.961266979775239, 0.0 ], [ -117.826320922170297, 53.960639864503896, 0.0 ], [ -117.826018739435298, 53.960232194280422, 0.0 ], [ -117.825782815852804, 53.959835876939103, 0.0 ], [ -117.825607325754802, 53.959626168852203, 0.0 ], [ -117.825404546020593, 53.959466027140778, 0.0 ], [ -117.825131494095402, 53.959299768032047, 0.0 ], [ -117.824780072942204, 53.959140663810693, 0.0 ], [ -117.824716416058706, 53.959048129390823, 0.0 ], [ -117.8244608938125, 53.958918270840527, 0.0 ], [ -117.824157874335498, 53.958819600967082, 0.0 ], [ -117.822745022420406, 53.958433781443183, 0.0 ], [ -117.822030466755905, 53.958275697927697, 0.0 ], [ -117.821193995689498, 53.958141497263938, 0.0 ], [ -117.820037117902004, 53.957911278703548, 0.0 ], [ -117.819625459504195, 53.957844135576707, 0.0 ], [ -117.817821919349697, 53.957597065335541, 0.0 ], [ -117.817371323634703, 53.957553317556339, 0.0 ], [ -117.816942213848293, 53.957550303866469, 0.0 ], [ -117.816482322937404, 53.957547066311399, 0.0 ], [ -117.815567337849302, 53.957540608341972, 0.0 ], [ -117.815187813192793, 53.957568576002608, 0.0 ], [ -117.814813096989397, 53.957622246026567, 0.0 ], [ -117.814446645911403, 53.957647555328791, 0.0 ], [ -117.813603025657002, 53.95760607236371, 0.0 ], [ -117.812454096671203, 53.95758952455634, 0.0 ], [ -117.812107729732801, 53.95750909146021, 0.0 ], [ -117.811828793500197, 53.957278891431997, 0.0 ], [ -117.811723961576504, 53.957014194285392, 0.0 ], [ -117.8114939216794, 53.956835214890923, 0.0 ], [ -117.811217005365606, 53.956728621017682, 0.0 ], [ -117.810877535416296, 53.956534828335762, 0.0 ], [ -117.810530586430005, 53.956418331254348, 0.0 ], [ -117.810127128148395, 53.956317627851178, 0.0 ], [ -117.809335089854699, 53.956224298853527, 0.0 ], [ -117.8089728963825, 53.956241840838643, 0.0 ], [ -117.808660069790506, 53.956341511494507, 0.0 ], [ -117.808283115136206, 53.956523976452772, 0.0 ], [ -117.8079354317927, 53.956628995769186, 0.0 ], [ -117.807554153433202, 53.956548750091542, 0.0 ], [ -117.806902179139598, 53.956207337739137, 0.0 ], [ -117.806619508250506, 53.956013201880197, 0.0 ], [ -117.806415494820598, 53.955823757849622, 0.0 ], [ -117.806348042133095, 53.955699150615622, 0.0 ], [ -117.806190345888098, 53.955407777190104, 0.0 ], [ -117.8057469598442, 53.955000770029748, 0.0 ], [ -117.805547423037794, 53.954816441509379, 0.0 ], [ -117.805286992807694, 53.954647931953673, 0.0 ], [ -117.804983055124893, 53.954487403164443, 0.0 ], [ -117.804666076745605, 53.954332086806282, 0.0 ], [ -117.804401126224803, 53.954238943985999, 0.0 ], [ -117.803901809706105, 53.954063408983089, 0.0 ], [ -117.803498144760397, 53.953947222684548, 0.0 ], [ -117.803068823428902, 53.953864667856593, 0.0 ], [ -117.802263056833795, 53.953727590565357, 0.0 ], [ -117.801532325721197, 53.953641590154888, 0.0 ], [ -117.801034286044796, 53.953628957820918, 0.0 ], [ -117.800257589670807, 53.95366942977072, 0.0 ], [ -117.799563273846601, 53.9536733515706, 0.0 ], [ -117.7991795633789, 53.95370901572516, 0.0 ], [ -117.798831093353598, 53.953765074185853, 0.0 ], [ -117.798409112587606, 53.953865337935021, 0.0 ], [ -117.797432273160695, 53.954223732221173, 0.0 ], [ -117.797137428305803, 53.954354197410943, 0.0 ], [ -117.796278099771001, 53.954688738441739, 0.0 ], [ -117.795878467055402, 53.955092803360237, 0.0 ], [ -117.795468460616505, 53.95570063629161, 0.0 ], [ -117.795170363314398, 53.956142551253947, 0.0 ], [ -117.794811562901103, 53.95691473999527, 0.0 ], [ -117.794126480442799, 53.958041611108449, 0.0 ], [ -117.793708874929195, 53.958417454776921, 0.0 ], [ -117.793481617802101, 53.958681449542169, 0.0 ], [ -117.793240770366594, 53.958914630603353, 0.0 ], [ -117.793011822262997, 53.959073029867007, 0.0 ], [ -117.792630023299793, 53.959232294734768, 0.0 ], [ -117.792233215811805, 53.959273159054788, 0.0 ], [ -117.792168158724394, 53.959254488530647, 0.0 ], [ -117.7917082545884, 53.959122462155463, 0.0 ], [ -117.790460853404099, 53.958764384126439, 0.0 ], [ -117.790016763383207, 53.95845121147363, 0.0 ], [ -117.7896017692904, 53.958218179057504, 0.0 ], [ -117.789296794981695, 53.958094417721007, 0.0 ], [ -117.7890192928174, 53.957946566038657, 0.0 ], [ -117.7885802863903, 53.957531740729962, 0.0 ], [ -117.787677169091197, 53.957042224153653, 0.0 ], [ -117.787282168869893, 53.956920772178407, 0.0 ], [ -117.786893111404495, 53.956897173583307, 0.0 ], [ -117.786482756388594, 53.956909766813922, 0.0 ], [ -117.786060620908501, 53.957004836850537, 0.0 ], [ -117.784840690992397, 53.957467521024668, 0.0 ], [ -117.784532826189803, 53.957608308248929, 0.0 ], [ -117.784220144677903, 53.957720805141967, 0.0 ], [ -117.783894027335606, 53.957812753712773, 0.0 ], [ -117.783552032797004, 53.958005256752351, 0.0 ], [ -117.783280227046703, 53.958217973781473, 0.0 ], [ -117.782774180266699, 53.958532444646004, 0.0 ], [ -117.782489206898305, 53.958740068991148, 0.0 ], [ -117.781913155222, 53.959223992262501, 0.0 ], [ -117.781589717844994, 53.959556728791192, 0.0 ], [ -117.781204866311299, 53.960017618890767, 0.0 ], [ -117.780499376171406, 53.96093854836019, 0.0 ], [ -117.780301943911198, 53.96116525870378, 0.0 ], [ -117.780055956573804, 53.961404283478203, 0.0 ], [ -117.779792543682902, 53.961604560272278, 0.0 ], [ -117.779627446026893, 53.96171169637767, 0.0 ], [ -117.779355646824101, 53.961888064675797, 0.0 ], [ -117.7778959233449, 53.962739787229062, 0.0 ], [ -117.777588239845997, 53.962896026354088, 0.0 ], [ -117.777485070923007, 53.962929310267718, 0.0 ], [ -117.777279680314294, 53.96299558696662, 0.0 ], [ -117.776506645843298, 53.963283166768463, 0.0 ], [ -117.776190341554297, 53.963447167995277, 0.0 ], [ -117.776000602150901, 53.963605329609287, 0.0 ], [ -117.775911929918706, 53.963801574274648, 0.0 ], [ -117.775749363171599, 53.964021406220731, 0.0 ], [ -117.775506523642406, 53.964414251440097, 0.0 ], [ -117.774479330834595, 53.965774717618586, 0.0 ], [ -117.774478504466998, 53.966001399676223, 0.0 ], [ -117.774377440655101, 53.966244071833778, 0.0 ], [ -117.774485453957993, 53.966446980570957, 0.0 ], [ -117.774801633794894, 53.966553425116281, 0.0 ], [ -117.774752234568695, 53.966746884794929, 0.0 ], [ -117.774781886424705, 53.966968239166093, 0.0 ], [ -117.774880879779204, 53.967153149621282, 0.0 ], [ -117.775157931413702, 53.967550890554627, 0.0 ], [ -117.775357443520903, 53.967737826317901, 0.0 ], [ -117.775791873439601, 53.968142432193083, 0.0 ], [ -117.775956629490295, 53.968342439413838, 0.0 ], [ -117.776034189702898, 53.968553226054397, 0.0 ], [ -117.775994861706295, 53.968831631557769, 0.0 ], [ -117.775818408633, 53.969002594364873, 0.0 ], [ -117.7755849321357, 53.96915841995088, 0.0 ], [ -117.7746662677649, 53.969639955252951, 0.0 ], [ -117.773971170573404, 53.969891026560177, 0.0 ], [ -117.773571203074198, 53.970016852229797, 0.0 ], [ -117.773051292955003, 53.970157380926032, 0.0 ], [ -117.772909900739094, 53.970195600039467, 0.0 ], [ -117.772600873733197, 53.970269407391832, 0.0 ], [ -117.7722740740098, 53.970325283873613, 0.0 ], [ -117.771894608724907, 53.970365982219732, 0.0 ], [ -117.771531298227501, 53.970321587155929, 0.0 ], [ -117.771116053650204, 53.970308387220548, 0.0 ], [ -117.770679679827396, 53.970341665604849, 0.0 ], [ -117.770240028620407, 53.970444504610427, 0.0 ], [ -117.769576370300697, 53.970754628356552, 0.0 ], [ -117.769265021516802, 53.970679033851219, 0.0 ], [ -117.768924738088501, 53.970711795050157, 0.0 ], [ -117.768696285923994, 53.970911363051748, 0.0 ], [ -117.768427261277694, 53.971031305072842, 0.0 ], [ -117.7681762921044, 53.971189787568278, 0.0 ], [ -117.767969918651801, 53.971404685837001, 0.0 ], [ -117.767631822045601, 53.971579098590027, 0.0 ], [ -117.767393149026006, 53.971728756301331, 0.0 ], [ -117.767047647762993, 53.971945440801584, 0.0 ], [ -117.766933111982695, 53.971973905044592, 0.0 ], [ -117.766412189333806, 53.972103414543056, 0.0 ], [ -117.766139662021104, 53.972280039737839, 0.0 ], [ -117.765845827930804, 53.972492840969799, 0.0 ], [ -117.765488968132502, 53.972868248020191, 0.0 ], [ -117.764833486303601, 53.973430724366551, 0.0 ], [ -117.764635518547607, 53.973627551260343, 0.0 ], [ -117.764288164341295, 53.974054422306061, 0.0 ], [ -117.764164983186106, 53.97428432480514, 0.0 ], [ -117.763666971605801, 53.975430654087091, 0.0 ], [ -117.763547905778793, 53.975645092644548, 0.0 ], [ -117.763388241533605, 53.976060647639741, 0.0 ], [ -117.763273345431102, 53.976262176862058, 0.0 ], [ -117.763023732902695, 53.976510783001743, 0.0 ], [ -117.762816479484101, 53.976674177074408, 0.0 ], [ -117.762584442582593, 53.976930428179998, 0.0 ], [ -117.762342420555299, 53.977104299618659, 0.0 ], [ -117.761950055607002, 53.97716307388044, 0.0 ], [ -117.761663141071196, 53.977259918921398, 0.0 ], [ -117.761292493551295, 53.977310833832739, 0.0 ], [ -117.760956274920204, 53.977325512133078, 0.0 ], [ -117.760576893843407, 53.977376480801709, 0.0 ], [ -117.760568532196004, 53.977383795979343, 0.0 ], [ -117.760258623055805, 53.977654945977953, 0.0 ], [ -117.759942996749203, 53.977931098985479, 0.0 ], [ -117.759432266653604, 53.978539124982582, 0.0 ], [ -117.759104649115102, 53.979120428579357, 0.0 ], [ -117.758898597721199, 53.979363646981227, 0.0 ], [ -117.758278306260905, 53.979954242327928, 0.0 ], [ -117.757857488130398, 53.980443305293299, 0.0 ], [ -117.757417733268099, 53.980837171027481, 0.0 ], [ -117.757272395255896, 53.981051732809753, 0.0 ], [ -117.757118262288699, 53.981549674535017, 0.0 ], [ -117.757077971448297, 53.981773991436533, 0.0 ], [ -117.7572292039183, 53.981948339274233, 0.0 ], [ -117.757510539102299, 53.982057596233972, 0.0 ], [ -117.757735630464893, 53.982203229062613, 0.0 ], [ -117.758048493607802, 53.982374132215732, 0.0 ], [ -117.758309147163303, 53.98255820937284, 0.0 ], [ -117.758382552874394, 53.982787054410053, 0.0 ], [ -117.758277211432997, 53.983045203798078, 0.0 ], [ -117.758053850135695, 53.983301390800882, 0.0 ], [ -117.757781560686695, 53.98350118398622, 0.0 ], [ -117.757789127586605, 53.983712357218302, 0.0 ], [ -117.757958805425005, 53.983948423571498, 0.0 ], [ -117.7579783535856, 53.984373332874071, 0.0 ], [ -117.757880816146596, 53.984569603973888, 0.0 ], [ -117.757541527202505, 53.984674442069498, 0.0 ], [ -117.757179437400595, 53.984717584176273, 0.0 ], [ -117.756847004851494, 53.984792157438491, 0.0 ], [ -117.756473831510306, 53.984875874379647, 0.0 ], [ -117.756089811193604, 53.984913983853943, 0.0 ], [ -117.755773573164703, 53.984810054995833, 0.0 ], [ -117.755752224422295, 53.984791907761078, 0.0 ], [ -117.755547771938097, 53.984618068629118, 0.0 ], [ -117.755213283305594, 53.984462726663779, 0.0 ], [ -117.754852113735495, 53.984368713952193, 0.0 ], [ -117.754844714633293, 53.984366790603183, 0.0 ], [ -117.754516069131398, 53.984309300544197, 0.0 ], [ -117.754268706937495, 53.984135448666848, 0.0 ], [ -117.7540051526436, 53.983743591443663, 0.0 ], [ -117.753757544333098, 53.98361727512318, 0.0 ], [ -117.753475525454704, 53.983509275323421, 0.0 ], [ -117.753188195229995, 53.983365333122201, 0.0 ], [ -117.752601294000797, 53.983108397545827, 0.0 ], [ -117.752234544924903, 53.983096301381678, 0.0 ], [ -117.751896145902904, 53.983168803907503, 0.0 ], [ -117.751338558704006, 53.983404300950518, 0.0 ], [ -117.751219126248799, 53.983454623744279, 0.0 ], [ -117.751096913781595, 53.983480035313868, 0.0 ], [ -117.750272726544594, 53.983651462725319, 0.0 ], [ -117.750138254594802, 53.983628481752731, 0.0 ], [ -117.750015874889698, 53.983607571358007, 0.0 ], [ -117.7499440874806, 53.983595294939207, 0.0 ], [ -117.749602822010104, 53.98355723031915, 0.0 ], [ -117.749290810775193, 53.983637191314223, 0.0 ], [ -117.748992918602298, 53.983758153689926, 0.0 ], [ -117.748780021813403, 53.983897984623503, 0.0 ], [ -117.748726976913602, 53.983932823733312, 0.0 ], [ -117.748441925407306, 53.984043391514938, 0.0 ], [ -117.748286074030602, 53.984072005799511, 0.0 ], [ -117.748103246093194, 53.984105571742163, 0.0 ], [ -117.747006686695798, 53.984213158731883, 0.0 ], [ -117.746615396480607, 53.984265534863617, 0.0 ], [ -117.746267137806001, 53.984294378618053, 0.0 ], [ -117.745975868433405, 53.984294875670543, 0.0 ], [ -117.745913789150805, 53.984294984568074, 0.0 ], [ -117.745212758239902, 53.984177869571461, 0.0 ], [ -117.744863213867305, 53.984157856824339, 0.0 ], [ -117.744518666778404, 53.98416095412864, 0.0 ], [ -117.744179002992297, 53.984184579043173, 0.0 ], [ -117.743079421638399, 53.984354417321363, 0.0 ], [ -117.742818944448302, 53.98439476055907, 0.0 ], [ -117.742617149709602, 53.984445288938844, 0.0 ], [ -117.7424461638211, 53.984488102059942, 0.0 ], [ -117.742156989450706, 53.984546676628192, 0.0 ], [ -117.741782157060399, 53.984622612237608, 0.0 ], [ -117.741071304767999, 53.984787470189602, 0.0 ], [ -117.740768885140497, 53.984917096074483, 0.0 ], [ -117.739114575661802, 53.985731554711897, 0.0 ], [ -117.738573318393705, 53.986060366080508, 0.0 ], [ -117.737734246430406, 53.986515251025637, 0.0 ], [ -117.737515634793297, 53.986666336075267, 0.0 ], [ -117.736972620272496, 53.986928308875633, 0.0 ], [ -117.736327169250799, 53.987448316150022, 0.0 ], [ -117.736157705549502, 53.987645238333833, 0.0 ], [ -117.736106143426795, 53.987846264400481, 0.0 ], [ -117.735993498882294, 53.98804781846605, 0.0 ], [ -117.735543312115198, 53.988519386865633, 0.0 ], [ -117.735543440300404, 53.988550245643403, 0.0 ], [ -117.735475260969594, 53.988974651716241, 0.0 ], [ -117.735524802796405, 53.989373180971938, 0.0 ], [ -117.735516957631404, 53.989596922768563, 0.0 ], [ -117.735585589667807, 53.990417160601432, 0.0 ], [ -117.735542770348005, 53.990628090892592, 0.0 ], [ -117.735499945149002, 53.99070542582816, 0.0 ], [ -117.735438764090205, 53.990815954568731, 0.0 ], [ -117.735251842321006, 53.991003934520243, 0.0 ], [ -117.735104195904697, 53.991189283788188, 0.0 ], [ -117.735056971100306, 53.991387361820003, 0.0 ], [ -117.734979132637505, 53.99157517961256, 0.0 ], [ -117.734809802748202, 53.991796574639672, 0.0 ], [ -117.7345443821049, 53.991997515775267, 0.0 ], [ -117.734517964359497, 53.99201504524715, 0.0 ], [ -117.734039460904199, 53.992332497329613, 0.0 ], [ -117.733733235314205, 53.992631554811148, 0.0 ], [ -117.733410248306598, 53.993259110008772, 0.0 ], [ -117.733271410108401, 53.993475310483447, 0.0 ], [ -117.733219777615204, 53.993668233222358, 0.0 ], [ -117.733251842396001, 53.994061646070598, 0.0 ], [ -117.733422802106801, 53.99426200049831, 0.0 ], [ -117.733602352515405, 53.994423781561949, 0.0 ], [ -117.733913776404506, 53.994832232504557, 0.0 ], [ -117.734141384442296, 53.995009373790737, 0.0 ], [ -117.734430120728007, 53.995188994349483, 0.0 ], [ -117.734718726258507, 53.995335181270697, 0.0 ], [ -117.734994101324901, 53.995447962097941, 0.0 ], [ -117.735546527499594, 53.995615207153733, 0.0 ], [ -117.735937999021203, 53.995762993453937, 0.0 ], [ -117.736222268927506, 53.99591175544159, 0.0 ], [ -117.736423662969699, 53.996076071435873, 0.0 ], [ -117.736659952367205, 53.996232607671431, 0.0 ], [ -117.736824682714698, 53.996289116020492, 0.0 ], [ -117.737018308938602, 53.996355560539847, 0.0 ], [ -117.738009831379799, 53.996559922778843, 0.0 ], [ -117.738298353651999, 53.996680392773918, 0.0 ], [ -117.738434347748793, 53.99686278716748, 0.0 ], [ -117.738509321230595, 53.997058122750509, 0.0 ], [ -117.738523974319605, 53.99744898849265, 0.0 ], [ -117.7384505932813, 53.997654806825579, 0.0 ], [ -117.738276695968807, 53.997832490301803, 0.0 ], [ -117.738050404051705, 53.997997381129082, 0.0 ], [ -117.7375190001422, 53.998273264528017, 0.0 ], [ -117.737009652739403, 53.99860312911219, 0.0 ], [ -117.736713418128801, 53.998744968290623, 0.0 ], [ -117.736421387071999, 53.998848232587932, 0.0 ], [ -117.735448979722804, 53.999078425006402, 0.0 ], [ -117.734703122534299, 53.999208000196298, 0.0 ], [ -117.734299927972998, 53.999242697909892, 0.0 ], [ -117.7342914747028, 53.999243419225039, 0.0 ], [ -117.733276354432206, 53.999330781688982, 0.0 ], [ -117.732922824114397, 53.999331245111343, 0.0 ], [ -117.73254746181, 53.999331749022417, 0.0 ], [ -117.732193850910704, 53.999311644907728, 0.0 ], [ -117.731827017956803, 53.999258130228448, 0.0 ], [ -117.731782016183601, 53.9992429884744, 0.0 ], [ -117.731180231002995, 53.999040400828306, 0.0 ], [ -117.730077424603394, 53.998715575790243, 0.0 ], [ -117.729983469655494, 53.998687905588753, 0.0 ], [ -117.729244591128506, 53.998477175444947, 0.0 ], [ -117.728558842301695, 53.998336632705403, 0.0 ], [ -117.728239849168702, 53.998234182317113, 0.0 ], [ -117.727217533215295, 53.997952619525798, 0.0 ], [ -117.726566926211206, 53.997711053616747, 0.0 ], [ -117.725849777846193, 53.997496633630881, 0.0 ], [ -117.724805834671301, 53.997266516874582, 0.0 ], [ -117.724426009780203, 53.997236136302398, 0.0 ], [ -117.723382990279802, 53.997258020243272, 0.0 ], [ -117.722546084728705, 53.997315208286658, 0.0 ], [ -117.722192498713, 53.997335963166883, 0.0 ], [ -117.721925578205301, 53.997347273145202, 0.0 ], [ -117.720952735757606, 53.997466770103443, 0.0 ], [ -117.720603653563302, 53.997487769946027, 0.0 ], [ -117.719892627453504, 53.997596648794342, 0.0 ], [ -117.719587517736301, 53.997710169986632, 0.0 ], [ -117.718999258647699, 53.997983474245473, 0.0 ], [ -117.7185376401507, 53.998277189327922, 0.0 ], [ -117.718389930784497, 53.998477951220593, 0.0 ], [ -117.718225415754802, 53.99886131839088, 0.0 ], [ -117.718178152980599, 53.999074815302748, 0.0 ], [ -117.718178729287203, 53.999239782890051, 0.0 ], [ -117.7181789443122, 53.999303686755781, 0.0 ], [ -117.718214570859303, 53.999511938514388, 0.0 ], [ -117.718341873153193, 53.999720079149839, 0.0 ], [ -117.718525917197994, 53.999928157860268, 0.0 ], [ -117.718611751606602, 53.999992899698867, 0.0 ], [ -117.718632112430598, 54.000006537077802, 0.0 ], [ -117.718717971223995, 54.000064015117573, 0.0 ], [ -117.718818175329005, 54.000135331364852, 0.0 ], [ -117.719240009343494, 54.000435512288227, 0.0 ], [ -117.719551345797001, 54.000615873584508, 0.0 ], [ -117.719902919578203, 54.000795002788259, 0.0 ], [ -117.720446306666503, 54.001035615204053, 0.0 ], [ -117.720812810639998, 54.001228994790218, 0.0 ], [ -117.720881783093702, 54.001263196101569, 0.0 ], [ -117.721068428252295, 54.00135573169576, 0.0 ], [ -117.721122359273295, 54.001382467150037, 0.0 ], [ -117.721239996658397, 54.001500298997193, 0.0 ], [ -117.721303629591105, 54.001656297918117, 0.0 ], [ -117.7213188878832, 54.001834737933507, 0.0 ], [ -117.721363461315804, 54.00199485281972, 0.0 ], [ -117.721395914537297, 54.002538467267122, 0.0 ], [ -117.721372094973901, 54.002705164093847, 0.0 ], [ -117.721238075648003, 54.003181473269223, 0.0 ], [ -117.721113687813698, 54.003463259956817, 0.0 ], [ -117.721028753281502, 54.003598608672377, 0.0 ], [ -117.720306235803605, 54.004312331110718, 0.0 ], [ -117.719734914092498, 54.004730286500497, 0.0 ], [ -117.719095701345793, 54.005091099272633, 0.0 ], [ -117.718506797108901, 54.005487222570387, 0.0 ], [ -117.717843566389803, 54.005807558203358, 0.0 ], [ -117.717723953073204, 54.005871390107707, 0.0 ], [ -117.717474475906499, 54.005997848088498, 0.0 ], [ -117.717383186369403, 54.006025989519891, 0.0 ], [ -117.716889604127999, 54.006145622764762, 0.0 ], [ -117.716640894501495, 54.006079642171343, 0.0 ], [ -117.7163157338464, 54.005897880365318, 0.0 ], [ -117.716121546090704, 54.005826171235697, 0.0 ], [ -117.715882695184604, 54.005777358205918, 0.0 ], [ -117.715285271000397, 54.005779513270241, 0.0 ], [ -117.714699636855798, 54.005816003948581, 0.0 ], [ -117.713161681291695, 54.00583156515868, 0.0 ], [ -117.712882332535401, 54.005853629133327, 0.0 ], [ -117.712466848809896, 54.005809462004251, 0.0 ], [ -117.712220493826393, 54.005819680069592, 0.0 ], [ -117.711956933298495, 54.005876506712283, 0.0 ], [ -117.711550481042295, 54.006015718999421, 0.0 ], [ -117.711053254597303, 54.00628391236215, 0.0 ], [ -117.710764242087606, 54.006472325422827, 0.0 ], [ -117.710437453672796, 54.006743706438407, 0.0 ], [ -117.710219313787306, 54.00693522318857, 0.0 ], [ -117.709875203128703, 54.007298495590703, 0.0 ], [ -117.709580067535597, 54.00768847452035, 0.0 ], [ -117.709444602093896, 54.007803617190248, 0.0 ], [ -117.708700288276702, 54.008303301397433, 0.0 ], [ -117.708099809419707, 54.008523577853332, 0.0 ], [ -117.707945675349194, 54.008613120888327, 0.0 ], [ -117.707662190061697, 54.008830681652313, 0.0 ], [ -117.707181140023906, 54.00913096687313, 0.0 ], [ -117.706797604310907, 54.00950157103982, 0.0 ], [ -117.706676326095206, 54.009618978496903, 0.0 ], [ -117.706597576202398, 54.009750972136636, 0.0 ], [ -117.706550171434102, 54.010090811986807, 0.0 ], [ -117.706470145675098, 54.010420417795153, 0.0 ], [ -117.706190927313799, 54.010938823653653, 0.0 ], [ -117.705779829608105, 54.011516249866403, 0.0 ], [ -117.705663939559102, 54.011638617668147, 0.0 ], [ -117.705301494955805, 54.011942178813293, 0.0 ], [ -117.705122397431495, 54.012088927199663, 0.0 ], [ -117.704650192150893, 54.012365294441231, 0.0 ], [ -117.703990753008597, 54.01295365648398, 0.0 ], [ -117.7037318494869, 54.01335487588149, 0.0 ], [ -117.703665623909004, 54.013499069989919, 0.0 ], [ -117.703647694080601, 54.013674831159513, 0.0 ], [ -117.703682210927198, 54.01388513945254, 0.0 ], [ -117.703871442916807, 54.014310746631352, 0.0 ], [ -117.703956043637405, 54.01444752027934, 0.0 ], [ -117.704087320010302, 54.014563508275167, 0.0 ], [ -117.704586734034393, 54.014840037673693, 0.0 ], [ -117.705302843641306, 54.015017417878163, 0.0 ], [ -117.705680689502003, 54.015108578983721, 0.0 ], [ -117.706654448937002, 54.015263630728782, 0.0 ], [ -117.706834425381103, 54.015344243824529, 0.0 ], [ -117.706963541052005, 54.015453249979679, 0.0 ], [ -117.706971095787395, 54.015625333493517, 0.0 ], [ -117.706865587207403, 54.015921360033033, 0.0 ], [ -117.706773946567907, 54.016387210391301, 0.0 ], [ -117.7065562646969, 54.016620365876719, 0.0 ], [ -117.706418398748497, 54.016724766063568, 0.0 ], [ -117.706242747404204, 54.016806584499648, 0.0 ], [ -117.705835019274204, 54.016940946656433, 0.0 ], [ -117.705302560563993, 54.017029947333057, 0.0 ], [ -117.704706109490502, 54.01703899961084, 0.0 ], [ -117.704656979972199, 54.017034127820878, 0.0 ], [ -117.704227786191694, 54.016991572782473, 0.0 ], [ -117.703729264101298, 54.016918566483788, 0.0 ], [ -117.703065091297901, 54.016759276358279, 0.0 ], [ -117.702138321923002, 54.016573166691387, 0.0 ], [ -117.701082954120096, 54.016404740009932, 0.0 ], [ -117.700709940308101, 54.016307585944972, 0.0 ], [ -117.699708217483703, 54.015993708800451, 0.0 ], [ -117.698900429599504, 54.015823792969492, 0.0 ], [ -117.698498023749096, 54.015784851404213, 0.0 ], [ -117.697892325336696, 54.015789205345037, 0.0 ], [ -117.6955554296527, 54.015932574209337, 0.0 ], [ -117.6952854163099, 54.015959832243901, 0.0 ], [ -117.694768094100894, 54.016045819211783, 0.0 ], [ -117.694538764904095, 54.016100450924633, 0.0 ], [ -117.694100784868596, 54.016233676766213, 0.0 ], [ -117.693528087331202, 54.016462574361363, 0.0 ], [ -117.693067707293395, 54.016592542414649, 0.0 ], [ -117.692866544899999, 54.016657348264097, 0.0 ], [ -117.692607189667697, 54.01677391118352, 0.0 ], [ -117.6920357257831, 54.017139490261641, 0.0 ], [ -117.691914073673701, 54.017256548594283, 0.0 ], [ -117.691727293313804, 54.017504814284919, 0.0 ], [ -117.691589352026796, 54.017796510394263, 0.0 ], [ -117.691610924834706, 54.01814381972234, 0.0 ], [ -117.691658106792104, 54.018303367744373, 0.0 ], [ -117.691793647067499, 54.018600148551293, 0.0 ], [ -117.691994932553499, 54.018854800738303, 0.0 ], [ -117.692260893394007, 54.019119000115687, 0.0 ], [ -117.692453888044895, 54.019521832936178, 0.0 ], [ -117.692452424020502, 54.019867374645322, 0.0 ], [ -117.692315874153493, 54.020337206297192, 0.0 ], [ -117.691995456976102, 54.020703265105247, 0.0 ], [ -117.691853817723597, 54.020806078423213, 0.0 ], [ -117.691635959208199, 54.020870239618517, 0.0 ], [ -117.691370056143299, 54.020850451999252, 0.0 ], [ -117.691142836275404, 54.020796542690171, 0.0 ], [ -117.689940152000304, 54.020367207307068, 0.0 ], [ -117.689740850043705, 54.020303091147063, 0.0 ], [ -117.689280572471901, 54.020188878355093, 0.0 ], [ -117.6890232093306, 54.020158141458772, 0.0 ], [ -117.688389165519894, 54.020164549967539, 0.0 ], [ -117.688128139052296, 54.020207297642173, 0.0 ], [ -117.687896254097296, 54.0202646781431, 0.0 ], [ -117.687693525978304, 54.020335581367611, 0.0 ], [ -117.687536113007894, 54.020436504506982, 0.0 ], [ -117.687442352597898, 54.02056172359719, 0.0 ], [ -117.687376248628695, 54.020710755903103, 0.0 ], [ -117.687261998003393, 54.021120788508917, 0.0 ], [ -117.687084597723299, 54.021479053034263, 0.0 ], [ -117.686993984603603, 54.021613929830117, 0.0 ], [ -117.686886500703693, 54.021742070940611, 0.0 ], [ -117.686520585029797, 54.022096465790348, 0.0 ], [ -117.686387688617202, 54.022209923480219, 0.0 ], [ -117.686080777934905, 54.022421872360198, 0.0 ], [ -117.685602828676195, 54.022716084934117, 0.0 ], [ -117.685297661233804, 54.022840214145873, 0.0 ], [ -117.684654184144094, 54.023032343640459, 0.0 ], [ -117.684231808379096, 54.023177743563387, 0.0 ], [ -117.683348998035896, 54.023601008526057, 0.0 ], [ -117.682974436277107, 54.02373980264457, 0.0 ], [ -117.682837965819104, 54.023776549707179, 0.0 ], [ -117.682754862649901, 54.02379893076295, 0.0 ], [ -117.682277118432495, 54.023883433753717, 0.0 ], [ -117.681119829596696, 54.024134356617822, 0.0 ], [ -117.680526441806407, 54.024235208992373, 0.0 ], [ -117.679135588629293, 54.024468969665243, 0.0 ], [ -117.678851945366702, 54.024487080253436, 0.0 ], [ -117.678232790367105, 54.02446782156094, 0.0 ], [ -117.677451047141503, 54.024351660951559, 0.0 ], [ -117.676507932234699, 54.024162892990837, 0.0 ], [ -117.675267834883996, 54.023937041410917, 0.0 ], [ -117.674539221246405, 54.023785150929328, 0.0 ], [ -117.674107873572495, 54.02365791271005, 0.0 ], [ -117.673866299721993, 54.02360405369879, 0.0 ], [ -117.673108259520802, 54.02345675088295, 0.0 ], [ -117.672222322603901, 54.023217699778662, 0.0 ], [ -117.671492834182999, 54.023064698778462, 0.0 ], [ -117.6709925023506, 54.022985421945968, 0.0 ], [ -117.670717342536093, 54.022956641518498, 0.0 ], [ -117.670068560532897, 54.02295111981509, 0.0 ], [ -117.669733878913902, 54.022967300265293, 0.0 ], [ -117.6687301281289, 54.023075177887108, 0.0 ], [ -117.668291484558793, 54.023161597014678, 0.0 ], [ -117.667830897061194, 54.023306255430178, 0.0 ], [ -117.667174123012103, 54.023529468144233, 0.0 ], [ -117.666844582105895, 54.023641404097503, 0.0 ], [ -117.666345123809194, 54.023713777996882, 0.0 ], [ -117.666069568736006, 54.023736770682497, 0.0 ], [ -117.664516490950305, 54.023716462886199, 0.0 ], [ -117.6642913674429, 54.023680655943728, 0.0 ], [ -117.664051709928003, 54.023608855577088, 0.0 ], [ -117.663882439430594, 54.023523197879463, 0.0 ], [ -117.663570095027396, 54.02332892637471, 0.0 ], [ -117.663207567309499, 54.023163913757301, 0.0 ], [ -117.662986303255593, 54.023104804089797, 0.0 ], [ -117.661688386832296, 54.022923108187342, 0.0 ], [ -117.661226147193503, 54.02282360438997, 0.0 ], [ -117.660050597284197, 54.022365004540383, 0.0 ], [ -117.659349630872697, 54.022024894593997, 0.0 ], [ -117.658924108635702, 54.021887920499097, 0.0 ], [ -117.658251837279096, 54.021721837574489, 0.0 ], [ -117.657492179005501, 54.021605185404461, 0.0 ], [ -117.657186274463101, 54.021596604548058, 0.0 ], [ -117.656606482305904, 54.021619121392597, 0.0 ], [ -117.655749597288604, 54.021709269990772, 0.0 ], [ -117.6547888749419, 54.021846276181464, 0.0 ], [ -117.654517990439103, 54.02186606311718, 0.0 ], [ -117.654230695053101, 54.021883534310433, 0.0 ], [ -117.653921835800105, 54.021883019068603, 0.0 ], [ -117.653314784773997, 54.021859411074388, 0.0 ], [ -117.652492106210104, 54.021770785832153, 0.0 ], [ -117.649909014343606, 54.02138081882817, 0.0 ], [ -117.649346403575706, 54.021339231907362, 0.0 ], [ -117.649093351607405, 54.021306263856523, 0.0 ], [ -117.648605311350494, 54.021215127558463, 0.0 ], [ -117.648072039214995, 54.021172701779442, 0.0 ], [ -117.647854678445299, 54.021129257493712, 0.0 ], [ -117.647745202424602, 54.021098341965313, 0.0 ], [ -117.647403627726803, 54.021001735319132, 0.0 ], [ -117.646909427738706, 54.020899741195493, 0.0 ], [ -117.646156357066502, 54.02077875409217, 0.0 ], [ -117.645660188805707, 54.020683219370042, 0.0 ], [ -117.644747369834604, 54.020463134965247, 0.0 ], [ -117.644459421683905, 54.020434174154403, 0.0 ], [ -117.643516820134494, 54.020417832427107, 0.0 ], [ -117.643053995069494, 54.020426161540698, 0.0 ], [ -117.642922459271801, 54.020433696984227, 0.0 ], [ -117.642683929780901, 54.02047963265224, 0.0 ], [ -117.642469607546303, 54.020547380357591, 0.0 ], [ -117.642302413132995, 54.020635497154871, 0.0 ], [ -117.642172278857004, 54.020743928502682, 0.0 ], [ -117.642089039400702, 54.02088297366619, 0.0 ], [ -117.642010271861906, 54.021129399530849, 0.0 ], [ -117.641988678457807, 54.021191883831449, 0.0 ], [ -117.6417869991418, 54.021378587087618, 0.0 ], [ -117.641503588912897, 54.021383006577977, 0.0 ], [ -117.641151201043897, 54.021129387270527, 0.0 ], [ -117.640937682704504, 54.020964097324537, 0.0 ], [ -117.640781510693202, 54.020869897014052, 0.0 ], [ -117.640255612717397, 54.020608929148914, 0.0 ], [ -117.640098599168297, 54.020511477888419, 0.0 ], [ -117.639954916090602, 54.02038777378354, 0.0 ], [ -117.639586509250094, 54.020067671521943, 0.0 ], [ -117.639359689950695, 54.019831445912963, 0.0 ], [ -117.639218520621498, 54.019723891023119, 0.0 ], [ -117.639013303322798, 54.019648689916629, 0.0 ], [ -117.638111140689304, 54.019409231776038, 0.0 ], [ -117.637376818663796, 54.019273247055047, 0.0 ], [ -117.636689516049799, 54.019198645630297, 0.0 ], [ -117.636259271122697, 54.019214826985703, 0.0 ], [ -117.635799160905094, 54.019283350268928, 0.0 ], [ -117.635280876775994, 54.019380529468243, 0.0 ], [ -117.635080296743894, 54.019447846487729, 0.0 ], [ -117.634529832087097, 54.019686394725973, 0.0 ], [ -117.633644869435898, 54.020104943310898, 0.0 ], [ -117.633501255698704, 54.020202439965317, 0.0 ], [ -117.633215683926295, 54.020584182756593, 0.0 ], [ -117.633010630240605, 54.021128988561941, 0.0 ], [ -117.632948463587994, 54.021360614370693, 0.0 ], [ -117.632838585307397, 54.02155099473805, 0.0 ], [ -117.631993276528604, 54.022122852887378, 0.0 ], [ -117.631350792503994, 54.022423795483071, 0.0 ], [ -117.6309740507144, 54.022573577044056, 0.0 ], [ -117.630659489749902, 54.022670725164822, 0.0 ], [ -117.629323140077304, 54.023030730639412, 0.0 ], [ -117.628848638169501, 54.023127982851307, 0.0 ], [ -117.627942064254199, 54.023346608425918, 0.0 ], [ -117.627275024712006, 54.023552789756771, 0.0 ], [ -117.626573477135295, 54.023710628376527, 0.0 ], [ -117.626076218052802, 54.023801195695569, 0.0 ], [ -117.625190327365502, 54.024034020700277, 0.0 ], [ -117.624336836874207, 54.024293028273448, 0.0 ], [ -117.624128546712299, 54.024370511082623, 0.0 ], [ -117.623769598002895, 54.024536783238808, 0.0 ], [ -117.623379842711302, 54.024689273784368, 0.0 ], [ -117.623045133705602, 54.024873564533458, 0.0 ], [ -117.622910197691397, 54.024989480595522, 0.0 ], [ -117.622816029691904, 54.025120325069373, 0.0 ], [ -117.622812495253996, 54.025293538033146, 0.0 ], [ -117.622978217883599, 54.02594211226031, 0.0 ], [ -117.623218444234695, 54.026725189964132, 0.0 ], [ -117.623292760715501, 54.02686402851694, 0.0 ], [ -117.623672100765006, 54.027407099222003, 0.0 ], [ -117.624299877007999, 54.028161802374051, 0.0 ], [ -117.624356348388204, 54.028317731723007, 0.0 ], [ -117.624346150423307, 54.028356300249179, 0.0 ], [ -117.624314766215093, 54.028474957951168, 0.0 ], [ -117.624210555308807, 54.028605178179852, 0.0 ], [ -117.623960780427296, 54.028838795231728, 0.0 ], [ -117.623810256700295, 54.028951324340667, 0.0 ], [ -117.623637406367706, 54.029042615668963, 0.0 ], [ -117.623253882847493, 54.029201113280607, 0.0 ], [ -117.622649185937405, 54.029400267980741, 0.0 ], [ -117.622188580622307, 54.029492764341931, 0.0 ], [ -117.621922999867905, 54.029515216126157, 0.0 ], [ -117.621323141771299, 54.029493673809903, 0.0 ], [ -117.620276373625998, 54.029347770886183, 0.0 ], [ -117.619507857211204, 54.02921569363064, 0.0 ], [ -117.619263456150605, 54.029167623285439, 0.0 ], [ -117.618742268773104, 54.029030821730309, 0.0 ], [ -117.618414849230902, 54.028910687110859, 0.0 ], [ -117.6182815868235, 54.028838113604372, 0.0 ], [ -117.617798570896895, 54.028528461472078, 0.0 ], [ -117.617572050264798, 54.028355100454533, 0.0 ], [ -117.617384785334806, 54.028178571516769, 0.0 ], [ -117.617209964321106, 54.027931668172542, 0.0 ], [ -117.6170658222143, 54.027444113782877, 0.0 ], [ -117.616932370761205, 54.026725428963722, 0.0 ], [ -117.616673932577697, 54.026006616383562, 0.0 ], [ -117.616407770886298, 54.025594055621447, 0.0 ], [ -117.616310178271803, 54.025470132445072, 0.0 ], [ -117.615936146221898, 54.025117590426802, 0.0 ], [ -117.615799849046397, 54.024998171977487, 0.0 ], [ -117.615642860634793, 54.024901776985359, 0.0 ], [ -117.615434951634697, 54.024826507153897, 0.0 ], [ -117.615197022295405, 54.024773092798007, 0.0 ], [ -117.614716461617306, 54.024680809978157, 0.0 ], [ -117.614467931645194, 54.024648358707537, 0.0 ], [ -117.613602131527003, 54.024597397628924, 0.0 ], [ -117.612979621732094, 54.024602042692017, 0.0 ], [ -117.612687066145696, 54.024624538350487, 0.0 ], [ -117.612159557227798, 54.024696668744397, 0.0 ], [ -117.611683441047205, 54.024783578234519, 0.0 ], [ -117.611241317158203, 54.024903184589029, 0.0 ], [ -117.610864745395205, 54.025074120544289, 0.0 ], [ -117.610198916667201, 54.02544050049292, 0.0 ], [ -117.609672608188305, 54.025695345744843, 0.0 ], [ -117.609482718931702, 54.025771352603243, 0.0 ], [ -117.609068608439301, 54.025842784712736, 0.0 ], [ -117.608675454537703, 54.025830435737987, 0.0 ], [ -117.607541215729697, 54.025566080953212, 0.0 ], [ -117.606201001431003, 54.025270946938043, 0.0 ], [ -117.6056198334188, 54.02514255962425, 0.0 ], [ -117.605081259989305, 54.025080719947837, 0.0 ], [ -117.604492135254304, 54.0250368254123, 0.0 ], [ -117.603239626261001, 54.025002172381143, 0.0 ], [ -117.602950387941803, 54.02500974067862, 0.0 ], [ -117.602147774124802, 54.02510007672241, 0.0 ], [ -117.601158405660897, 54.025253340735809, 0.0 ], [ -117.600534097150899, 54.025437683314813, 0.0 ], [ -117.600352807226102, 54.02551854069516, 0.0 ], [ -117.600030218787794, 54.025702565917392, 0.0 ], [ -117.599501297929606, 54.025937825557023, 0.0 ], [ -117.599336361650401, 54.026038954295217, 0.0 ], [ -117.599075761976195, 54.026263012572961, 0.0 ], [ -117.598718387434403, 54.026429114291297, 0.0 ], [ -117.598316650712206, 54.026567934650217, 0.0 ], [ -117.598220046176095, 54.026693011212977, 0.0 ], [ -117.598306734394697, 54.02682042499778, 0.0 ], [ -117.598259956366306, 54.026953850234428, 0.0 ], [ -117.598000669723007, 54.02722559440415, 0.0 ], [ -117.597929153912901, 54.027565470691613, 0.0 ], [ -117.597777355327295, 54.02805233476505, 0.0 ], [ -117.597815201889503, 54.02834942518458, 0.0 ], [ -117.597926130310796, 54.028695432513857, 0.0 ], [ -117.597878859674907, 54.029097276246681, 0.0 ], [ -117.597799182192901, 54.0293684969296, 0.0 ], [ -117.597722724837993, 54.029511225920928, 0.0 ], [ -117.597575439702098, 54.029606734824981, 0.0 ], [ -117.597339969181803, 54.029653637467767, 0.0 ], [ -117.596144342331201, 54.029683677301932, 0.0 ], [ -117.5955793034084, 54.029720103238482, 0.0 ], [ -117.593967187424198, 54.029699032776911, 0.0 ], [ -117.593506501979604, 54.029685717048622, 0.0 ], [ -117.592164859114504, 54.029707032883309, 0.0 ], [ -117.588976668782706, 54.029647349223318, 0.0 ], [ -117.587983097071302, 54.029660730181547, 0.0 ], [ -117.586915604065695, 54.029739917251419, 0.0 ], [ -117.586328418675805, 54.02976184666926, 0.0 ], [ -117.585241553414804, 54.029866710637968, 0.0 ], [ -117.584988915818798, 54.029908930408311, 0.0 ], [ -117.584374217927802, 54.030133878674839, 0.0 ], [ -117.584152985200006, 54.030188576324427, 0.0 ], [ -117.583910038473803, 54.030238014690212, 0.0 ], [ -117.583083379906, 54.030344137050413, 0.0 ], [ -117.582608418278596, 54.030344769376512, 0.0 ], [ -117.581426127531699, 54.030312846645977, 0.0 ], [ -117.579677435762505, 54.030314118336783, 0.0 ], [ -117.579252862919105, 54.030292512800479, 0.0 ], [ -117.578697184456104, 54.030240487110113, 0.0 ], [ -117.578172836337004, 54.030168529911762, 0.0 ], [ -117.5775240295972, 54.029973821866577, 0.0 ], [ -117.577275317915394, 54.029926492010361, 0.0 ], [ -117.576899629682899, 54.029768784119227, 0.0 ], [ -117.576040242651203, 54.029517427031671, 0.0 ], [ -117.576025107179206, 54.029513570044827, 0.0 ], [ -117.5758222295091, 54.029461802670077, 0.0 ], [ -117.575765719551399, 54.029418287167822, 0.0 ], [ -117.575760242546806, 54.029414061224571, 0.0 ], [ -117.575689319733897, 54.029359421983543, 0.0 ], [ -117.575592614885906, 54.029231796215157, 0.0 ], [ -117.575526120131201, 54.029088537510901, 0.0 ], [ -117.575403319557495, 54.028954899672677, 0.0 ], [ -117.5751236940349, 54.028765111800134, 0.0 ], [ -117.574928565091895, 54.028693944426699, 0.0 ], [ -117.574760151914504, 54.028603305528357, 0.0 ], [ -117.574352596994203, 54.028343866421331, 0.0 ], [ -117.574135841985395, 54.028204983512261, 0.0 ], [ -117.573722505754404, 54.028190151488573, 0.0 ], [ -117.573225989478203, 54.028343557355669, 0.0 ], [ -117.573116969056898, 54.028382285406821, 0.0 ], [ -117.572732434372099, 54.028538087041071, 0.0 ], [ -117.572586409733404, 54.028643312755882, 0.0 ], [ -117.571895654573495, 54.02923659630553, 0.0 ], [ -117.571568298765101, 54.02962347267723, 0.0 ], [ -117.571270409372602, 54.030041687737089, 0.0 ], [ -117.571001032943897, 54.030289822724697, 0.0 ], [ -117.5708943123757, 54.030414138455733, 0.0 ], [ -117.570397666783805, 54.031096396424132, 0.0 ], [ -117.570279655435101, 54.031411093770508, 0.0 ], [ -117.570291403803296, 54.031582473884868, 0.0 ], [ -117.570361834286999, 54.031737667463439, 0.0 ], [ -117.570365629917802, 54.031920222159677, 0.0 ], [ -117.570267162465797, 54.032246640974982, 0.0 ], [ -117.570081894315706, 54.033290573027728, 0.0 ], [ -117.569758480972396, 54.034294093687762, 0.0 ], [ -117.569623622280105, 54.03479960935644, 0.0 ], [ -117.569469675674895, 54.035083384454211, 0.0 ], [ -117.569392372005296, 54.035286828987047, 0.0 ], [ -117.569284204379002, 54.03557070613958, 0.0 ], [ -117.569027720270697, 54.035770990645943, 0.0 ], [ -117.568731482484907, 54.035927339159073, 0.0 ], [ -117.568529667358803, 54.036040176550593, 0.0 ], [ -117.568272617073305, 54.036263170284784, 0.0 ], [ -117.568118189367397, 54.036353113008772, 0.0 ], [ -117.567919229864003, 54.036419003924877, 0.0 ], [ -117.567345681561505, 54.036441088609124, 0.0 ], [ -117.566402313377793, 54.036415701739109, 0.0 ], [ -117.565626473363494, 54.036312475440461, 0.0 ], [ -117.565366739650003, 54.036350468655733, 0.0 ], [ -117.565316771701902, 54.036369146028413, 0.0 ], [ -117.564803565692898, 54.036550662304641, 0.0 ], [ -117.564361700167694, 54.036881914049808, 0.0 ], [ -117.5638019634507, 54.037120753371077, 0.0 ], [ -117.563302314263296, 54.03740176504337, 0.0 ], [ -117.563163711756204, 54.037504424246563, 0.0 ], [ -117.562752397032796, 54.038048429226762, 0.0 ], [ -117.5624491191207, 54.038646308157958, 0.0 ], [ -117.562400911768805, 54.038823024202053, 0.0 ], [ -117.562390520216098, 54.039013411096597, 0.0 ], [ -117.562461881572702, 54.039352211153968, 0.0 ], [ -117.5625219849328, 54.039511546188173, 0.0 ], [ -117.562601822664405, 54.039645333186812, 0.0 ], [ -117.562970945823494, 54.040007591409683, 0.0 ], [ -117.563409456178505, 54.040325804233873, 0.0 ], [ -117.563547172799701, 54.040424514369988, 0.0 ], [ -117.563928121962405, 54.040604500941278, 0.0 ], [ -117.564078075111794, 54.04070693389253, 0.0 ], [ -117.564198276094203, 54.040830978726198, 0.0 ], [ -117.564315319380299, 54.041139868635817, 0.0 ], [ -117.564394915311794, 54.041278513857371, 0.0 ], [ -117.564417767452895, 54.04144794017995, 0.0 ], [ -117.5643972834132, 54.041621403174972, 0.0 ], [ -117.564284057088997, 54.041947528247803, 0.0 ], [ -117.564212158503807, 54.042289546619109, 0.0 ], [ -117.564062223851295, 54.042582584964762, 0.0 ], [ -117.563962986556206, 54.042720003364877, 0.0 ], [ -117.563827264076394, 54.042836753202252, 0.0 ], [ -117.563555895590298, 54.04298308124956, 0.0 ], [ -117.563303702077306, 54.043100578802367, 0.0 ], [ -117.563045030557603, 54.043133481899332, 0.0 ], [ -117.562763709157096, 54.043144346718357, 0.0 ], [ -117.562506591691502, 54.043182670518433, 0.0 ], [ -117.5622231545414, 54.043198894771798, 0.0 ], [ -117.561942507780799, 54.043163888846088, 0.0 ], [ -117.561715404034103, 54.043106126097598, 0.0 ], [ -117.561518314433499, 54.04303652722124, 0.0 ], [ -117.561425340486196, 54.042984295029569, 0.0 ], [ -117.561203644382203, 54.042835650725998, 0.0 ], [ -117.5609386697829, 54.042614669238162, 0.0 ], [ -117.560706495032704, 54.042481669744078, 0.0 ], [ -117.560341899938607, 54.042204365800551, 0.0 ], [ -117.5601774375817, 54.042108372283572, 0.0 ], [ -117.559567042854098, 54.041897030829411, 0.0 ], [ -117.5588296180226, 54.041587785924207, 0.0 ], [ -117.558693572283801, 54.041464199115957, 0.0 ], [ -117.558607597501407, 54.041325418077271, 0.0 ], [ -117.558565286813206, 54.041176682631907, 0.0 ], [ -117.558669372228294, 54.041035043534869, 0.0 ], [ -117.558791088389498, 54.040922888935533, 0.0 ], [ -117.5589458498075, 54.040626173144311, 0.0 ], [ -117.558997011227305, 54.040462468922833, 0.0 ], [ -117.558989984758597, 54.039878513907873, 0.0 ], [ -117.559042236637197, 54.039585953862513, 0.0 ], [ -117.559040156797295, 54.039406121489009, 0.0 ], [ -117.558972616594104, 54.039266089228043, 0.0 ], [ -117.558631429144896, 54.038913534455929, 0.0 ], [ -117.558500660819305, 54.0388057729133, 0.0 ], [ -117.558330358317605, 54.038716153223518, 0.0 ], [ -117.558120898287896, 54.038654934123443, 0.0 ], [ -117.557870765156096, 54.038616179087619, 0.0 ], [ -117.557627776759304, 54.038648281876569, 0.0 ], [ -117.557407712393498, 54.038713753361137, 0.0 ], [ -117.557153731279499, 54.038745102431719, 0.0 ], [ -117.556936893151303, 54.038801992251408, 0.0 ], [ -117.556645997268205, 54.038926334491151, 0.0 ], [ -117.556346519702799, 54.039029424388453, 0.0 ], [ -117.555992381985703, 54.039198166459613, 0.0 ], [ -117.554980616145201, 54.039549329216882, 0.0 ], [ -117.5547915890795, 54.039633747899458, 0.0 ], [ -117.554273995070602, 54.039922489414423, 0.0 ], [ -117.553910910711906, 54.040101709200442, 0.0 ], [ -117.5532324154739, 54.040481463455421, 0.0 ], [ -117.552666564822104, 54.040757967270807, 0.0 ], [ -117.552327525741902, 54.040923180065818, 0.0 ], [ -117.551750473321704, 54.041141127495003, 0.0 ], [ -117.551435865714197, 54.041324116812568, 0.0 ], [ -117.550856138803795, 54.041573850904079, 0.0 ], [ -117.550683045785405, 54.041668824825031, 0.0 ], [ -117.550375479799399, 54.0418740772079, 0.0 ], [ -117.549844060368102, 54.042129051027644, 0.0 ], [ -117.549577150889803, 54.042345336267893, 0.0 ], [ -117.548968762101296, 54.042990683957399, 0.0 ], [ -117.548848099775896, 54.043124593472527, 0.0 ], [ -117.548553015880302, 54.043535781100623, 0.0 ], [ -117.547930506727795, 54.044145367423823, 0.0 ], [ -117.547733758080497, 54.044419671085627, 0.0 ], [ -117.547528713031795, 54.044605470959013, 0.0 ], [ -117.546501254189906, 54.045426871227633, 0.0 ], [ -117.546042260929397, 54.045715077982273, 0.0 ], [ -117.545687446438905, 54.045894581511376, 0.0 ], [ -117.5454897891304, 54.045969097884623, 0.0 ], [ -117.545268131781597, 54.046029117140101, 0.0 ], [ -117.544737552092698, 54.046099981521948, 0.0 ], [ -117.544465945099006, 54.046118013270103, 0.0 ], [ -117.544410802616397, 54.046107006965201, 0.0 ], [ -117.544223687304495, 54.046069644984101, 0.0 ], [ -117.543994156724807, 54.046056091396842, 0.0 ], [ -117.543949222547198, 54.046077026665749, 0.0 ], [ -117.543822736880699, 54.046135955235258, 0.0 ], [ -117.543557472044895, 54.046121173880742, 0.0 ], [ -117.543037041800304, 54.046042671485047, 0.0 ], [ -117.542605273481897, 54.045918884422022, 0.0 ], [ -117.542386712238795, 54.045857471470413, 0.0 ], [ -117.541993525693201, 54.045717142485991, 0.0 ], [ -117.541306731832705, 54.045377362017852, 0.0 ], [ -117.5403566525016, 54.044806852782891, 0.0 ], [ -117.5403909371434, 54.044667672467142, 0.0 ], [ -117.540549245743506, 54.044573523663892, 0.0 ], [ -117.540784967804498, 54.044525116890327, 0.0 ], [ -117.540910703950402, 54.044424924003543, 0.0 ], [ -117.540719698630795, 54.044345155732692, 0.0 ], [ -117.540513040781903, 54.044283955540394, 0.0 ], [ -117.540262794780602, 54.044262981766742, 0.0 ], [ -117.540038097749999, 54.044311601542013, 0.0 ], [ -117.539764173584899, 54.044337130609946, 0.0 ], [ -117.539335580740101, 54.044473092669591, 0.0 ], [ -117.538661040473201, 54.04462647856802, 0.0 ], [ -117.538277832394101, 54.044787601781493, 0.0 ], [ -117.537804586390195, 54.044885440428743, 0.0 ], [ -117.536926027177302, 54.04511104631748, 0.0 ], [ -117.536757665705807, 54.045202304813692, 0.0 ], [ -117.536390728203202, 54.045533271759702, 0.0 ], [ -117.536286872265904, 54.045653851956189, 0.0 ], [ -117.536250774498995, 54.045905536027782, 0.0 ], [ -117.536242013425905, 54.045966678956439, 0.0 ], [ -117.536118859648298, 54.046085808894993, 0.0 ], [ -117.535397534807998, 54.046421312251567, 0.0 ], [ -117.535234201442293, 54.046520763172524, 0.0 ], [ -117.534666909208994, 54.046940743903633, 0.0 ], [ -117.534348038328105, 54.04713279638851, 0.0 ], [ -117.533983298695006, 54.047307208766263, 0.0 ], [ -117.533595827672002, 54.047462840833653, 0.0 ], [ -117.532982316966695, 54.047854389135047, 0.0 ], [ -117.532584445562605, 54.048179350793603, 0.0 ], [ -117.532363814808207, 54.04843589904506, 0.0 ], [ -117.532293651652793, 54.048576008871407, 0.0 ], [ -117.532191754498399, 54.048708499064567, 0.0 ], [ -117.531989813834798, 54.049158150637147, 0.0 ], [ -117.531962891688707, 54.049329879452507, 0.0 ], [ -117.532051357192302, 54.049654976367187, 0.0 ], [ -117.532046614396094, 54.050225602343829, 0.0 ], [ -117.532069568561894, 54.050352370066499, 0.0 ], [ -117.532161583368705, 54.050479395446153, 0.0 ], [ -117.532301274006201, 54.050592228218449, 0.0 ], [ -117.532603389435593, 54.050785917618377, 0.0 ], [ -117.532766641168394, 54.050870569391172, 0.0 ], [ -117.533195996222503, 54.051004603529833, 0.0 ], [ -117.533519157414204, 54.05113556973312, 0.0 ], [ -117.533720396844501, 54.051260331326439, 0.0 ], [ -117.533723303771197, 54.051407781609612, 0.0 ], [ -117.533519788143096, 54.051668983451563, 0.0 ], [ -117.533388485496104, 54.051786872621797, 0.0 ], [ -117.533233667796395, 54.051881620546567, 0.0 ], [ -117.533056635854706, 54.051962995270863, 0.0 ], [ -117.532641435675302, 54.052086234526342, 0.0 ], [ -117.532420349848707, 54.05213652535781, 0.0 ], [ -117.532131285348996, 54.052153118398678, 0.0 ], [ -117.5318654221077, 54.052200886000037, 0.0 ], [ -117.531635350500395, 54.052226208866387, 0.0 ], [ -117.531569048132198, 54.052226008805967, 0.0 ], [ -117.531336350387207, 54.052225324920542, 0.0 ], [ -117.530284738180001, 54.052111260374431, 0.0 ], [ -117.530205312133504, 54.052102641163948, 0.0 ], [ -117.529620563972003, 54.051873822212379, 0.0 ], [ -117.529180633972103, 54.051733092128771, 0.0 ], [ -117.528825351058103, 54.051571312387168, 0.0 ], [ -117.528374645906595, 54.051442248460219, 0.0 ], [ -117.528091942320799, 54.051256584033332, 0.0 ], [ -117.527787266449295, 54.051031416399987, 0.0 ], [ -117.527447782785003, 54.050848867505373, 0.0 ], [ -117.527273832467301, 54.050759138695902, 0.0 ], [ -117.526659363148795, 54.050539984050118, 0.0 ], [ -117.526120690941198, 54.050227313147822, 0.0 ], [ -117.525528290808595, 54.049874642130192, 0.0 ], [ -117.524540000344999, 54.049478751809907, 0.0 ], [ -117.524378775028694, 54.049391958061612, 0.0 ], [ -117.523978264337003, 54.049070010051892, 0.0 ], [ -117.523904025026994, 54.048962603007602, 0.0 ], [ -117.523808845349606, 54.048635344583147, 0.0 ], [ -117.523792908254194, 54.048460099906379, 0.0 ], [ -117.5238108814127, 54.048284971570688, 0.0 ], [ -117.523940077431803, 54.047974841354772, 0.0 ], [ -117.524063632064596, 54.047849262615479, 0.0 ], [ -117.524762030316097, 54.047317919180067, 0.0 ], [ -117.525564469695297, 54.047043428776931, 0.0 ], [ -117.526012367376893, 54.046840157505287, 0.0 ], [ -117.526283502482499, 54.046701996694871, 0.0 ], [ -117.526414871319702, 54.046598170830258, 0.0 ], [ -117.526619387034799, 54.046352654830258, 0.0 ], [ -117.526753482990998, 54.046251563930618, 0.0 ], [ -117.526972701234001, 54.046003641660661, 0.0 ], [ -117.527081934700703, 54.045870764254587, 0.0 ], [ -117.527179122692104, 54.045707473515058, 0.0 ], [ -117.527362688273698, 54.045276299319113, 0.0 ], [ -117.527379683066599, 54.045102235005821, 0.0 ], [ -117.527308560031301, 54.044780151154768, 0.0 ], [ -117.527245681663402, 54.044623989104068, 0.0 ], [ -117.5271484751065, 54.044490370445878, 0.0 ], [ -117.526899172828195, 54.044254491997293, 0.0 ], [ -117.526621224558795, 54.044056932259309, 0.0 ], [ -117.526454049744999, 54.043961926180828, 0.0 ], [ -117.525734042440405, 54.043611157424891, 0.0 ], [ -117.525319126616495, 54.043541434225652, 0.0 ], [ -117.524101965897898, 54.043494964793346, 0.0 ], [ -117.5228236046826, 54.043724364606057, 0.0 ], [ -117.522338009971506, 54.043811494074532, 0.0 ], [ -117.522022499393401, 54.043893409511917, 0.0 ], [ -117.521500481678302, 54.044146286733337, 0.0 ], [ -117.521196926568905, 54.044339628605293, 0.0 ], [ -117.520837824242804, 54.044507712588413, 0.0 ], [ -117.520648578965705, 54.044577771447173, 0.0 ], [ -117.520215230423304, 54.04470117165561, 0.0 ], [ -117.5199858875648, 54.044753609725582, 0.0 ], [ -117.519627241109106, 54.044806016619951, 0.0 ], [ -117.519166416891906, 54.044896668351527, 0.0 ], [ -117.518800984985404, 54.044999377113733, 0.0 ], [ -117.518547092501905, 54.045040868326758, 0.0 ], [ -117.518295829298197, 54.044993855507599, 0.0 ], [ -117.518126823331897, 54.0449128631601, 0.0 ], [ -117.517047713169106, 54.044805823031211, 0.0 ], [ -117.516831649006605, 54.044740706857958, 0.0 ], [ -117.516585784629598, 54.044699132226349, 0.0 ], [ -117.516288952537906, 54.044684198071671, 0.0 ], [ -117.516042337930202, 54.044632900987928, 0.0 ], [ -117.515405963607407, 54.044441390965197, 0.0 ], [ -117.514609983764998, 54.044248803496806, 0.0 ], [ -117.514066387738296, 54.044101597727099, 0.0 ], [ -117.513699058690406, 54.043939946229479, 0.0 ], [ -117.513265620830197, 54.043829095181877, 0.0 ], [ -117.5128758735529, 54.043689417658832, 0.0 ], [ -117.512555866724597, 54.043497835629509, 0.0 ], [ -117.512387828032502, 54.043415765525431, 0.0 ], [ -117.512182041283396, 54.043340985147779, 0.0 ], [ -117.511765324104204, 54.043220545914728, 0.0 ], [ -117.511351485678702, 54.043177732807763, 0.0 ], [ -117.510425769364701, 54.043071224091378, 0.0 ], [ -117.510190478795195, 54.043002230013691, 0.0 ], [ -117.510128130909493, 54.042983951916497, 0.0 ], [ -117.5098526982256, 54.042928133671303, 0.0 ], [ -117.508614736722194, 54.042931669619733, 0.0 ], [ -117.507957478781094, 54.042975580205251, 0.0 ], [ -117.507706974965899, 54.04288237897449, 0.0 ], [ -117.507605671381199, 54.042764031579708, 0.0 ], [ -117.507374671376098, 54.042713365190878, 0.0 ], [ -117.507118501833304, 54.042683037439858, 0.0 ], [ -117.507082123264198, 54.042675044092583, 0.0 ], [ -117.506672027193304, 54.042585043680234, 0.0 ], [ -117.506404761905401, 54.04256003110504, 0.0 ], [ -117.5061101161332, 54.04257530239142, 0.0 ], [ -117.505889801031699, 54.042634798806063, 0.0 ], [ -117.505695282888198, 54.042763844577443, 0.0 ], [ -117.5052908768713, 54.043002812019623, 0.0 ], [ -117.505122555537397, 54.043139057401703, 0.0 ], [ -117.505021904501106, 54.04326789669944, 0.0 ], [ -117.504886129506701, 54.043740812002007, 0.0 ], [ -117.504608831763306, 54.04394724405357, 0.0 ], [ -117.504496412985603, 54.044068997876948, 0.0 ], [ -117.504294536573795, 54.044206941347873, 0.0 ], [ -117.5040793950227, 54.044386728021507, 0.0 ], [ -117.503771031272194, 54.044585934507083, 0.0 ], [ -117.503495399388896, 54.044801012067929, 0.0 ], [ -117.503280948031502, 54.044871941522281, 0.0 ], [ -117.502081923172298, 54.044866439166292, 0.0 ], [ -117.501812791752599, 54.044842483137437, 0.0 ], [ -117.501330832585296, 54.044823309271912, 0.0 ], [ -117.501208303310406, 54.044818444394551, 0.0 ], [ -117.501085852670897, 54.04479428359906, 0.0 ], [ -117.500955895496901, 54.044768650040943, 0.0 ], [ -117.500521006983007, 54.044639948138617, 0.0 ], [ -117.500301321099798, 54.044573155467482, 0.0 ], [ -117.500112973473605, 54.044489349371801, 0.0 ], [ -117.500015851194505, 54.044417837341463, 0.0 ], [ -117.500004740178397, 54.04440965806171, 0.0 ], [ -117.499918748969094, 54.044346348202723, 0.0 ], [ -117.499834747859097, 54.044284489914652, 0.0 ], [ -117.498984726324096, 54.043573909889943, 0.0 ], [ -117.498699754794302, 54.043294012738698, 0.0 ], [ -117.498442274695094, 54.043003289296912, 0.0 ], [ -117.498370515064096, 54.042924245056447, 0.0 ], [ -117.497948842220794, 54.042219787005379, 0.0 ], [ -117.497665946910601, 54.041826044675481, 0.0 ], [ -117.497416611776501, 54.041589050633952, 0.0 ], [ -117.4972572800622, 54.041484883545962, 0.0 ], [ -117.496913047985799, 54.041319013142342, 0.0 ], [ -117.496433893642703, 54.041020535409892, 0.0 ], [ -117.496233830319994, 54.040936051171059, 0.0 ], [ -117.4955796304112, 54.04072648940403, 0.0 ], [ -117.494846345624694, 54.040589000366978, 0.0 ], [ -117.494385526394396, 54.040576819123018, 0.0 ], [ -117.494069737819899, 54.040583754804871, 0.0 ], [ -117.493672629849002, 54.040577968353851, 0.0 ], [ -117.493439737718802, 54.040531568001377, 0.0 ], [ -117.493320920434797, 54.040419581270733, 0.0 ], [ -117.493193119328794, 54.040113787147362, 0.0 ], [ -117.4930707059752, 54.039443747974303, 0.0 ], [ -117.492943854040902, 54.039136341948677, 0.0 ], [ -117.492850034598305, 54.03901265840603, 0.0 ], [ -117.492706306446806, 54.038909671919633, 0.0 ], [ -117.492523616160597, 54.038828548479628, 0.0 ], [ -117.491864955882804, 54.038660490726791, 0.0 ], [ -117.491613665734405, 54.038618284592218, 0.0 ], [ -117.491313826848099, 54.03861838787801, 0.0 ], [ -117.490867686498405, 54.038592672262972, 0.0 ], [ -117.490553266670503, 54.038504678311199, 0.0 ], [ -117.4901778535544, 54.038340715945537, 0.0 ], [ -117.489952595512705, 54.038280341277328, 0.0 ], [ -117.489558490177302, 54.038216284775586, 0.0 ], [ -117.489216870997694, 54.038161387805417, 0.0 ], [ -117.488924750734995, 54.038144264408217, 0.0 ], [ -117.488690941728393, 54.038190678605581, 0.0 ], [ -117.488379289945101, 54.038370407178107, 0.0 ], [ -117.488191574801107, 54.038450058849328, 0.0 ], [ -117.487952227245799, 54.038498595524082, 0.0 ], [ -117.487540148031201, 54.038469361724772, 0.0 ], [ -117.486732343774406, 54.037988400698119, 0.0 ], [ -117.486537807519198, 54.037769072859021, 0.0 ], [ -117.486395827479001, 54.037622322589293, 0.0 ], [ -117.486264188879105, 54.037327840857159, 0.0 ], [ -117.486229832124494, 54.03716569121282, 0.0 ], [ -117.486212341913401, 54.036802369129283, 0.0 ], [ -117.486132722836402, 54.036472606625289, 0.0 ], [ -117.485968575405195, 54.036199497842681, 0.0 ], [ -117.485691181373696, 54.03586526527392, 0.0 ], [ -117.485385211721606, 54.035616917543933, 0.0 ], [ -117.485330559264497, 54.035594027249687, 0.0 ], [ -117.485207011039705, 54.035542277641177, 0.0 ], [ -117.485099515154303, 54.035460924736697, 0.0 ], [ -117.485037225215194, 54.035306736506243, 0.0 ], [ -117.4849417151148, 54.035177627082668, 0.0 ], [ -117.484813818517296, 54.035063956382743, 0.0 ], [ -117.484530907426503, 54.034862303775547, 0.0 ], [ -117.484338939821001, 54.03460516227377, 0.0 ], [ -117.484048354469195, 54.034372427161948, 0.0 ], [ -117.483888838861404, 54.034146014351897, 0.0 ], [ -117.483755302852003, 54.03403930991616, 0.0 ], [ -117.483588322192503, 54.033953427049248, 0.0 ], [ -117.483116574000306, 54.033660338023033, 0.0 ], [ -117.482936783922497, 54.033574356475718, 0.0 ], [ -117.482496115577902, 54.033468749455913, 0.0 ], [ -117.4823015152474, 54.033436265695237, 0.0 ], [ -117.481921340609304, 54.033421575715323, 0.0 ], [ -117.481664902000105, 54.033453788834137, 0.0 ], [ -117.481251610685703, 54.033582053403478, 0.0 ], [ -117.4810809977822, 54.033678001623791, 0.0 ], [ -117.480961054835205, 54.033807769128913, 0.0 ], [ -117.480806882704798, 54.034088407285232, 0.0 ], [ -117.480760367065002, 54.03425862069453, 0.0 ], [ -117.480705476940898, 54.034800066526451, 0.0 ], [ -117.480657657385095, 54.035044802008073, 0.0 ], [ -117.480565631961198, 54.035279407850602, 0.0 ], [ -117.480090231092504, 54.035593575047542, 0.0 ], [ -117.479666682630807, 54.03584951762042, 0.0 ], [ -117.479600346987795, 54.035864725444988, 0.0 ], [ -117.479383631311194, 54.035914433977332, 0.0 ], [ -117.478906283129504, 54.035864653652261, 0.0 ], [ -117.478699333796399, 54.035810382323561, 0.0 ], [ -117.478511242564494, 54.035725944171638, 0.0 ], [ -117.478423572190806, 54.035593376253011, 0.0 ], [ -117.478524443547499, 54.035481027832148, 0.0 ], [ -117.478571383890397, 54.035335105041312, 0.0 ], [ -117.47842032186, 54.035052331248977, 0.0 ], [ -117.478462030852, 54.034893421905949, 0.0 ], [ -117.478552656746899, 54.034763989122631, 0.0 ], [ -117.478744384372504, 54.034758860269598, 0.0 ], [ -117.478909455959098, 54.034801569960479, 0.0 ], [ -117.478840512476594, 54.034637511868347, 0.0 ], [ -117.478821539939105, 54.033569956934002, 0.0 ], [ -117.478709390085797, 54.033448280485082, 0.0 ], [ -117.478574874885894, 54.033345344752497, 0.0 ], [ -117.478314803981505, 54.033195646746549, 0.0 ], [ -117.478048428073606, 54.033084233750998, 0.0 ], [ -117.477827660364895, 54.033030338613067, 0.0 ], [ -117.477432416741195, 54.03290074370647, 0.0 ], [ -117.477197713460598, 54.032854852512543, 0.0 ], [ -117.476595390562196, 54.032856576064702, 0.0 ], [ -117.476349043147096, 54.032889924380903, 0.0 ], [ -117.475884795549803, 54.032998389192713, 0.0 ], [ -117.475624616874597, 54.033034872972159, 0.0 ], [ -117.475368149871599, 54.033023355749869, 0.0 ], [ -117.475120712126696, 54.032793338158093, 0.0 ], [ -117.474710053528298, 54.032474196136967, 0.0 ], [ -117.474216610043598, 54.032395718664652, 0.0 ], [ -117.473883723539799, 54.032221226996043, 0.0 ], [ -117.473700923428297, 54.032148157124347, 0.0 ], [ -117.473152484867398, 54.031991351066672, 0.0 ], [ -117.472532639729593, 54.031895473218391, 0.0 ], [ -117.472102246013506, 54.031782337284511, 0.0 ], [ -117.471101989032604, 54.031607995807377, 0.0 ], [ -117.470536666708199, 54.03154948660373, 0.0 ], [ -117.470063930339194, 54.031436261423877, 0.0 ], [ -117.469603245069393, 54.031337732184667, 0.0 ], [ -117.469370144196105, 54.031302177461633, 0.0 ], [ -117.468795284024097, 54.031260331412703, 0.0 ], [ -117.468018284139902, 54.03115229333747, 0.0 ], [ -117.467541109840397, 54.031065770966443, 0.0 ], [ -117.466937599990004, 54.030919938582109, 0.0 ], [ -117.466846437734404, 54.030897906394181, 0.0 ], [ -117.466605458966399, 54.030858151339203, 0.0 ], [ -117.466059012630197, 54.030807055010939, 0.0 ], [ -117.465864098089696, 54.030776797111983, 0.0 ], [ -117.465292697681605, 54.030672622797923, 0.0 ], [ -117.465082148443699, 54.030615009683451, 0.0 ], [ -117.464840111147097, 54.030570656185162, 0.0 ], [ -117.464289369068197, 54.03051439823669, 0.0 ], [ -117.463670741727995, 54.030509449120267, 0.0 ], [ -117.462548258753799, 54.030578629748213, 0.0 ], [ -117.460817741547302, 54.030878766533469, 0.0 ], [ -117.460354552481604, 54.030978533203921, 0.0 ], [ -117.459834490737904, 54.031036339360583, 0.0 ], [ -117.459124767107994, 54.031180758664043, 0.0 ], [ -117.458343147724904, 54.031473610523747, 0.0 ], [ -117.458118134246106, 54.031538377821718, 0.0 ], [ -117.457518462579401, 54.031795707702358, 0.0 ], [ -117.457215539275097, 54.031919397960337, 0.0 ], [ -117.457062347840207, 54.032012740174743, 0.0 ], [ -117.456924333952202, 54.032125630715321, 0.0 ], [ -117.456693412943693, 54.032247043522482, 0.0 ], [ -117.456359626033802, 54.032346623491932, 0.0 ], [ -117.456068805194604, 54.032356404098763, 0.0 ], [ -117.4555400769367, 54.032305119907839, 0.0 ], [ -117.454870541005704, 54.032141101427328, 0.0 ], [ -117.454592436953504, 54.032155830744003, 0.0 ], [ -117.454304973535201, 54.032139733763259, 0.0 ], [ -117.454109327472807, 54.032066546879641, 0.0 ], [ -117.453761766509203, 54.031896747474718, 0.0 ], [ -117.453571603393797, 54.03182899259923, 0.0 ], [ -117.453313857429904, 54.03179260493917, 0.0 ], [ -117.452935701808201, 54.031715352933098, 0.0 ], [ -117.452391480195502, 54.031577631093867, 0.0 ], [ -117.451883725947397, 54.031309534718368, 0.0 ], [ -117.451477544506801, 54.031002765877382, 0.0 ], [ -117.451290185443995, 54.030931797853889, 0.0 ], [ -117.450518150689902, 54.030853366340473, 0.0 ], [ -117.450325301316099, 54.030782883834583, 0.0 ], [ -117.450230931134499, 54.030709456955201, 0.0 ], [ -117.450190886422803, 54.030678295170127, 0.0 ], [ -117.450154810238899, 54.030514514835147, 0.0 ], [ -117.450057733129697, 54.030381599026533, 0.0 ], [ -117.449926163218805, 54.030270541143217, 0.0 ], [ -117.449584867743596, 54.030109960463307, 0.0 ], [ -117.449426131747202, 54.029964540107763, 0.0 ], [ -117.449178726293198, 54.029803713905167, 0.0 ], [ -117.448890956498701, 54.029802173490268, 0.0 ], [ -117.4483515583605, 54.029864650964292, 0.0 ], [ -117.448103061513393, 54.029914121257292, 0.0 ], [ -117.447695009408605, 54.030047696138929, 0.0 ], [ -117.4472473255057, 54.030152921675267, 0.0 ], [ -117.447008989506799, 54.030196539918727, 0.0 ], [ -117.446660261115298, 54.030225838220808, 0.0 ], [ -117.446488222930697, 54.030167818858807, 0.0 ], [ -117.446243473566298, 54.030122851027578, 0.0 ], [ -117.445281777378597, 54.030110450902889, 0.0 ], [ -117.445031660037401, 54.030119463940579, 0.0 ], [ -117.444820499505198, 54.030144464063582, 0.0 ], [ -117.443422187505305, 54.030379077334231, 0.0 ], [ -117.442989608366901, 54.030314817863079, 0.0 ], [ -117.442677028049403, 54.030315715876988, 0.0 ], [ -117.441589151380995, 54.03042649627637, 0.0 ], [ -117.440076086155401, 54.030653929155349, 0.0 ], [ -117.439377085189093, 54.030818987453323, 0.0 ], [ -117.439175460035898, 54.030857419826617, 0.0 ], [ -117.438604144004799, 54.030894386994319, 0.0 ], [ -117.438298930669404, 54.030892045440183, 0.0 ], [ -117.437803872919503, 54.030862128318432, 0.0 ], [ -117.437169233409506, 54.03081383297139, 0.0 ], [ -117.435258472065399, 54.030615556734439, 0.0 ], [ -117.434624188040104, 54.030610806758929, 0.0 ], [ -117.434046528512198, 54.030635324250163, 0.0 ], [ -117.433779573107003, 54.030666523698557, 0.0 ], [ -117.433038053011799, 54.030793717413523, 0.0 ], [ -117.432736922682196, 54.030879150259622, 0.0 ], [ -117.432602659109094, 54.030922723183068, 0.0 ], [ -117.432428772836005, 54.031012955526798, 0.0 ], [ -117.432149587665407, 54.031222750339992, 0.0 ], [ -117.432027741578807, 54.031340633178353, 0.0 ], [ -117.431937889691696, 54.031476948284293, 0.0 ], [ -117.431804740987701, 54.031774511026427, 0.0 ], [ -117.431709011996901, 54.032092671752231, 0.0 ], [ -117.431503386801495, 54.032526039961859, 0.0 ], [ -117.431288278522899, 54.033139097740218, 0.0 ], [ -117.431178639301294, 54.033359078690033, 0.0 ], [ -117.430877394514098, 54.033823452902311, 0.0 ], [ -117.430529245019002, 54.03418417046403, 0.0 ], [ -117.430385541223998, 54.034284730404508, 0.0 ], [ -117.430052485281294, 54.034455530383042, 0.0 ], [ -117.429915123721699, 54.034565291844842, 0.0 ], [ -117.4295674070584, 54.034764826672898, 0.0 ], [ -117.428817994612601, 54.035058008931337, 0.0 ], [ -117.428592993530899, 54.035114123570857, 0.0 ], [ -117.428075625705702, 54.035192245756463, 0.0 ], [ -117.427801231814897, 54.035201227353888, 0.0 ], [ -117.427516218790103, 54.035187034006952, 0.0 ], [ -117.426583534154304, 54.034979679701152, 0.0 ], [ -117.426172942678306, 54.03483567335288, 0.0 ], [ -117.425865340494795, 54.03464765973505, 0.0 ], [ -117.425608399523497, 54.034425764360243, 0.0 ], [ -117.425560013072499, 54.034268614479593, 0.0 ], [ -117.425621148114502, 54.033925008404388, 0.0 ], [ -117.4257430965189, 54.033562053812403, 0.0 ], [ -117.4258382582547, 54.033301731111862, 0.0 ], [ -117.4259254116824, 54.033163247496539, 0.0 ], [ -117.426119779705402, 54.032902537295733, 0.0 ], [ -117.426246133178296, 54.032792220849963, 0.0 ], [ -117.4265418135533, 54.032593828078213, 0.0 ], [ -117.426891456922306, 54.032409040094599, 0.0 ], [ -117.427074468705101, 54.032326924102627, 0.0 ], [ -117.427487941417596, 54.032190872418141, 0.0 ], [ -117.427650845066495, 54.032100071475931, 0.0 ], [ -117.427727915248596, 54.031959949963237, 0.0 ], [ -117.427775811923595, 54.031797098170777, 0.0 ], [ -117.427798999281194, 54.0316298599909, 0.0 ], [ -117.427722507691797, 54.03129779550104, 0.0 ], [ -117.4271233738543, 54.030344395325677, 0.0 ], [ -117.426922564982803, 54.030095137352284, 0.0 ], [ -117.426757599446802, 54.02983192424918, 0.0 ], [ -117.426630967102895, 54.029722065657907, 0.0 ], [ -117.426329889870999, 54.029524356600717, 0.0 ], [ -117.426009462448604, 54.029341169655169, 0.0 ], [ -117.425642125588197, 54.029181606991052, 0.0 ], [ -117.425017416575301, 54.028993899010679, 0.0 ], [ -117.424580069343705, 54.028882175408476, 0.0 ], [ -117.424183306316195, 54.028738737313027, 0.0 ], [ -117.423747906874695, 54.028613538047708, 0.0 ], [ -117.423234255905896, 54.028533466585117, 0.0 ], [ -117.422938171874904, 54.028537046759141, 0.0 ], [ -117.422701411032605, 54.028578008990422, 0.0 ], [ -117.422500144782802, 54.028647660119269, 0.0 ], [ -117.422323551350402, 54.028734105382007, 0.0 ], [ -117.422181666879197, 54.028834131428702, 0.0 ], [ -117.4220443118639, 54.028942260410751, 0.0 ], [ -117.421749217952495, 54.02931765404184, 0.0 ], [ -117.421412081361197, 54.029672440695229, 0.0 ], [ -117.421286637265098, 54.029779512113542, 0.0 ], [ -117.421144906093204, 54.029860331675643, 0.0 ], [ -117.4209535707339, 54.029954066427777, 0.0 ], [ -117.420767030466294, 54.030017816461189, 0.0 ], [ -117.420499686815901, 54.030062614604383, 0.0 ], [ -117.420234985240299, 54.03007259640242, 0.0 ], [ -117.420039004214402, 54.030061783055487, 0.0 ], [ -117.419718421289005, 54.030014099102893, 0.0 ], [ -117.419293112142199, 54.029887286485398, 0.0 ], [ -117.419114093584398, 54.02980049372055, 0.0 ], [ -117.418973674261693, 54.02969760166858, 0.0 ], [ -117.418758223207803, 54.029453686135518, 0.0 ], [ -117.4186932608484, 54.029311595794283, 0.0 ], [ -117.418684459647807, 54.029135104704537, 0.0 ], [ -117.418787228578793, 54.028882330779957, 0.0 ], [ -117.4188728668625, 54.028691459767863, 0.0 ], [ -117.418973125294997, 54.028347427750042, 0.0 ], [ -117.418985046521399, 54.028013402332839, 0.0 ], [ -117.418950458952096, 54.027853047370712, 0.0 ], [ -117.418896616387201, 54.027695879782939, 0.0 ], [ -117.418815171518006, 54.027551595752257, 0.0 ], [ -117.418702349313904, 54.027436892932492, 0.0 ], [ -117.418550892457603, 54.027342067112521, 0.0 ], [ -117.418050479522194, 54.027086634571333, 0.0 ], [ -117.417663919285999, 54.026930788576202, 0.0 ], [ -117.417249697331499, 54.026797525757203, 0.0 ], [ -117.416388884252996, 54.026571390139843, 0.0 ], [ -117.415879846841307, 54.026495080194898, 0.0 ], [ -117.414753078430806, 54.026417202080452, 0.0 ], [ -117.413529586357697, 54.026403815227603, 0.0 ], [ -117.412939134886003, 54.026430364692573, 0.0 ], [ -117.412361509073705, 54.026405357728997, 0.0 ], [ -117.411853897693504, 54.026316938606072, 0.0 ], [ -117.411438683204295, 54.026198234381823, 0.0 ], [ -117.410959070176105, 54.026112268057453, 0.0 ], [ -117.409979645329997, 54.026089210334909, 0.0 ], [ -117.408808117296005, 54.026091034893298, 0.0 ], [ -117.4085309151926, 54.026110725784292, 0.0 ], [ -117.408053237679496, 54.026196146126097, 0.0 ], [ -117.407952600473806, 54.026217383596062, 0.0 ], [ -117.407804212855595, 54.026249236302327, 0.0 ], [ -117.4076010964136, 54.026325875120953, 0.0 ], [ -117.407461871352794, 54.026433449034819, 0.0 ], [ -117.407372812109102, 54.026575675200228, 0.0 ], [ -117.407316619758006, 54.026734719023722, 0.0 ], [ -117.407317127937901, 54.0269090220552, 0.0 ], [ -117.407338689301795, 54.027087713304283, 0.0 ], [ -117.407391605066906, 54.027242726800146, 0.0 ], [ -117.407545265633303, 54.027527513730433, 0.0 ], [ -117.407632226410001, 54.027661028621893, 0.0 ], [ -117.407883458764104, 54.027893747032877, 0.0 ], [ -117.4079526070567, 54.027975687629358, 0.0 ], [ -117.408118691088902, 54.028172507106561, 0.0 ], [ -117.408075156599693, 54.028353705999059, 0.0 ], [ -117.408059117607706, 54.028420345942628, 0.0 ], [ -117.407958315517405, 54.028540436273232, 0.0 ], [ -117.407952607732398, 54.028545210394547, 0.0 ], [ -117.407568142532, 54.028866429026841, 0.0 ], [ -117.406984851811004, 54.029272340213083, 0.0 ], [ -117.406811902794104, 54.029355533367813, 0.0 ], [ -117.406592537140199, 54.029419146020899, 0.0 ], [ -117.406140586832606, 54.029521597473142, 0.0 ], [ -117.405414994785701, 54.029836468458313, 0.0 ], [ -117.404722588678794, 54.030366185104498, 0.0 ], [ -117.404474257562796, 54.030594339776648, 0.0 ], [ -117.403993563003198, 54.031242798881472, 0.0 ], [ -117.403820092253497, 54.031513243327232, 0.0 ], [ -117.403701911048401, 54.03162409533352, 0.0 ], [ -117.403570885079503, 54.031734385658012, 0.0 ], [ -117.403338722052993, 54.031767223599132, 0.0 ], [ -117.403156020163607, 54.03168525583834, 0.0 ], [ -117.402678779728802, 54.031402823745708, 0.0 ], [ -117.402420258828997, 54.03116955409741, 0.0 ], [ -117.402140484923905, 54.030955662494243, 0.0 ], [ -117.400926773104501, 54.030134332946069, 0.0 ], [ -117.400288140793293, 54.029745701186563, 0.0 ], [ -117.399277378045994, 54.029003140334993, 0.0 ], [ -117.398649810194399, 54.028610212169227, 0.0 ], [ -117.398292171203806, 54.028358494220257, 0.0 ], [ -117.398040442735194, 54.028118257123182, 0.0 ], [ -117.397914629564994, 54.027914256542012, 0.0 ], [ -117.397701694020498, 54.027481424352523, 0.0 ], [ -117.397413236095701, 54.027094798181729, 0.0 ], [ -117.397236236279198, 54.026639946226737, 0.0 ], [ -117.397184752566105, 54.026306301622071, 0.0 ], [ -117.397137383992103, 54.02615236682113, 0.0 ], [ -117.397149364723802, 54.025791352302967, 0.0 ], [ -117.397164693527799, 54.025236140942368, 0.0 ], [ -117.397138493262702, 54.024717469178192, 0.0 ], [ -117.396829325064999, 54.024523979100778, 0.0 ], [ -117.396086627832403, 54.0242165217565, 0.0 ], [ -117.395712466461404, 54.024315012491549, 0.0 ], [ -117.395397279063999, 54.024350107546809, 0.0 ], [ -117.3952522554723, 54.024352230140302, 0.0 ], [ -117.393848350636205, 54.024357773513557, 0.0 ], [ -117.393575422722094, 54.024334889047367, 0.0 ], [ -117.393354022292598, 54.024283567020007, 0.0 ], [ -117.393204461648907, 54.02418925668772, 0.0 ], [ -117.393327942930796, 54.024103244115963, 0.0 ], [ -117.3938142210949, 54.024034959570827, 0.0 ], [ -117.393612190108996, 54.023969650702178, 0.0 ], [ -117.393367854693196, 54.023924727813593, 0.0 ], [ -117.392448609198496, 54.023925999537703, 0.0 ], [ -117.391604918031703, 54.023873489827338, 0.0 ], [ -117.391078445734607, 54.023925476751259, 0.0 ], [ -117.390855329343196, 54.023977753595659, 0.0 ], [ -117.390655911315804, 54.024045741304619, 0.0 ], [ -117.390475704852904, 54.024118089902913, 0.0 ], [ -117.390025202625694, 54.024410406031087, 0.0 ], [ -117.389684194948899, 54.024764019353661, 0.0 ], [ -117.389629783285301, 54.024919824284822, 0.0 ], [ -117.389815827859707, 54.025381200100419, 0.0 ], [ -117.390559646914895, 54.026235355223982, 0.0 ], [ -117.390511797333602, 54.02637552901566, 0.0 ], [ -117.390316033289594, 54.026442980154151, 0.0 ], [ -117.389835880167098, 54.026542567458613, 0.0 ], [ -117.389568969438898, 54.026566657858311, 0.0 ], [ -117.389261982883298, 54.026558785963992, 0.0 ], [ -117.3881730548772, 54.026453780240317, 0.0 ], [ -117.387687956131501, 54.026370949508447, 0.0 ], [ -117.387454703974399, 54.026312018379727, 0.0 ], [ -117.386837666801895, 54.026111716171549, 0.0 ], [ -117.386091361812404, 54.025800406289839, 0.0 ], [ -117.385495465671497, 54.025592065114097, 0.0 ], [ -117.385123678578495, 54.025439381262053, 0.0 ], [ -117.384760283799196, 54.025267838643039, 0.0 ], [ -117.3840112343172, 54.024969471381532, 0.0 ], [ -117.383166102184902, 54.024685374288602, 0.0 ], [ -117.382994845590304, 54.02462393614077, 0.0 ], [ -117.381639355229694, 54.024290393692922, 0.0 ], [ -117.381336012047399, 54.024288451806171, 0.0 ], [ -117.381101949725903, 54.024332574679349, 0.0 ], [ -117.380899729718806, 54.024408096140071, 0.0 ], [ -117.380732101818595, 54.024499897118162, 0.0 ], [ -117.380417013599697, 54.024699206907577, 0.0 ], [ -117.380278658705095, 54.024808374669092, 0.0 ], [ -117.380054025689901, 54.02505003284287, 0.0 ], [ -117.380027896535694, 54.025219400522907, 0.0 ], [ -117.380071509776997, 54.025373865556652, 0.0 ], [ -117.3801482914795, 54.025513859054684, 0.0 ], [ -117.380666484255997, 54.026136452702268, 0.0 ], [ -117.381131625673504, 54.026636407026821, 0.0 ], [ -117.381388169264795, 54.026872413634138, 0.0 ], [ -117.381490665871297, 54.027001692293659, 0.0 ], [ -117.381561002275404, 54.027149207421303, 0.0 ], [ -117.381480219600107, 54.027274722353461, 0.0 ], [ -117.381264401946893, 54.027334006359958, 0.0 ], [ -117.380761452637103, 54.027410291013247, 0.0 ], [ -117.380469788404298, 54.027428884922983, 0.0 ], [ -117.3795486466108, 54.027435446098231, 0.0 ], [ -117.379240670017694, 54.027431329389159, 0.0 ], [ -117.378957682939998, 54.027408936326722, 0.0 ], [ -117.377673135246297, 54.027236362873381, 0.0 ], [ -117.3767361679906, 54.027041555954703, 0.0 ], [ -117.375936824226798, 54.026944285568533, 0.0 ], [ -117.375044772329602, 54.026773846752363, 0.0 ], [ -117.374778527160203, 54.026694330254827, 0.0 ], [ -117.374417102282493, 54.026521136617752, 0.0 ], [ -117.373760116446206, 54.026159298751111, 0.0 ], [ -117.373607097068003, 54.026057394219833, 0.0 ], [ -117.373498986692198, 54.025937827186389, 0.0 ], [ -117.373349167762797, 54.025662711033007, 0.0 ], [ -117.373333139534395, 54.025497536853713, 0.0 ], [ -117.373427179622496, 54.025286736830132, 0.0 ], [ -117.373715940700393, 54.024974640352077, 0.0 ], [ -117.373772314210797, 54.024818311574471, 0.0 ], [ -117.373759179026393, 54.024635330876933, 0.0 ], [ -117.3736728885048, 54.024319930438431, 0.0 ], [ -117.373587921244393, 54.02418854981282, 0.0 ], [ -117.373451326871802, 54.024081846259563, 0.0 ], [ -117.373102604171095, 54.023912465021198, 0.0 ], [ -117.372908022822301, 54.02383905362278, 0.0 ], [ -117.372638688672097, 54.023817219955887, 0.0 ], [ -117.372343559722196, 54.023827156685613, 0.0 ], [ -117.371843520612899, 54.023893156774349, 0.0 ], [ -117.371285282608895, 54.023906639490868, 0.0 ], [ -117.370925366457001, 54.023978833992238, 0.0 ], [ -117.370464753663001, 54.024102266809663, 0.0 ], [ -117.370391635628295, 54.024126376297353, 0.0 ], [ -117.370066572062598, 54.024311601796853, 0.0 ], [ -117.369692301377896, 54.024454588403707, 0.0 ], [ -117.369447299640001, 54.024495421728247, 0.0 ], [ -117.369153997805597, 54.024503737918948, 0.0 ], [ -117.367916789422495, 54.024486067058831, 0.0 ], [ -117.367695539215902, 54.024535601620819, 0.0 ], [ -117.367509706361005, 54.024613311002391, 0.0 ], [ -117.367351267096097, 54.024701350429837, 0.0 ], [ -117.3670289571902, 54.024889273493677, 0.0 ], [ -117.366892430430497, 54.024991394970407, 0.0 ], [ -117.366765983261899, 54.025098415489431, 0.0 ], [ -117.366684087802895, 54.025238478805207, 0.0 ], [ -117.366564570159397, 54.025716789822212, 0.0 ], [ -117.366518745182006, 54.026251989039757, 0.0 ], [ -117.366472390310605, 54.026412125386223, 0.0 ], [ -117.366378055345507, 54.026451067298787, 0.0 ], [ -117.366289396427305, 54.026487666899037, 0.0 ], [ -117.366042247942204, 54.026449169167421, 0.0 ], [ -117.365728603388405, 54.026259905654918, 0.0 ], [ -117.365176228138395, 54.02600571233674, 0.0 ], [ -117.364952125864605, 54.025859300325813, 0.0 ], [ -117.364729732690705, 54.025706505520787, 0.0 ], [ -117.363869989738603, 54.02527709208843, 0.0 ], [ -117.363274352226298, 54.025056757594193, 0.0 ], [ -117.362214189150706, 54.024564712957677, 0.0 ], [ -117.361716873048806, 54.024468906018832, 0.0 ], [ -117.361291807685902, 54.024345054740643, 0.0 ], [ -117.361118749745501, 54.024258390678042, 0.0 ], [ -117.361021809517197, 54.024135105482273, 0.0 ], [ -117.360972258705701, 54.023981919126783, 0.0 ], [ -117.360979516550003, 54.023790931692062, 0.0 ], [ -117.3610553000523, 54.023647467785118, 0.0 ], [ -117.361208755883496, 54.023554318224377, 0.0 ], [ -117.361438401074096, 54.023493563739983, 0.0 ], [ -117.361691324571794, 54.023456241685857, 0.0 ], [ -117.361986491541302, 54.023456500624206, 0.0 ], [ -117.362234996371996, 54.023412647494382, 0.0 ], [ -117.362358769100794, 54.02329277099129, 0.0 ], [ -117.362504144978402, 54.022999305724319, 0.0 ], [ -117.362622671690602, 54.02287128649774, 0.0 ], [ -117.3627103502522, 54.022727377142189, 0.0 ], [ -117.362684054880205, 54.022366092325491, 0.0 ], [ -117.362612164081895, 54.022229505942008, 0.0 ], [ -117.3624802474354, 54.022109673346797, 0.0 ], [ -117.362302697160203, 54.022021912154912, 0.0 ], [ -117.361638756956097, 54.021844305906548, 0.0 ], [ -117.361372613672103, 54.021858326541867, 0.0 ], [ -117.361032116419395, 54.022033087562939, 0.0 ], [ -117.360783561347603, 54.022077467202557, 0.0 ], [ -117.359911699432004, 54.02208861641811, 0.0 ], [ -117.359542234497098, 54.022246996698208, 0.0 ], [ -117.359288361235102, 54.022285898757211, 0.0 ], [ -117.358379303976605, 54.022258829113582, 0.0 ], [ -117.357764657412304, 54.02222750647347, 0.0 ], [ -117.357269098291496, 54.022139229672113, 0.0 ], [ -117.356147426158103, 54.022015075412327, 0.0 ], [ -117.355914811940707, 54.021969415281553, 0.0 ], [ -117.355480884540896, 54.02183201002476, 0.0 ], [ -117.355240037750704, 54.021785776971683, 0.0 ], [ -117.354635283455707, 54.021779706060748, 0.0 ], [ -117.354341277235307, 54.0218101779218, 0.0 ], [ -117.354104330004702, 54.021868654235398, 0.0 ], [ -117.353732347393205, 54.022017287688179, 0.0 ], [ -117.353102020576898, 54.022237623195267, 0.0 ], [ -117.352640741493303, 54.022516617922001, 0.0 ], [ -117.352522529252994, 54.022629519337023, 0.0 ], [ -117.352410367141204, 54.02276139788848, 0.0 ], [ -117.352067259455097, 54.02331171415468, 0.0 ], [ -117.351957192637798, 54.023621662243691, 0.0 ], [ -117.351935690580902, 54.023792560114828, 0.0 ], [ -117.352047253272204, 54.023919752829279, 0.0 ], [ -117.3522461032085, 54.023997520209633, 0.0 ], [ -117.352477529630207, 54.024057184459181, 0.0 ], [ -117.354058091845701, 54.024078874555073, 0.0 ], [ -117.354620718155104, 54.024123966414137, 0.0 ], [ -117.354891154486296, 54.024159695400002, 0.0 ], [ -117.355323257549202, 54.024298152309868, 0.0 ], [ -117.355684741718804, 54.024473848600927, 0.0 ], [ -117.355885665530096, 54.02454460366166, 0.0 ], [ -117.356121954628307, 54.024590274659829, 0.0 ], [ -117.356271348645294, 54.024658190895842, 0.0 ], [ -117.356460646226793, 54.024763577972273, 0.0 ], [ -117.356903873107498, 54.024894603509807, 0.0 ], [ -117.357042350102603, 54.025008564588013, 0.0 ], [ -117.357272427048599, 54.025238719793187, 0.0 ], [ -117.357330639678906, 54.025374667332869, 0.0 ], [ -117.357215692912803, 54.025504325979583, 0.0 ], [ -117.356902357733006, 54.025691164831187, 0.0 ], [ -117.356687331249006, 54.025753655481068, 0.0 ], [ -117.355906819843696, 54.025851888364592, 0.0 ], [ -117.3553318278924, 54.025900068737769, 0.0 ], [ -117.354565248024002, 54.026028655475933, 0.0 ], [ -117.354285123602494, 54.026052784989957, 0.0 ], [ -117.352445387893994, 54.026092649261173, 0.0 ], [ -117.349853690189704, 54.026073888642223, 0.0 ], [ -117.349231137217799, 54.026042268161198, 0.0 ], [ -117.348970729019499, 54.02600609472546, 0.0 ], [ -117.348517710548705, 54.02590140340493, 0.0 ], [ -117.3476879354522, 54.0256063339327, 0.0 ], [ -117.347451265772094, 54.025536353429523, 0.0 ], [ -117.346707019270099, 54.0253828384649, 0.0 ], [ -117.346139450548904, 54.025204108450417, 0.0 ], [ -117.3458750245657, 54.025102294428628, 0.0 ], [ -117.345678845530401, 54.024997534273261, 0.0 ], [ -117.345273417730496, 54.024698456795832, 0.0 ], [ -117.344924000379294, 54.024516379217538, 0.0 ], [ -117.344510605260993, 54.024174011903497, 0.0 ], [ -117.344364444622897, 54.024077263143788, 0.0 ], [ -117.344166513262095, 54.023998430641157, 0.0 ], [ -117.343932043253403, 54.023953295280833, 0.0 ], [ -117.3410515525769, 54.023941134962563, 0.0 ], [ -117.340790229798898, 54.023906528502771, 0.0 ], [ -117.340318829427005, 54.0238048960897, 0.0 ], [ -117.339494004263102, 54.02368735326182, 0.0 ], [ -117.339008325634794, 54.023569431633597, 0.0 ], [ -117.338505424135903, 54.023482083058951, 0.0 ], [ -117.3378181258974, 54.023325224426927, 0.0 ], [ -117.337562376529704, 54.023288534735407, 0.0 ], [ -117.337293525051095, 54.023263056471933, 0.0 ], [ -117.336350700010598, 54.023249741729927, 0.0 ], [ -117.336038776055304, 54.023261716278867, 0.0 ], [ -117.335710132189504, 54.023329372681417, 0.0 ], [ -117.335341157729502, 54.023417722380117, 0.0 ], [ -117.334966228790293, 54.023570548892508, 0.0 ], [ -117.334803359339702, 54.02367282577341, 0.0 ], [ -117.334532383116994, 54.023923643953736, 0.0 ], [ -117.334003512311298, 54.024601929412711, 0.0 ], [ -117.333591686776799, 54.025036787403018, 0.0 ], [ -117.333420544584897, 54.025244064407687, 0.0 ], [ -117.333337171515296, 54.025393451993949, 0.0 ], [ -117.332841609727794, 54.026471883199257, 0.0 ], [ -117.332816860885899, 54.026660554922593, 0.0 ], [ -117.332805158117594, 54.02725412980935, 0.0 ], [ -117.332824978149205, 54.027645013275738, 0.0 ], [ -117.332855900273401, 54.027806083464178, 0.0 ], [ -117.3330067076445, 54.028125245819702, 0.0 ], [ -117.333054280554293, 54.028279993870839, 0.0 ], [ -117.333061500305902, 54.028369929134357, 0.0 ], [ -117.333099295489802, 54.028841129693383, 0.0 ], [ -117.333144501452594, 54.029017445770869, 0.0 ], [ -117.333318883071598, 54.029499244200778, 0.0 ], [ -117.3335928170101, 54.030070639127992, 0.0 ], [ -117.334027443463896, 54.030782651449442, 0.0 ], [ -117.334297649550805, 54.031772568125049, 0.0 ], [ -117.334480161043999, 54.032071477696071, 0.0 ], [ -117.334580265304695, 54.032403697124899, 0.0 ], [ -117.334658084063904, 54.032559240274047, 0.0 ], [ -117.334851291610704, 54.032832858779777, 0.0 ], [ -117.334929226554607, 54.032983573441577, 0.0 ], [ -117.335038760258101, 54.033305083890397, 0.0 ], [ -117.335036792528101, 54.033498787860843, 0.0 ], [ -117.335011928751598, 54.034070135713371, 0.0 ], [ -117.3348950005294, 54.034392427510397, 0.0 ], [ -117.334725864771798, 54.03467433586524, 0.0 ], [ -117.334122012738206, 54.03511397468835, 0.0 ], [ -117.333591877044, 54.035551678150092, 0.0 ], [ -117.333535517080605, 54.03559822603323, 0.0 ], [ -117.333441361083501, 54.03569487809834, 0.0 ], [ -117.333149354883204, 54.035869414826472, 0.0 ], [ -117.332787775918604, 54.036066626296233, 0.0 ], [ -117.332676632077906, 54.036187645993373, 0.0 ], [ -117.332642658159898, 54.036717341409947, 0.0 ], [ -117.3326921624964, 54.036868323195193, 0.0 ], [ -117.332833374901398, 54.036981232471881, 0.0 ], [ -117.333000031821598, 54.037064671573553, 0.0 ], [ -117.333209408092301, 54.037126336490743, 0.0 ], [ -117.333590761521904, 54.03729236079888, 0.0 ], [ -117.334041582450496, 54.037403747753473, 0.0 ], [ -117.334294523020802, 54.037446348837577, 0.0 ], [ -117.334452763813999, 54.037499496497958, 0.0 ], [ -117.334749472110303, 54.037514386647487, 0.0 ], [ -117.335443299372002, 54.037675129148838, 0.0 ], [ -117.335975150593001, 54.037748677824908, 0.0 ], [ -117.336644305663199, 54.037907051830459, 0.0 ], [ -117.3374244418751, 54.038025818356722, 0.0 ], [ -117.337606898557993, 54.038101322590933, 0.0 ], [ -117.338023776843897, 54.038417302319587, 0.0 ], [ -117.338366563010496, 54.038612296991431, 0.0 ], [ -117.338494081243496, 54.038722910165347, 0.0 ], [ -117.338598969348894, 54.038858722491298, 0.0 ], [ -117.339007010641794, 54.039199445453932, 0.0 ], [ -117.3393382544551, 54.039568128676201, 0.0 ], [ -117.339612454836299, 54.039793864402789, 0.0 ], [ -117.339765860014097, 54.039896611874703, 0.0 ], [ -117.340134849553493, 54.040070258374477, 0.0 ], [ -117.340343963398396, 54.040143780771672, 0.0 ], [ -117.340580985213194, 54.040200812493197, 0.0 ], [ -117.340868551289702, 54.040215069795018, 0.0 ], [ -117.342077693719503, 54.040227361914233, 0.0 ], [ -117.342343073642994, 54.040210683967842, 0.0 ], [ -117.342578874191801, 54.040166747955944, 0.0 ], [ -117.342868108831198, 54.040149735234962, 0.0 ], [ -117.343296352568402, 54.040034599461038, 0.0 ], [ -117.343473351331497, 54.039957276381983, 0.0 ], [ -117.343897331840793, 54.039827490622642, 0.0 ], [ -117.344469372026495, 54.039603960213192, 0.0 ], [ -117.344908592223405, 54.039488360758, 0.0 ], [ -117.345286990307002, 54.039348503024449, 0.0 ], [ -117.345677830693305, 54.039229056400274, 0.0 ], [ -117.345934138417704, 54.03916444419027, 0.0 ], [ -117.346138592425902, 54.039094676543783, 0.0 ], [ -117.346343423702507, 54.039036172200781, 0.0 ], [ -117.346601805331304, 54.039004876044622, 0.0 ], [ -117.347042051111401, 54.038886566693172, 0.0 ], [ -117.347531908901104, 54.038798895438973, 0.0 ], [ -117.347748701922399, 54.038742927827514, 0.0 ], [ -117.347979921366999, 54.03869950225932, 0.0 ], [ -117.348235456732596, 54.03867249693554, 0.0 ], [ -117.348938075046703, 54.03854608185619, 0.0 ], [ -117.349574675131905, 54.038381902090173, 0.0 ], [ -117.3498186380221, 54.038340224953821, 0.0 ], [ -117.350603888385393, 54.038245810559623, 0.0 ], [ -117.352087598698205, 54.038008733795607, 0.0 ], [ -117.352639082858303, 54.037951778825366, 0.0 ], [ -117.353412759129498, 54.037843758892492, 0.0 ], [ -117.354337023665806, 54.037841139063659, 0.0 ], [ -117.354629109110405, 54.037858120438287, 0.0 ], [ -117.354835471318296, 54.037931056493399, 0.0 ], [ -117.355135083402104, 54.038132682365017, 0.0 ], [ -117.355264549294205, 54.038241139023128, 0.0 ], [ -117.355821956003396, 54.038859914213788, 0.0 ], [ -117.356017462988206, 54.039120036148688, 0.0 ], [ -117.356520226973402, 54.040150661847903, 0.0 ], [ -117.3566031564919, 54.040478398374439, 0.0 ], [ -117.356509917251302, 54.041162475438739, 0.0 ], [ -117.356400335370395, 54.041489165466331, 0.0 ], [ -117.356200580705107, 54.041945191223427, 0.0 ], [ -117.355962969238206, 54.042374978965562, 0.0 ], [ -117.355863576137594, 54.042504223650901, 0.0 ], [ -117.355499937598395, 54.042875255036151, 0.0 ], [ -117.355325305304305, 54.043007314617412, 0.0 ], [ -117.355200607415696, 54.04308164370935, 0.0 ], [ -117.3547234664033, 54.043173217707853, 0.0 ], [ -117.354461504653898, 54.043199120433592, 0.0 ], [ -117.353856704717103, 54.043220584461537, 0.0 ], [ -117.353546937833201, 54.043213172925817, 0.0 ], [ -117.352721684865102, 54.043132973562429, 0.0 ], [ -117.352202878968697, 54.043048268659412, 0.0 ], [ -117.351915451516504, 54.043027533948482, 0.0 ], [ -117.351009581320298, 54.043061063726462, 0.0 ], [ -117.3502015802529, 54.043142320690507, 0.0 ], [ -117.349797606534594, 54.043279295787059, 0.0 ], [ -117.349126800604395, 54.043452371960093, 0.0 ], [ -117.3487301479542, 54.043588316232899, 0.0 ], [ -117.348401123491101, 54.043771805697268, 0.0 ], [ -117.348255754754305, 54.043867186427207, 0.0 ], [ -117.347986110934997, 54.044098657615407, 0.0 ], [ -117.347663476326503, 54.044283231625371, 0.0 ], [ -117.347497683885706, 54.044544689391088, 0.0 ], [ -117.3474398580707, 54.04469963766887, 0.0 ], [ -117.347314162247898, 54.045197270542261, 0.0 ], [ -117.347274388234794, 54.045555837221649, 0.0 ], [ -117.347192123770498, 54.04589028300024, 0.0 ], [ -117.347169631744094, 54.046253870634253, 0.0 ], [ -117.347224349418795, 54.047143727581883, 0.0 ], [ -117.347272767620098, 54.047495464448787, 0.0 ], [ -117.347268537788594, 54.048054012545087, 0.0 ], [ -117.347245709882102, 54.048240559491617, 0.0 ], [ -117.347075529533598, 54.048912690753212, 0.0 ], [ -117.346963110360093, 54.049239870635283, 0.0 ], [ -117.346713297683493, 54.049484438297583, 0.0 ], [ -117.346504775385398, 54.049763341723803, 0.0 ], [ -117.346383427101301, 54.049891864349917, 0.0 ], [ -117.346138833599596, 54.050094793779657, 0.0 ], [ -117.345677943118702, 54.050439632842199, 0.0 ], [ -117.3454802805188, 54.050531425434123, 0.0 ], [ -117.345255866199196, 54.050593779532853, 0.0 ], [ -117.3445489183418, 54.050740102786968, 0.0 ], [ -117.344273832647005, 54.050775593159102, 0.0 ], [ -117.343375692449399, 54.05074814114792, 0.0 ], [ -117.342615154874593, 54.050604155124233, 0.0 ], [ -117.342410260128304, 54.050543639093043, 0.0 ], [ -117.3419909359244, 54.050398716328758, 0.0 ], [ -117.341652136134002, 54.050236000612891, 0.0 ], [ -117.340925554642894, 54.049701709071734, 0.0 ], [ -117.340436845645399, 54.049392723231321, 0.0 ], [ -117.340303734422093, 54.049284174269587, 0.0 ], [ -117.340088440237295, 54.049047083385069, 0.0 ], [ -117.339572457567201, 54.048576478197013, 0.0 ], [ -117.339137322661799, 54.048252787494647, 0.0 ], [ -117.338596915423096, 54.047770645952461, 0.0 ], [ -117.337547165762103, 54.046886451911718, 0.0 ], [ -117.337189779160695, 54.04672372294614, 0.0 ], [ -117.336880681526097, 54.046536523793002, 0.0 ], [ -117.3366927286731, 54.046459393757083, 0.0 ], [ -117.336237752518301, 54.04634981988918, 0.0 ], [ -117.335836850569905, 54.046205033446448, 0.0 ], [ -117.335458941524493, 54.046114903756312, 0.0 ], [ -117.334842102071207, 54.046005639935672, 0.0 ], [ -117.334395792345404, 54.045879910724068, 0.0 ], [ -117.333593276041697, 54.045700304055273, 0.0 ], [ -117.333189333409607, 54.045638742228917, 0.0 ], [ -117.332890881264703, 54.04561789171597, 0.0 ], [ -117.332568126253094, 54.045615704636212, 0.0 ], [ -117.331719733455301, 54.045658749244957, 0.0 ], [ -117.331184242435498, 54.045730872138847, 0.0 ], [ -117.330738539532902, 54.045844750001017, 0.0 ], [ -117.3305194358107, 54.045917356062048, 0.0 ], [ -117.3300578421252, 54.046230273508868, 0.0 ], [ -117.329937647612198, 54.046344743683441, 0.0 ], [ -117.329872680373896, 54.046489349835767, 0.0 ], [ -117.329890828238106, 54.046835459903633, 0.0 ], [ -117.330065185420295, 54.047282195132681, 0.0 ], [ -117.330140733437702, 54.047418298238718, 0.0 ], [ -117.330491675915795, 54.047768273513988, 0.0 ], [ -117.330819630111804, 54.047971278746971, 0.0 ], [ -117.331076067942405, 54.048211459705357, 0.0 ], [ -117.331570675106406, 54.048500569659751, 0.0 ], [ -117.331722030813495, 54.048612478713807, 0.0 ], [ -117.331947373914105, 54.048849704888831, 0.0 ], [ -117.332214184804798, 54.049077530810557, 0.0 ], [ -117.332423294809999, 54.049341059416207, 0.0 ], [ -117.332462476743601, 54.049502214616894, 0.0 ], [ -117.332330676917096, 54.04998087867731, 0.0 ], [ -117.332217139921099, 54.050235388592156, 0.0 ], [ -117.332141791476005, 54.050430472387028, 0.0 ], [ -117.331934604563699, 54.050689955593931, 0.0 ], [ -117.331797726808404, 54.050811834593041, 0.0 ], [ -117.331492089957706, 54.051009471709591, 0.0 ], [ -117.331123328979103, 54.051162330884168, 0.0 ], [ -117.330953972638596, 54.051261832676133, 0.0 ], [ -117.3307577010915, 54.051337342710212, 0.0 ], [ -117.330509805342402, 54.051384897867408, 0.0 ], [ -117.329961993130695, 54.051433705097388, 0.0 ], [ -117.329352326594503, 54.05142316967509, 0.0 ], [ -117.328869488815599, 54.051326787804307, 0.0 ], [ -117.328441534566807, 54.051199576177311, 0.0 ], [ -117.3269654423963, 54.050540498286658, 0.0 ], [ -117.326492164578994, 54.050241821793627, 0.0 ], [ -117.326479216609599, 54.050234614768279, 0.0 ], [ -117.325996333392794, 54.04996560734601, 0.0 ], [ -117.325647139412197, 54.049806124970402, 0.0 ], [ -117.325317307451897, 54.049605808735002, 0.0 ], [ -117.324433533427893, 54.049180569942571, 0.0 ], [ -117.323182459958204, 54.048774880109903, 0.0 ], [ -117.321986233726804, 54.048526151425612, 0.0 ], [ -117.3215412278511, 54.048405182658712, 0.0 ], [ -117.321353640821698, 54.048354388690903, 0.0 ], [ -117.320892769100496, 54.048227564128219, 0.0 ], [ -117.320396085435704, 54.048111596516172, 0.0 ], [ -117.319295414788598, 54.047820472847853, 0.0 ], [ -117.319045369281, 54.047769783134932, 0.0 ], [ -117.318490736191194, 54.047723996603871, 0.0 ], [ -117.318021124439596, 54.047660538543383, 0.0 ], [ -117.3177356069626, 54.04759020341502, 0.0 ], [ -117.317478091268498, 54.047545358321642, 0.0 ], [ -117.316215812784193, 54.047523209104938, 0.0 ], [ -117.315685709519201, 54.047450112352692, 0.0 ], [ -117.315436942210397, 54.047496551547589, 0.0 ], [ -117.315166041258095, 54.047511494190978, 0.0 ], [ -117.314910019894199, 54.04748015848719, 0.0 ], [ -117.314532749526293, 54.047482436125023, 0.0 ], [ -117.313450143312096, 54.047549107118648, 0.0 ], [ -117.312913290898607, 54.047600087572008, 0.0 ], [ -117.312029942318105, 54.047644868494828, 0.0 ], [ -117.311757735208502, 54.047674332718607, 0.0 ], [ -117.311172715976795, 54.047707636248028, 0.0 ], [ -117.310660212849697, 54.047775526885182, 0.0 ], [ -117.310120818477102, 54.047817823359388, 0.0 ], [ -117.309885793828499, 54.04786493301966, 0.0 ], [ -117.309072728852598, 54.047958843040703, 0.0 ], [ -117.308806095485593, 54.047970384131169, 0.0 ], [ -117.307102044180198, 54.048098861314287, 0.0 ], [ -117.306782798655604, 54.048102571319873, 0.0 ], [ -117.305901695749796, 54.048056630787777, 0.0 ], [ -117.305624347007793, 54.048071501055382, 0.0 ], [ -117.305143631770406, 54.048151553678252, 0.0 ], [ -117.304910122593, 54.048210514146348, 0.0 ], [ -117.304542431466302, 54.048354662745147, 0.0 ], [ -117.303918308730303, 54.048557011907647, 0.0 ], [ -117.303242836963904, 54.048905733726258, 0.0 ], [ -117.302670942497002, 54.049148482535273, 0.0 ], [ -117.301789320614802, 54.0493772375956, 0.0 ], [ -117.3012849071537, 54.049449489203099, 0.0 ], [ -117.3009883211258, 54.049462566542047, 0.0 ], [ -117.3006896691885, 54.049450767463377, 0.0 ], [ -117.300422964943607, 54.049407966606211, 0.0 ], [ -117.300000591647802, 54.049281250217867, 0.0 ], [ -117.299859217817797, 54.049178005756367, 0.0 ], [ -117.299760578384806, 54.04905250803376, 0.0 ], [ -117.299539418120105, 54.048438553967408, 0.0 ], [ -117.299312674754503, 54.048250838121163, 0.0 ], [ -117.298727810470496, 54.047958721332122, 0.0 ], [ -117.298509391919893, 54.047892599582212, 0.0 ], [ -117.298271197313198, 54.047847314378501, 0.0 ], [ -117.297987770889307, 54.047849167707888, 0.0 ], [ -117.297760752363502, 54.047907082665233, 0.0 ], [ -117.297552481523397, 54.047983005776153, 0.0 ], [ -117.296976080079702, 54.048216533778202, 0.0 ], [ -117.296566571098694, 54.048420070399153, 0.0 ], [ -117.296105700216899, 54.048704824676797, 0.0 ], [ -117.295654003600802, 54.049001573069653, 0.0 ], [ -117.295515661936193, 54.049106115069911, 0.0 ], [ -117.2952532300543, 54.049362902352101, 0.0 ], [ -117.295100849478899, 54.049479748139383, 0.0 ], [ -117.294775583208605, 54.049683618966988, 0.0 ], [ -117.294639686751196, 54.04979738661315, 0.0 ], [ -117.294424106331604, 54.050056154737277, 0.0 ], [ -117.294241254415397, 54.050225529337972, 0.0 ], [ -117.294023190395095, 54.050422870504093, 0.0 ], [ -117.293715913244299, 54.050643077407287, 0.0 ], [ -117.293101341112404, 54.051224890328939, 0.0 ], [ -117.292905384328193, 54.051502716529988, 0.0 ], [ -117.2926862932446, 54.051750155071879, 0.0 ], [ -117.292492702535995, 54.052008593617217, 0.0 ], [ -117.292149242860802, 54.052388760580051, 0.0 ], [ -117.291893747044995, 54.052805335915217, 0.0 ], [ -117.291677120000401, 54.053065691651923, 0.0 ], [ -117.291325145914499, 54.053238012813992, 0.0 ], [ -117.291125309210301, 54.053304263615793, 0.0 ], [ -117.290854540011907, 54.053312671257387, 0.0 ], [ -117.2906202939743, 54.053256110048409, 0.0 ], [ -117.290424798331898, 54.053185284537712, 0.0 ], [ -117.290238190108795, 54.053094626550973, 0.0 ], [ -117.289904519302695, 54.052905523422233, 0.0 ], [ -117.289483790168902, 54.052570974319814, 0.0 ], [ -117.288993920709501, 54.052105780732489, 0.0 ], [ -117.288227943875299, 54.051601433027308, 0.0 ], [ -117.287934514225796, 54.051384058682217, 0.0 ], [ -117.287768114370706, 54.051291388995807, 0.0 ], [ -117.287316545500204, 54.051159497137199, 0.0 ], [ -117.286934429435206, 54.051000703503952, 0.0 ], [ -117.286009010537697, 54.050783684471057, 0.0 ], [ -117.285768859435393, 54.050740555765692, 0.0 ], [ -117.284964136506105, 54.05064924055025, 0.0 ], [ -117.284368762370306, 54.05065372396426, 0.0 ], [ -117.284020003625997, 54.05070075650341, 0.0 ], [ -117.283867763611894, 54.050734549289828, 0.0 ], [ -117.283468072042396, 54.050874045690271, 0.0 ], [ -117.2829867051897, 54.05097394317206, 0.0 ], [ -117.282618323184906, 54.051138530670109, 0.0 ], [ -117.282372214304104, 54.051263704917503, 0.0 ], [ -117.280095001567105, 54.052605174922569, 0.0 ], [ -117.279476686086795, 54.053192705171497, 0.0 ], [ -117.278832375463693, 54.053933343310497, 0.0 ], [ -117.278437157484703, 54.054262743654547, 0.0 ], [ -117.278124601726901, 54.054669911847341, 0.0 ], [ -117.277397176005195, 54.055371666874613, 0.0 ], [ -117.277090429001007, 54.055737737207501, 0.0 ], [ -117.276314513657098, 54.056569609810261, 0.0 ], [ -117.276035008686804, 54.056953705393227, 0.0 ], [ -117.275957827857695, 54.057100949722347, 0.0 ], [ -117.275856150918301, 54.057230182988498, 0.0 ], [ -117.275631937530605, 54.057444860156323, 0.0 ], [ -117.275525059790098, 54.05758357011976, 0.0 ], [ -117.275397046975101, 54.057695821405353, 0.0 ], [ -117.275224905876101, 54.057780092973957, 0.0 ], [ -117.2749772425245, 54.057808621780779, 0.0 ], [ -117.274763046835602, 54.057744378003619, 0.0 ], [ -117.274499479016001, 54.057536654504652, 0.0 ], [ -117.274409241856304, 54.057444176752149, 0.0 ], [ -117.2739583387647, 54.057089015402717, 0.0 ], [ -117.273848433434594, 54.056944866715902, 0.0 ], [ -117.273821157895597, 54.056799299964531, 0.0 ], [ -117.273885420421607, 54.056299202494387, 0.0 ], [ -117.274046929938393, 54.056024595735217, 0.0 ], [ -117.274269125937096, 54.055778892049247, 0.0 ], [ -117.274483016126595, 54.055356254140797, 0.0 ], [ -117.274635962109699, 54.054898221463262, 0.0 ], [ -117.2747634014017, 54.05439460846388, 0.0 ], [ -117.274885537817994, 54.054097310667863, 0.0 ], [ -117.274929001502301, 54.053931563831277, 0.0 ], [ -117.274974916696905, 54.053406368709702, 0.0 ], [ -117.274926941682097, 54.05287260758503, 0.0 ], [ -117.274714593084596, 54.052208698919557, 0.0 ], [ -117.274503231824497, 54.051747194587932, 0.0 ], [ -117.2744017880554, 54.051607066557501, 0.0 ], [ -117.274165342333205, 54.05136229992339, 0.0 ], [ -117.2740321994184, 54.051258201681783, 0.0 ], [ -117.273854134357194, 54.051180021857263, 0.0 ], [ -117.273626679077907, 54.051130550939291, 0.0 ], [ -117.272860781484496, 54.051031214831148, 0.0 ], [ -117.272581464202602, 54.051018550408628, 0.0 ], [ -117.272264264339398, 54.051023647015761, 0.0 ], [ -117.271969592654699, 54.05104248109874, 0.0 ], [ -117.271780556202998, 54.051072944518552, 0.0 ], [ -117.271319658816594, 54.051157789910647, 0.0 ], [ -117.271031579803804, 54.051228679967338, 0.0 ], [ -117.269091443392497, 54.051981312783838, 0.0 ], [ -117.268870747544199, 54.052041854729353, 0.0 ], [ -117.268378839593595, 54.052136035527198, 0.0 ], [ -117.268124297598305, 54.052174312453829, 0.0 ], [ -117.267517004309099, 54.052198151900228, 0.0 ], [ -117.265961952821996, 54.052217750651629, 0.0 ], [ -117.265365900669096, 54.052198274401903, 0.0 ], [ -117.265111238035203, 54.052157236066897, 0.0 ], [ -117.264908651925495, 54.052085300613612, 0.0 ], [ -117.264476217318901, 54.051974158265573, 0.0 ], [ -117.264290610253894, 54.051889589697993, 0.0 ], [ -117.263697914812397, 54.051482513365848, 0.0 ], [ -117.263363816981396, 54.051123461710723, 0.0 ], [ -117.262708797111003, 54.050565488173163, 0.0 ], [ -117.262537713144098, 54.050476410318822, 0.0 ], [ -117.261596241433907, 54.050220423053801, 0.0 ], [ -117.259236369658495, 54.049566048899152, 0.0 ], [ -117.258422628426999, 54.049330340009078, 0.0 ], [ -117.257808951346604, 54.049126435357707, 0.0 ], [ -117.257317950249899, 54.049042449059392, 0.0 ], [ -117.257095822881297, 54.04898748148041, 0.0 ], [ -117.256689241277797, 54.048853854739498, 0.0 ], [ -117.256107203375706, 54.048636598240371, 0.0 ], [ -117.255731298822198, 54.048488559510453, 0.0 ], [ -117.255569349694198, 54.048398281530787, 0.0 ], [ -117.255007312378694, 54.047972429995198, 0.0 ], [ -117.254895569245704, 54.04785022906561, 0.0 ], [ -117.254816936410705, 54.047704396856467, 0.0 ], [ -117.254732639271595, 54.047376740114032, 0.0 ], [ -117.254668206936202, 54.047040204578259, 0.0 ], [ -117.254638626363203, 54.046677855727772, 0.0 ], [ -117.254673013115493, 54.046335218132803, 0.0 ], [ -117.254777987534197, 54.046016525852039, 0.0 ], [ -117.255199206469399, 54.044956585350512, 0.0 ], [ -117.255426600568498, 54.044726501228148, 0.0 ], [ -117.255692600091194, 54.044499184443147, 0.0 ], [ -117.255838547581206, 54.044400740157378, 0.0 ], [ -117.256003316029407, 54.044316101106809, 0.0 ], [ -117.256601470901899, 54.044118067402728, 0.0 ], [ -117.257328208543996, 54.043976191528813, 0.0 ], [ -117.259236148290199, 54.043932610630293, 0.0 ], [ -117.259753846750499, 54.043895591169758, 0.0 ], [ -117.260304705896502, 54.043835783861219, 0.0 ], [ -117.2605385618658, 54.043785351586592, 0.0 ], [ -117.260751620692602, 54.043716821803102, 0.0 ], [ -117.260930375312199, 54.043638474578202, 0.0 ], [ -117.261037819906605, 54.043516223305353, 0.0 ], [ -117.261065865715906, 54.043353939187888, 0.0 ], [ -117.261042220772595, 54.043182590477024, 0.0 ], [ -117.260929683575995, 54.042992634933753, 0.0 ], [ -117.260643110307498, 54.042671595809701, 0.0 ], [ -117.260098716376007, 54.042226113363753, 0.0 ], [ -117.259755044727399, 54.042055545085333, 0.0 ], [ -117.259235624749806, 54.041844403783749, 0.0 ], [ -117.258780915741596, 54.041695874710847, 0.0 ], [ -117.258550760821095, 54.041645867133717, 0.0 ], [ -117.257019891582999, 54.041410287301851, 0.0 ], [ -117.256476936537695, 54.041358248719213, 0.0 ], [ -117.255322735249194, 54.041292809529757, 0.0 ], [ -117.254725295983803, 54.04128085626192, 0.0 ], [ -117.254440888713305, 54.041302758740613, 0.0 ], [ -117.253741199908205, 54.041456159124813, 0.0 ], [ -117.253250920602198, 54.041542172137397, 0.0 ], [ -117.2530356044321, 54.041598823401557, 0.0 ], [ -117.252619876648495, 54.041743280802947, 0.0 ], [ -117.252442339609402, 54.041829695142219, 0.0 ], [ -117.252291742453394, 54.041926037021902, 0.0 ], [ -117.252019507472198, 54.042133462281022, 0.0 ], [ -117.251882263199505, 54.042244204043897, 0.0 ], [ -117.2515299473787, 54.042596203983479, 0.0 ], [ -117.251285857469796, 54.042795249793478, 0.0 ], [ -117.251197579418104, 54.042867250151573, 0.0 ], [ -117.251111553706906, 54.042922578189717, 0.0 ], [ -117.250928430475597, 54.042997591100573, 0.0 ], [ -117.250685217336496, 54.043053114599481, 0.0 ], [ -117.250411901789107, 54.043078114773493, 0.0 ], [ -117.250122315644802, 54.04305851473891, 0.0 ], [ -117.250015792641193, 54.043032649200342, 0.0 ], [ -117.249893444745396, 54.043002940008527, 0.0 ], [ -117.249873406553206, 54.042998075388709, 0.0 ], [ -117.249706759511298, 54.042928217595417, 0.0 ], [ -117.249544805403303, 54.042836855290851, 0.0 ], [ -117.2494295458594, 54.042717934068968, 0.0 ], [ -117.249422496785201, 54.042547456479546, 0.0 ], [ -117.2494390753631, 54.042370760147428, 0.0 ], [ -117.249587887977199, 54.041893373042733, 0.0 ], [ -117.249634462789899, 54.041556528312647, 0.0 ], [ -117.249650076447494, 54.041200636253933, 0.0 ], [ -117.249991599343304, 54.040115262499953, 0.0 ], [ -117.250005785257102, 54.040013482546733, 0.0 ], [ -117.250015799330001, 54.0399415594065, 0.0 ], [ -117.250015797080806, 54.039069094270779, 0.0 ], [ -117.250015783861997, 54.038914753443379, 0.0 ], [ -117.249999228996202, 54.038842849168198, 0.0 ], [ -117.249973958847804, 54.038733164901899, 0.0 ], [ -117.249918957969896, 54.038198953413207, 0.0 ], [ -117.2498456561447, 54.03804766258709, 0.0 ], [ -117.249645764658197, 54.037792681225753, 0.0 ], [ -117.249463170317497, 54.037509444392128, 0.0 ], [ -117.248911733019796, 54.03706723713173, 0.0 ], [ -117.248763137135995, 54.036963836960311, 0.0 ], [ -117.2482315764303, 54.036716765899648, 0.0 ], [ -117.248064762979396, 54.036616836308028, 0.0 ], [ -117.247773674209199, 54.036400779412389, 0.0 ], [ -117.247233962543703, 54.036131153006892, 0.0 ], [ -117.246998776081696, 54.035927773346749, 0.0 ], [ -117.246866408725097, 54.035777869160817, 0.0 ], [ -117.246820434354703, 54.035620830551608, 0.0 ], [ -117.246873467216204, 54.035463649966879, 0.0 ], [ -117.246998569481406, 54.03532907653981, 0.0 ], [ -117.247128589933695, 54.035239714513366, 0.0 ], [ -117.247298887237207, 54.035156088176237, 0.0 ], [ -117.247499008316595, 54.035086133612332, 0.0 ], [ -117.248633956575603, 54.034798875236291, 0.0 ], [ -117.249111736331002, 54.034699011380162, 0.0 ], [ -117.249290400821394, 54.034618513653513, 0.0 ], [ -117.249550859151597, 54.034390733474957, 0.0 ], [ -117.249836878363098, 54.034185282043751, 0.0 ], [ -117.249956350121195, 54.034065054870567, 0.0 ], [ -117.250015788449701, 54.033992933138798, 0.0 ], [ -117.250075143149601, 54.033920907373563, 0.0 ], [ -117.250266478467097, 54.033688751763883, 0.0 ], [ -117.250511208769595, 54.033457391184847, 0.0 ], [ -117.250777382683296, 54.033057351681236, 0.0 ], [ -117.251084840292407, 54.032859830021302, 0.0 ], [ -117.251197278310201, 54.032787649450498, 0.0 ], [ -117.2513189885305, 54.03273371401972, 0.0 ], [ -117.251417917511503, 54.032689881432027, 0.0 ], [ -117.251874123408498, 54.032577313896468, 0.0 ], [ -117.2529401443023, 54.032263357571964, 0.0 ], [ -117.253627079509698, 54.032091222003693, 0.0 ], [ -117.254116826863495, 54.031993345640359, 0.0 ], [ -117.255019906655704, 54.031763983219022, 0.0 ], [ -117.255723409378703, 54.031619171066772, 0.0 ], [ -117.256790976967594, 54.031476790832137, 0.0 ], [ -117.257659872785695, 54.031418416526378, 0.0 ], [ -117.2592356158641, 54.031384087373297, 0.0 ], [ -117.260464533266102, 54.03136758393741, 0.0 ], [ -117.261026590636405, 54.031317879517587, 0.0 ], [ -117.261555024085595, 54.031250789991397, 0.0 ], [ -117.262001215261293, 54.031141008966777, 0.0 ], [ -117.262729408757096, 54.030995840963257, 0.0 ], [ -117.263247745085593, 54.030928860271409, 0.0 ], [ -117.263547409350195, 54.030924557941169, 0.0 ], [ -117.263808843005194, 54.030953641669157, 0.0 ], [ -117.264046318885605, 54.031004628673443, 0.0 ], [ -117.264213474306899, 54.031088351184927, 0.0 ], [ -117.264276939232701, 54.031220337037638, 0.0 ], [ -117.264145024346107, 54.031500512566353, 0.0 ], [ -117.263904830314999, 54.031728609182373, 0.0 ], [ -117.263805957842607, 54.031858853948492, 0.0 ], [ -117.263563132281007, 54.032267266138888, 0.0 ], [ -117.263530623161699, 54.032432306414933, 0.0 ], [ -117.263549912680503, 54.032610183600163, 0.0 ], [ -117.263616773457599, 54.032759389799253, 0.0 ], [ -117.263916611680997, 54.03296180222091, 0.0 ], [ -117.264097494881298, 54.03304480948573, 0.0 ], [ -117.264339219079204, 54.033086035222617, 0.0 ], [ -117.264946823252799, 54.033077841590831, 0.0 ], [ -117.2652263778307, 54.033050027048418, 0.0 ], [ -117.265620748375099, 54.032901486208921, 0.0 ], [ -117.266060772494797, 54.032596918651869, 0.0 ], [ -117.266142946506505, 54.032461486325722, 0.0 ], [ -117.266319017671194, 54.031302563815132, 0.0 ], [ -117.266325732252497, 54.030932743428153, 0.0 ], [ -117.266285345197105, 54.030376770281769, 0.0 ], [ -117.266258663445598, 54.030197905868768, 0.0 ], [ -117.266125797245493, 54.029897311675683, 0.0 ], [ -117.266038022242498, 54.029752685842503, 0.0 ], [ -117.265834274048103, 54.029494550305479, 0.0 ], [ -117.265707758442602, 54.029192260254177, 0.0 ], [ -117.265470635209994, 54.028949119748113, 0.0 ], [ -117.265269391008999, 54.028683938132303, 0.0 ], [ -117.265037540229798, 54.02843424718165, 0.0 ], [ -117.264997901380298, 54.028353253644823, 0.0 ], [ -117.264774035285001, 54.02784329922104, 0.0 ], [ -117.264697660792393, 54.027507454995167, 0.0 ], [ -117.2647320215859, 54.027342930630923, 0.0 ], [ -117.264891396164202, 54.026884841407323, 0.0 ], [ -117.264979897930502, 54.026747162554173, 0.0 ], [ -117.265112725799, 54.026643472527283, 0.0 ], [ -117.265283027906406, 54.026561982842303, 0.0 ], [ -117.265524326613701, 54.026516841593633, 0.0 ], [ -117.2658262466678, 54.02650008582274, 0.0 ], [ -117.266451306866202, 54.026495983086001, 0.0 ], [ -117.266707145160595, 54.026522983054107, 0.0 ], [ -117.267195191196905, 54.026607506426188, 0.0 ], [ -117.267404177984801, 54.026682601837138, 0.0 ], [ -117.267948933603193, 54.026939666697487, 0.0 ], [ -117.268249177474502, 54.027153401630763, 0.0 ], [ -117.268570088731096, 54.02753258245211, 0.0 ], [ -117.268917526165794, 54.028261719279342, 0.0 ], [ -117.268977423063902, 54.028350918081543, 0.0 ], [ -117.269192841794293, 54.028671698257988, 0.0 ], [ -117.269983868705296, 54.030150897333328, 0.0 ], [ -117.270184566234306, 54.030601213357947, 0.0 ], [ -117.270282050716901, 54.030936248228713, 0.0 ], [ -117.2706000066852, 54.03171002143656, 0.0 ], [ -117.270802250027501, 54.031976259299803, 0.0 ], [ -117.271319115286403, 54.032365420806897, 0.0 ], [ -117.271524315172798, 54.032492317780843, 0.0 ], [ -117.271779826412896, 54.032597059122367, 0.0 ], [ -117.272315328414393, 54.032761362736572, 0.0 ], [ -117.272787361296196, 54.032857407981943, 0.0 ], [ -117.273220587994601, 54.032970129311167, 0.0 ], [ -117.273772452648601, 54.03301765274901, 0.0 ], [ -117.274907909250601, 54.033077219516848, 0.0 ], [ -117.276142375844103, 54.033036195138827, 0.0 ], [ -117.276394955314302, 54.032997896705723, 0.0 ], [ -117.276999399666295, 54.032778652962378, 0.0 ], [ -117.277160078941606, 54.03268430959713, 0.0 ], [ -117.277267225761904, 54.032556104668757, 0.0 ], [ -117.277392212471099, 54.032263594456538, 0.0 ], [ -117.277345258077304, 54.031732523098931, 0.0 ], [ -117.277289586884507, 54.031389406453577, 0.0 ], [ -117.277204097232797, 54.031057988010012, 0.0 ], [ -117.277266889036497, 54.030169297596487, 0.0 ], [ -117.277534178913001, 54.029206213446813, 0.0 ], [ -117.277686882516903, 54.028744930111877, 0.0 ], [ -117.277748960019395, 54.028587613582573, 0.0 ], [ -117.277836658208201, 54.028453716615097, 0.0 ], [ -117.277936921848394, 54.028352535134083, 0.0 ], [ -117.278248597812293, 54.027936799975102, 0.0 ], [ -117.278656335542195, 54.027605600823989, 0.0 ], [ -117.278817586700598, 54.02750314890941, 0.0 ], [ -117.2789989074587, 54.027422587238753, 0.0 ], [ -117.279612579082695, 54.027232342433237, 0.0 ], [ -117.280945244485096, 54.026874257728551, 0.0 ], [ -117.281382277542804, 54.026742393763087, 0.0 ], [ -117.282169722989593, 54.026441426184448, 0.0 ], [ -117.282686465463598, 54.026183851729378, 0.0 ], [ -117.282972398593998, 54.025982121567189, 0.0 ], [ -117.2831504842096, 54.025714289930711, 0.0 ], [ -117.283688295392196, 54.025107754950497, 0.0 ], [ -117.284019128873197, 54.024430735604732, 0.0 ], [ -117.284295721621405, 54.023897238638199, 0.0 ], [ -117.284647941452704, 54.023060606205433, 0.0 ], [ -117.284849546211603, 54.022809741798334, 0.0 ], [ -117.284920056270906, 54.022658245188893, 0.0 ], [ -117.285073398016394, 54.022192103045143, 0.0 ], [ -117.28508440361, 54.022018159870413, 0.0 ], [ -117.285038115049304, 54.021657103135198, 0.0 ], [ -117.285017706940096, 54.021127741799283, 0.0 ], [ -117.284971463593905, 54.020369535081109, 0.0 ], [ -117.284840367056901, 54.019870851202391, 0.0 ], [ -117.284560133489805, 54.019279611725452, 0.0 ], [ -117.284325854377101, 54.019040786718023, 0.0 ], [ -117.284019132766304, 54.018490883620963, 0.0 ], [ -117.283977307832998, 54.018111979023423, 0.0 ], [ -117.284018905769798, 54.018043786024258, 0.0 ], [ -117.284060313669499, 54.017975973456807, 0.0 ], [ -117.284205067629202, 54.017874812087193, 0.0 ], [ -117.284377036554702, 54.017790580069438, 0.0 ], [ -117.285296570447798, 54.017572651235028, 0.0 ], [ -117.285461081659093, 54.017485270459403, 0.0 ], [ -117.285749318170204, 54.01727324424801, 0.0 ], [ -117.285918095161804, 54.017177165715729, 0.0 ], [ -117.286104164020301, 54.017103005700307, 0.0 ], [ -117.286560454407805, 54.016999470387638, 0.0 ], [ -117.286983616192003, 54.016867760570818, 0.0 ], [ -117.287140624244302, 54.016775619555311, 0.0 ], [ -117.287264067729197, 54.016667701884138, 0.0 ], [ -117.287437350530197, 54.016396140119561, 0.0 ], [ -117.287435700644195, 54.016226676121278, 0.0 ], [ -117.287313582568999, 54.015922728027007, 0.0 ], [ -117.287227531768906, 54.015602127688368, 0.0 ], [ -117.287115033937198, 54.015484282951313, 0.0 ], [ -117.286386468839297, 54.014963006648031, 0.0 ], [ -117.2862224279054, 54.014864172383959, 0.0 ], [ -117.285874356713606, 54.014694810711013, 0.0 ], [ -117.285256698563401, 54.014298418953487, 0.0 ], [ -117.284287536243198, 54.013912986718829, 0.0 ], [ -117.284245873496005, 54.013899165738643, 0.0 ], [ -117.284018660060994, 54.013823850860682, 0.0 ], [ -117.283676124955804, 54.013710277185453, 0.0 ], [ -117.2833378002437, 54.013531612462508, 0.0 ], [ -117.283217364070794, 54.013421418478529, 0.0 ], [ -117.283129996490203, 54.013288670324528, 0.0 ], [ -117.283105078409093, 54.013109243635583, 0.0 ], [ -117.283105905335105, 54.012932199473383, 0.0 ], [ -117.283160744400206, 54.012778741224999, 0.0 ], [ -117.283349717739398, 54.01250968961125, 0.0 ], [ -117.283569478824504, 54.012280186086549, 0.0 ], [ -117.283710428291002, 54.01217530202242, 0.0 ], [ -117.284017974245501, 54.01199580435528, 0.0 ], [ -117.284720522348593, 54.011458012650998, 0.0 ], [ -117.285020103041802, 54.011082290625247, 0.0 ], [ -117.285165638966305, 54.010977869761767, 0.0 ], [ -117.286537284269997, 54.010299682782481, 0.0 ], [ -117.286872433368501, 54.010118888686392, 0.0 ], [ -117.287071394476101, 54.010047255993832, 0.0 ], [ -117.287320897436004, 54.01000412158006, 0.0 ], [ -117.287534129383303, 54.009946876205333, 0.0 ], [ -117.287706148302306, 54.009864792015229, 0.0 ], [ -117.287866006276005, 54.009776392595931, 0.0 ], [ -117.288001538019401, 54.009674798311117, 0.0 ], [ -117.288119035007995, 54.009555624616482, 0.0 ], [ -117.288382600997096, 54.009347146767666, 0.0 ], [ -117.288756032009104, 54.008987190881527, 0.0 ], [ -117.289152646110097, 54.008659340362961, 0.0 ], [ -117.289430283464398, 54.008261767037489, 0.0 ], [ -117.2896768649222, 54.007841908371887, 0.0 ], [ -117.289741987556994, 54.007694817982873, 0.0 ], [ -117.289775438236205, 54.007533540046161, 0.0 ], [ -117.289781864918098, 54.007359630966569, 0.0 ], [ -117.289718244492093, 54.007064513674543, 0.0 ], [ -117.2896471745631, 54.006763869558199, 0.0 ], [ -117.289486382508201, 54.006492585358281, 0.0 ], [ -117.289293600735306, 54.006295519589059, 0.0 ], [ -117.289144290108794, 54.006197597751282, 0.0 ], [ -117.2883065087548, 54.005743043269867, 0.0 ], [ -117.287787837551207, 54.005493288588511, 0.0 ], [ -117.287406761487304, 54.005347037320128, 0.0 ], [ -117.286761852518694, 54.005151799195673, 0.0 ], [ -117.286141062571204, 54.004940043156338, 0.0 ], [ -117.285770565341707, 54.004782314567898, 0.0 ], [ -117.284730256419095, 54.004474430188942, 0.0 ], [ -117.2843564426868, 54.004325378156068, 0.0 ], [ -117.284018650734097, 54.004163888137427, 0.0 ], [ -117.283820461473795, 54.004077443110461, 0.0 ], [ -117.283660436337897, 54.003986101110982, 0.0 ], [ -117.283246906219702, 54.003654036477563, 0.0 ], [ -117.282753191278104, 54.003383431652502, 0.0 ], [ -117.282295293519297, 54.003090257383228, 0.0 ], [ -117.282121101960598, 54.003012580416403, 0.0 ], [ -117.281336346372697, 54.002725702215862, 0.0 ], [ -117.279931783, 54.002276159783747, 0.0 ], [ -117.279573125075004, 54.002115018390818, 0.0 ], [ -117.278997820967803, 54.001891857499103, 0.0 ], [ -117.278468008681799, 54.001635760540623, 0.0 ], [ -117.277892963016697, 54.00139423699175, 0.0 ], [ -117.2775429653028, 54.001218941147137, 0.0 ], [ -117.276865926153405, 54.000869128275873, 0.0 ], [ -117.276716745285498, 54.000773349175716, 0.0 ], [ -117.276153614317593, 54.000356245008717, 0.0 ], [ -117.276029349025904, 54.000240134950772, 0.0 ], [ -117.275873977441094, 54.000067959959352, 0.0 ], [ -117.275829189846803, 54.000014528636463, 0.0 ], [ -117.275819826626005, 54.000006819416598, 0.0 ], [ -117.275815228291606, 53.999991986861303, 0.0 ], [ -117.275771222028297, 53.999935051159852, 0.0 ], [ -117.275748879127804, 53.999906146799091, 0.0 ], [ -117.275699202227102, 53.999667857885044, 0.0 ], [ -117.275696136827406, 53.999608186050743, 0.0 ], [ -117.2756781442815, 53.999257702173701, 0.0 ], [ -117.275677686517795, 53.99924883765393, 0.0 ], [ -117.2757247883129, 53.99902134185669, 0.0 ], [ -117.275984820629304, 53.998351773074063, 0.0 ], [ -117.276110580826398, 53.998125172974177, 0.0 ], [ -117.276424013982407, 53.997683502844517, 0.0 ], [ -117.276933207735397, 53.996805269864851, 0.0 ], [ -117.277086716743497, 53.996603811654353, 0.0 ], [ -117.277280315621596, 53.996414347309774, 0.0 ], [ -117.277306381178093, 53.996200185995441, 0.0 ], [ -117.277221340819494, 53.995319262828289, 0.0 ], [ -117.277159380709406, 53.995094116741967, 0.0 ], [ -117.277115412891803, 53.99466527001946, 0.0 ], [ -117.277171703601894, 53.994445302339059, 0.0 ], [ -117.277478097782904, 53.994032089810517, 0.0 ], [ -117.277561342302505, 53.993824424274912, 0.0 ], [ -117.277507069281995, 53.993370050930423, 0.0 ], [ -117.277631160758503, 53.993187236740098, 0.0 ], [ -117.278046824245394, 53.99284631455626, 0.0 ], [ -117.278289638196895, 53.992676386549377, 0.0 ], [ -117.278425696242095, 53.992475295034843, 0.0 ], [ -117.278491328166993, 53.992265430139241, 0.0 ], [ -117.278505768433803, 53.992030772711097, 0.0 ], [ -117.278517457295095, 53.991840218701618, 0.0 ], [ -117.278516921748107, 53.991407863807467, 0.0 ], [ -117.2785655859267, 53.991206069630273, 0.0 ], [ -117.278792391713097, 53.991055663674153, 0.0 ], [ -117.2789430906398, 53.990856830864509, 0.0 ], [ -117.278726210454593, 53.990392443920307, 0.0 ], [ -117.278604302252106, 53.989918063761728, 0.0 ], [ -117.2784712049164, 53.988976611464537, 0.0 ], [ -117.278264386735103, 53.988491037902072, 0.0 ], [ -117.278088198863202, 53.988275191329862, 0.0 ], [ -117.277620668589904, 53.987830965274483, 0.0 ], [ -117.277497119166796, 53.987679927818363, 0.0 ], [ -117.277296835938202, 53.987509237552587, 0.0 ], [ -117.277049667621498, 53.987337412100537, 0.0 ], [ -117.276772318863706, 53.987169366226169, 0.0 ], [ -117.276331396595893, 53.986975430871723, 0.0 ], [ -117.275547867232305, 53.986634070299871, 0.0 ], [ -117.275253688492796, 53.986576798890539, 0.0 ], [ -117.274902518852997, 53.986483509644827, 0.0 ], [ -117.274532537701305, 53.986321412064292, 0.0 ], [ -117.273242465893503, 53.98562204985064, 0.0 ], [ -117.271974666461801, 53.985104980892508, 0.0 ], [ -117.271778310880705, 53.9850382062276, 0.0 ], [ -117.271577981379096, 53.984970070097383, 0.0 ], [ -117.271318142919498, 53.98491448356306, 0.0 ], [ -117.271206938186893, 53.984890689661007, 0.0 ], [ -117.270828214187702, 53.984878877369681, 0.0 ], [ -117.270485550785693, 53.984903993122337, 0.0 ], [ -117.2693565686358, 53.985098122013333, 0.0 ], [ -117.268990317373095, 53.985201935161719, 0.0 ], [ -117.268624949427803, 53.985341870818132, 0.0 ], [ -117.267949393896004, 53.985549180772288, 0.0 ], [ -117.267290750885905, 53.985812490740258, 0.0 ], [ -117.266954838612804, 53.985974174136913, 0.0 ], [ -117.266301666946404, 53.986244948894488, 0.0 ], [ -117.2655236845372, 53.986682206298383, 0.0 ], [ -117.264775800431707, 53.987205780989392, 0.0 ], [ -117.264586103766405, 53.987378141946373, 0.0 ], [ -117.264420407755296, 53.987564813335098, 0.0 ], [ -117.264248490980805, 53.98782928480086, 0.0 ], [ -117.263902982755397, 53.988466839372308, 0.0 ], [ -117.263683059213506, 53.98921430371648, 0.0 ], [ -117.263546220036204, 53.989448581331153, 0.0 ], [ -117.263379899401301, 53.989661103567506, 0.0 ], [ -117.263282170470006, 53.989697233277091, 0.0 ], [ -117.263080349337102, 53.989771852654783, 0.0 ], [ -117.262727840873495, 53.98978968453558, 0.0 ], [ -117.262291376176904, 53.989773013751282, 0.0 ], [ -117.261442569616904, 53.989694523681379, 0.0 ], [ -117.260722329121904, 53.989565600851982, 0.0 ], [ -117.260367453669204, 53.989537053025117, 0.0 ], [ -117.260008324748, 53.989539709529517, 0.0 ], [ -117.259607316472398, 53.989495393511874, 0.0 ], [ -117.259234408157894, 53.989396620663157, 0.0 ], [ -117.259174782671295, 53.989380833851492, 0.0 ], [ -117.2589041091355, 53.989272601530907, 0.0 ], [ -117.258408188776698, 53.98899797423411, 0.0 ], [ -117.258165846522999, 53.98880871058099, 0.0 ], [ -117.257825838513099, 53.988430606969203, 0.0 ], [ -117.257387128831596, 53.988036827599643, 0.0 ], [ -117.257028755946294, 53.987682903768167, 0.0 ], [ -117.256404644388496, 53.987099562816987, 0.0 ], [ -117.255811778608603, 53.986519787967737, 0.0 ], [ -117.255546688589803, 53.986354918123403, 0.0 ], [ -117.255007683051005, 53.986085053255167, 0.0 ], [ -117.254835108232996, 53.985965705173143, 0.0 ], [ -117.254788352210895, 53.985933369121042, 0.0 ], [ -117.254495526643495, 53.985818989202897, 0.0 ], [ -117.254190534744495, 53.98574139530367, 0.0 ], [ -117.253834823936998, 53.985676685059431, 0.0 ], [ -117.253478236865405, 53.9855758652905, 0.0 ], [ -117.253182571938098, 53.985471949264841, 0.0 ], [ -117.252847120539499, 53.985395891928952, 0.0 ], [ -117.252520488986704, 53.985350388893217, 0.0 ], [ -117.252100372174496, 53.985325098072018, 0.0 ], [ -117.251318216908402, 53.985252828066884, 0.0 ], [ -117.251196055580294, 53.985241531608523, 0.0 ], [ -117.251074086717907, 53.98523233054393, 0.0 ], [ -117.250137835799194, 53.985161704678667, 0.0 ], [ -117.250015776800794, 53.985152492539562, 0.0 ], [ -117.249904138859193, 53.985144072601997, 0.0 ], [ -117.249496836659205, 53.985146549783387, 0.0 ], [ -117.248584585883407, 53.985233944407511, 0.0 ], [ -117.248172798257698, 53.985205641064603, 0.0 ], [ -117.247754288586606, 53.985221602129471, 0.0 ], [ -117.247379912027299, 53.985299923805059, 0.0 ], [ -117.246996945304403, 53.985400538399809, 0.0 ], [ -117.246536764316303, 53.98552145371152, 0.0 ], [ -117.245931590393099, 53.985680453832877, 0.0 ], [ -117.245583918258504, 53.985822014965493, 0.0 ], [ -117.244943131691599, 53.986148873349713, 0.0 ], [ -117.244676898785599, 53.986337983752257, 0.0 ], [ -117.243691198371593, 53.987157602917321, 0.0 ], [ -117.243337099072406, 53.987526829550717, 0.0 ], [ -117.242216521250995, 53.988474661649349, 0.0 ], [ -117.242071733528306, 53.98865506152211, 0.0 ], [ -117.241931526253595, 53.988897235879428, 0.0 ], [ -117.241760734159499, 53.989109939287083, 0.0 ], [ -117.241218777449404, 53.989695306994918, 0.0 ], [ -117.241080584023905, 53.989890887039451, 0.0 ], [ -117.240860106547302, 53.990090345529538, 0.0 ], [ -117.240649985893896, 53.99058377743588, 0.0 ], [ -117.240488667479497, 53.991305210509083, 0.0 ], [ -117.2407307842183, 53.991910022676102, 0.0 ], [ -117.240814004167902, 53.992042830179017, 0.0 ], [ -117.2408517400455, 53.992103055585702, 0.0 ], [ -117.2410351458619, 53.992317920210077, 0.0 ], [ -117.241878663090205, 53.993115874621203, 0.0 ], [ -117.241982178096194, 53.993309281360652, 0.0 ], [ -117.242011985296202, 53.99351195819002, 0.0 ], [ -117.241995236143694, 53.99373877670417, 0.0 ], [ -117.241878566163805, 53.994189055233299, 0.0 ], [ -117.241877626094805, 53.994603422710973, 0.0 ], [ -117.241848890512202, 53.994848519577808, 0.0 ], [ -117.2418037665105, 53.995039919881641, 0.0 ], [ -117.241799011340504, 53.995248474142791, 0.0 ], [ -117.241887890968101, 53.995918292946058, 0.0 ], [ -117.242031444650706, 53.996123713570412, 0.0 ], [ -117.242217987524796, 53.996317913489797, 0.0 ], [ -117.242613814333097, 53.996649248716288, 0.0 ], [ -117.242804117320404, 53.99683308703807, 0.0 ], [ -117.243248097655595, 53.997165957685723, 0.0 ], [ -117.243441070793494, 53.997393492970389, 0.0 ], [ -117.2437545678182, 53.99787839587178, 0.0 ], [ -117.243938026008394, 53.998093266954818, 0.0 ], [ -117.244140632851298, 53.998263971145327, 0.0 ], [ -117.244309763401304, 53.998458545326393, 0.0 ], [ -117.244392432011693, 53.998667835518873, 0.0 ], [ -117.244434213801895, 53.999137900285461, 0.0 ], [ -117.244402402469603, 53.999269816170113, 0.0 ], [ -117.244333129962698, 53.999556971435993, 0.0 ], [ -117.244159323774596, 53.999787124971547, 0.0 ], [ -117.243877866095602, 53.999970668245268, 0.0 ], [ -117.243776807524995, 54.000006834854197, 0.0 ], [ -117.243725761690499, 54.000025107195803, 0.0 ], [ -117.243604660699006, 54.000068448037432, 0.0 ], [ -117.243530439574499, 54.000086280678893, 0.0 ], [ -117.243003923637502, 54.000210783774023, 0.0 ], [ -117.242750413263295, 54.000244157377061, 0.0 ], [ -117.242141812804903, 54.000261971982432, 0.0 ], [ -117.241857054360807, 54.000241216712219, 0.0 ], [ -117.241619407559995, 54.00020584851918, 0.0 ], [ -117.241143555433396, 54.000096545634641, 0.0 ], [ -117.241021305449806, 54.000068475101124, 0.0 ], [ -117.240812199845607, 54.000029571786278, 0.0 ], [ -117.2406899877668, 54.000006829841922, 0.0 ], [ -117.240567845215693, 53.999984100867493, 0.0 ], [ -117.240191208133794, 53.999914023336054, 0.0 ], [ -117.239984393185793, 53.999875532759077, 0.0 ], [ -117.239812780814205, 53.999816784847731, 0.0 ], [ -117.239007379611806, 53.999541055775403, 0.0 ], [ -117.2386875026627, 53.99945259047032, 0.0 ], [ -117.237860846241404, 53.999272281998422, 0.0 ], [ -117.236934431117902, 53.999070172030947, 0.0 ], [ -117.236186091254993, 53.998975321035779, 0.0 ], [ -117.235841302693203, 53.998980038017791, 0.0 ], [ -117.234650198205202, 53.999074681001971, 0.0 ], [ -117.234453103495099, 53.999110507891913, 0.0 ], [ -117.2342656955188, 53.999144566044933, 0.0 ], [ -117.233866548418703, 53.999273597101933, 0.0 ], [ -117.233558837505697, 53.999373082759753, 0.0 ], [ -117.232912611432695, 53.999664668506547, 0.0 ], [ -117.232481495543396, 53.99986264322925, 0.0 ], [ -117.232268030799602, 53.999954392609069, 0.0 ], [ -117.232146277403601, 54.000006720341027, 0.0 ], [ -117.232106890693302, 54.000023649586623, 0.0 ], [ -117.232000301408604, 54.000068559907596, 0.0 ], [ -117.231899902369904, 54.000131275830263, 0.0 ], [ -117.231381987661095, 54.000587804792517, 0.0 ], [ -117.230838863802305, 54.001211979126737, 0.0 ], [ -117.230580643807897, 54.001629153997158, 0.0 ], [ -117.230407452233706, 54.002092765872582, 0.0 ], [ -117.230183121388393, 54.002535973122313, 0.0 ], [ -117.229695586148495, 54.003385069058922, 0.0 ], [ -117.229559928863097, 54.00369385758075, 0.0 ], [ -117.229391561832898, 54.003984166593582, 0.0 ], [ -117.229274186104107, 54.004291650509273, 0.0 ], [ -117.229051018125901, 54.00474185053595, 0.0 ], [ -117.228663096617495, 54.005300954550343, 0.0 ], [ -117.228440308727301, 54.005529843213893, 0.0 ], [ -117.228255161178794, 54.005787431716442, 0.0 ], [ -117.227820109634294, 54.006283954155691, 0.0 ], [ -117.227572239823402, 54.006503676676068, 0.0 ], [ -117.227271516690195, 54.006774961098706, 0.0 ], [ -117.226860251964794, 54.00722736774339, 0.0 ], [ -117.226598916474003, 54.007635929021241, 0.0 ], [ -117.226273103230199, 54.008553735481172, 0.0 ], [ -117.226009258189407, 54.008969884702807, 0.0 ], [ -117.225894692560402, 54.009098671053927, 0.0 ], [ -117.225754955599299, 54.009215355887328, 0.0 ], [ -117.225320626612998, 54.009526729077059, 0.0 ], [ -117.225171034724497, 54.009624639001657, 0.0 ], [ -117.224793531388997, 54.009780941652707, 0.0 ], [ -117.224452271384806, 54.009951908930887, 0.0 ], [ -117.2242623364031, 54.010022250881143, 0.0 ], [ -117.223317000432004, 54.010214658591053, 0.0 ], [ -117.222550369864393, 54.010326612821018, 0.0 ], [ -117.222216092031005, 54.010360361473239, 0.0 ], [ -117.221755631546799, 54.010399613456627, 0.0 ], [ -117.220541173717194, 54.010468871909978, 0.0 ], [ -117.220223012661293, 54.010463052062732, 0.0 ], [ -117.219354253359199, 54.010411594038388, 0.0 ], [ -117.218575554019594, 54.010314787863152, 0.0 ], [ -117.218289722465897, 54.010252272125541, 0.0 ], [ -117.2174424201676, 54.01003985889573, 0.0 ], [ -117.217210017986403, 54.009998439272991, 0.0 ], [ -117.216665043973407, 54.00995327228884, 0.0 ], [ -117.215888348602306, 54.009945530115679, 0.0 ], [ -117.215128670187596, 54.009988207390137, 0.0 ], [ -117.214325684423102, 54.010087052253681, 0.0 ], [ -117.213262128281897, 54.010252220933097, 0.0 ], [ -117.212712540024896, 54.010313956556828, 0.0 ], [ -117.211504941301698, 54.010368589521732, 0.0 ], [ -117.210648326524705, 54.010430272902987, 0.0 ], [ -117.209670552606696, 54.01046327269998, 0.0 ], [ -117.207932029820299, 54.010531265871933, 0.0 ], [ -117.205550392581301, 54.010662144598612, 0.0 ], [ -117.204979261803402, 54.010710627436133, 0.0 ], [ -117.204216392133304, 54.010828887555363, 0.0 ], [ -117.203389488260498, 54.010897719231117, 0.0 ], [ -117.202521531320798, 54.010947608981617, 0.0 ], [ -117.201902964096007, 54.010947525224068, 0.0 ], [ -117.201397524809195, 54.010879686849272, 0.0 ], [ -117.2011236810946, 54.010858698466137, 0.0 ], [ -117.200248589854993, 54.010833648599387, 0.0 ], [ -117.198739841778902, 54.01082377694749, 0.0 ], [ -117.198450673951498, 54.010808370869967, 0.0 ], [ -117.197926312330196, 54.01074937832567, 0.0 ], [ -117.197435259873799, 54.010655674469461, 0.0 ], [ -117.197280768541503, 54.01055184870885, 0.0 ], [ -117.197203104722107, 54.010059655497933, 0.0 ], [ -117.197085271418999, 54.009936925689203, 0.0 ], [ -117.196974762845002, 54.00986231310884, 0.0 ], [ -117.196763936353804, 54.009761055478847, 0.0 ], [ -117.196526033207505, 54.009719667807211, 0.0 ], [ -117.1962488604143, 54.009705197401907, 0.0 ], [ -117.195481877577393, 54.009602686652023, 0.0 ], [ -117.194911976144496, 54.009576623681852, 0.0 ], [ -117.194628794494605, 54.009549261845592, 0.0 ], [ -117.194386432225798, 54.009510609893489, 0.0 ], [ -117.193950690230494, 54.009391164947253, 0.0 ], [ -117.193580289733603, 54.009227757773267, 0.0 ], [ -117.1929852454805, 54.009004971290913, 0.0 ], [ -117.192456922970294, 54.008725248676129, 0.0 ], [ -117.192135794555298, 54.008527778044133, 0.0 ], [ -117.192016154356196, 54.008406145696021, 0.0 ], [ -117.191937457814106, 54.008219339367393, 0.0 ], [ -117.191919019521706, 54.008088326913118, 0.0 ], [ -117.192178689608895, 54.007515236091201, 0.0 ], [ -117.192559940802695, 54.007172790465681, 0.0 ], [ -117.192730908623901, 54.007083294044357, 0.0 ], [ -117.193596760954406, 54.006779126050162, 0.0 ], [ -117.194122379534605, 54.006593758656791, 0.0 ], [ -117.194455824710403, 54.006507932681103, 0.0 ], [ -117.194792490289302, 54.006417848757359, 0.0 ], [ -117.194997084108394, 54.006346293000547, 0.0 ], [ -117.195322690832299, 54.006170210053057, 0.0 ], [ -117.195757735109396, 54.006058641760333, 0.0 ], [ -117.196362239274094, 54.006026551392452, 0.0 ], [ -117.196682814384502, 54.006022680566041, 0.0 ], [ -117.196935406152406, 54.006037951749327, 0.0 ], [ -117.1969746266372, 54.006043196470273, 0.0 ], [ -117.197435046870893, 54.00610722928068, 0.0 ], [ -117.199309781769898, 54.006339170387257, 0.0 ], [ -117.199818103603405, 54.006410209188587, 0.0 ], [ -117.200303104230699, 54.006507860335297, 0.0 ], [ -117.200521744244497, 54.006565809472043, 0.0 ], [ -117.200890428505602, 54.006734087782043, 0.0 ], [ -117.201024150680396, 54.00677903441877, 0.0 ], [ -117.201270188459304, 54.006876840725042, 0.0 ], [ -117.201622627483104, 54.007051247655113, 0.0 ], [ -117.201846626934596, 54.007116544680287, 0.0 ], [ -117.202315731067301, 54.007220976938299, 0.0 ], [ -117.20259959421, 54.007240221965937, 0.0 ], [ -117.203153743061506, 54.007183325060097, 0.0 ], [ -117.203389293164093, 54.007131363476411, 0.0 ], [ -117.203595898012793, 54.007064641405442, 0.0 ], [ -117.204253111454094, 54.006778846378992, 0.0 ], [ -117.204356842107401, 54.006733744673909, 0.0 ], [ -117.204753802220793, 54.006507614091319, 0.0 ], [ -117.204990104408793, 54.006343937261789, 0.0 ], [ -117.205485149594097, 54.006061583252929, 0.0 ], [ -117.205758008088907, 54.005845079277989, 0.0 ], [ -117.206073143092098, 54.005636156186974, 0.0 ], [ -117.206475790814196, 54.005304724724439, 0.0 ], [ -117.206601865805297, 54.005191466653628, 0.0 ], [ -117.206940413581407, 54.004810093039659, 0.0 ], [ -117.207372994854097, 54.004496640746012, 0.0 ], [ -117.207996358167705, 54.00390129860569, 0.0 ], [ -117.208595084622203, 54.003128678483591, 0.0 ], [ -117.209234725674904, 54.002556330814471, 0.0 ], [ -117.209671652398697, 54.002212704574447, 0.0 ], [ -117.209996240396805, 54.001879413502067, 0.0 ], [ -117.210088988300001, 54.001754136653247, 0.0 ], [ -117.210502401260996, 54.001053916203297, 0.0 ], [ -117.210603839105701, 54.00091613085101, 0.0 ], [ -117.211033208714099, 54.000617820325552, 0.0 ], [ -117.211302852212995, 54.000391626635697, 0.0 ], [ -117.2118401882814, 54.000144361141487, 0.0 ], [ -117.211991374733401, 54.000102607738988, 0.0 ], [ -117.212113267234301, 54.000068948999811, 0.0 ], [ -117.212437196338897, 54.000034013537473, 0.0 ], [ -117.212480562325297, 54.000026885298389, 0.0 ], [ -117.212602536819006, 54.000006839036317, 0.0 ], [ -117.212724445329698, 53.999986788468327, 0.0 ], [ -117.213447370562903, 53.999867935482612, 0.0 ], [ -117.214171448516396, 53.999778143927713, 0.0 ], [ -117.215625667460003, 53.999482613658998, 0.0 ], [ -117.216316091509498, 53.999277890778117, 0.0 ], [ -117.216578336670494, 53.999200142798678, 0.0 ], [ -117.216868467680001, 53.99908596739067, 0.0 ], [ -117.217118246133893, 53.99895462516757, 0.0 ], [ -117.217399833666406, 53.998771148559619, 0.0 ], [ -117.217522349217901, 53.998557554062451, 0.0 ], [ -117.217496433874004, 53.998128309338099, 0.0 ], [ -117.217375938602203, 53.997724232192397, 0.0 ], [ -117.217166654568501, 53.997296257950687, 0.0 ], [ -117.216987845282304, 53.997083832665048, 0.0 ], [ -117.216790484751897, 53.996925838705323, 0.0 ], [ -117.216503710456195, 53.996733696817039, 0.0 ], [ -117.216260413029104, 53.99653806497804, 0.0 ], [ -117.215710104676106, 53.996176426139193, 0.0 ], [ -117.215387341753996, 53.996039072413147, 0.0 ], [ -117.215101956423297, 53.99594211144619, 0.0 ], [ -117.214492117109501, 53.995679522952749, 0.0 ], [ -117.214110150148898, 53.995574291291028, 0.0 ], [ -117.213069701728401, 53.995341309655842, 0.0 ], [ -117.212703807870795, 53.995212568637307, 0.0 ], [ -117.212056684317304, 53.995056259184352, 0.0 ], [ -117.210707832479301, 53.994778232064149, 0.0 ], [ -117.210318374977106, 53.994765794442984, 0.0 ], [ -117.209672068778104, 53.994659903155963, 0.0 ], [ -117.209259713627901, 53.99459234335977, 0.0 ], [ -117.208869359013605, 53.994492419862617, 0.0 ], [ -117.208485535595102, 53.99442838176823, 0.0 ], [ -117.207828540314495, 53.994179608099849, 0.0 ], [ -117.207544449286303, 53.994031130848491, 0.0 ], [ -117.2073281585795, 53.993847782065011, 0.0 ], [ -117.206432061695295, 53.99325400734984, 0.0 ], [ -117.206103300554702, 53.993088445424327, 0.0 ], [ -117.205737745898304, 53.992964834186353, 0.0 ], [ -117.205423455469401, 53.99282213084998, 0.0 ], [ -117.204543395945194, 53.99234896306109, 0.0 ], [ -117.204306396906702, 53.992184047185049, 0.0 ], [ -117.2041718154791, 53.992051040727013, 0.0 ], [ -117.203944254195804, 53.991826169779777, 0.0 ], [ -117.203663944137404, 53.991667304853699, 0.0 ], [ -117.203357275537897, 53.991578485347297, 0.0 ], [ -117.202594976459196, 53.991465705495372, 0.0 ], [ -117.201146782008806, 53.991130459685607, 0.0 ], [ -117.199658551941596, 53.990855215268667, 0.0 ], [ -117.199324182100995, 53.990741227814588, 0.0 ], [ -117.198436465527905, 53.990549060579482, 0.0 ], [ -117.197690096847793, 53.990338633515726, 0.0 ], [ -117.197434692773896, 53.990281640114567, 0.0 ], [ -117.196974460523194, 53.990178923888287, 0.0 ], [ -117.196962703662905, 53.990176299619911, 0.0 ], [ -117.196098421466104, 53.99003776414829, 0.0 ], [ -117.194085523870598, 53.989757247569493, 0.0 ], [ -117.192831994473096, 53.989650569844152, 0.0 ], [ -117.192402367700197, 53.989637822070399, 0.0 ], [ -117.191541902921699, 53.989674144155501, 0.0 ], [ -117.191118471306794, 53.989712603215168, 0.0 ], [ -117.190704709266697, 53.989794409669663, 0.0 ], [ -117.190365762493201, 53.989916834370348, 0.0 ], [ -117.190108443685006, 53.990064125647038, 0.0 ], [ -117.189797437629693, 53.990200809454343, 0.0 ], [ -117.189459091199097, 53.990256268077331, 0.0 ], [ -117.189156753549398, 53.990392578164958, 0.0 ], [ -117.188461761349203, 53.990604662550687, 0.0 ], [ -117.188158798240906, 53.990735848842711, 0.0 ], [ -117.187527114369303, 53.990929810083983, 0.0 ], [ -117.187234696770901, 53.99107599118063, 0.0 ], [ -117.186168772586299, 53.991723287955132, 0.0 ], [ -117.185671237961103, 53.992050984575421, 0.0 ], [ -117.184890579237006, 53.992565165154303, 0.0 ], [ -117.184615450964202, 53.99274635816365, 0.0 ], [ -117.184282979527794, 53.992886494320643, 0.0 ], [ -117.183726998187893, 53.9932007979654, 0.0 ], [ -117.182919554517895, 53.993747068885177, 0.0 ], [ -117.182701038046602, 53.993948901344218, 0.0 ], [ -117.182558999190306, 53.994103442868187, 0.0 ], [ -117.182464469856896, 53.994119527266058, 0.0 ], [ -117.1822699683471, 53.994234701614658, 0.0 ], [ -117.182050992929703, 53.994332952721457, 0.0 ], [ -117.181533682183201, 53.994501921162922, 0.0 ], [ -117.181336180209797, 53.994614526821941, 0.0 ], [ -117.181018676979306, 53.994886094907422, 0.0 ], [ -117.180606463469701, 53.995112934034672, 0.0 ], [ -117.180385766255398, 53.995422778900107, 0.0 ], [ -117.180183459266701, 53.995532837379507, 0.0 ], [ -117.180008728199098, 53.995654379028217, 0.0 ], [ -117.179757966638604, 53.995955462555962, 0.0 ], [ -117.179696334579603, 53.996142127111298, 0.0 ], [ -117.179575013252006, 53.996296901495498, 0.0 ], [ -117.179216793539496, 53.996864404021409, 0.0 ], [ -117.179152683336298, 53.996943902254721, 0.0 ], [ -117.178838187571202, 53.997208920834197, 0.0 ], [ -117.178866792554203, 53.997223735148303, 0.0 ], [ -117.178553225646198, 53.997442056099267, 0.0 ], [ -117.1784045090033, 53.997656824402583, 0.0 ], [ -117.178141206679896, 53.997791463656633, 0.0 ], [ -117.177903367682504, 53.997955908452177, 0.0 ], [ -117.176695220313604, 53.998513857469241, 0.0 ], [ -117.176379444045594, 53.998684152979678, 0.0 ], [ -117.175473702762304, 53.999105812150987, 0.0 ], [ -117.174900317296206, 53.999277882635042, 0.0 ], [ -117.174765443770099, 53.999318353959659, 0.0 ], [ -117.174114633138998, 53.999536218520497, 0.0 ], [ -117.173072548101501, 53.99980654795683, 0.0 ], [ -117.172683173612597, 53.999874392065372, 0.0 ], [ -117.172653542462896, 53.999877554884947, 0.0 ], [ -117.172325160601602, 53.99991261795148, 0.0 ], [ -117.172193203735105, 53.999906741315911, 0.0 ], [ -117.171938585431107, 53.999895405956813, 0.0 ], [ -117.171195284110496, 53.999782491219051, 0.0 ], [ -117.170411585586805, 53.999697012374497, 0.0 ], [ -117.170067882743695, 53.999636805303624, 0.0 ], [ -117.168733457296099, 53.999332483420268, 0.0 ], [ -117.168545158659498, 53.999276639181147, 0.0 ], [ -117.168026513366897, 53.999122786577843, 0.0 ], [ -117.167328913768301, 53.998881799550738, 0.0 ], [ -117.167028702661995, 53.998747683958193, 0.0 ], [ -117.166166939315005, 53.99830508935424, 0.0 ], [ -117.165895629681003, 53.99812084536206, 0.0 ], [ -117.165345848839607, 53.99783760723615, 0.0 ], [ -117.164818170221196, 53.99748392883302, 0.0 ], [ -117.164517675926206, 53.997311205797097, 0.0 ], [ -117.163877887165, 53.997042039487887, 0.0 ], [ -117.163285266545302, 53.996801780047498, 0.0 ], [ -117.162812259784204, 53.996466400589682, 0.0 ], [ -117.162351666735205, 53.99608932328708, 0.0 ], [ -117.161844815777101, 53.995727038123832, 0.0 ], [ -117.161652439746305, 53.995544626400871, 0.0 ], [ -117.1611134076837, 53.99495203889029, 0.0 ], [ -117.161179846969603, 53.994743994265669, 0.0 ], [ -117.161196666837498, 53.994541606029991, 0.0 ], [ -117.1613504395239, 53.99412001352664, 0.0 ], [ -117.161487002479205, 53.993898258356268, 0.0 ], [ -117.161889047047794, 53.993522697564117, 0.0 ], [ -117.162056840189706, 53.993332832759563, 0.0 ], [ -117.162268556635894, 53.993171600334811, 0.0 ], [ -117.162789613197504, 53.992885207200807, 0.0 ], [ -117.163049143426704, 53.992721385840127, 0.0 ], [ -117.163687549478993, 53.992400251916507, 0.0 ], [ -117.164308621457295, 53.992165277879778, 0.0 ], [ -117.164561002507597, 53.992047328306981, 0.0 ], [ -117.164852222445703, 53.991911225544293, 0.0 ], [ -117.165170259515406, 53.991785600047763, 0.0 ], [ -117.1659642795114, 53.991394051207322, 0.0 ], [ -117.166516956948797, 53.991142089366718, 0.0 ], [ -117.1667570979034, 53.990994812098791, 0.0 ], [ -117.167210478150295, 53.990668128181952, 0.0 ], [ -117.167479859052804, 53.990511522689147, 0.0 ], [ -117.167977465264499, 53.990159193259657, 0.0 ], [ -117.168504387590403, 53.989882786404301, 0.0 ], [ -117.168716427369901, 53.989695696160943, 0.0 ], [ -117.169312497545704, 53.989412960526771, 0.0 ], [ -117.169826685227505, 53.98908298019618, 0.0 ], [ -117.170168355784497, 53.988912133704659, 0.0 ], [ -117.1703843189173, 53.988722251669522, 0.0 ], [ -117.170556826659606, 53.988534696754748, 0.0 ], [ -117.170788613116997, 53.988362031253423, 0.0 ], [ -117.171420323231601, 53.988167772934247, 0.0 ], [ -117.171672271869298, 53.988012096044073, 0.0 ], [ -117.171801652135201, 53.987801030941817, 0.0 ], [ -117.171882034562401, 53.987584876217213, 0.0 ], [ -117.171936104349797, 53.98717122354995, 0.0 ], [ -117.171906793833799, 53.986756921654781, 0.0 ], [ -117.171819788988898, 53.986337967176148, 0.0 ], [ -117.171526683544798, 53.98572091547063, 0.0 ], [ -117.171405935126998, 53.985536263853071, 0.0 ], [ -117.171109684782294, 53.984927134642632, 0.0 ], [ -117.171023283922906, 53.984820444634259, 0.0 ], [ -117.170648689904496, 53.984357882982671, 0.0 ], [ -117.170045069771803, 53.983406263362532, 0.0 ], [ -117.169839011897906, 53.983236560605228, 0.0 ], [ -117.1693344963698, 53.982951218091813, 0.0 ], [ -117.169059727836498, 53.982818811674413, 0.0 ], [ -117.168163644207496, 53.982523599153552, 0.0 ], [ -117.167443245201099, 53.982456560620143, 0.0 ], [ -117.167079256314096, 53.982398696079393, 0.0 ], [ -117.166364003778597, 53.982336541571271, 0.0 ], [ -117.1659787485018, 53.982339238279231, 0.0 ], [ -117.165622745585594, 53.982361018571133, 0.0 ], [ -117.164934927080694, 53.982475617872453, 0.0 ], [ -117.162854759368301, 53.982740188354093, 0.0 ], [ -117.161459629899994, 53.982872212971948, 0.0 ], [ -117.160108706679907, 53.982945026150738, 0.0 ], [ -117.158178127629, 53.983049044917678, 0.0 ], [ -117.156355054211303, 53.983219568582292, 0.0 ], [ -117.155251550673199, 53.983395239937202, 0.0 ], [ -117.154913351877696, 53.983475439645012, 0.0 ], [ -117.154621810577794, 53.983573807518383, 0.0 ], [ -117.153958473184403, 53.983733503236877, 0.0 ], [ -117.153600124904997, 53.983796716522107, 0.0 ], [ -117.152961653729704, 53.983947322627628, 0.0 ], [ -117.152282066130795, 53.984058808183093, 0.0 ], [ -117.151216776019496, 53.984141975270788, 0.0 ], [ -117.149142323859905, 53.984331085323582, 0.0 ], [ -117.148434672795503, 53.984431143633373, 0.0 ], [ -117.147872149351898, 53.984491453644168, 0.0 ], [ -117.147411968674106, 53.984540783442107, 0.0 ], [ -117.147080923258002, 53.984576272982501, 0.0 ], [ -117.146415905049807, 53.984612028274817, 0.0 ], [ -117.145921839286501, 53.98457744061546, 0.0 ], [ -117.144507096891701, 53.984702196175668, 0.0 ], [ -117.144132194729096, 53.984677388430043, 0.0 ], [ -117.143401413634294, 53.984531537968927, 0.0 ], [ -117.142328504228203, 53.984374428332998, 0.0 ], [ -117.142020477119701, 53.984278925228388, 0.0 ], [ -117.140579334925803, 53.984058034586603, 0.0 ], [ -117.139186947346104, 53.983947454769996, 0.0 ], [ -117.138470160216002, 53.983859926787673, 0.0 ], [ -117.135995862662995, 53.983669816246334, 0.0 ], [ -117.135636619566299, 53.983713506365611, 0.0 ], [ -117.135327798313497, 53.983803338578497, 0.0 ], [ -117.135020481959103, 53.983892725942418, 0.0 ], [ -117.134020708686506, 53.984153029456259, 0.0 ], [ -117.133345127105599, 53.984289377600213, 0.0 ], [ -117.132321985088197, 53.984381300654938, 0.0 ], [ -117.131273294385807, 53.984397539512358, 0.0 ], [ -117.130578314249405, 53.9844424235324, 0.0 ], [ -117.129184753632501, 53.984642913999473, 0.0 ], [ -117.1288770950067, 53.9847350561204, 0.0 ], [ -117.128712391566296, 53.984804733117272, 0.0 ], [ -117.127914507660407, 53.985142301040099, 0.0 ], [ -117.126873338733802, 53.985788004654978, 0.0 ], [ -117.125483197522001, 53.986726178050169, 0.0 ], [ -117.124703062701101, 53.987182107218743, 0.0 ], [ -117.124099663944094, 53.987465972803392, 0.0 ], [ -117.123588836087194, 53.987808810263203, 0.0 ], [ -117.123383488525505, 53.987992798780887, 0.0 ], [ -117.123126991288203, 53.988369978641558, 0.0 ], [ -117.123091016320402, 53.988416237203509, 0.0 ], [ -117.122630803554898, 53.989007823742043, 0.0 ], [ -117.122262520579099, 53.989481205278672, 0.0 ], [ -117.121452042938898, 53.990257668867713, 0.0 ], [ -117.121010915222001, 53.990812489184172, 0.0 ], [ -117.120772528147299, 53.991432888547003, 0.0 ], [ -117.120741875904301, 53.991830591977283, 0.0 ], [ -117.120766346664894, 53.99203149497697, 0.0 ], [ -117.120816812528005, 53.99244594757841, 0.0 ], [ -117.120773314231499, 53.992659263362057, 0.0 ], [ -117.120694953456805, 53.992846283463422, 0.0 ], [ -117.120330352885503, 53.99322962492537, 0.0 ], [ -117.120111972684299, 53.993414347290717, 0.0 ], [ -117.119842153177103, 53.993604579679307, 0.0 ], [ -117.119280328505894, 53.993929734941041, 0.0 ], [ -117.118681541903698, 53.994215876503439, 0.0 ], [ -117.117891012109396, 53.994716051564481, 0.0 ], [ -117.117339617581095, 53.995025180675157, 0.0 ], [ -117.116442496954093, 53.995408024640042, 0.0 ], [ -117.116134586375594, 53.995525845187792, 0.0 ], [ -117.115478321755702, 53.99572781954847, 0.0 ], [ -117.115149888668299, 53.995800541664529, 0.0 ], [ -117.114473386819995, 53.995905960913781, 0.0 ], [ -117.113806374421699, 53.995936269988484, 0.0 ], [ -117.113462869488203, 53.995917277019288, 0.0 ], [ -117.111701456075295, 53.995739987774009, 0.0 ], [ -117.1113893671005, 53.995672922770218, 0.0 ], [ -117.111039488751501, 53.995561736479686, 0.0 ], [ -117.110726849535993, 53.995438141502191, 0.0 ], [ -117.110548177508704, 53.995351439714938, 0.0 ], [ -117.110442396698701, 53.995300084765411, 0.0 ], [ -117.109827615921404, 53.994957161590079, 0.0 ], [ -117.1093724936119, 53.994656568473673, 0.0 ], [ -117.108029203437596, 53.993835774768932, 0.0 ], [ -117.107770584123799, 53.993642252225257, 0.0 ], [ -117.107590602166297, 53.993449380419449, 0.0 ], [ -117.107449946235107, 53.993256852787823, 0.0 ], [ -117.107209775839095, 53.992856588005147, 0.0 ], [ -117.1071481837579, 53.992667264441643, 0.0 ], [ -117.107084994831595, 53.992039077324883, 0.0 ], [ -117.107066402279699, 53.991854168982087, 0.0 ], [ -117.106888537616101, 53.991589341487021, 0.0 ], [ -117.106680880281303, 53.991174375066173, 0.0 ], [ -117.106359840082007, 53.990333917264778, 0.0 ], [ -117.106084336311099, 53.989691406490117, 0.0 ], [ -117.105986853351098, 53.989283019718627, 0.0 ], [ -117.105940819787804, 53.988869129980017, 0.0 ], [ -117.106005013280694, 53.988675213980969, 0.0 ], [ -117.106155226030594, 53.988473826434948, 0.0 ], [ -117.107116490300896, 53.987817452102853, 0.0 ], [ -117.107506716444902, 53.987430135655217, 0.0 ], [ -117.108060575947306, 53.987136321853519, 0.0 ], [ -117.108404026044198, 53.986995929619688, 0.0 ], [ -117.108784814437797, 53.986897096955829, 0.0 ], [ -117.110547072853393, 53.986656806414537, 0.0 ], [ -117.110922665528406, 53.986605586585149, 0.0 ], [ -117.112683459949096, 53.986435799512464, 0.0 ], [ -117.113038723646397, 53.98634097967782, 0.0 ], [ -117.113330136144299, 53.986229244810957, 0.0 ], [ -117.113518099764406, 53.986071973464249, 0.0 ], [ -117.113613743006994, 53.985883967765233, 0.0 ], [ -117.113698690896598, 53.985683721246673, 0.0 ], [ -117.113733007443699, 53.98525496666899, 0.0 ], [ -117.113669020314902, 53.984807192052138, 0.0 ], [ -117.113615290230499, 53.984431205899938, 0.0 ], [ -117.113566419121597, 53.983814367651661, 0.0 ], [ -117.113634349204304, 53.983404250433608, 0.0 ], [ -117.113714948676801, 53.983204256567838, 0.0 ], [ -117.113808103236593, 53.983000967765378, 0.0 ], [ -117.113937896888501, 53.982808450400491, 0.0 ], [ -117.114322993016899, 53.982390534190827, 0.0 ], [ -117.115152412826106, 53.980985689219906, 0.0 ], [ -117.115320987203603, 53.980577560520857, 0.0 ], [ -117.115715819474602, 53.979714283111072, 0.0 ], [ -117.116069244759103, 53.978678539782251, 0.0 ], [ -117.116119019035196, 53.978264321030977, 0.0 ], [ -117.116120701416506, 53.977667947370193, 0.0 ], [ -117.116120865519207, 53.977611147323813, 0.0 ], [ -117.116090231013203, 53.977396747421672, 0.0 ], [ -117.116062179763503, 53.977200554183987, 0.0 ], [ -117.115927965872601, 53.976781398655163, 0.0 ], [ -117.115711927415006, 53.976395198991142, 0.0 ], [ -117.115425502508998, 53.97600529483698, 0.0 ], [ -117.115252946699599, 53.975804315607903, 0.0 ], [ -117.114353390499602, 53.975133154978558, 0.0 ], [ -117.114178062122903, 53.97496831551846, 0.0 ], [ -117.113905984731701, 53.974798713989117, 0.0 ], [ -117.113644932644505, 53.974669623948927, 0.0 ], [ -117.113366022963902, 53.974564681944031, 0.0 ], [ -117.112072764508895, 53.974098495860972, 0.0 ], [ -117.111469002232397, 53.973847527402121, 0.0 ], [ -117.111124879982299, 53.973743740964053, 0.0 ], [ -117.110548138694099, 53.973640217926189, 0.0 ], [ -117.109776829785005, 53.973501760829961, 0.0 ], [ -117.108674622030307, 53.973402611443127, 0.0 ], [ -117.107593326047294, 53.973351096477337, 0.0 ], [ -117.106157279470594, 53.973396929220371, 0.0 ], [ -117.105829595795697, 53.973366734875547, 0.0 ], [ -117.1054722404768, 53.973315108589567, 0.0 ], [ -117.105152660089104, 53.973227890560807, 0.0 ], [ -117.104226769489898, 53.972820413081202, 0.0 ], [ -117.103148877641601, 53.972257032485608, 0.0 ], [ -117.102810929701405, 53.97213743253662, 0.0 ], [ -117.102503768509393, 53.972072645471208, 0.0 ], [ -117.102105873509004, 53.972013039326633, 0.0 ], [ -117.101427129447302, 53.97196940664351, 0.0 ], [ -117.101052619121305, 53.971972723160277, 0.0 ], [ -117.1007107094741, 53.972015329884947, 0.0 ], [ -117.100009587264395, 53.972181232352959, 0.0 ], [ -117.099710600912104, 53.972272806762938, 0.0 ], [ -117.099424948975297, 53.972366200552408, 0.0 ], [ -117.099119555046897, 53.972445284786559, 0.0 ], [ -117.098762858918107, 53.972504148993252, 0.0 ], [ -117.098309710126699, 53.972631885071969, 0.0 ], [ -117.098100018462702, 53.972690995038903, 0.0 ], [ -117.097849658749794, 53.972769516706357, 0.0 ], [ -117.096818244853495, 53.973093013110102, 0.0 ], [ -117.096236781962801, 53.973324065176733, 0.0 ], [ -117.095963380845504, 53.973465596147648, 0.0 ], [ -117.095238761245596, 53.973941317371171, 0.0 ], [ -117.094850276531503, 53.974259078699092, 0.0 ], [ -117.094297005989105, 53.974609350519323, 0.0 ], [ -117.093418928806997, 53.975026943990443, 0.0 ], [ -117.092938296871196, 53.975288239764588, 0.0 ], [ -117.092021469960997, 53.975895705479218, 0.0 ], [ -117.091749276345595, 53.976044866091136, 0.0 ], [ -117.090573754349194, 53.976564182131924, 0.0 ], [ -117.089781031331796, 53.976997466204161, 0.0 ], [ -117.089270226990294, 53.977314440801727, 0.0 ], [ -117.089151935425406, 53.977409246969593, 0.0 ], [ -117.089038844724001, 53.977499854388753, 0.0 ], [ -117.088837277671999, 53.977680563534932, 0.0 ], [ -117.0884111862552, 53.978062569132668, 0.0 ], [ -117.085819735736195, 53.980701074082063, 0.0 ], [ -117.085764238312507, 53.980741370225431, 0.0 ], [ -117.085293329359203, 53.981083189996369, 0.0 ], [ -117.085255244626097, 53.981303900168797, 0.0 ], [ -117.085451115673607, 53.981488163939119, 0.0 ], [ -117.085765187802195, 53.981671216071319, 0.0 ], [ -117.086781743904297, 53.982263601645037, 0.0 ], [ -117.087294246358795, 53.982597009374288, 0.0 ], [ -117.0892450600996, 53.983563440962648, 0.0 ], [ -117.090029789733293, 53.984040769533038, 0.0 ], [ -117.090428982505998, 53.984401177514741, 0.0 ], [ -117.090538847514907, 53.984592899558038, 0.0 ], [ -117.090613743663596, 53.984784040222273, 0.0 ], [ -117.090629236550001, 53.984817789879258, 0.0 ], [ -117.0907966676847, 53.985182428424771, 0.0 ], [ -117.090842821636798, 53.985411208237402, 0.0 ], [ -117.0908804691136, 53.985828137336377, 0.0 ], [ -117.090806590362405, 53.986043170624107, 0.0 ], [ -117.090688371611805, 53.986227285516243, 0.0 ], [ -117.090506319108997, 53.9863944541611, 0.0 ], [ -117.090187934245506, 53.986528235076733, 0.0 ], [ -117.089813235773093, 53.986611240532163, 0.0 ], [ -117.089488901974406, 53.986655370923252, 0.0 ], [ -117.089084836060294, 53.986665466515511, 0.0 ], [ -117.088332557535495, 53.986600235831197, 0.0 ], [ -117.088010099497396, 53.986549132027378, 0.0 ], [ -117.087673596041, 53.98646540334861, 0.0 ], [ -117.0870482748998, 53.986269524916437, 0.0 ], [ -117.086743169444105, 53.986137730809261, 0.0 ], [ -117.086453872423903, 53.98596904846508, 0.0 ], [ -117.085766421436901, 53.985468894065399, 0.0 ], [ -117.084874235685007, 53.98481975786035, 0.0 ], [ -117.084319994531, 53.98441648762644, 0.0 ], [ -117.083726342970095, 53.984067100569511, 0.0 ], [ -117.081700735960496, 53.982989126438888, 0.0 ], [ -117.081057697934497, 53.982737667456192, 0.0 ], [ -117.080729876648803, 53.982653428386193, 0.0 ], [ -117.080391846646705, 53.982613467797627, 0.0 ], [ -117.080032039542502, 53.982600460524033, 0.0 ], [ -117.079363193462299, 53.982538144540861, 0.0 ], [ -117.079007953741495, 53.982419455951117, 0.0 ], [ -117.0785597673609, 53.982105507097053, 0.0 ], [ -117.077507733582806, 53.981432449159421, 0.0 ], [ -117.076331650006594, 53.980774138658823, 0.0 ], [ -117.074647921864994, 53.979983610536337, 0.0 ], [ -117.073574803432706, 53.979568216321077, 0.0 ], [ -117.073528880730294, 53.979547494185937, 0.0 ], [ -117.073068773298303, 53.979339882377538, 0.0 ], [ -117.072904971173003, 53.97926596599919, 0.0 ], [ -117.071269911994705, 53.978350023195688, 0.0 ], [ -117.071092338253294, 53.977983255526169, 0.0 ], [ -117.070962912015901, 53.977836945406978, 0.0 ], [ -117.070758783174995, 53.977714913537397, 0.0 ], [ -117.070674905281706, 53.977685424066877, 0.0 ], [ -117.070628391403702, 53.977669074612521, 0.0 ], [ -117.070503176491499, 53.977625050212723, 0.0 ], [ -117.070209370485699, 53.977558792122522, 0.0 ], [ -117.069581659711503, 53.977446804896267, 0.0 ], [ -117.069269247591095, 53.977414482241493, 0.0 ], [ -117.0692365053917, 53.977411094570883, 0.0 ], [ -117.068869066034793, 53.977408927362077, 0.0 ], [ -117.068837272835395, 53.977414558861753, 0.0 ], [ -117.068265008733405, 53.977516011406763, 0.0 ], [ -117.067761764475904, 53.977685959947983, 0.0 ], [ -117.067744074349307, 53.977691933861117, 0.0 ], [ -117.067313273281599, 53.977918457139218, 0.0 ], [ -117.067137040334501, 53.978044069260967, 0.0 ], [ -117.067021176216997, 53.978214018308329, 0.0 ], [ -117.067128110330799, 53.978832508040753, 0.0 ], [ -117.067125841362198, 53.979060966465767, 0.0 ], [ -117.067090099051597, 53.979280850143738, 0.0 ], [ -117.066989233696006, 53.979463888038758, 0.0 ], [ -117.066854531882797, 53.979536513907561, 0.0 ], [ -117.066603802859305, 53.979535663550863, 0.0 ], [ -117.066288672434595, 53.979415044452509, 0.0 ], [ -117.065997247125793, 53.979268063854462, 0.0 ], [ -117.065234698360399, 53.978861985316172, 0.0 ], [ -117.065007782531097, 53.97870784437508, 0.0 ], [ -117.064767168940307, 53.978546450595857, 0.0 ], [ -117.064161123976504, 53.978045780370572, 0.0 ], [ -117.063923909417994, 53.977874024659968, 0.0 ], [ -117.063615413034398, 53.977686618832578, 0.0 ], [ -117.063395032417404, 53.977552733475108, 0.0 ], [ -117.063234182571506, 53.977415450116411, 0.0 ], [ -117.063192499396393, 53.977379876100009, 0.0 ], [ -117.062869684242798, 53.977269740521614, 0.0 ], [ -117.062562562134303, 53.977141173479268, 0.0 ], [ -117.061314013744806, 53.976740217971667, 0.0 ], [ -117.060984755243595, 53.976679675622393, 0.0 ], [ -117.060969399490006, 53.976676857062287, 0.0 ], [ -117.060344045430497, 53.976440553689031, 0.0 ], [ -117.0600428121042, 53.976281063613897, 0.0 ], [ -117.0597029289208, 53.976317425163792, 0.0 ], [ -117.058387122517004, 53.976704753567986, 0.0 ], [ -117.058102082840094, 53.976818759938183, 0.0 ], [ -117.057819134223095, 53.97695574823895, 0.0 ], [ -117.056956205868204, 53.977416115830131, 0.0 ], [ -117.056783302009805, 53.977508347815977, 0.0 ], [ -117.056527463328393, 53.977687361408698, 0.0 ], [ -117.056035844343995, 53.978031341344263, 0.0 ], [ -117.054912400107497, 53.97886325826331, 0.0 ], [ -117.054653637447302, 53.979027645100118, 0.0 ], [ -117.054272806271996, 53.979426355335157, 0.0 ], [ -117.053909289192404, 53.979824529032328, 0.0 ], [ -117.053624433591196, 53.980227890507138, 0.0 ], [ -117.053409121801806, 53.980631626475457, 0.0 ], [ -117.053177709729397, 53.981240730784741, 0.0 ], [ -117.053035515858596, 53.981444962092759, 0.0 ], [ -117.052947387061906, 53.981670555653452, 0.0 ], [ -117.052822884656294, 53.982117503647629, 0.0 ], [ -117.052587742735199, 53.982685755182402, 0.0 ], [ -117.052455884403003, 53.983099644810153, 0.0 ], [ -117.052138330310598, 53.983908658579267, 0.0 ], [ -117.052038736222102, 53.98410385819232, 0.0 ], [ -117.051869613199997, 53.984298710096631, 0.0 ], [ -117.051814961393305, 53.984510426145683, 0.0 ], [ -117.051807529677703, 53.98471552331705, 0.0 ], [ -117.051788600552101, 53.98482544633702, 0.0 ], [ -117.051628252680402, 53.985755762384223, 0.0 ], [ -117.051483846442906, 53.986175181733401, 0.0 ], [ -117.051379355855005, 53.986603575423388, 0.0 ], [ -117.051264543687495, 53.988066884929907, 0.0 ], [ -117.051261873057797, 53.988707175010148, 0.0 ], [ -117.051409931120403, 53.989954768145417, 0.0 ], [ -117.051454132654698, 53.990537240175811, 0.0 ], [ -117.051395686433693, 53.990946264439607, 0.0 ], [ -117.051316190138706, 53.991171561372738, 0.0 ], [ -117.051101734278305, 53.991585498201438, 0.0 ], [ -117.050842990975198, 53.991990595606261, 0.0 ], [ -117.050769608973496, 53.992053806647057, 0.0 ], [ -117.050645506059496, 53.992160716654197, 0.0 ], [ -117.050394621932696, 53.992317161532, 0.0 ], [ -117.050091648093598, 53.992426581979132, 0.0 ], [ -117.048783209080796, 53.992805879222772, 0.0 ], [ -117.048747242077397, 53.992813549576468, 0.0 ], [ -117.048286984121802, 53.992911722964749, 0.0 ], [ -117.048135196869296, 53.992944105343753, 0.0 ], [ -117.047833312857193, 53.993017640648318, 0.0 ], [ -117.0471482880249, 53.99313142162304, 0.0 ], [ -117.046458629089202, 53.993194118334181, 0.0 ], [ -117.045739499532402, 53.993219337780303, 0.0 ], [ -117.044560467430898, 53.993198609046892, 0.0 ], [ -117.043077194883594, 53.993126214931337, 0.0 ], [ -117.039539454133106, 53.992845750507243, 0.0 ], [ -117.038023104449195, 53.992794674167598, 0.0 ], [ -117.036203426515399, 53.992627860871991, 0.0 ], [ -117.035694445893597, 53.992581196854992, 0.0 ], [ -117.035326587559894, 53.992545067970781, 0.0 ], [ -117.034936876867903, 53.992563300108422, 0.0 ], [ -117.033481845691497, 53.992740984358683, 0.0 ], [ -117.032793780583603, 53.992890203201092, 0.0 ], [ -117.032441195569007, 53.992994494200147, 0.0 ], [ -117.031843677802101, 53.993246274688502, 0.0 ], [ -117.030902844677996, 53.99360974516356, 0.0 ], [ -117.030300992730702, 53.993861617150912, 0.0 ], [ -117.029491850828805, 53.994298352083057, 0.0 ], [ -117.028769916153706, 53.994850519535397, 0.0 ], [ -117.028396805788901, 53.995249842462449, 0.0 ], [ -117.028087181011898, 53.995683313779089, 0.0 ], [ -117.027727419983904, 53.996310184994023, 0.0 ], [ -117.027656960758407, 53.996522089686742, 0.0 ], [ -117.027526658011993, 53.997416772181268, 0.0 ], [ -117.027468057948994, 53.997558500964217, 0.0 ], [ -117.027438851346503, 53.997629139384458, 0.0 ], [ -117.027380208407607, 53.9981044754526, 0.0 ], [ -117.027401129255693, 53.998247861654512, 0.0 ], [ -117.027398162570194, 53.998262540140367, 0.0 ], [ -117.027402283864106, 53.998298779070623, 0.0 ], [ -117.027407761697305, 53.998347004704421, 0.0 ], [ -117.027487968978605, 53.99859581131264, 0.0 ], [ -117.027734490898794, 53.999027042674903, 0.0 ], [ -117.027837736925704, 53.999280617886583, 0.0 ], [ -117.028105515633001, 53.999938287947629, 0.0 ], [ -117.028117931190494, 54.00000033329237, 0.0 ], [ -117.028119582111103, 54.000006785066603, 0.0 ], [ -117.028136150174902, 54.000071288323923, 0.0 ], [ -117.028162814310704, 54.000143197983803, 0.0 ], [ -117.028190904047506, 54.00021890121095, 0.0 ], [ -117.028432387076705, 54.000645100861789, 0.0 ], [ -117.028704130749702, 54.001224822891963, 0.0 ], [ -117.028769634430802, 54.001369475110181, 0.0 ], [ -117.029022911982594, 54.001781080763479, 0.0 ], [ -117.029230117869503, 54.002038468820778, 0.0 ], [ -117.029593421302295, 54.002579829653243, 0.0 ], [ -117.030053416706906, 54.003418276719302, 0.0 ], [ -117.030167577740599, 54.003723404646628, 0.0 ], [ -117.030165345508394, 54.003906339937018, 0.0 ], [ -117.030094893307407, 54.004149642943403, 0.0 ], [ -117.029946067810002, 54.004330571582699, 0.0 ], [ -117.029682138514104, 54.004550385854031, 0.0 ], [ -117.029341810016902, 54.004726153894453, 0.0 ], [ -117.029164649014106, 54.004797868468877, 0.0 ], [ -117.0290299066736, 54.004903997759151, 0.0 ], [ -117.028873036041205, 54.005068514156527, 0.0 ], [ -117.028766822367899, 54.005193817097663, 0.0 ], [ -117.028576539199307, 54.005386056793228, 0.0 ], [ -117.028295984434294, 54.005590805155549, 0.0 ], [ -117.027785945490507, 54.005856618100189, 0.0 ], [ -117.027405152044096, 54.006011443539371, 0.0 ], [ -117.026793003969004, 54.006222469410417, 0.0 ], [ -117.026566247943606, 54.006278126321867, 0.0 ], [ -117.025256145396696, 54.006508475330442, 0.0 ], [ -117.024843501890899, 54.006576875457583, 0.0 ], [ -117.024546770692297, 54.006586843818233, 0.0 ], [ -117.022720616068597, 54.006542604474397, 0.0 ], [ -117.022162060146897, 54.006507863552351, 0.0 ], [ -117.021049486555796, 54.00640403698835, 0.0 ], [ -117.020313692570099, 54.006265140873523, 0.0 ], [ -117.018811286448795, 54.006021399526787, 0.0 ], [ -117.018344247109795, 54.005926025091561, 0.0 ], [ -117.016464993837204, 54.005658863657366, 0.0 ], [ -117.015504298019295, 54.005550303227658, 0.0 ], [ -117.014589931505299, 54.00553648987016, 0.0 ], [ -117.013808395434197, 54.005549903597291, 0.0 ], [ -117.013087019848101, 54.005591102508923, 0.0 ], [ -117.012535032557295, 54.005644877390068, 0.0 ], [ -117.011422090611603, 54.005815374644719, 0.0 ], [ -117.011026265230996, 54.005900768408793, 0.0 ], [ -117.010376173557006, 54.006070263903133, 0.0 ], [ -117.0097785697982, 54.006277406727541, 0.0 ], [ -117.009555465564205, 54.006335710499741, 0.0 ], [ -117.009092734010196, 54.006447516366237, 0.0 ], [ -117.008766225266299, 54.006504348543331, 0.0 ], [ -117.0087043990127, 54.006515104592658, 0.0 ], [ -117.008264258371995, 54.006529496450632, 0.0 ], [ -117.007944489323506, 54.006524368332258, 0.0 ], [ -117.007714057758307, 54.006504006964192, 0.0 ], [ -117.007392612865104, 54.00647179984243, 0.0 ], [ -117.006890888904493, 54.006387807152073, 0.0 ], [ -117.006445747701406, 54.006273987742297, 0.0 ], [ -117.0062436778869, 54.00620002712769, 0.0 ], [ -117.006072638280202, 54.00611196752299, 0.0 ], [ -117.005620766283897, 54.005826549237518, 0.0 ], [ -117.005235359136194, 54.005484298290767, 0.0 ], [ -117.005083475422893, 54.005383767827553, 0.0 ], [ -117.004883315310806, 54.005321664820912, 0.0 ], [ -117.004622939677105, 54.005293187074379, 0.0 ], [ -117.004376192424104, 54.005247930348858, 0.0 ], [ -117.004200643217501, 54.005169046271362, 0.0 ], [ -117.004073449164494, 54.005061433403952, 0.0 ], [ -117.003964907849607, 54.004745478490626, 0.0 ], [ -117.003883269180406, 54.00460429129901, 0.0 ], [ -117.003713823468303, 54.003972245909893, 0.0 ], [ -117.003647720403293, 54.003823464648491, 0.0 ], [ -117.003372829322103, 54.003432910667172, 0.0 ], [ -117.003315880671707, 54.003283026023333, 0.0 ], [ -117.003310997836294, 54.00311413674833, 0.0 ], [ -117.003233055126401, 54.002975633132507, 0.0 ], [ -117.003073928166899, 54.002884285205838, 0.0 ], [ -117.002881913779603, 54.002801936160289, 0.0 ], [ -117.002271390795002, 54.002614769250627, 0.0 ], [ -117.002033783273902, 54.002566872520823, 0.0 ], [ -117.001314022817994, 54.002473188488452, 0.0 ], [ -117.001185602824094, 54.002456639369598, 0.0 ], [ -117.001069900407103, 54.002444698687697, 0.0 ], [ -117.000506832912393, 54.00238660707582, 0.0 ], [ -117.000491641382297, 54.002386239456243, 0.0 ], [ -117.000187835515206, 54.002378924020903, 0.0 ], [ -117.000137783419405, 54.00238482033091, 0.0 ], [ -117.000015733280193, 54.002390369056982, 0.0 ], [ -116.999893680054598, 54.002395917710167, 0.0 ], [ -116.999572229080698, 54.002410511347087, 0.0 ], [ -116.999184847631398, 54.002442840262397, 0.0 ], [ -116.998724479580204, 54.00249370556287, 0.0 ], [ -116.996611293621598, 54.002745827853389, 0.0 ], [ -116.995910648551302, 54.002893776509246, 0.0 ], [ -116.994112852949897, 54.00333791898148, 0.0 ], [ -116.993951305252494, 54.003423034018468, 0.0 ], [ -116.993357279631894, 54.003621441613383, 0.0 ], [ -116.992722801942406, 54.003803731262977, 0.0 ], [ -116.991108736851004, 54.004200448376139, 0.0 ], [ -116.990373006522205, 54.004313370459641, 0.0 ], [ -116.990152588740401, 54.004364609475253, 0.0 ], [ -116.989182279084304, 54.004700325532127, 0.0 ], [ -116.988673652477303, 54.004835977724632, 0.0 ], [ -116.988394884818405, 54.004945260616452, 0.0 ], [ -116.987949530252706, 54.00517495839798, 0.0 ], [ -116.987287013918007, 54.005549945210078, 0.0 ], [ -116.986910704703106, 54.005712719272388, 0.0 ], [ -116.986641149715794, 54.005803648879969, 0.0 ], [ -116.985660316887802, 54.006041197423947, 0.0 ], [ -116.985320390432904, 54.006120093829892, 0.0 ], [ -116.985075117741701, 54.006156286445169, 0.0 ], [ -116.983703032888897, 54.006324597477558, 0.0 ], [ -116.982857914757403, 54.006388068917282, 0.0 ], [ -116.982048942170195, 54.006477727066986, 0.0 ], [ -116.981937981841398, 54.00649641575864, 0.0 ], [ -116.981298374284194, 54.006612907878647, 0.0 ], [ -116.980576000267902, 54.006767157836997, 0.0 ], [ -116.980538271993893, 54.006787882067293, 0.0 ], [ -116.978231136326798, 54.007323417144363, 0.0 ], [ -116.978024638193205, 54.007390913241643, 0.0 ], [ -116.977696670753701, 54.007571088700828, 0.0 ], [ -116.977169039278607, 54.007842308176329, 0.0 ], [ -116.976716283451097, 54.008153328534199, 0.0 ], [ -116.976383302766607, 54.008325868430752, 0.0 ], [ -116.975902858305602, 54.008609979310982, 0.0 ], [ -116.974924354728898, 54.009040263449549, 0.0 ], [ -116.974404213295301, 54.009260682633183, 0.0 ], [ -116.973943786624702, 54.009411494645441, 0.0 ], [ -116.973376509170194, 54.009582979288069, 0.0 ], [ -116.972895497973497, 54.009677668949998, 0.0 ], [ -116.972695373962495, 54.009741902560563, 0.0 ], [ -116.972454826261298, 54.009794373491083, 0.0 ], [ -116.971732018977406, 54.009919399260212, 0.0 ], [ -116.971293069823204, 54.00996260443047, 0.0 ], [ -116.970865902615401, 54.009987083494231, 0.0 ], [ -116.970348754355797, 54.010059205363689, 0.0 ], [ -116.969880541312406, 54.010163560975869, 0.0 ], [ -116.969623387131904, 54.01019287036106, 0.0 ], [ -116.969194599605402, 54.010316005880348, 0.0 ], [ -116.968730966794595, 54.010423579695967, 0.0 ], [ -116.967705019174304, 54.010787934884632, 0.0 ], [ -116.966759818333301, 54.011177431009727, 0.0 ], [ -116.966525669787003, 54.011222850602053, 0.0 ], [ -116.9663779931292, 54.0113252446084, 0.0 ], [ -116.966265417778402, 54.011448051403327, 0.0 ], [ -116.9662014511118, 54.011595554755488, 0.0 ], [ -116.966190044015406, 54.011768799857599, 0.0 ], [ -116.966136476104396, 54.011925883386773, 0.0 ], [ -116.966020850197793, 54.012040162180767, 0.0 ], [ -116.965920611794303, 54.012059019314222, 0.0 ], [ -116.965346870065304, 54.012210354621239, 0.0 ], [ -116.964856192736804, 54.012493909489287, 0.0 ], [ -116.964459664167805, 54.01262664550427, 0.0 ], [ -116.964095824342905, 54.012962748968228, 0.0 ], [ -116.963651998950695, 54.013272069964422, 0.0 ], [ -116.963111140440901, 54.013700916454212, 0.0 ], [ -116.962988341648796, 54.013817271663846, 0.0 ], [ -116.962826450103705, 54.0139091024555, 0.0 ], [ -116.961855418130398, 54.01455065873499, 0.0 ], [ -116.961220592113705, 54.014847839423439, 0.0 ], [ -116.960538031586097, 54.015211760809649, 0.0 ], [ -116.959974592870594, 54.015447465023811, 0.0 ], [ -116.959809539014799, 54.015543955769651, 0.0 ], [ -116.959641135350495, 54.015808826883351, 0.0 ], [ -116.959468121395801, 54.015955981952978, 0.0 ], [ -116.959409876268893, 54.015977434070798, 0.0 ], [ -116.958842780881099, 54.016392452209679, 0.0 ], [ -116.958503690480399, 54.016571665163568, 0.0 ], [ -116.958124127829194, 54.016709775214842, 0.0 ], [ -116.957884392826898, 54.016761335386988, 0.0 ], [ -116.957408605270004, 54.01681985951452, 0.0 ], [ -116.957081624553197, 54.016845892015994, 0.0 ], [ -116.956542876135003, 54.016852995500606, 0.0 ], [ -116.956188961282606, 54.016833202575093, 0.0 ], [ -116.955301528453703, 54.016693479179892, 0.0 ], [ -116.954967655506394, 54.016629769705901, 0.0 ], [ -116.954541907704296, 54.016525013388211, 0.0 ], [ -116.954119332118097, 54.01638227376867, 0.0 ], [ -116.953184686760906, 54.015990124059932, 0.0 ], [ -116.953016578391598, 54.015902608349727, 0.0 ], [ -116.952809036010805, 54.015730066626823, 0.0 ], [ -116.952630049522099, 54.015569498074321, 0.0 ], [ -116.951916862075393, 54.015048253345427, 0.0 ], [ -116.951793242897097, 54.014931021419358, 0.0 ], [ -116.951500236104394, 54.014545195491138, 0.0 ], [ -116.950879784290393, 54.013914550410803, 0.0 ], [ -116.950495977814199, 54.01360191151732, 0.0 ], [ -116.950185634523905, 54.013208478680809, 0.0 ], [ -116.949833719150007, 54.012848995836897, 0.0 ], [ -116.949613287272697, 54.012521873024568, 0.0 ], [ -116.949438002211593, 54.012308104930042, 0.0 ], [ -116.949152788867394, 54.012070460408083, 0.0 ], [ -116.948867149656095, 54.011849504341249, 0.0 ], [ -116.948343666594894, 54.011608163779329, 0.0 ], [ -116.948133588764193, 54.011554344477247, 0.0 ], [ -116.947890330641201, 54.011531201202359, 0.0 ], [ -116.947448840171702, 54.011535234709747, 0.0 ], [ -116.9467699242782, 54.011468207538883, 0.0 ], [ -116.946437116833295, 54.011450918528162, 0.0 ], [ -116.946054750410099, 54.011343963222018, 0.0 ], [ -116.945795994607906, 54.011291027923171, 0.0 ], [ -116.945553330510506, 54.011285131675479, 0.0 ], [ -116.945253285606398, 54.011292325110581, 0.0 ], [ -116.944950943586406, 54.011335376284563, 0.0 ], [ -116.944077361420497, 54.011588531412983, 0.0 ], [ -116.943887330634695, 54.01165796357386, 0.0 ], [ -116.943704285373101, 54.011741820688819, 0.0 ], [ -116.943390465839002, 54.011932176977801, 0.0 ], [ -116.943239981623904, 54.012034691793943, 0.0 ], [ -116.942859071692297, 54.012384498945707, 0.0 ], [ -116.942565676409899, 54.012760945141977, 0.0 ], [ -116.942234445711094, 54.013337563234288, 0.0 ], [ -116.941971467161807, 54.013732099591913, 0.0 ], [ -116.941950451978201, 54.013917861413702, 0.0 ], [ -116.941938601264596, 54.014088344268572, 0.0 ], [ -116.941695403272107, 54.014485106243797, 0.0 ], [ -116.9414855697203, 54.014945498875448, 0.0 ], [ -116.941059446610396, 54.015467422291863, 0.0 ], [ -116.940841750322605, 54.01559986743613, 0.0 ], [ -116.940564840810495, 54.015735984188929, 0.0 ], [ -116.940159556823801, 54.015865403566963, 0.0 ], [ -116.939933349473606, 54.01591921758223, 0.0 ], [ -116.939706176506107, 54.015936803721658, 0.0 ], [ -116.939426563310306, 54.015918804688098, 0.0 ], [ -116.938889478677297, 54.015857705701947, 0.0 ], [ -116.938641458867707, 54.01580164903968, 0.0 ], [ -116.938433859748002, 54.01572815075329, 0.0 ], [ -116.938114388765598, 54.015535591001957, 0.0 ], [ -116.937442143401597, 54.015186493478787, 0.0 ], [ -116.937064632619396, 54.014952758309427, 0.0 ], [ -116.936808781556095, 54.014781384450117, 0.0 ], [ -116.936538593454699, 54.014562429359231, 0.0 ], [ -116.935861902543905, 54.013919744633178, 0.0 ], [ -116.935557806493705, 54.01361352602504, 0.0 ], [ -116.935228915862098, 54.013232700935824, 0.0 ], [ -116.934865784756695, 54.012886300470811, 0.0 ], [ -116.934577536355107, 54.012673893723992, 0.0 ], [ -116.934389089850598, 54.012602249411302, 0.0 ], [ -116.934122161038601, 54.012578520388303, 0.0 ], [ -116.933854773880398, 54.012520874455817, 0.0 ], [ -116.932820882568294, 54.011988378494742, 0.0 ], [ -116.932247372387593, 54.011729803088322, 0.0 ], [ -116.931632083298496, 54.011503282345068, 0.0 ], [ -116.930999497050394, 54.011321823739571, 0.0 ], [ -116.930385772609199, 54.011103456153961, 0.0 ], [ -116.929212843015904, 54.010641268338127, 0.0 ], [ -116.928809234060296, 54.010513372272641, 0.0 ], [ -116.928368636506207, 54.010405430478272, 0.0 ], [ -116.928217558040203, 54.010277778776143, 0.0 ], [ -116.927749216367403, 54.009993468878271, 0.0 ], [ -116.927218280505699, 54.0097258952798, 0.0 ], [ -116.926727461692593, 54.009426998140363, 0.0 ], [ -116.926227144004798, 54.00916695926545, 0.0 ], [ -116.925593086749302, 54.0087849722577, 0.0 ], [ -116.925143853439394, 54.008476314040138, 0.0 ], [ -116.924822260488497, 54.008307185057603, 0.0 ], [ -116.9246424277366, 54.008210887899111, 0.0 ], [ -116.924361822132596, 54.008025804061177, 0.0 ], [ -116.924039123824898, 54.007820398289468, 0.0 ], [ -116.923520744064106, 54.007557592480246, 0.0 ], [ -116.923107182680795, 54.007423463467859, 0.0 ], [ -116.922728369435603, 54.007329675773889, 0.0 ], [ -116.922428665725903, 54.007255361213019, 0.0 ], [ -116.922243220525502, 54.007171553545383, 0.0 ], [ -116.921553846235298, 54.006785334056119, 0.0 ], [ -116.921191820440399, 54.006581727703598, 0.0 ], [ -116.921063014099104, 54.006514217387661, 0.0 ], [ -116.920582006914699, 54.006248580382326, 0.0 ], [ -116.920282246390101, 54.006042256733359, 0.0 ], [ -116.919787444413998, 54.00575845071684, 0.0 ], [ -116.919364516942807, 54.005442960595737, 0.0 ], [ -116.918717237817702, 54.005070256440632, 0.0 ], [ -116.918523186935502, 54.004993799268327, 0.0 ], [ -116.918073361143897, 54.004897463427767, 0.0 ], [ -116.917452068528206, 54.004693727535333, 0.0 ], [ -116.916512831563793, 54.004508683161717, 0.0 ], [ -116.916256044275897, 54.004473656599757, 0.0 ], [ -116.915904831151707, 54.004459399022373, 0.0 ], [ -116.914965999067206, 54.004472895742992, 0.0 ], [ -116.914671715576702, 54.004494695117472, 0.0 ], [ -116.914463624364203, 54.004550824888362, 0.0 ], [ -116.913375772986996, 54.005068850901168, 0.0 ], [ -116.912876843453802, 54.005337122130079, 0.0 ], [ -116.912571307871502, 54.00553514164114, 0.0 ], [ -116.912273134542104, 54.005784541913208, 0.0 ], [ -116.912077683025203, 54.005966645159617, 0.0 ], [ -116.911497625056597, 54.006382567700612, 0.0 ], [ -116.911280513814603, 54.006515258257863, 0.0 ], [ -116.9109890289117, 54.006663270890748, 0.0 ], [ -116.910679636806194, 54.006786490393488, 0.0 ], [ -116.910028022662601, 54.007061179722079, 0.0 ], [ -116.909482797962994, 54.007330308926051, 0.0 ], [ -116.908653204939299, 54.007601168108977, 0.0 ], [ -116.908094908886497, 54.00774370375175, 0.0 ], [ -116.907764327882006, 54.007795214155898, 0.0 ], [ -116.907422506400806, 54.007800568098993, 0.0 ], [ -116.907149424936605, 54.007781709988869, 0.0 ], [ -116.906702159973705, 54.007681445514109, 0.0 ], [ -116.906496340108106, 54.007605510070142, 0.0 ], [ -116.906336540572397, 54.007516716249427, 0.0 ], [ -116.906076558586605, 54.007236600619507, 0.0 ], [ -116.905984631252196, 54.00714634940131, 0.0 ], [ -116.905925447950395, 54.006990511456593, 0.0 ], [ -116.9058075338409, 54.006786645877582, 0.0 ], [ -116.905757230297596, 54.006712368810078, 0.0 ], [ -116.905558126604802, 54.006515458813048, 0.0 ], [ -116.905385281110398, 54.006343354947823, 0.0 ], [ -116.905096016958296, 54.005916149098653, 0.0 ], [ -116.9046934428535, 54.005212729466223, 0.0 ], [ -116.903972359962097, 54.004270419998278, 0.0 ], [ -116.9037923764417, 54.003989154343152, 0.0 ], [ -116.903502854350705, 54.003613929520348, 0.0 ], [ -116.903417060908097, 54.003476219170771, 0.0 ], [ -116.903389091145101, 54.003358949567897, 0.0 ], [ -116.903540607031999, 54.003193775505203, 0.0 ], [ -116.903564021518704, 54.003059935260268, 0.0 ], [ -116.903530190122396, 54.002884078030007, 0.0 ], [ -116.903400963202301, 54.00273214250295, 0.0 ], [ -116.903258129892805, 54.00261359318224, 0.0 ], [ -116.902739239950293, 54.002339704051373, 0.0 ], [ -116.902428587353199, 54.002149227106642, 0.0 ], [ -116.902023027875501, 54.001812826875032, 0.0 ], [ -116.901562388223596, 54.001521749533318, 0.0 ], [ -116.901362369198694, 54.001416407201788, 0.0 ], [ -116.900483323185696, 54.001002227077329, 0.0 ], [ -116.900031323023398, 54.000835388278091, 0.0 ], [ -116.899570987333902, 54.000708999861537, 0.0 ], [ -116.898154968708994, 54.000338729026517, 0.0 ], [ -116.897673857920395, 54.000252445876797, 0.0 ], [ -116.896972348515803, 54.000126632917578, 0.0 ], [ -116.896918426956006, 54.000112801202583, 0.0 ], [ -116.896752496949205, 54.000070234042667, 0.0 ], [ -116.896633973704596, 54.000046800219387, 0.0 ], [ -116.896553954651907, 54.000030981809012, 0.0 ], [ -116.896431954234501, 54.000006872433389, 0.0 ], [ -116.896309978320005, 53.999982761648802, 0.0 ], [ -116.896213108698902, 53.999963607218561, 0.0 ], [ -116.895225837006393, 53.999820317769711, 0.0 ], [ -116.894207345972305, 53.999697691847409, 0.0 ], [ -116.893436019196201, 53.999653362909591, 0.0 ], [ -116.893273863104397, 53.99964404709791, 0.0 ], [ -116.892295714612601, 53.999677226534082, 0.0 ], [ -116.891686494341798, 53.999758195468672, 0.0 ], [ -116.891394075470302, 53.999797060136608, 0.0 ], [ -116.890542129464095, 53.999959375968999, 0.0 ], [ -116.890468062368299, 53.999977221499101, 0.0 ], [ -116.890345940179003, 54.00000665415881, 0.0 ], [ -116.890223816208007, 54.000036084922357, 0.0 ], [ -116.890201882473207, 54.000041363516388, 0.0 ], [ -116.890083469398206, 54.000069892217297, 0.0 ], [ -116.889753888171796, 54.000177401091719, 0.0 ], [ -116.889489076465296, 54.000298381984763, 0.0 ], [ -116.889088760322394, 54.000481266506682, 0.0 ], [ -116.888742186119202, 54.000545305727833, 0.0 ], [ -116.8883220124399, 54.000596285255789, 0.0 ], [ -116.888041843877502, 54.000612021478517, 0.0 ], [ -116.887482753220596, 54.000608041678781, 0.0 ], [ -116.886868333491194, 54.000554395401288, 0.0 ], [ -116.886385920281896, 54.000461512852489, 0.0 ], [ -116.885568306639598, 54.00015438253282, 0.0 ], [ -116.885413043504698, 54.00010706755905, 0.0 ], [ -116.885291094020502, 54.00006989364956, 0.0 ], [ -116.885192610641695, 54.000041738387957, 0.0 ], [ -116.885070629800595, 54.000006867860833, 0.0 ], [ -116.884948707408597, 53.999972002589409, 0.0 ], [ -116.884937520631098, 53.999968802988597, 0.0 ], [ -116.884610668527401, 53.999890977125993, 0.0 ], [ -116.883556642720606, 53.999509789900578, 0.0 ], [ -116.882561506362507, 53.999397532439417, 0.0 ], [ -116.880557602329603, 53.999417209098461, 0.0 ], [ -116.879606524598003, 53.999442551995791, 0.0 ], [ -116.879054801688497, 53.999455429018447, 0.0 ], [ -116.878284434277404, 53.999574571634689, 0.0 ], [ -116.877570531553104, 53.999774434963733, 0.0 ], [ -116.877548009396307, 53.999785255625532, 0.0 ], [ -116.877314247238303, 53.999897506490981, 0.0 ], [ -116.877237661778693, 53.99993959053652, 0.0 ], [ -116.877115428633601, 54.000006745158593, 0.0 ], [ -116.877082239412601, 54.000024990615103, 0.0 ], [ -116.877010015454005, 54.000069436290943, 0.0 ], [ -116.876887751635095, 54.000138707207519, 0.0 ], [ -116.876216587236001, 54.000519003991563, 0.0 ], [ -116.875833942526299, 54.000672927063377, 0.0 ], [ -116.875240743644596, 54.000868959417808, 0.0 ], [ -116.874805272464798, 54.001008222964067, 0.0 ], [ -116.874780402342196, 54.001013804433313, 0.0 ], [ -116.874607267064704, 54.001052675308671, 0.0 ], [ -116.874097370405295, 54.001111868008763, 0.0 ], [ -116.871678357153598, 54.001279120268258, 0.0 ], [ -116.871067092374105, 54.001318566377464, 0.0 ], [ -116.869775646479297, 54.001331837645132, 0.0 ], [ -116.868706115213797, 54.001253244093071, 0.0 ], [ -116.867942748678502, 54.001128056782512, 0.0 ], [ -116.867695193795299, 54.001069282860932, 0.0 ], [ -116.867079884851805, 54.000873811750573, 0.0 ], [ -116.866916207150297, 54.000785682957257, 0.0 ], [ -116.866781309495394, 54.000548507629048, 0.0 ], [ -116.866729323592594, 54.000457108313803, 0.0 ], [ -116.866564342079599, 54.000128792111937, 0.0 ], [ -116.866504560944705, 54.00006930219859, 0.0 ], [ -116.866433013189805, 54.000006887939762, 0.0 ], [ -116.866311168284099, 53.99994378626436, 0.0 ], [ -116.865933709144201, 53.999748287845428, 0.0 ], [ -116.865716992714596, 53.999636037178398, 0.0 ], [ -116.865308709129593, 53.999488670146292, 0.0 ], [ -116.8649647870579, 53.999391031408173, 0.0 ], [ -116.864529522003295, 53.999319198917952, 0.0 ], [ -116.863687354248, 53.999313012061371, 0.0 ], [ -116.863177593195203, 53.999392347409277, 0.0 ], [ -116.862692166392094, 53.999568018405178, 0.0 ], [ -116.862307771352405, 53.999707095814259, 0.0 ], [ -116.861677856497806, 53.999966024958667, 0.0 ], [ -116.861613933268103, 53.999988773787663, 0.0 ], [ -116.861576392579906, 54.000006766669422, 0.0 ], [ -116.861538347315403, 54.000024980489307, 0.0 ], [ -116.861393224211199, 54.000068935292958, 0.0 ], [ -116.861271049994699, 54.000097482913972, 0.0 ], [ -116.861133527507405, 54.000151347743717, 0.0 ], [ -116.860972766174001, 54.000231689714703, 0.0 ], [ -116.860631611996695, 54.000412876992179, 0.0 ], [ -116.860160056516506, 54.000698960681312, 0.0 ], [ -116.859874741153305, 54.00090248324058, 0.0 ], [ -116.859085366793593, 54.001349702613084, 0.0 ], [ -116.858701759764301, 54.001505722190757, 0.0 ], [ -116.858001741005793, 54.001864845460808, 0.0 ], [ -116.857442727368294, 54.002098522982699, 0.0 ], [ -116.856722263668701, 54.002429741881762, 0.0 ], [ -116.856151282246998, 54.002656477545159, 0.0 ], [ -116.8555417994218, 54.002873141083612, 0.0 ], [ -116.855004096003796, 54.003129865079373, 0.0 ], [ -116.854512973672399, 54.003394496518652, 0.0 ], [ -116.854101553765304, 54.003521013415281, 0.0 ], [ -116.853714128036799, 54.003666813781209, 0.0 ], [ -116.852586004622097, 54.004139039254731, 0.0 ], [ -116.851779811910106, 54.004410826284307, 0.0 ], [ -116.851325211727996, 54.004517065081018, 0.0 ], [ -116.851088940686296, 54.004540730235583, 0.0 ], [ -116.850450805423506, 54.004544909586961, 0.0 ], [ -116.849990423861897, 54.004529911050483, 0.0 ], [ -116.849499197455003, 54.004484677223111, 0.0 ], [ -116.848573462480502, 54.004361297310133, 0.0 ], [ -116.847725982857, 54.00418641941436, 0.0 ], [ -116.847171137711101, 54.004066130552182, 0.0 ], [ -116.846202255848794, 54.003887026964208, 0.0 ], [ -116.845189422407998, 54.003609040329607, 0.0 ], [ -116.844743493595999, 54.003452555699837, 0.0 ], [ -116.844383479874594, 54.003288226466161, 0.0 ], [ -116.844083518351596, 54.003103219848683, 0.0 ], [ -116.843973234809098, 54.002966963016107, 0.0 ], [ -116.841941460590107, 54.002140305133167, 0.0 ], [ -116.841939518930801, 54.00213951114057, 0.0 ], [ -116.841257762471898, 54.002525659058648, 0.0 ], [ -116.840536272910001, 54.002858388241847, 0.0 ], [ -116.840366551110407, 54.002955388289998, 0.0 ], [ -116.8395932989324, 54.003475066361567, 0.0 ], [ -116.839100627891696, 54.003769757114718, 0.0 ], [ -116.838655491888602, 54.004064795858589, 0.0 ], [ -116.838366517739502, 54.004278505883761, 0.0 ], [ -116.837902151223801, 54.004693770216392, 0.0 ], [ -116.837497569995307, 54.005062235688868, 0.0 ], [ -116.837064247184998, 54.005549796361983, 0.0 ], [ -116.836885788166796, 54.005800749907557, 0.0 ], [ -116.836809499568403, 54.005968711488293, 0.0 ], [ -116.836661854260598, 54.006509338067787, 0.0 ], [ -116.836616344889407, 54.006780543673777, 0.0 ], [ -116.836623602379603, 54.007326989862648, 0.0 ], [ -116.836747623168804, 54.008164866906263, 0.0 ], [ -116.836791984210606, 54.008638564163611, 0.0 ], [ -116.836800889430094, 54.008821589751342, 0.0 ], [ -116.836814520562498, 54.010040164248252, 0.0 ], [ -116.836794307120996, 54.010591317860737, 0.0 ], [ -116.836745816877794, 54.010792950140093, 0.0 ], [ -116.8364906370211, 54.011321094189761, 0.0 ], [ -116.836236488817093, 54.011748383285273, 0.0 ], [ -116.836043629578199, 54.012381472908743, 0.0 ], [ -116.836011720444503, 54.012548957161457, 0.0 ], [ -116.8360150507215, 54.012862563250053, 0.0 ], [ -116.835982308145702, 54.012933848530942, 0.0 ], [ -116.835733804450399, 54.013132144294417, 0.0 ], [ -116.835296347021895, 54.013437544940317, 0.0 ], [ -116.834908282627495, 54.013766338539291, 0.0 ], [ -116.834690766232896, 54.013918745614447, 0.0 ], [ -116.834198358626907, 54.014299389230906, 0.0 ], [ -116.834078687481394, 54.014431963520842, 0.0 ], [ -116.8338932236218, 54.014692925374177, 0.0 ], [ -116.833748262751797, 54.014986402456032, 0.0 ], [ -116.833562720459895, 54.015264880443233, 0.0 ], [ -116.833420340416396, 54.015718131691109, 0.0 ], [ -116.833299612341193, 54.016235662044451, 0.0 ], [ -116.833170444164594, 54.016523765145287, 0.0 ], [ -116.833071940640295, 54.016665965223197, 0.0 ], [ -116.832936741550498, 54.016791383799848, 0.0 ], [ -116.832632856485603, 54.016990061386743, 0.0 ], [ -116.831729850845605, 54.017381255547441, 0.0 ], [ -116.831403289068106, 54.017569804182571, 0.0 ], [ -116.831265288212705, 54.01767559780243, 0.0 ], [ -116.830909244957098, 54.018031610519401, 0.0 ], [ -116.830511819047501, 54.018376977965822, 0.0 ], [ -116.830285379429299, 54.018621463234631, 0.0 ], [ -116.829999436383901, 54.019037178750253, 0.0 ], [ -116.829675295865201, 54.019394172183063, 0.0 ], [ -116.8293836894903, 54.019784900998857, 0.0 ], [ -116.829131373252096, 54.020184649944262, 0.0 ], [ -116.828931761455905, 54.020613713577063, 0.0 ], [ -116.828825765486897, 54.020748133547698, 0.0 ], [ -116.8287656129217, 54.020816764414903, 0.0 ], [ -116.828507668653899, 54.020958765693322, 0.0 ], [ -116.828309174469794, 54.021025185087133, 0.0 ], [ -116.827689567352493, 54.021148933221127, 0.0 ], [ -116.827146966684694, 54.021289050008548, 0.0 ], [ -116.826722656958296, 54.021436222832932, 0.0 ], [ -116.825661722389796, 54.021936133530602, 0.0 ], [ -116.825201173883599, 54.022164597588542, 0.0 ], [ -116.8245744374167, 54.022459688452081, 0.0 ], [ -116.824157469595704, 54.02276802449726, 0.0 ], [ -116.823920651596893, 54.02299258523982, 0.0 ], [ -116.823602993347393, 54.02336964316558, 0.0 ], [ -116.822983423250705, 54.023954288446113, 0.0 ], [ -116.822525451596505, 54.024434340878138, 0.0 ], [ -116.822241688735204, 54.024651320259132, 0.0 ], [ -116.821921945860296, 54.024831211775528, 0.0 ], [ -116.821468198886294, 54.025124605283843, 0.0 ], [ -116.820435915813704, 54.025670436640752, 0.0 ], [ -116.8202842895289, 54.02576141885627, 0.0 ], [ -116.8198626579494, 54.02606815981158, 0.0 ], [ -116.819542993885605, 54.026250754068563, 0.0 ], [ -116.819018574447199, 54.026502425064827, 0.0 ], [ -116.818358958789403, 54.026869940176688, 0.0 ], [ -116.816859547900293, 54.027514186479117, 0.0 ], [ -116.816533457572305, 54.027701070216871, 0.0 ], [ -116.815657818606795, 54.028127335724072, 0.0 ], [ -116.815217921617901, 54.028383251748423, 0.0 ], [ -116.815005625609899, 54.028494650583369, 0.0 ], [ -116.814470702963305, 54.028731825741197, 0.0 ], [ -116.813649547302006, 54.029022652218593, 0.0 ], [ -116.8131230512207, 54.029272218482348, 0.0 ], [ -116.812780029448803, 54.029442574552718, 0.0 ], [ -116.812221210464898, 54.029677464935197, 0.0 ], [ -116.811847655354399, 54.02986041355291, 0.0 ], [ -116.811086018538404, 54.030180747920127, 0.0 ], [ -116.810763468268505, 54.030364916557659, 0.0 ], [ -116.810332683246799, 54.030681330209873, 0.0 ], [ -116.810207754265903, 54.030794335381998, 0.0 ], [ -116.810119236180199, 54.030922483793312, 0.0 ], [ -116.809982806169103, 54.031211606259973, 0.0 ], [ -116.809633584967003, 54.032314213537383, 0.0 ], [ -116.809543507716597, 54.032467245678923, 0.0 ], [ -116.809033328374696, 54.033110516631311, 0.0 ], [ -116.808696393360705, 54.033488458939537, 0.0 ], [ -116.8083925100849, 54.033874903993258, 0.0 ], [ -116.8081651095452, 54.034118621618369, 0.0 ], [ -116.807678103753304, 54.034605117086628, 0.0 ], [ -116.807547696436998, 54.034717529902423, 0.0 ], [ -116.807258232716194, 54.034919859414352, 0.0 ], [ -116.807070901361996, 54.035009343149042, 0.0 ], [ -116.806684714223195, 54.035145298365173, 0.0 ], [ -116.806267703432994, 54.035266672214902, 0.0 ], [ -116.805824425879393, 54.035370917500927, 0.0 ], [ -116.805354025876696, 54.035444556619623, 0.0 ], [ -116.804743902779904, 54.035500595398567, 0.0 ], [ -116.804148198836003, 54.035528607007763, 0.0 ], [ -116.803214814045106, 54.035540607360623, 0.0 ], [ -116.801486218663399, 54.035617421603213, 0.0 ], [ -116.800864121845393, 54.035687988811347, 0.0 ], [ -116.799890430074996, 54.035889247590369, 0.0 ], [ -116.799500688067099, 54.036008278509051, 0.0 ], [ -116.798364296071199, 54.036439666703238, 0.0 ], [ -116.797764738934902, 54.036643680406769, 0.0 ], [ -116.797218785679902, 54.036884040019437, 0.0 ], [ -116.796774062484502, 54.037004518772889, 0.0 ], [ -116.796548249943399, 54.037026725362843, 0.0 ], [ -116.796198037017007, 54.037031666990259, 0.0 ], [ -116.795579641738797, 54.037027705986183, 0.0 ], [ -116.794563791490305, 54.036916506051597, 0.0 ], [ -116.7943284627178, 54.036845809840372, 0.0 ], [ -116.7941500751201, 54.03674686765963, 0.0 ], [ -116.793953706031601, 54.036688454424912, 0.0 ], [ -116.793432636735105, 54.036596770872073, 0.0 ], [ -116.793020217612195, 54.036457796399553, 0.0 ], [ -116.792791785358105, 54.036429828973233, 0.0 ], [ -116.792156255349198, 54.036454274161301, 0.0 ], [ -116.792066029184497, 54.036455248653702, 0.0 ], [ -116.7920086677792, 54.03645586808998, 0.0 ], [ -116.790649978433805, 54.036470525017997, 0.0 ], [ -116.789486339523293, 54.036422907188602, 0.0 ], [ -116.789216332031103, 54.036381055404782, 0.0 ], [ -116.788917112997197, 54.036292240151113, 0.0 ], [ -116.788601602923194, 54.036206790640811, 0.0 ], [ -116.788349403745997, 54.036206829405067, 0.0 ], [ -116.788065126138306, 54.036209913105552, 0.0 ], [ -116.787833777184204, 54.036215107407358, 0.0 ], [ -116.787554711484006, 54.03624142357048, 0.0 ], [ -116.786596744422795, 54.036418920280703, 0.0 ], [ -116.785832196173601, 54.036532145936853, 0.0 ], [ -116.785093299475193, 54.036711327587888, 0.0 ], [ -116.784331409484906, 54.036836894448662, 0.0 ], [ -116.783862221726096, 54.036930797966178, 0.0 ], [ -116.783427776630106, 54.037048797566968, 0.0 ], [ -116.782991466880901, 54.037191248599207, 0.0 ], [ -116.782519162906794, 54.037307636384973, 0.0 ], [ -116.782324202739304, 54.037378475645333, 0.0 ], [ -116.782145298813504, 54.037475417400223, 0.0 ], [ -116.781433776196295, 54.037976120124348, 0.0 ], [ -116.781065137434098, 54.03811034634689, 0.0 ], [ -116.7803835034738, 54.038280294202018, 0.0 ], [ -116.779720794994006, 54.038471656717462, 0.0 ], [ -116.778734283636297, 54.038846868635822, 0.0 ], [ -116.776985737736297, 54.039746895943757, 0.0 ], [ -116.776379878548298, 54.040136915386547, 0.0 ], [ -116.776120220653695, 54.040344094905628, 0.0 ], [ -116.7758415748185, 54.040600584813937, 0.0 ], [ -116.775659467235798, 54.040741173632547, 0.0 ], [ -116.7752030861121, 54.041018714918522, 0.0 ], [ -116.774191806816603, 54.041767121518937, 0.0 ], [ -116.773713961958407, 54.042053599577457, 0.0 ], [ -116.773289420978699, 54.042369470186728, 0.0 ], [ -116.773040066523293, 54.042598082487388, 0.0 ], [ -116.772704467498798, 54.043034205525217, 0.0 ], [ -116.772538660874702, 54.043241818692387, 0.0 ], [ -116.772060279786004, 54.043703006013089, 0.0 ], [ -116.771775807956502, 54.044071077003863, 0.0 ], [ -116.771435603186504, 54.044277160412562, 0.0 ], [ -116.771304221709798, 54.044387612840879, 0.0 ], [ -116.771200782823698, 54.0445128710681, 0.0 ], [ -116.771162719345298, 54.044649890044219, 0.0 ], [ -116.771183608787695, 54.04486992971156, 0.0 ], [ -116.771382195451096, 54.045311961462993, 0.0 ], [ -116.771565061076601, 54.045618799561879, 0.0 ], [ -116.771629609635895, 54.045774276963527, 0.0 ], [ -116.771661810176496, 54.046076709871457, 0.0 ], [ -116.771665422248205, 54.046899348405773, 0.0 ], [ -116.771536139251296, 54.047192269496847, 0.0 ], [ -116.771453427331096, 54.047318050689547, 0.0 ], [ -116.771328204095795, 54.047448979676027, 0.0 ], [ -116.7710808674654, 54.04768369709047, 0.0 ], [ -116.770943984096107, 54.047787651813763, 0.0 ], [ -116.770157939273801, 54.048282032632279, 0.0 ], [ -116.770057113172001, 54.048443890501119, 0.0 ], [ -116.770038274714196, 54.048627064649992, 0.0 ], [ -116.770084326200902, 54.050262471427601, 0.0 ], [ -116.770016146359495, 54.051196368008881, 0.0 ], [ -116.770082334245899, 54.052946890927608, 0.0 ], [ -116.770045709691502, 54.054586684550202, 0.0 ], [ -116.769870348129302, 54.055998025409949, 0.0 ], [ -116.769737974290507, 54.056670960546519, 0.0 ], [ -116.769743464961707, 54.057018065083511, 0.0 ], [ -116.769572496755003, 54.057490549122448, 0.0 ], [ -116.769437722533993, 54.057836199671463, 0.0 ], [ -116.769181740633897, 54.058638716399898, 0.0 ], [ -116.769028690135102, 54.05947673602931, 0.0 ], [ -116.769027653022903, 54.059826136070242, 0.0 ], [ -116.769102878748797, 54.060399446208642, 0.0 ], [ -116.769225201555699, 54.06089884075719, 0.0 ], [ -116.769413876921405, 54.06151282027961, 0.0 ], [ -116.769522814126205, 54.062030581300718, 0.0 ], [ -116.769773619444294, 54.062680613404623, 0.0 ], [ -116.769786970499197, 54.063074749160073, 0.0 ], [ -116.769729576598195, 54.063823851954837, 0.0 ], [ -116.769687912634595, 54.064367638963773, 0.0 ], [ -116.769702963046896, 54.064536045960011, 0.0 ], [ -116.769762234214298, 54.064756595043633, 0.0 ], [ -116.769768266937703, 54.064776297511173, 0.0 ], [ -116.769849912264405, 54.065048562829148, 0.0 ], [ -116.769882692905895, 54.065173870992737, 0.0 ], [ -116.769857337442005, 54.06534430425021, 0.0 ], [ -116.769765332191199, 54.065480554884559, 0.0 ], [ -116.769540151401202, 54.065738336269163, 0.0 ], [ -116.769152932862397, 54.066272451604327, 0.0 ], [ -116.768841591203994, 54.066833807324691, 0.0 ], [ -116.768777880496501, 54.066986323408067, 0.0 ], [ -116.768750836159995, 54.067348304191363, 0.0 ], [ -116.768578242087898, 54.067992607909773, 0.0 ], [ -116.768426629630397, 54.068854484343468, 0.0 ], [ -116.768381734266498, 54.070310220535433, 0.0 ], [ -116.768338462201996, 54.070849143364157, 0.0 ], [ -116.768240165862096, 54.071176394671078, 0.0 ], [ -116.768077048152904, 54.071466768169607, 0.0 ], [ -116.768028824410905, 54.071631188110068, 0.0 ], [ -116.767680385202297, 54.072334149903533, 0.0 ], [ -116.767259837949098, 54.073415491794137, 0.0 ], [ -116.767080631736306, 54.07407109813483, 0.0 ], [ -116.7669426051947, 54.074740905676308, 0.0 ], [ -116.766762400363604, 54.075196292038576, 0.0 ], [ -116.766504593479098, 54.075609363176568, 0.0 ], [ -116.766370747903693, 54.075907375907292, 0.0 ], [ -116.766280548197003, 54.076040382896437, 0.0 ], [ -116.765688652052503, 54.076775021505043, 0.0 ], [ -116.765244212597096, 54.077325253526482, 0.0 ], [ -116.765060199561404, 54.077586904989388, 0.0 ], [ -116.764715600114499, 54.077951705525606, 0.0 ], [ -116.764515948793502, 54.07821602165906, 0.0 ], [ -116.764194277758094, 54.078581448251811, 0.0 ], [ -116.763913020302397, 54.078828744578537, 0.0 ], [ -116.763527747564893, 54.079131408337219, 0.0 ], [ -116.763309980865898, 54.079368673439902, 0.0 ], [ -116.763085542876894, 54.07956168651063, 0.0 ], [ -116.762828637107205, 54.079834479989493, 0.0 ], [ -116.762757638962597, 54.079973486814069, 0.0 ], [ -116.762748386484304, 54.080703021853459, 0.0 ], [ -116.762709490675405, 54.08105097158154, 0.0 ], [ -116.762614832271097, 54.081373899648291, 0.0 ], [ -116.762526478520897, 54.081505835138017, 0.0 ], [ -116.762236439692899, 54.081716440618848, 0.0 ], [ -116.762068613748596, 54.081805505409832, 0.0 ], [ -116.761851491270804, 54.081865254568193, 0.0 ], [ -116.761600556013406, 54.081909259488043, 0.0 ], [ -116.760612884630007, 54.082042164119407, 0.0 ], [ -116.760367097558202, 54.082115312914148, 0.0 ], [ -116.760186432366297, 54.082203248200919, 0.0 ], [ -116.759621059420397, 54.082615351457576, 0.0 ], [ -116.758973561667105, 54.083177197189137, 0.0 ], [ -116.758670703930804, 54.083381286191091, 0.0 ], [ -116.758543083033004, 54.083488809160322, 0.0 ], [ -116.757775110428099, 54.084177570779929, 0.0 ], [ -116.757481432672407, 54.084380048611649, 0.0 ], [ -116.757075594998796, 54.084703557539257, 0.0 ], [ -116.756160742539905, 54.085291487352301, 0.0 ], [ -116.755864141393104, 54.08550797752995, 0.0 ], [ -116.755327740798194, 54.085956255150222, 0.0 ], [ -116.754849832733299, 54.086431159556092, 0.0 ], [ -116.754541090418499, 54.086787965654658, 0.0 ], [ -116.754062756513505, 54.087492107578313, 0.0 ], [ -116.753983361126501, 54.087642952292029, 0.0 ], [ -116.753820233268698, 54.088119377085093, 0.0 ], [ -116.753741820759302, 54.088261042825494, 0.0 ], [ -116.753398157081406, 54.088805952318033, 0.0 ], [ -116.752995013067405, 54.089329655847791, 0.0 ], [ -116.752573671058798, 54.090035120717651, 0.0 ], [ -116.752467898322706, 54.090159443355901, 0.0 ], [ -116.752275562782202, 54.090211675255688, 0.0 ], [ -116.752034162564797, 54.090210359559791, 0.0 ], [ -116.751893705766093, 54.090312455999687, 0.0 ], [ -116.751572265247304, 54.090769791819277, 0.0 ], [ -116.751409381501603, 54.090975635509913, 0.0 ], [ -116.751263060057994, 54.091119488668333, 0.0 ], [ -116.751189193670797, 54.091192121483431, 0.0 ], [ -116.751119297681996, 54.091262997736777, 0.0 ], [ -116.751110990914995, 54.091271417105652, 0.0 ], [ -116.7509560714184, 54.091454378321437, 0.0 ], [ -116.750479956667505, 54.09212026968153, 0.0 ], [ -116.7502409225973, 54.092359590680893, 0.0 ], [ -116.750015697732806, 54.09269177916898, 0.0 ], [ -116.749968248169097, 54.092761772425312, 0.0 ], [ -116.749843266282696, 54.092874133888273, 0.0 ], [ -116.749545877779894, 54.093268127427493, 0.0 ], [ -116.749427298910604, 54.093385366465427, 0.0 ], [ -116.749346119219496, 54.093529146604169, 0.0 ], [ -116.749307924786507, 54.093688753746207, 0.0 ], [ -116.749219393950995, 54.093829824171472, 0.0 ], [ -116.748948312041406, 54.094013972490863, 0.0 ], [ -116.748770344967596, 54.09414400480054, 0.0 ], [ -116.748442995817697, 54.094285024437873, 0.0 ], [ -116.748223660518505, 54.094398005415037, 0.0 ], [ -116.748033002225199, 54.094663398955049, 0.0 ], [ -116.747720221603799, 54.095031424642087, 0.0 ], [ -116.747600693506101, 54.0951481216185, 0.0 ], [ -116.747190132083603, 54.095468927546001, 0.0 ], [ -116.746943648677899, 54.095714708513682, 0.0 ], [ -116.746560523535805, 54.096040431152687, 0.0 ], [ -116.746449222449499, 54.096163076640913, 0.0 ], [ -116.746270351662005, 54.096441437055709, 0.0 ], [ -116.745755021824493, 54.097066734235739, 0.0 ], [ -116.745408390621193, 54.097613264496943, 0.0 ], [ -116.745033607965894, 54.098129992914117, 0.0 ], [ -116.744820958678105, 54.09838663801338, 0.0 ], [ -116.744645905398102, 54.098646709578261, 0.0 ], [ -116.7440778041464, 54.099605243760656, 0.0 ], [ -116.743918423423693, 54.100057412160048, 0.0 ], [ -116.743661041079505, 54.100476333950972, 0.0 ], [ -116.743351210265004, 54.101420418599957, 0.0 ], [ -116.743154997663098, 54.102062064238318, 0.0 ], [ -116.742995443116001, 54.102716031598099, 0.0 ], [ -116.742949163995704, 54.103054702803213, 0.0 ], [ -116.742670443862096, 54.104182541773881, 0.0 ], [ -116.742420436539007, 54.104792489757187, 0.0 ], [ -116.742274533828095, 54.105080128404481, 0.0 ], [ -116.741892031865206, 54.105618999386408, 0.0 ], [ -116.7415919076319, 54.105992992409561, 0.0 ], [ -116.741380126673207, 54.106242657814022, 0.0 ], [ -116.741128230770997, 54.106467341713717, 0.0 ], [ -116.741019629401407, 54.106591644921828, 0.0 ], [ -116.740611462972794, 54.106926973631957, 0.0 ], [ -116.740381256045197, 54.107191154377198, 0.0 ], [ -116.740247870739196, 54.107311019552668, 0.0 ], [ -116.739955766762606, 54.107516160463433, 0.0 ], [ -116.739687167385298, 54.107753786654897, 0.0 ], [ -116.739376753940903, 54.107950213475377, 0.0 ], [ -116.738924707257596, 54.108302440029227, 0.0 ], [ -116.738426412296207, 54.108646102969573, 0.0 ], [ -116.737939766627093, 54.108987910288462, 0.0 ], [ -116.737685921193901, 54.10922283404058, 0.0 ], [ -116.737269455813305, 54.109559749154492, 0.0 ], [ -116.736597618553404, 54.110286471975947, 0.0 ], [ -116.736497180717805, 54.110416715883012, 0.0 ], [ -116.736432392141893, 54.110562730013477, 0.0 ], [ -116.736409817973495, 54.111483115937538, 0.0 ], [ -116.736366082723094, 54.111645393312081, 0.0 ], [ -116.736163523025397, 54.111891826866227, 0.0 ], [ -116.735851270081, 54.112079639548263, 0.0 ], [ -116.735668734655604, 54.112153497946593, 0.0 ], [ -116.735444960061002, 54.112211007825422, 0.0 ], [ -116.7351929488282, 54.112244162356959, 0.0 ], [ -116.734905378731, 54.11225884650586, 0.0 ], [ -116.734297462798807, 54.112247652656848, 0.0 ], [ -116.7337551736953, 54.112197285182177, 0.0 ], [ -116.733457651386502, 54.112190349794879, 0.0 ], [ -116.732529081000393, 54.112198046283282, 0.0 ], [ -116.731954554134404, 54.112244098826082, 0.0 ], [ -116.731704464091493, 54.112277808291957, 0.0 ], [ -116.731483522122602, 54.112328330380507, 0.0 ], [ -116.730734915381404, 54.112433730601118, 0.0 ], [ -116.729651108753501, 54.112525543301302, 0.0 ], [ -116.729484637573506, 54.112597867267297, 0.0 ], [ -116.728973824593098, 54.112670298533317, 0.0 ], [ -116.728053521505004, 54.11268791783602, 0.0 ], [ -116.727801778226095, 54.112722750779149, 0.0 ], [ -116.727563809576495, 54.112765208112371, 0.0 ], [ -116.727343250574407, 54.112824898509039, 0.0 ], [ -116.726720069739102, 54.113026189541372, 0.0 ], [ -116.726583205159997, 54.113084647807092, 0.0 ], [ -116.726121617315997, 54.11330444021516, 0.0 ], [ -116.725565377876805, 54.113502712757906, 0.0 ], [ -116.724634901197604, 54.113923312793368, 0.0 ], [ -116.724258875491898, 54.114077305465088, 0.0 ], [ -116.723003746394696, 54.114668668400142, 0.0 ], [ -116.722208597994097, 54.114941532210572, 0.0 ], [ -116.721671565212603, 54.11519033866535, 0.0 ], [ -116.721248699764303, 54.115341035152447, 0.0 ], [ -116.720896603120906, 54.115495576781043, 0.0 ], [ -116.719868668975707, 54.115864886585847, 0.0 ], [ -116.719852796654294, 54.115870589938012, 0.0 ], [ -116.719143333448002, 54.116164151321676, 0.0 ], [ -116.718404900627405, 54.116499603219573, 0.0 ], [ -116.717799016661104, 54.116730525831208, 0.0 ], [ -116.717495391611394, 54.116925029001287, 0.0 ], [ -116.717312365753898, 54.117013893658388, 0.0 ], [ -116.717108268756107, 54.117087641789297, 0.0 ], [ -116.716420836126403, 54.117229436147873, 0.0 ], [ -116.7151302535177, 54.117592474435519, 0.0 ], [ -116.714319344600895, 54.117876584256997, 0.0 ], [ -116.713934049730497, 54.118053326655449, 0.0 ], [ -116.713556988921198, 54.118208784673939, 0.0 ], [ -116.713223074365203, 54.118381107031411, 0.0 ], [ -116.712292434397, 54.118780043287579, 0.0 ], [ -116.711487887858198, 54.11906737850385, 0.0 ], [ -116.710340203981502, 54.119534094918848, 0.0 ], [ -116.710118713326096, 54.119584585070307, 0.0 ], [ -116.7098623328786, 54.119615636686603, 0.0 ], [ -116.709550919132695, 54.119621256186583, 0.0 ], [ -116.708940068594799, 54.119608249530273, 0.0 ], [ -116.708348646313098, 54.119570997832817, 0.0 ], [ -116.707741498564502, 54.119553676342683, 0.0 ], [ -116.705199776225399, 54.119552225620772, 0.0 ], [ -116.704613639228498, 54.119579147063916, 0.0 ], [ -116.704379253166806, 54.119625850729662, 0.0 ], [ -116.703931551013994, 54.119751649961799, 0.0 ], [ -116.703215505851702, 54.119908476194887, 0.0 ], [ -116.703002182694306, 54.119979470138198, 0.0 ], [ -116.702487015889105, 54.120235231528589, 0.0 ], [ -116.702106239698296, 54.120396153445718, 0.0 ], [ -116.701795213655402, 54.120574411051919, 0.0 ], [ -116.701592151342595, 54.1206642955216, 0.0 ], [ -116.701238742896294, 54.120816645314633, 0.0 ], [ -116.701130479624297, 54.120841855904523, 0.0 ], [ -116.7007855704489, 54.120916541249109, 0.0 ], [ -116.700517233608394, 54.120950779510828, 0.0 ], [ -116.700222312273397, 54.12096288975895, 0.0 ], [ -116.699942194589994, 54.120939940359392, 0.0 ], [ -116.699696125230403, 54.12089973467635, 0.0 ], [ -116.699244517739601, 54.120787592949299, 0.0 ], [ -116.698832434047503, 54.120661425224696, 0.0 ], [ -116.698443388775303, 54.120512095220072, 0.0 ], [ -116.697428800264603, 54.12036099936924, 0.0 ], [ -116.696604085210296, 54.120292701588987, 0.0 ], [ -116.695860425354397, 54.120164568672472, 0.0 ], [ -116.694667291330305, 54.120122251427773, 0.0 ], [ -116.694367244958499, 54.120099361115507, 0.0 ], [ -116.692440245467907, 54.119945510238573, 0.0 ], [ -116.691697580731997, 54.119797921878288, 0.0 ], [ -116.690896909969098, 54.119685871487938, 0.0 ], [ -116.689902707447999, 54.119495369541482, 0.0 ], [ -116.689404159228602, 54.119419252199762, 0.0 ], [ -116.688938773508198, 54.11931354228637, 0.0 ], [ -116.688199738593596, 54.119185890869687, 0.0 ], [ -116.687657959672094, 54.11913237488023, 0.0 ], [ -116.686718313053206, 54.119114013883227, 0.0 ], [ -116.6860697667327, 54.119125678758493, 0.0 ], [ -116.684559385774193, 54.11919298183539, 0.0 ], [ -116.683046345253402, 54.119234356013287, 0.0 ], [ -116.682760591622298, 54.119257755390038, 0.0 ], [ -116.682004139979298, 54.119387400210961, 0.0 ], [ -116.681159681322995, 54.11946947259004, 0.0 ], [ -116.680784501118396, 54.119543865972886, 0.0 ], [ -116.679993022026693, 54.119748627196223, 0.0 ], [ -116.679469100220203, 54.11983758167505, 0.0 ], [ -116.678132230100601, 54.120190962683843, 0.0 ], [ -116.677124791173, 54.12037100295742, 0.0 ], [ -116.676592795335694, 54.120501195492132, 0.0 ], [ -116.676424202950599, 54.120542783129501, 0.0 ], [ -116.676131118753702, 54.120573821620212, 0.0 ], [ -116.674749932032498, 54.120697169249233, 0.0 ], [ -116.674512764597694, 54.120744343252163, 0.0 ], [ -116.6735804208583, 54.120977874483202, 0.0 ], [ -116.672841403533198, 54.121099396198609, 0.0 ], [ -116.672565704523805, 54.121131420763263, 0.0 ], [ -116.671968486276398, 54.121163042659767, 0.0 ], [ -116.671714829112602, 54.121194015346923, 0.0 ], [ -116.6707358155885, 54.121377248852347, 0.0 ], [ -116.670466569626598, 54.121397422163461, 0.0 ], [ -116.669211652987997, 54.121411441163048, 0.0 ], [ -116.668600858862405, 54.121386899130208, 0.0 ], [ -116.667959672888699, 54.121383332146223, 0.0 ], [ -116.667661078733303, 54.121393764164537, 0.0 ], [ -116.666545586843199, 54.121478726457923, 0.0 ], [ -116.666241522792006, 54.121486430423218, 0.0 ], [ -116.665946690191305, 54.121472551470021, 0.0 ], [ -116.665705252469394, 54.121425333069148, 0.0 ], [ -116.664846387987296, 54.121199267620597, 0.0 ], [ -116.664556173445405, 54.121176758711641, 0.0 ], [ -116.663939374131999, 54.121190184975291, 0.0 ], [ -116.662704916722305, 54.121245623486203, 0.0 ], [ -116.6621451664261, 54.121310939466873, 0.0 ], [ -116.661703033353007, 54.121407295038857, 0.0 ], [ -116.661288146806697, 54.121549752456289, 0.0 ], [ -116.661116090720995, 54.121630983738868, 0.0 ], [ -116.660672077414006, 54.121934184731032, 0.0 ], [ -116.659824237810099, 54.122385765343083, 0.0 ], [ -116.659217851139005, 54.122625055785598, 0.0 ], [ -116.658841476575603, 54.122795644443883, 0.0 ], [ -116.658638128267498, 54.122869817165579, 0.0 ], [ -116.658415600500504, 54.122923488340852, 0.0 ], [ -116.657385921848899, 54.12312108270585, 0.0 ], [ -116.656366354562493, 54.123356753461941, 0.0 ], [ -116.655919433006801, 54.123392753472572, 0.0 ], [ -116.655545675779095, 54.12344468903089, 0.0 ], [ -116.655085910424901, 54.123540121412049, 0.0 ], [ -116.654546031323406, 54.123705044134987, 0.0 ], [ -116.653897147633202, 54.123980424596979, 0.0 ], [ -116.6532469746966, 54.124146275276793, 0.0 ], [ -116.652845852163694, 54.124297883355382, 0.0 ], [ -116.652491476643803, 54.124464135449138, 0.0 ], [ -116.652172851192006, 54.124639598599849, 0.0 ], [ -116.651784527837293, 54.124797166538208, 0.0 ], [ -116.651594049207205, 54.124903159336377, 0.0 ], [ -116.6514542438685, 54.124988851047362, 0.0 ], [ -116.651424805932095, 54.125006889280932, 0.0 ], [ -116.651337470691502, 54.125060437471483, 0.0 ], [ -116.651214554688096, 54.125120662412357, 0.0 ], [ -116.651132365523594, 54.125160953250273, 0.0 ], [ -116.650920933693399, 54.125242224294077, 0.0 ], [ -116.650408932985698, 54.125521019632103, 0.0 ], [ -116.650035197856596, 54.125690464062963, 0.0 ], [ -116.649251238127704, 54.125993167247792, 0.0 ], [ -116.648764748536706, 54.126100941853537, 0.0 ], [ -116.648428694479506, 54.126273148135461, 0.0 ], [ -116.648006432314105, 54.126418238197928, 0.0 ], [ -116.647856186580398, 54.126559625980043, 0.0 ], [ -116.647442218379396, 54.126719935351048, 0.0 ], [ -116.647082591360999, 54.126894071020331, 0.0 ], [ -116.646619509108305, 54.12719081280612, 0.0 ], [ -116.646070024648495, 54.127470373657431, 0.0 ], [ -116.645629062324502, 54.12779837439421, 0.0 ], [ -116.643745475530096, 54.129013392502728, 0.0 ], [ -116.6433173478203, 54.129337058246847, 0.0 ], [ -116.642857941410796, 54.129650503173409, 0.0 ], [ -116.642361313891797, 54.130130723279429, 0.0 ], [ -116.642014264788401, 54.130533736147058, 0.0 ], [ -116.641815513946, 54.130758838587809, 0.0 ], [ -116.641654670824906, 54.131062252550478, 0.0 ], [ -116.641554915851103, 54.131199406680928, 0.0 ], [ -116.641436708702003, 54.131312845634611, 0.0 ], [ -116.641121167482893, 54.131500949281801, 0.0 ], [ -116.641021374378198, 54.131633258318651, 0.0 ], [ -116.640919385835403, 54.13195063257659, 0.0 ], [ -116.640655521432095, 54.132548755163377, 0.0 ], [ -116.640225585633502, 54.13323286021128, 0.0 ], [ -116.639868251775994, 54.1335979872972, 0.0 ], [ -116.639732561668694, 54.13370712955367, 0.0 ], [ -116.638941335915703, 54.13425087245971, 0.0 ], [ -116.638669632793295, 54.134443692378738, 0.0 ], [ -116.638160406423694, 54.134722104801078, 0.0 ], [ -116.637992483031198, 54.134807536258172, 0.0 ], [ -116.637405960653993, 54.13504718855863, 0.0 ], [ -116.636096644105706, 54.135428943174837, 0.0 ], [ -116.635323703143399, 54.135726511631759, 0.0 ], [ -116.6342365749707, 54.136048665122523, 0.0 ], [ -116.633553346300602, 54.136221485377952, 0.0 ], [ -116.632465250924596, 54.136540937159758, 0.0 ], [ -116.631631586211796, 54.136828827991607, 0.0 ], [ -116.630751495690006, 54.137278099073747, 0.0 ], [ -116.630230287842295, 54.137572144351573, 0.0 ], [ -116.629733881628695, 54.137763576810663, 0.0 ], [ -116.629449026124206, 54.137877769733592, 0.0 ], [ -116.628916713578604, 54.138151318253072, 0.0 ], [ -116.628331948834898, 54.13839417052499, 0.0 ], [ -116.626596141411596, 54.139055744335742, 0.0 ], [ -116.626134277609793, 54.139200203077209, 0.0 ], [ -116.625722451304298, 54.139298318818177, 0.0 ], [ -116.624959042349602, 54.13941884195188, 0.0 ], [ -116.6244860185638, 54.139525048143277, 0.0 ], [ -116.623635715288998, 54.139810204494182, 0.0 ], [ -116.623049031319397, 54.140044396855487, 0.0 ], [ -116.622519501815702, 54.140169500255944, 0.0 ], [ -116.621293913825696, 54.140525706770639, 0.0 ], [ -116.620698689886197, 54.140672448621658, 0.0 ], [ -116.619280682830293, 54.141077384020562, 0.0 ], [ -116.618875700619398, 54.141214803213948, 0.0 ], [ -116.617896857336504, 54.141590146063947, 0.0 ], [ -116.617688392295804, 54.141654017143708, 0.0 ], [ -116.616801075729896, 54.141878184802181, 0.0 ], [ -116.616013708279596, 54.141986797623723, 0.0 ], [ -116.615519455521195, 54.142079501077752, 0.0 ], [ -116.614452217812399, 54.142400946631277, 0.0 ], [ -116.614221647759905, 54.142458888048857, 0.0 ], [ -116.613941881782495, 54.142504732884483, 0.0 ], [ -116.613487648943305, 54.142613836651407, 0.0 ], [ -116.613067054698007, 54.142764210041364, 0.0 ], [ -116.612704351227407, 54.142920462560369, 0.0 ], [ -116.612482958295303, 54.142975141104642, 0.0 ], [ -116.612232153064696, 54.143015824405452, 0.0 ], [ -116.6118974098965, 54.143113675511387, 0.0 ], [ -116.611632408643899, 54.143214902032312, 0.0 ], [ -116.610781004079101, 54.143495662928771, 0.0 ], [ -116.610167441834903, 54.143682875411223, 0.0 ], [ -116.609752338788994, 54.143840785562432, 0.0 ], [ -116.608888015423602, 54.144104282839471, 0.0 ], [ -116.608318653851995, 54.144341096020618, 0.0 ], [ -116.6075205647453, 54.144645534660633, 0.0 ], [ -116.607166144610403, 54.144819031119631, 0.0 ], [ -116.606742693308504, 54.144992657485183, 0.0 ], [ -116.605842853806195, 54.14540232221637, 0.0 ], [ -116.605663797812298, 54.145494709332418, 0.0 ], [ -116.605351695017205, 54.145696792845179, 0.0 ], [ -116.604970558780394, 54.145855708885719, 0.0 ], [ -116.604277849112407, 54.146023567513012, 0.0 ], [ -116.604017822176502, 54.146067998323829, 0.0 ], [ -116.603482997890893, 54.146128328773933, 0.0 ], [ -116.6022131248086, 54.146334329073817, 0.0 ], [ -116.601972402450897, 54.146380374314141, 0.0 ], [ -116.601595500827401, 54.146477308729409, 0.0 ], [ -116.601133565151102, 54.146558831468667, 0.0 ], [ -116.600765995069494, 54.146619296382667, 0.0 ], [ -116.600520692929905, 54.146676109537623, 0.0 ], [ -116.599402601944902, 54.146967787151667, 0.0 ], [ -116.598802770728696, 54.147176516498291, 0.0 ], [ -116.598381073840301, 54.147299864505378, 0.0 ], [ -116.597533196725806, 54.147581645379539, 0.0 ], [ -116.596804873952195, 54.14791671678298, 0.0 ], [ -116.596639595627806, 54.148011787749532, 0.0 ], [ -116.596512028991398, 54.14812845894992, 0.0 ], [ -116.596325899639893, 54.148387066365657, 0.0 ], [ -116.595986420418697, 54.148747252297483, 0.0 ], [ -116.595897506498304, 54.1488838203828, 0.0 ], [ -116.595763803741306, 54.149176923539002, 0.0 ], [ -116.595500434548995, 54.149957400334507, 0.0 ], [ -116.595282996869798, 54.150193877899412, 0.0 ], [ -116.5951051134533, 54.150456258676869, 0.0 ], [ -116.594704887129296, 54.15078034174379, 0.0 ], [ -116.594334074075505, 54.151117832704948, 0.0 ], [ -116.594110054483906, 54.151354058878923, 0.0 ], [ -116.593936008433403, 54.151504207068683, 0.0 ], [ -116.593660281308402, 54.151665498251191, 0.0 ], [ -116.593617817106505, 54.151723982073982, 0.0 ], [ -116.593390356256805, 54.151882136510139, 0.0 ], [ -116.593086796643504, 54.152093206919822, 0.0 ], [ -116.593055945857898, 54.152123871807703, 0.0 ], [ -116.592781733468001, 54.152396459290308, 0.0 ], [ -116.592629880652893, 54.152490575344792, 0.0 ], [ -116.592444719484405, 54.152614549444998, 0.0 ], [ -116.592319208525296, 54.152700155178799, 0.0 ], [ -116.591814745327099, 54.152997472429973, 0.0 ], [ -116.591674268494302, 54.153099033584667, 0.0 ], [ -116.5912923961735, 54.153439775937457, 0.0 ], [ -116.591008673507702, 54.153652028286601, 0.0 ], [ -116.590636899951605, 54.153992795070153, 0.0 ], [ -116.590197061225894, 54.154296873396483, 0.0 ], [ -116.590026216705894, 54.154389265779344, 0.0 ], [ -116.589840634380195, 54.154462782417198, 0.0 ], [ -116.589671621996402, 54.154559485311736, 0.0 ], [ -116.588939893737901, 54.155056215526223, 0.0 ], [ -116.588636661825205, 54.155277865699453, 0.0 ], [ -116.588321616460107, 54.155463162827949, 0.0 ], [ -116.588137015503094, 54.155542105110783, 0.0 ], [ -116.587293429768195, 54.155806505327753, 0.0 ], [ -116.586551692038796, 54.155944033070917, 0.0 ], [ -116.585669493193706, 54.156173971005401, 0.0 ], [ -116.5854305110539, 54.156217273676013, 0.0 ], [ -116.584615222197499, 54.156315506330458, 0.0 ], [ -116.583977139194204, 54.156321111699363, 0.0 ], [ -116.583494551197703, 54.156303453876582, 0.0 ], [ -116.582633917640294, 54.156251950524812, 0.0 ], [ -116.582038125398896, 54.156236008722423, 0.0 ], [ -116.581490935937097, 54.156196267534902, 0.0 ], [ -116.580672641113594, 54.156106383875667, 0.0 ], [ -116.580189840049002, 54.156008912982401, 0.0 ], [ -116.579400550034805, 54.155736098855407, 0.0 ], [ -116.579206502945297, 54.155657919056793, 0.0 ], [ -116.578857859829796, 54.155484281229363, 0.0 ], [ -116.5777502190533, 54.155008724912939, 0.0 ], [ -116.576595090897797, 54.154583669064387, 0.0 ], [ -116.576133007525897, 54.154409512629421, 0.0 ], [ -116.575975071350996, 54.154349860260837, 0.0 ], [ -116.575627315127406, 54.154180526005398, 0.0 ], [ -116.575424011995693, 54.154107217370807, 0.0 ], [ -116.575198716216903, 54.154052230303961, 0.0 ], [ -116.574486057045902, 54.153915371094698, 0.0 ], [ -116.574208329405906, 54.15389224344937, 0.0 ], [ -116.573946317166204, 54.15391824263228, 0.0 ], [ -116.573658896746494, 54.154112603463872, 0.0 ], [ -116.573462271356902, 54.154189822471018, 0.0 ], [ -116.573295004920794, 54.154278874494793, 0.0 ], [ -116.573148037966007, 54.154384145803142, 0.0 ], [ -116.573013237754793, 54.154680415450507, 0.0 ], [ -116.572553025812397, 54.154981636300263, 0.0 ], [ -116.572365529892807, 54.155061036260243, 0.0 ], [ -116.571743327779501, 54.155246287384102, 0.0 ], [ -116.5713738458808, 54.155402313926388, 0.0 ], [ -116.570698419619006, 54.155574101193658, 0.0 ], [ -116.570084425560395, 54.155768507651743, 0.0 ], [ -116.568769219862801, 54.156149262757232, 0.0 ], [ -116.567764476492002, 54.156298991711921, 0.0 ], [ -116.567226683467297, 54.156360082399253, 0.0 ], [ -116.565707823193605, 54.15656799167445, 0.0 ], [ -116.565468114918204, 54.156617166573113, 0.0 ], [ -116.565254302076298, 54.156682261569728, 0.0 ], [ -116.565064482659594, 54.156760623609188, 0.0 ], [ -116.564904152055405, 54.156857158631617, 0.0 ], [ -116.564527857987898, 54.15700415307419, 0.0 ], [ -116.564189958892598, 54.157175424071383, 0.0 ], [ -116.563939230830002, 54.15727485690654, 0.0 ], [ -116.563235458003504, 54.157553432053618, 0.0 ], [ -116.562832992142901, 54.157690308232382, 0.0 ], [ -116.562398701806899, 54.157801913947146, 0.0 ], [ -116.562028231902303, 54.157961378153587, 0.0 ], [ -116.561696856660504, 54.158128972134911, 0.0 ], [ -116.560749488212494, 54.158511373609677, 0.0 ], [ -116.560384082748598, 54.158680592920447, 0.0 ], [ -116.559815727908003, 54.158895598287152, 0.0 ], [ -116.559457127433404, 54.159076225050207, 0.0 ], [ -116.558837487544906, 54.159290425117433, 0.0 ], [ -116.558086468585898, 54.159618632637383, 0.0 ], [ -116.556382100612396, 54.160276791978013, 0.0 ], [ -116.556019268470905, 54.16044976737183, 0.0 ], [ -116.555071392156094, 54.160819728632958, 0.0 ], [ -116.554523810202994, 54.161060877693018, 0.0 ], [ -116.553370332309896, 54.161507161772512, 0.0 ], [ -116.553009843174493, 54.161633992323033, 0.0 ], [ -116.552733235340895, 54.161847109344933, 0.0 ], [ -116.552580430279704, 54.16193998126392, 0.0 ], [ -116.552040861434193, 54.162367497043448, 0.0 ], [ -116.5515935087397, 54.162619103308877, 0.0 ], [ -116.551131358449496, 54.162842471125963, 0.0 ], [ -116.550678649323899, 54.163071102829988, 0.0 ], [ -116.550365998290204, 54.163270181024231, 0.0 ], [ -116.550194029474994, 54.163359517115978, 0.0 ], [ -116.549988934673195, 54.163447903567089, 0.0 ], [ -116.549833751646602, 54.163514781488381, 0.0 ], [ -116.549442760578202, 54.163663801878073, 0.0 ], [ -116.5477439789193, 54.16422698142145, 0.0 ], [ -116.5468805449039, 54.164565149371597, 0.0 ], [ -116.546674042586503, 54.164627569415863, 0.0 ], [ -116.546101733985694, 54.164845671912438, 0.0 ], [ -116.545917966331501, 54.164931581538767, 0.0 ], [ -116.545306028872204, 54.165313775885863, 0.0 ], [ -116.545049847876399, 54.165430916598439, 0.0 ], [ -116.544541534316394, 54.165601504173253, 0.0 ], [ -116.544113094605095, 54.165722821670442, 0.0 ], [ -116.543736125115501, 54.165881040353902, 0.0 ], [ -116.543336642515996, 54.16601941445478, 0.0 ], [ -116.542816610543895, 54.166144059357563, 0.0 ], [ -116.5424188098104, 54.166260111544183, 0.0 ], [ -116.542192745741204, 54.166307117895279, 0.0 ], [ -116.5414735575918, 54.166419177093751, 0.0 ], [ -116.541181189344698, 54.166440169462028, 0.0 ], [ -116.540015376159204, 54.166694569738979, 0.0 ], [ -116.539592372273603, 54.166815964214429, 0.0 ], [ -116.539417674338907, 54.166849608729443, 0.0 ], [ -116.538939911929901, 54.166923002332283, 0.0 ], [ -116.538612023979397, 54.166987156629219, 0.0 ], [ -116.537813667173396, 54.167070279985658, 0.0 ], [ -116.537317849299697, 54.16715874485898, 0.0 ], [ -116.537090285873504, 54.16717741523285, 0.0 ], [ -116.536416203770301, 54.167173459519177, 0.0 ], [ -116.535347313536604, 54.167228808559031, 0.0 ], [ -116.5350434283976, 54.167231815171448, 0.0 ], [ -116.534418048309703, 54.167218744978221, 0.0 ], [ -116.533787027309799, 54.16716656404499, 0.0 ], [ -116.533183790559505, 54.167176338017477, 0.0 ], [ -116.531341583980605, 54.167553344715778, 0.0 ], [ -116.530256413483599, 54.167832854746933, 0.0 ], [ -116.529558459509403, 54.16798222225755, 0.0 ], [ -116.529097815797499, 54.168099771065073, 0.0 ], [ -116.526630466219501, 54.168883003764257, 0.0 ], [ -116.526593969753606, 54.168891571189917, 0.0 ], [ -116.526131755288404, 54.168996256007787, 0.0 ], [ -116.525771478553906, 54.169106107480253, 0.0 ], [ -116.525395426977397, 54.16926211354771, 0.0 ], [ -116.524582032946398, 54.16955281042069, 0.0 ], [ -116.524027871337395, 54.169788732300653, 0.0 ], [ -116.523636496729395, 54.169924061074113, 0.0 ], [ -116.523265355567702, 54.170087656049979, 0.0 ], [ -116.522412136217795, 54.170541346274938, 0.0 ], [ -116.521718251675296, 54.170884300552821, 0.0 ], [ -116.520737296892804, 54.171447501590563, 0.0 ], [ -116.520540438726002, 54.171531810694617, 0.0 ], [ -116.520052091087507, 54.171804301407107, 0.0 ], [ -116.519358658797998, 54.172145345892559, 0.0 ], [ -116.519213317641203, 54.1722522953973, 0.0 ], [ -116.518733626633306, 54.17252558592768, 0.0 ], [ -116.518130768120699, 54.172816875932362, 0.0 ], [ -116.5178815027799, 54.172954379378609, 0.0 ], [ -116.517777490788106, 54.173074727942598, 0.0 ], [ -116.517743186800701, 54.173314689467063, 0.0 ], [ -116.517715031915301, 54.173418404789608, 0.0 ], [ -116.517249628093097, 54.173894709608149, 0.0 ], [ -116.517088872572799, 54.174000475745054, 0.0 ], [ -116.516904639614197, 54.174084056785318, 0.0 ], [ -116.516597711280994, 54.17426281814695, 0.0 ], [ -116.516391529040007, 54.174514114870249, 0.0 ], [ -116.516243692902293, 54.174615095144958, 0.0 ], [ -116.515592093111195, 54.17515099289816, 0.0 ], [ -116.515366445154001, 54.175387921258327, 0.0 ], [ -116.515196955864397, 54.175479470043413, 0.0 ], [ -116.515019781004995, 54.175461005298729, 0.0 ], [ -116.514869052182206, 54.175367070267292, 0.0 ], [ -116.514721252263101, 54.175269418585273, 0.0 ], [ -116.514497466398197, 54.175028967933493, 0.0 ], [ -116.514310013627295, 54.174955424459419, 0.0 ], [ -116.514095382352906, 54.175005153519592, 0.0 ], [ -116.514024522855905, 54.175155393813817, 0.0 ], [ -116.514091111135201, 54.175284277760767, 0.0 ], [ -116.514201570325795, 54.175413928316331, 0.0 ], [ -116.514260368921299, 54.175544379447693, 0.0 ], [ -116.514272267117505, 54.175694126855298, 0.0 ], [ -116.513973420352698, 54.175920573465, 0.0 ], [ -116.513940245643298, 54.17596429624497, 0.0 ], [ -116.513877484006699, 54.176049844272342, 0.0 ], [ -116.513865937225503, 54.176365999121828, 0.0 ], [ -116.513787099112207, 54.176544644386617, 0.0 ], [ -116.513691847307598, 54.176688515203622, 0.0 ], [ -116.513348273431603, 54.177052044263768, 0.0 ], [ -116.512953013848303, 54.177382341591617, 0.0 ], [ -116.512459518817707, 54.177654315785368, 0.0 ], [ -116.512142916774906, 54.177798697199911, 0.0 ], [ -116.511682621347205, 54.177917612621243, 0.0 ], [ -116.511443400024802, 54.177938942280868, 0.0 ], [ -116.510480103284806, 54.177928200632593, 0.0 ], [ -116.510150917167806, 54.178057245468281, 0.0 ], [ -116.509929439322903, 54.178145940600793, 0.0 ], [ -116.509499432903795, 54.178037173974367, 0.0 ], [ -116.509210401664802, 54.178017547942417, 0.0 ], [ -116.508998485182701, 54.178074948171698, 0.0 ], [ -116.508950800565799, 54.178231910614393, 0.0 ], [ -116.508814703047406, 54.178336303452603, 0.0 ], [ -116.508555581948798, 54.17836279990938, 0.0 ], [ -116.508286362311793, 54.17845665806243, 0.0 ], [ -116.507911767841705, 54.178531136753527, 0.0 ], [ -116.507719348063802, 54.1786033939212, 0.0 ], [ -116.507494587620599, 54.178798948755883, 0.0 ], [ -116.507704477749698, 54.17882368369574, 0.0 ], [ -116.508009595028, 54.178824503431308, 0.0 ], [ -116.508901860544398, 54.178801219255142, 0.0 ], [ -116.509523419191694, 54.178833805965162, 0.0 ], [ -116.509568380700998, 54.178844774921423, 0.0 ], [ -116.509685806369703, 54.178919702722162, 0.0 ], [ -116.509717227265, 54.178939748166712, 0.0 ], [ -116.509700588210904, 54.179073032733278, 0.0 ], [ -116.509584995439099, 54.179226438690009, 0.0 ], [ -116.509265310411095, 54.179421793777877, 0.0 ], [ -116.509027705495399, 54.17965671674267, 0.0 ], [ -116.508717729225694, 54.179868374773143, 0.0 ], [ -116.507911885540906, 54.180342547950438, 0.0 ], [ -116.507183039533004, 54.180660773758518, 0.0 ], [ -116.506791568863306, 54.18081056933687, 0.0 ], [ -116.505903575456202, 54.181011554980742, 0.0 ], [ -116.505618338255104, 54.181033329610599, 0.0 ], [ -116.505159639262601, 54.180930109022697, 0.0 ], [ -116.504501748895905, 54.18075152421833, 0.0 ], [ -116.504287956182793, 54.180691542440542, 0.0 ], [ -116.504100663841896, 54.180612613632093, 0.0 ], [ -116.503879742364504, 54.180587517354283, 0.0 ], [ -116.503520639941499, 54.180750736159723, 0.0 ], [ -116.503185548935207, 54.180926755836957, 0.0 ], [ -116.502851317669297, 54.181109735496463, 0.0 ], [ -116.502540150621698, 54.181313937634123, 0.0 ], [ -116.502015774843102, 54.181585175264658, 0.0 ], [ -116.501594575783102, 54.181815588117239, 0.0 ], [ -116.501311143465799, 54.181965453737718, 0.0 ], [ -116.5011874713189, 54.18202399428052, 0.0 ], [ -116.501132201906302, 54.182059993806178, 0.0 ], [ -116.5005212836015, 54.182400137983748, 0.0 ], [ -116.500139006730294, 54.182589659572187, 0.0 ], [ -116.500015697920404, 54.182650794906237, 0.0 ], [ -116.499992271605095, 54.18266240786911, 0.0 ], [ -116.499704915482596, 54.182860730747052, 0.0 ], [ -116.4991826315472, 54.183124472459781, 0.0 ], [ -116.498694580736995, 54.183404865669303, 0.0 ], [ -116.498150064060397, 54.183652228590518, 0.0 ], [ -116.497651432788004, 54.183943615263352, 0.0 ], [ -116.497200531017796, 54.184243736797697, 0.0 ], [ -116.496395974587003, 54.184707409505933, 0.0 ], [ -116.496174369138103, 54.184948550423002, 0.0 ], [ -116.495912871656998, 54.185161284557253, 0.0 ], [ -116.495758678791404, 54.185259995254228, 0.0 ], [ -116.495402845574205, 54.18542920854172, 0.0 ], [ -116.494930690202196, 54.185711757265238, 0.0 ], [ -116.494652979858998, 54.18593713680896, 0.0 ], [ -116.493286737617495, 54.186825402598309, 0.0 ], [ -116.492969103840693, 54.187002221576527, 0.0 ], [ -116.492858091781599, 54.187120266832942, 0.0 ], [ -116.492840864898596, 54.187254137637971, 0.0 ], [ -116.493053428075797, 54.188100137534008, 0.0 ], [ -116.4930642204897, 54.188585666709429, 0.0 ], [ -116.493039510462197, 54.188723937535862, 0.0 ], [ -116.492854987764602, 54.18927799554703, 0.0 ], [ -116.492673304344294, 54.189706261324858, 0.0 ], [ -116.492595854578198, 54.18985195852747, 0.0 ], [ -116.492287517058799, 54.190239963238319, 0.0 ], [ -116.492025491649301, 54.190462364280037, 0.0 ], [ -116.491798535848901, 54.190702009020548, 0.0 ], [ -116.490999104790106, 54.191371672541408, 0.0 ], [ -116.490535658743099, 54.19166444268749, 0.0 ], [ -116.490249072655303, 54.191870976587929, 0.0 ], [ -116.489939161807399, 54.192057080316523, 0.0 ], [ -116.489533705453198, 54.192384267904579, 0.0 ], [ -116.489225402829007, 54.19257524789343, 0.0 ], [ -116.488940826711101, 54.192796714016879, 0.0 ], [ -116.488529323601099, 54.193105532577142, 0.0 ], [ -116.488359854025404, 54.193195925474939, 0.0 ], [ -116.488068368894702, 54.1934016935584, 0.0 ], [ -116.487402163600905, 54.193765048396848, 0.0 ], [ -116.487236653426294, 54.193848493780877, 0.0 ], [ -116.487037653699005, 54.19391606754747, 0.0 ], [ -116.486810705735905, 54.19395450691016, 0.0 ], [ -116.486715645687994, 54.19394963571235, 0.0 ], [ -116.486289266305704, 54.193892280646111, 0.0 ], [ -116.485814498295497, 54.193780474469463, 0.0 ], [ -116.485113677520701, 54.193643777651793, 0.0 ], [ -116.484642200451503, 54.193528467918192, 0.0 ], [ -116.484513445104, 54.193549770183708, 0.0 ], [ -116.484044950542, 54.193719287156213, 0.0 ], [ -116.483510741722995, 54.193971184144232, 0.0 ], [ -116.483145509514998, 54.194123499679343, 0.0 ], [ -116.483010135276999, 54.194229533228409, 0.0 ], [ -116.482891148384397, 54.194279791456182, 0.0 ], [ -116.481835871695097, 54.195077004342743, 0.0 ], [ -116.480852439540996, 54.195952700977067, 0.0 ], [ -116.480762647322607, 54.196032649947867, 0.0 ], [ -116.480608755332398, 54.196330423486899, 0.0 ], [ -116.480168595068207, 54.196817707855573, 0.0 ], [ -116.479975491692699, 54.197070345978283, 0.0 ], [ -116.479641755988695, 54.197422287976423, 0.0 ], [ -116.479568305817907, 54.197561540006618, 0.0 ], [ -116.479381473685393, 54.197825502138507, 0.0 ], [ -116.479165583878597, 54.198063507908678, 0.0 ], [ -116.478973910594306, 54.198315766159752, 0.0 ], [ -116.4787231128428, 54.198542720286213, 0.0 ], [ -116.478571267854306, 54.198806436804517, 0.0 ], [ -116.478450910660698, 54.198924158409142, 0.0 ], [ -116.478273086995898, 54.199181862881062, 0.0 ], [ -116.477850268121301, 54.199672765958347, 0.0 ], [ -116.4776263759382, 54.199905405131332, 0.0 ], [ -116.477193078122994, 54.200204915757283, 0.0 ], [ -116.476946149845602, 54.200427165999912, 0.0 ], [ -116.476595105346505, 54.200684121225549, 0.0 ], [ -116.476132529966094, 54.201061115180977, 0.0 ], [ -116.475394982243401, 54.201522611567007, 0.0 ], [ -116.475120678583707, 54.201729696125362, 0.0 ], [ -116.474955370288498, 54.201809702906033, 0.0 ], [ -116.474516706182996, 54.202094637261197, 0.0 ], [ -116.473985072278595, 54.202325895025957, 0.0 ], [ -116.473657886970699, 54.20250368293528, 0.0 ], [ -116.473141725057005, 54.202744160612681, 0.0 ], [ -116.472416400729401, 54.20304668299238, 0.0 ], [ -116.472178529876103, 54.203180398931593, 0.0 ], [ -116.471808298956304, 54.203457817370271, 0.0 ], [ -116.471407209823496, 54.203731128060419, 0.0 ], [ -116.4712326729734, 54.203813773625342, 0.0 ], [ -116.470761106131604, 54.204084031229563, 0.0 ], [ -116.470066685714301, 54.204408206087322, 0.0 ], [ -116.469737685733904, 54.204581128800839, 0.0 ], [ -116.469106130737799, 54.20494162538521, 0.0 ], [ -116.468385284805706, 54.20524845114101, 0.0 ], [ -116.467814254549907, 54.205467135297638, 0.0 ], [ -116.467400693460903, 54.205666690473123, 0.0 ], [ -116.467117066838895, 54.205789136041233, 0.0 ], [ -116.466715201172207, 54.205915987048847, 0.0 ], [ -116.466381671987705, 54.206081896719837, 0.0 ], [ -116.466016228262106, 54.206231515213823, 0.0 ], [ -116.465052459171105, 54.206579226094263, 0.0 ], [ -116.464841433808701, 54.206640736523539, 0.0 ], [ -116.464480478923605, 54.206797904843512, 0.0 ], [ -116.463941189933607, 54.206973928663913, 0.0 ], [ -116.463020522866799, 54.207391515727878, 0.0 ], [ -116.462434871215194, 54.207600413432672, 0.0 ], [ -116.462119183796204, 54.207805666143237, 0.0 ], [ -116.461719084399704, 54.207935207012483, 0.0 ], [ -116.461365381740194, 54.208096703761782, 0.0 ], [ -116.460784717363296, 54.208263607037892, 0.0 ], [ -116.460179776570996, 54.20848376263119, 0.0 ], [ -116.459634151233701, 54.208718665651361, 0.0 ], [ -116.459411271135806, 54.208772575041309, 0.0 ], [ -116.459012924720597, 54.208906956594568, 0.0 ], [ -116.458271008633801, 54.209198568860778, 0.0 ], [ -116.457619369514404, 54.209372459183612, 0.0 ], [ -116.456753116928098, 54.209786453566963, 0.0 ], [ -116.456354154964103, 54.209916718849797, 0.0 ], [ -116.456130053146794, 54.209972569270008, 0.0 ], [ -116.455749014479906, 54.210116703839077, 0.0 ], [ -116.455158858848307, 54.210313188464617, 0.0 ], [ -116.454569219902396, 54.210406182682959, 0.0 ], [ -116.454418252224201, 54.210429343575328, 0.0 ], [ -116.453768142693804, 54.210593884824057, 0.0 ], [ -116.453361278780903, 54.210677143741187, 0.0 ], [ -116.453081012666701, 54.210744634530101, 0.0 ], [ -116.452344954229304, 54.210843712475537, 0.0 ], [ -116.451595476938905, 54.211028319561173, 0.0 ], [ -116.451132774513098, 54.211148745325787, 0.0 ], [ -116.450284528701502, 54.211291203524127, 0.0 ], [ -116.449558774489404, 54.211390686121042, 0.0 ], [ -116.449082388833801, 54.211472642090847, 0.0 ], [ -116.448865582002099, 54.211532738816373, 0.0 ], [ -116.448492483538502, 54.211695867393622, 0.0 ], [ -116.448264173378902, 54.211742196834997, 0.0 ], [ -116.448060463189194, 54.21180315076721, 0.0 ], [ -116.447877652950794, 54.211880363583568, 0.0 ], [ -116.447666632013707, 54.211937519211737, 0.0 ], [ -116.447177134651298, 54.212016570512837, 0.0 ], [ -116.446489354110298, 54.212160364405356, 0.0 ], [ -116.445746368787894, 54.212254086977033, 0.0 ], [ -116.444744211794102, 54.212414513319189, 0.0 ], [ -116.443129463684102, 54.212735970644061, 0.0 ], [ -116.441921239246398, 54.212934932153658, 0.0 ], [ -116.440985973328395, 54.213114165186077, 0.0 ], [ -116.439635780119602, 54.213405243083137, 0.0 ], [ -116.438939719990998, 54.213505829745863, 0.0 ], [ -116.438385244630894, 54.213571074624888, 0.0 ], [ -116.4377520882136, 54.213594411295681, 0.0 ], [ -116.437502818998894, 54.213626610842553, 0.0 ], [ -116.436578114529993, 54.213792507316107, 0.0 ], [ -116.435719070519895, 54.214033700748111, 0.0 ], [ -116.435321107328093, 54.214176217302729, 0.0 ], [ -116.4348916303626, 54.214294224049702, 0.0 ], [ -116.434439915392502, 54.214381417374192, 0.0 ], [ -116.433663180165496, 54.214489262461321, 0.0 ], [ -116.432466390228498, 54.214717250892377, 0.0 ], [ -116.431991074560699, 54.21478056643884, 0.0 ], [ -116.431167062607202, 54.21484472610409, 0.0 ], [ -116.430445385667696, 54.214986057213373, 0.0 ], [ -116.429462914466498, 54.21514089571761, 0.0 ], [ -116.429001048134097, 54.215253760617152, 0.0 ], [ -116.426732585373998, 54.215531901654877, 0.0 ], [ -116.426595653861895, 54.215557173111627, 0.0 ], [ -116.426132940024004, 54.215647625134288, 0.0 ], [ -116.425110873533498, 54.215787630776468, 0.0 ], [ -116.424472866299197, 54.215883651154947, 0.0 ], [ -116.422909763480902, 54.216239936074018, 0.0 ], [ -116.422267053423198, 54.216425896601883, 0.0 ], [ -116.421988255319604, 54.216522560917589, 0.0 ], [ -116.4216637204553, 54.216630225619241, 0.0 ], [ -116.421191378234695, 54.216722697324798, 0.0 ], [ -116.420795679824096, 54.216851580454247, 0.0 ], [ -116.419751642365796, 54.217146993384432, 0.0 ], [ -116.4193653970963, 54.217285522148508, 0.0 ], [ -116.419007860998704, 54.217443645143227, 0.0 ], [ -116.4182345300256, 54.217719793771977, 0.0 ], [ -116.418022478531199, 54.21777205882757, 0.0 ], [ -116.417936104602902, 54.217807935736701, 0.0 ], [ -116.417133589054998, 54.218171419690186, 0.0 ], [ -116.416135788654302, 54.218505194452831, 0.0 ], [ -116.415675678730295, 54.21860196779609, 0.0 ], [ -116.415046918735499, 54.21878138783859, 0.0 ], [ -116.413941503723706, 54.218969632556338, 0.0 ], [ -116.413395551578901, 54.219073730352491, 0.0 ], [ -116.412887910569097, 54.219141923468733, 0.0 ], [ -116.412428820470495, 54.219246161837091, 0.0 ], [ -116.412195317011594, 54.219282781750309, 0.0 ], [ -116.410942299643594, 54.219443781448028, 0.0 ], [ -116.410145860892698, 54.219509613784709, 0.0 ], [ -116.409144232887698, 54.219656059798723, 0.0 ], [ -116.408660679474394, 54.219740897915663, 0.0 ], [ -116.407595014740394, 54.219864310051747, 0.0 ], [ -116.407347401265795, 54.219905093107528, 0.0 ], [ -116.407128948669893, 54.219961615574903, 0.0 ], [ -116.406376200274593, 54.22006720689167, 0.0 ], [ -116.405417947811998, 54.220226679066727, 0.0 ], [ -116.403940586827801, 54.220422504439782, 0.0 ], [ -116.403627716459098, 54.220444525625211, 0.0 ], [ -116.403151438599494, 54.220514731014759, 0.0 ], [ -116.402451386877203, 54.220657555766692, 0.0 ], [ -116.401762883506706, 54.220761750774088, 0.0 ], [ -116.401595614437298, 54.22076740310829, 0.0 ], [ -116.401132818216198, 54.220804281035861, 0.0 ], [ -116.400357690103107, 54.220874132065227, 0.0 ], [ -116.399291361884494, 54.22093633142908, 0.0 ], [ -116.398712058091604, 54.220949099242937, 0.0 ], [ -116.398124484699196, 54.220943834991687, 0.0 ], [ -116.396898135808499, 54.220972229006932, 0.0 ], [ -116.3957447608053, 54.220884977546213, 0.0 ], [ -116.393399616630802, 54.220865293003669, 0.0 ], [ -116.3925582227711, 54.220820313468543, 0.0 ], [ -116.391704004129096, 54.220709675279423, 0.0 ], [ -116.390710745331603, 54.220530829060181, 0.0 ], [ -116.388938337716795, 54.220123107084071, 0.0 ], [ -116.388639718532204, 54.220050113192343, 0.0 ], [ -116.388007867640994, 54.219859269594849, 0.0 ], [ -116.387420292981204, 54.219659675306247, 0.0 ], [ -116.386851085594699, 54.219445275425663, 0.0 ], [ -116.386407784739006, 54.219325062425398, 0.0 ], [ -116.386189001529402, 54.219239442553373, 0.0 ], [ -116.386028197624896, 54.21917650133102, 0.0 ], [ -116.385857351373602, 54.219081159369402, 0.0 ], [ -116.385446377438996, 54.21894174086006, 0.0 ], [ -116.385204905193604, 54.218873410980713, 0.0 ], [ -116.383153666221503, 54.218393223739227, 0.0 ], [ -116.382153478448402, 54.218190668716822, 0.0 ], [ -116.381093383033004, 54.218041765877118, 0.0 ], [ -116.379845884456202, 54.217988921585551, 0.0 ], [ -116.379550928490005, 54.217993514769447, 0.0 ], [ -116.378999600710202, 54.21803535337456, 0.0 ], [ -116.378719425681993, 54.218006173111661, 0.0 ], [ -116.377986239094795, 54.217833475775393, 0.0 ], [ -116.377787774301396, 54.217798817880848, 0.0 ], [ -116.37760172182, 54.217722147357833, 0.0 ], [ -116.377182701908396, 54.217415999180609, 0.0 ], [ -116.376589766224996, 54.217088986194959, 0.0 ], [ -116.376127019583805, 54.216857509041382, 0.0 ], [ -116.375826805656303, 54.216704909059672, 0.0 ], [ -116.375456754677998, 54.216546721272827, 0.0 ], [ -116.375135424506396, 54.216451282748082, 0.0 ], [ -116.374808088198606, 54.21639604413307, 0.0 ], [ -116.374531495289006, 54.216380096318801, 0.0 ], [ -116.373188888827499, 54.21637161881295, 0.0 ], [ -116.372571379137696, 54.216384238068002, 0.0 ], [ -116.372016223965204, 54.21643032183794, 0.0 ], [ -116.371279520766507, 54.216516747442533, 0.0 ], [ -116.370776707146106, 54.216607838103982, 0.0 ], [ -116.369907681852595, 54.21679440646713, 0.0 ], [ -116.369641295286101, 54.2168670770291, 0.0 ], [ -116.369244287954004, 54.217006703102399, 0.0 ], [ -116.3682236255856, 54.21754276764635, 0.0 ], [ -116.367804359523703, 54.217837354359567, 0.0 ], [ -116.367330242103293, 54.218158586669588, 0.0 ], [ -116.366914443031405, 54.218480380186627, 0.0 ], [ -116.366650179793098, 54.218703361590379, 0.0 ], [ -116.366295945570798, 54.219067380564091, 0.0 ], [ -116.366040404514294, 54.21929301321719, 0.0 ], [ -116.365581610527798, 54.21977596818946, 0.0 ], [ -116.365223101249796, 54.220316478528943, 0.0 ], [ -116.364456243751405, 54.22118490411286, 0.0 ], [ -116.364260610778203, 54.221437975034689, 0.0 ], [ -116.363936329261193, 54.221749316876149, 0.0 ], [ -116.363544688175494, 54.222162730974333, 0.0 ], [ -116.362422819872506, 54.223199749004927, 0.0 ], [ -116.362285649902901, 54.223303315697599, 0.0 ], [ -116.361788185426803, 54.223570033519508, 0.0 ], [ -116.361368050265497, 54.223892490926531, 0.0 ], [ -116.361068333782399, 54.224087503872759, 0.0 ], [ -116.360814496177895, 54.224314742238597, 0.0 ], [ -116.360656695536704, 54.224413040504523, 0.0 ], [ -116.360446450357003, 54.224491285086849, 0.0 ], [ -116.360280380038901, 54.224584594846263, 0.0 ], [ -116.359832690467002, 54.224902137033368, 0.0 ], [ -116.359562623455304, 54.225067497685231, 0.0 ], [ -116.359196901291497, 54.225306911085369, 0.0 ], [ -116.358689159043394, 54.225577840149583, 0.0 ], [ -116.358160007000095, 54.225826478944008, 0.0 ], [ -116.3579659333693, 54.225896608623799, 0.0 ], [ -116.357563508905002, 54.226023350188328, 0.0 ], [ -116.357350032605694, 54.226073698403127, 0.0 ], [ -116.357116784758603, 54.226108131914728, 0.0 ], [ -116.356852494736302, 54.226102117932463, 0.0 ], [ -116.356361734721801, 54.226031116707617, 0.0 ], [ -116.356075045018002, 54.226065763969103, 0.0 ], [ -116.354867211932103, 54.226563343973638, 0.0 ], [ -116.354766623406107, 54.226604783193338, 0.0 ], [ -116.354409487657904, 54.226779118273662, 0.0 ], [ -116.353467907134402, 54.227149479688357, 0.0 ], [ -116.353098778709906, 54.227328653704902, 0.0 ], [ -116.352848229294594, 54.227415324952979, 0.0 ], [ -116.351591474365705, 54.227859234329259, 0.0 ], [ -116.351128591411296, 54.228000434906463, 0.0 ], [ -116.350662991301505, 54.228115950724863, 0.0 ], [ -116.350238572055602, 54.228252040904863, 0.0 ], [ -116.349777190421307, 54.228368408792598, 0.0 ], [ -116.349306583787893, 54.228469099997959, 0.0 ], [ -116.348799056919503, 54.228545170781217, 0.0 ], [ -116.348107952883794, 54.228707086607429, 0.0 ], [ -116.347401030792994, 54.228846235019837, 0.0 ], [ -116.346660428896001, 54.228973745076232, 0.0 ], [ -116.346182371613807, 54.22907753214556, 0.0 ], [ -116.345659637496297, 54.229139441615487, 0.0 ], [ -116.344948125724002, 54.229276867967521, 0.0 ], [ -116.344203254651106, 54.229394087714482, 0.0 ], [ -116.342918405043903, 54.229567067659843, 0.0 ], [ -116.341959609457305, 54.229752810097509, 0.0 ], [ -116.3409295318896, 54.229931403555483, 0.0 ], [ -116.340477022517106, 54.230029331925188, 0.0 ], [ -116.339985899172305, 54.230107321194552, 0.0 ], [ -116.339257944824695, 54.230255152777133, 0.0 ], [ -116.338938389827007, 54.230323436704523, 0.0 ], [ -116.337756357369798, 54.230512184890507, 0.0 ], [ -116.337220099053397, 54.230563171884263, 0.0 ], [ -116.336229427881705, 54.230704146428749, 0.0 ], [ -116.3359592926586, 54.230756262611358, 0.0 ], [ -116.335405435109706, 54.230812939667949, 0.0 ], [ -116.333732956583304, 54.231116397882502, 0.0 ], [ -116.332341911148703, 54.231429817448387, 0.0 ], [ -116.3308253430924, 54.231671321000938, 0.0 ], [ -116.330005993884797, 54.231754856520169, 0.0 ], [ -116.329237349551903, 54.231865850541567, 0.0 ], [ -116.3277936200531, 54.231938535860323, 0.0 ], [ -116.327231918733105, 54.231980612860823, 0.0 ], [ -116.326593937788203, 54.231989638167363, 0.0 ], [ -116.326131018872601, 54.231983257603673, 0.0 ], [ -116.324891412706506, 54.231918039178339, 0.0 ], [ -116.3231536387555, 54.231798515645472, 0.0 ], [ -116.322859509626497, 54.23180620646896, 0.0 ], [ -116.322335167568298, 54.231893058322747, 0.0 ], [ -116.321674914865596, 54.232068270385852, 0.0 ], [ -116.321181709038697, 54.232296961375319, 0.0 ], [ -116.320590367144206, 54.23255020633983, 0.0 ], [ -116.320254220479498, 54.232670484045052, 0.0 ], [ -116.319817406266594, 54.232575781186952, 0.0 ], [ -116.319332702033194, 54.232492735743307, 0.0 ], [ -116.318906637290894, 54.232389219430701, 0.0 ], [ -116.318643727750498, 54.232356587380629, 0.0 ], [ -116.318382058877404, 54.232296606651808, 0.0 ], [ -116.317294187492806, 54.232058884521727, 0.0 ], [ -116.317090714714197, 54.231992780689367, 0.0 ], [ -116.316435671248399, 54.231854155614023, 0.0 ], [ -116.316211797575903, 54.231792805985393, 0.0 ], [ -116.314993009799906, 54.231410883282663, 0.0 ], [ -116.314282203158797, 54.231096297869883, 0.0 ], [ -116.313941113400006, 54.231029613291071, 0.0 ], [ -116.312967831361206, 54.2307857886492, 0.0 ], [ -116.312734610561805, 54.230749039210039, 0.0 ], [ -116.312529371753897, 54.230658329805998, 0.0 ], [ -116.312289183125898, 54.230466788554843, 0.0 ], [ -116.312096139175495, 54.230205524563878, 0.0 ], [ -116.312017590584603, 54.230146780458448, 0.0 ], [ -116.311957266931898, 54.230101658466012, 0.0 ], [ -116.311760460796094, 54.230002149092677, 0.0 ], [ -116.311343957748207, 54.229937685315157, 0.0 ], [ -116.310779557635001, 54.229885317043212, 0.0 ], [ -116.309814365162694, 54.229735130613527, 0.0 ], [ -116.309274049193306, 54.229694026564978, 0.0 ], [ -116.308249304854698, 54.22956787248836, 0.0 ], [ -116.307440460118997, 54.229501337096373, 0.0 ], [ -116.306456241365296, 54.229356835135029, 0.0 ], [ -116.3057186344071, 54.229272453746489, 0.0 ], [ -116.305456015054403, 54.229262633861737, 0.0 ], [ -116.305161414023004, 54.229275504678078, 0.0 ], [ -116.305002304350495, 54.229353356894848, 0.0 ], [ -116.304957492615003, 54.229375293254307, 0.0 ], [ -116.305006473107795, 54.229506028515253, 0.0 ], [ -116.305152016265893, 54.229633356712213, 0.0 ], [ -116.305219646176198, 54.229764272960473, 0.0 ], [ -116.305099356535294, 54.229891447161108, 0.0 ], [ -116.304896369387507, 54.229954395537973, 0.0 ], [ -116.304419988894395, 54.230018930983178, 0.0 ], [ -116.304082388815999, 54.230038673084593, 0.0 ], [ -116.302620135940302, 54.230064725132173, 0.0 ], [ -116.301596587889193, 54.230037569901789, 0.0 ], [ -116.301133684803204, 54.230019215855137, 0.0 ], [ -116.300267968824997, 54.229953686057932, 0.0 ], [ -116.299137826915995, 54.229942621660413, 0.0 ], [ -116.297905026516602, 54.229949455518231, 0.0 ], [ -116.297313980808397, 54.229932178216707, 0.0 ], [ -116.297054619971306, 54.229870493613227, 0.0 ], [ -116.296905167797703, 54.229775925645058, 0.0 ], [ -116.296841399549507, 54.229645790564348, 0.0 ], [ -116.296722760589205, 54.22957443516362, 0.0 ], [ -116.296444702564301, 54.229530693260671, 0.0 ], [ -116.296162672239703, 54.229533305314163, 0.0 ], [ -116.2957926530446, 54.229589422292051, 0.0 ], [ -116.294468993998194, 54.229869945553503, 0.0 ], [ -116.293980605039806, 54.229946809301573, 0.0 ], [ -116.293510095140704, 54.230044164106467, 0.0 ], [ -116.293083766064598, 54.2301760799172, 0.0 ], [ -116.292712340715894, 54.230327480562863, 0.0 ], [ -116.292309020247004, 54.230635706178937, 0.0 ], [ -116.292201231437801, 54.230752577769877, 0.0 ], [ -116.292127386733199, 54.230888300085347, 0.0 ], [ -116.292118489070404, 54.231058532857318, 0.0 ], [ -116.292071031171602, 54.231208932015143, 0.0 ], [ -116.291868928685403, 54.231455932587608, 0.0 ], [ -116.291627122090603, 54.231678203535587, 0.0 ], [ -116.291439006060799, 54.231929816442147, 0.0 ], [ -116.291105671363596, 54.232289765380692, 0.0 ], [ -116.290868483442694, 54.232676687852909, 0.0 ], [ -116.290751095833599, 54.232797997663553, 0.0 ], [ -116.290470309164405, 54.233169366294462, 0.0 ], [ -116.290136619005807, 54.233521849331403, 0.0 ], [ -116.289748437799801, 54.234017301055147, 0.0 ], [ -116.289427038069405, 54.234379016427177, 0.0 ], [ -116.289240973676499, 54.234626746193847, 0.0 ], [ -116.2891131031773, 54.23490387528885, 0.0 ], [ -116.288943728632006, 54.235148791408527, 0.0 ], [ -116.288625231662607, 54.235537959831532, 0.0 ], [ -116.288396285851206, 54.235939288301537, 0.0 ], [ -116.288287878853197, 54.236069133560648, 0.0 ], [ -116.288072233910796, 54.236486429918187, 0.0 ], [ -116.287898612986893, 54.236739320662821, 0.0 ], [ -116.287592930158795, 54.237111824837868, 0.0 ], [ -116.287470183228393, 54.237223024991117, 0.0 ], [ -116.287222247504403, 54.23761766250329, 0.0 ], [ -116.286817356106894, 54.23803268298537, 0.0 ], [ -116.286640298017403, 54.23831039188579, 0.0 ], [ -116.286274955350507, 54.238673752528868, 0.0 ], [ -116.285815161539503, 54.239133857079523, 0.0 ], [ -116.285667743648204, 54.239335107746378, 0.0 ], [ -116.285482064582894, 54.239515275738952, 0.0 ], [ -116.285272396560202, 54.239696004977652, 0.0 ], [ -116.285186884219797, 54.239770256353609, 0.0 ], [ -116.2849856457822, 54.239854495140349, 0.0 ], [ -116.284359485095194, 54.240057695728737, 0.0 ], [ -116.283817852321903, 54.240345133976952, 0.0 ], [ -116.282987826292896, 54.240965224319261, 0.0 ], [ -116.282273154995096, 54.241678631020719, 0.0 ], [ -116.281988548674093, 54.241889217794551, 0.0 ], [ -116.281481426778797, 54.242157663215593, 0.0 ], [ -116.281274414334803, 54.242239244220372, 0.0 ], [ -116.280934329756207, 54.242408799355658, 0.0 ], [ -116.280153562646504, 54.242707277245337, 0.0 ], [ -116.279536342281901, 54.242901726993459, 0.0 ], [ -116.279005161712405, 54.243149005795779, 0.0 ], [ -116.278839632271996, 54.243240393065811, 0.0 ], [ -116.278720548574498, 54.243361024334533, 0.0 ], [ -116.278571766208998, 54.243461457399839, 0.0 ], [ -116.277749775443596, 54.243928684327287, 0.0 ], [ -116.277075659471507, 54.24428355465696, 0.0 ], [ -116.276599497623195, 54.244499838216363, 0.0 ], [ -116.276136400909806, 54.244725670256202, 0.0 ], [ -116.275196097619997, 54.245068806246842, 0.0 ], [ -116.2745454282922, 54.245256167458948, 0.0 ], [ -116.273947780379302, 54.245470922193071, 0.0 ], [ -116.273738465198406, 54.245527012602082, 0.0 ], [ -116.273274325044596, 54.245632948077251, 0.0 ], [ -116.272816447185903, 54.245705135753433, 0.0 ], [ -116.272290241208097, 54.245742090835421, 0.0 ], [ -116.271926013135598, 54.245747730587063, 0.0 ], [ -116.271432664246007, 54.245730329254883, 0.0 ], [ -116.271057000308303, 54.24574079334257, 0.0 ], [ -116.270586993367999, 54.245809801317151, 0.0 ], [ -116.270129863626593, 54.245922742588611, 0.0 ], [ -116.2695130915438, 54.246111607507537, 0.0 ], [ -116.2689379930912, 54.246343091556263, 0.0 ], [ -116.268033947599207, 54.246753052846003, 0.0 ], [ -116.267630910563895, 54.24691555486713, 0.0 ], [ -116.267293244641394, 54.247053265602332, 0.0 ], [ -116.267128864202107, 54.247147665479368, 0.0 ], [ -116.266385387512202, 54.247636548710368, 0.0 ], [ -116.266033928857397, 54.247809026531137, 0.0 ], [ -116.264478059445196, 54.248801123616147, 0.0 ], [ -116.263946529549798, 54.24905430471842, 0.0 ], [ -116.262963250983105, 54.24941878247769, 0.0 ], [ -116.262426304423599, 54.249669775450513, 0.0 ], [ -116.262097418292498, 54.2498584593083, 0.0 ], [ -116.261811831870901, 54.249998898311937, 0.0 ], [ -116.261795528331106, 54.250006911651923, 0.0 ], [ -116.261687993337503, 54.250059821223587, 0.0 ], [ -116.261564257253397, 54.250111182819637, 0.0 ], [ -116.261189703255198, 54.250266640723353, 0.0 ], [ -116.261021626235703, 54.250354691960638, 0.0 ], [ -116.260725697192498, 54.250545324623808, 0.0 ], [ -116.259710419246602, 54.250857203101418, 0.0 ], [ -116.259313999901593, 54.251012982500299, 0.0 ], [ -116.259149411820999, 54.251044157298892, 0.0 ], [ -116.258819675981997, 54.251079582443801, 0.0 ], [ -116.258601831470699, 54.251134460297543, 0.0 ], [ -116.258468038460904, 54.251244131357687, 0.0 ], [ -116.258372250995805, 54.25138077663081, 0.0 ], [ -116.258234825096295, 54.251488937852628, 0.0 ], [ -116.257341070881395, 54.252097182078622, 0.0 ], [ -116.256833807957307, 54.252377105739967, 0.0 ], [ -116.256393909299703, 54.252687171556211, 0.0 ], [ -116.256070250641898, 54.252873603616017, 0.0 ], [ -116.255710153648494, 54.253043261577467, 0.0 ], [ -116.255385624501997, 54.253234189542603, 0.0 ], [ -116.254678767112495, 54.253579996449957, 0.0 ], [ -116.2544898390491, 54.253657048018269, 0.0 ], [ -116.253859491407496, 54.253849673964133, 0.0 ], [ -116.253415534041594, 54.253944667754133, 0.0 ], [ -116.2531621932267, 54.253980228830628, 0.0 ], [ -116.252855559653398, 54.254008680444372, 0.0 ], [ -116.252308542775197, 54.253996210013852, 0.0 ], [ -116.251968643258493, 54.253919423072738, 0.0 ], [ -116.251753335066795, 54.253882383706483, 0.0 ], [ -116.251602353345106, 54.253830312557447, 0.0 ], [ -116.2516023599768, 54.254132706281723, 0.0 ], [ -116.251602487501899, 54.261360519143913, 0.0 ], [ -116.251602597378593, 54.268588300504277, 0.0 ], [ -116.251602597715802, 54.268859350893777, 0.0 ], [ -116.251602728611502, 54.275996797371079, 0.0 ], [ -116.251602804000896, 54.28322457755727, 0.0 ], [ -116.251602883678203, 54.290452341302078, 0.0 ], [ -116.251602977271901, 54.297680101993983, 0.0 ], [ -116.251602976083205, 54.297951153843407, 0.0 ], [ -116.251603030490003, 54.305088554621612, 0.0 ], [ -116.251603058420002, 54.31231630277906, 0.0 ], [ -116.251603112464096, 54.319544045061647, 0.0 ], [ -116.251603115110896, 54.326771761593278, 0.0 ], [ -116.251139380324702, 54.326772026137412, 0.0 ], [ -116.238948383045496, 54.326778311093079, 0.0 ], [ -116.226602857968501, 54.326783357979302, 0.0 ], [ -116.226139128905601, 54.326783519162561, 0.0 ], [ -116.213948159395599, 54.326787243989862, 0.0 ], [ -116.201602646084098, 54.326789734877771, 0.0 ], [ -116.201138910990096, 54.326789806309087, 0.0 ], [ -116.188947993483794, 54.326790982521231, 0.0 ], [ -116.176602498970894, 54.32679091919902, 0.0 ], [ -116.176138768570596, 54.326790894479167, 0.0 ], [ -116.163947877644802, 54.326789573649272, 0.0 ], [ -116.151602468285901, 54.326787044559467, 0.0 ], [ -116.1511387319091, 54.326786921996067, 0.0 ], [ -116.138947890697906, 54.326783136341753, 0.0 ], [ -116.126602523060001, 54.326778047570848, 0.0 ], [ -116.126138792013293, 54.326777841444439, 0.0 ], [ -116.113947996233705, 54.32677186262395, 0.0 ], [ -116.101602623412603, 54.326764561743857, 0.0 ], [ -116.101602632295297, 54.327035605795828, 0.0 ], [ -116.101602899149398, 54.334173380547362, 0.0 ], [ -116.101603392034605, 54.341401083770791, 0.0 ], [ -116.1016038528861, 54.348628761811817, 0.0 ], [ -116.101604313859596, 54.355856466528422, 0.0 ], [ -116.101604334514406, 54.356127504710628, 0.0 ], [ -116.1016047799408, 54.363264813786373, 0.0 ], [ -116.101605228165894, 54.370492472858487, 0.0 ], [ -116.101605643753302, 54.377720143621673, 0.0 ], [ -116.101606047089106, 54.384947782731388, 0.0 ], [ -116.101606059846006, 54.385218827811897, 0.0 ], [ -116.101606435296404, 54.392356105986082, 0.0 ], [ -116.101606812805798, 54.399583731945803, 0.0 ], [ -116.101607195683499, 54.406811352168802, 0.0 ], [ -116.101607527405804, 54.414034443583297, 0.0 ], [ -116.101142830873002, 54.414034719482288, 0.0 ], [ -116.0932703451018, 54.414039121442507, 0.0 ], [ -116.088951982556793, 54.414041315934718, 0.0 ], [ -116.080512134732203, 54.414045336357731, 0.0 ], [ -116.076606148394902, 54.414047000563208, 0.0 ], [ -116.0761414567923, 54.414047193699943, 0.0 ], [ -116.068063610417695, 54.414050285852433, 0.0 ], [ -116.063950480541706, 54.414051647773498, 0.0 ], [ -116.055305299276597, 54.414054061651584, 0.0 ], [ -116.051604614624594, 54.414054900838252, 0.0 ], [ -116.051139924649704, 54.414054997757361, 0.0 ], [ -116.042856812352596, 54.414056443960767, 0.0 ], [ -116.038948934130005, 54.41405692091675, 0.0 ], [ -116.030104686833198, 54.414057560683077, 0.0 ], [ -116.026603131478794, 54.414057632838038, 0.0 ], [ -116.026138434188098, 54.41405763991191, 0.0 ], [ -116.017662380940806, 54.414057357110899, 0.0 ], [ -116.013947199300603, 54.414057046715627, 0.0 ], [ -116.0049102556261, 54.41405581530195, 0.0 ], [ -116.001601087134105, 54.414055196355463, 0.0 ], [ -116.001136390219997, 54.41405510722268, 0.0 ], [ -116.000015652465805, 54.414054841883832, 0.0 ], [ -115.992467892319198, 54.414053068677767, 0.0 ], [ -115.9889450380021, 54.414052055855393, 0.0 ], [ -115.979715712937093, 54.414048942541683, 0.0 ], [ -115.976598847317206, 54.414047728428969, 0.0 ], [ -115.976134158475304, 54.414047276885277, 0.0 ], [ -115.9672733564352, 54.414038291737633, 0.0 ], [ -115.967273394219305, 54.414287949444891, 0.0 ], [ -115.967274591996102, 54.421495730006008, 0.0 ], [ -115.967275574491296, 54.428723943770862, 0.0 ], [ -115.967276532958394, 54.435952164557129, 0.0 ], [ -115.967277477522202, 54.443180364411432, 0.0 ], [ -115.967277516932995, 54.443451402153563, 0.0 ], [ -115.967278428103597, 54.450589254784248, 0.0 ], [ -115.967279335099505, 54.457817441415727, 0.0 ], [ -115.967280245366695, 54.465045616870398, 0.0 ], [ -115.967281137380397, 54.472273784917753, 0.0 ], [ -115.967281171508404, 54.472544824123702, 0.0 ], [ -115.967281999771103, 54.479682637526423, 0.0 ], [ -115.967282840377194, 54.486910798761294, 0.0 ], [ -115.967283675991595, 54.494138927309507, 0.0 ], [ -115.967284459682702, 54.501367064007653, 0.0 ], [ -115.967284485363507, 54.501638102005799, 0.0 ], [ -115.967285133370396, 54.508776735627208, 0.0 ], [ -115.967285780065694, 54.516005696985019, 0.0 ], [ -115.967286383373505, 54.523234639450877, 0.0 ], [ -115.9672869801731, 54.530463554638537, 0.0 ], [ -115.967287000394506, 54.530734587808752, 0.0 ], [ -115.967287589780597, 54.537873187416821, 0.0 ], [ -115.967288147315003, 54.545102099298497, 0.0 ], [ -115.967288711557302, 54.552331020662123, 0.0 ], [ -115.967289242583803, 54.559559898780051, 0.0 ], [ -115.9672892605345, 54.559830931592877, 0.0 ], [ -115.967289774472505, 54.566969512618492, 0.0 ], [ -115.967290286313997, 54.574198389973027, 0.0 ], [ -115.967290760805597, 54.58142724749402, 0.0 ], [ -115.967291078886603, 54.588656680442263, 0.0 ], [ -115.9672910856426, 54.588837365480252, 0.0 ], [ -115.967291347044906, 54.596065100809788, 0.0 ], [ -115.967291587432896, 54.603292791903947, 0.0 ], [ -115.967291789230998, 54.610520482060913, 0.0 ], [ -115.967291998480604, 54.61774815383059, 0.0 ], [ -115.967292005496802, 54.618019178788259, 0.0 ], [ -115.967292175327003, 54.625156534720929, 0.0 ], [ -115.967292346480306, 54.632384205894738, 0.0 ], [ -115.967292510779899, 54.639611844412201, 0.0 ], [ -115.967292641278505, 54.646839490948729, 0.0 ], [ -115.967292649115095, 54.647110516424888, 0.0 ], [ -115.967292768467999, 54.654247832940243, 0.0 ], [ -115.967292867882307, 54.661475451857797, 0.0 ], [ -115.967292979986397, 54.668703013690617, 0.0 ], [ -115.967293233396305, 54.675930446384491, 0.0 ], [ -115.967293240351793, 54.676201466099549, 0.0 ], [ -115.967293423237294, 54.683339105532603, 0.0 ], [ -115.967293626242494, 54.690567067305437, 0.0 ], [ -115.9672938102579, 54.697795009111587, 0.0 ], [ -115.967293986329096, 54.705022938955373, 0.0 ], [ -115.967293984747101, 54.705293957466289, 0.0 ], [ -115.967294124962095, 54.712431564633278, 0.0 ], [ -115.967294248619993, 54.719659486819019, 0.0 ], [ -115.967294350021604, 54.72688738457164, 0.0 ], [ -115.967294462480695, 54.734115287295943, 0.0 ], [ -115.967294466390499, 54.734386307188437, 0.0 ], [ -115.967294534113606, 54.74152387604542, 0.0 ], [ -115.967294589284094, 54.748751766660916, 0.0 ], [ -115.967294695346794, 54.755979638556518, 0.0 ], [ -115.967294789504606, 54.763121928593172, 0.0 ], [ -115.971597924019406, 54.763125670140802, 0.0 ], [ -115.979735919048096, 54.763132326415153, 0.0 ], [ -115.984465694496606, 54.763135945367452, 0.0 ], [ -115.984465728905107, 54.76338898437438, 0.0 ], [ -115.984466602271993, 54.770531269013759, 0.0 ], [ -115.984467442738804, 54.777759101200402, 0.0 ], [ -115.984468297473597, 54.784986920364787, 0.0 ], [ -115.984469136793194, 54.792214721354078, 0.0 ], [ -115.984469170041606, 54.792485740730527, 0.0 ], [ -115.984469972185906, 54.799623219294418, 0.0 ], [ -115.984470764291601, 54.806850999142739, 0.0 ], [ -115.984471560254605, 54.814078786735067, 0.0 ], [ -115.984472298836096, 54.821306560991047, 0.0 ], [ -115.984472329862797, 54.821577580914678, 0.0 ], [ -115.984473081454595, 54.828715019277993, 0.0 ], [ -115.984473794744801, 54.835942782110877, 0.0 ], [ -115.984474499307595, 54.843170549196451, 0.0 ], [ -115.984475166490995, 54.850332900021918, 0.0 ], [ -115.832362259497799, 54.850336360054449, 0.0 ], [ -115.679843906003597, 54.850337549118692, 0.0 ], [ -115.527317271590704, 54.850349358294586, 0.0 ], [ -115.374783795329506, 54.850363057148797, 0.0 ], [ -115.222264363269204, 54.850373785829177, 0.0 ], [ -115.069730889794201, 54.850390910256223, 0.0 ], [ -115.069730891254594, 54.850642915788498, 0.0 ], [ -115.069730612217796, 54.850642837733602, 0.0 ], [ -115.069732708006299, 55.112306928055411, 0.0 ], [ -115.078952709810295, 55.11231492705123, 0.0 ], [ -115.078986777142603, 55.286939936373777, 0.0 ], [ -115.232825811267205, 55.286950916919913, 0.0 ], [ -115.232813878255399, 55.461202925310438, 0.0 ], [ -115.243640880431897, 55.461199923874339, 0.0 ], [ -115.235714364166, 55.641450958888463, 0.0 ], [ -115.243659075903807, 55.736020940607787, 0.0 ], [ -115.243665017339197, 55.810498940101333, 0.0 ], [ -115.249943942885196, 55.810503493910112, 0.0 ], [ -115.253512019792197, 55.81050593922118, 0.0 ], [ -115.253698944952006, 55.854866116542837, 0.0 ], [ -115.257354812858296, 55.897958502246617, 0.0 ], [ -115.7234431606078, 55.897949884227792, 0.0 ], [ -115.7234435230082, 55.901974144404129, 0.0 ], [ -115.7234488176653, 55.956733762022907, 0.0 ], [ -115.716413763888596, 56.075201228633397, 0.0 ], [ -115.868883074997697, 56.072476130284286, 0.0 ], [ -115.882578021178304, 56.072222124963538, 0.0 ], [ -115.8826945613378, 56.072222242739528, 0.0 ], [ -115.893457270103596, 56.072232654889277, 0.0 ], [ -116.029714092788595, 56.072283148526758, 0.0 ], [ -116.036704332267604, 56.07228167405524, 0.0 ], [ -116.036719267109902, 55.985206848198558, 0.0 ], [ -116.039259688752395, 55.985210145467953, 0.0 ], [ -116.166968483858099, 55.98530843267136, 0.0 ], [ -116.195740403157799, 55.985312316952012, 0.0 ], [ -116.346194846210096, 55.98522327128164, 0.0 ], [ -116.349640166209795, 55.985221298905053, 0.0 ], [ -116.349801291475202, 55.985221206918929, 0.0 ], [ -116.350123556263796, 55.98522101766391, 0.0 ], [ -116.354295671526998, 55.985223701543973, 0.0 ], [ -116.465009279484704, 55.985247198978669, 0.0 ], [ -116.504252925122998, 55.98523166000097, 0.0 ], [ -116.506270551016598, 55.985230626460456, 0.0 ], [ -116.506431648071597, 55.985230536826073, 0.0 ], [ -116.506668370642601, 55.985230405512738, 0.0 ], [ -116.506685318039501, 55.898034157446133, 0.0 ], [ -116.506685333854307, 55.897949783968627, 0.0 ], [ -116.663195107785299, 55.897937104561457, 0.0 ], [ -116.663195050063806, 55.897909544402722, 0.0 ], [ -116.663199580119397, 55.894300512312981, 0.0 ], [ -116.663204116147099, 55.89069148357904, 0.0 ], [ -116.663208642158807, 55.887082458416813, 0.0 ], [ -116.663213183196802, 55.883473423901762, 0.0 ], [ -116.6632177108322, 55.879864388508892, 0.0 ], [ -116.663222260307904, 55.876255353560033, 0.0 ], [ -116.663226770429404, 55.872646309093803, 0.0 ], [ -116.663231292919093, 55.869037267896402, 0.0 ], [ -116.663231527705705, 55.868856603455903, 0.0 ], [ -116.663233845371806, 55.86524808805509, 0.0 ], [ -116.663236164050403, 55.861639562594817, 0.0 ], [ -116.663236274178601, 55.858031575672882, 0.0 ], [ -116.663236399796901, 55.854423571307017, 0.0 ], [ -116.663236725684996, 55.850815647689011, 0.0 ], [ -116.663237048509004, 55.847207722160803, 0.0 ], [ -116.663236959516794, 55.84359965191058, 0.0 ], [ -116.663236874080098, 55.839991583256911, 0.0 ], [ -116.663236874996699, 55.839810921190363, 0.0 ], [ -116.663241931749397, 55.836202569690933, 0.0 ], [ -116.663247003494405, 55.83259421063557, 0.0 ], [ -116.663254039904004, 55.828985831145118, 0.0 ], [ -116.663261100361495, 55.825377440377082, 0.0 ], [ -116.663270330788706, 55.82176670961708, 0.0 ], [ -116.663279565404906, 55.818155960649911, 0.0 ], [ -116.663284645948394, 55.81443982333527, 0.0 ], [ -116.663289733945106, 55.810723680245431, 0.0 ], [ -116.663289968358399, 55.810538890414612, 0.0 ], [ -116.665540687753193, 55.810537373711917, 0.0 ], [ -116.6658615054195, 55.81053714908856, 0.0 ], [ -116.669759333667201, 55.810539021661313, 0.0 ], [ -116.672242932812793, 55.810540145252368, 0.0 ], [ -116.676228630099402, 55.810541861094947, 0.0 ], [ -116.678624346940595, 55.810542818445121, 0.0 ], [ -116.682679311774294, 55.810547832433578, 0.0 ], [ -116.685015204513505, 55.810550656190891, 0.0 ], [ -116.689129934189296, 55.810555525787322, 0.0 ], [ -116.689450763361094, 55.810555902028547, 0.0 ], [ -116.691406050264305, 55.810558168178417, 0.0 ], [ -116.691726879282797, 55.810558536683928, 0.0 ], [ -116.695917260732301, 55.810558668959857, 0.0 ], [ -116.698112228007702, 55.810558683263849, 0.0 ], [ -116.702383751618996, 55.810558597442487, 0.0 ], [ -116.704497562351705, 55.810558504673438, 0.0 ], [ -116.708845849155495, 55.810557474565847, 0.0 ], [ -116.710879966819704, 55.810556941964208, 0.0 ], [ -116.715307968568595, 55.810555659274939, 0.0 ], [ -116.715628796275993, 55.810555560857892, 0.0 ], [ -116.717262373104504, 55.810555037077151, 0.0 ], [ -116.717583194751199, 55.810554943533447, 0.0 ], [ -116.722089181176798, 55.81055474566314, 0.0 ], [ -116.723964184056896, 55.810554616436491, 0.0 ], [ -116.728549554359304, 55.810554174593797, 0.0 ], [ -116.730345168192301, 55.810553961791392, 0.0 ], [ -116.735009949503194, 55.810553273592923, 0.0 ], [ -116.736726144949898, 55.810552968839517, 0.0 ], [ -116.741470353982095, 55.810552013165378, 0.0 ], [ -116.741791170307593, 55.810551947321812, 0.0 ], [ -116.743107138205701, 55.810551639039353, 0.0 ], [ -116.743427960859407, 55.810551569733477, 0.0 ], [ -116.748251182824504, 55.810550345078099, 0.0 ], [ -116.749808955118795, 55.810549908224147, 0.0 ], [ -116.754711189764194, 55.81054841332309, 0.0 ], [ -116.756189933613697, 55.810547908521073, 0.0 ], [ -116.761171158637396, 55.810546142631281, 0.0 ], [ -116.762570875819904, 55.810545614072311, 0.0 ], [ -116.7676311012886, 55.810543550816718, 0.0 ], [ -116.767951930417397, 55.81054341651474, 0.0 ], [ -116.768951823069401, 55.810542988325267, 0.0 ], [ -116.769272647126499, 55.810542846154057, 0.0 ], [ -116.7744120740592, 55.810540474450043, 0.0 ], [ -116.775653592300699, 55.810539868059429, 0.0 ], [ -116.780872210678396, 55.810537183093913, 0.0 ], [ -116.782034538846801, 55.810536554218849, 0.0 ], [ -116.787332319843699, 55.810533552631419, 0.0 ], [ -116.788415482419794, 55.810532917279573, 0.0 ], [ -116.793792439377, 55.810529575320388, 0.0 ], [ -116.794113265241705, 55.810529372785503, 0.0 ], [ -116.794796413754796, 55.810528932201677, 0.0 ], [ -116.795117232964699, 55.810528722648357, 0.0 ], [ -116.800575010225899, 55.810527935402497, 0.0 ], [ -116.8015097972158, 55.810527774073527, 0.0 ], [ -116.807036720611094, 55.810526682098711, 0.0 ], [ -116.807902344351604, 55.810526491513208, 0.0 ], [ -116.813496683506898, 55.810527811140183, 0.0 ], [ -116.814285567190296, 55.810527978253781, 0.0 ], [ -116.819956642763501, 55.810529014314618, 0.0 ], [ -116.820277485166798, 55.810529064207337, 0.0 ], [ -116.820668796143494, 55.810529134338033, 0.0 ], [ -116.820989617642098, 55.8105291799844, 0.0 ], [ -116.826706600386501, 55.81053148498075, 0.0 ], [ -116.827377458828593, 55.810531739074548, 0.0 ], [ -116.833135703120206, 55.81053374860295, 0.0 ], [ -116.833765301210903, 55.810533958110511, 0.0 ], [ -116.839568235765597, 55.810536775449457, 0.0 ], [ -116.840156940839705, 55.810537047045372, 0.0 ], [ -116.846000783971107, 55.810539592221403, 0.0 ], [ -116.846321614337896, 55.81053971996414, 0.0 ], [ -116.846548566418605, 55.810539808345169, 0.0 ], [ -116.846869392056604, 55.81053993652737, 0.0 ], [ -116.852754026136793, 55.810539792106781, 0.0 ], [ -116.853260128033995, 55.810539763042918, 0.0 ], [ -116.859186436233003, 55.810539312794823, 0.0 ], [ -116.8596508457819, 55.81053926476757, 0.0 ], [ -116.865614944671293, 55.810538529100903, 0.0 ], [ -116.866037484659401, 55.810538464667047, 0.0 ], [ -116.872043428981598, 55.810537400580849, 0.0 ], [ -116.872364253451593, 55.810537334572572, 0.0 ], [ -116.872424139342598, 55.810537322598293, 0.0 ], [ -116.872744958916698, 55.810537253872781, 0.0 ], [ -116.878792808818801, 55.810535842994398, 0.0 ], [ -116.879131671989796, 55.810535753409653, 0.0 ], [ -116.885221356200702, 55.810534016224729, 0.0 ], [ -116.885518372388503, 55.810533922189272, 0.0 ], [ -116.891649909732493, 55.810531852246697, 0.0 ], [ -116.8919050357879, 55.810531755191043, 0.0 ], [ -116.898078457389005, 55.810529369223779, 0.0 ], [ -116.898291704843501, 55.81052927873165, 0.0 ], [ -116.898399279814896, 55.810529227201251, 0.0 ], [ -116.898612524283394, 55.81052914069393, 0.0 ], [ -116.904828008020999, 55.810526379391483, 0.0 ], [ -116.904999202900299, 55.81052629848076, 0.0 ], [ -116.911256712892595, 55.81052318761153, 0.0 ], [ -116.911385896666403, 55.810523117881473, 0.0 ], [ -116.917685361671403, 55.810519670354743, 0.0 ], [ -116.917772549117203, 55.810519622248577, 0.0 ], [ -116.924159215387405, 55.810515799035343, 0.0 ], [ -116.924434807057395, 55.810515622568261, 0.0 ], [ -116.924480050799801, 55.81051559682588, 0.0 ], [ -116.930866742982204, 55.810511427368269, 0.0 ], [ -116.937253422429293, 55.810506915453693, 0.0 ], [ -116.937292856216203, 55.810506886627607, 0.0 ], [ -116.943646626570498, 55.81050208540789, 0.0 ], [ -116.943728223805707, 55.810502016451998, 0.0 ], [ -116.950039834181197, 55.810496922756087, 0.0 ], [ -116.9501636112754, 55.810496820697168, 0.0 ], [ -116.950360664585702, 55.810496653967469, 0.0 ], [ -116.950484427493393, 55.810496810743743, 0.0 ], [ -116.956756063298599, 55.810504681437557, 0.0 ], [ -116.956914518635102, 55.810504874811208, 0.0 ], [ -116.960601414196304, 55.810509351088747, 0.0 ], [ -117.012697872141999, 55.810527060134447, 0.0 ], [ -117.037782554607702, 55.810527690510852, 0.0 ], [ -117.131228664046404, 55.810508931750419, 0.0 ], [ -117.133187989173706, 55.810509696134432, 0.0 ], [ -117.260592418966695, 55.810492196956098, 0.0 ], [ -117.289936217679397, 55.810504283945477, 0.0 ], [ -117.289936288579796, 55.810676770378713, 0.0 ], [ -117.289936382215203, 55.810918307230168, 0.0 ], [ -117.289937705428599, 55.814339180395187, 0.0 ], [ -117.289939121776698, 55.818001579585207, 0.0 ], [ -117.289939530544601, 55.821616280765532, 0.0 ], [ -117.289939924545706, 55.825230980422617, 0.0 ], [ -117.289938993637307, 55.828844397396843, 0.0 ], [ -117.289938068343304, 55.83245781066892, 0.0 ], [ -117.289938082841999, 55.836070994243038, 0.0 ], [ -117.289938099724907, 55.839684170580767, 0.0 ], [ -117.289938105574095, 55.839864837034867, 0.0 ], [ -117.289938151441007, 55.843477961493242, 0.0 ], [ -117.289938234395706, 55.847091070876267, 0.0 ], [ -117.289938270778805, 55.850704182926222, 0.0 ], [ -117.289938336903504, 55.854317290827559, 0.0 ], [ -117.2899383913105, 55.857930396251326, 0.0 ], [ -117.289938448527906, 55.861543501624631, 0.0 ], [ -117.289938501955206, 55.865156603473828, 0.0 ], [ -117.289938572409, 55.868769702310708, 0.0 ], [ -117.289938580324304, 55.868950368003247, 0.0 ], [ -117.289938638100594, 55.872563521835872, 0.0 ], [ -117.289938695278806, 55.876176672085187, 0.0 ], [ -117.289938748292201, 55.879789812523761, 0.0 ], [ -117.289938839320001, 55.883402953156398, 0.0 ], [ -117.289938910417305, 55.887016087868403, 0.0 ], [ -117.289938991785604, 55.890629213400473, 0.0 ], [ -117.289939047703101, 55.894241859270082, 0.0 ], [ -117.289939104718599, 55.897854503324162, 0.0 ], [ -117.289939129140606, 55.898035168885912, 0.0 ], [ -117.289939510064698, 55.901648202447262, 0.0 ], [ -117.289939908083198, 55.905261232996772, 0.0 ], [ -117.2899402839667, 55.908874273852177, 0.0 ], [ -117.289940700508694, 55.912487304064612, 0.0 ], [ -117.289940982952899, 55.916100373639587, 0.0 ], [ -117.289941293354502, 55.919713434606081, 0.0 ], [ -117.289941470672005, 55.923326552898587, 0.0 ], [ -117.289941626392405, 55.926939664403299, 0.0 ], [ -117.289941625706106, 55.927120329709687, 0.0 ], [ -117.289941797074704, 55.93073343364432, 0.0 ], [ -117.289941970670796, 55.934346554624867, 0.0 ], [ -117.289942152745894, 55.93795966286384, 0.0 ], [ -117.289942332470304, 55.941572764856637, 0.0 ], [ -117.289942511814004, 55.945185866860619, 0.0 ], [ -117.289942693765198, 55.948798965223823, 0.0 ], [ -117.289942859326601, 55.952412063896013, 0.0 ], [ -117.289943027332598, 55.95602515623321, 0.0 ], [ -117.289943041356807, 55.956205817846516, 0.0 ], [ -117.289943224160794, 55.959818915218221, 0.0 ], [ -117.289943412560703, 55.963432005297449, 0.0 ], [ -117.289943598063402, 55.967045107123873, 0.0 ], [ -117.289943783401895, 55.97065818558081, 0.0 ], [ -117.289943941655807, 55.974271273537241, 0.0 ], [ -117.2899441265359, 55.977884357407227, 0.0 ], [ -117.289944325392298, 55.981497440123483, 0.0 ], [ -117.289944521356901, 55.985110507613477, 0.0 ], [ -117.289944512690099, 55.985117115442947, 0.0 ], [ -117.289944450454698, 55.985168551934798, 0.0 ], [ -117.291076101974298, 55.985168421160438, 0.0 ], [ -117.291075946820001, 55.985347616078471, 0.0 ], [ -117.291075931566795, 55.985354217738347, 0.0 ], [ -117.291075820407102, 55.985405723487297, 0.0 ], [ -117.374572502181906, 55.985392434066632, 0.0 ], [ -117.447559153564598, 55.985334326567717, 0.0 ], [ -117.531277850877203, 55.985214267939817, 0.0 ], [ -117.521018593589403, 55.993896657035862, 0.0 ], [ -117.524188594943496, 55.997563656552742, 0.0 ], [ -117.518860596010995, 56.003851658193682, 0.0 ], [ -117.513735270030097, 56.009855304361018, 0.0 ], [ -117.510872598979503, 56.013207659397267, 0.0 ], [ -117.510891601596498, 56.016195659476509, 0.0 ], [ -117.507395602292704, 56.019690659775883, 0.0 ], [ -117.5035816028184, 56.023774660439862, 0.0 ], [ -117.496479601839297, 56.028819662125692, 0.0 ], [ -117.491708602794901, 56.03153466222652, 0.0 ], [ -117.490386604894098, 56.037774663376481, 0.0 ], [ -117.4886426076568, 56.042659663050507, 0.0 ], [ -117.483429607515802, 56.046982664414948, 0.0 ], [ -117.476456607020907, 56.050387665025447, 0.0 ], [ -117.467283606651804, 56.054481666599578, 0.0 ], [ -117.461759608026796, 56.059716667676682, 0.0 ], [ -117.461954608651396, 56.063755667290131, 0.0 ], [ -117.461044612033007, 56.068213668122738, 0.0 ], [ -117.460847613203796, 56.073736668636073, 0.0 ], [ -117.459628614063703, 56.07549766846936, 0.0 ], [ -117.459622616695896, 56.081921668351612, 0.0 ], [ -117.455999617650903, 56.083619668988518, 0.0 ], [ -117.449269616043097, 56.084040669966178, 0.0 ], [ -117.444284615730396, 56.086000671416613, 0.0 ], [ -117.440712616337294, 56.090238671864491, 0.0 ], [ -117.438603619265606, 56.096159672618903, 0.0 ], [ -117.4335536175345, 56.098864673155312, 0.0 ], [ -117.424179618278899, 56.100913673711297, 0.0 ], [ -117.419668616707, 56.103451675298913, 0.0 ], [ -117.414980618687295, 56.110098676071637, 0.0 ], [ -117.404158616729703, 56.111304676702233, 0.0 ], [ -117.396850616358606, 56.112155677554242, 0.0 ], [ -117.390713615793402, 56.111841679340948, 0.0 ], [ -117.387975613312705, 56.112515679375498, 0.0 ], [ -117.389768616877603, 56.11659867945901, 0.0 ], [ -117.384751618105398, 56.124802680335122, 0.0 ], [ -117.378817620290604, 56.131695681241013, 0.0 ], [ -117.378086621737296, 56.137054681979812, 0.0 ], [ -117.380350624551397, 56.141896681479672, 0.0 ], [ -117.377365626330104, 56.145402681463061, 0.0 ], [ -117.370748626356601, 56.147465682667232, 0.0 ], [ -117.366743626082894, 56.150346683965793, 0.0 ], [ -117.364735626469596, 56.154924683913322, 0.0 ], [ -117.360486628258101, 56.157499684696013, 0.0 ], [ -117.350829627667906, 56.160855686081327, 0.0 ], [ -117.345018627952797, 56.165599686897018, 0.0 ], [ -117.339759626013503, 56.167399687515349, 0.0 ], [ -117.336590627429104, 56.169854687816603, 0.0 ], [ -117.335283628095098, 56.172509688881348, 0.0 ], [ -117.342188631138598, 56.17643268766605, 0.0 ], [ -117.342876548053795, 56.176368740265467, 0.0 ], [ -117.348415633406901, 56.175853687764409, 0.0 ], [ -117.354543633697205, 56.173328686109699, 0.0 ], [ -117.359377632529103, 56.173308686026367, 0.0 ], [ -117.373452634963499, 56.169540683303389, 0.0 ], [ -117.395756635525302, 56.162329680207272, 0.0 ], [ -117.411196639144407, 56.157692678374801, 0.0 ], [ -117.431927639668899, 56.153095675214857, 0.0 ], [ -117.440782640788697, 56.149872673678217, 0.0 ], [ -117.454966641559196, 56.144649672263448, 0.0 ], [ -117.466247642756102, 56.138072670565627, 0.0 ], [ -117.474635637257705, 56.12439766882985, 0.0 ], [ -117.483178636485206, 56.114993666753307, 0.0 ], [ -117.495096635405005, 56.107083665307371, 0.0 ], [ -117.505362635524904, 56.102866664260162, 0.0 ], [ -117.516923635738294, 56.099129662683723, 0.0 ], [ -117.531796639420406, 56.097420660384152, 0.0 ], [ -117.537846641188807, 56.098770659633843, 0.0 ], [ -117.549801641091307, 56.096684657382973, 0.0 ], [ -117.565570643897402, 56.093799655947024, 0.0 ], [ -117.576355645315601, 56.087103653689553, 0.0 ], [ -117.586007643538494, 56.082320652170488, 0.0 ], [ -117.595992643992005, 56.078387651635282, 0.0 ], [ -117.605049644611896, 56.07407664935338, 0.0 ], [ -117.616461644390995, 56.069161647385272, 0.0 ], [ -117.631309644740099, 56.060385645285614, 0.0 ], [ -117.639885644599502, 56.056862645070801, 0.0 ], [ -117.643990642993202, 56.052333643355581, 0.0 ], [ -117.645217641651001, 56.046985643107227, 0.0 ], [ -117.644190638937602, 56.043076643622889, 0.0 ], [ -117.647029638102296, 56.037619642497091, 0.0 ], [ -117.654817638364904, 56.031896641717353, 0.0 ], [ -117.664247638311906, 56.028982639828811, 0.0 ], [ -117.673819640846105, 56.028091639349363, 0.0 ], [ -117.692974641759093, 56.02431263639339, 0.0 ], [ -117.713971647245899, 56.025478633543727, 0.0 ], [ -117.722911649393396, 56.024261631796477, 0.0 ], [ -117.729668651465602, 56.023406631569067, 0.0 ], [ -117.737311650943099, 56.021348630294199, 0.0 ], [ -117.747769651043896, 56.017416629215973, 0.0 ], [ -117.758447650281198, 56.008273626666373, 0.0 ], [ -117.771869650059898, 55.999169625142521, 0.0 ], [ -117.784221648572895, 55.991247622694772, 0.0 ], [ -117.8003346501594, 55.985243621326177, 0.0 ], [ -117.812493650346795, 55.979848619078403, 0.0 ], [ -117.832898651016393, 55.971208615891364, 0.0 ], [ -117.839892649905707, 55.966889614796152, 0.0 ], [ -117.844631648143903, 55.960575614381369, 0.0 ], [ -117.849935647718098, 55.957411612931352, 0.0 ], [ -117.857080649322, 55.954589611475761, 0.0 ], [ -117.862889648189096, 55.948150611205143, 0.0 ], [ -117.868685645977493, 55.941861609602583, 0.0 ], [ -117.878640646023399, 55.937012608299057, 0.0 ], [ -117.898067648729395, 55.933871605841112, 0.0 ], [ -117.916144651953303, 55.932398603455063, 0.0 ], [ -117.926745653683398, 55.931831602166604, 0.0 ], [ -117.938417656498302, 55.92895759991562, 0.0 ], [ -117.953294655229698, 55.922269598861057, 0.0 ], [ -117.967635655521093, 55.91556659580101, 0.0 ], [ -117.978846655635905, 55.911631593977567, 0.0 ], [ -117.991824659468094, 55.910302592677994, 0.0 ], [ -117.998928658206296, 55.909113592166932, 0.0 ], [ -118.000852972350799, 55.909002012551603, 0.0 ], [ -118.009080661295698, 55.908524590311828, 0.0 ], [ -118.010026587556993, 55.908650764760488, 0.0 ], [ -118.0119443316879, 55.908906541308383, 0.0 ], [ -118.017916400388003, 55.909702844124602, 0.0 ], [ -118.021815665090102, 55.910222589324547, 0.0 ], [ -118.033629668521201, 55.912534586757793, 0.0 ], [ -118.041544098333603, 55.913402523151412, 0.0 ], [ -118.0467176722875, 55.913969586144432, 0.0 ], [ -118.056353128746494, 55.914249159522427, 0.0 ], [ -118.069136600321798, 55.914758221998007, 0.0 ], [ -118.070302649644702, 55.914652560229563, 0.0 ], [ -118.071377678117102, 55.914683582647051, 0.0 ], [ -118.085123680289996, 55.913993580171081, 0.0 ], [ -118.089827481570794, 55.913489211227471, 0.0 ], [ -118.093450681538599, 55.913100579488408, 0.0 ], [ -118.117402684654095, 55.912478576389141, 0.0 ], [ -118.129433688220303, 55.912834574437092, 0.0 ], [ -118.130210647563004, 55.91297212581123, 0.0 ], [ -118.137868691986696, 55.914327573716093, 0.0 ], [ -118.142706528584995, 55.913990762337171, 0.0 ], [ -118.146312691230605, 55.913739572813228, 0.0 ], [ -118.1593856474625, 55.916283677806909, 0.0 ], [ -118.161564697507302, 55.916707570145832, 0.0 ], [ -118.175003292833196, 55.918676707649077, 0.0 ], [ -118.181011701276603, 55.919556568325682, 0.0 ], [ -118.189327703652296, 55.92005456767091, 0.0 ], [ -118.197820705650997, 55.920675566490758, 0.0 ], [ -118.221737709722504, 55.91772456305916, 0.0 ], [ -118.228094312655202, 55.916360620613062, 0.0 ], [ -118.241463712528997, 55.91349056020595, 0.0 ], [ -118.241700461327397, 55.91343210761049, 0.0 ], [ -118.263347901118294, 55.911327733676032, 0.0 ], [ -118.275766590462098, 55.911770418067213, 0.0 ], [ -118.288708109435703, 55.918379359507739, 0.0 ], [ -118.302764570427499, 55.921866326107818, 0.0 ], [ -118.313614909516204, 55.920011180158042, 0.0 ], [ -118.314260605527494, 55.919704998864987, 0.0 ], [ -118.3157927308757, 55.919416551438303, 0.0 ], [ -118.323194730187197, 55.916124549753683, 0.0 ], [ -118.327879531049405, 55.912414973405411, 0.0 ], [ -118.329637729992498, 55.911022549580217, 0.0 ], [ -118.335538728209897, 55.906058547731142, 0.0 ], [ -118.337526500920902, 55.905281265497649, 0.0 ], [ -118.343181729744998, 55.903069547026057, 0.0 ], [ -118.355610113002399, 55.901894039632353, 0.0 ], [ -118.356312731907593, 55.901827544418182, 0.0 ], [ -118.362233617211899, 55.902379306779594, 0.0 ], [ -118.373587736114999, 55.903436542967519, 0.0 ], [ -118.374620986408104, 55.903485941241243, 0.0 ], [ -118.3881569684863, 55.904132265170652, 0.0 ], [ -118.391329738904403, 55.904283541050773, 0.0 ], [ -118.395162770696601, 55.903990177687113, 0.0 ], [ -118.4003242178172, 55.903594948269287, 0.0 ], [ -118.402300742869102, 55.903443539455402, 0.0 ], [ -118.4317957464323, 55.900108535071567, 0.0 ], [ -118.456041750486406, 55.897981531606398, 0.0 ], [ -118.486331639939493, 55.901948831113202, 0.0 ], [ -118.491884424402301, 55.903507982051487, 0.0 ], [ -118.500725656045205, 55.904741309358108, 0.0 ], [ -118.5014090877212, 55.904836616149588, 0.0 ], [ -118.503736778821903, 55.90610257360612, 0.0 ], [ -118.509416508511606, 55.909191058677443, 0.0 ], [ -118.519511191372104, 55.914311947519302, 0.0 ], [ -118.530792385188306, 55.918373571413689, 0.0 ], [ -118.531393107811496, 55.918535217047229, 0.0 ], [ -118.532526776146796, 55.918973523117977, 0.0 ], [ -118.538043965118703, 55.920324573021936, 0.0 ], [ -118.544272111478307, 55.921849306010273, 0.0 ], [ -118.544358778267707, 55.921870520404212, 0.0 ], [ -118.545163690415507, 55.921893163967042, 0.0 ], [ -118.558462781993001, 55.922266519326278, 0.0 ], [ -118.572204783908802, 55.919518517108457, 0.0 ], [ -118.582624288138504, 55.918457175140112, 0.0 ], [ -118.591579757547095, 55.917544211731609, 0.0 ], [ -118.593184787591596, 55.917380514060874, 0.0 ], [ -118.595922811748807, 55.917558039432564, 0.0 ], [ -118.607532275329007, 55.918310066955527, 0.0 ], [ -118.6107377906838, 55.918517512341872, 0.0 ], [ -118.6131989121792, 55.919022857006247, 0.0 ], [ -118.6181504675789, 55.919645462835142, 0.0 ], [ -118.622412721023807, 55.920914180199851, 0.0 ], [ -118.626317796884706, 55.921715510581457, 0.0 ], [ -118.634585444248202, 55.924443623706047, 0.0 ], [ -118.639674799986395, 55.926122508974842, 0.0 ], [ -118.645100323486602, 55.926995857334312, 0.0 ], [ -118.652095803331605, 55.928121507255447, 0.0 ], [ -118.656868410396399, 55.927989192699172, 0.0 ], [ -118.668910806755093, 55.92765450534003, 0.0 ], [ -118.680641808818706, 55.92754950307377, 0.0 ], [ -118.697097814942893, 55.929748501349508, 0.0 ], [ -118.717570624217899, 55.936016551021588, 0.0 ], [ -118.719831440256996, 55.937011703039971, 0.0 ], [ -118.721069466772903, 55.937087223027639, 0.0 ], [ -118.7249238229696, 55.938266498350757, 0.0 ], [ -118.731777826816497, 55.937810080271582, 0.0 ], [ -118.732146823805195, 55.937785496851873, 0.0 ], [ -118.732994924206906, 55.937934333795887, 0.0 ], [ -118.7424518283661, 55.939593495833122, 0.0 ], [ -118.759187139354594, 55.940657242842143, 0.0 ], [ -118.765477831460203, 55.941056492756559, 0.0 ], [ -118.777398835476603, 55.942738492178371, 0.0 ], [ -118.782915555338406, 55.944825267815247, 0.0 ], [ -118.785555637480599, 55.945719126702272, 0.0 ], [ -118.786117658753597, 55.946036287618313, 0.0 ], [ -118.788500839149407, 55.946937490261327, 0.0 ], [ -118.794866344521196, 55.950972344459608, 0.0 ], [ -118.798303017489303, 55.952910811032119, 0.0 ], [ -118.800617151275205, 55.956175214808127, 0.0 ], [ -118.803772848782998, 55.959728489089173, 0.0 ], [ -118.810818854447007, 55.971500488031403, 0.0 ], [ -118.812000241169599, 55.974678099848553, 0.0 ], [ -118.814344073353595, 55.980980694269718, 0.0 ], [ -118.820301735508906, 56.000883416690371, 0.0 ], [ -118.821616388198294, 56.00404018553624, 0.0 ], [ -118.825334875129002, 56.013839487236133, 0.0 ], [ -118.825893229382402, 56.014305938476546, 0.0 ], [ -118.826022877352003, 56.014617043085828, 0.0 ], [ -118.831048790221701, 56.018612250683468, 0.0 ], [ -118.834273645676006, 56.021175202329793, 0.0 ], [ -118.838522447167506, 56.023297559099653, 0.0 ], [ -118.840862883739305, 56.024466486341247, 0.0 ], [ -118.842588314980205, 56.024916941883752, 0.0 ], [ -118.849228079444799, 56.026650049132563, 0.0 ], [ -118.856196888325798, 56.028468484259719, 0.0 ], [ -118.866321890883498, 56.029067482816536, 0.0 ], [ -118.872065367914004, 56.028861855768113, 0.0 ], [ -118.874419892190204, 56.028777482110563, 0.0 ], [ -118.878991004571105, 56.029050386018632, 0.0 ], [ -118.8868718946906, 56.029520480176693, 0.0 ], [ -118.889572880925201, 56.030234281418849, 0.0 ], [ -118.895844897809496, 56.031891479081921, 0.0 ], [ -118.8974628717597, 56.032995432861988, 0.0 ], [ -118.900598634850496, 56.034709208535297, 0.0 ], [ -118.905172857614502, 56.038108256303332, 0.0 ], [ -118.9120073649609, 56.04254169174628, 0.0 ], [ -118.913474906803003, 56.043493477309369, 0.0 ], [ -118.914399243824505, 56.04358677685326, 0.0 ], [ -118.916932906428698, 56.043842476972763, 0.0 ], [ -118.923622910276805, 56.048567476223283, 0.0 ], [ -118.927561505528502, 56.05180618019611, 0.0 ], [ -118.930950680477096, 56.054592546384903, 0.0 ], [ -118.931328914577506, 56.054903475474873, 0.0 ], [ -118.932052311996799, 56.061850813709903, 0.0 ], [ -118.932476806682203, 56.064646824075623, 0.0 ], [ -118.931557265621905, 56.066438341978809, 0.0 ], [ -118.9289409216275, 56.072383476044728, 0.0 ], [ -118.928345788518897, 56.07269387832487, 0.0 ], [ -118.911945921254201, 56.081244478758968, 0.0 ], [ -118.898628923016503, 56.088342481020362, 0.0 ], [ -118.892466921947005, 56.092927482297767, 0.0 ], [ -118.891276825898103, 56.094474706903952, 0.0 ], [ -118.887678924331595, 56.099151482676241, 0.0 ], [ -118.885963925610199, 56.105952484097912, 0.0 ], [ -118.887137058005493, 56.111735687324114, 0.0 ], [ -118.887186927642404, 56.11198148373412, 0.0 ], [ -118.887198255677305, 56.111996789131062, 0.0 ], [ -118.892015692291295, 56.118504425480772, 0.0 ], [ -118.893756148046705, 56.120412152568647, 0.0 ], [ -118.898371188073398, 56.124520320923089, 0.0 ], [ -118.9001039375012, 56.126062482518471, 0.0 ], [ -118.903602960410794, 56.127958122906328, 0.0 ], [ -118.910668644738905, 56.131785157111153, 0.0 ], [ -118.923317946907105, 56.13648547905337, 0.0 ], [ -118.934896950609101, 56.141132478823003, 0.0 ], [ -118.940611954027204, 56.145096478107938, 0.0 ], [ -118.944274956178205, 56.150253476678877, 0.0 ], [ -118.945828960035399, 56.153572476559667, 0.0 ], [ -118.946043961891107, 56.161150477273473, 0.0 ], [ -118.948852967535998, 56.171018476621093, 0.0 ], [ -118.954615972298598, 56.179934477435282, 0.0 ], [ -118.963640979054503, 56.191110476148857, 0.0 ], [ -118.968028982721506, 56.198387475852883, 0.0 ], [ -118.970468986188394, 56.204381475595987, 0.0 ], [ -118.973434990217797, 56.215415476091707, 0.0 ], [ -118.972719992415605, 56.22016147558962, 0.0 ], [ -118.968630994237301, 56.22738147695069, 0.0 ], [ -118.962230997166202, 56.235692477967689, 0.0 ], [ -118.960235999376096, 56.239805478540433, 0.0 ], [ -118.959657001624507, 56.245900477936829, 0.0 ], [ -118.957731002168799, 56.250685479495672, 0.0 ], [ -118.9598100061948, 56.259053479559817, 0.0 ], [ -118.964525008585497, 56.263620478044807, 0.0 ], [ -118.968997011965996, 56.265834477344377, 0.0 ], [ -118.975152013425799, 56.267664477519517, 0.0 ], [ -118.979767013987498, 56.266683476853594, 0.0 ], [ -118.987336014796597, 56.265743475304163, 0.0 ], [ -118.990749017283093, 56.267581475944489, 0.0 ], [ -119.001095019704493, 56.270709474082523, 0.0 ], [ -119.015374022617095, 56.270008471857857, 0.0 ], [ -119.029770024977395, 56.266620470253528, 0.0 ], [ -119.0375670266355, 56.266575468725939, 0.0 ], [ -119.050577029609798, 56.270332467826137, 0.0 ], [ -119.058106031271606, 56.270282466833613, 0.0 ], [ -119.080283038002804, 56.275287463634207, 0.0 ], [ -119.098421045439494, 56.283350461512043, 0.0 ], [ -119.116610051702494, 56.286206459056118, 0.0 ] ] ] ] } }
]
}
