{
"type": "FeatureCollection",
"name": "Name_Wood Buffalo Environmental Association",
"crs": { "type": "name", "properties": { "name": "urn:ogc:def:crs:OGC:1.3:CRS84" } },
"xy_coordinate_resolution": 1e-15,
"features": [
{ "type": "Feature", "properties": { "Name": "Wood Buffalo Environmental Association", "description": "<html xmlns:fo=\"http://www.w3.org/1999/XSL/Format\" xmlns:msxsl=\"urn:schemas-microsoft-com:xslt\">\n\n<head>\n\n<META http-equiv=\"Content-Type\" content=\"text/html\">\n\n<meta http-equiv=\"content-type\" content=\"text/html; charset=UTF-8\">\n\n</head>\n\n<body style=\"margin:0px 0px 0px 0px;overflow:auto;background:#FFFFFF;\">\n\n<table style=\"font-family:Arial,Verdana,Times;font-size:12px;text-align:left;width:100%;border-collapse:collapse;padding:3px 3px 3px 3px\">\n\n<tr style=\"text-align:center;font-weight:bold;background:#9CBCE2\">\n\n<td>Wood Buffalo Environmental Association</td>\n\n</tr>\n\n<tr>\n\n<td>\n\n<table style=\"font-family:Arial,Verdana,Times;font-size:12px;text-align:left;width:100%;border-spacing:0px; padding:3px 3px 3px 3px\">\n\n<tr>\n\n<td>FID</td>\n\n<td>9</td>\n\n</tr>\n\n<tr bgcolor=\"#D4E4F3\">\n\n<td>Name</td>\n\n<td>Wood Buffalo Environmental Association</td>\n\n</tr>\n\n<tr>\n\n<td>Abrreviati</td>\n\n<td>WBEA</td>\n\n</tr>\n\n<tr bgcolor=\"#D4E4F3\">\n\n<td>YrCreated</td>\n\n<td>1997</td>\n\n</tr>\n\n<tr>\n\n<td>Shape_Leng</td>\n\n<td>2039570.34855</td>\n\n</tr>\n\n<tr bgcolor=\"#D4E4F3\">\n\n<td>Shape_Le_1</td>\n\n<td>2039138.33717</td>\n\n</tr>\n\n</table>\n\n</td>\n\n</tr>\n\n</table>\n\n</body><script type=\"text/javascript\">\n\n\t\t\t\tfunction changeImage(attElement, nameElement) {\n\n\t\t\t\tdocument.getElementById('imageAttachment').src = attElement;\n\n\t\t\t\tdocument.getElementById('imageName').innerHTML = nameElement;}\n\n\t\t\t</script></html>\n\n", "timestamp": null, "begin": null, "end": null, "altitudeMode": "clampToGround", "tessellate": -1, "extrude": 0, "visibility": -1, "drawOrder": null, "icon": null }, "geometry": { "type": "MultiPolygon", "coordinates": [ [ [ [ -112.370323365656006, 60.000035012168333, 0.0 ], [ -112.372201959387596, 59.998613380937442, 0.0 ], [ -112.372330629173007, 59.998580374909388, 0.0 ], [ -112.373811389920206, 59.998255689728957, 0.0 ], [ -112.374619023054294, 59.998122470070072, 0.0 ], [ -112.374985009952297, 59.998062103843793, 0.0 ], [ -112.376357586778894, 59.997946902837377, 0.0 ], [ -112.376995941192405, 59.997981147903268, 0.0 ], [ -112.377947514059997, 59.998085748240413, 0.0 ], [ -112.379315548562502, 59.998386391313403, 0.0 ], [ -112.379907322345005, 59.998478373504533, 0.0 ], [ -112.380774567691205, 59.998518386174503, 0.0 ], [ -112.381455432624094, 59.998396746908291, 0.0 ], [ -112.382226054130797, 59.998077842375423, 0.0 ], [ -112.382552143718996, 59.997673610268819, 0.0 ], [ -112.382441231811896, 59.997363932449538, 0.0 ], [ -112.382052115143594, 59.996844482331568, 0.0 ], [ -112.381943960646595, 59.996013301979751, 0.0 ], [ -112.381948172412805, 59.995722861963188, 0.0 ], [ -112.382347338847396, 59.995113365359387, 0.0 ], [ -112.383048454713006, 59.994500700954291, 0.0 ], [ -112.3836766430978, 59.994097390504812, 0.0 ], [ -112.384225080196501, 59.993739906045803, 0.0 ], [ -112.384616041936297, 59.993450971176877, 0.0 ], [ -112.385027667686799, 59.992989544937899, 0.0 ], [ -112.3854711063601, 59.992077009487701, 0.0 ], [ -112.385665691070898, 59.991275016476173, 0.0 ], [ -112.385926188480497, 59.990231079952693, 0.0 ], [ -112.385969948589903, 59.989993718331398, 0.0 ], [ -112.3861947424584, 59.988774384165687, 0.0 ], [ -112.386224172521807, 59.988266170380768, 0.0 ], [ -112.386074689635095, 59.987721737892862, 0.0 ], [ -112.385600010110196, 59.986672815452742, 0.0 ], [ -112.384391986225793, 59.985053840470279, 0.0 ], [ -112.383715823788705, 59.984032421855893, 0.0 ], [ -112.383734724969202, 59.983444546410283, 0.0 ], [ -112.384569907809393, 59.982506858170858, 0.0 ], [ -112.385007772918399, 59.982203113261143, 0.0 ], [ -112.385906843118704, 59.981888937606783, 0.0 ], [ -112.387352469279307, 59.981315053443041, 0.0 ], [ -112.388096069820406, 59.9809199628288, 0.0 ], [ -112.389197488571497, 59.979994142813069, 0.0 ], [ -112.389890971008896, 59.979009123425257, 0.0 ], [ -112.391601151940904, 59.977499136242649, 0.0 ], [ -112.392326769789506, 59.976678832422508, 0.0 ], [ -112.3931563058552, 59.975920915143959, 0.0 ], [ -112.393511615180699, 59.975333076847981, 0.0 ], [ -112.3935710463372, 59.974938819178668, 0.0 ], [ -112.393383129953307, 59.974686850377857, 0.0 ], [ -112.3930354715921, 59.974561799811617, 0.0 ], [ -112.392765806816797, 59.974464806396483, 0.0 ], [ -112.390953818108599, 59.974055948893962, 0.0 ], [ -112.390010978256797, 59.973735607608774, 0.0 ], [ -112.388211996466197, 59.97301056274727, 0.0 ], [ -112.387003163513597, 59.972630426319327, 0.0 ], [ -112.386299491479306, 59.972554382767193, 0.0 ], [ -112.385685763002002, 59.972639047558197, 0.0 ], [ -112.385193439494401, 59.972807608725716, 0.0 ], [ -112.384883136849993, 59.973182852979797, 0.0 ], [ -112.384315325311704, 59.973703337380897, 0.0 ], [ -112.383859583407101, 59.974250447552919, 0.0 ], [ -112.383492769368502, 59.974601943873218, 0.0 ], [ -112.383029156868602, 59.974848821914847, 0.0 ], [ -112.383025730842107, 59.974850017612312, 0.0 ], [ -112.382552902836693, 59.974690467545663, 0.0 ], [ -112.380123316951099, 59.975087702374658, 0.0 ], [ -112.380023369030596, 59.975074796866458, 0.0 ], [ -112.378634852579196, 59.97458140360942, 0.0 ], [ -112.377779715017297, 59.974120520636433, 0.0 ], [ -112.376956797813506, 59.973214875002043, 0.0 ], [ -112.376392828625697, 59.972173713809163, 0.0 ], [ -112.376213267428, 59.971789713939557, 0.0 ], [ -112.376130724860104, 59.971592977573422, 0.0 ], [ -112.376026054228802, 59.971221242036741, 0.0 ], [ -112.375333645106096, 59.970114526371297, 0.0 ], [ -112.374397004694998, 59.968905307846171, 0.0 ], [ -112.373556881977606, 59.968190289016917, 0.0 ], [ -112.3725210793895, 59.967642371654897, 0.0 ], [ -112.371340768758003, 59.967273708420301, 0.0 ], [ -112.370122427251403, 59.967210179843953, 0.0 ], [ -112.369136135961995, 59.967245806238608, 0.0 ], [ -112.368283749125993, 59.967457812409513, 0.0 ], [ -112.367836942389204, 59.967678302797623, 0.0 ], [ -112.367460650075003, 59.968380567384521, 0.0 ], [ -112.367167621083496, 59.96925974182156, 0.0 ], [ -112.366813473877698, 59.969885592637802, 0.0 ], [ -112.366774647999094, 59.96993077684084, 0.0 ], [ -112.363116129816206, 59.969917501900603, 0.0 ], [ -112.361155989243599, 59.970522315602217, 0.0 ], [ -112.360135333213606, 59.970100602129513, 0.0 ], [ -112.358506462933704, 59.96929202827004, 0.0 ], [ -112.357279110277403, 59.968390428069753, 0.0 ], [ -112.355959639577804, 59.967711976535043, 0.0 ], [ -112.354774320106301, 59.967216242421209, 0.0 ], [ -112.353655212994994, 59.967100750826518, 0.0 ], [ -112.352419351718297, 59.967227699608607, 0.0 ], [ -112.351241359305902, 59.967531811228021, 0.0 ], [ -112.350620320863001, 59.967830210750108, 0.0 ], [ -112.3506074037292, 59.968135081821274, 0.0 ], [ -112.350697313845004, 59.968476997212527, 0.0 ], [ -112.351101889367698, 59.969082339535248, 0.0 ], [ -112.351572612486393, 59.969445752900533, 0.0 ], [ -112.352298090849303, 59.969844642587702, 0.0 ], [ -112.352971389344702, 59.970205971278027, 0.0 ], [ -112.353158033847507, 59.97042668246943, 0.0 ], [ -112.351013999960202, 59.969881774553748, 0.0 ], [ -112.347865562281399, 59.969713167838187, 0.0 ], [ -112.346903196380197, 59.969226830918757, 0.0 ], [ -112.345389085337899, 59.968740721979437, 0.0 ], [ -112.344601142382004, 59.968672566898043, 0.0 ], [ -112.343741364572097, 59.968706715784393, 0.0 ], [ -112.342888259271504, 59.968905863389779, 0.0 ], [ -112.342193729893495, 59.969268458014263, 0.0 ], [ -112.341287749441307, 59.970039522229939, 0.0 ], [ -112.341117174739793, 59.970190645469593, 0.0 ], [ -112.339577156678303, 59.97051447809428, 0.0 ], [ -112.3341581794907, 59.972383451502907, 0.0 ], [ -112.333627644255401, 59.97229476298827, 0.0 ], [ -112.331810500765201, 59.971830609445718, 0.0 ], [ -112.331086248548402, 59.971456983708379, 0.0 ], [ -112.3298894614191, 59.970669107291592, 0.0 ], [ -112.327461670901002, 59.969499977489193, 0.0 ], [ -112.3255809409021, 59.968706236798411, 0.0 ], [ -112.324701875719697, 59.968257953573847, 0.0 ], [ -112.323073990294105, 59.9674433990658, 0.0 ], [ -112.319811146162095, 59.966163359676983, 0.0 ], [ -112.317405499604305, 59.965364767708017, 0.0 ], [ -112.316763332321798, 59.965179103355702, 0.0 ], [ -112.315482697171802, 59.964035925101129, 0.0 ], [ -112.307283591949798, 59.961024787000902, 0.0 ], [ -112.306123328965697, 59.959884782436887, 0.0 ], [ -112.304388373625301, 59.957274861136533, 0.0 ], [ -112.304184381183504, 59.957023447612841, 0.0 ], [ -112.303788772614098, 59.956433583998631, 0.0 ], [ -112.302717302332994, 59.95492142922523, 0.0 ], [ -112.301801253659804, 59.953810293186358, 0.0 ], [ -112.300969425709894, 59.953065880944223, 0.0 ], [ -112.299586708323503, 59.952510668103521, 0.0 ], [ -112.2966586290392, 59.951699346424043, 0.0 ], [ -112.294584209285006, 59.951299651216871, 0.0 ], [ -112.293246439730595, 59.950997720914827, 0.0 ], [ -112.292115935035994, 59.950641243904457, 0.0 ], [ -112.289825087964203, 59.949158425434753, 0.0 ], [ -112.288438306281805, 59.948489375193837, 0.0 ], [ -112.287301156777303, 59.947957890053402, 0.0 ], [ -112.286070587626199, 59.947716104885806, 0.0 ], [ -112.284707639282004, 59.947659368353222, 0.0 ], [ -112.283105275477695, 59.947727472804253, 0.0 ], [ -112.282619190115497, 59.947759872267952, 0.0 ], [ -112.281260790915795, 59.947850414983158, 0.0 ], [ -112.279275429513604, 59.947939685908537, 0.0 ], [ -112.275844574382106, 59.947640357978358, 0.0 ], [ -112.272902078394296, 59.947336229886773, 0.0 ], [ -112.270328545285906, 59.94664343035538, 0.0 ], [ -112.270399977368498, 59.94668649488338, 0.0 ], [ -112.270223706086696, 59.946616107848072, 0.0 ], [ -112.266077574830902, 59.944960283537533, 0.0 ], [ -112.260286948604204, 59.943142948146729, 0.0 ], [ -112.253012536937902, 59.940814389557488, 0.0 ], [ -112.250034578785503, 59.939862268259738, 0.0 ], [ -112.247966106315204, 59.939277016418231, 0.0 ], [ -112.246837597675594, 59.938971513799807, 0.0 ], [ -112.2443337810044, 59.938142443561553, 0.0 ], [ -112.243154213190905, 59.937746366043378, 0.0 ], [ -112.241912404205195, 59.937216733888917, 0.0 ], [ -112.240991701314499, 59.936593044368053, 0.0 ], [ -112.239090568997298, 59.935533051069953, 0.0 ], [ -112.236640909252401, 59.934094922812321, 0.0 ], [ -112.234964166004303, 59.933157315428538, 0.0 ], [ -112.232125593553704, 59.931775446246469, 0.0 ], [ -112.229263089129603, 59.930772194812477, 0.0 ], [ -112.228139442932701, 59.930327563155437, 0.0 ], [ -112.226486628963102, 59.929509389776243, 0.0 ], [ -112.225164820795996, 59.928865370139391, 0.0 ], [ -112.223537599727393, 59.927960692312077, 0.0 ], [ -112.222922244252601, 59.927574321739677, 0.0 ], [ -112.208238591216201, 59.917839038952238, 0.0 ], [ -112.204284433310306, 59.916732695861597, 0.0 ], [ -112.203776453428503, 59.916496800831332, 0.0 ], [ -112.202916168380497, 59.916188478058629, 0.0 ], [ -112.201520245615399, 59.915841917557117, 0.0 ], [ -112.201005716277194, 59.9157599111915, 0.0 ], [ -112.200752579283005, 59.915719569282452, 0.0 ], [ -112.198938747761801, 59.9156881695179, 0.0 ], [ -112.198637397614306, 59.91571113966382, 0.0 ], [ -112.179543420736593, 59.915073236249128, 0.0 ], [ -112.1790108184574, 59.914943304624167, 0.0 ], [ -112.176829082722904, 59.914488529991857, 0.0 ], [ -112.175212112890904, 59.914086181838201, 0.0 ], [ -112.173642190660502, 59.913664228219588, 0.0 ], [ -112.173043642330498, 59.913463564550973, 0.0 ], [ -112.172396225879595, 59.913229802008487, 0.0 ], [ -112.171164302308497, 59.912651518491948, 0.0 ], [ -112.170666869310594, 59.912364996169899, 0.0 ], [ -112.169771920836695, 59.911849492980323, 0.0 ], [ -112.167546040665201, 59.910671603100432, 0.0 ], [ -112.166834111580599, 59.910227597196617, 0.0 ], [ -112.165678819152106, 59.909380320546283, 0.0 ], [ -112.164868063729102, 59.90883657861572, 0.0 ], [ -112.1643992879862, 59.908524546018327, 0.0 ], [ -112.163523838004394, 59.908038855957912, 0.0 ], [ -112.163214519250303, 59.907921823850401, 0.0 ], [ -112.162898009503195, 59.907871920168311, 0.0 ], [ -112.162507061920806, 59.907875372453212, 0.0 ], [ -112.162081661444304, 59.907984507565203, 0.0 ], [ -112.160760085685595, 59.908379392212183, 0.0 ], [ -112.160165537689295, 59.908561875637169, 0.0 ], [ -112.159806027643995, 59.90864647688241, 0.0 ], [ -112.159395834781904, 59.908645295865668, 0.0 ], [ -112.158982131097801, 59.908543541284011, 0.0 ], [ -112.158181349561204, 59.908282309452943, 0.0 ], [ -112.157648065483798, 59.908033096471478, 0.0 ], [ -112.157130857651893, 59.907697515294593, 0.0 ], [ -112.1565539535234, 59.907290592590037, 0.0 ], [ -112.156215395305907, 59.90715463888273, 0.0 ], [ -112.155869967232803, 59.907095392048838, 0.0 ], [ -112.154953766986097, 59.907079470575461, 0.0 ], [ -112.1544183076184, 59.907041045456573, 0.0 ], [ -112.154090128504905, 59.90692894736295, 0.0 ], [ -112.153998824268001, 59.906771664453473, 0.0 ], [ -112.154190417065905, 59.906520877833657, 0.0 ], [ -112.154519043255902, 59.906096438596947, 0.0 ], [ -112.154603752270603, 59.90578910257652, 0.0 ], [ -112.154487064889594, 59.905450006059333, 0.0 ], [ -112.154208795919402, 59.905126691188293, 0.0 ], [ -112.153847544254504, 59.904885535410813, 0.0 ], [ -112.153179704293805, 59.904603948555007, 0.0 ], [ -112.152631265844306, 59.904465032995063, 0.0 ], [ -112.151683549128805, 59.904363136073513, 0.0 ], [ -112.150992439349594, 59.904235038350343, 0.0 ], [ -112.150199534259002, 59.903920994227853, 0.0 ], [ -112.149584972477697, 59.903523955374659, 0.0 ], [ -112.148522113743098, 59.902848181804607, 0.0 ], [ -112.148133648464096, 59.9026455751711, 0.0 ], [ -112.147806687270204, 59.902566982548628, 0.0 ], [ -112.147578538844499, 59.902588130750331, 0.0 ], [ -112.147429300431696, 59.902685240721091, 0.0 ], [ -112.147375894398294, 59.902795885327407, 0.0 ], [ -112.147390881010693, 59.902953840800301, 0.0 ], [ -112.147578803651797, 59.903148614365378, 0.0 ], [ -112.147864707850999, 59.903419183556608, 0.0 ], [ -112.147984404099503, 59.903571434044913, 0.0 ], [ -112.148018461940893, 59.903729227016427, 0.0 ], [ -112.147888288190103, 59.903826169639594, 0.0 ], [ -112.147594217310399, 59.903871846856497, 0.0 ], [ -112.146774771687305, 59.903893343701597, 0.0 ], [ -112.145985248959306, 59.903952905718732, 0.0 ], [ -112.145529912854002, 59.904023930412777, 0.0 ], [ -112.145209377683798, 59.904132105974583, 0.0 ], [ -112.144909229405599, 59.904278428655502, 0.0 ], [ -112.144742379250005, 59.904435216383582, 0.0 ], [ -112.142845531053496, 59.904126757259903, 0.0 ], [ -112.142946626150007, 59.904060725038583, 0.0 ], [ -112.143174615310997, 59.903756950829717, 0.0 ], [ -112.143194000365199, 59.903488511278383, 0.0 ], [ -112.142966968233395, 59.902987487160111, 0.0 ], [ -112.142816723551306, 59.902778003323839, 0.0 ], [ -112.142491244884596, 59.902464654906623, 0.0 ], [ -112.142061889584895, 59.902180945091203, 0.0 ], [ -112.1418016835609, 59.902101763162811, 0.0 ], [ -112.141563509852006, 59.90210861633868, 0.0 ], [ -112.141301328201095, 59.902249808731007, 0.0 ], [ -112.141152076700394, 59.902346912447882, 0.0 ], [ -112.141055417894606, 59.902587274594147, 0.0 ], [ -112.140901232792203, 59.9028185518914, 0.0 ], [ -112.140683412676395, 59.903419241841043, 0.0 ], [ -112.140604007459302, 59.903606759687413, 0.0 ], [ -112.140421072154695, 59.903732498925883, 0.0 ], [ -112.138162741273803, 59.903365256429062, 0.0 ], [ -112.136248043147006, 59.902444310428798, 0.0 ], [ -112.136870423253995, 59.902355164919008, 0.0 ], [ -112.137153494501604, 59.90226649506652, 0.0 ], [ -112.137792617650902, 59.901992712762294, 0.0 ], [ -112.138247801821706, 59.901639081501337, 0.0 ], [ -112.138478765076002, 59.901421514296374, 0.0 ], [ -112.138502938515401, 59.901291965002621, 0.0 ], [ -112.138232885473798, 59.90120327579092, 0.0 ], [ -112.137889190794098, 59.901191868695577, 0.0 ], [ -112.137369273711698, 59.901325700266078, 0.0 ], [ -112.136529628976405, 59.901591631287083, 0.0 ], [ -112.136076595816306, 59.901729669535342, 0.0 ], [ -112.135809654361907, 59.901731966901018, 0.0 ], [ -112.135482897281193, 59.901658133973847, 0.0 ], [ -112.135273814832104, 59.901556708156789, 0.0 ], [ -112.135213032334903, 59.901507005230997, 0.0 ], [ -112.134908214507902, 59.901025952974358, 0.0 ], [ -112.134706111452601, 59.900692360019939, 0.0 ], [ -112.134331657937494, 59.900058450612391, 0.0 ], [ -112.134202012652693, 59.899891895784947, 0.0 ], [ -112.133979649399393, 59.899802792407023, 0.0 ], [ -112.133491668979005, 59.899754296771128, 0.0 ], [ -112.133196800172698, 59.899775992141073, 0.0 ], [ -112.132837638543805, 59.899870095397283, 0.0 ], [ -112.132496895720394, 59.899944883101988, 0.0 ], [ -112.132124940862596, 59.899943289366917, 0.0 ], [ -112.131807411653995, 59.899859786459793, 0.0 ], [ -112.131603145755406, 59.899741780113203, 0.0 ], [ -112.131512953740497, 59.899613212555813, 0.0 ], [ -112.131536499962394, 59.899464502079368, 0.0 ], [ -112.131604944470993, 59.899233973607537, 0.0 ], [ -112.131600383608102, 59.899099875916733, 0.0 ], [ -112.131511324543496, 59.899004831691173, 0.0 ], [ -112.131212391637007, 59.898906799416032, 0.0 ], [ -112.130926699049795, 59.898870024494883, 0.0 ], [ -112.130723937160596, 59.898843921860362, 0.0 ], [ -112.130215280035202, 59.898747683349477, 0.0 ], [ -112.129541318806801, 59.898557051115652, 0.0 ], [ -112.129138673742204, 59.89849343895289, 0.0 ], [ -112.128710019934701, 59.898506689121469, 0.0 ], [ -112.128272982079494, 59.898553548677533, 0.0 ], [ -112.128118602547303, 59.89853414975336, 0.0 ], [ -112.127733583691395, 59.89834896099903, 0.0 ], [ -112.127700484681199, 59.898261438901208, 0.0 ], [ -112.127744737050094, 59.898160458677808, 0.0 ], [ -112.127911896775203, 59.897747046638138, 0.0 ], [ -112.127923330134195, 59.897521800478088, 0.0 ], [ -112.127854012557407, 59.897441542428602, 0.0 ], [ -112.1278042315829, 59.897383889761983, 0.0 ], [ -112.127561211144894, 59.897247045362413, 0.0 ], [ -112.127156639057802, 59.897125954766871, 0.0 ], [ -112.126575649874496, 59.897081651156213, 0.0 ], [ -112.126535249140701, 59.897078574747297, 0.0 ], [ -112.125964935773595, 59.897131349195149, 0.0 ], [ -112.125123358274394, 59.897339736912997, 0.0 ], [ -112.124592296940904, 59.897425710514383, 0.0 ], [ -112.123781552158405, 59.897418253031667, 0.0 ], [ -112.123187796872003, 59.897341871912381, 0.0 ], [ -112.122956268065593, 59.89726240775439, 0.0 ], [ -112.122718925612403, 59.897010537367649, 0.0 ], [ -112.122400485827896, 59.896615639243997, 0.0 ], [ -112.122216305242404, 59.896526188966483, 0.0 ], [ -112.121919997372501, 59.896504762787131, 0.0 ], [ -112.121759242933507, 59.896544453814037, 0.0 ], [ -112.121629668195396, 59.896660523848411, 0.0 ], [ -112.121491204150104, 59.896795832925072, 0.0 ], [ -112.121192788316705, 59.896994782931912, 0.0 ], [ -112.120980452931505, 59.897074234055758, 0.0 ], [ -112.120891466065103, 59.897107531554639, 0.0 ], [ -112.120425673164704, 59.897149814652707, 0.0 ], [ -112.119938555858397, 59.89712520826172, 0.0 ], [ -112.119650652163202, 59.897070169794972, 0.0 ], [ -112.119052878323799, 59.896874047533757, 0.0 ], [ -112.118696484938098, 59.896766892837817, 0.0 ], [ -112.118476601765295, 59.896749597242753, 0.0 ], [ -112.118257355898706, 59.896751453852787, 0.0 ], [ -112.117943593489898, 59.89677807396054, 0.0 ], [ -112.117860522141299, 59.896815257041261, 0.0 ], [ -112.114953525472799, 59.896381226877203, 0.0 ], [ -112.114970140947904, 59.896363803169002, 0.0 ], [ -112.115026275544906, 59.895905332786427, 0.0 ], [ -112.114970864172193, 59.895851920060593, 0.0 ], [ -112.114948481749394, 59.895717409707167, 0.0 ], [ -112.114764681379796, 59.895566300118332, 0.0 ], [ -112.114236268362603, 59.895265436634233, 0.0 ], [ -112.113894061570207, 59.8951875066101, 0.0 ], [ -112.113697505346593, 59.895189171342203, 0.0 ], [ -112.113325875958594, 59.895300075284432, 0.0 ], [ -112.113239538078304, 59.895390603550403, 0.0 ], [ -112.1132631119698, 59.895561029480596, 0.0 ], [ -112.113373628902707, 59.895658880844223, 0.0 ], [ -112.113754881452806, 59.895835262283867, 0.0 ], [ -112.114368133511604, 59.896000700719448, 0.0 ], [ -112.114477456500495, 59.896062642174883, 0.0 ], [ -112.114462288825607, 59.896143589874619, 0.0 ], [ -112.114241279049494, 59.896274884621583, 0.0 ], [ -112.112425980915006, 59.896003850605993, 0.0 ], [ -112.112104654843506, 59.895660610135771, 0.0 ], [ -112.111774317556893, 59.895402970771343, 0.0 ], [ -112.111483023423602, 59.895243784942522, 0.0 ], [ -112.111231363559497, 59.895201004630408, 0.0 ], [ -112.110837956658301, 59.895195338807198, 0.0 ], [ -112.110057736704505, 59.895381520914484, 0.0 ], [ -112.109664027668501, 59.895366876072707, 0.0 ], [ -112.109249458963603, 59.895262598152769, 0.0 ], [ -112.109013277040603, 59.89514784378521, 0.0 ], [ -112.108990619405603, 59.89500435260252, 0.0 ], [ -112.109076671867399, 59.894904843698392, 0.0 ], [ -112.109073974160907, 59.894824043600458, 0.0 ], [ -112.108852380310097, 59.894610386559037, 0.0 ], [ -112.108831221718802, 59.894511779090941, 0.0 ], [ -112.108776115470505, 59.894467340081192, 0.0 ], [ -112.108693579095203, 59.89413576642044, 0.0 ], [ -112.108564612422498, 59.894020108176598, 0.0 ], [ -112.107675042909605, 59.893605514074842, 0.0 ], [ -112.107491584971996, 59.893463372780303, 0.0 ], [ -112.107557971738103, 59.89331015333979, 0.0 ], [ -112.108243146581003, 59.892954166126273, 0.0 ], [ -112.108520347025404, 59.8926914042246, 0.0 ], [ -112.108837384025904, 59.892015217681127, 0.0 ], [ -112.108827216320904, 59.891709979408269, 0.0 ], [ -112.108425474063196, 59.891452927453493, 0.0 ], [ -112.108063660039903, 59.891321269573211, 0.0 ], [ -112.106808188854401, 59.890649320414568, 0.0 ], [ -112.106192981383302, 59.890420998536428, 0.0 ], [ -112.105114465265203, 59.890232483290973, 0.0 ], [ -112.104806276514296, 59.890100359804272, 0.0 ], [ -112.104810432327497, 59.889687237512057, 0.0 ], [ -112.104640108836406, 59.889401295913302, 0.0 ], [ -112.104215798193593, 59.889000741530182, 0.0 ], [ -112.103743559215502, 59.888771211466093, 0.0 ], [ -112.103541093714895, 59.888593302281834, 0.0 ], [ -112.103427951957798, 59.888414643841813, 0.0 ], [ -112.103337434852904, 59.888379483544817, 0.0 ], [ -112.103336241834498, 59.888343566256218, 0.0 ], [ -112.103117106509899, 59.888201722729477, 0.0 ], [ -112.102987292686294, 59.888059121173967, 0.0 ], [ -112.103010228758905, 59.887672780078269, 0.0 ], [ -112.103096272091605, 59.887573276612883, 0.0 ], [ -112.103093892396302, 59.887501457436407, 0.0 ], [ -112.103215376067595, 59.887392676067158, 0.0 ], [ -112.103248124535298, 59.887302599624533, 0.0 ], [ -112.103385983581603, 59.887148779917332, 0.0 ], [ -112.1033627636413, 59.886987327958167, 0.0 ], [ -112.103016793015598, 59.886792663734553, 0.0 ], [ -112.102420743778893, 59.886600083341037, 0.0 ], [ -112.100532269182295, 59.886229716382537, 0.0 ], [ -112.099709642755599, 59.886209645452709, 0.0 ], [ -112.099513741830506, 59.886229239695339, 0.0 ], [ -112.099423824052195, 59.886212033063238, 0.0 ], [ -112.099102579347601, 59.886223689937601, 0.0 ], [ -112.098797115043993, 59.88617235547283, 0.0 ], [ -112.098237418763006, 59.885997420305713, 0.0 ], [ -112.098093913272294, 59.885980651623527, 0.0 ], [ -112.097641996641897, 59.885822774787187, 0.0 ], [ -112.0970251653265, 59.885540541925231, 0.0 ], [ -112.096389307021397, 59.885222542697079, 0.0 ], [ -112.096224099940301, 59.885089213580237, 0.0 ], [ -112.096055945698495, 59.884866110627158, 0.0 ], [ -112.095104027889306, 59.884173562497942, 0.0 ], [ -112.094846568800506, 59.883951202202617, 0.0 ], [ -112.094654658295795, 59.88354868514525, 0.0 ], [ -112.0942653797389, 59.883120865867497, 0.0 ], [ -112.093697204826995, 59.882685549750221, 0.0 ], [ -112.092150371009794, 59.881827299099591, 0.0 ], [ -112.090871919013907, 59.881523577183103, 0.0 ], [ -112.089967983924893, 59.881198789118947, 0.0 ], [ -112.089457878923795, 59.88089767987281, 0.0 ], [ -112.089198723036603, 59.880621434409463, 0.0 ], [ -112.089214233164199, 59.88054946705622, 0.0 ], [ -112.089159479615304, 59.880513995844083, 0.0 ], [ -112.089131335398804, 59.880199924952578, 0.0 ], [ -112.089051374140396, 59.879940156620997, 0.0 ], [ -112.089018535665602, 59.879482434620662, 0.0 ], [ -112.089103727345403, 59.879356009563352, 0.0 ], [ -112.0890872815487, 59.878853253928703, 0.0 ], [ -112.088994755242894, 59.878755234077531, 0.0 ], [ -112.088861216627606, 59.878495912375463, 0.0 ], [ -112.088434894450302, 59.878023480070823, 0.0 ], [ -112.088344127140999, 59.877979331533808, 0.0 ], [ -112.088232862405903, 59.877854525358913, 0.0 ], [ -112.087667491758907, 59.877499983397527, 0.0 ], [ -112.087231544758893, 59.877279080189012, 0.0 ], [ -112.086565493205001, 59.877122925653921, 0.0 ], [ -112.085717338707198, 59.876860513498947, 0.0 ], [ -112.084788696126907, 59.876320370715057, 0.0 ], [ -112.084183290372394, 59.875831435342853, 0.0 ], [ -112.084142605993804, 59.875679106152027, 0.0 ], [ -112.083922462676398, 59.875501320601337, 0.0 ], [ -112.083616540477195, 59.875431990957708, 0.0 ], [ -112.082827863757799, 59.875348675404872, 0.0 ], [ -112.081879933609599, 59.875311558524118, 0.0 ], [ -112.081339823671001, 59.875181288216353, 0.0 ], [ -112.080914507709707, 59.875014978305749, 0.0 ], [ -112.080507578956897, 59.874855849589913, 0.0 ], [ -112.080217196460097, 59.874714545879812, 0.0 ], [ -112.079856260695294, 59.874600765275247, 0.0 ], [ -112.079316163080506, 59.874470488435769, 0.0 ], [ -112.078832265197093, 59.874420566132081, 0.0 ], [ -112.078100401527195, 59.874435540133419, 0.0 ], [ -112.077104736846394, 59.87457838562672, 0.0 ], [ -112.076252212756103, 59.874729037399149, 0.0 ], [ -112.076128657435703, 59.874774947223393, 0.0 ], [ -112.075134715571295, 59.874971644225397, 0.0 ], [ -112.074795134728603, 59.875014934791999, 0.0 ], [ -112.074156296540394, 59.875096368106341, 0.0 ], [ -112.073695174483902, 59.875198909359462, 0.0 ], [ -112.073088585996999, 59.87522181250597, 0.0 ], [ -112.072155921041301, 59.875103683936423, 0.0 ], [ -112.071531184966005, 59.875117748344422, 0.0 ], [ -112.071389766554802, 59.875163801203733, 0.0 ], [ -112.071104908768305, 59.875193052776133, 0.0 ], [ -112.070484495362507, 59.875341780642138, 0.0 ], [ -112.070037468107003, 59.875327453117578, 0.0 ], [ -112.069247100707898, 59.875190188184717, 0.0 ], [ -112.0688141846489, 59.875058994431782, 0.0 ], [ -112.068729770961696, 59.875014968818441, 0.0 ], [ -112.068559854813202, 59.874926355640497, 0.0 ], [ -112.068302932472093, 59.874712911578229, 0.0 ], [ -112.068049176016501, 59.874598228077872, 0.0 ], [ -112.067581428738904, 59.874494259170739, 0.0 ], [ -112.067435977098199, 59.874414614663067, 0.0 ], [ -112.067360802562504, 59.874298478438973, 0.0 ], [ -112.0665010850214, 59.873667846706581, 0.0 ], [ -112.065809581320707, 59.873269331551988, 0.0 ], [ -112.064671676603396, 59.872874427389768, 0.0 ], [ -112.063505256080802, 59.87270424185666, 0.0 ], [ -112.062780675471103, 59.87238680246702, 0.0 ], [ -112.062534791310398, 59.871957736794847, 0.0 ], [ -112.062503181252396, 59.871526938841811, 0.0 ], [ -112.062390603755901, 59.871357221494861, 0.0 ], [ -112.062188177083996, 59.871170273476423, 0.0 ], [ -112.061667606864305, 59.870527892820952, 0.0 ], [ -112.061559155212706, 59.869927093409167, 0.0 ], [ -112.061809523477805, 59.869377287547877, 0.0 ], [ -112.061879516874797, 59.869331821720763, 0.0 ], [ -112.061877226830404, 59.869259996031488, 0.0 ], [ -112.061963923105495, 59.869178472764411, 0.0 ], [ -112.062048046144099, 59.86901615191298, 0.0 ], [ -112.062552942645098, 59.868607970027441, 0.0 ], [ -112.063018393780297, 59.868083362971127, 0.0 ], [ -112.063133340979604, 59.867768131501187, 0.0 ], [ -112.063255167887803, 59.867668363594198, 0.0 ], [ -112.063270154125703, 59.867578440434407, 0.0 ], [ -112.063476380680996, 59.867325330572029, 0.0 ], [ -112.063541774028394, 59.867136221236521, 0.0 ], [ -112.063747419082105, 59.86686514900817, 0.0 ], [ -112.063862352985595, 59.866549917624617, 0.0 ], [ -112.064485855772602, 59.865943201528488, 0.0 ], [ -112.064517829418094, 59.865826201448371, 0.0 ], [ -112.065137861570093, 59.865111755116729, 0.0 ], [ -112.065225397770604, 59.865057162309178, 0.0 ], [ -112.065549378278106, 59.864578593671183, 0.0 ], [ -112.065607868558104, 59.864174007911217, 0.0 ], [ -112.065550578370505, 59.864057730368167, 0.0 ], [ -112.065545983724505, 59.863914085222319, 0.0 ], [ -112.0653231455438, 59.86364647849544, 0.0 ], [ -112.065123616122904, 59.863549310834877, 0.0 ], [ -112.064368395113902, 59.863384788978912, 0.0 ], [ -112.063737853837296, 59.863210279085621, 0.0 ], [ -112.063159148668802, 59.862981466595187, 0.0 ], [ -112.062651007757594, 59.862725143574757, 0.0 ], [ -112.062539890971905, 59.862600317486589, 0.0 ], [ -112.062566431332101, 59.862312737218353, 0.0 ], [ -112.062617405986202, 59.862231498758433, 0.0 ], [ -112.062571109244999, 59.861899608164478, 0.0 ], [ -112.062005141718203, 59.861509041236999, 0.0 ], [ -112.061635824026794, 59.861125866306978, 0.0 ], [ -112.061578552530406, 59.861009588926322, 0.0 ], [ -112.061250951899893, 59.860814666768, 0.0 ], [ -112.061071023967301, 59.860771215560348, 0.0 ], [ -112.060963919092899, 59.860772072408622, 0.0 ], [ -112.060819119349702, 59.860710382062628, 0.0 ], [ -112.060713441517606, 59.860756131546843, 0.0 ], [ -112.060179364373695, 59.860805332837181, 0.0 ], [ -112.059169887710496, 59.861064899092383, 0.0 ], [ -112.058814591315695, 59.861121642064347, 0.0 ], [ -112.057904216616905, 59.861128951451001, 0.0 ], [ -112.057709284513606, 59.861175421595178, 0.0 ], [ -112.057637311910696, 59.861158035202649, 0.0 ], [ -112.057212887631096, 59.861287170451718, 0.0 ], [ -112.057039206577301, 59.861311654158122, 0.0 ], [ -112.056097773093299, 59.861187495524952, 0.0 ], [ -112.050730528162703, 59.861831445488392, 0.0 ], [ -112.043613649080996, 59.865644346911893, 0.0 ], [ -112.043152883258998, 59.865593019611801, 0.0 ], [ -112.042384365992703, 59.86557216177043, 0.0 ], [ -112.042010573729698, 59.865611039487888, 0.0 ], [ -112.041763721865905, 59.865711776524961, 0.0 ], [ -112.041645809151404, 59.865815821123498, 0.0 ], [ -112.039994359625894, 59.865805491555712, 0.0 ], [ -112.039544339764703, 59.865549704846998, 0.0 ], [ -112.039469844144705, 59.865451511727777, 0.0 ], [ -112.039161300343395, 59.865292304960633, 0.0 ], [ -112.038477854415007, 59.865136047051529, 0.0 ], [ -112.0383350370888, 59.865137176103161, 0.0 ], [ -112.037685067987695, 59.864908814079797, 0.0 ], [ -112.037037619842593, 59.864761247397503, 0.0 ], [ -112.036250429000603, 59.864713563749447, 0.0 ], [ -112.034667973843696, 59.864357815989408, 0.0 ], [ -112.033694193516595, 59.864051152398453, 0.0 ], [ -112.0335304591529, 59.863953654540808, 0.0 ], [ -112.033363386171203, 59.863748422405912, 0.0 ], [ -112.033388508470196, 59.863406977087983, 0.0 ], [ -112.033561734695695, 59.863234996920838, 0.0 ], [ -112.033541371782505, 59.86315433882082, 0.0 ], [ -112.033234275353806, 59.863040003415463, 0.0 ], [ -112.0313479635698, 59.862093907857137, 0.0 ], [ -112.031276557009093, 59.862094468034677, 0.0 ], [ -112.030498123462607, 59.861750333458019, 0.0 ], [ -112.030048525115106, 59.861646087693053, 0.0 ], [ -112.029387487061399, 59.861633294818361, 0.0 ], [ -112.028567722221794, 59.86168459805323, 0.0 ], [ -112.028425748862702, 59.861712649279347, 0.0 ], [ -112.027498606716605, 59.861755804406023, 0.0 ], [ -112.027158052988298, 59.861713559365732, 0.0 ], [ -112.026923219450495, 59.861625592299539, 0.0 ], [ -112.026671920949099, 59.861582650219937, 0.0 ], [ -112.026272012378598, 59.861352281974447, 0.0 ], [ -112.026056424877694, 59.861309056988773, 0.0 ], [ -112.025717534449797, 59.861320682051343, 0.0 ], [ -112.0254887917161, 59.861430224451887, 0.0 ], [ -112.025166920045194, 59.861414767594361, 0.0 ], [ -112.024573700557696, 59.861284683050293, 0.0 ], [ -112.024073049422697, 59.861261631731928, 0.0 ], [ -112.0233779805788, 59.861302954095017, 0.0 ], [ -112.023218970744793, 59.861358076917398, 0.0 ], [ -112.022898759068596, 59.861396483049397, 0.0 ], [ -112.022401355792098, 59.861406449172087, 0.0 ], [ -112.021975874529801, 59.861323224168352, 0.0 ], [ -112.021337929260696, 59.861290022635004, 0.0 ], [ -112.021090596866102, 59.861239890045937, 0.0 ], [ -112.019480452661398, 59.861135618928166, 0.0 ], [ -112.018995587462101, 59.861168119336376, 0.0 ], [ -112.0154452759989, 59.860983347112963, 0.0 ], [ -112.014827773265296, 59.860794381918829, 0.0 ], [ -112.014103365439496, 59.860458718596803, 0.0 ], [ -112.013938887690699, 59.860334259556019, 0.0 ], [ -112.013788164697601, 59.860074995377303, 0.0 ], [ -112.013426248990498, 59.859916137041239, 0.0 ], [ -112.013090913858406, 59.860044440176821, 0.0 ], [ -112.012743461818005, 59.86036141580982, 0.0 ], [ -112.012462772186893, 59.860525221587899, 0.0 ], [ -112.012179346279893, 59.860599240784239, 0.0 ], [ -112.011712505252405, 59.860513021399711, 0.0 ], [ -112.011158594802694, 59.860499318441747, 0.0 ], [ -112.010875439772093, 59.860582312157902, 0.0 ], [ -112.010740494969099, 59.860738492916717, 0.0 ], [ -112.008010546061996, 59.860596415704492, 0.0 ], [ -112.008000968931597, 59.860586384543723, 0.0 ], [ -112.0079214218825, 59.860317583693252, 0.0 ], [ -112.007894064265002, 59.860003486553687, 0.0 ], [ -112.007742573553998, 59.859717287396208, 0.0 ], [ -112.007304942035105, 59.859415305505792, 0.0 ], [ -112.007193503918998, 59.859272474348288, 0.0 ], [ -112.006918703579899, 59.859041093725288, 0.0 ], [ -112.006555200345801, 59.858828351860993, 0.0 ], [ -112.005797928089905, 59.858582695250739, 0.0 ], [ -112.005237011820896, 59.858335525762072, 0.0 ], [ -112.004778597790605, 59.857934919299822, 0.0 ], [ -112.004614978874102, 59.857837384490672, 0.0 ], [ -112.004338853594007, 59.857561107507038, 0.0 ], [ -112.004110871509099, 59.857104861110273, 0.0 ], [ -112.004027034377302, 59.856692410948121, 0.0 ], [ -112.004055154789597, 59.85644075276133, 0.0 ], [ -112.0041230328019, 59.856323493923263, 0.0 ], [ -112.003897226957704, 59.855939068522048, 0.0 ], [ -112.003739837750999, 59.855455339498448, 0.0 ], [ -112.003389645986204, 59.855089823732342, 0.0 ], [ -112.003225774968399, 59.854983313572873, 0.0 ], [ -112.002972400689004, 59.854868501108939, 0.0 ], [ -112.002413992992302, 59.854702125835807, 0.0 ], [ -112.002180632191894, 59.854659004937417, 0.0 ], [ -112.000034385213993, 59.854577432279257, 0.0 ], [ -111.999790159569201, 59.854713095709521, 0.0 ], [ -111.998057514479001, 59.855274023988542, 0.0 ], [ -111.997188623233896, 59.855469186353602, 0.0 ], [ -111.995046878375604, 59.855485386750409, 0.0 ], [ -111.993076665458105, 59.855266774764459, 0.0 ], [ -111.992517503434797, 59.855073425947573, 0.0 ], [ -111.992471914921396, 59.854741503402799, 0.0 ], [ -111.9920003983637, 59.854493613283331, 0.0 ], [ -111.9919367013147, 59.854152851815513, 0.0 ], [ -111.992268043115502, 59.853889930040602, 0.0 ], [ -111.992362294424396, 59.853458174873488, 0.0 ], [ -111.992272999456603, 59.852857180852261, 0.0 ], [ -111.992085178670294, 59.852544291023463, 0.0 ], [ -111.992103976743905, 59.85137672875944, 0.0 ], [ -111.991302751360195, 59.850843955639498, 0.0 ], [ -111.991051535453394, 59.850199277181829, 0.0 ], [ -111.990707150766596, 59.85002226479903, 0.0 ], [ -111.99020775468, 59.850035000666139, 0.0 ], [ -111.988899212097195, 59.850448942657763, 0.0 ], [ -111.988346013235997, 59.85045309071424, 0.0 ], [ -111.987466547412794, 59.850289066513049, 0.0 ], [ -111.9870401602398, 59.849753459974039, 0.0 ], [ -111.985502586656494, 59.849666196165103, 0.0 ], [ -111.9836431114569, 59.848952706048657, 0.0 ], [ -111.982759738046894, 59.848653977373189, 0.0 ], [ -111.982324858352996, 59.848432718947663, 0.0 ], [ -111.982281504410196, 59.848172615021809, 0.0 ], [ -111.981122572715805, 59.847606532550657, 0.0 ], [ -111.980496084324599, 59.846937687397919, 0.0 ], [ -111.980506797377899, 59.846695145225553, 0.0 ], [ -111.981149030179296, 59.846079713162652, 0.0 ], [ -111.981127488055193, 59.845954150512434, 0.0 ], [ -111.980573042960899, 59.845913377086092, 0.0 ], [ -111.980239836892196, 59.846113421809783, 0.0 ], [ -111.979831823164105, 59.846197280227898, 0.0 ], [ -111.979527964031405, 59.846181584141533, 0.0 ], [ -111.979362106815998, 59.84600321569507, 0.0 ], [ -111.979390402459302, 59.845751557525929, 0.0 ], [ -111.979667970273994, 59.845480092666598, 0.0 ], [ -111.980249384341406, 59.845224318645897, 0.0 ], [ -111.980506195497, 59.844854222072023, 0.0 ], [ -111.980683299933304, 59.84480800349138, 0.0 ], [ -111.981645718910599, 59.844764911535741, 0.0 ], [ -111.981802595989706, 59.844638022628509, 0.0 ], [ -111.981722505492698, 59.84434227269707, 0.0 ], [ -111.981271698915293, 59.844183989789897, 0.0 ], [ -111.981069363540101, 59.84397895760749, 0.0 ], [ -111.981129369875404, 59.843592363781113, 0.0 ], [ -111.980967207798699, 59.843539693381643, 0.0 ], [ -111.980556851864307, 59.843542743936169, 0.0 ], [ -111.980100627279299, 59.843806571328471, 0.0 ], [ -111.979653271791904, 59.843764996599482, 0.0 ], [ -111.979344685117795, 59.843587687452647, 0.0 ], [ -111.979363754577406, 59.843021796444688, 0.0 ], [ -111.979038391756802, 59.842880539221298, 0.0 ], [ -111.978360434566795, 59.842885577346969, 0.0 ], [ -111.977656000108396, 59.843205112622258, 0.0 ], [ -111.976760773193206, 59.843103996496261, 0.0 ], [ -111.976633779103395, 59.843033093993022, 0.0 ], [ -111.976660784984901, 59.842736551738753, 0.0 ], [ -111.977299325011202, 59.841995442743531, 0.0 ], [ -111.977256017103798, 59.841735338207521, 0.0 ], [ -111.977036403416605, 59.841548391286807, 0.0 ], [ -111.976207068818994, 59.841258196855748, 0.0 ], [ -111.975145821098195, 59.840969719428713, 0.0 ], [ -111.974878222238303, 59.840971700483962, 0.0 ], [ -111.9745783500193, 59.841090662429536, 0.0 ], [ -111.973847162882095, 59.841105050022563, 0.0 ], [ -111.972894556032998, 59.840869629566527, 0.0 ], [ -111.972529109697007, 59.840575985105851, 0.0 ], [ -111.972378011517705, 59.840289739589672, 0.0 ], [ -111.972088916580205, 59.840166153001903, 0.0 ], [ -111.971424402063107, 59.840018392407018, 0.0 ], [ -111.971024343892395, 59.839760920424638, 0.0 ], [ -111.970962979371293, 59.839491973320513, 0.0 ], [ -111.971261017743799, 59.839310172766773, 0.0 ], [ -111.971239522274203, 59.839184604347743, 0.0 ], [ -111.971228016621296, 59.839180058734527, 0.0 ], [ -111.972409223514902, 59.838456216820518, 0.0 ], [ -111.971873493537203, 59.837706844089432, 0.0 ], [ -111.971874500860494, 59.837707178307781, 0.0 ], [ -111.972268256362895, 59.837749172479299, 0.0 ], [ -111.973052359350106, 59.837716442744551, 0.0 ], [ -111.973655718525904, 59.837604217248519, 0.0 ], [ -111.974231010983203, 59.837141977459012, 0.0 ], [ -111.974301841750403, 59.836512843626039, 0.0 ], [ -111.973965305135494, 59.835374855242819, 0.0 ], [ -111.973762569314204, 59.83393055226172, 0.0 ], [ -111.972898591401304, 59.833056887810123, 0.0 ], [ -111.9726033008142, 59.832107177830757, 0.0 ], [ -111.972204424275802, 59.83127497169675, 0.0 ], [ -111.972186377766604, 59.831256023909297, 0.0 ], [ -111.973281497271003, 59.830718464558998, 0.0 ], [ -111.973559117712597, 59.829487087786298, 0.0 ], [ -111.974219789829604, 59.829428126261547, 0.0 ], [ -111.975183881127094, 59.829456906138191, 0.0 ], [ -111.976494662788696, 59.829141860766377, 0.0 ], [ -111.977365358594895, 59.829027642553861, 0.0 ], [ -111.977417809987003, 59.828991331218653, 0.0 ], [ -111.977386513352101, 59.827922925020587, 0.0 ], [ -111.977211809682402, 59.827439292723028, 0.0 ], [ -111.976878722348005, 59.827028680083863, 0.0 ], [ -111.976849285578098, 59.826023118755032, 0.0 ], [ -111.9762395483246, 59.82530025398426, 0.0 ], [ -111.974811946199097, 59.824053615054673, 0.0 ], [ -111.9739599908727, 59.823583970784789, 0.0 ], [ -111.973151841168203, 59.823392390105333, 0.0 ], [ -111.972249053507596, 59.82301291254926, 0.0 ], [ -111.971583833570506, 59.822829242997543, 0.0 ], [ -111.9705499991409, 59.822235204017773, 0.0 ], [ -111.970433619752995, 59.82191277192576, 0.0 ], [ -111.970746200807994, 59.821623106054737, 0.0 ], [ -111.970825948608393, 59.821299228650098, 0.0 ], [ -111.970750186998302, 59.821147125374921, 0.0 ], [ -111.969990126139706, 59.820766584052031, 0.0 ], [ -111.969918107705595, 59.820129526872947, 0.0 ], [ -111.9692434094882, 59.819002997964148, 0.0 ], [ -111.968626040839396, 59.818621397324861, 0.0 ], [ -111.967893257921205, 59.818563926848121, 0.0 ], [ -111.966925587618704, 59.818400417652867, 0.0 ], [ -111.965803878056605, 59.817842907288878, 0.0 ], [ -111.965456316474999, 59.817540134192591, 0.0 ], [ -111.965370728896303, 59.81704684902035, 0.0 ], [ -111.965018766757794, 59.816591442655977, 0.0 ], [ -111.964745125196799, 59.816377927095409, 0.0 ], [ -111.964586421722501, 59.815822320123388, 0.0 ], [ -111.964861013926694, 59.815452120344347, 0.0 ], [ -111.965594925306704, 59.814934869630591, 0.0 ], [ -111.964642865237806, 59.814690410448577, 0.0 ], [ -111.963406121722699, 59.814465986195302, 0.0 ], [ -111.9607657945553, 59.814413450293721, 0.0 ], [ -111.960251683341298, 59.814515987465271, 0.0 ], [ -111.9593469834426, 59.814805569325443, 0.0 ], [ -111.953396689982696, 59.814766278429083, 0.0 ], [ -111.952532964179696, 59.814572078725512, 0.0 ], [ -111.9519690864865, 59.814181034084669, 0.0 ], [ -111.951216728780395, 59.813432143016577, 0.0 ], [ -111.950965123520106, 59.813362124917937, 0.0 ], [ -111.950341482981798, 59.813375608920907, 0.0 ], [ -111.949649098233095, 59.813479388461907, 0.0 ], [ -111.948609381519404, 59.813908957323413, 0.0 ], [ -111.948486413054994, 59.814601312554963, 0.0 ], [ -111.948351767052898, 59.814732966735541, 0.0 ], [ -111.942309942791198, 59.814693071619502, 0.0 ], [ -111.941679449073206, 59.814501542749667, 0.0 ], [ -111.941410511354405, 59.81405943613747, 0.0 ], [ -111.942214285765502, 59.813478952243763, 0.0 ], [ -111.942366607178201, 59.813190501417459, 0.0 ], [ -111.942299697044007, 59.81271502901442, 0.0 ], [ -111.941647858297998, 59.812360495315467, 0.0 ], [ -111.941208663195198, 59.811959532694992, 0.0 ], [ -111.940942670167203, 59.811377726908283, 0.0 ], [ -111.940834205764503, 59.811324616783381, 0.0 ], [ -111.939872946317095, 59.811376391898158, 0.0 ], [ -111.9385539259099, 59.811385805457, 0.0 ], [ -111.938063920625595, 59.811712585935062, 0.0 ], [ -111.935976713736807, 59.812302173681239, 0.0 ], [ -111.935299365114204, 59.812306986397807, 0.0 ], [ -111.934012692081296, 59.812199387260577, 0.0 ], [ -111.9314378716264, 59.811930272039667, 0.0 ], [ -111.930876039985307, 59.811601986927442, 0.0 ], [ -111.930042031867899, 59.811742587143783, 0.0 ], [ -111.929441484438598, 59.811944387795471, 0.0 ], [ -111.928569064518101, 59.811986472847607, 0.0 ], [ -111.9277172127412, 59.8121271829081, 0.0 ], [ -111.927312504758007, 59.812440249579403, 0.0 ], [ -111.923000249759099, 59.812539107074841, 0.0 ], [ -111.912231567045694, 59.815491380568929, 0.0 ], [ -111.906202644981605, 59.816122821937441, 0.0 ], [ -111.904537378499398, 59.816774892921657, 0.0 ], [ -111.903845922316407, 59.816774369261253, 0.0 ], [ -111.899009866181302, 59.817292415594913, 0.0 ], [ -111.897482460071799, 59.817518364434619, 0.0 ], [ -111.895744703870903, 59.817880423887431, 0.0 ], [ -111.892680355277307, 59.818646591653078, 0.0 ], [ -111.890487805387494, 59.819343927486592, 0.0 ], [ -111.890343614969694, 59.819416071957257, 0.0 ], [ -111.883603627397903, 59.820815057442893, 0.0 ], [ -111.883019301492396, 59.820813098034471, 0.0 ], [ -111.881838734615798, 59.820677330148953, 0.0 ], [ -111.880537629088295, 59.82070400162948, 0.0 ], [ -111.877957976005405, 59.820936757484382, 0.0 ], [ -111.874388030100505, 59.821490345065179, 0.0 ], [ -111.872365708070106, 59.821898887939348, 0.0 ], [ -111.870647624530704, 59.822350281913756, 0.0 ], [ -111.869618353715296, 59.822545669216588, 0.0 ], [ -111.869019823016103, 59.822845960337133, 0.0 ], [ -111.868648179026707, 59.822956179012657, 0.0 ], [ -111.868471669583698, 59.823069515623082, 0.0 ], [ -111.867253871789799, 59.823246332456272, 0.0 ], [ -111.865225778650895, 59.824155097946843, 0.0 ], [ -111.864149539807897, 59.824162167144067, 0.0 ], [ -111.863744752669305, 59.824371367529537, 0.0 ], [ -111.863660705866494, 59.824569476918569, 0.0 ], [ -111.863821606768894, 59.824784290647493, 0.0 ], [ -111.8600770879262, 59.826462164338572, 0.0 ], [ -111.859608385051303, 59.826499769704043, 0.0 ], [ -111.857342673152999, 59.826478627213213, 0.0 ], [ -111.855072357219498, 59.82627787306739, 0.0 ], [ -111.852281245829104, 59.825936776433657, 0.0 ], [ -111.851003903267994, 59.825505023454113, 0.0 ], [ -111.849964125333599, 59.825296217223531, 0.0 ], [ -111.848935796454398, 59.824835893454249, 0.0 ], [ -111.846669350052693, 59.824078217852311, 0.0 ], [ -111.845252225631796, 59.823755062537373, 0.0 ], [ -111.844460817573506, 59.823490746660838, 0.0 ], [ -111.843006946359097, 59.82312290934847, 0.0 ], [ -111.841628499983798, 59.822916205170173, 0.0 ], [ -111.840856105872007, 59.822696645313911, 0.0 ], [ -111.839625078711705, 59.822677560355068, 0.0 ], [ -111.838700803346001, 59.822800194471029, 0.0 ], [ -111.838076034337206, 59.822777238050698, 0.0 ], [ -111.837859581874, 59.82267983190485, 0.0 ], [ -111.8374409032605, 59.822341258297492, 0.0 ], [ -111.835663501703095, 59.821867638897977, 0.0 ], [ -111.8353075660537, 59.821896839259232, 0.0 ], [ -111.834848237074695, 59.82207036826, 0.0 ], [ -111.834768966688003, 59.822465993897097, 0.0 ], [ -111.834810076785601, 59.822614982225943, 0.0 ], [ -111.834803960303304, 59.82269952963523, 0.0 ], [ -111.834759825917303, 59.822776859083802, 0.0 ], [ -111.834699486889306, 59.822833846281583, 0.0 ], [ -111.834679457048097, 59.822852761603393, 0.0 ], [ -111.834600986802698, 59.822880137411573, 0.0 ], [ -111.833318936973996, 59.822960097785163, 0.0 ], [ -111.832568676061499, 59.822910970025731, 0.0 ], [ -111.832156764661704, 59.822841737162548, 0.0 ], [ -111.832143852259307, 59.822833814334587, 0.0 ], [ -111.821483709150201, 59.822833145687561, 0.0 ], [ -111.807139869647997, 59.822830886204763, 0.0 ], [ -111.806601992419502, 59.822830769009322, 0.0 ], [ -111.799519710512897, 59.822829052882433, 0.0 ], [ -111.785265503635003, 59.822824437960563, 0.0 ], [ -111.778093577350703, 59.822821532095993, 0.0 ], [ -111.777555691991793, 59.822821294015277, 0.0 ], [ -111.763391149962899, 59.822814342556249, 0.0 ], [ -111.749047296462606, 59.822805765126162, 0.0 ], [ -111.748509424077895, 59.822806125892761, 0.0 ], [ -111.734345136327306, 59.822814788254753, 0.0 ], [ -111.720001526516199, 59.822821993552573, 0.0 ], [ -111.719463648278193, 59.822822238891113, 0.0 ], [ -111.705299326294906, 59.822827796792559, 0.0 ], [ -111.690955678280105, 59.822831851506443, 0.0 ], [ -111.690417800390406, 59.822831975270077, 0.0 ], [ -111.676253458428803, 59.822834384815252, 0.0 ], [ -111.661909716072302, 59.82283534305526, 0.0 ], [ -111.661371831113996, 59.82283535044273, 0.0 ], [ -111.647207305999203, 59.82283475291495, 0.0 ], [ -111.632863447592598, 59.822832608474613, 0.0 ], [ -111.632325570138505, 59.822832498948827, 0.0 ], [ -111.618160986542094, 59.822828781279597, 0.0 ], [ -111.603817128077594, 59.822823473962131, 0.0 ], [ -111.603458542035199, 59.822823320090841, 0.0 ], [ -111.589114659171699, 59.822816401616521, 0.0 ], [ -111.585176556637805, 59.822814262591827, 0.0 ], [ -111.586362419635194, 59.818830337125497, 0.0 ], [ -111.586989963175995, 59.815046150232057, 0.0 ], [ -111.586584638459001, 59.811727323784247, 0.0 ], [ -111.585918164910098, 59.810335633093679, 0.0 ], [ -111.584489283933095, 59.807351504772491, 0.0 ], [ -111.582470725243894, 59.805481562655267, 0.0 ], [ -111.580546504222696, 59.80369878229007, 0.0 ], [ -111.571603060969593, 59.797064894416337, 0.0 ], [ -111.565501511869897, 59.794231386443748, 0.0 ], [ -111.539755530229201, 59.787110410961198, 0.0 ], [ -111.532148807118503, 59.784472194467213, 0.0 ], [ -111.528771008949406, 59.782134362139821, 0.0 ], [ -111.525549554428906, 59.775429543257808, 0.0 ], [ -111.525195359866501, 59.772281580983723, 0.0 ], [ -111.526729113005203, 59.770458082761571, 0.0 ], [ -111.528377552206706, 59.769145981840637, 0.0 ], [ -111.528844344404206, 59.767887362459007, 0.0 ], [ -111.5275122039574, 59.766157535719579, 0.0 ], [ -111.523358803413402, 59.764098831590019, 0.0 ], [ -111.521772720062202, 59.762332251581718, 0.0 ], [ -111.521582701751399, 59.760686870100493, 0.0 ], [ -111.5238768263591, 59.759471803662777, 0.0 ], [ -111.527289375097695, 59.757921765176967, 0.0 ], [ -111.528682478291799, 59.756682781511721, 0.0 ], [ -111.528975862458097, 59.755596978965102, 0.0 ], [ -111.529060004658504, 59.753047561143212, 0.0 ], [ -111.528670686752093, 59.751579187522587, 0.0 ], [ -111.527655428627, 59.749182953203103, 0.0 ], [ -111.526118981064101, 59.746590656882887, 0.0 ], [ -111.512268585850407, 59.737398421266747, 0.0 ], [ -111.511664652092193, 59.736049640692308, 0.0 ], [ -111.512016426607303, 59.733974468281168, 0.0 ], [ -111.512691406632101, 59.732044573312542, 0.0 ], [ -111.513874268834797, 59.730435723808, 0.0 ], [ -111.521127502649193, 59.727718302930072, 0.0 ], [ -111.525785503712797, 59.726037507863133, 0.0 ], [ -111.528023825559004, 59.723471241362716, 0.0 ], [ -111.5301392942457, 59.721161163536571, 0.0 ], [ -111.531986112723203, 59.717893156134068, 0.0 ], [ -111.533803049516294, 59.712771199815023, 0.0 ], [ -111.5333654529108, 59.709128838633873, 0.0 ], [ -111.532540285720202, 59.704976580586852, 0.0 ], [ -111.531107147240704, 59.702361161385653, 0.0 ], [ -111.527907382112303, 59.700008569962122, 0.0 ], [ -111.525349015344105, 59.69808407446061, 0.0 ], [ -111.524276947024603, 59.694920029971748, 0.0 ], [ -111.5223354010554, 59.692569549412582, 0.0 ], [ -111.520602048130399, 59.691060564078299, 0.0 ], [ -111.5186984669282, 59.690054604946567, 0.0 ], [ -111.516832237976999, 59.689258611711743, 0.0 ], [ -111.514944418110701, 59.688671015467079, 0.0 ], [ -111.511934609999003, 59.688650693232027, 0.0 ], [ -111.506198418575096, 59.688862158533851, 0.0 ], [ -111.496518449785697, 59.688114389734601, 0.0 ], [ -111.492016126776207, 59.6865782246458, 0.0 ], [ -111.4871759680548, 59.683937131047948, 0.0 ], [ -111.481200999776107, 59.679590772764087, 0.0 ], [ -111.480465795758093, 59.678272300050928, 0.0 ], [ -111.479463581414805, 59.675421724670173, 0.0 ], [ -111.478998584128703, 59.671695262970069, 0.0 ], [ -111.478933784358205, 59.671175850328567, 0.0 ], [ -111.476761447880094, 59.666423921279367, 0.0 ], [ -111.474927956649495, 59.663706186025102, 0.0 ], [ -111.474114529528194, 59.663082832200622, 0.0 ], [ -111.469199880375996, 59.661284245722328, 0.0 ], [ -111.464667015051106, 59.660204362790807, 0.0 ], [ -111.463193428556494, 59.659850787120511, 0.0 ], [ -111.458786324504601, 59.658320255071843, 0.0 ], [ -111.454833159990798, 59.655551766850003, 0.0 ], [ -111.449097275557094, 59.653854367930101, 0.0 ], [ -111.438359907762504, 59.652488351479519, 0.0 ], [ -111.435125826590607, 59.651564971556247, 0.0 ], [ -111.433479337909006, 59.65088538365135, 0.0 ], [ -111.4276935764303, 59.646601532864437, 0.0 ], [ -111.425984580522595, 59.645335914504187, 0.0 ], [ -111.422652593859596, 59.641087888756488, 0.0 ], [ -111.421373789345594, 59.636397644505493, 0.0 ], [ -111.422028799932093, 59.634523004454692, 0.0 ], [ -111.422153081131597, 59.630408133528682, 0.0 ], [ -111.422093245421607, 59.62818909460529, 0.0 ], [ -111.422046631275606, 59.627022939726047, 0.0 ], [ -111.422036746581696, 59.625015132282357, 0.0 ], [ -111.422063926747995, 59.624974778184232, 0.0 ], [ -111.4220914796431, 59.624109247790571, 0.0 ], [ -111.421467632617706, 59.622156732514881, 0.0 ], [ -111.418022386291099, 59.616209325874493, 0.0 ], [ -111.416478099697997, 59.614877273379378, 0.0 ], [ -111.413420129732302, 59.609846893664347, 0.0 ], [ -111.413377443788093, 59.60902910558179, 0.0 ], [ -111.416530925692399, 59.602201364415883, 0.0 ], [ -111.420338582659198, 59.598369543952337, 0.0 ], [ -111.427929778776601, 59.595385817137348, 0.0 ], [ -111.431034882262395, 59.592105551845023, 0.0 ], [ -111.431834111532893, 59.589383591509282, 0.0 ], [ -111.431367895739299, 59.587041272515393, 0.0 ], [ -111.430387330226395, 59.584736686783373, 0.0 ], [ -111.429365362939706, 59.58186149990614, 0.0 ], [ -111.431377983770403, 59.579198431700412, 0.0 ], [ -111.432863602548693, 59.576876911390791, 0.0 ], [ -111.435309831065595, 59.574445515351798, 0.0 ], [ -111.4385392133198, 59.571995754657621, 0.0 ], [ -111.441187730533301, 59.570600720172187, 0.0 ], [ -111.444161663896594, 59.568342141795, 0.0 ], [ -111.448727907535897, 59.564791227160093, 0.0 ], [ -111.452167233073993, 59.561439228504213, 0.0 ], [ -111.453249306923595, 59.559970919003938, 0.0 ], [ -111.454182464162997, 59.557003269032741, 0.0 ], [ -111.453258773578995, 59.553985260515738, 0.0 ], [ -111.451291187423095, 59.552041586235333, 0.0 ], [ -111.449323824626205, 59.550097889391978, 0.0 ], [ -111.449281764033799, 59.546863401344638, 0.0 ], [ -111.449832320071806, 59.541636810961137, 0.0 ], [ -111.4514203024426, 59.536765985328863, 0.0 ], [ -111.456043347854902, 59.53164988084859, 0.0 ], [ -111.457335511538503, 59.527535368389977, 0.0 ], [ -111.456258395298605, 59.52346582122518, 0.0 ], [ -111.4519900240863, 59.519091253045289, 0.0 ], [ -111.447619559496502, 59.51569654150201, 0.0 ], [ -111.445009833264393, 59.511912788327159, 0.0 ], [ -111.444665340135003, 59.509064229472713, 0.0 ], [ -111.4457859634973, 59.506583136052953, 0.0 ], [ -111.448099935113902, 59.505008081825963, 0.0 ], [ -111.450899295486593, 59.502900183123252, 0.0 ], [ -111.452987159688405, 59.501428104684322, 0.0 ], [ -111.457476406961007, 59.499584349770487, 0.0 ], [ -111.457817833921794, 59.49930722005093, 0.0 ], [ -111.459495722794301, 59.498599942043853, 0.0 ], [ -111.464841722557395, 59.494644441182999, 0.0 ], [ -111.4672087176356, 59.490536300360588, 0.0 ], [ -111.467017043073099, 59.48971578405299, 0.0 ], [ -111.468121553439005, 59.482616218679183, 0.0 ], [ -111.465727572071501, 59.476741587221333, 0.0 ], [ -111.462599436544807, 59.473484257433043, 0.0 ], [ -111.459930635769098, 59.469965400574416, 0.0 ], [ -111.460200938115193, 59.468390423880543, 0.0 ], [ -111.461220058574995, 59.465612645495419, 0.0 ], [ -111.462063497128298, 59.464171333454622, 0.0 ], [ -111.462850194229702, 59.463069633608512, 0.0 ], [ -111.466470328934506, 59.45899084837405, 0.0 ], [ -111.467920784936894, 59.454723530160692, 0.0 ], [ -111.471987242018301, 59.446518724480242, 0.0 ], [ -111.4735837729488, 59.44134878799774, 0.0 ], [ -111.472498697632801, 59.437169092146434, 0.0 ], [ -111.472436155513705, 59.43701025925288, 0.0 ], [ -111.470886659398602, 59.43307440133357, 0.0 ], [ -111.470237335936801, 59.431424768743398, 0.0 ], [ -111.468023648485698, 59.42907943433346, 0.0 ], [ -111.464793832696103, 59.42745673706024, 0.0 ], [ -111.461947395121598, 59.425701866569973, 0.0 ], [ -111.460376046347804, 59.423354125993228, 0.0 ], [ -111.458816404564004, 59.421856119417747, 0.0 ], [ -111.4537745354084, 59.418932121349428, 0.0 ], [ -111.452661972627396, 59.418079398423153, 0.0 ], [ -111.451312402246202, 59.417044946915667, 0.0 ], [ -111.451407592065493, 59.414560584937433, 0.0 ], [ -111.453293661723805, 59.411743172072683, 0.0 ], [ -111.455987989099995, 59.409124951327733, 0.0 ], [ -111.457344196314097, 59.407806892886853, 0.0 ], [ -111.4631198426965, 59.404659150194313, 0.0 ], [ -111.463864497531901, 59.402435186946647, 0.0 ], [ -111.464396797217404, 59.399421334373862, 0.0 ], [ -111.462458422774006, 59.396590504183138, 0.0 ], [ -111.455766747979595, 59.392697663688011, 0.0 ], [ -111.454795793315995, 59.390710187269093, 0.0 ], [ -111.455649567899499, 59.388765346892882, 0.0 ], [ -111.458993072827894, 59.384911096063803, 0.0 ], [ -111.458627451968894, 59.380066992489191, 0.0 ], [ -111.455414331520998, 59.376423460957838, 0.0 ], [ -111.448120564795104, 59.369034532018361, 0.0 ], [ -111.444534238247996, 59.365161285439576, 0.0 ], [ -111.440718487135896, 59.35779380913214, 0.0 ], [ -111.440933291790301, 59.354156131576538, 0.0 ], [ -111.443056055288693, 59.351817012220238, 0.0 ], [ -111.451547091974803, 59.349172106746572, 0.0 ], [ -111.452497223921895, 59.34793951667023, 0.0 ], [ -111.448875057685996, 59.344424942245674, 0.0 ], [ -111.437615444744097, 59.337935273900733, 0.0 ], [ -111.433133336559493, 59.334721001572007, 0.0 ], [ -111.4295190597973, 59.331857385803097, 0.0 ], [ -111.425252335143298, 59.329379868002498, 0.0 ], [ -111.423143023651093, 59.328776118138393, 0.0 ], [ -111.419268076068207, 59.327043374149483, 0.0 ], [ -111.415430096482496, 59.323372626257971, 0.0 ], [ -111.412374427276703, 59.31897360675805, 0.0 ], [ -111.412074174680498, 59.306260430257502, 0.0 ], [ -111.411156605842095, 59.299403234641836, 0.0 ], [ -111.4120010019181, 59.289930327224788, 0.0 ], [ -111.412549216193, 59.289071263660212, 0.0 ], [ -111.424236660858, 59.284381426615731, 0.0 ], [ -111.440680623575702, 59.2816129902765, 0.0 ], [ -111.443763808368402, 59.281157977117942, 0.0 ], [ -111.449765059356096, 59.280400776159247, 0.0 ], [ -111.452503042283993, 59.279868251311143, 0.0 ], [ -111.457865199288193, 59.279076911202949, 0.0 ], [ -111.465306690829195, 59.279048638880603, 0.0 ], [ -111.472274017230106, 59.280333658625622, 0.0 ], [ -111.4770778352392, 59.279656373228782, 0.0 ], [ -111.482655872315604, 59.280211069615611, 0.0 ], [ -111.4871522601739, 59.278140857185598, 0.0 ], [ -111.490316021240503, 59.27576557636629, 0.0 ], [ -111.493505785282693, 59.273718137077267, 0.0 ], [ -111.498574142434293, 59.272277440935753, 0.0 ], [ -111.501891561878907, 59.269598241731281, 0.0 ], [ -111.500400782554905, 59.265463102028917, 0.0 ], [ -111.498952041276098, 59.262876286147787, 0.0 ], [ -111.501889913419603, 59.258749888364832, 0.0 ], [ -111.507281378058096, 59.255204325350462, 0.0 ], [ -111.513586903378993, 59.252541326590674, 0.0 ], [ -111.517359673852894, 59.251698369158227, 0.0 ], [ -111.524465781345697, 59.251030286182868, 0.0 ], [ -111.530866664085707, 59.249055629391869, 0.0 ], [ -111.534838634675097, 59.246243529200108, 0.0 ], [ -111.537104410531796, 59.243729175506488, 0.0 ], [ -111.537267469650203, 59.240472190651722, 0.0 ], [ -111.534783802099497, 59.236887194010542, 0.0 ], [ -111.530094481039001, 59.233586570870948, 0.0 ], [ -111.523876809259406, 59.230502362647087, 0.0 ], [ -111.514892197017403, 59.228287739850302, 0.0 ], [ -111.508435481995406, 59.228380081226923, 0.0 ], [ -111.504688077919695, 59.22804037810586, 0.0 ], [ -111.498910794723201, 59.228316500168482, 0.0 ], [ -111.493301355096705, 59.228457121736227, 0.0 ], [ -111.491049711042294, 59.228444486988302, 0.0 ], [ -111.4851154138032, 59.22806614376713, 0.0 ], [ -111.474682021577493, 59.226859779361519, 0.0 ], [ -111.4597710917851, 59.225095818608963, 0.0 ], [ -111.445923088092698, 59.223211331803903, 0.0 ], [ -111.4364323939039, 59.221281215280783, 0.0 ], [ -111.428280908257605, 59.219551146940788, 0.0 ], [ -111.408353454004498, 59.216542362340988, 0.0 ], [ -111.3999698428361, 59.215185651632019, 0.0 ], [ -111.397823081787706, 59.214767943284308, 0.0 ], [ -111.390391515115198, 59.212538253406123, 0.0 ], [ -111.386250975856896, 59.210527250193493, 0.0 ], [ -111.385021532643407, 59.209095106934953, 0.0 ], [ -111.3825220338327, 59.206183083310627, 0.0 ], [ -111.383233415607805, 59.203207604399033, 0.0 ], [ -111.387332087529401, 59.200889109566432, 0.0 ], [ -111.390950790066, 59.19936801012733, 0.0 ], [ -111.397356629738496, 59.196707886967268, 0.0 ], [ -111.3992228110734, 59.194935227182761, 0.0 ], [ -111.400889095899601, 59.192244793999969, 0.0 ], [ -111.402863958825293, 59.190373745066161, 0.0 ], [ -111.405187173603395, 59.188005531922087, 0.0 ], [ -111.409098561923599, 59.184616977864103, 0.0 ], [ -111.414744642368007, 59.17893686476517, 0.0 ], [ -111.416173968877999, 59.175145948560662, 0.0 ], [ -111.421739133419905, 59.172347201017523, 0.0 ], [ -111.424218737429797, 59.169331281567203, 0.0 ], [ -111.426339911324405, 59.166982076161993, 0.0 ], [ -111.428641312001702, 59.16514942028514, 0.0 ], [ -111.429433441949001, 59.164298453657558, 0.0 ], [ -111.429491943347301, 59.162685389588617, 0.0 ], [ -111.4293871177738, 59.161124947246968, 0.0 ], [ -111.428654910250998, 59.159593048899147, 0.0 ], [ -111.425928133657195, 59.155807317751403, 0.0 ], [ -111.423940265821301, 59.152637422446873, 0.0 ], [ -111.422999437580501, 59.147984605478243, 0.0 ], [ -111.4238102579273, 59.144347557032688, 0.0 ], [ -111.427450254541895, 59.1419862573157, 0.0 ], [ -111.435049052345207, 59.139938857030643, 0.0 ], [ -111.446483974428503, 59.135534603173653, 0.0 ], [ -111.452365589135994, 59.130772492664683, 0.0 ], [ -111.453608201842798, 59.124550029579297, 0.0 ], [ -111.451415928071, 59.118746433068843, 0.0 ], [ -111.447758044255906, 59.113620590756099, 0.0 ], [ -111.441813531999202, 59.109349256714879, 0.0 ], [ -111.425453636828706, 59.096314822190863, 0.0 ], [ -111.423739791576693, 59.094895908732731, 0.0 ], [ -111.421518898119103, 59.091242097931108, 0.0 ], [ -111.420702631908497, 59.090185032238452, 0.0 ], [ -111.420997134798995, 59.089176376810578, 0.0 ], [ -111.4237074623491, 59.087443087565617, 0.0 ], [ -111.426099730446794, 59.086062597555099, 0.0 ], [ -111.427753673754395, 59.085023337359033, 0.0 ], [ -111.426442562355803, 59.084119298464927, 0.0 ], [ -111.422514460728905, 59.082709073138737, 0.0 ], [ -111.419452670483594, 59.07973152726273, 0.0 ], [ -111.420238625384798, 59.077583508677471, 0.0 ], [ -111.422122589432206, 59.075682782034228, 0.0 ], [ -111.422870726743199, 59.073895326867643, 0.0 ], [ -111.422195567801495, 59.072285545560973, 0.0 ], [ -111.420479909144504, 59.071225611922188, 0.0 ], [ -111.419169494691104, 59.070321502921317, 0.0 ], [ -111.418437251845106, 59.067914539448658, 0.0 ], [ -111.422439078999702, 59.064553538121757, 0.0 ], [ -111.428915562715801, 59.06169461897754, 0.0 ], [ -111.434155468841695, 59.05721022404196, 0.0 ], [ -111.435149378975893, 59.053042786717867, 0.0 ], [ -111.434788191630503, 59.048404095726113, 0.0 ], [ -111.434367899173495, 59.046990415915218, 0.0 ], [ -111.433807484791799, 59.041797891503947, 0.0 ], [ -111.433811712013195, 59.041578726715713, 0.0 ], [ -111.433774214166206, 59.041489620702983, 0.0 ], [ -111.4331432499133, 59.035643421145032, 0.0 ], [ -111.434677566056294, 59.029543938589377, 0.0 ], [ -111.434629190911707, 59.029302694550921, 0.0 ], [ -111.434691872636506, 59.028196118818713, 0.0 ], [ -111.434254580054798, 59.025399454490817, 0.0 ], [ -111.433707803471194, 59.024707706924417, 0.0 ], [ -111.433488118442497, 59.023612129813984, 0.0 ], [ -111.426466311321093, 59.017627311306818, 0.0 ], [ -111.417827017583207, 59.010095571425971, 0.0 ], [ -111.4163466640168, 59.00855287333205, 0.0 ], [ -111.413504613417601, 59.004792257323302, 0.0 ], [ -111.410757532491502, 59.001184615542208, 0.0 ], [ -111.408270574248803, 59.000136662987138, 0.0 ], [ -111.407255600654594, 58.999078943734908, 0.0 ], [ -111.403808429249906, 58.998256407934427, 0.0 ], [ -111.400718819861893, 58.996954510055453, 0.0 ], [ -111.398730591182598, 58.996143892748243, 0.0 ], [ -111.397278143687998, 58.995556293178097, 0.0 ], [ -111.389731228792201, 58.992868276207687, 0.0 ], [ -111.382679117088202, 58.990970793797977, 0.0 ], [ -111.377817289998404, 58.989775569367829, 0.0 ], [ -111.372221361567895, 58.987914962931228, 0.0 ], [ -111.369547727652005, 58.987255311721121, 0.0 ], [ -111.367441125401299, 58.986719120211433, 0.0 ], [ -111.364945697926501, 58.986212067684683, 0.0 ], [ -111.364606963372395, 58.986143230386247, 0.0 ], [ -111.362908877782203, 58.986022882660897, 0.0 ], [ -111.361313141964303, 58.985874960216421, 0.0 ], [ -111.360725147094499, 58.98582045073254, 0.0 ], [ -111.358378979169103, 58.985535012594063, 0.0 ], [ -111.357245222333006, 58.98528790347607, 0.0 ], [ -111.353351612664994, 58.983797142727028, 0.0 ], [ -111.350911279978206, 58.982177213191633, 0.0 ], [ -111.3498500282615, 58.981095711651292, 0.0 ], [ -111.349438489654403, 58.980346098096852, 0.0 ], [ -111.349106496595496, 58.979471148878517, 0.0 ], [ -111.349099747805099, 58.978803859807499, 0.0 ], [ -111.3490974120256, 58.978573466614442, 0.0 ], [ -111.349089198151802, 58.977761220128237, 0.0 ], [ -111.348998299401302, 58.976760497331313, 0.0 ], [ -111.348827053465698, 58.975801704681871, 0.0 ], [ -111.347517864207802, 58.974136950362947, 0.0 ], [ -111.346372856195003, 58.972721987904208, 0.0 ], [ -111.345961494761696, 58.971972369027327, 0.0 ], [ -111.344983970850393, 58.971140834031132, 0.0 ], [ -111.344244628191703, 58.969891601173863, 0.0 ], [ -111.343019129098906, 58.968476815096388, 0.0 ], [ -111.342205772540396, 58.967895072632302, 0.0 ], [ -111.3409894877082, 58.967397802843053, 0.0 ], [ -111.337425270186202, 58.966281054483836, 0.0 ], [ -111.335924000763598, 58.965937384422269, 0.0 ], [ -111.331840937064001, 58.965002578527233, 0.0 ], [ -111.328764918077596, 58.96421799222022, 0.0 ], [ -111.325204958093593, 58.96347626352221, 0.0 ], [ -111.321885827976402, 58.962567006286868, 0.0 ], [ -111.3185630254671, 58.961240606464713, 0.0 ], [ -111.313866040858201, 58.9597089249677, 0.0 ], [ -111.310974302389397, 58.958822118032401, 0.0 ], [ -111.309413165310104, 58.958343319873677, 0.0 ], [ -111.304881025952994, 58.957102869054111, 0.0 ], [ -111.298162342275901, 58.955033173173199, 0.0 ], [ -111.296562878057898, 58.954445155074851, 0.0 ], [ -111.2924127694357, 58.952919239798582, 0.0 ], [ -111.286258240344495, 58.950555705900427, 0.0 ], [ -111.284141220838606, 58.949443299890227, 0.0 ], [ -111.283096659034697, 58.948894383573929, 0.0 ], [ -111.282333966388705, 58.948399499871627, 0.0 ], [ -111.281879515490701, 58.948104609487793, 0.0 ], [ -111.280737036318101, 58.946563938603667, 0.0 ], [ -111.279109766507702, 58.944940894616657, 0.0 ], [ -111.277480643117201, 58.943067584466142, 0.0 ], [ -111.276180136400697, 58.9419025710569, 0.0 ], [ -111.2752071373543, 58.941320752470787, 0.0 ], [ -111.273911401506098, 58.940739603028518, 0.0 ], [ -111.272211592364101, 58.940075875843398, 0.0 ], [ -111.271319726911699, 58.939535559626293, 0.0 ], [ -111.270991081105294, 58.938785527786031, 0.0 ], [ -111.271133162043299, 58.936324520899632, 0.0 ], [ -111.270887523003694, 58.935412753034413, 0.0 ], [ -111.270717664296399, 58.93478223021669, 0.0 ], [ -111.269499346020098, 58.933742101469612, 0.0 ], [ -111.266909323365994, 58.932663089504317, 0.0 ], [ -111.264483030675393, 58.931875638341289, 0.0 ], [ -111.260610752449793, 58.931883497795639, 0.0 ], [ -111.257224362947099, 58.932140517683273, 0.0 ], [ -111.253258162774301, 58.933097170106578, 0.0 ], [ -111.252393413493294, 58.933442944582268, 0.0 ], [ -111.251307394105694, 58.933872558388259, 0.0 ], [ -111.250033008283395, 58.934660061216121, 0.0 ], [ -111.249616041529706, 58.935092456207677, 0.0 ], [ -111.243933175910797, 58.937040001530853, 0.0 ], [ -111.237904252778605, 58.937440142488889, 0.0 ], [ -111.232129848893393, 58.935671103528051, 0.0 ], [ -111.228816471626502, 58.934187515061772, 0.0 ], [ -111.2275044200275, 58.93319737078356, 0.0 ], [ -111.224009163130603, 58.930335384150801, 0.0 ], [ -111.222869672384604, 58.930050107711843, 0.0 ], [ -111.217638004174205, 58.928740127813228, 0.0 ], [ -111.210609251831599, 58.92836934870445, 0.0 ], [ -111.202099641099593, 58.927694583259289, 0.0 ], [ -111.196176969684004, 58.926671185267253, 0.0 ], [ -111.189505876976497, 58.923966004995499, 0.0 ], [ -111.184612774521, 58.921678612980678, 0.0 ], [ -111.182848855367197, 58.920992816909788, 0.0 ], [ -111.179272804348201, 58.919162325035821, 0.0 ], [ -111.177956436240393, 58.916596574546347, 0.0 ], [ -111.177977764473297, 58.915580267009183, 0.0 ], [ -111.180300010479201, 58.911309086532647, 0.0 ], [ -111.180343348281596, 58.91124478712733, 0.0 ], [ -111.186151964868202, 58.905385643444681, 0.0 ], [ -111.188652273391, 58.903049300653002, 0.0 ], [ -111.191797684040495, 58.897155519151291, 0.0 ], [ -111.193841480271999, 58.892639988394748, 0.0 ], [ -111.194125232693906, 58.890536284542968, 0.0 ], [ -111.195540070844203, 58.888954973920363, 0.0 ], [ -111.199629344679906, 58.886972108077472, 0.0 ], [ -111.205054186840698, 58.885301526713327, 0.0 ], [ -111.219555712048404, 58.882898612032598, 0.0 ], [ -111.229059716770905, 58.881229469432277, 0.0 ], [ -111.236984755886496, 58.879306797148999, 0.0 ], [ -111.244007279159405, 58.876736845837812, 0.0 ], [ -111.246163158188494, 58.875318411183471, 0.0 ], [ -111.246846001860106, 58.875015121968268, 0.0 ], [ -111.246908180520805, 58.874978057858591, 0.0 ], [ -111.247470364949606, 58.874458350557028, 0.0 ], [ -111.248601956953806, 58.873713834304212, 0.0 ], [ -111.250007872782007, 58.872512693761117, 0.0 ], [ -111.250031540048596, 58.87250439793528, 0.0 ], [ -111.250032960742502, 58.872504075881729, 0.0 ], [ -111.250311625865905, 58.872420326518267, 0.0 ], [ -111.250918044437199, 58.872195242803677, 0.0 ], [ -111.252023018164294, 58.871560997788968, 0.0 ], [ -111.253317715667393, 58.870323004448473, 0.0 ], [ -111.253813211054705, 58.869804861733229, 0.0 ], [ -111.254087211388693, 58.869344616241847, 0.0 ], [ -111.254488570178694, 58.868684621221632, 0.0 ], [ -111.254506675389194, 58.868669151973037, 0.0 ], [ -111.254518022473704, 58.868636189617789, 0.0 ], [ -111.2549093979883, 58.86799260989384, 0.0 ], [ -111.256722897473693, 58.863491982795139, 0.0 ], [ -111.257006517101203, 58.862788015098431, 0.0 ], [ -111.257053883595304, 58.861696111790188, 0.0 ], [ -111.257070673263499, 58.861309062771603, 0.0 ], [ -111.257764378089902, 58.859411227949288, 0.0 ], [ -111.259755344406202, 58.8558294320774, 0.0 ], [ -111.260249027375295, 58.85511014795236, 0.0 ], [ -111.260573528536, 58.854017684368621, 0.0 ], [ -111.263123797504406, 58.849423322261423, 0.0 ], [ -111.263718846583899, 58.848351141753817, 0.0 ], [ -111.264101680028006, 58.847660791913881, 0.0 ], [ -111.264374497356002, 58.847085598820222, 0.0 ], [ -111.264648846445297, 58.846711528279243, 0.0 ], [ -111.265087517925394, 58.846078527402362, 0.0 ], [ -111.265359871903598, 58.845445869773293, 0.0 ], [ -111.265687646625096, 58.844813094781223, 0.0 ], [ -111.266126050271794, 58.844151359465108, 0.0 ], [ -111.266278488865495, 58.843819684419579, 0.0 ], [ -111.267400136992194, 58.842376117920743, 0.0 ], [ -111.268460205056201, 58.841330810344957, 0.0 ], [ -111.268706003141304, 58.841017823041717, 0.0 ], [ -111.268844422621797, 58.840841571080752, 0.0 ], [ -111.269227521527, 58.840208666920283, 0.0 ], [ -111.269612392740896, 58.83980562232157, 0.0 ], [ -111.269879176809695, 58.839185577435003, 0.0 ], [ -111.270932375754697, 58.837830104230747, 0.0 ], [ -111.271139549993507, 58.837508421271309, 0.0 ], [ -111.2712561073118, 58.837359976479718, 0.0 ], [ -111.271279928211897, 58.837290452466469, 0.0 ], [ -111.271851739028904, 58.836402596657123, 0.0 ], [ -111.273757451373598, 58.834768826849988, 0.0 ], [ -111.274030239995597, 58.834222343062457, 0.0 ], [ -111.274415208779899, 58.833848013599066, 0.0 ], [ -111.274744754492403, 58.833473801779171, 0.0 ], [ -111.275129716148399, 58.833099465747217, 0.0 ], [ -111.275347502019102, 58.832610555383177, 0.0 ], [ -111.2755639236576, 58.831949264814511, 0.0 ], [ -111.275946108203001, 58.831230149365702, 0.0 ], [ -111.276656638016803, 58.829993162154523, 0.0 ], [ -111.277719456173003, 58.827778523080617, 0.0 ], [ -111.277712105873704, 58.826859116509581, 0.0 ], [ -111.277874182362694, 58.826341593414611, 0.0 ], [ -111.278145460933004, 58.82562270902973, 0.0 ], [ -111.278470969087394, 58.824760051326223, 0.0 ], [ -111.278743367821306, 58.824184824924068, 0.0 ], [ -111.279235058734002, 58.823321805600052, 0.0 ], [ -111.279667851493997, 58.822027934408368, 0.0 ], [ -111.2801093635521, 58.820375696253308, 0.0 ], [ -111.280151837504505, 58.820216772631319, 0.0 ], [ -111.280364834187097, 58.819153224414492, 0.0 ], [ -111.280574109962103, 58.817629979833363, 0.0 ], [ -111.280840379483294, 58.816307728079828, 0.0 ], [ -111.281329864163098, 58.814649378796773, 0.0 ], [ -111.281761263343995, 58.813195986513861, 0.0 ], [ -111.282132723237595, 58.811993992579673, 0.0 ], [ -111.282550512635297, 58.811327234953147, 0.0 ], [ -111.282993914542701, 58.80934353057085, 0.0 ], [ -111.282141579131505, 58.806523862989657, 0.0 ], [ -111.281067763228094, 58.803617941560027, 0.0 ], [ -111.280121977476298, 58.80059590857617, 0.0 ], [ -111.280011461683003, 58.798037205550237, 0.0 ], [ -111.279372540101093, 58.796102127154533, 0.0 ], [ -111.2773573806153, 58.794806110278508, 0.0 ], [ -111.272931255376307, 58.792322310148407, 0.0 ], [ -111.270712148627894, 58.790780698620154, 0.0 ], [ -111.266423948860506, 58.787022881389397, 0.0 ], [ -111.265647055074098, 58.786022078988744, 0.0 ], [ -111.265302587872497, 58.78493397935577, 0.0 ], [ -111.264889845772302, 58.784123410339589, 0.0 ], [ -111.264939257436694, 58.783306271822717, 0.0 ], [ -111.265970332771403, 58.782657342991527, 0.0 ], [ -111.282076699383893, 58.782681158258413, 0.0 ], [ -111.288438888948406, 58.78183934423356, 0.0 ], [ -111.294283466018598, 58.782376289851364, 0.0 ], [ -111.2995778757317, 58.780986107759567, 0.0 ], [ -111.306459766962107, 58.778211313293959, 0.0 ], [ -111.310679190801096, 58.775171097118083, 0.0 ], [ -111.314371870019698, 58.772682257475097, 0.0 ], [ -111.321237626502693, 58.769357677905703, 0.0 ], [ -111.325457046313403, 58.766591308808948, 0.0 ], [ -111.332849624068601, 58.762988899074912, 0.0 ], [ -111.336528033467204, 58.759118630013177, 0.0 ], [ -111.341814861732203, 58.757173511893519, 0.0 ], [ -111.341265429951605, 58.754972592493317, 0.0 ], [ -111.341250622302596, 58.753591736846388, 0.0 ], [ -111.343881785009899, 58.751661007839473, 0.0 ], [ -111.343317764640702, 58.748353536702808, 0.0 ], [ -111.340639394835605, 58.745327726030958, 0.0 ], [ -111.335298583954199, 58.742032751226979, 0.0 ], [ -111.327341409031405, 58.741225973240439, 0.0 ], [ -111.319918201417096, 58.741517636685408, 0.0 ], [ -111.312517916204101, 58.74346877602725, 0.0 ], [ -111.305094075695493, 58.743485283015723, 0.0 ], [ -111.298182475075706, 58.742122133226083, 0.0 ], [ -111.294451621336805, 58.739100987237627, 0.0 ], [ -111.295480954015503, 58.736063896817619, 0.0 ], [ -111.299692809345103, 58.732749592845728, 0.0 ], [ -111.3012567133255, 58.729161254613871, 0.0 ], [ -111.304949425877595, 58.726947048232553, 0.0 ], [ -111.307566484792503, 58.723905985881032, 0.0 ], [ -111.308596132777694, 58.720320237381223, 0.0 ], [ -111.309626265736298, 58.717013285854328, 0.0 ], [ -111.308008821844993, 58.713985633162793, 0.0 ], [ -111.303225287764803, 58.712067642897587, 0.0 ], [ -111.296335651999399, 58.711806585582977, 0.0 ], [ -111.292101534425598, 58.711819553915738, 0.0 ], [ -111.292078415171204, 58.709611025826113, 0.0 ], [ -111.292589807549803, 58.707130112393394, 0.0 ], [ -111.295747894692994, 58.704918777437257, 0.0 ], [ -111.293612319469005, 58.702991163282412, 0.0 ], [ -111.290414843676004, 58.700520275411982, 0.0 ], [ -111.289865632360105, 58.698040260770149, 0.0 ], [ -111.290369959275594, 58.695280356208102, 0.0 ], [ -111.285066403141201, 58.693917704074202, 0.0 ], [ -111.276598898223398, 58.694482306879038, 0.0 ], [ -111.273424212706999, 58.695321199897798, 0.0 ], [ -111.269198173796298, 58.695882210942671, 0.0 ], [ -111.267069559662303, 58.694502921116538, 0.0 ], [ -111.264948418895102, 58.694234501441628, 0.0 ], [ -111.261781868825807, 58.696444854839818, 0.0 ], [ -111.256502218002694, 58.697833714843419, 0.0 ], [ -111.249621103022704, 58.69812344543687, 0.0 ], [ -111.243258305047405, 58.697861352567323, 0.0 ], [ -111.239535396199202, 58.695382772034087, 0.0 ], [ -111.235811306282898, 58.692359926373598, 0.0 ], [ -111.232080716021997, 58.688783659653019, 0.0 ], [ -111.228883543336806, 58.686311143732809, 0.0 ], [ -111.220433881425194, 58.67974687112973, 0.0 ], [ -111.218921977083397, 58.678572006308279, 0.0 ], [ -111.217020848325106, 58.679347906364697, 0.0 ], [ -111.214197862185102, 58.680087758815787, 0.0 ], [ -111.211382409021994, 58.680459030211487, 0.0 ], [ -111.207849686127901, 58.680467330256967, 0.0 ], [ -111.206080064194197, 58.679915982068238, 0.0 ], [ -111.205369716318103, 58.678815773003521, 0.0 ], [ -111.205713991727904, 58.6775263323715, 0.0 ], [ -111.208178447654703, 58.676420842042383, 0.0 ], [ -111.210993361390095, 58.675316640395998, 0.0 ], [ -111.211695406419096, 58.674208610487099, 0.0 ], [ -111.211336173233803, 58.672925412448727, 0.0 ], [ -111.209917244882604, 58.671453590181592, 0.0 ], [ -111.208139835997898, 58.670173539876423, 0.0 ], [ -111.206369950334107, 58.669073557944728, 0.0 ], [ -111.208616973522496, 58.664358734378389, 0.0 ], [ -111.205995900746601, 58.664574629092769, 0.0 ], [ -111.199113671289297, 58.664582702976389, 0.0 ], [ -111.194345691940796, 58.663209498286562, 0.0 ], [ -111.189592710933596, 58.665150790598581, 0.0 ], [ -111.184305474194502, 58.665983304253963, 0.0 ], [ -111.177958082968004, 58.666266944539181, 0.0 ], [ -111.171076319176706, 58.665450590815453, 0.0 ], [ -111.167894465786105, 58.663799833221979, 0.0 ], [ -111.170526721161195, 58.661314994569842, 0.0 ], [ -111.170511951712697, 58.658283593260457, 0.0 ], [ -111.168917562795599, 58.656082032854648, 0.0 ], [ -111.164682460327299, 58.654984389513629, 0.0 ], [ -111.159914647000306, 58.654711626803518, 0.0 ], [ -111.158320012144898, 58.652509911166263, 0.0 ], [ -111.155672448686104, 58.650861293882443, 0.0 ], [ -111.157778527886094, 58.648648783567531, 0.0 ], [ -111.157763295281597, 58.646444793479517, 0.0 ], [ -111.158807996172101, 58.643966691512709, 0.0 ], [ -111.164095150919195, 58.643405093553007, 0.0 ], [ -111.167795066480807, 58.643677368805733, 0.0 ], [ -111.169908953370296, 58.642296855301588, 0.0 ], [ -111.167787787381499, 58.641473627077019, 0.0 ], [ -111.165148050322898, 58.641475827519663, 0.0 ], [ -111.163019739328107, 58.639276222247013, 0.0 ], [ -111.163538154398694, 58.637618816970843, 0.0 ], [ -111.167773193871099, 58.638442222641039, 0.0 ], [ -111.170954603497606, 58.639535389733361, 0.0 ], [ -111.173075150115693, 58.641190487655493, 0.0 ], [ -111.177836044504602, 58.641736904623237, 0.0 ], [ -111.177828643767, 58.640356115768427, 0.0 ], [ -111.178346962785, 58.638703158732909, 0.0 ], [ -111.181520811982594, 58.639247204825097, 0.0 ], [ -111.184702248029694, 58.640344520373027, 0.0 ], [ -111.189463223613501, 58.640890505593923, 0.0 ], [ -111.193163100653095, 58.641162050013747, 0.0 ], [ -111.194216008393497, 58.639781201613317, 0.0 ], [ -111.191034834986397, 58.638135509252812, 0.0 ], [ -111.185740118571402, 58.636211158213378, 0.0 ], [ -111.182557945601403, 58.635113837869383, 0.0 ], [ -111.177797869814398, 58.634567607226138, 0.0 ], [ -111.173570217506196, 58.63402356105297, 0.0 ], [ -111.170390085013594, 58.632647176599193, 0.0 ], [ -111.167207780364194, 58.630447694831879, 0.0 ], [ -111.164560558783705, 58.629622195383668, 0.0 ], [ -111.159807100370699, 58.629907420953927, 0.0 ], [ -111.155580895338701, 58.630738899047927, 0.0 ], [ -111.152932903995193, 58.629364493684818, 0.0 ], [ -111.151864937427803, 58.627160444586579, 0.0 ], [ -111.151858041163194, 58.624952195169641, 0.0 ], [ -111.151842603339901, 58.622195050435167, 0.0 ], [ -111.152887439412297, 58.619438185240227, 0.0 ], [ -111.154992882731605, 58.617234722862328, 0.0 ], [ -111.156565512031307, 58.615298600066623, 0.0 ], [ -111.153391024899804, 58.614479548638457, 0.0 ], [ -111.149171881493501, 58.615585315649369, 0.0 ], [ -111.144418662520593, 58.615591127850131, 0.0 ], [ -111.138078805445105, 58.615319718187202, 0.0 ], [ -111.132792091170998, 58.615327044798157, 0.0 ], [ -111.129625962351895, 58.616432403149702, 0.0 ], [ -111.125940757196901, 58.618641809124213, 0.0 ], [ -111.121713835161302, 58.619746463373048, 0.0 ], [ -111.120134785748803, 58.621682004690037, 0.0 ], [ -111.116968460036702, 58.623061386044533, 0.0 ], [ -111.110636113775897, 58.624996962065048, 0.0 ], [ -111.107996417434606, 58.627206060310797, 0.0 ], [ -111.102189958414797, 58.629962163272459, 0.0 ], [ -111.095849807213298, 58.630520678146063, 0.0 ], [ -111.091097412008907, 58.63107773225132, 0.0 ], [ -111.088449310617307, 58.629976273895259, 0.0 ], [ -111.0921422868457, 58.627489290095198, 0.0 ], [ -111.093194804672194, 58.625286206055421, 0.0 ], [ -111.087908212372497, 58.624738561905602, 0.0 ], [ -111.082628674418501, 58.625292729131573, 0.0 ], [ -111.0778676409371, 58.625844522481621, 0.0 ], [ -111.074175455665895, 58.626676158505759, 0.0 ], [ -111.0704741934845, 58.626954254537779, 0.0 ], [ -111.065714537325903, 58.627231317102527, 0.0 ], [ -111.060434726000494, 58.627235909786563, 0.0 ], [ -111.055674304846704, 58.626410747214692, 0.0 ], [ -111.056734210799902, 58.628336635210758, 0.0 ], [ -111.058321490134603, 58.629716535144468, 0.0 ], [ -111.055681098191499, 58.631650272202599, 0.0 ], [ -111.054101592069202, 58.633580568197317, 0.0 ], [ -111.054635903695896, 58.636610145610518, 0.0 ], [ -111.051996623772993, 58.639366854839999, 0.0 ], [ -111.046709130057906, 58.640746852589409, 0.0 ], [ -111.043534304635998, 58.641849319826903, 0.0 ], [ -111.040716122872496, 58.64252002711369, 0.0 ], [ -111.040726208141194, 58.64249990213299, 0.0 ], [ -111.042522443888203, 58.639877482557722, 0.0 ], [ -111.043259249878403, 58.638770772664877, 0.0 ], [ -111.043395680381195, 58.637183185255488, 0.0 ], [ -111.042747919142599, 58.635619920566292, 0.0 ], [ -111.0407618310591, 58.633479797719033, 0.0 ], [ -111.038545388891194, 58.631363759219447, 0.0 ], [ -111.037775137348802, 58.630088146954833, 0.0 ], [ -111.037908013132906, 58.6274966351071, 0.0 ], [ -111.042680890626002, 58.622516754429363, 0.0 ], [ -111.050014809747793, 58.617912442070882, 0.0 ], [ -111.058566971908903, 58.614667308641593, 0.0 ], [ -111.074076138995295, 58.614202364593041, 0.0 ], [ -111.090974187618997, 58.611740680399777, 0.0 ], [ -111.094942468617006, 58.609779219053209, 0.0 ], [ -111.0951140132901, 58.609250698390227, 0.0 ], [ -111.096080654087402, 58.608878690854588, 0.0 ], [ -111.096157892808506, 58.608848968514508, 0.0 ], [ -111.096615655191201, 58.608672795247571, 0.0 ], [ -111.097763139683806, 58.607746710736137, 0.0 ], [ -111.098479376369298, 58.606845948921809, 0.0 ], [ -111.098667594347305, 58.605620510135068, 0.0 ], [ -111.098566136424694, 58.603620110240719, 0.0 ], [ -111.098562055964706, 58.60216976817825, 0.0 ], [ -111.098653931621698, 58.600769354818063, 0.0 ], [ -111.098602008529795, 58.599344058869391, 0.0 ], [ -111.098550660832402, 58.598118800898192, 0.0 ], [ -111.098307837887205, 58.596943703402033, 0.0 ], [ -111.097827611012406, 58.596518968069837, 0.0 ], [ -111.096820555329799, 58.596119632672199, 0.0 ], [ -111.095813919919706, 58.595870323144581, 0.0 ], [ -111.094567862452607, 58.59564619449899, 0.0 ], [ -111.093608899299696, 58.595296813867819, 0.0 ], [ -111.093080455136004, 58.594722059024058, 0.0 ], [ -111.093108950380497, 58.594455265198597, 0.0 ], [ -111.093173930059905, 58.59384677533091, 0.0 ], [ -111.093601282724805, 58.592446130211151, 0.0 ], [ -111.094363528394595, 58.590920207449471, 0.0 ], [ -111.094886991115601, 58.589669516835457, 0.0 ], [ -111.095408509842798, 58.587718657336751, 0.0 ], [ -111.095499729664795, 58.586043185846151, 0.0 ], [ -111.095256206776, 58.584543006202878, 0.0 ], [ -111.0943885964749, 58.582443135506992, 0.0 ], [ -111.093138446653697, 58.580493567581151, 0.0 ], [ -111.091841533732605, 58.578919122630573, 0.0 ], [ -111.090833682485894, 58.577994606011693, 0.0 ], [ -111.089967912851506, 58.576444839149168, 0.0 ], [ -111.089678420470705, 58.575569832300403, 0.0 ], [ -111.089723798351201, 58.574594562528432, 0.0 ], [ -111.089958611749296, 58.572818961061799, 0.0 ], [ -111.090146430049401, 58.571393483953209, 0.0 ], [ -111.090097409923899, 58.571002238542071, 0.0 ], [ -111.092427467733302, 58.569389825936319, 0.0 ], [ -111.100270429277302, 58.567141443825612, 0.0 ], [ -111.110568922236993, 58.56641950599505, 0.0 ], [ -111.111528274246396, 58.566550522145903, 0.0 ], [ -111.112724102903101, 58.566324425238683, 0.0 ], [ -111.112839115660407, 58.566260362817971, 0.0 ], [ -111.116435516386503, 58.566008249191889, 0.0 ], [ -111.127544760432698, 58.562791197108638, 0.0 ], [ -111.1353031240794, 58.562220144175349, 0.0 ], [ -111.150772691069804, 58.562087030037937, 0.0 ], [ -111.153283692949799, 58.563466461474412, 0.0 ], [ -111.153116925263006, 58.566971651355018, 0.0 ], [ -111.151499980742997, 58.568160035295172, 0.0 ], [ -111.151073510072194, 58.569160777059501, 0.0 ], [ -111.151508079602493, 58.570035486360418, 0.0 ], [ -111.152658615286299, 58.57043422137437, 0.0 ], [ -111.152952986253098, 58.570417388909803, 0.0 ], [ -111.152915781304003, 58.571199351511723, 0.0 ], [ -111.154783824095702, 58.572568430175927, 0.0 ], [ -111.169581993440403, 58.573096367040478, 0.0 ], [ -111.174766354151302, 58.572486525599302, 0.0 ], [ -111.176155685308103, 58.571796919510547, 0.0 ], [ -111.176789253619702, 58.571528571741553, 0.0 ], [ -111.177008854952902, 58.571373439876517, 0.0 ], [ -111.1813647938164, 58.56921133259047, 0.0 ], [ -111.186516744847296, 58.55548237160955, 0.0 ], [ -111.1868539837306, 58.553646268548441, 0.0 ], [ -111.186985140711599, 58.553534689391952, 0.0 ], [ -111.1884630694273, 58.552557288265866, 0.0 ], [ -111.189414657073399, 58.551580643378237, 0.0 ], [ -111.189647920332902, 58.550480024773911, 0.0 ], [ -111.189305085765895, 58.549005165192717, 0.0 ], [ -111.188195033217497, 58.547181333465232, 0.0 ], [ -111.186704693180602, 58.54578316057551, 0.0 ], [ -111.186191527614398, 58.54513672949286, 0.0 ], [ -111.186358694353601, 58.545053619378081, 0.0 ], [ -111.192825737762604, 58.544463308226867, 0.0 ], [ -111.2004095031687, 58.547588645995567, 0.0 ], [ -111.208483595219604, 58.554082775519447, 0.0 ], [ -111.211687234930096, 58.554456183956269, 0.0 ], [ -111.21333234494, 58.553637728772557, 0.0 ], [ -111.213395865600305, 58.553643579554709, 0.0 ], [ -111.215353934230706, 58.553065172585313, 0.0 ], [ -111.2171167083021, 58.551861900114133, 0.0 ], [ -111.218734437950403, 58.550433802860113, 0.0 ], [ -111.219730933189396, 58.549131777332619, 0.0 ], [ -111.220154264121007, 58.547980763515291, 0.0 ], [ -111.219861918782101, 58.547131048138773, 0.0 ], [ -111.219282589156805, 58.54628182904689, 0.0 ], [ -111.218128673466893, 58.545333551864772, 0.0 ], [ -111.216304713827697, 58.544311376991118, 0.0 ], [ -111.213713912443794, 58.543015385184802, 0.0 ], [ -111.211363638129001, 58.54191899855271, 0.0 ], [ -111.211026799512197, 58.541652028353717, 0.0 ], [ -111.214249346399598, 58.540699322311568, 0.0 ], [ -111.225190472717202, 58.540832789779927, 0.0 ], [ -111.231563555281994, 58.542261358461303, 0.0 ], [ -111.238643678702402, 58.542347756745443, 0.0 ], [ -111.240800931668801, 58.540915533168693, 0.0 ], [ -111.241487846818401, 58.540790635465243, 0.0 ], [ -111.242775014446806, 58.540188054863897, 0.0 ], [ -111.243677454014502, 58.53928611903541, 0.0 ], [ -111.244291510114806, 58.538184673517577, 0.0 ], [ -111.245043244521298, 58.53625775710465, 0.0 ], [ -111.245032954050799, 58.534782395121681, 0.0 ], [ -111.244783758581093, 58.533332504178901, 0.0 ], [ -111.244391310809604, 58.531907891873821, 0.0 ], [ -111.243660566741895, 58.529958782125163, 0.0 ], [ -111.242835498479906, 58.528184893165587, 0.0 ], [ -111.242300111620807, 58.526810557730997, 0.0 ], [ -111.241813431665904, 58.525561149941623, 0.0 ], [ -111.240939560706806, 58.523612298434983, 0.0 ], [ -111.239929894156703, 58.522763969584453, 0.0 ], [ -111.238874849121302, 58.522265809211333, 0.0 ], [ -111.238265717975594, 58.522125536958711, 0.0 ], [ -111.238309578861205, 58.521148704578373, 0.0 ], [ -111.246866420920099, 58.516880092330069, 0.0 ], [ -111.246936326787903, 58.515313787612001, 0.0 ], [ -111.247858303416194, 58.515021928358237, 0.0 ], [ -111.249002282611698, 58.514594605428513, 0.0 ], [ -111.249618413801102, 58.513868225105909, 0.0 ], [ -111.249277328451996, 58.512943650162917, 0.0 ], [ -111.248030591438393, 58.512345907925337, 0.0 ], [ -111.2467861845942, 58.512073237171528, 0.0 ], [ -111.244348331803394, 58.51197787027624, 0.0 ], [ -111.241958459594997, 58.511907380768072, 0.0 ], [ -111.241307104046399, 58.511701585990949, 0.0 ], [ -111.241334292107396, 58.511092463432341, 0.0 ], [ -111.246568333404994, 58.509136761389513, 0.0 ], [ -111.254957775893601, 58.508568140137093, 0.0 ], [ -111.262628660102706, 58.509668926956081, 0.0 ], [ -111.273235351909705, 58.517199494328104, 0.0 ], [ -111.273655208722104, 58.522227850808477, 0.0 ], [ -111.273584286312001, 58.52230510427956, 0.0 ], [ -111.267674800246695, 58.526553017921721, 0.0 ], [ -111.268858844132495, 58.528921278525708, 0.0 ], [ -111.274005047698694, 58.528985445970221, 0.0 ], [ -111.294343607797401, 58.520145008885002, 0.0 ], [ -111.303464569256803, 58.51756182798507, 0.0 ], [ -111.311211412340299, 58.516979974993667, 0.0 ], [ -111.314456094033304, 58.51634484581438, 0.0 ], [ -111.3150434776975, 58.515069467383228, 0.0 ], [ -111.315208996635107, 58.514939988583002, 0.0 ], [ -111.315990004139906, 58.513804084593353, 0.0 ], [ -111.316425039673007, 58.512453038984873, 0.0 ], [ -111.317011729612602, 58.510795831473352, 0.0 ], [ -111.317513242498407, 58.509706907016991, 0.0 ], [ -111.318849189555493, 58.508331493313882, 0.0 ], [ -111.323231088832301, 58.506690542099811, 0.0 ], [ -111.332246574261205, 58.506458609270339, 0.0 ], [ -111.341164140616897, 58.508579547424922, 0.0 ], [ -111.346238345025697, 58.510320505813652, 0.0 ], [ -111.349285030037393, 58.514395795471813, 0.0 ], [ -111.354360313086204, 58.516136483856997, 0.0 ], [ -111.362749757371702, 58.515560841608767, 0.0 ], [ -111.367978040273698, 58.513600100720723, 0.0 ], [ -111.373945399264798, 58.509290448354449, 0.0 ], [ -111.374221515685093, 58.508700993856671, 0.0 ], [ -111.374788782789594, 58.50826399093512, 0.0 ], [ -111.375843627610195, 58.507198920836537, 0.0 ], [ -111.376419046732195, 58.506333249659903, 0.0 ], [ -111.376888368323705, 58.505197882211682, 0.0 ], [ -111.377355927701004, 58.503900525680031, 0.0 ], [ -111.377449243934805, 58.502982260937657, 0.0 ], [ -111.377303579383806, 58.502226693493157, 0.0 ], [ -111.376959039965598, 58.501363719881169, 0.0 ], [ -111.376248711484706, 58.500014809746347, 0.0 ], [ -111.375722285653794, 58.499510339711911, 0.0 ], [ -111.374252429779006, 58.498721275477401, 0.0 ], [ -111.372459552749106, 58.49808897194589, 0.0 ], [ -111.370341247930995, 58.497386740094939, 0.0 ], [ -111.368383916585302, 58.496542347384093, 0.0 ], [ -111.3662581225841, 58.495103378769471, 0.0 ], [ -111.365113379327994, 58.494313283489063, 0.0 ], [ -111.363686232266105, 58.492376438214187, 0.0 ], [ -111.363183406948906, 58.490847812835561, 0.0 ], [ -111.362953218048304, 58.489516753611511, 0.0 ], [ -111.363209732044098, 58.488155980733623, 0.0 ], [ -111.364713182955896, 58.487032515088941, 0.0 ], [ -111.366057614185195, 58.486235327911267, 0.0 ], [ -111.366212854720402, 58.485554856902347, 0.0 ], [ -111.365993783483205, 58.485300476280017, 0.0 ], [ -111.363775207295703, 58.485278451297162, 0.0 ], [ -111.362043568544493, 58.485255012707121, 0.0 ], [ -111.360633077339401, 58.484890638768697, 0.0 ], [ -111.359651384985895, 58.484128360436578, 0.0 ], [ -111.358666854499603, 58.48308274839308, 0.0 ], [ -111.358158174976793, 58.480944928730779, 0.0 ], [ -111.358296581514594, 58.480097481439671, 0.0 ], [ -111.359761361768406, 58.478846779397891, 0.0 ], [ -111.359768351843798, 58.478677186179233, 0.0 ], [ -111.360294831557695, 58.478275521786152, 0.0 ], [ -111.361528224393297, 58.477223683031823, 0.0 ], [ -111.361733242876497, 58.476118070121998, 0.0 ], [ -111.360959123485898, 58.474476857949739, 0.0 ], [ -111.359050736331895, 58.472980489723902, 0.0 ], [ -111.356772532764097, 58.47233515466089, 0.0 ], [ -111.355798152636197, 58.472252858007231, 0.0 ], [ -111.354394235899505, 58.472483419550578, 0.0 ], [ -111.353264416574902, 58.473081555223203, 0.0 ], [ -111.352463907432806, 58.474160459432319, 0.0 ], [ -111.352558664846896, 58.475353160808041, 0.0 ], [ -111.350165557598999, 58.477728441578932, 0.0 ], [ -111.349928675505296, 58.477774632514077, 0.0 ], [ -111.349740625079903, 58.477709704769481, 0.0 ], [ -111.348431169451601, 58.476579893545541, 0.0 ], [ -111.347874448057496, 58.474980512107621, 0.0 ], [ -111.347790967817204, 58.472005634022793, 0.0 ], [ -111.347996669845301, 58.47092837022614, 0.0 ], [ -111.349708313906703, 58.469011149304137, 0.0 ], [ -111.351300888013895, 58.467878379990417, 0.0 ], [ -111.351869067427003, 58.467650599978867, 0.0 ], [ -111.362214752953193, 58.466087657846373, 0.0 ], [ -111.371219795225898, 58.465852845981964, 0.0 ], [ -111.378844604893601, 58.467957134424182, 0.0 ], [ -111.383231567105497, 58.470698083140853, 0.0 ], [ -111.388727337410302, 58.477827161318693, 0.0 ], [ -111.390479460934799, 58.482220242201997, 0.0 ], [ -111.395429828582493, 58.486986462088957, 0.0 ], [ -111.401119994937702, 58.489403589549703, 0.0 ], [ -111.406863436493893, 58.490477557575012, 0.0 ], [ -111.416478324923006, 58.491259295794443, 0.0 ], [ -111.4370458548062, 58.491481859798363, 0.0 ], [ -111.441960094504594, 58.490513429243663, 0.0 ], [ -111.445160833838898, 58.490334656719021, 0.0 ], [ -111.447645648033401, 58.489985997223371, 0.0 ], [ -111.4494767454308, 58.489299578332293, 0.0 ], [ -111.451523293863701, 58.488541524477547, 0.0 ], [ -111.453612727483403, 58.486919098643483, 0.0 ], [ -111.455809442730796, 58.485239582444713, 0.0 ], [ -111.456602254585604, 58.483791704050539, 0.0 ], [ -111.456641466811504, 58.48264402006054, 0.0 ], [ -111.456252483071196, 58.481852039131731, 0.0 ], [ -111.455433309343206, 58.481259930002317, 0.0 ], [ -111.454291038663698, 58.480782291217338, 0.0 ], [ -111.452556654243807, 58.480533408193729, 0.0 ], [ -111.448273498259596, 58.480587061972606, 0.0 ], [ -111.446693352933806, 58.48034034411792, 0.0 ], [ -111.445752488273897, 58.479792464769091, 0.0 ], [ -111.444948340700805, 58.478987475072941, 0.0 ], [ -111.444887996763697, 58.477942219554023, 0.0 ], [ -111.445386814830499, 58.476076114587158, 0.0 ], [ -111.446669005840803, 58.475431527495452, 0.0 ], [ -111.451834646209207, 58.474810256406052, 0.0 ], [ -111.458220333517005, 58.475890703831958, 0.0 ], [ -111.465801216789302, 58.479337343297942, 0.0 ], [ -111.472856141594207, 58.479747560578389, 0.0 ], [ -111.480618104454194, 58.478481618683482, 0.0 ], [ -111.482297321512405, 58.477635866969841, 0.0 ], [ -111.4845351384526, 58.477030671002417, 0.0 ], [ -111.487543437000895, 58.475517546327573, 0.0 ], [ -111.489355673565598, 58.473583894220923, 0.0 ], [ -111.491370008113606, 58.470643571501277, 0.0 ], [ -111.491991670387605, 58.468686100650793, 0.0 ], [ -111.491648016735397, 58.467313190023638, 0.0 ], [ -111.491523263157205, 58.466123616389467, 0.0 ], [ -111.491985389323204, 58.464365099290752, 0.0 ], [ -111.492394593585701, 58.462691783429072, 0.0 ], [ -111.493129154702402, 58.461088053807273, 0.0 ], [ -111.493649173339193, 58.459612659984487, 0.0 ], [ -111.494230365656307, 58.458647040899152, 0.0 ], [ -111.4949212366067, 58.457794336301063, 0.0 ], [ -111.496928759646593, 58.456384013569632, 0.0 ], [ -111.498212358420901, 58.455401484231622, 0.0 ], [ -111.500032692558193, 58.453162495908778, 0.0 ], [ -111.502544961919696, 58.450125528586383, 0.0 ], [ -111.504995024407805, 58.446988710153882, 0.0 ], [ -111.508794209520005, 58.446460869535237, 0.0 ], [ -111.5119427731196, 58.448174287550813, 0.0 ], [ -111.513040779623395, 58.453235528476263, 0.0 ], [ -111.518709346714004, 58.456321266836618, 0.0 ], [ -111.529551830749995, 58.458449855037728, 0.0 ], [ -111.547532401660703, 58.458629939682169, 0.0 ], [ -111.554001244962393, 58.457347257691673, 0.0 ], [ -111.556863842962599, 58.455721030124913, 0.0 ], [ -111.5587466596795, 58.455257255283193, 0.0 ], [ -111.560516976726205, 58.454741068073517, 0.0 ], [ -111.562118944929296, 58.45381035926939, 0.0 ], [ -111.563312248651897, 58.4531102225993, 0.0 ], [ -111.564511625665403, 58.451782950558602, 0.0 ], [ -111.565087705562505, 58.450658433346597, 0.0 ], [ -111.565522791701596, 58.449871783148787, 0.0 ], [ -111.565721801952904, 58.448750081296069, 0.0 ], [ -111.565027374609699, 58.447604426630591, 0.0 ], [ -111.563984773873898, 58.446355508019288, 0.0 ], [ -111.562110781429396, 58.445366030188069, 0.0 ], [ -111.5595520626336, 58.444968612162278, 0.0 ], [ -111.554314004399203, 58.444819153685799, 0.0 ], [ -111.548522638120204, 58.445030489703228, 0.0 ], [ -111.543631214280097, 58.44466941100886, 0.0 ], [ -111.541349601180201, 58.443409781402792, 0.0 ], [ -111.5397803506049, 58.441633391571592, 0.0 ], [ -111.540131449329806, 58.4405078884933, 0.0 ], [ -111.540203976464099, 58.438015149857101, 0.0 ], [ -111.539786799385297, 58.436627111338851, 0.0 ], [ -111.539245773968005, 58.435510388657967, 0.0 ], [ -111.540091175266497, 58.433308799710673, 0.0 ], [ -111.546640654608197, 58.429672796842283, 0.0 ], [ -111.547602360164603, 58.428886841672949, 0.0 ], [ -111.551621526842993, 58.427245266137547, 0.0 ], [ -111.553844971388997, 58.425712997529303, 0.0 ], [ -111.554437526535906, 58.424262924669669, 0.0 ], [ -111.554798081378195, 58.423693742578081, 0.0 ], [ -111.559951654168799, 58.420717293322049, 0.0 ], [ -111.561455312626705, 58.420400335319243, 0.0 ], [ -111.564076116915203, 58.419714040203282, 0.0 ], [ -111.565352598422294, 58.4188669519013, 0.0 ], [ -111.565947694129903, 58.418180791606837, 0.0 ], [ -111.565965426109898, 58.417275896219529, 0.0 ], [ -111.565853441062202, 58.416256659102807, 0.0 ], [ -111.565551769761598, 58.41547783182564, 0.0 ], [ -111.565465198670694, 58.414983044654832, 0.0 ], [ -111.5652339609791, 58.414662038235029, 0.0 ], [ -111.559336398654494, 58.41087116639909, 0.0 ], [ -111.559159067172999, 58.410417309352148, 0.0 ], [ -111.559572062925895, 58.40940806731394, 0.0 ], [ -111.560025614943001, 58.407654768765632, 0.0 ], [ -111.559439310382302, 58.406373482446, 0.0 ], [ -111.557386923310503, 58.404889881247762, 0.0 ], [ -111.555179596785806, 58.403842715052491, 0.0 ], [ -111.553961143239704, 58.403181326236108, 0.0 ], [ -111.553101484636002, 58.402349992920747, 0.0 ], [ -111.552443124864396, 58.401209780987813, 0.0 ], [ -111.551832965244998, 58.399576969371587, 0.0 ], [ -111.551367188602697, 58.398217439576747, 0.0 ], [ -111.550560257085294, 58.396848714577651, 0.0 ], [ -111.549641813184707, 58.395746372545787, 0.0 ], [ -111.548894009084805, 58.394648623622643, 0.0 ], [ -111.547791948516604, 58.393676015152693, 0.0 ], [ -111.546681178629001, 58.392792956159703, 0.0 ], [ -111.544641104870294, 58.391795000541208, 0.0 ], [ -111.542570431944497, 58.391110478855722, 0.0 ], [ -111.541007133001301, 58.390484538152329, 0.0 ], [ -111.539896637592705, 58.389601423719661, 0.0 ], [ -111.539153651964199, 58.388458842434133, 0.0 ], [ -111.539016412420906, 58.387242840351867, 0.0 ], [ -111.539521819120495, 58.386448315962618, 0.0 ], [ -111.540276037353394, 58.385217467315783, 0.0 ], [ -111.541696140759996, 58.383312541498398, 0.0 ], [ -111.543810186796307, 58.380616635569119, 0.0 ], [ -111.546724210965905, 58.377618412645589, 0.0 ], [ -111.547812494078997, 58.375947383979117, 0.0 ], [ -111.548356824843296, 58.373532936250001, 0.0 ], [ -111.548648905108493, 58.370544878786198, 0.0 ], [ -111.549007817068897, 58.368449307346758, 0.0 ], [ -111.549157753541806, 58.366914897666021, 0.0 ], [ -111.5497845123122, 58.365231407569972, 0.0 ], [ -111.550304858746799, 58.363059217928772, 0.0 ], [ -111.550340467137104, 58.361116867305881, 0.0 ], [ -111.550253953988005, 58.35884733776696, 0.0 ], [ -111.549044575539298, 58.357033341312217, 0.0 ], [ -111.547279691555104, 58.356175993061463, 0.0 ], [ -111.545790597382904, 58.35564995280648, 0.0 ], [ -111.543572838203204, 58.354699344770417, 0.0 ], [ -111.542154994332094, 58.353446442322337, 0.0 ], [ -111.537513451468598, 58.346368593131572, 0.0 ], [ -111.536657907379194, 58.344810116814443, 0.0 ], [ -111.530952601972501, 58.340150484601807, 0.0 ], [ -111.529198814659907, 58.338717833614361, 0.0 ], [ -111.522004630226405, 58.335458374986111, 0.0 ], [ -111.518833264803305, 58.333895081301733, 0.0 ], [ -111.515237500867201, 58.331176836883081, 0.0 ], [ -111.513136795128602, 58.328766643702387, 0.0 ], [ -111.511405071495105, 58.326740811596338, 0.0 ], [ -111.509988193678396, 58.324616600497542, 0.0 ], [ -111.509104636527894, 58.322239557709722, 0.0 ], [ -111.509086085906105, 58.320367416878277, 0.0 ], [ -111.509280770403194, 58.318394148237047, 0.0 ], [ -111.509368825636898, 58.316471442781669, 0.0 ], [ -111.509718812588403, 58.314983692315579, 0.0 ], [ -111.5099463957296, 58.313706501071358, 0.0 ], [ -111.510434483252993, 58.31184819472103, 0.0 ], [ -111.511008070541905, 58.310152647501774, 0.0 ], [ -111.511411213267095, 58.307444190303578, 0.0 ], [ -111.511619614150703, 58.306235627911768, 0.0 ], [ -111.511061923469796, 58.300489401829722, 0.0 ], [ -111.510444219383999, 58.298804822342703, 0.0 ], [ -111.509565763307606, 58.296958320545592, 0.0 ], [ -111.508084324283303, 58.294289748471513, 0.0 ], [ -111.506255800386697, 58.291676553818412, 0.0 ], [ -111.504391501471005, 58.289428521158257, 0.0 ], [ -111.502608438600703, 58.287768554761051, 0.0 ], [ -111.501326158473105, 58.286671539572659, 0.0 ], [ -111.5000223177599, 58.285793622161343, 0.0 ], [ -111.498667242925094, 58.284731198525279, 0.0 ], [ -111.496852182121998, 58.283399822406082, 0.0 ], [ -111.4942109432683, 58.280821084383042, 0.0 ], [ -111.492425129197699, 58.279273778875798, 0.0 ], [ -111.490921283797704, 58.278000716834327, 0.0 ], [ -111.489722908716104, 58.276063675611979, 0.0 ], [ -111.488918851551006, 58.274357164483497, 0.0 ], [ -111.488136573635302, 58.272431543882071, 0.0 ], [ -111.487842594248605, 58.269786995255657, 0.0 ], [ -111.487258077840906, 58.268672390739759, 0.0 ], [ -111.486666362705506, 58.26763081873105, 0.0 ], [ -111.486330164160506, 58.26681598161457, 0.0 ], [ -111.486197728851593, 58.265347634766719, 0.0 ], [ -111.485805088812299, 58.261113986263453, 0.0 ], [ -111.485886497905497, 58.258062611857667, 0.0 ], [ -111.485284116229096, 58.255549909204703, 0.0 ], [ -111.485233462514103, 58.255338599051449, 0.0 ], [ -111.483471400704204, 58.252553875445152, 0.0 ], [ -111.482176760046599, 58.250926327908402, 0.0 ], [ -111.480805803371695, 58.250014998862952, 0.0 ], [ -111.478968125065194, 58.249045349006749, 0.0 ], [ -111.476702819534395, 58.248176846244981, 0.0 ], [ -111.473182216847405, 58.2478809182848, 0.0 ], [ -111.472190578586506, 58.24779754974368, 0.0 ], [ -111.471851481836893, 58.247782846043258, 0.0 ], [ -111.469184093606103, 58.247667175821903, 0.0 ], [ -111.466286419895198, 58.247649492960157, 0.0 ], [ -111.463523832290704, 58.24800861170597, 0.0 ], [ -111.460112235441898, 58.248620635469372, 0.0 ], [ -111.457837780561306, 58.249028601327311, 0.0 ], [ -111.455973592616701, 58.249801215774653, 0.0 ], [ -111.453091796679502, 58.250805928987639, 0.0 ], [ -111.452966144241501, 58.250870018795581, 0.0 ], [ -111.451076589577497, 58.251833723031417, 0.0 ], [ -111.446555170222496, 58.253057266855599, 0.0 ], [ -111.444889679829799, 58.253507905541802, 0.0 ], [ -111.435493572215094, 58.254188308019998, 0.0 ], [ -111.424970146498794, 58.253154465183037, 0.0 ], [ -111.419907882479507, 58.251291885245053, 0.0 ], [ -111.418479403991896, 58.250015002694433, 0.0 ], [ -111.417648834594502, 58.24798460934791, 0.0 ], [ -111.417740050393704, 58.243744866290882, 0.0 ], [ -111.418695833020095, 58.24106418872546, 0.0 ], [ -111.420433729161999, 58.238938756115388, 0.0 ], [ -111.421970705121595, 58.237725077601262, 0.0 ], [ -111.422441577742106, 58.237454310133991, 0.0 ], [ -111.426607052731796, 58.235794359983679, 0.0 ], [ -111.434739092793293, 58.230940747902658, 0.0 ], [ -111.436016661232898, 58.229646435188222, 0.0 ], [ -111.436407786422293, 58.229421427746132, 0.0 ], [ -111.440244942453205, 58.227213518063593, 0.0 ], [ -111.443174290814298, 58.224693181804057, 0.0 ], [ -111.444487496137697, 58.222606070089427, 0.0 ], [ -111.445024358161504, 58.22044727617741, 0.0 ], [ -111.4446493876044, 58.21838504436456, 0.0 ], [ -111.444645937209302, 58.218366051096091, 0.0 ], [ -111.444636755824604, 58.21832818625623, 0.0 ], [ -111.444200096415898, 58.216526774171861, 0.0 ], [ -111.440344528954398, 58.212486593551439, 0.0 ], [ -111.436344526733507, 58.211258510574673, 0.0 ], [ -111.432917942594202, 58.210206304935923, 0.0 ], [ -111.432174180279802, 58.210112647875377, 0.0 ], [ -111.421848031777799, 58.208811797702417, 0.0 ], [ -111.415025421882007, 58.207951798749477, 0.0 ], [ -111.405355018237501, 58.207083337863963, 0.0 ], [ -111.401199581002999, 58.206285620256033, 0.0 ], [ -111.398339095886996, 58.205360835726182, 0.0 ], [ -111.395908189911296, 58.204357210736831, 0.0 ], [ -111.392959245243205, 58.203139565051252, 0.0 ], [ -111.387194201886999, 58.200257064471451, 0.0 ], [ -111.376882757912298, 58.195099562457131, 0.0 ], [ -111.373928930296699, 58.192082498270587, 0.0 ], [ -111.373061974086994, 58.191196867874233, 0.0 ], [ -111.371401196226302, 58.18950018298959, 0.0 ], [ -111.368621516215697, 58.186575784537908, 0.0 ], [ -111.367467368536595, 58.184776329584722, 0.0 ], [ -111.366899122533297, 58.1826991298664, 0.0 ], [ -111.366847525859598, 58.179930017870042, 0.0 ], [ -111.366447323079598, 58.169636769499718, 0.0 ], [ -111.366177624216107, 58.16799698916666, 0.0 ], [ -111.365955285961604, 58.166645027149059, 0.0 ], [ -111.366482018470805, 58.164644595383137, 0.0 ], [ -111.366826436578904, 58.164146448569149, 0.0 ], [ -111.367276773040103, 58.161626257541563, 0.0 ], [ -111.367552709264103, 58.160578298152352, 0.0 ], [ -111.367851425222, 58.159443600130487, 0.0 ], [ -111.368684105600295, 58.156442574772662, 0.0 ], [ -111.369352684568199, 58.154032618823173, 0.0 ], [ -111.369539895542701, 58.153357742110792, 0.0 ], [ -111.371901251804999, 58.14484305030799, 0.0 ], [ -111.372801082072201, 58.141597301044733, 0.0 ], [ -111.374684142463593, 58.136692151839057, 0.0 ], [ -111.374862440346504, 58.136227648366557, 0.0 ], [ -111.376662171228006, 58.131538151314572, 0.0 ], [ -111.376773176861093, 58.131248853530053, 0.0 ], [ -111.376812616027095, 58.131146086029368, 0.0 ], [ -111.379149928711598, 58.125015020608203, 0.0 ], [ -111.379970410585003, 58.12298785734999, 0.0 ], [ -111.381356265925305, 58.119563322139669, 0.0 ], [ -111.381259317946601, 58.119119902324329, 0.0 ], [ -111.380268223005501, 58.114586154618138, 0.0 ], [ -111.379782538149001, 58.113433315857733, 0.0 ], [ -111.377481730982893, 58.107970986372969, 0.0 ], [ -111.367417948411202, 58.091484535856203, 0.0 ], [ -111.366433582375194, 58.089465615975968, 0.0 ], [ -111.366148812905905, 58.088570814853142, 0.0 ], [ -111.366163326546697, 58.087756939570411, 0.0 ], [ -111.366466899234894, 58.086788458826582, 0.0 ], [ -111.3674882728358, 58.085750845553861, 0.0 ], [ -111.368709104373195, 58.085062722556373, 0.0 ], [ -111.369543565579306, 58.084512624933737, 0.0 ], [ -111.370185195905506, 58.084065780991338, 0.0 ], [ -111.372296006792695, 58.081971611891937, 0.0 ], [ -111.3725628979291, 58.081447191659791, 0.0 ], [ -111.374001527664504, 58.078620138008731, 0.0 ], [ -111.3766670613483, 58.078619529426568, 0.0 ], [ -111.386405192640396, 58.078623111394371, 0.0 ], [ -111.386916585903293, 58.078623272119927, 0.0 ], [ -111.400552373841194, 58.078624759380041, 0.0 ], [ -111.414025214064793, 58.078624774820149, 0.0 ], [ -111.414536605783496, 58.078624748864932, 0.0 ], [ -111.428180864262401, 58.078623519839468, 0.0 ], [ -111.441656318173997, 58.07862088317043, 0.0 ], [ -111.442167710950798, 58.078620760503817, 0.0 ], [ -111.455803383170604, 58.078616583681402, 0.0 ], [ -111.469268597216399, 58.078611032394633, 0.0 ], [ -111.469779989430705, 58.078610793268361, 0.0 ], [ -111.483417404433794, 58.078603659617102, 0.0 ], [ -111.496884338420102, 58.078595173213358, 0.0 ], [ -111.497395732629201, 58.07859482398591, 0.0 ], [ -111.511041738737205, 58.078601808049477, 0.0 ], [ -111.524517281871297, 58.078607295065417, 0.0 ], [ -111.525028677267301, 58.078607475033607, 0.0 ], [ -111.538674665279103, 58.078611524602408, 0.0 ], [ -111.552150205039297, 58.078614094870588, 0.0 ], [ -111.552661598542699, 58.078614158263093, 0.0 ], [ -111.566307588417004, 58.07861523898832, 0.0 ], [ -111.579783122825106, 58.078614874643378, 0.0 ], [ -111.580294511155003, 58.078614835767688, 0.0 ], [ -111.593940641861096, 58.078612928160368, 0.0 ], [ -111.607416415171102, 58.078609609792721, 0.0 ], [ -111.607927809657497, 58.078609454569758, 0.0 ], [ -111.6215739960778, 58.078604592408809, 0.0 ], [ -111.635049739120902, 58.078598344407553, 0.0 ], [ -111.635561133794994, 58.078598079877047, 0.0 ], [ -111.636806252552105, 58.078597366843198, 0.0 ], [ -111.663310632020398, 58.078598395404768, 0.0 ], [ -111.736586863900897, 58.078613611974291, 0.0 ], [ -111.738834030857006, 58.078614305644408, 0.0 ], [ -111.741464853831999, 58.078614624328793, 0.0 ], [ -111.829106196232004, 58.078632822578633, 0.0 ], [ -111.994848480693605, 58.078634130954363, 0.0 ], [ -112.160563762365598, 58.078598808389259, 0.0 ], [ -112.326256368311903, 58.078621445212562, 0.0 ], [ -112.491978492102504, 58.078626622804528, 0.0 ], [ -112.657732656729294, 58.0786234308014, 0.0 ], [ -112.823518500183496, 58.078611778725509, 0.0 ], [ -112.989273385004196, 58.078594905054388, 0.0 ], [ -113.154992265296698, 58.078572992297147, 0.0 ], [ -113.320675865955295, 58.07856421837991, 0.0 ], [ -113.486392227086895, 58.078569395216093, 0.0 ], [ -113.652143869617007, 58.07857511292773, 0.0 ], [ -113.817908109437397, 58.078607829552539, 0.0 ], [ -113.985929986919999, 58.078593490742932, 0.0 ], [ -113.990706158768205, 58.0787417850959, 0.0 ], [ -113.997515472845606, 58.078952842336847, 0.0 ], [ -114.000033634895402, 58.079030978121409, 0.0 ], [ -114.0018361793163, 58.07908690567163, 0.0 ], [ -114.002177111722503, 58.079097480290798, 0.0 ], [ -114.002176644055794, 58.07522488552334, 0.0 ], [ -114.002176152020795, 58.071352272988648, 0.0 ], [ -114.002175720503402, 58.067739775451628, 0.0 ], [ -114.002175280154304, 58.064127271350721, 0.0 ], [ -114.002174842991806, 58.060514755388311, 0.0 ], [ -114.002174396824401, 58.056902239150723, 0.0 ], [ -114.002173946496697, 58.053289670555991, 0.0 ], [ -114.002173510508797, 58.049767715803767, 0.0 ], [ -114.002173467164795, 58.04949661860929, 0.0 ], [ -114.002174508846693, 58.045884103430737, 0.0 ], [ -114.002175570279107, 58.042271579217058, 0.0 ], [ -114.002176611992496, 58.038659063631243, 0.0 ], [ -114.002177646449994, 58.035046535203939, 0.0 ], [ -114.002178481716101, 58.031434012200343, 0.0 ], [ -114.002179282672301, 58.027821476142677, 0.0 ], [ -114.002180099511605, 58.024208888783562, 0.0 ], [ -114.002180863535898, 58.020686914246419, 0.0 ], [ -114.002180921039297, 58.020415817531642, 0.0 ], [ -114.002181507765101, 58.016803280877632, 0.0 ], [ -114.002182095242702, 58.013190751213372, 0.0 ], [ -114.002182680086193, 58.009578228512197, 0.0 ], [ -114.0021832393263, 58.005965686533813, 0.0 ], [ -114.002183583056095, 58.00235313726818, 0.0 ], [ -114.002183811500203, 58.0000142546359, 0.0 ], [ -114.002183927909599, 57.998740583312383, 0.0 ], [ -114.0021843263698, 57.995127963072719, 0.0 ], [ -114.002184723152197, 57.991605976228698, 0.0 ], [ -114.002184741119706, 57.991334872602252, 0.0 ], [ -114.002185052437397, 57.987722285314412, 0.0 ], [ -114.002185332970598, 57.984109684997911, 0.0 ], [ -114.002185639882001, 57.980497084681708, 0.0 ], [ -114.002185926186698, 57.97688447051776, 0.0 ], [ -114.002186008244806, 57.973271877908878, 0.0 ], [ -114.002186076183307, 57.969659283184818, 0.0 ], [ -114.002186161342394, 57.966046593133889, 0.0 ], [ -114.002186242182205, 57.962524541354441, 0.0 ], [ -114.002186247540607, 57.962253438215548, 0.0 ], [ -114.002186207167497, 57.958640831135547, 0.0 ], [ -114.002186120716601, 57.955028217195718, 0.0 ], [ -114.002186072472796, 57.951415605145058, 0.0 ], [ -114.002185991903801, 57.947802978254593, 0.0 ], [ -114.002185935666304, 57.944190365725021, 0.0 ], [ -114.002185868873696, 57.940577745715252, 0.0 ], [ -114.002185818463104, 57.936965060924052, 0.0 ], [ -114.002185731275901, 57.933442996580801, 0.0 ], [ -114.002185731014805, 57.933171886794597, 0.0 ], [ -114.002185696077404, 57.929559261815882, 0.0 ], [ -114.002185621875, 57.92594662913104, 0.0 ], [ -114.0021855609385, 57.922333982861943, 0.0 ], [ -114.002185517755507, 57.918721343712271, 0.0 ], [ -114.002185432510501, 57.915108737272703, 0.0 ], [ -114.002185330143703, 57.911496117009833, 0.0 ], [ -114.002185230665106, 57.907883492067057, 0.0 ], [ -114.002185144125093, 57.90427086521909, 0.0 ], [ -114.002185131301005, 57.904090259548177, 0.0 ], [ -114.002185044123294, 57.900477626094748, 0.0 ], [ -114.002184956279706, 57.896864994223598, 0.0 ], [ -114.002184881342302, 57.89325236134529, 0.0 ], [ -114.002184768820698, 57.889639722569832, 0.0 ], [ -114.002184700908501, 57.886027095617052, 0.0 ], [ -114.002184582048301, 57.882414458168611, 0.0 ], [ -114.002184506605403, 57.878801753452862, 0.0 ], [ -114.002184431580702, 57.875279604684671, 0.0 ], [ -114.002184426197104, 57.875008566122062, 0.0 ], [ -114.002184339044604, 57.871395927292212, 0.0 ], [ -114.002184219612602, 57.867783274518303, 0.0 ], [ -114.002184146373096, 57.864170636274807, 0.0 ], [ -114.002184045913793, 57.860557984126743, 0.0 ], [ -114.0021839702938, 57.856945325672207, 0.0 ], [ -114.002183858833604, 57.853332660434212, 0.0 ], [ -114.002183763489597, 57.849719938496833, 0.0 ], [ -114.002183689282703, 57.846197783857953, 0.0 ], [ -114.002183678124297, 57.845926744935582, 0.0 ], [ -114.002183584832594, 57.842314079105407, 0.0 ], [ -114.002183482621604, 57.838701408500157, 0.0 ], [ -114.002183391235405, 57.835088750349193, 0.0 ], [ -114.002183302969001, 57.831476078531033, 0.0 ], [ -114.002183204099694, 57.827863401924098, 0.0 ], [ -114.002183109512899, 57.824250730530522, 0.0 ], [ -114.002183023198995, 57.820637980807113, 0.0 ], [ -114.002182914799207, 57.817115806534659, 0.0 ], [ -114.002182903098003, 57.816844761002542, 0.0 ], [ -114.002182801324906, 57.813232091510379, 0.0 ], [ -114.002182709451901, 57.809619406606359, 0.0 ], [ -114.002182621806298, 57.806006728711893, 0.0 ], [ -114.002182501535202, 57.802394051246416, 0.0 ], [ -114.002182419547793, 57.798781366679847, 0.0 ], [ -114.002182313724504, 57.795168669131357, 0.0 ], [ -114.0021822021113, 57.791555914708759, 0.0 ], [ -114.002182121825101, 57.788033720386323, 0.0 ], [ -114.002182107699696, 57.787762675418229, 0.0 ], [ -114.002182007998599, 57.784149985264797, 0.0 ], [ -114.002181880762294, 57.780537294680968, 0.0 ], [ -114.002181808627995, 57.776924596229051, 0.0 ], [ -114.002181714126195, 57.773311892893837, 0.0 ], [ -114.002182518552999, 57.769699318638779, 0.0 ], [ -114.002183312086302, 57.76608674408476, 0.0 ], [ -114.002184128254697, 57.762474111981518, 0.0 ], [ -114.002184919166396, 57.758952040837571, 0.0 ], [ -114.002184991729607, 57.758680995337357, 0.0 ], [ -114.002185812694293, 57.755068427447689, 0.0 ], [ -114.002186218418004, 57.753262137319318, 0.0 ], [ -114.002039621605704, 57.689528973708583, 0.0 ], [ -114.002085521945503, 57.555551588844708, 0.0 ], [ -114.002108046533806, 57.381087381886481, 0.0 ], [ -114.001330144487099, 57.381084766308462, 0.0 ], [ -114.001329912114699, 57.380983319798467, 0.0 ], [ -113.967869448974, 57.380972228723273, 0.0 ], [ -113.906583800810296, 57.380766107816527, 0.0 ], [ -113.744167202360998, 57.380810429083809, 0.0 ], [ -113.581704161853807, 57.380833510123303, 0.0 ], [ -113.552792477318803, 57.380834639017927, 0.0 ], [ -113.094281916082096, 57.380682651241607, 0.0 ], [ -113.094276450091797, 57.293599957795067, 0.0 ], [ -113.093697159377101, 57.293599953951393, 0.0 ], [ -113.093696238893003, 57.293439715877177, 0.0 ], [ -112.769518215072296, 57.293446570837951, 0.0 ], [ -112.769566298080306, 57.206282391741873, 0.0 ], [ -112.769029332205207, 57.206282146827341, 0.0 ], [ -112.769029069946896, 57.206114050082178, 0.0 ], [ -112.742730814827098, 57.206106676937949, 0.0 ], [ -112.7427368472258, 57.118953051035511, 0.0 ], [ -112.742732093811696, 57.031729181233587, 0.0 ], [ -112.742722299329102, 56.944414233394099, 0.0 ], [ -112.742708543907, 56.85697679627205, 0.0 ], [ -112.742678147868205, 56.856976783385328, 0.0 ], [ -112.742678146641794, 56.856969803452202, 0.0 ], [ -112.717151054112705, 56.856961533999659, 0.0 ], [ -112.717164300385903, 56.769891623323574, 0.0 ], [ -112.7171692667645, 56.682649664013361, 0.0 ], [ -112.717183595877501, 56.595451715557211, 0.0 ], [ -112.717169184333898, 56.580999244141381, 0.0 ], [ -112.717154052344497, 56.566366952941877, 0.0 ], [ -112.717140721281993, 56.551914390768992, 0.0 ], [ -112.717125228948305, 56.537282010382533, 0.0 ], [ -112.717110457675105, 56.522829448675388, 0.0 ], [ -112.717095683509399, 56.508201476203453, 0.0 ], [ -112.7167732856567, 56.508201855869324, 0.0 ], [ -112.716773093265004, 56.508120803077141, 0.0 ], [ -112.716772530065995, 56.507917834681621, 0.0 ], [ -112.716772494977903, 56.507905791142989, 0.0 ], [ -112.705226997264703, 56.507929896172037, 0.0 ], [ -112.692403264284494, 56.507955454392103, 0.0 ], [ -112.692402898737797, 56.493818580513299, 0.0 ], [ -112.692401808955495, 56.479186200217292, 0.0 ], [ -112.692399986121998, 56.450357486965373, 0.0 ], [ -112.700851705992093, 56.446724815168658, 0.0 ], [ -112.706310748242302, 56.443359982362658, 0.0 ], [ -112.707430543171299, 56.442168078904217, 0.0 ], [ -112.708357267520995, 56.44166303064646, 0.0 ], [ -112.708757411006602, 56.441472851153947, 0.0 ], [ -112.709406422078999, 56.441082465931707, 0.0 ], [ -112.710102623812105, 56.440660440876329, 0.0 ], [ -112.7107503330882, 56.44018786794075, 0.0 ], [ -112.711050222519702, 56.439933039374637, 0.0 ], [ -112.711359318611301, 56.439721212491293, 0.0 ], [ -112.711903169444398, 56.439266256258463, 0.0 ], [ -112.712120094430205, 56.439059749216668, 0.0 ], [ -112.712399505103406, 56.438621930061373, 0.0 ], [ -112.713195971283994, 56.437943784611257, 0.0 ], [ -112.713651613503998, 56.437422658067817, 0.0 ], [ -112.713834994903294, 56.437120920988029, 0.0 ], [ -112.714611101073899, 56.435369992972561, 0.0 ], [ -112.714636179447396, 56.435313390238292, 0.0 ], [ -112.714849039450101, 56.434695902621037, 0.0 ], [ -112.714942866248805, 56.434028868947351, 0.0 ], [ -112.715079318781505, 56.432691454958579, 0.0 ], [ -112.715014878974102, 56.431645244540938, 0.0 ], [ -112.714942254700006, 56.430900997212383, 0.0 ], [ -112.714814808811994, 56.430181784879622, 0.0 ], [ -112.714779190939495, 56.429825162117787, 0.0 ], [ -112.714537064330102, 56.42915066891635, 0.0 ], [ -112.714392449249104, 56.428857551804782, 0.0 ], [ -112.713931369780198, 56.428144255291571, 0.0 ], [ -112.713856307251902, 56.428028114577117, 0.0 ], [ -112.713370102913302, 56.427495812701153, 0.0 ], [ -112.713172999906405, 56.427226198053631, 0.0 ], [ -112.712869646820394, 56.426808730911041, 0.0 ], [ -112.712422190669002, 56.426325753949477, 0.0 ], [ -112.712216388351493, 56.426081249117523, 0.0 ], [ -112.711278288105703, 56.425188607086852, 0.0 ], [ -112.711082411324099, 56.425042920370643, 0.0 ], [ -112.710721649346695, 56.424678396008389, 0.0 ], [ -112.710253148536395, 56.424296418392139, 0.0 ], [ -112.709530960388307, 56.423780287020662, 0.0 ], [ -112.708325380330606, 56.423046752569753, 0.0 ], [ -112.708063430891201, 56.422947752339333, 0.0 ], [ -112.707819455480802, 56.422813472410347, 0.0 ], [ -112.7070564472683, 56.422308645082481, 0.0 ], [ -112.705940592356001, 56.421681719908797, 0.0 ], [ -112.705227184922606, 56.421308120558173, 0.0 ], [ -112.704913639001603, 56.421143911020017, 0.0 ], [ -112.704681629041104, 56.421011481489877, 0.0 ], [ -112.704442714393807, 56.420875130516741, 0.0 ], [ -112.704255994903207, 56.42074062365802, 0.0 ], [ -112.704127570700905, 56.420609716688269, 0.0 ], [ -112.703477796254305, 56.420250274604193, 0.0 ], [ -112.702533162725899, 56.419817837599069, 0.0 ], [ -112.702145908424697, 56.419686762618063, 0.0 ], [ -112.701733443985901, 56.41959238600522, 0.0 ], [ -112.700563137213905, 56.419400031336231, 0.0 ], [ -112.700191767576797, 56.41929973044455, 0.0 ], [ -112.699082214336997, 56.418932745321378, 0.0 ], [ -112.698767967124198, 56.418803399766858, 0.0 ], [ -112.697690801410204, 56.418281014322993, 0.0 ], [ -112.697250831229596, 56.418052228857889, 0.0 ], [ -112.697000475358905, 56.417938225439663, 0.0 ], [ -112.696655865665207, 56.417837575391083, 0.0 ], [ -112.695882896098396, 56.417668324671112, 0.0 ], [ -112.695565511864402, 56.417579443676367, 0.0 ], [ -112.694721147298097, 56.417446169634573, 0.0 ], [ -112.692214098082403, 56.417143303209883, 0.0 ], [ -112.691888196251696, 56.417103927206981, 0.0 ], [ -112.691647059644097, 56.417074786283649, 0.0 ], [ -112.690913582541, 56.417034383723369, 0.0 ], [ -112.690571538325599, 56.416994317061963, 0.0 ], [ -112.689902355390103, 56.41686412823686, 0.0 ], [ -112.688772069477594, 56.416695403678339, 0.0 ], [ -112.688052084274702, 56.416628514056541, 0.0 ], [ -112.685510108012096, 56.416304740178418, 0.0 ], [ -112.6845698078602, 56.416142975064041, 0.0 ], [ -112.684100221549798, 56.416076214955368, 0.0 ], [ -112.682776062108005, 56.415920699117521, 0.0 ], [ -112.6823129185792, 56.415891599883437, 0.0 ], [ -112.681885330362107, 56.415898432612437, 0.0 ], [ -112.680589805953304, 56.415788339326063, 0.0 ], [ -112.679698085217396, 56.415683852825254, 0.0 ], [ -112.678905537642606, 56.415618987364702, 0.0 ], [ -112.678288108547505, 56.415568454206728, 0.0 ], [ -112.677869163102002, 56.415549551255992, 0.0 ], [ -112.675707123787802, 56.415589263860277, 0.0 ], [ -112.675271344577993, 56.415574612021949, 0.0 ], [ -112.674839417896195, 56.415535639728517, 0.0 ], [ -112.674023416505307, 56.415497537222777, 0.0 ], [ -112.673648368359906, 56.415422809334324, 0.0 ], [ -112.672928705344404, 56.415246015527991, 0.0 ], [ -112.671970319617003, 56.414998141138277, 0.0 ], [ -112.671644912460195, 56.414948362459612, 0.0 ], [ -112.671337612141897, 56.414923982134638, 0.0 ], [ -112.669825932068505, 56.414758583819562, 0.0 ], [ -112.669550991863602, 56.414694698158819, 0.0 ], [ -112.669053394182498, 56.41453662778251, 0.0 ], [ -112.668779647758001, 56.414501021867849, 0.0 ], [ -112.668491682100907, 56.414415742534899, 0.0 ], [ -112.6681976429266, 56.414300894376993, 0.0 ], [ -112.667662159043203, 56.414108247330233, 0.0 ], [ -112.667424218265197, 56.41399807569104, 0.0 ], [ -112.666999451066104, 56.413719129332939, 0.0 ], [ -112.666771662568493, 56.413619610917081, 0.0 ], [ -112.666603204814805, 56.413521732678092, 0.0 ], [ -112.666335806934399, 56.413366410060171, 0.0 ], [ -112.665929289046701, 56.413142492711422, 0.0 ], [ -112.665654235287505, 56.412990999300341, 0.0 ], [ -112.665603884633896, 56.412959347758587, 0.0 ], [ -112.665215010695306, 56.412714929257071, 0.0 ], [ -112.665036716375297, 56.412577051278213, 0.0 ], [ -112.664896869310695, 56.412427903266448, 0.0 ], [ -112.6646032243397, 56.412203886090587, 0.0 ], [ -112.664397933249901, 56.412000316030714, 0.0 ], [ -112.664228610379595, 56.411902740879647, 0.0 ], [ -112.664147679723101, 56.41182628676291, 0.0 ], [ -112.663850982259305, 56.411646096263141, 0.0 ], [ -112.663800051573901, 56.411530863190407, 0.0 ], [ -112.663629862910895, 56.411294515266917, 0.0 ], [ -112.663476005686405, 56.411159010369168, 0.0 ], [ -112.663228952639898, 56.410826592072112, 0.0 ], [ -112.663143391538199, 56.410637674375337, 0.0 ], [ -112.663125584286405, 56.410441167645018, 0.0 ], [ -112.662893556731603, 56.40976495313997, 0.0 ], [ -112.662861431600106, 56.409516076334569, 0.0 ], [ -112.662877591712899, 56.408786853194208, 0.0 ], [ -112.662971242874704, 56.408582198481881, 0.0 ], [ -112.662981922728406, 56.408369154063116, 0.0 ], [ -112.662928513908099, 56.407957491545652, 0.0 ], [ -112.662813430609106, 56.40781880629487, 0.0 ], [ -112.662776638410193, 56.407692608690738, 0.0 ], [ -112.662884938121394, 56.407548395985373, 0.0 ], [ -112.662919296614504, 56.407320235599187, 0.0 ], [ -112.662970255048506, 56.406314347324368, 0.0 ], [ -112.662973091133594, 56.406299062397572, 0.0 ], [ -112.663137316452094, 56.405413421568127, 0.0 ], [ -112.663482112497306, 56.404401797065901, 0.0 ], [ -112.663795098456106, 56.403739575156337, 0.0 ], [ -112.6642673790234, 56.403109690667783, 0.0 ], [ -112.665086422321906, 56.402049606834638, 0.0 ], [ -112.665559709543501, 56.40168112751266, 0.0 ], [ -112.665622843822206, 56.40164146273905, 0.0 ], [ -112.665948648292996, 56.401436734384731, 0.0 ], [ -112.666365121643906, 56.401175037600503, 0.0 ], [ -112.666947549117396, 56.400860414455877, 0.0 ], [ -112.667534439905893, 56.400595590184153, 0.0 ], [ -112.667792584418706, 56.400431958069099, 0.0 ], [ -112.668432562868304, 56.399864616423692, 0.0 ], [ -112.668946810727803, 56.39931234003366, 0.0 ], [ -112.669216126477295, 56.399070722696223, 0.0 ], [ -112.669626319953807, 56.398702715513593, 0.0 ], [ -112.670372606701505, 56.3978860587385, 0.0 ], [ -112.670538627181699, 56.397669704785372, 0.0 ], [ -112.670749094419094, 56.397235821640677, 0.0 ], [ -112.670864680139104, 56.396799087520883, 0.0 ], [ -112.6708976306182, 56.396362078439957, 0.0 ], [ -112.670801102471899, 56.396201594598573, 0.0 ], [ -112.670837421212795, 56.395493699955097, 0.0 ], [ -112.6707783276577, 56.395239766392628, 0.0 ], [ -112.670716825808498, 56.394751389137433, 0.0 ], [ -112.670535794712606, 56.394016610533093, 0.0 ], [ -112.670282604955503, 56.393358189614517, 0.0 ], [ -112.669833124834199, 56.392535171201509, 0.0 ], [ -112.669563810493599, 56.392132983879989, 0.0 ], [ -112.669319099165804, 56.391845315451782, 0.0 ], [ -112.669198657774302, 56.391703719787898, 0.0 ], [ -112.6691584729803, 56.391664717152871, 0.0 ], [ -112.669016427979003, 56.391526814918429, 0.0 ], [ -112.668671381361904, 56.39123205357815, 0.0 ], [ -112.668528382571907, 56.391004780833583, 0.0 ], [ -112.668189672499693, 56.390627727072449, 0.0 ], [ -112.667992710326402, 56.390446973174313, 0.0 ], [ -112.667898701849495, 56.390287810759567, 0.0 ], [ -112.667509579636302, 56.389984169004258, 0.0 ], [ -112.667342951189696, 56.389890602649039, 0.0 ], [ -112.667041242278202, 56.389643799970223, 0.0 ], [ -112.6668921507611, 56.389504189086438, 0.0 ], [ -112.666692078994998, 56.389424531470901, 0.0 ], [ -112.666392380144998, 56.389108974995892, 0.0 ], [ -112.666175197387702, 56.388967533772643, 0.0 ], [ -112.665950129192694, 56.388836632905573, 0.0 ], [ -112.665624453563495, 56.388647219780253, 0.0 ], [ -112.6651820708271, 56.388389914047629, 0.0 ], [ -112.664944423367501, 56.388282420302261, 0.0 ], [ -112.664806971177498, 56.388130546684494, 0.0 ], [ -112.664615139308196, 56.387778581669266, 0.0 ], [ -112.664655031875697, 56.387685091013637, 0.0 ], [ -112.664479192821801, 56.387603782335397, 0.0 ], [ -112.664307445369701, 56.387562838562538, 0.0 ], [ -112.664162226455204, 56.387398922898058, 0.0 ], [ -112.663956972818994, 56.387251947303618, 0.0 ], [ -112.663699194549096, 56.387127194903663, 0.0 ], [ -112.663330752842697, 56.386851576806457, 0.0 ], [ -112.663045376940403, 56.386764901445368, 0.0 ], [ -112.662793625213794, 56.386609081269157, 0.0 ], [ -112.662193213970198, 56.386068232488682, 0.0 ], [ -112.661277576348994, 56.385362932298392, 0.0 ], [ -112.661006296603503, 56.385204655747181, 0.0 ], [ -112.660817343198801, 56.385039946544019, 0.0 ], [ -112.660658612365097, 56.384842521400977, 0.0 ], [ -112.660457418140197, 56.384675271725897, 0.0 ], [ -112.660234040624005, 56.384559513596393, 0.0 ], [ -112.660085429510403, 56.384443727954043, 0.0 ], [ -112.659863481732003, 56.384270833899883, 0.0 ], [ -112.659589059767598, 56.383996303800899, 0.0 ], [ -112.659156843525494, 56.383703959064022, 0.0 ], [ -112.658957418556099, 56.383520518856407, 0.0 ], [ -112.658657791375802, 56.383144300096582, 0.0 ], [ -112.658450820701702, 56.382954214258831, 0.0 ], [ -112.6571171233021, 56.381883587927113, 0.0 ], [ -112.656571359555002, 56.381367623601278, 0.0 ], [ -112.6564418112699, 56.381169819155382, 0.0 ], [ -112.656278976483094, 56.380989961211966, 0.0 ], [ -112.655828050070994, 56.380714017432517, 0.0 ], [ -112.655367711293593, 56.380326325851151, 0.0 ], [ -112.6551794149008, 56.380117133799892, 0.0 ], [ -112.655024832410405, 56.379900781498492, 0.0 ], [ -112.654636838977396, 56.379500072084468, 0.0 ], [ -112.654224123638599, 56.379088875786707, 0.0 ], [ -112.654089964135395, 56.378896518831198, 0.0 ], [ -112.653861868725102, 56.378485704635061, 0.0 ], [ -112.653573425911105, 56.378083719263017, 0.0 ], [ -112.652865867800301, 56.37722112072138, 0.0 ], [ -112.652752925217598, 56.377083399780808, 0.0 ], [ -112.652611071533698, 56.376866999264621, 0.0 ], [ -112.652395495369404, 56.376538109570014, 0.0 ], [ -112.652133705504099, 56.375895928751611, 0.0 ], [ -112.651982963371395, 56.375111008496027, 0.0 ], [ -112.651961699924897, 56.374775613285308, 0.0 ], [ -112.651996026605005, 56.374546096307633, 0.0 ], [ -112.651970898985496, 56.374346975038243, 0.0 ], [ -112.651844062675806, 56.374154539993746, 0.0 ], [ -112.651772633475403, 56.373951961871917, 0.0 ], [ -112.651826269163095, 56.373480999270598, 0.0 ], [ -112.651927121942506, 56.372977099346883, 0.0 ], [ -112.652152446775702, 56.37230993592469, 0.0 ], [ -112.652292920742497, 56.371825757162533, 0.0 ], [ -112.652396826895199, 56.371575170770981, 0.0 ], [ -112.652613320207095, 56.37119856945688, 0.0 ], [ -112.653305381816494, 56.369994719501989, 0.0 ], [ -112.653500938487795, 56.369654538963538, 0.0 ], [ -112.653614901415693, 56.369413240853639, 0.0 ], [ -112.653792452217999, 56.36894476027409, 0.0 ], [ -112.654232597135703, 56.368010780282702, 0.0 ], [ -112.654977863276997, 56.366938199903821, 0.0 ], [ -112.655479858451599, 56.36632953741077, 0.0 ], [ -112.655622102368696, 56.366126966954447, 0.0 ], [ -112.655825465475999, 56.365697234642781, 0.0 ], [ -112.655986234010598, 56.365057831096912, 0.0 ], [ -112.656021394351001, 56.364433483861163, 0.0 ], [ -112.656004547411698, 56.364229538961567, 0.0 ], [ -112.655996466845906, 56.364180457551697, 0.0 ], [ -112.655930273856598, 56.363274413672407, 0.0 ], [ -112.655870262667605, 56.36276785407653, 0.0 ], [ -112.655848846349201, 56.36258719903298, 0.0 ], [ -112.655844985207494, 56.362554560888029, 0.0 ], [ -112.655668875070404, 56.361691661414987, 0.0 ], [ -112.655585509053495, 56.361493291797693, 0.0 ], [ -112.655450243052201, 56.361331943801247, 0.0 ], [ -112.655352527622497, 56.361139126798342, 0.0 ], [ -112.655310135363095, 56.360933484500428, 0.0 ], [ -112.655178399835805, 56.360739753838097, 0.0 ], [ -112.655105517845399, 56.360560103520321, 0.0 ], [ -112.654981455382796, 56.360375706546101, 0.0 ], [ -112.654702976028503, 56.35979843423025, 0.0 ], [ -112.654392592646204, 56.359450634934923, 0.0 ], [ -112.654282982376202, 56.359263363926061, 0.0 ], [ -112.6541200146726, 56.359076763899893, 0.0 ], [ -112.653480125842705, 56.358506716128112, 0.0 ], [ -112.653016387883, 56.358147375608162, 0.0 ], [ -112.652744895674402, 56.357978310015227, 0.0 ], [ -112.652618588411201, 56.357907147301297, 0.0 ], [ -112.651987113261598, 56.357551242065362, 0.0 ], [ -112.651911975551599, 56.357434949078403, 0.0 ], [ -112.651497174001506, 56.357263633061827, 0.0 ], [ -112.651209276353399, 56.357048956653252, 0.0 ], [ -112.651219337366399, 56.356938334110119, 0.0 ], [ -112.650992995717701, 56.35680506905647, 0.0 ], [ -112.650650676383904, 56.356684050222448, 0.0 ], [ -112.650275530267905, 56.356591747994607, 0.0 ], [ -112.649702447498399, 56.356466881249972, 0.0 ], [ -112.649478603184804, 56.35639423266943, 0.0 ], [ -112.648796140713102, 56.356206059127537, 0.0 ], [ -112.648012222082798, 56.356089214033318, 0.0 ], [ -112.647193787060004, 56.355959336925316, 0.0 ], [ -112.645389488137099, 56.35570030455947, 0.0 ], [ -112.643774932236695, 56.355510290420263, 0.0 ], [ -112.643090942408904, 56.355362775948038, 0.0 ], [ -112.643072164502996, 56.355358715355592, 0.0 ], [ -112.642708487156497, 56.355309358238159, 0.0 ], [ -112.641840011148702, 56.355081706469562, 0.0 ], [ -112.641507990377704, 56.354973994574593, 0.0 ], [ -112.641275162345707, 56.354918969175792, 0.0 ], [ -112.640425576403203, 56.354677578078523, 0.0 ], [ -112.639611620179096, 56.354363735405897, 0.0 ], [ -112.639599567390903, 56.354359090316628, 0.0 ], [ -112.639319257292797, 56.354269604050167, 0.0 ], [ -112.639286309003097, 56.35426190035799, 0.0 ], [ -112.639012955622604, 56.354197954413877, 0.0 ], [ -112.638707437590696, 56.354085885653767, 0.0 ], [ -112.637923022735606, 56.353714305231406, 0.0 ], [ -112.6374235458713, 56.353426771601157, 0.0 ], [ -112.636957159705702, 56.353117255618351, 0.0 ], [ -112.6365283373312, 56.352896203626237, 0.0 ], [ -112.635989698355402, 56.352419152166398, 0.0 ], [ -112.635797748683501, 56.35229352582077, 0.0 ], [ -112.635233146963003, 56.351775020573683, 0.0 ], [ -112.634979823073607, 56.351391422751682, 0.0 ], [ -112.634773526619, 56.351210730681657, 0.0 ], [ -112.634383185881404, 56.350859840240787, 0.0 ], [ -112.634296193565902, 56.350688428420447, 0.0 ], [ -112.6342415239167, 56.350476205106133, 0.0 ], [ -112.634000286918706, 56.349849907472709, 0.0 ], [ -112.634038488024999, 56.349654050021002, 0.0 ], [ -112.634102108785896, 56.349486160759369, 0.0 ], [ -112.6341331237129, 56.34929706212651, 0.0 ], [ -112.634114727209706, 56.349081690451442, 0.0 ], [ -112.634026143031505, 56.348871229755368, 0.0 ], [ -112.6338886907633, 56.348704724942174, 0.0 ], [ -112.633697705664503, 56.348491244496437, 0.0 ], [ -112.633589208807606, 56.348259597927282, 0.0 ], [ -112.633507606281896, 56.348135958575106, 0.0 ], [ -112.6332583836639, 56.347758395075623, 0.0 ], [ -112.632832456947, 56.34748610984964, 0.0 ], [ -112.632433380276595, 56.347156885584042, 0.0 ], [ -112.632102209278003, 56.346585615761768, 0.0 ], [ -112.631885615677703, 56.346268947588548, 0.0 ], [ -112.631863604538395, 56.346188632823598, 0.0 ], [ -112.631802451166294, 56.345987548964288, 0.0 ], [ -112.631688189780206, 56.345809771299358, 0.0 ], [ -112.631216341570905, 56.345154000987193, 0.0 ], [ -112.631163154430993, 56.345100772298608, 0.0 ], [ -112.630696709557, 56.344338548926231, 0.0 ], [ -112.630568051963095, 56.344179807402867, 0.0 ], [ -112.630449525174001, 56.344000760033609, 0.0 ], [ -112.6299568845685, 56.34317533899624, 0.0 ], [ -112.629693624290496, 56.342701788614221, 0.0 ], [ -112.629658864242998, 56.342509499062842, 0.0 ], [ -112.629672551476403, 56.342315230662322, 0.0 ], [ -112.629925569714601, 56.341693308948557, 0.0 ], [ -112.629883068573406, 56.341548297084863, 0.0 ], [ -112.629620539296795, 56.341248424315737, 0.0 ], [ -112.629259960585699, 56.340983515961582, 0.0 ], [ -112.629206848357597, 56.340909124708119, 0.0 ], [ -112.6291465117868, 56.34082460524489, 0.0 ], [ -112.628490027612699, 56.340215781506799, 0.0 ], [ -112.627998590474405, 56.33995526173824, 0.0 ], [ -112.627637761273903, 56.339625664005567, 0.0 ], [ -112.627430022888205, 56.339474700003208, 0.0 ], [ -112.626860728407706, 56.338976615137007, 0.0 ], [ -112.626419385399203, 56.338695227310637, 0.0 ], [ -112.626294775235905, 56.338593030986232, 0.0 ], [ -112.626115705818194, 56.338446156502862, 0.0 ], [ -112.625693559042205, 56.338166806173547, 0.0 ], [ -112.6248290203213, 56.337629390111857, 0.0 ], [ -112.624498909308997, 56.337337126957621, 0.0 ], [ -112.623621407251804, 56.336720350336549, 0.0 ], [ -112.6232354132258, 56.336426102425449, 0.0 ], [ -112.622827835569694, 56.336137527722997, 0.0 ], [ -112.6226729257085, 56.335972392296227, 0.0 ], [ -112.6224759465575, 56.335845543039667, 0.0 ], [ -112.622250412669004, 56.33573253813298, 0.0 ], [ -112.621700879716798, 56.335356825572667, 0.0 ], [ -112.620978354442897, 56.335021070638383, 0.0 ], [ -112.620468935145198, 56.334791759660533, 0.0 ], [ -112.619748627960604, 56.334392635087667, 0.0 ], [ -112.618923710916803, 56.33404471309693, 0.0 ], [ -112.6183174020791, 56.333682872397112, 0.0 ], [ -112.618249395581103, 56.3336422818698, 0.0 ], [ -112.617960912644506, 56.333502219840483, 0.0 ], [ -112.617808573831596, 56.333428251637883, 0.0 ], [ -112.617537276819107, 56.333322559237793, 0.0 ], [ -112.617328089327799, 56.333193154079488, 0.0 ], [ -112.616878160001093, 56.332992710498843, 0.0 ], [ -112.616649952342499, 56.332872990164446, 0.0 ], [ -112.616109175816902, 56.332646752498292, 0.0 ], [ -112.615952769002007, 56.332503183910788, 0.0 ], [ -112.615902476482404, 56.332343443717683, 0.0 ], [ -112.615831729243794, 56.332217654668717, 0.0 ], [ -112.615481600312194, 56.331966060801193, 0.0 ], [ -112.615344788069805, 56.331826285230207, 0.0 ], [ -112.614983651349306, 56.331601784659277, 0.0 ], [ -112.614759453694305, 56.331519747476918, 0.0 ], [ -112.614299575760597, 56.331429953280811, 0.0 ], [ -112.613912573462997, 56.331399868398258, 0.0 ], [ -112.613295712615596, 56.331414487313133, 0.0 ], [ -112.613035824296801, 56.331438042501517, 0.0 ], [ -112.612970495672698, 56.331447501660662, 0.0 ], [ -112.612473885102006, 56.331519369453993, 0.0 ], [ -112.6116420389844, 56.331586624982933, 0.0 ], [ -112.610868922985702, 56.331607282407553, 0.0 ], [ -112.610601723225599, 56.331599916850102, 0.0 ], [ -112.609936445824005, 56.331470940779766, 0.0 ], [ -112.609488467701496, 56.331433533404102, 0.0 ], [ -112.609284739402, 56.331376832376733, 0.0 ], [ -112.608644681268004, 56.331212481481778, 0.0 ], [ -112.608435502336604, 56.331141018336353, 0.0 ], [ -112.608069156660804, 56.330965091242483, 0.0 ], [ -112.607342736218996, 56.330648178168573, 0.0 ], [ -112.606793376714904, 56.33032900620492, 0.0 ], [ -112.606600828301495, 56.330249249567153, 0.0 ], [ -112.606466601033702, 56.330171434357908, 0.0 ], [ -112.606194758909695, 56.329933653937417, 0.0 ], [ -112.606022812934398, 56.329823965861507, 0.0 ], [ -112.605800631244406, 56.329731108738933, 0.0 ], [ -112.605650032959403, 56.329609029507573, 0.0 ], [ -112.605559495699097, 56.329472701488299, 0.0 ], [ -112.604882235375996, 56.328993407969783, 0.0 ], [ -112.604359440719506, 56.328671188724989, 0.0 ], [ -112.604067568168901, 56.3284174693731, 0.0 ], [ -112.603379532992406, 56.328036313139719, 0.0 ], [ -112.6028346443278, 56.327757896641941, 0.0 ], [ -112.602629832636396, 56.327614937873527, 0.0 ], [ -112.602270978956696, 56.327325669418371, 0.0 ], [ -112.601911605774305, 56.326846383683012, 0.0 ], [ -112.601112008635496, 56.32627746772917, 0.0 ], [ -112.600854491900506, 56.32609423874829, 0.0 ], [ -112.600652928777507, 56.325912149930879, 0.0 ], [ -112.600492612632806, 56.32573088423851, 0.0 ], [ -112.599969893898702, 56.32524375909113, 0.0 ], [ -112.599539074596706, 56.324900598268677, 0.0 ], [ -112.599182261448803, 56.324541203090313, 0.0 ], [ -112.599028532639807, 56.324342333478192, 0.0 ], [ -112.598947943933993, 56.324151966763978, 0.0 ], [ -112.598873022801101, 56.323805173816133, 0.0 ], [ -112.598759937517201, 56.323650259956857, 0.0 ], [ -112.598515681381201, 56.323432316444709, 0.0 ], [ -112.598280213302402, 56.323309957396631, 0.0 ], [ -112.598001747226505, 56.323085703800551, 0.0 ], [ -112.597328395488404, 56.322637327483719, 0.0 ], [ -112.597122870247404, 56.322534796157377, 0.0 ], [ -112.596593371859001, 56.322340680227583, 0.0 ], [ -112.596359891960901, 56.322207512672577, 0.0 ], [ -112.596196495733096, 56.322068053676233, 0.0 ], [ -112.5958972822107, 56.32175106345958, 0.0 ], [ -112.595648632694903, 56.321425342020859, 0.0 ], [ -112.595568550910997, 56.321247084671207, 0.0 ], [ -112.595551107989294, 56.320880708573718, 0.0 ], [ -112.595490141275803, 56.32069547655955, 0.0 ], [ -112.595383665088306, 56.320524304919523, 0.0 ], [ -112.594918884148896, 56.320073265251388, 0.0 ], [ -112.594712590878501, 56.319951879251398, 0.0 ], [ -112.593901047174398, 56.319561839462068, 0.0 ], [ -112.593657181727707, 56.319411264651379, 0.0 ], [ -112.593221162338196, 56.319051659402241, 0.0 ], [ -112.592226361753404, 56.31823113025613, 0.0 ], [ -112.592081415230098, 56.318067181663643, 0.0 ], [ -112.591541931384697, 56.317567212424898, 0.0 ], [ -112.590958437385396, 56.317117670751408, 0.0 ], [ -112.590460476740603, 56.31656460061982, 0.0 ], [ -112.590152088655302, 56.316258493848373, 0.0 ], [ -112.589966899523404, 56.316129067542533, 0.0 ], [ -112.589875364416201, 56.316074633790592, 0.0 ], [ -112.589803421803296, 56.315975804567813, 0.0 ], [ -112.589461983112798, 56.315691683304543, 0.0 ], [ -112.589303770572897, 56.315499582389918, 0.0 ], [ -112.589181801725402, 56.315304338722441, 0.0 ], [ -112.588988305241401, 56.314901085713807, 0.0 ], [ -112.588603318943399, 56.31402445078264, 0.0 ], [ -112.587778101059101, 56.312581895180649, 0.0 ], [ -112.587388332797204, 56.312003193024651, 0.0 ], [ -112.587284433566296, 56.311825443593733, 0.0 ], [ -112.5871849880578, 56.31165531903347, 0.0 ], [ -112.587036634193595, 56.311287879877383, 0.0 ], [ -112.586974156230198, 56.31118107105641, 0.0 ], [ -112.5869304068232, 56.311106320125432, 0.0 ], [ -112.586649256884201, 56.310909076976287, 0.0 ], [ -112.586612762088095, 56.310883469111253, 0.0 ], [ -112.586423531857903, 56.310702545912001, 0.0 ], [ -112.586279438834694, 56.310499494897783, 0.0 ], [ -112.586057462366995, 56.31011007786374, 0.0 ], [ -112.585774411265305, 56.309352106974004, 0.0 ], [ -112.585548521591704, 56.308985636191721, 0.0 ], [ -112.585386866647198, 56.308588723875381, 0.0 ], [ -112.585097118046093, 56.308023580588092, 0.0 ], [ -112.585058447579698, 56.307847497769671, 0.0 ], [ -112.584972149918997, 56.30769357789967, 0.0 ], [ -112.584846855127793, 56.307355510795468, 0.0 ], [ -112.584549680360695, 56.306845721729538, 0.0 ], [ -112.584413320695802, 56.306685051446827, 0.0 ], [ -112.584257435789993, 56.3065164824988, 0.0 ], [ -112.583904284979994, 56.305941349438463, 0.0 ], [ -112.583171760731602, 56.304980110738448, 0.0 ], [ -112.582972138573993, 56.304600588594411, 0.0 ], [ -112.582966810463702, 56.304590460315367, 0.0 ], [ -112.582857821416198, 56.304419918798658, 0.0 ], [ -112.582536997169896, 56.303917900125533, 0.0 ], [ -112.5822564066289, 56.303635680438227, 0.0 ], [ -112.582073860424302, 56.303558441572193, 0.0 ], [ -112.581914553658706, 56.303456659990061, 0.0 ], [ -112.5816230320047, 56.303143577031634, 0.0 ], [ -112.581303531898101, 56.302619235778138, 0.0 ], [ -112.581070557550802, 56.302076283100327, 0.0 ], [ -112.580719965959403, 56.301502457409349, 0.0 ], [ -112.580644684852402, 56.301320093549897, 0.0 ], [ -112.580280231936101, 56.300762620205582, 0.0 ], [ -112.579879216002496, 56.300020936971727, 0.0 ], [ -112.579817441437399, 56.299812797181808, 0.0 ], [ -112.5795976718465, 56.299415253859458, 0.0 ], [ -112.579442665450799, 56.299060011324222, 0.0 ], [ -112.579182764942104, 56.298688566065707, 0.0 ], [ -112.578860829824507, 56.298281504810461, 0.0 ], [ -112.578685625701098, 56.298205527139089, 0.0 ], [ -112.578513690234203, 56.298090423255267, 0.0 ], [ -112.578130476494096, 56.297607291568859, 0.0 ], [ -112.5779268526001, 56.297195269310961, 0.0 ], [ -112.5778901871589, 56.297121039009049, 0.0 ], [ -112.577481957457707, 56.296618014375127, 0.0 ], [ -112.577150386250196, 56.296331026709019, 0.0 ], [ -112.576042688559298, 56.295195170379458, 0.0 ], [ -112.575726201479, 56.294999194281338, 0.0 ], [ -112.575659761242505, 56.294957342725667, 0.0 ], [ -112.575369400312596, 56.294669843421921, 0.0 ], [ -112.575177163195406, 56.294532064791333, 0.0 ], [ -112.574348731123393, 56.293766056925769, 0.0 ], [ -112.574012912444402, 56.293433283672833, 0.0 ], [ -112.573664770523294, 56.293173393358877, 0.0 ], [ -112.573608020668104, 56.293131029269553, 0.0 ], [ -112.573285836332801, 56.292775188966012, 0.0 ], [ -112.572746562573499, 56.292265683916312, 0.0 ], [ -112.572267780755197, 56.29175273234231, 0.0 ], [ -112.572064743285594, 56.291586782122678, 0.0 ], [ -112.571482858213102, 56.290860807936539, 0.0 ], [ -112.571041837113299, 56.290367059987481, 0.0 ], [ -112.570682943213598, 56.289970579838737, 0.0 ], [ -112.570668302555703, 56.289954422982397, 0.0 ], [ -112.570527285944706, 56.289763442836609, 0.0 ], [ -112.570302329424095, 56.289413115957878, 0.0 ], [ -112.5700298383736, 56.289086276444827, 0.0 ], [ -112.569452541676, 56.288232193834922, 0.0 ], [ -112.568768517365598, 56.287375392214066, 0.0 ], [ -112.568410796156499, 56.286856880855822, 0.0 ], [ -112.568059241819697, 56.286130719254402, 0.0 ], [ -112.567683277472995, 56.285580072888941, 0.0 ], [ -112.567343555077102, 56.284845688724083, 0.0 ], [ -112.567039743044305, 56.284341323610697, 0.0 ], [ -112.566870795847805, 56.283997028566773, 0.0 ], [ -112.566294074934703, 56.282851777078051, 0.0 ], [ -112.566204999241606, 56.282732169140147, 0.0 ], [ -112.565926580255393, 56.282358240675229, 0.0 ], [ -112.565677398551799, 56.282038602077343, 0.0 ], [ -112.565578128466598, 56.28185922433606, 0.0 ], [ -112.5654338296942, 56.281343443503197, 0.0 ], [ -112.565325011953902, 56.280625053147332, 0.0 ], [ -112.565053657340698, 56.279901934374529, 0.0 ], [ -112.564947632724, 56.279312889808452, 0.0 ], [ -112.564887264093599, 56.278654540703243, 0.0 ], [ -112.564869347216501, 56.27808731695692, 0.0 ], [ -112.564736959838896, 56.277807259877207, 0.0 ], [ -112.564699387746998, 56.277801341541199, 0.0 ], [ -112.564653331766394, 56.277705172912903, 0.0 ], [ -112.564614043234897, 56.277511500570917, 0.0 ], [ -112.564225715348897, 56.276232774465797, 0.0 ], [ -112.564007663478094, 56.275752800963957, 0.0 ], [ -112.563849617605399, 56.275490920518713, 0.0 ], [ -112.5637404452753, 56.275310106930263, 0.0 ], [ -112.563220922218406, 56.274449358847122, 0.0 ], [ -112.562957485854795, 56.273924105861028, 0.0 ], [ -112.562267592955394, 56.27237542201452, 0.0 ], [ -112.562126852065305, 56.2719484055892, 0.0 ], [ -112.562070462619701, 56.271449583264939, 0.0 ], [ -112.561762622918593, 56.270361967560973, 0.0 ], [ -112.561561054231007, 56.270048982772572, 0.0 ], [ -112.561369898841704, 56.269512034362499, 0.0 ], [ -112.560803111387202, 56.268793699295777, 0.0 ], [ -112.560696040518096, 56.268636704929698, 0.0 ], [ -112.560424643072906, 56.268238858334911, 0.0 ], [ -112.560371775828699, 56.268183283912613, 0.0 ], [ -112.560275667344001, 56.268082306007003, 0.0 ], [ -112.558932171479597, 56.266670422449081, 0.0 ], [ -112.558219994958705, 56.266130505989437, 0.0 ], [ -112.557915572312496, 56.265789105148833, 0.0 ], [ -112.557480086787706, 56.26538191651872, 0.0 ], [ -112.556533805564598, 56.264560391498037, 0.0 ], [ -112.5561648455312, 56.264120021075676, 0.0 ], [ -112.555632118103404, 56.263581906638557, 0.0 ], [ -112.555382899173196, 56.263408360045688, 0.0 ], [ -112.555127007215006, 56.263189049358488, 0.0 ], [ -112.554399587406905, 56.262447044404951, 0.0 ], [ -112.553851031966104, 56.261632710864937, 0.0 ], [ -112.553538101760097, 56.261287829313318, 0.0 ], [ -112.552881156043895, 56.260884246928519, 0.0 ], [ -112.552851911578202, 56.260858529709033, 0.0 ], [ -112.552504550470303, 56.260553172492457, 0.0 ], [ -112.552157928832301, 56.260183966337067, 0.0 ], [ -112.551771003134107, 56.25983684262431, 0.0 ], [ -112.551244789416302, 56.259459062511702, 0.0 ], [ -112.549260312532397, 56.25786691492214, 0.0 ], [ -112.548310708093894, 56.256953669015743, 0.0 ], [ -112.547321297695007, 56.256200438469342, 0.0 ], [ -112.547319018682202, 56.2561986939265, 0.0 ], [ -112.546677576503299, 56.25584523009465, 0.0 ], [ -112.546082863155107, 56.255448058585017, 0.0 ], [ -112.545507597495998, 56.254991314863162, 0.0 ], [ -112.545050859399396, 56.254530410771103, 0.0 ], [ -112.544880857881793, 56.254312997563588, 0.0 ], [ -112.544269010436196, 56.253689226997771, 0.0 ], [ -112.544202216935005, 56.253632605258673, 0.0 ], [ -112.543481994468806, 56.253022035284452, 0.0 ], [ -112.542451586626896, 56.251836041228117, 0.0 ], [ -112.541657303988401, 56.251044890844383, 0.0 ], [ -112.541361370910707, 56.25046516307485, 0.0 ], [ -112.541181194376307, 56.250109841388429, 0.0 ], [ -112.540934258372502, 56.249601129762183, 0.0 ], [ -112.540802964850499, 56.249167420655127, 0.0 ], [ -112.540295849811201, 56.248180392974973, 0.0 ], [ -112.540007859683996, 56.247763454730318, 0.0 ], [ -112.539670655391404, 56.247386214609193, 0.0 ], [ -112.539545073994603, 56.247213915042913, 0.0 ], [ -112.539041634307793, 56.24667701566834, 0.0 ], [ -112.5388184948158, 56.246406431920043, 0.0 ], [ -112.538741290361003, 56.24631278739664, 0.0 ], [ -112.538654832877199, 56.24622568602549, 0.0 ], [ -112.538405675424201, 56.2459746164607, 0.0 ], [ -112.538069872340202, 56.245571756075833, 0.0 ], [ -112.537747745357905, 56.245267109777082, 0.0 ], [ -112.537421492842199, 56.244680825037427, 0.0 ], [ -112.536727212083406, 56.243851106342937, 0.0 ], [ -112.536438078608597, 56.243463834457692, 0.0 ], [ -112.536188753438196, 56.243103018840678, 0.0 ], [ -112.536152929576801, 56.242934984942693, 0.0 ], [ -112.536015330945901, 56.242764158419853, 0.0 ], [ -112.535665344375801, 56.242187609696927, 0.0 ], [ -112.535364125260898, 56.241920435516498, 0.0 ], [ -112.5352344895756, 56.241767040015333, 0.0 ], [ -112.535200957391794, 56.241695106203657, 0.0 ], [ -112.534856547005504, 56.240931879279628, 0.0 ], [ -112.5346357340418, 56.240554721871447, 0.0 ], [ -112.5343232021783, 56.240002194879111, 0.0 ], [ -112.534293475477895, 56.239962309953739, 0.0 ], [ -112.534290248321099, 56.239957982807383, 0.0 ], [ -112.533969315970893, 56.239527471071021, 0.0 ], [ -112.533965748426098, 56.239522688458671, 0.0 ], [ -112.533912042073794, 56.239450665775877, 0.0 ], [ -112.533877985649895, 56.239398780836048, 0.0 ], [ -112.533549324995505, 56.238996194738867, 0.0 ], [ -112.533547409442704, 56.238993844855642, 0.0 ], [ -112.533417438631105, 56.238834623096722, 0.0 ], [ -112.533194276814797, 56.238578737421761, 0.0 ], [ -112.533027651196306, 56.238466294550953, 0.0 ], [ -112.532758417221103, 56.238147646323448, 0.0 ], [ -112.532479152023399, 56.237880317915213, 0.0 ], [ -112.5322898289336, 56.237563378845373, 0.0 ], [ -112.532143859959405, 56.23742237752019, 0.0 ], [ -112.531674783197005, 56.236704747406129, 0.0 ], [ -112.531547621807803, 56.23655004825013, 0.0 ], [ -112.531348037517901, 56.236218418496129, 0.0 ], [ -112.531297441990702, 56.236042562085302, 0.0 ], [ -112.5312391364089, 56.23567414598481, 0.0 ], [ -112.531147250783107, 56.235373500108771, 0.0 ], [ -112.531143960636101, 56.235230741132568, 0.0 ], [ -112.531191593193896, 56.235091381428759, 0.0 ], [ -112.531262486310794, 56.234989467608877, 0.0 ], [ -112.531248767519401, 56.234888589133817, 0.0 ], [ -112.531155917202895, 56.234804869032267, 0.0 ], [ -112.531118446579796, 56.234715070309242, 0.0 ], [ -112.531163352562501, 56.234567671829858, 0.0 ], [ -112.531039330553597, 56.234249922817689, 0.0 ], [ -112.531032102044094, 56.234069482303333, 0.0 ], [ -112.5310995293312, 56.233518972990012, 0.0 ], [ -112.531346200143801, 56.232792464889862, 0.0 ], [ -112.531327693597802, 56.23267038892466, 0.0 ], [ -112.531252338881302, 56.232563245729501, 0.0 ], [ -112.5310508767991, 56.232365017893891, 0.0 ], [ -112.530957038646406, 56.232196435963061, 0.0 ], [ -112.530913063752493, 56.232004320100877, 0.0 ], [ -112.530910395656093, 56.231769608617867, 0.0 ], [ -112.530910344772096, 56.2317656334072, 0.0 ], [ -112.5309082666801, 56.231582707025147, 0.0 ], [ -112.530978441791902, 56.230677866674142, 0.0 ], [ -112.531231184498907, 56.22919817207346, 0.0 ], [ -112.531421447229704, 56.228453499796288, 0.0 ], [ -112.531491182305899, 56.227960904710478, 0.0 ], [ -112.531576209488605, 56.227728124444809, 0.0 ], [ -112.531595445841603, 56.227484040520913, 0.0 ], [ -112.531746753813806, 56.22643132720011, 0.0 ], [ -112.531824211236696, 56.226191914675972, 0.0 ], [ -112.531858448075596, 56.225959764962937, 0.0 ], [ -112.531855993501694, 56.224993851235091, 0.0 ], [ -112.531816496225503, 56.22454171272156, 0.0 ], [ -112.531815932268401, 56.224535399394448, 0.0 ], [ -112.531793452739194, 56.224277904622127, 0.0 ], [ -112.531521988477394, 56.223176549246674, 0.0 ], [ -112.5312348728568, 56.222468778453482, 0.0 ], [ -112.531148354750201, 56.222060297991277, 0.0 ], [ -112.531066595546704, 56.22189021158524, 0.0 ], [ -112.531011980843502, 56.221673982873661, 0.0 ], [ -112.530965792490406, 56.221003651518323, 0.0 ], [ -112.530741492326698, 56.220052593265528, 0.0 ], [ -112.530651180573599, 56.219910910359381, 0.0 ], [ -112.530555318654095, 56.219630531986013, 0.0 ], [ -112.530418463250101, 56.219500732048068, 0.0 ], [ -112.530353675493302, 56.219184405174254, 0.0 ], [ -112.5303651739477, 56.218807041586658, 0.0 ], [ -112.5303152919723, 56.218607919561492, 0.0 ], [ -112.5303471029478, 56.217932922556678, 0.0 ], [ -112.530301476962094, 56.217759690844318, 0.0 ], [ -112.5299759450198, 56.217314595981861, 0.0 ], [ -112.529970442748507, 56.217307067246978, 0.0 ], [ -112.529938243430394, 56.2172630332281, 0.0 ], [ -112.5299060507446, 56.217133883940107, 0.0 ], [ -112.529904206060905, 56.217126465138378, 0.0 ], [ -112.529690521384097, 56.216269162684917, 0.0 ], [ -112.529493620138396, 56.215638410008033, 0.0 ], [ -112.529447800295799, 56.215279258511202, 0.0 ], [ -112.529278929394096, 56.214986314529497, 0.0 ], [ -112.529261880443997, 56.214922531298107, 0.0 ], [ -112.529075214595693, 56.214668200170259, 0.0 ], [ -112.529000521523997, 56.214493992144348, 0.0 ], [ -112.5286495855065, 56.21387995724492, 0.0 ], [ -112.527851953052803, 56.212736603278849, 0.0 ], [ -112.526884308845595, 56.21163309317722, 0.0 ], [ -112.5264368635262, 56.21096231769814, 0.0 ], [ -112.526247122284701, 56.210751789389221, 0.0 ], [ -112.525840141624698, 56.210367480637252, 0.0 ], [ -112.525279764369998, 56.209906665960339, 0.0 ], [ -112.525272363223706, 56.209900593351669, 0.0 ], [ -112.525197764061602, 56.209839225174584, 0.0 ], [ -112.524692042755504, 56.209524839282388, 0.0 ], [ -112.523770095257404, 56.209017539527949, 0.0 ], [ -112.523430669954806, 56.208872180445468, 0.0 ], [ -112.522829949085704, 56.208599375908143, 0.0 ], [ -112.522136865722103, 56.208314222287569, 0.0 ], [ -112.521468622029403, 56.207984309635108, 0.0 ], [ -112.520975534721899, 56.207789955071178, 0.0 ], [ -112.520952142633206, 56.207780728314617, 0.0 ], [ -112.520169429636496, 56.207472205296369, 0.0 ], [ -112.5193754709708, 56.207080505381903, 0.0 ], [ -112.518529776172599, 56.206663835403127, 0.0 ], [ -112.518045769660205, 56.20640708760444, 0.0 ], [ -112.516981974959606, 56.205793709291292, 0.0 ], [ -112.515527169658498, 56.204888727945708, 0.0 ], [ -112.515065168063003, 56.204637086659133, 0.0 ], [ -112.514886193279906, 56.204512635397762, 0.0 ], [ -112.514259862810405, 56.204133512429273, 0.0 ], [ -112.514225228716697, 56.204109591918368, 0.0 ], [ -112.513735222104899, 56.203771279073827, 0.0 ], [ -112.513707937975497, 56.203752441656682, 0.0 ], [ -112.512374469896301, 56.202794753848821, 0.0 ], [ -112.512173339705996, 56.202678160691313, 0.0 ], [ -112.512165704037201, 56.202673744157693, 0.0 ], [ -112.512146864696007, 56.202662817995233, 0.0 ], [ -112.511030272071196, 56.201686281430653, 0.0 ], [ -112.510288679409598, 56.201069493083203, 0.0 ], [ -112.510062903521501, 56.200881707954252, 0.0 ], [ -112.509282208642006, 56.200248786007997, 0.0 ], [ -112.509050497106003, 56.200060924252973, 0.0 ], [ -112.508929995494597, 56.199974065787472, 0.0 ], [ -112.508565862712501, 56.199628673027078, 0.0 ], [ -112.5082076709175, 56.19890053139347, 0.0 ], [ -112.508418651769404, 56.198836523742891, 0.0 ], [ -112.508501182819899, 56.198784319332553, 0.0 ], [ -112.508451525225595, 56.198566677456242, 0.0 ], [ -112.508278213654606, 56.198094583372601, 0.0 ], [ -112.508124162565593, 56.197496941549758, 0.0 ], [ -112.508071759546198, 56.196597645874377, 0.0 ], [ -112.508094679524504, 56.196136608836973, 0.0 ], [ -112.508177593793107, 56.195665426840741, 0.0 ], [ -112.508189864528205, 56.19544863846734, 0.0 ], [ -112.508189987174902, 56.195446473990117, 0.0 ], [ -112.508203248148206, 56.195212450898758, 0.0 ], [ -112.508248005835497, 56.194999040079978, 0.0 ], [ -112.508355419530204, 56.194842794269988, 0.0 ], [ -112.508419880972795, 56.19470054275812, 0.0 ], [ -112.508341915390204, 56.194561384109889, 0.0 ], [ -112.508360791597099, 56.194365813018713, 0.0 ], [ -112.508427528287299, 56.194158870412842, 0.0 ], [ -112.508621308569303, 56.193741561133308, 0.0 ], [ -112.508762829496902, 56.19328581968611, 0.0 ], [ -112.508872959102206, 56.193075661263151, 0.0 ], [ -112.509138123306002, 56.192140144575013, 0.0 ], [ -112.509255793554402, 56.191509550756273, 0.0 ], [ -112.509329483038698, 56.191294449562157, 0.0 ], [ -112.509570681569002, 56.190854994441729, 0.0 ], [ -112.509615011261701, 56.190630812600737, 0.0 ], [ -112.509625771084004, 56.190413785899487, 0.0 ], [ -112.509694127898896, 56.190186599477158, 0.0 ], [ -112.509934394125295, 56.189968118786133, 0.0 ], [ -112.510105667800204, 56.189777407128283, 0.0 ], [ -112.510143807236304, 56.189580253816892, 0.0 ], [ -112.510261735784695, 56.189384798714023, 0.0 ], [ -112.510504872440606, 56.189178406326448, 0.0 ], [ -112.510834385546801, 56.188772891326593, 0.0 ], [ -112.511172144562806, 56.188220027115278, 0.0 ], [ -112.511265607980704, 56.188067065865269, 0.0 ], [ -112.511287036358496, 56.188039444818621, 0.0 ], [ -112.511766793379707, 56.187421004236043, 0.0 ], [ -112.511961095939498, 56.18720172029424, 0.0 ], [ -112.512325960422004, 56.186694692586528, 0.0 ], [ -112.527577285224197, 56.177933260132839, 0.0 ], [ -112.531822403100705, 56.17255584893288, 0.0 ], [ -112.536074721078094, 56.165492467561073, 0.0 ], [ -112.542115879958502, 56.162137624473793, 0.0 ], [ -112.551157284297304, 56.161143752836203, 0.0 ], [ -112.556587166058407, 56.159133780856671, 0.0 ], [ -112.556594584957793, 56.15734999350979, 0.0 ], [ -112.556637376192896, 56.157289799866099, 0.0 ], [ -112.556800304268904, 56.156720297097991, 0.0 ], [ -112.556903464085906, 56.156166371198701, 0.0 ], [ -112.556906463098301, 56.155881924164113, 0.0 ], [ -112.5569505209412, 56.155598325103412, 0.0 ], [ -112.557104782732196, 56.155053196205358, 0.0 ], [ -112.557210875371894, 56.153974894683643, 0.0 ], [ -112.557141313860797, 56.153211523451318, 0.0 ], [ -112.557156148538098, 56.152682960505388, 0.0 ], [ -112.557208639715896, 56.152488210427627, 0.0 ], [ -112.557200120320601, 56.152278046475693, 0.0 ], [ -112.557147281122099, 56.152046875159023, 0.0 ], [ -112.557171049985698, 56.151798561641947, 0.0 ], [ -112.557229943871704, 56.151586161231762, 0.0 ], [ -112.557233074221301, 56.151574912830178, 0.0 ], [ -112.557303798239602, 56.151319741274797, 0.0 ], [ -112.557305731632496, 56.151069017808133, 0.0 ], [ -112.557259116187694, 56.150573576854548, 0.0 ], [ -112.557309499234705, 56.150286101462811, 0.0 ], [ -112.557237354043195, 56.150036052961013, 0.0 ], [ -112.557210257776504, 56.14978433275455, 0.0 ], [ -112.557144992571196, 56.149543897184763, 0.0 ], [ -112.557029578876296, 56.149317548355612, 0.0 ], [ -112.556786427500299, 56.148918932722069, 0.0 ], [ -112.556772823751601, 56.148702096206037, 0.0 ], [ -112.556855641613893, 56.148302087425193, 0.0 ], [ -112.556887567004495, 56.147599436643311, 0.0 ], [ -112.556984663851097, 56.147432426251257, 0.0 ], [ -112.557152953651396, 56.147414131237042, 0.0 ], [ -112.557254100052106, 56.147228209049999, 0.0 ], [ -112.557444219899693, 56.146735184567447, 0.0 ], [ -112.557608291051295, 56.146493187919923, 0.0 ], [ -112.5577301128464, 56.146105648587259, 0.0 ], [ -112.557846074791598, 56.146008719302962, 0.0 ], [ -112.569919394098704, 56.138622145669402, 0.0 ], [ -112.570727555658607, 56.137723372041243, 0.0 ], [ -112.571732257243696, 56.137119036682151, 0.0 ], [ -112.571751741125695, 56.137107325445037, 0.0 ], [ -112.572574175459096, 56.136612594128472, 0.0 ], [ -112.573312564251296, 56.135954872546897, 0.0 ], [ -112.573687820911005, 56.135509331038982, 0.0 ], [ -112.573864896970406, 56.13523481479146, 0.0 ], [ -112.574087415851693, 56.134950264637268, 0.0 ], [ -112.574594248391705, 56.13412160028772, 0.0 ], [ -112.575320315186701, 56.132928907960952, 0.0 ], [ -112.575415542008898, 56.132660810977548, 0.0 ], [ -112.576519417466798, 56.130380932952647, 0.0 ], [ -112.576628014699196, 56.130180794618603, 0.0 ], [ -112.576731694614097, 56.129989703050413, 0.0 ], [ -112.576786581485905, 56.129888584816101, 0.0 ], [ -112.576793739279495, 56.129875409018062, 0.0 ], [ -112.576804446521194, 56.129855665422568, 0.0 ], [ -112.576846058639603, 56.129707847009563, 0.0 ], [ -112.576849774299106, 56.129694593773387, 0.0 ], [ -112.577103622837498, 56.128792396843593, 0.0 ], [ -112.577397910804507, 56.127374707672978, 0.0 ], [ -112.577434346748007, 56.126556062499823, 0.0 ], [ -112.577412971340294, 56.125798818215223, 0.0 ], [ -112.577485184039702, 56.125264124570812, 0.0 ], [ -112.5775457233363, 56.125109813208333, 0.0 ], [ -112.577568035115505, 56.125037645376729, 0.0 ], [ -112.577648619094703, 56.124776803280319, 0.0 ], [ -112.577620335382704, 56.124027724220092, 0.0 ], [ -112.577539455586006, 56.123761880196383, 0.0 ], [ -112.577307704338807, 56.123229708791648, 0.0 ], [ -112.576926206365002, 56.122485440229482, 0.0 ], [ -112.576918807006294, 56.122471026562572, 0.0 ], [ -112.5767453328111, 56.122196943969747, 0.0 ], [ -112.576657522075294, 56.122059584330373, 0.0 ], [ -112.576589347487101, 56.1219529668071, 0.0 ], [ -112.576039195048494, 56.121246952015383, 0.0 ], [ -112.575539556581404, 56.120772124474847, 0.0 ], [ -112.575328787297096, 56.120516001348463, 0.0 ], [ -112.575237787656107, 56.120238141994442, 0.0 ], [ -112.575072296304299, 56.119967990794827, 0.0 ], [ -112.574845166592098, 56.119429017226693, 0.0 ], [ -112.574477304959103, 56.118871632556242, 0.0 ], [ -112.574384016690104, 56.11859650758845, 0.0 ], [ -112.574327430851199, 56.118334374190773, 0.0 ], [ -112.574105030740299, 56.117792650559068, 0.0 ], [ -112.574040393871698, 56.117510426602443, 0.0 ], [ -112.574028996514997, 56.117231558613142, 0.0 ], [ -112.573981602604903, 56.11695718842693, 0.0 ], [ -112.573836797994801, 56.116425260894687, 0.0 ], [ -112.573706871428499, 56.116138461875522, 0.0 ], [ -112.573412003772305, 56.115594970755247, 0.0 ], [ -112.573309469471894, 56.115268382179337, 0.0 ], [ -112.573304050647494, 56.115251157799108, 0.0 ], [ -112.573197847460904, 56.11484153222159, 0.0 ], [ -112.572855135536798, 56.11407084060405, 0.0 ], [ -112.572855114642294, 56.113302539983721, 0.0 ], [ -112.572919800364602, 56.113055045902151, 0.0 ], [ -112.572932907806205, 56.112785300053247, 0.0 ], [ -112.572913320618198, 56.112541580007168, 0.0 ], [ -112.572761764493194, 56.111843940686903, 0.0 ], [ -112.572689303118395, 56.111664251947872, 0.0 ], [ -112.572546036628097, 56.111523201682573, 0.0 ], [ -112.572391707858898, 56.11140655044202, 0.0 ], [ -112.572198025850497, 56.111390135713172, 0.0 ], [ -112.572127153371795, 56.111397104863023, 0.0 ], [ -112.572014202473397, 56.111319686355777, 0.0 ], [ -112.571948814837597, 56.111135857220248, 0.0 ], [ -112.571921324614905, 56.110580868039669, 0.0 ], [ -112.571927921451604, 56.110462866562543, 0.0 ], [ -112.572540355648101, 56.108633933873023, 0.0 ], [ -112.572869215817306, 56.108045996281582, 0.0 ], [ -112.572879804909405, 56.108027088691117, 0.0 ], [ -112.572955908734002, 56.107913702329263, 0.0 ], [ -112.573153762441706, 56.107442107188959, 0.0 ], [ -112.573215855760196, 56.107190604790873, 0.0 ], [ -112.5733705744899, 56.106962188814222, 0.0 ], [ -112.573470592004895, 56.106753341750156, 0.0 ], [ -112.573558818853996, 56.106369550333277, 0.0 ], [ -112.573640579310407, 56.106013872942867, 0.0 ], [ -112.573879931649401, 56.10523336450688, 0.0 ], [ -112.574095935440099, 56.10458334981108, 0.0 ], [ -112.574627444855693, 56.103415874103518, 0.0 ], [ -112.574686210379099, 56.103301683928713, 0.0 ], [ -112.575020711225903, 56.102777508502193, 0.0 ], [ -112.575885527430202, 56.101724865331633, 0.0 ], [ -112.576535721540196, 56.101016699554258, 0.0 ], [ -112.576628624653907, 56.100817870750987, 0.0 ], [ -112.576636692499704, 56.100800594759598, 0.0 ], [ -112.576736995805206, 56.100637049679733, 0.0 ], [ -112.576747572923196, 56.100619804061481, 0.0 ], [ -112.577083572389796, 56.100141654786199, 0.0 ], [ -112.577304055126007, 56.099871959665847, 0.0 ], [ -112.577815989341005, 56.098944802895097, 0.0 ], [ -112.5779402036721, 56.098680374717688, 0.0 ], [ -112.578281580572593, 56.098182680742383, 0.0 ], [ -112.578562568459802, 56.097683063891573, 0.0 ], [ -112.579274331124097, 56.096808609050179, 0.0 ], [ -112.579530572910798, 56.096411744403738, 0.0 ], [ -112.579631021655899, 56.09621502070825, 0.0 ], [ -112.579684256836899, 56.096043151345462, 0.0 ], [ -112.580126310782106, 56.095472725973153, 0.0 ], [ -112.580238317691197, 56.095263721348033, 0.0 ], [ -112.580405029328602, 56.095036486259808, 0.0 ], [ -112.5808634603966, 56.094572333554453, 0.0 ], [ -112.581645896722904, 56.093407543072388, 0.0 ], [ -112.581654714308598, 56.093394408532298, 0.0 ], [ -112.581884114232395, 56.0930010864911, 0.0 ], [ -112.582067243221303, 56.092762857937132, 0.0 ], [ -112.582254883261299, 56.092575790601963, 0.0 ], [ -112.582476469611805, 56.092393684934287, 0.0 ], [ -112.582645257729894, 56.092158332455533, 0.0 ], [ -112.582856716867198, 56.091729679780059, 0.0 ], [ -112.582824535852893, 56.091533298061123, 0.0 ], [ -112.582890347926295, 56.091315437133588, 0.0 ], [ -112.583399813544801, 56.090628220396717, 0.0 ], [ -112.583981430339605, 56.089995335888467, 0.0 ], [ -112.584263963564993, 56.089829955672947, 0.0 ], [ -112.584518661175295, 56.089632598715063, 0.0 ], [ -112.584724506199294, 56.089419673239263, 0.0 ], [ -112.584975839953202, 56.089199437405973, 0.0 ], [ -112.585170202619096, 56.088942182699007, 0.0 ], [ -112.586458848472702, 56.087504945787821, 0.0 ], [ -112.587762874305099, 56.086443576541527, 0.0 ], [ -112.588101310115206, 56.086231645853637, 0.0 ], [ -112.588233251033301, 56.086175951018447, 0.0 ], [ -112.588245657563505, 56.086170708709453, 0.0 ], [ -112.588489945579795, 56.086067586369992, 0.0 ], [ -112.589334144684798, 56.085784456916031, 0.0 ], [ -112.589540493475297, 56.085698367470748, 0.0 ], [ -112.589565424554905, 56.085687964923721, 0.0 ], [ -112.589863459335902, 56.085563626057123, 0.0 ], [ -112.589888277601005, 56.085553276090891, 0.0 ], [ -112.590154211479003, 56.085442311054983, 0.0 ], [ -112.590911233656897, 56.085033595766028, 0.0 ], [ -112.591753506820595, 56.084646670525423, 0.0 ], [ -112.592512851193206, 56.08441178602132, 0.0 ], [ -112.593196242815594, 56.08408890929082, 0.0 ], [ -112.593590689179806, 56.083950373388731, 0.0 ], [ -112.594270371223104, 56.083814368785568, 0.0 ], [ -112.594972521653801, 56.083669707158343, 0.0 ], [ -112.595384111419307, 56.083537676825891, 0.0 ], [ -112.595842042035898, 56.083418545190383, 0.0 ], [ -112.596733175580596, 56.083223712949383, 0.0 ], [ -112.598550813729801, 56.082874013757298, 0.0 ], [ -112.600693562778602, 56.082631951565403, 0.0 ], [ -112.601227014469202, 56.082591333742293, 0.0 ], [ -112.601877250542699, 56.082570476807803, 0.0 ], [ -112.602738684839096, 56.082531649126878, 0.0 ], [ -112.602760292427604, 56.082530675210791, 0.0 ], [ -112.604381642190106, 56.08250998284332, 0.0 ], [ -112.605419814532297, 56.08254771041851, 0.0 ], [ -112.6064229867156, 56.082612848428617, 0.0 ], [ -112.607459170363995, 56.082603414392914, 0.0 ], [ -112.609120492327193, 56.082669410195003, 0.0 ], [ -112.6094578688474, 56.082700241744377, 0.0 ], [ -112.613567058229293, 56.083102042861931, 0.0 ], [ -112.6140372321168, 56.083103995986392, 0.0 ], [ -112.614892455113306, 56.083032151176518, 0.0 ], [ -112.615617707195, 56.083005983873718, 0.0 ], [ -112.615642380749307, 56.083005093914622, 0.0 ], [ -112.615940828858996, 56.082993604641388, 0.0 ], [ -112.615965585922496, 56.082992664081239, 0.0 ], [ -112.618378102126798, 56.082814229522853, 0.0 ], [ -112.624244815720104, 56.082822666655282, 0.0 ], [ -112.624783986826799, 56.082607484255547, 0.0 ], [ -112.625118224434104, 56.082595277914017, 0.0 ], [ -112.625655397037505, 56.082531623800307, 0.0 ], [ -112.626795086108501, 56.082239065615703, 0.0 ], [ -112.627304898385304, 56.082041017130337, 0.0 ], [ -112.627752150482493, 56.081845124945289, 0.0 ], [ -112.628153402187905, 56.081644454709867, 0.0 ], [ -112.628586389506196, 56.081510749949068, 0.0 ], [ -112.628840088041102, 56.081405589092078, 0.0 ], [ -112.628857100958299, 56.081398534110058, 0.0 ], [ -112.628972464953307, 56.081350704104572, 0.0 ], [ -112.629581127708605, 56.080868351824293, 0.0 ], [ -112.629895839872205, 56.080672864236128, 0.0 ], [ -112.630058851278207, 56.080424112938161, 0.0 ], [ -112.630301631687303, 56.080181053563891, 0.0 ], [ -112.630439326947993, 56.079959590738817, 0.0 ], [ -112.630433427745899, 56.079762916345423, 0.0 ], [ -112.630334626128402, 56.079574368210359, 0.0 ], [ -112.630249926952402, 56.079493420239402, 0.0 ], [ -112.630225377765399, 56.079372438980329, 0.0 ], [ -112.630352980304906, 56.078956549143562, 0.0 ], [ -112.630353969489406, 56.078953270121062, 0.0 ], [ -112.630406853637794, 56.078780932009657, 0.0 ], [ -112.630948205953501, 56.077874490818367, 0.0 ], [ -112.6311583050189, 56.077386373308897, 0.0 ], [ -112.631231556718006, 56.077131968222119, 0.0 ], [ -112.6312956327248, 56.0766121419719, 0.0 ], [ -112.631253193685893, 56.076357969736513, 0.0 ], [ -112.631181037505101, 56.076140585951627, 0.0 ], [ -112.631029982879198, 56.075993024596848, 0.0 ], [ -112.630749485550297, 56.075806805611158, 0.0 ], [ -112.63058537933, 56.075636487779107, 0.0 ], [ -112.630370931012095, 56.075472279132953, 0.0 ], [ -112.629827067131004, 56.07521548918033, 0.0 ], [ -112.629239898069898, 56.074739582147672, 0.0 ], [ -112.629141147127697, 56.074575129578427, 0.0 ], [ -112.629027062306903, 56.074445945697967, 0.0 ], [ -112.628843816815206, 56.074322533146812, 0.0 ], [ -112.6288390872555, 56.074320751890014, 0.0 ], [ -112.628189100893707, 56.074077227274067, 0.0 ], [ -112.627485058907098, 56.073904833251767, 0.0 ], [ -112.627151529937294, 56.073939023789322, 0.0 ], [ -112.626929690466696, 56.073826125067058, 0.0 ], [ -112.626609198332801, 56.073494834908381, 0.0 ], [ -112.6262422452712, 56.073370429151957, 0.0 ], [ -112.625884941606003, 56.073301146840443, 0.0 ], [ -112.625289441685396, 56.073019433746637, 0.0 ], [ -112.624983422324505, 56.07285508931615, 0.0 ], [ -112.624460980448404, 56.072479389091342, 0.0 ], [ -112.624313943984205, 56.072312889567357, 0.0 ], [ -112.624409610302905, 56.072184887430929, 0.0 ], [ -112.624206494381099, 56.07205824474606, 0.0 ], [ -112.623885398107305, 56.071934544747933, 0.0 ], [ -112.623554287973604, 56.071732003683373, 0.0 ], [ -112.623295377663098, 56.071551352727369, 0.0 ], [ -112.623295283037905, 56.071551296956578, 0.0 ], [ -112.623014263020494, 56.071354628488393, 0.0 ], [ -112.622638060253493, 56.071016023055549, 0.0 ], [ -112.622385849014705, 56.070868469549332, 0.0 ], [ -112.621757418759501, 56.070715238821798, 0.0 ], [ -112.621412965430807, 56.07060802166756, 0.0 ], [ -112.620808117141095, 56.07038707713297, 0.0 ], [ -112.620110571179296, 56.070195677371437, 0.0 ], [ -112.619777100052502, 56.070064048127591, 0.0 ], [ -112.619470098301207, 56.06987545676558, 0.0 ], [ -112.619177917181304, 56.069639477479242, 0.0 ], [ -112.618710585823905, 56.069143028856217, 0.0 ], [ -112.618234948957706, 56.068677698037021, 0.0 ], [ -112.618024607798802, 56.06843925851382, 0.0 ], [ -112.617781073113406, 56.068213405801373, 0.0 ], [ -112.6174901407487, 56.068005715198012, 0.0 ], [ -112.616791903487893, 56.067574383840842, 0.0 ], [ -112.615941863676497, 56.06709317115191, 0.0 ], [ -112.615618579044295, 56.066892745178478, 0.0 ], [ -112.615350391892903, 56.066671866898091, 0.0 ], [ -112.615152295156904, 56.06643732095749, 0.0 ], [ -112.614817799788298, 56.065945804972309, 0.0 ], [ -112.614687397910402, 56.065660442074083, 0.0 ], [ -112.614375620126907, 56.064579585079713, 0.0 ], [ -112.614472899203193, 56.064432692902137, 0.0 ], [ -112.614460784855495, 56.064284605283788, 0.0 ], [ -112.6144575892218, 56.06424553977913, 0.0 ], [ -112.614306421006404, 56.064037296679523, 0.0 ], [ -112.614233385213694, 56.063797012078837, 0.0 ], [ -112.614110529581396, 56.063574922796668, 0.0 ], [ -112.613930814585402, 56.063485686426141, 0.0 ], [ -112.613777472255506, 56.063282860115009, 0.0 ], [ -112.613684833418404, 56.063034749287773, 0.0 ], [ -112.613645913479303, 56.06280343936848, 0.0 ], [ -112.613367227553695, 56.061984958236707, 0.0 ], [ -112.613194723981806, 56.061728494498553, 0.0 ], [ -112.613063266006293, 56.061474146383581, 0.0 ], [ -112.612760744228794, 56.06027049669013, 0.0 ], [ -112.612705464121802, 56.059659280152268, 0.0 ], [ -112.612746946997405, 56.059336572638472, 0.0 ], [ -112.613100664898397, 56.058098459972697, 0.0 ], [ -112.613270614940902, 56.057219081172121, 0.0 ], [ -112.613293102012705, 56.057063767332721, 0.0 ], [ -112.613451922058502, 56.055966707060122, 0.0 ], [ -112.614389758832601, 56.053361995012743, 0.0 ], [ -112.614496645349902, 56.05313140977352, 0.0 ], [ -112.614816892557002, 56.05271058326354, 0.0 ], [ -112.615159324554497, 56.052161402044973, 0.0 ], [ -112.615596632739297, 56.051612307832883, 0.0 ], [ -112.615918766771699, 56.051130300799208, 0.0 ], [ -112.616600250727899, 56.0501106031669, 0.0 ], [ -112.616828792362298, 56.04983581733768, 0.0 ], [ -112.617676137369401, 56.049090507958567, 0.0 ], [ -112.618208724010998, 56.048540099109573, 0.0 ], [ -112.618783490665095, 56.04796350034551, 0.0 ], [ -112.6204204520171, 56.045887097745393, 0.0 ], [ -112.621154207765301, 56.044646494526603, 0.0 ], [ -112.621358983041603, 56.044425353465847, 0.0 ], [ -112.621452200509296, 56.044186856320707, 0.0 ], [ -112.621479078685297, 56.043918262393063, 0.0 ], [ -112.621628490667803, 56.043642608427263, 0.0 ], [ -112.621830666392896, 56.043029248089503, 0.0 ], [ -112.621967338754303, 56.04273759518054, 0.0 ], [ -112.622002861746594, 56.042605396355803, 0.0 ], [ -112.622051410635905, 56.042424661388438, 0.0 ], [ -112.622536113245502, 56.040915566912638, 0.0 ], [ -112.622641369082501, 56.040676914354229, 0.0 ], [ -112.622665926379199, 56.040670734093503, 0.0 ], [ -112.622675697724603, 56.040358327775238, 0.0 ], [ -112.622908150313293, 56.039388717038413, 0.0 ], [ -112.623017250610999, 56.038628358849401, 0.0 ], [ -112.623198700558603, 56.037815788224073, 0.0 ], [ -112.623393588492107, 56.037368328110929, 0.0 ], [ -112.623505527412206, 56.037006909297148, 0.0 ], [ -112.623723741637804, 56.035599413320512, 0.0 ], [ -112.623737275423395, 56.035200832955098, 0.0 ], [ -112.623723862412405, 56.034936236503867, 0.0 ], [ -112.623600280113394, 56.034251812866387, 0.0 ], [ -112.6234994978701, 56.03392697172589, 0.0 ], [ -112.622873820125605, 56.032324702894869, 0.0 ], [ -112.622358388198506, 56.031098337312457, 0.0 ], [ -112.621855052092499, 56.030206098122591, 0.0 ], [ -112.621462239868805, 56.029641243593943, 0.0 ], [ -112.620874707019496, 56.028860659364938, 0.0 ], [ -112.620634144153399, 56.028586255704177, 0.0 ], [ -112.620011024539593, 56.027984403841373, 0.0 ], [ -112.619370032413002, 56.027468420394811, 0.0 ], [ -112.618793486226807, 56.027106893469693, 0.0 ], [ -112.617558707888705, 56.026386288226959, 0.0 ], [ -112.616575975245695, 56.025926456121567, 0.0 ], [ -112.616041504553493, 56.025646570920877, 0.0 ], [ -112.615907949823395, 56.025549451977533, 0.0 ], [ -112.615585296040805, 56.025314912652682, 0.0 ], [ -112.615509427989295, 56.025259765804087, 0.0 ], [ -112.614560829892596, 56.024803903933503, 0.0 ], [ -112.614161482737302, 56.024642145272153, 0.0 ], [ -112.613721313653301, 56.024537554923498, 0.0 ], [ -112.613289638865893, 56.024519119660397, 0.0 ], [ -112.611749135523297, 56.024352532369363, 0.0 ], [ -112.609745834805096, 56.024282458814433, 0.0 ], [ -112.6090583116125, 56.024303853956667, 0.0 ], [ -112.608728534219594, 56.024247628235742, 0.0 ], [ -112.608274352382395, 56.024209264278092, 0.0 ], [ -112.607254278411602, 56.024221636639183, 0.0 ], [ -112.606749514958807, 56.024182572291778, 0.0 ], [ -112.606270788003002, 56.024189005447951, 0.0 ], [ -112.604800584717495, 56.024257283677557, 0.0 ], [ -112.603888853891206, 56.024326122100433, 0.0 ], [ -112.603470483420907, 56.024337125052291, 0.0 ], [ -112.603071567973004, 56.0242966492481, 0.0 ], [ -112.602720490567606, 56.02424025494355, 0.0 ], [ -112.6027020659822, 56.024237288301279, 0.0 ], [ -112.602471940413906, 56.024177984830793, 0.0 ], [ -112.601964596771893, 56.023909812067927, 0.0 ], [ -112.601688761739496, 56.023820492959103, 0.0 ], [ -112.6013022707169, 56.023787935320648, 0.0 ], [ -112.600951286550995, 56.023686155093507, 0.0 ], [ -112.600714637151199, 56.023555868597839, 0.0 ], [ -112.600394473118101, 56.023217781123243, 0.0 ], [ -112.600324782405096, 56.023051566277907, 0.0 ], [ -112.6002120771291, 56.02289267844278, 0.0 ], [ -112.600013690554604, 56.022756499517399, 0.0 ], [ -112.599587565144205, 56.022529017498101, 0.0 ], [ -112.599463528270306, 56.022386445420707, 0.0 ], [ -112.599246413307, 56.02226264057667, 0.0 ], [ -112.598590560158101, 56.021784810786563, 0.0 ], [ -112.598181652653196, 56.021453306676356, 0.0 ], [ -112.598029903193506, 56.021281444756539, 0.0 ], [ -112.597935868148397, 56.021108819735083, 0.0 ], [ -112.597811973011105, 56.020781679706452, 0.0 ], [ -112.597794458131702, 56.020735409103359, 0.0 ], [ -112.597697156498, 56.020478479079813, 0.0 ], [ -112.597497519665495, 56.019749228720812, 0.0 ], [ -112.597475846673902, 56.019523075354698, 0.0 ], [ -112.597533575964803, 56.019297192436937, 0.0 ], [ -112.597858742860396, 56.018852075101222, 0.0 ], [ -112.598420035663295, 56.018188127467539, 0.0 ], [ -112.598625461091899, 56.017983193842483, 0.0 ], [ -112.599004163191395, 56.017727550744063, 0.0 ], [ -112.611806037106703, 56.014809842543002, 0.0 ], [ -112.632230643875502, 56.009107616987521, 0.0 ], [ -112.637038803714503, 56.006421565386489, 0.0 ], [ -112.637120647903799, 56.006335747717557, 0.0 ], [ -112.637275131251002, 56.006281711397307, 0.0 ], [ -112.637659592199995, 56.006128223602872, 0.0 ], [ -112.637671007661297, 56.00612366703443, 0.0 ], [ -112.638313052304497, 56.00586733425564, 0.0 ], [ -112.639237528332899, 56.00538980540788, 0.0 ], [ -112.639660357564097, 56.005102381340151, 0.0 ], [ -112.640542367443601, 56.004589054265018, 0.0 ], [ -112.641017773470196, 56.004349424138987, 0.0 ], [ -112.641659042159404, 56.003867437742777, 0.0 ], [ -112.6416817448698, 56.003850383834013, 0.0 ], [ -112.641980838622501, 56.003625575426717, 0.0 ], [ -112.642004215009095, 56.003607994864574, 0.0 ], [ -112.642560527522306, 56.003215245769702, 0.0 ], [ -112.642950888588501, 56.002901313568572, 0.0 ], [ -112.643521486816098, 56.002308659145463, 0.0 ], [ -112.643879120827293, 56.002016728905488, 0.0 ], [ -112.644178346188298, 56.001709430937403, 0.0 ], [ -112.644890017599906, 56.001153910776303, 0.0 ], [ -112.645068948637203, 56.000845563913877, 0.0 ], [ -112.645180808106105, 56.000543512523102, 0.0 ], [ -112.645348360640099, 56.00025014963812, 0.0 ], [ -112.645417579573902, 56.000182121352019, 0.0 ], [ -112.6454917480646, 56.000109243211988, 0.0 ], [ -112.645581027962805, 56.000003680470883, 0.0 ], [ -112.645977935356498, 55.999552108091763, 0.0 ], [ -112.646246551531107, 55.998951246457921, 0.0 ], [ -112.646259562826799, 55.998911158674133, 0.0 ], [ -112.646262379990404, 55.998902535785007, 0.0 ], [ -112.646718235921497, 55.997499799495628, 0.0 ], [ -112.646785528642695, 55.996463577386344, 0.0 ], [ -112.646829951362903, 55.996237697835973, 0.0 ], [ -112.646763485563497, 55.99497447070933, 0.0 ], [ -112.646716593684204, 55.994798387214537, 0.0 ], [ -112.646345609372005, 55.994034444237712, 0.0 ], [ -112.646103614503602, 55.993579076286878, 0.0 ], [ -112.645821064041897, 55.992759975818132, 0.0 ], [ -112.645585946100297, 55.992312568585817, 0.0 ], [ -112.645469550566006, 55.992182406481888, 0.0 ], [ -112.645424915964099, 55.992021318143522, 0.0 ], [ -112.645392527132998, 55.991683404298897, 0.0 ], [ -112.645391317565199, 55.99167084808569, 0.0 ], [ -112.645216761191705, 55.991201668014376, 0.0 ], [ -112.644895372576997, 55.990050860163109, 0.0 ], [ -112.6447107370265, 55.989769982203761, 0.0 ], [ -112.644012321424995, 55.989032331531419, 0.0 ], [ -112.643337927048506, 55.988471006845693, 0.0 ], [ -112.642223881268606, 55.987911051338131, 0.0 ], [ -112.641991670857905, 55.987820064478043, 0.0 ], [ -112.641980234127303, 55.987815585524338, 0.0 ], [ -112.641790935767602, 55.987741406050198, 0.0 ], [ -112.641669007712906, 55.987706992435918, 0.0 ], [ -112.641658063711802, 55.987703905759041, 0.0 ], [ -112.641110476322794, 55.987549409482867, 0.0 ], [ -112.640437833989296, 55.987321576019191, 0.0 ], [ -112.639108536489502, 55.986941667224862, 0.0 ], [ -112.638708521469198, 55.986794241756009, 0.0 ], [ -112.637882543176104, 55.986703792209283, 0.0 ], [ -112.637364356505003, 55.98660153595231, 0.0 ], [ -112.636586459312795, 55.986486625617083, 0.0 ], [ -112.636085517532607, 55.986388587015718, 0.0 ], [ -112.634365323691398, 55.985837052748792, 0.0 ], [ -112.632791538732505, 55.985176514063419, 0.0 ], [ -112.632436750095195, 55.985002026183793, 0.0 ], [ -112.6322074912283, 55.984941064458781, 0.0 ], [ -112.631824691715593, 55.984793488314622, 0.0 ], [ -112.631463801959995, 55.984600897422659, 0.0 ], [ -112.631283765573002, 55.984460300511721, 0.0 ], [ -112.631052494263002, 55.984279711771052, 0.0 ], [ -112.630095687453903, 55.983444424663993, 0.0 ], [ -112.629474971614101, 55.982405779945033, 0.0 ], [ -112.628914399464904, 55.981715808286161, 0.0 ], [ -112.628776567952798, 55.981585639441427, 0.0 ], [ -112.628426571094593, 55.981255131066717, 0.0 ], [ -112.627782747289203, 55.9804636205359, 0.0 ], [ -112.627427646900699, 55.979705908752258, 0.0 ], [ -112.627236715233806, 55.979434061415162, 0.0 ], [ -112.627120288768893, 55.979124302783163, 0.0 ], [ -112.626472373471998, 55.977060540400991, 0.0 ], [ -112.626437701259107, 55.976950131775077, 0.0 ], [ -112.626401064690697, 55.976015950757557, 0.0 ], [ -112.626463257003394, 55.975677163703089, 0.0 ], [ -112.626585456592494, 55.975380182880187, 0.0 ], [ -112.626646686122598, 55.975040837698657, 0.0 ], [ -112.626813303789106, 55.974551638594093, 0.0 ], [ -112.627227689060604, 55.973665724147168, 0.0 ], [ -112.6278178485599, 55.972882817133012, 0.0 ], [ -112.628701925339996, 55.972072270884773, 0.0 ], [ -112.628785042984603, 55.972036411200719, 0.0 ], [ -112.628887032874005, 55.9719924204148, 0.0 ], [ -112.629103960338895, 55.971929445722203, 0.0 ], [ -112.629128602382394, 55.971792431510153, 0.0 ], [ -112.6292807106514, 55.971687154232917, 0.0 ], [ -112.630911780531505, 55.970860193822467, 0.0 ], [ -112.631908106902401, 55.970476998627653, 0.0 ], [ -112.632358622894102, 55.970329556173503, 0.0 ], [ -112.632841307088896, 55.970214505931253, 0.0 ], [ -112.633671281723693, 55.970113614213368, 0.0 ], [ -112.633928562267798, 55.970065334860926, 0.0 ], [ -112.634687057504905, 55.969833604806411, 0.0 ], [ -112.6348470185727, 55.969784740992317, 0.0 ], [ -112.635222588748306, 55.969611626575357, 0.0 ], [ -112.637822686651205, 55.968561375058002, 0.0 ], [ -112.638416935235398, 55.968277126562228, 0.0 ], [ -112.641670405364295, 55.967105201393331, 0.0 ], [ -112.641790043433701, 55.967062111648389, 0.0 ], [ -112.641992625880604, 55.966998266487778, 0.0 ], [ -112.643134149199597, 55.966638448796687, 0.0 ], [ -112.6451468971227, 55.965854608110227, 0.0 ], [ -112.645899063994605, 55.965475669769731, 0.0 ], [ -112.648221714338405, 55.964489162210199, 0.0 ], [ -112.6490461952949, 55.964023110897948, 0.0 ], [ -112.649925098536002, 55.963392552293413, 0.0 ], [ -112.650851135425498, 55.96261251217328, 0.0 ], [ -112.650864838282303, 55.962598009556558, 0.0 ], [ -112.651199296192502, 55.962243893765667, 0.0 ], [ -112.651298526406507, 55.96212130844134, 0.0 ], [ -112.651704682985994, 55.961408029438843, 0.0 ], [ -112.651811595379598, 55.960907456147162, 0.0 ], [ -112.652010354259104, 55.960464515892397, 0.0 ], [ -112.652225545701, 55.95948260759328, 0.0 ], [ -112.652228934542805, 55.95874436168927, 0.0 ], [ -112.652309317648601, 55.958420385395797, 0.0 ], [ -112.652447272777906, 55.957564109149089, 0.0 ], [ -112.652555793827702, 55.95726240206217, 0.0 ], [ -112.652748703515599, 55.956435126975236, 0.0 ], [ -112.652817202574695, 55.955541939621718, 0.0 ], [ -112.652780676412803, 55.955372257974027, 0.0 ], [ -112.652741800944796, 55.955191617755197, 0.0 ], [ -112.652592665409301, 55.954498989056063, 0.0 ], [ -112.652449613813502, 55.954197450968557, 0.0 ], [ -112.652141701928898, 55.95381045403262, 0.0 ], [ -112.651599553394902, 55.953346016395173, 0.0 ], [ -112.651108812011998, 55.953048520270002, 0.0 ], [ -112.650692937288099, 55.952902832549647, 0.0 ], [ -112.650446992446902, 55.952854864938949, 0.0 ], [ -112.649278459006595, 55.952754569829068, 0.0 ], [ -112.648595307061797, 55.952757238860769, 0.0 ], [ -112.648293719381002, 55.952777546661288, 0.0 ], [ -112.647476113101007, 55.952902489444611, 0.0 ], [ -112.646504900453195, 55.953146119302772, 0.0 ], [ -112.644096067877101, 55.953701284111162, 0.0 ], [ -112.643810043554595, 55.953736427741021, 0.0 ], [ -112.643506321777494, 55.953747639500271, 0.0 ], [ -112.643203129343604, 55.953738538173567, 0.0 ], [ -112.642087636156305, 55.95362603522139, 0.0 ], [ -112.641998993084897, 55.953624751993551, 0.0 ], [ -112.6416769602763, 55.953620043613959, 0.0 ], [ -112.641443313371397, 55.953616631142083, 0.0 ], [ -112.641137884628407, 55.953636408292162, 0.0 ], [ -112.640332506438398, 55.953756959764391, 0.0 ], [ -112.639867006249801, 55.953862818481113, 0.0 ], [ -112.639576060501895, 55.95389105150079, 0.0 ], [ -112.638025432894906, 55.953834480528073, 0.0 ], [ -112.637352598058996, 55.953829515690913, 0.0 ], [ -112.636778325438897, 55.953800354806027, 0.0 ], [ -112.634463073879999, 55.953811059417298, 0.0 ], [ -112.634174700589398, 55.953783645850358, 0.0 ], [ -112.633942936748497, 55.953730189919547, 0.0 ], [ -112.633350561620901, 55.953527939148081, 0.0 ], [ -112.6330546993631, 55.953505925879107, 0.0 ], [ -112.632798426965394, 55.953465457945534, 0.0 ], [ -112.632579699193499, 55.953398564906188, 0.0 ], [ -112.631944083736101, 55.953395447448628, 0.0 ], [ -112.631652908406807, 55.953370194049867, 0.0 ], [ -112.630603916064601, 55.953202092984647, 0.0 ], [ -112.629695656040994, 55.95297633214949, 0.0 ], [ -112.628801408359706, 55.952636649607307, 0.0 ], [ -112.627703825663502, 55.952219719818437, 0.0 ], [ -112.627210590506806, 55.952103355670161, 0.0 ], [ -112.627004288396606, 55.952037430091963, 0.0 ], [ -112.626447484919098, 55.951760068409648, 0.0 ], [ -112.625199313769699, 55.951280564269211, 0.0 ], [ -112.623348233546096, 55.950372156886338, 0.0 ], [ -112.622036248964903, 55.949538102389752, 0.0 ], [ -112.621618822985496, 55.94918172996644, 0.0 ], [ -112.621143849160205, 55.948851938430153, 0.0 ], [ -112.620620723698295, 55.948365293059872, 0.0 ], [ -112.620291221300505, 55.947989223484782, 0.0 ], [ -112.619439638321296, 55.947017158573367, 0.0 ], [ -112.619298003973199, 55.946899986029372, 0.0 ], [ -112.618706515031406, 55.946421829182768, 0.0 ], [ -112.618360584039294, 55.94602056580819, 0.0 ], [ -112.617538039199204, 55.944328377764137, 0.0 ], [ -112.617299983228506, 55.943319149940628, 0.0 ], [ -112.617274379469507, 55.942751082763309, 0.0 ], [ -112.617392495242996, 55.942045204533301, 0.0 ], [ -112.617834260441896, 55.940754520010131, 0.0 ], [ -112.618098532269599, 55.939982359212372, 0.0 ], [ -112.618341588690598, 55.938976277714829, 0.0 ], [ -112.6184272699725, 55.938843105868827, 0.0 ], [ -112.6185521868465, 55.938716646871903, 0.0 ], [ -112.6187117328857, 55.938606510694953, 0.0 ], [ -112.619376073972106, 55.938232081674649, 0.0 ], [ -112.6201741485892, 55.937875454420578, 0.0 ], [ -112.620648351726501, 55.937736993506547, 0.0 ], [ -112.621670630988902, 55.937530091965172, 0.0 ], [ -112.623417637390702, 55.937318260016667, 0.0 ], [ -112.623738443196402, 55.937310180126993, 0.0 ], [ -112.624026442397707, 55.937326401724683, 0.0 ], [ -112.625104306610297, 55.937443042843668, 0.0 ], [ -112.627128984359004, 55.937603446302653, 0.0 ], [ -112.627600161165404, 55.937678260870477, 0.0 ], [ -112.628810274599005, 55.938121442686374, 0.0 ], [ -112.629896940039004, 55.938519401087333, 0.0 ], [ -112.630319326692799, 55.938669900599741, 0.0 ], [ -112.631242329747295, 55.939104555930911, 0.0 ], [ -112.632116879643206, 55.93937115846861, 0.0 ], [ -112.633257823800406, 55.939882334771227, 0.0 ], [ -112.633732183557697, 55.940228657531669, 0.0 ], [ -112.634388072726594, 55.940642682500084, 0.0 ], [ -112.634681621374796, 55.940753332176513, 0.0 ], [ -112.635440838372901, 55.941039534722357, 0.0 ], [ -112.635872534243504, 55.941178188824253, 0.0 ], [ -112.636125905801904, 55.94122028775746, 0.0 ], [ -112.637266840334902, 55.941339585070317, 0.0 ], [ -112.637930200786002, 55.941355295572748, 0.0 ], [ -112.638504566220305, 55.941397815252557, 0.0 ], [ -112.638845682837498, 55.941401864848288, 0.0 ], [ -112.640414719305298, 55.941323058132312, 0.0 ], [ -112.640954619728006, 55.94122735548325, 0.0 ], [ -112.6416830150782, 55.940998931462239, 0.0 ], [ -112.641831525642999, 55.940952349968818, 0.0 ], [ -112.642004993665495, 55.940856791285768, 0.0 ], [ -112.6420084417, 55.940854888171373, 0.0 ], [ -112.6421312800897, 55.940751993991363, 0.0 ], [ -112.642547071342307, 55.940403720850149, 0.0 ], [ -112.642993360285601, 55.939869781768941, 0.0 ], [ -112.643132464034295, 55.939571579648607, 0.0 ], [ -112.6431377627746, 55.939381782239018, 0.0 ], [ -112.6430704637269, 55.939226165710458, 0.0 ], [ -112.6426392101951, 55.938722410000487, 0.0 ], [ -112.642491347575898, 55.938625617876433, 0.0 ], [ -112.642297000078003, 55.93853877126854, 0.0 ], [ -112.642006163328801, 55.938384745822702, 0.0 ], [ -112.641684334298702, 55.938214317382268, 0.0 ], [ -112.6414083232481, 55.938068154178531, 0.0 ], [ -112.639927941571599, 55.937370701032727, 0.0 ], [ -112.639084454040599, 55.937087910267792, 0.0 ], [ -112.638219049289106, 55.936846943317633, 0.0 ], [ -112.6379356817435, 55.936825403942478, 0.0 ], [ -112.637696508310697, 55.93677787299174, 0.0 ], [ -112.636400029193496, 55.936596031583349, 0.0 ], [ -112.635924372272498, 55.936492428840673, 0.0 ], [ -112.634462868111996, 55.935996833660603, 0.0 ], [ -112.633982966467599, 55.935872936963378, 0.0 ], [ -112.633769904336802, 55.935799564752948, 0.0 ], [ -112.632819736307198, 55.935382223929203, 0.0 ], [ -112.632032297396094, 55.934829565353539, 0.0 ], [ -112.631492056471203, 55.934384266231802, 0.0 ], [ -112.631178816500494, 55.933998332377662, 0.0 ], [ -112.630711883923297, 55.933524354140111, 0.0 ], [ -112.630662546984595, 55.933474276230612, 0.0 ], [ -112.630215871366502, 55.932779224981353, 0.0 ], [ -112.629958406441602, 55.932155015253997, 0.0 ], [ -112.629175154596197, 55.930700514583933, 0.0 ], [ -112.628880560833906, 55.930294144766208, 0.0 ], [ -112.628815120480098, 55.930153057687761, 0.0 ], [ -112.628601715084301, 55.929693061459957, 0.0 ], [ -112.628140691354005, 55.928990081477423, 0.0 ], [ -112.627615524469505, 55.927748675551094, 0.0 ], [ -112.6273844463052, 55.926325128996041, 0.0 ], [ -112.627384934982601, 55.926301939397398, 0.0 ], [ -112.627388723980204, 55.926121273906801, 0.0 ], [ -112.627391926551695, 55.925969064258709, 0.0 ], [ -112.627589192620704, 55.925149826591877, 0.0 ], [ -112.6276510725843, 55.924624997016942, 0.0 ], [ -112.628426376676202, 55.923374133568537, 0.0 ], [ -112.628728089038503, 55.922977556120493, 0.0 ], [ -112.628816978821504, 55.922902345566179, 0.0 ], [ -112.628989828529001, 55.922756064345208, 0.0 ], [ -112.629334618769207, 55.922543616107177, 0.0 ], [ -112.629770329735706, 55.922223625358988, 0.0 ], [ -112.630297609329304, 55.921954317470139, 0.0 ], [ -112.630728012886294, 55.921825732490653, 0.0 ], [ -112.631538302442195, 55.921525081649513, 0.0 ], [ -112.633561400280996, 55.920916134950602, 0.0 ], [ -112.6350417409204, 55.920607091201397, 0.0 ], [ -112.636237027850697, 55.920497779667038, 0.0 ], [ -112.637905620511305, 55.920481932065996, 0.0 ], [ -112.640384383086698, 55.920592448271677, 0.0 ], [ -112.641525817601305, 55.92071167723492, 0.0 ], [ -112.641692571755499, 55.920729095007957, 0.0 ], [ -112.642014321872907, 55.92076270033629, 0.0 ], [ -112.644409556211301, 55.921012862675923, 0.0 ], [ -112.645764061293093, 55.921213994531897, 0.0 ], [ -112.647035504729402, 55.921274554449028, 0.0 ], [ -112.6510490432333, 55.921255429551387, 0.0 ], [ -112.651630427055395, 55.921197869891728, 0.0 ], [ -112.653155639559301, 55.920858884619449, 0.0 ], [ -112.654284228618494, 55.920538167329369, 0.0 ], [ -112.654929836679003, 55.920372480566719, 0.0 ], [ -112.655033913456506, 55.920345771080648, 0.0 ], [ -112.6554265997854, 55.920195997834959, 0.0 ], [ -112.656990669237899, 55.919346705109312, 0.0 ], [ -112.657137375078193, 55.919223786413411, 0.0 ], [ -112.657366950604299, 55.918977321061583, 0.0 ], [ -112.657472700946201, 55.918883771960232, 0.0 ], [ -112.658077221202902, 55.918348976702987, 0.0 ], [ -112.658403871296301, 55.918143522742753, 0.0 ], [ -112.658690804613201, 55.917908413245172, 0.0 ], [ -112.659042245095605, 55.917535988455398, 0.0 ], [ -112.659601296183894, 55.916706123884993, 0.0 ], [ -112.6597106613888, 55.916196445329753, 0.0 ], [ -112.6601210546592, 55.915277298950748, 0.0 ], [ -112.660856188993804, 55.914154300345082, 0.0 ], [ -112.661685895812496, 55.913257815466423, 0.0 ], [ -112.661928466334103, 55.912831651065972, 0.0 ], [ -112.662250860183704, 55.912442329430583, 0.0 ], [ -112.662393003305397, 55.912330657269727, 0.0 ], [ -112.662566239976996, 55.912247098146842, 0.0 ], [ -112.662977525378096, 55.911914876724943, 0.0 ], [ -112.663386888347503, 55.911652004511723, 0.0 ], [ -112.664124871092099, 55.911178079380797, 0.0 ], [ -112.665451337544198, 55.910575763901782, 0.0 ], [ -112.666114477117901, 55.910188793809638, 0.0 ], [ -112.666742634313593, 55.909936244678271, 0.0 ], [ -112.667115032281899, 55.909738458330217, 0.0 ], [ -112.667495153314704, 55.90958713303683, 0.0 ], [ -112.667655716850305, 55.909491899610522, 0.0 ], [ -112.6677613390857, 55.909365502895007, 0.0 ], [ -112.667859822882406, 55.909350779435563, 0.0 ], [ -112.668039248658005, 55.909323949183538, 0.0 ], [ -112.668181577893094, 55.909282291350593, 0.0 ], [ -112.668918265322304, 55.90906663610108, 0.0 ], [ -112.669483595659301, 55.908825958963192, 0.0 ], [ -112.670178623447995, 55.908489014290801, 0.0 ], [ -112.671631961273206, 55.90800961008545, 0.0 ], [ -112.672497716900097, 55.907584548489972, 0.0 ], [ -112.672691698451999, 55.907511751926897, 0.0 ], [ -112.673271137497494, 55.907469260104072, 0.0 ], [ -112.673489364033102, 55.90741068643166, 0.0 ], [ -112.673673573451097, 55.907327284392672, 0.0 ], [ -112.674265213697893, 55.907109290013658, 0.0 ], [ -112.674437678661306, 55.907014262941203, 0.0 ], [ -112.674908216288998, 55.906721434840158, 0.0 ], [ -112.675440266047801, 55.906276849377633, 0.0 ], [ -112.675996302650105, 55.905673250715608, 0.0 ], [ -112.676576941633598, 55.904890844774258, 0.0 ], [ -112.676809883032703, 55.904645576317698, 0.0 ], [ -112.677000411747301, 55.904421895715899, 0.0 ], [ -112.677446634415304, 55.903898014361623, 0.0 ], [ -112.677612959959902, 55.903618569941067, 0.0 ], [ -112.677951236795494, 55.902711054154551, 0.0 ], [ -112.678045511639596, 55.902031866885707, 0.0 ], [ -112.678054278551798, 55.900949797141052, 0.0 ], [ -112.677957826381899, 55.900427797468097, 0.0 ], [ -112.677271887673399, 55.899138053530088, 0.0 ], [ -112.677069214826702, 55.898865078387487, 0.0 ], [ -112.675864613022696, 55.897810770381852, 0.0 ], [ -112.674903255485802, 55.897286450783909, 0.0 ], [ -112.6746385504687, 55.897142090916802, 0.0 ], [ -112.674256577473301, 55.897015412722929, 0.0 ], [ -112.673988258420493, 55.896926418056708, 0.0 ], [ -112.673125085376398, 55.896677969925207, 0.0 ], [ -112.672632348688296, 55.89658127493071, 0.0 ], [ -112.669392917809205, 55.896186736792266, 0.0 ], [ -112.668381205110606, 55.896143694149579, 0.0 ], [ -112.668199789186403, 55.896144977855201, 0.0 ], [ -112.667878228787899, 55.896147255588247, 0.0 ], [ -112.667770358968596, 55.896148018787407, 0.0 ], [ -112.666509403992293, 55.896127490792949, 0.0 ], [ -112.665522843941204, 55.895933268520608, 0.0 ], [ -112.664961495267804, 55.8958627648949, 0.0 ], [ -112.664727066589606, 55.89579931430854, 0.0 ], [ -112.664456094153707, 55.895764276105822, 0.0 ], [ -112.663782944663197, 55.895754153294327, 0.0 ], [ -112.662908312546094, 55.895679354982782, 0.0 ], [ -112.6621001046244, 55.895561800696463, 0.0 ], [ -112.661787713992595, 55.895548178770881, 0.0 ], [ -112.661001838597798, 55.895431094512908, 0.0 ], [ -112.657274487417197, 55.894608417011497, 0.0 ], [ -112.6567189578506, 55.894533507514552, 0.0 ], [ -112.655415087178696, 55.894313623036417, 0.0 ], [ -112.655225049701897, 55.894230375918482, 0.0 ], [ -112.655019700664297, 55.894164611148582, 0.0 ], [ -112.654980777482606, 55.894159958247009, 0.0 ], [ -112.654749766431294, 55.894132312636962, 0.0 ], [ -112.6541796951512, 55.893883632590438, 0.0 ], [ -112.653471522133898, 55.893685052025482, 0.0 ], [ -112.652746453412206, 55.893535571336471, 0.0 ], [ -112.651948104458398, 55.893425545663632, 0.0 ], [ -112.651346181508202, 55.893185685572803, 0.0 ], [ -112.650857078794104, 55.892888829805337, 0.0 ], [ -112.650665220578801, 55.892813739154043, 0.0 ], [ -112.650517674157001, 55.892712376633639, 0.0 ], [ -112.649667716431196, 55.891961208536721, 0.0 ], [ -112.649429175810695, 55.891696681467472, 0.0 ], [ -112.6486678711114, 55.890537681656099, 0.0 ], [ -112.648441568734398, 55.890058966608393, 0.0 ], [ -112.648209823915394, 55.889796418102208, 0.0 ], [ -112.648093017065094, 55.889664079649712, 0.0 ], [ -112.647930865999498, 55.889553450368517, 0.0 ], [ -112.647578729372796, 55.889361234875572, 0.0 ], [ -112.647436889302895, 55.889248411683113, 0.0 ], [ -112.647206330092601, 55.889002412005212, 0.0 ], [ -112.647038443192301, 55.88872126550951, 0.0 ], [ -112.646872993231796, 55.888041805160533, 0.0 ], [ -112.646867922180903, 55.887844641104437, 0.0 ], [ -112.646934602602002, 55.887112091303479, 0.0 ], [ -112.647278910729995, 55.8861449197016, 0.0 ], [ -112.647760342644503, 55.885218079616571, 0.0 ], [ -112.648734155861604, 55.883746371555162, 0.0 ], [ -112.649116443413007, 55.883333141053463, 0.0 ], [ -112.649417009869794, 55.882893506696647, 0.0 ], [ -112.649711353864205, 55.882572538845018, 0.0 ], [ -112.650248566517007, 55.881986705371247, 0.0 ], [ -112.650395780402803, 55.881884846973122, 0.0 ], [ -112.650953934045702, 55.881423086915852, 0.0 ], [ -112.651712090725795, 55.880900144347443, 0.0 ], [ -112.652440707043795, 55.880514553653477, 0.0 ], [ -112.652748621126307, 55.880305908874362, 0.0 ], [ -112.653271764531297, 55.880012044661669, 0.0 ], [ -112.6535728612714, 55.87980015591657, 0.0 ], [ -112.654466361054205, 55.879338815027957, 0.0 ], [ -112.654988150392001, 55.879142818384388, 0.0 ], [ -112.655078393323606, 55.879108922754227, 0.0 ], [ -112.656137588222904, 55.878555480453272, 0.0 ], [ -112.6567899299814, 55.878327570519112, 0.0 ], [ -112.658134446383201, 55.877598779241083, 0.0 ], [ -112.658830789042796, 55.877024777019827, 0.0 ], [ -112.659156871253401, 55.876626993476428, 0.0 ], [ -112.659757592439803, 55.875826674502989, 0.0 ], [ -112.659875407165202, 55.87570147144227, 0.0 ], [ -112.660039410873694, 55.875349227377598, 0.0 ], [ -112.660081746585305, 55.875258319152593, 0.0 ], [ -112.660091676209404, 55.875181540725819, 0.0 ], [ -112.6601010090627, 55.875109363589779, 0.0 ], [ -112.660198593126296, 55.874355636370467, 0.0 ], [ -112.660206098520106, 55.87381619001296, 0.0 ], [ -112.6602421251621, 55.873659686533003, 0.0 ], [ -112.660241462074396, 55.873513093535983, 0.0 ], [ -112.660317124534302, 55.873346687906171, 0.0 ], [ -112.660264981588895, 55.873189936561538, 0.0 ], [ -112.660022862930902, 55.872948864671088, 0.0 ], [ -112.659709362192103, 55.872735854775421, 0.0 ], [ -112.659144188724696, 55.872465968403489, 0.0 ], [ -112.658505984919302, 55.872250805581508, 0.0 ], [ -112.657295038998399, 55.871954296044422, 0.0 ], [ -112.656448431149599, 55.871822102026833, 0.0 ], [ -112.6552443757014, 55.871708608679008, 0.0 ], [ -112.655006660441501, 55.87169887221615, 0.0 ], [ -112.652031997441199, 55.871577043585503, 0.0 ], [ -112.650889566748802, 55.871423511161112, 0.0 ], [ -112.649043127789497, 55.871320905607739, 0.0 ], [ -112.648435796422305, 55.871266320839332, 0.0 ], [ -112.647371648082, 55.871089057352648, 0.0 ], [ -112.646695858351407, 55.870887040593203, 0.0 ], [ -112.645880744472294, 55.870524230918022, 0.0 ], [ -112.645236481974706, 55.870279030241882, 0.0 ], [ -112.644834115608006, 55.870085374632431, 0.0 ], [ -112.644309273034807, 55.869767878963017, 0.0 ], [ -112.644015039646106, 55.869533491121558, 0.0 ], [ -112.643850109728007, 55.869427253671752, 0.0 ], [ -112.643660203853699, 55.869342369133953, 0.0 ], [ -112.643437516288401, 55.869272267920152, 0.0 ], [ -112.643195877431594, 55.869243640949243, 0.0 ], [ -112.642546538004893, 55.869061718926297, 0.0 ], [ -112.642083461752406, 55.868872294655553, 0.0 ], [ -112.641762450119202, 55.868740989559157, 0.0 ], [ -112.641718165794103, 55.868722867057294, 0.0 ], [ -112.640355114989802, 55.868134103992823, 0.0 ], [ -112.640330580317197, 55.868122843567591, 0.0 ], [ -112.639936866134306, 55.867942050501867, 0.0 ], [ -112.636402270138404, 55.866318809399573, 0.0 ], [ -112.634567230221194, 55.865528842518202, 0.0 ], [ -112.633811190932704, 55.86513904042593, 0.0 ], [ -112.632865419124002, 55.864679054314458, 0.0 ], [ -112.631441177931507, 55.863867549152488, 0.0 ], [ -112.631017351575395, 55.863471033005439, 0.0 ], [ -112.630427368231395, 55.862919007398517, 0.0 ], [ -112.630098883589099, 55.862549553699957, 0.0 ], [ -112.629957266905294, 55.862438341975221, 0.0 ], [ -112.629333798251906, 55.861845939859812, 0.0 ], [ -112.628890219497606, 55.861284164422393, 0.0 ], [ -112.628703411090001, 55.86104757349986, 0.0 ], [ -112.628499065374797, 55.860711575691987, 0.0 ], [ -112.628450095778902, 55.86063104705601, 0.0 ], [ -112.628013147994693, 55.860079440430717, 0.0 ], [ -112.627700712698797, 55.859472956815168, 0.0 ], [ -112.627608211429703, 55.859149075888382, 0.0 ], [ -112.627527112946794, 55.857503838324668, 0.0 ], [ -112.627483476885999, 55.856852894931492, 0.0 ], [ -112.627529772722198, 55.856634212900019, 0.0 ], [ -112.627617449733904, 55.856496641924572, 0.0 ], [ -112.627943924887305, 55.85612128842908, 0.0 ], [ -112.628082242297907, 55.856004736828389, 0.0 ], [ -112.628439822172197, 55.855636357794168, 0.0 ], [ -112.628589753696701, 55.855344368739878, 0.0 ], [ -112.628683374089107, 55.855214374657074, 0.0 ], [ -112.628907080778703, 55.854977136612597, 0.0 ], [ -112.628934372355005, 55.854948206192589, 0.0 ], [ -112.629477034803401, 55.854486571082077, 0.0 ], [ -112.631145241384303, 55.853487209400711, 0.0 ], [ -112.631177176217406, 55.853468088741081, 0.0 ], [ -112.632702266132199, 55.852758572936558, 0.0 ], [ -112.633616853458193, 55.852311486650663, 0.0 ], [ -112.634981361721003, 55.851714710599182, 0.0 ], [ -112.635861429756304, 55.851399569393763, 0.0 ], [ -112.636560651084196, 55.851202188924852, 0.0 ], [ -112.637204351217093, 55.850969552921327, 0.0 ], [ -112.638363128379893, 55.850632225335843, 0.0 ], [ -112.639561272123501, 55.850353619303483, 0.0 ], [ -112.641560588995802, 55.849724678767771, 0.0 ], [ -112.641858646966895, 55.849653974039803, 0.0 ], [ -112.6421802178983, 55.849577685081442, 0.0 ], [ -112.642285233946794, 55.849552787229882, 0.0 ], [ -112.642497559823497, 55.849480681270542, 0.0 ], [ -112.643249432606794, 55.849140865949089, 0.0 ], [ -112.643702353363395, 55.848834199027273, 0.0 ], [ -112.644211688084894, 55.848549689950708, 0.0 ], [ -112.644653426920101, 55.848195132168151, 0.0 ], [ -112.644798426645806, 55.848078033125361, 0.0 ], [ -112.645970076392402, 55.846971804950108, 0.0 ], [ -112.646464934561905, 55.846271498605148, 0.0 ], [ -112.646744638041199, 55.845875637676713, 0.0 ], [ -112.6470213148298, 55.845043204516443, 0.0 ], [ -112.6471078976044, 55.84409868696266, 0.0 ], [ -112.647078216782504, 55.843773488363141, 0.0 ], [ -112.646916850304294, 55.843273840701578, 0.0 ], [ -112.646759592626196, 55.842972536455562, 0.0 ], [ -112.646144798177303, 55.842186200454456, 0.0 ], [ -112.645802731660098, 55.84162998101403, 0.0 ], [ -112.6455663299337, 55.841175300357023, 0.0 ], [ -112.645469079343499, 55.841047610410051, 0.0 ], [ -112.644811585343604, 55.84042761463985, 0.0 ], [ -112.644481685777805, 55.840010263442977, 0.0 ], [ -112.643577519697601, 55.839141565339887, 0.0 ], [ -112.643472592169303, 55.839045601733588, 0.0 ], [ -112.643274911516997, 55.838864814328147, 0.0 ], [ -112.642508556319697, 55.838163870072883, 0.0 ], [ -112.642228324398502, 55.837953768295918, 0.0 ], [ -112.641905437825201, 55.837711656131987, 0.0 ], [ -112.641759807129503, 55.837602466121773, 0.0 ], [ -112.641200757015199, 55.837303006526248, 0.0 ], [ -112.640997559211897, 55.837224694487197, 0.0 ], [ -112.640430169807303, 55.836961262459774, 0.0 ], [ -112.640016189494801, 55.836822608826303, 0.0 ], [ -112.639244702414203, 55.836664465362112, 0.0 ], [ -112.638803573542603, 55.836526490373153, 0.0 ], [ -112.638419355001304, 55.836359367897707, 0.0 ], [ -112.6382681698325, 55.836256909520628, 0.0 ], [ -112.637346402026495, 55.835804495716033, 0.0 ], [ -112.636826586923505, 55.835540333058972, 0.0 ], [ -112.636677138600803, 55.835420956835527, 0.0 ], [ -112.636306290218698, 55.835054389855742, 0.0 ], [ -112.635808868483494, 55.834352105344678, 0.0 ], [ -112.635686459570607, 55.834228276192903, 0.0 ], [ -112.635533259756897, 55.834111092227573, 0.0 ], [ -112.635409884568503, 55.833976362552427, 0.0 ], [ -112.635236429492707, 55.833508898117962, 0.0 ], [ -112.635230423273299, 55.833121522864097, 0.0 ], [ -112.635297389251505, 55.832774809132772, 0.0 ], [ -112.635299226115194, 55.83258191950776, 0.0 ], [ -112.634920163430493, 55.831632173523808, 0.0 ], [ -112.634675729926499, 55.831019701737169, 0.0 ], [ -112.634377086398104, 55.830606051239457, 0.0 ], [ -112.6338351732972, 55.829715346127927, 0.0 ], [ -112.633402876406606, 55.829202965573408, 0.0 ], [ -112.633009834671896, 55.828839233213259, 0.0 ], [ -112.632329015907203, 55.828450266997081, 0.0 ], [ -112.632190411683794, 55.828337378728762, 0.0 ], [ -112.6316943446473, 55.827835057167782, 0.0 ], [ -112.629657260614593, 55.826233859445267, 0.0 ], [ -112.629325113154593, 55.825852990381009, 0.0 ], [ -112.628975571946, 55.825540238257119, 0.0 ], [ -112.628537567722901, 55.825148334842858, 0.0 ], [ -112.627777593085497, 55.82440473881794, 0.0 ], [ -112.627522434361495, 55.824155091086283, 0.0 ], [ -112.627193232357598, 55.82358460375881, 0.0 ], [ -112.626884855884001, 55.822592339834188, 0.0 ], [ -112.626840776909901, 55.818975705605219, 0.0 ], [ -112.626718033473693, 55.818427460388477, 0.0 ], [ -112.626685538677094, 55.817440782525658, 0.0 ], [ -112.626716343838694, 55.817180646243578, 0.0 ], [ -112.626749670087094, 55.816899032598442, 0.0 ], [ -112.626806566412895, 55.815563368753033, 0.0 ], [ -112.626936330863202, 55.81407335780581, 0.0 ], [ -112.626986350086298, 55.812170555786118, 0.0 ], [ -112.627109821160204, 55.811472165223726, 0.0 ], [ -112.627170306332999, 55.811330258335538, 0.0 ], [ -112.627181060327999, 55.811149912501612, 0.0 ], [ -112.627291782411504, 55.810633059124207, 0.0 ], [ -112.627564980210195, 55.809965396046898, 0.0 ], [ -112.627634192211801, 55.809796250783492, 0.0 ], [ -112.627933599588303, 55.809064487663711, 0.0 ], [ -112.628029678888296, 55.808526913944327, 0.0 ], [ -112.628134904703302, 55.807015135284672, 0.0 ], [ -112.628143106161701, 55.804426926428697, 0.0 ], [ -112.628361314689798, 55.802587701476007, 0.0 ], [ -112.628582297849107, 55.800724782425668, 0.0 ], [ -112.628609134838499, 55.799319992258411, 0.0 ], [ -112.628454579546698, 55.797972864277433, 0.0 ], [ -112.628481140108505, 55.79764446949121, 0.0 ], [ -112.628433170232199, 55.796744385628763, 0.0 ], [ -112.628450423350699, 55.796051109814627, 0.0 ], [ -112.628390551592005, 55.795371478743128, 0.0 ], [ -112.628337954087598, 55.794774630421671, 0.0 ], [ -112.6283084801386, 55.792983189334947, 0.0 ], [ -112.627684351169506, 55.789387257080371, 0.0 ], [ -112.627635806047394, 55.789212446882992, 0.0 ], [ -112.627472905592697, 55.788896158637272, 0.0 ], [ -112.626763746813694, 55.788151486830813, 0.0 ], [ -112.626597891425504, 55.787977324867192, 0.0 ], [ -112.625845211137801, 55.787407953112186, 0.0 ], [ -112.624272358367904, 55.786134123435602, 0.0 ], [ -112.624118033272694, 55.786028005145077, 0.0 ], [ -112.6238822565916, 55.785935354891222, 0.0 ], [ -112.622692339816098, 55.785300412361131, 0.0 ], [ -112.621170772234194, 55.784629525690818, 0.0 ], [ -112.620067227408001, 55.784069204509287, 0.0 ], [ -112.619390315475997, 55.78366723740546, 0.0 ], [ -112.619344808688396, 55.783636098705998, 0.0 ], [ -112.619024305952294, 55.783416731680653, 0.0 ], [ -112.618597311478197, 55.783124472374382, 0.0 ], [ -112.617922443299094, 55.782735537528843, 0.0 ], [ -112.616967469343095, 55.781893273445988, 0.0 ], [ -112.616210764300504, 55.780941730166298, 0.0 ], [ -112.616084009861893, 55.780780633805414, 0.0 ], [ -112.616059472105505, 55.780761308415769, 0.0 ], [ -112.615512835400807, 55.780302999741536, 0.0 ], [ -112.615276655437498, 55.780044376814658, 0.0 ], [ -112.615153054746798, 55.779720261272949, 0.0 ], [ -112.614902066661401, 55.778222512173883, 0.0 ], [ -112.614936903813302, 55.77788968966523, 0.0 ], [ -112.615018082688593, 55.777578181453102, 0.0 ], [ -112.615082704058196, 55.777438858138531, 0.0 ], [ -112.615361527241205, 55.777061564548667, 0.0 ], [ -112.615392936200905, 55.776901969372567, 0.0 ], [ -112.616156018453196, 55.776028049943548, 0.0 ], [ -112.616424955527194, 55.775803690503231, 0.0 ], [ -112.616669115942997, 55.77557669099739, 0.0 ], [ -112.617233918658101, 55.775151761307313, 0.0 ], [ -112.617405415482196, 55.775062328280391, 0.0 ], [ -112.618492086830599, 55.774355659878267, 0.0 ], [ -112.619036120785495, 55.774068963952843, 0.0 ], [ -112.619191762768494, 55.773986937071342, 0.0 ], [ -112.619356874455605, 55.773929063613743, 0.0 ], [ -112.6200670033638, 55.773680109509591, 0.0 ], [ -112.620581860839195, 55.773558990793973, 0.0 ], [ -112.620744777153405, 55.77352843569598, 0.0 ], [ -112.621381496788302, 55.773409025977912, 0.0 ], [ -112.622827078764104, 55.773044990811513, 0.0 ], [ -112.623600473575195, 55.772888677402399, 0.0 ], [ -112.624095419794699, 55.772770134414372, 0.0 ], [ -112.625785470222894, 55.772512165434847, 0.0 ], [ -112.6293383981684, 55.771722286160653, 0.0 ], [ -112.629566998601405, 55.771657397687953, 0.0 ], [ -112.631100943953001, 55.771107854024663, 0.0 ], [ -112.631550938410896, 55.770969109551991, 0.0 ], [ -112.632124689430199, 55.770733132286303, 0.0 ], [ -112.632327919338195, 55.770649531747146, 0.0 ], [ -112.632749433163596, 55.770502341219327, 0.0 ], [ -112.633276808326897, 55.770225188659047, 0.0 ], [ -112.633538621434198, 55.7700060417949, 0.0 ], [ -112.634601087243794, 55.769308047149437, 0.0 ], [ -112.634689729110903, 55.76912971304381, 0.0 ], [ -112.635328156502595, 55.768450542123382, 0.0 ], [ -112.635409364451903, 55.768317966138071, 0.0 ], [ -112.635402337083704, 55.767805853849673, 0.0 ], [ -112.635374881035204, 55.767623440567533, 0.0 ], [ -112.635217212398402, 55.767116034837677, 0.0 ], [ -112.635132254727296, 55.766969255619657, 0.0 ], [ -112.634944144763395, 55.766289099485093, 0.0 ], [ -112.634938874660904, 55.766269989589553, 0.0 ], [ -112.634618087945299, 55.764783942418489, 0.0 ], [ -112.6343825130581, 55.764299483622082, 0.0 ], [ -112.633906546526603, 55.763778860772689, 0.0 ], [ -112.633353616939402, 55.763312358884768, 0.0 ], [ -112.6328878456914, 55.76298151733743, 0.0 ], [ -112.632249174183201, 55.762319019410107, 0.0 ], [ -112.632132955116504, 55.762223157755074, 0.0 ], [ -112.631678111722096, 55.761847923984362, 0.0 ], [ -112.631322323394798, 55.761456947643701, 0.0 ], [ -112.630928687660997, 55.761084833248923, 0.0 ], [ -112.630446508013605, 55.760760257245479, 0.0 ], [ -112.628473112450394, 55.759568746671498, 0.0 ], [ -112.627786055083504, 55.759070179939869, 0.0 ], [ -112.6275698804629, 55.758913289854448, 0.0 ], [ -112.627039643999396, 55.758616293441399, 0.0 ], [ -112.626260126822203, 55.758263746630057, 0.0 ], [ -112.625411606273701, 55.757953488725882, 0.0 ], [ -112.623998476614503, 55.757605474099137, 0.0 ], [ -112.620770604099306, 55.756584118866137, 0.0 ], [ -112.619937203167893, 55.756296027050801, 0.0 ], [ -112.619384272206403, 55.756059746501172, 0.0 ], [ -112.619365810424497, 55.756051853627582, 0.0 ], [ -112.619064024295596, 55.755960960653027, 0.0 ], [ -112.616518597803093, 55.755194271027158, 0.0 ], [ -112.615893718252806, 55.754961522820501, 0.0 ], [ -112.615672577547102, 55.754905159295333, 0.0 ], [ -112.614897081329104, 55.754596144572758, 0.0 ], [ -112.614549427641506, 55.754418569163299, 0.0 ], [ -112.614321950166399, 55.754359264769647, 0.0 ], [ -112.612210916379297, 55.753461979755023, 0.0 ], [ -112.610638262417694, 55.752602619050293, 0.0 ], [ -112.610176882846403, 55.752273157701453, 0.0 ], [ -112.609450614671303, 55.751859457766741, 0.0 ], [ -112.609133935551498, 55.751679079373822, 0.0 ], [ -112.6087736766967, 55.751473849990518, 0.0 ], [ -112.607942319385401, 55.7507534803946, 0.0 ], [ -112.607649431307806, 55.750546991492762, 0.0 ], [ -112.607386029480793, 55.750293039442809, 0.0 ], [ -112.607250208588297, 55.750182204552281, 0.0 ], [ -112.607162552131996, 55.750110666754402, 0.0 ], [ -112.607076777083407, 55.750040693247158, 0.0 ], [ -112.606957478083402, 55.74994333576533, 0.0 ], [ -112.606324913242901, 55.74931655544043, 0.0 ], [ -112.606290038257498, 55.749271681161318, 0.0 ], [ -112.606117841212694, 55.749050032498729, 0.0 ], [ -112.604818188630901, 55.74761656315404, 0.0 ], [ -112.604102648905197, 55.747034865549487, 0.0 ], [ -112.603996421956793, 55.74690007447122, 0.0 ], [ -112.603635617595799, 55.7465054980688, 0.0 ], [ -112.603251473878402, 55.746128997151992, 0.0 ], [ -112.602972090691495, 55.745896646801341, 0.0 ], [ -112.602747467708298, 55.745617265697277, 0.0 ], [ -112.602329615748104, 55.745254445647333, 0.0 ], [ -112.601968803573698, 55.744878432736712, 0.0 ], [ -112.601894812243799, 55.744776521748697, 0.0 ], [ -112.601692718823898, 55.74445597426292, 0.0 ], [ -112.601613099723195, 55.744329685214183, 0.0 ], [ -112.601396026039595, 55.74405875813013, 0.0 ], [ -112.601156437527706, 55.743558171809802, 0.0 ], [ -112.601081778280403, 55.743458126506432, 0.0 ], [ -112.600850383506597, 55.742804192314047, 0.0 ], [ -112.600559147909294, 55.742151740120491, 0.0 ], [ -112.600471336107802, 55.742011820413857, 0.0 ], [ -112.600341808096999, 55.741885715216704, 0.0 ], [ -112.599841692644006, 55.741599174517539, 0.0 ], [ -112.599454207231901, 55.74144270580031, 0.0 ], [ -112.599389177823994, 55.741399065278657, 0.0 ], [ -112.599200175004299, 55.740985371980599, 0.0 ], [ -112.598926176226499, 55.740537653269548, 0.0 ], [ -112.598690188601196, 55.739856585107958, 0.0 ], [ -112.5985901608218, 55.739106798860938, 0.0 ], [ -112.598641760008604, 55.738396356497077, 0.0 ], [ -112.598520011642407, 55.737228140851762, 0.0 ], [ -112.598266552014906, 55.734796077070719, 0.0 ], [ -112.5976526866406, 55.732674497764791, 0.0 ], [ -112.597374304706506, 55.731987596767077, 0.0 ], [ -112.596784606028905, 55.731126247685438, 0.0 ], [ -112.596639764839693, 55.730780024822131, 0.0 ], [ -112.596443755718994, 55.729998889489252, 0.0 ], [ -112.596318574675905, 55.729499892169308, 0.0 ], [ -112.596238868545399, 55.728542688838743, 0.0 ], [ -112.596279111099705, 55.727819598013603, 0.0 ], [ -112.596612331780193, 55.72670843567532, 0.0 ], [ -112.596734500769799, 55.726068189432098, 0.0 ], [ -112.596877829946095, 55.725769039872773, 0.0 ], [ -112.597483031857294, 55.724820976970278, 0.0 ], [ -112.598090879647202, 55.724177742167903, 0.0 ], [ -112.598737193362197, 55.72377488107233, 0.0 ], [ -112.5998891505171, 55.723238130647658, 0.0 ], [ -112.600535666305603, 55.723015010122801, 0.0 ], [ -112.601464995950195, 55.722767936168303, 0.0 ], [ -112.602144920064305, 55.722587155059372, 0.0 ], [ -112.602200049694403, 55.722572496009747, 0.0 ], [ -112.603032065957393, 55.722424964660988, 0.0 ], [ -112.603363218997004, 55.722398158469687, 0.0 ], [ -112.605811777707302, 55.722280408683872, 0.0 ], [ -112.606300198036706, 55.722278656959823, 0.0 ], [ -112.607410556924194, 55.722274671691338, 0.0 ], [ -112.607684465896497, 55.722307739733331, 0.0 ], [ -112.608789832486195, 55.722585807734902, 0.0 ], [ -112.609377213230999, 55.722733561640091, 0.0 ], [ -112.609617341300094, 55.722766283189131, 0.0 ], [ -112.610498464438095, 55.722886310428173, 0.0 ], [ -112.612068398903105, 55.722930393353401, 0.0 ], [ -112.614368010535998, 55.722916146655898, 0.0 ], [ -112.615155758973202, 55.722801284722607, 0.0 ], [ -112.615285291847997, 55.722764813105059, 0.0 ], [ -112.615927761838293, 55.722583974260587, 0.0 ], [ -112.616991606941795, 55.72228449179989, 0.0 ], [ -112.617926858411906, 55.721855982012457, 0.0 ], [ -112.618229504477299, 55.721647965615652, 0.0 ], [ -112.618360082977105, 55.721521736177493, 0.0 ], [ -112.618456799993297, 55.721391963439231, 0.0 ], [ -112.620264779209705, 55.720504219353828, 0.0 ], [ -112.621139755618202, 55.720105736968492, 0.0 ], [ -112.621274141937903, 55.720014097791399, 0.0 ], [ -112.621452627744802, 55.719879937348132, 0.0 ], [ -112.622961202270204, 55.719174973712462, 0.0 ], [ -112.625409813017896, 55.71818690739692, 0.0 ], [ -112.625881684506993, 55.718040385354627, 0.0 ], [ -112.627594384739197, 55.717634829635301, 0.0 ], [ -112.629262936110607, 55.71737891016658, 0.0 ], [ -112.629855462403, 55.717323100912637, 0.0 ], [ -112.630889323730102, 55.71731935390406, 0.0 ], [ -112.632146021981498, 55.717341348650258, 0.0 ], [ -112.634811434301696, 55.717387977239632, 0.0 ], [ -112.636310054924394, 55.717454505779877, 0.0 ], [ -112.637533099715398, 55.717538758488892, 0.0 ], [ -112.638527352569199, 55.717534139051587, 0.0 ], [ -112.640219312124898, 55.717337219716093, 0.0 ], [ -112.641003915840699, 55.717191246641001, 0.0 ], [ -112.643129086670797, 55.71658317208788, 0.0 ], [ -112.643824414838207, 55.716372921761547, 0.0 ], [ -112.644910168489702, 55.715884507288948, 0.0 ], [ -112.645230320141295, 55.715740504285243, 0.0 ], [ -112.645390387671895, 55.715668493327357, 0.0 ], [ -112.645942567891595, 55.715347620057372, 0.0 ], [ -112.646238807715207, 55.715175470458632, 0.0 ], [ -112.647273764965405, 55.71478136509181, 0.0 ], [ -112.647720813361701, 55.714654587883388, 0.0 ], [ -112.648473194469702, 55.714316947287998, 0.0 ], [ -112.649549399612496, 55.713868602733108, 0.0 ], [ -112.650301558244607, 55.713487994384501, 0.0 ], [ -112.651050680743893, 55.713143119509667, 0.0 ], [ -112.652036155460493, 55.7125598314258, 0.0 ], [ -112.654361631598206, 55.711297222342672, 0.0 ], [ -112.655000985494794, 55.711040899114067, 0.0 ], [ -112.655711631406504, 55.710666847777937, 0.0 ], [ -112.656962142474597, 55.709803490936302, 0.0 ], [ -112.657907074467104, 55.708921300072411, 0.0 ], [ -112.657991851671994, 55.708861350322707, 0.0 ], [ -112.6589359713128, 55.708193748722373, 0.0 ], [ -112.659006071441894, 55.708123259758992, 0.0 ], [ -112.659718208089402, 55.707407152750562, 0.0 ], [ -112.660606030204605, 55.706295462978133, 0.0 ], [ -112.660795880037995, 55.706016570371517, 0.0 ], [ -112.6611696270175, 55.705034891713552, 0.0 ], [ -112.661316423998002, 55.704313873099387, 0.0 ], [ -112.661278810829899, 55.701986282587072, 0.0 ], [ -112.661379929662502, 55.701099441350102, 0.0 ], [ -112.661416201942103, 55.700899537194857, 0.0 ], [ -112.6614671670077, 55.700618661134101, 0.0 ], [ -112.6615406204793, 55.70043388800601, 0.0 ], [ -112.662035191761106, 55.699765100252449, 0.0 ], [ -112.663098145885101, 55.698604029907507, 0.0 ], [ -112.663532743152501, 55.698279573222678, 0.0 ], [ -112.664034803217007, 55.697791617803773, 0.0 ], [ -112.664727261195594, 55.697210046727648, 0.0 ], [ -112.666881538072602, 55.695864098411512, 0.0 ], [ -112.669267908563796, 55.694773992051097, 0.0 ], [ -112.670346137169105, 55.694415390340431, 0.0 ], [ -112.6706198242331, 55.694363037980473, 0.0 ], [ -112.670761544466899, 55.694347205558003, 0.0 ], [ -112.671081459833999, 55.694311473032663, 0.0 ], [ -112.672114011159294, 55.694196104884718, 0.0 ], [ -112.673483014846198, 55.694155532933578, 0.0 ], [ -112.674087058250905, 55.694120629136052, 0.0 ], [ -112.676711759565606, 55.693835444948277, 0.0 ], [ -112.677407503101094, 55.693673391826792, 0.0 ], [ -112.677703474992896, 55.69360445032914, 0.0 ], [ -112.678015036321298, 55.693492464943212, 0.0 ], [ -112.678500773975301, 55.693317835583329, 0.0 ], [ -112.6786640194547, 55.693212420579378, 0.0 ], [ -112.679461828290997, 55.692908348422179, 0.0 ], [ -112.680140740511007, 55.692708789328698, 0.0 ], [ -112.680617928814499, 55.692581172199112, 0.0 ], [ -112.680869371519606, 55.692529526896642, 0.0 ], [ -112.681147487671595, 55.692502177014951, 0.0 ], [ -112.682787208918398, 55.692483791355542, 0.0 ], [ -112.683859809419602, 55.692529572705418, 0.0 ], [ -112.684028331433794, 55.692536772969113, 0.0 ], [ -112.684740446559502, 55.692688922822349, 0.0 ], [ -112.686415545134395, 55.692919775480611, 0.0 ], [ -112.687329692788595, 55.692974336419191, 0.0 ], [ -112.693413824042594, 55.692899363984857, 0.0 ], [ -112.695326813388704, 55.692816404488219, 0.0 ], [ -112.695948919709906, 55.692808984489403, 0.0 ], [ -112.696636099947696, 55.69280079813376, 0.0 ], [ -112.696955994075907, 55.692796982255572, 0.0 ], [ -112.697606916931207, 55.692789223282659, 0.0 ], [ -112.698011089693793, 55.692749329524347, 0.0 ], [ -112.698620050710801, 55.692608548047012, 0.0 ], [ -112.699431751564703, 55.692472615962792, 0.0 ], [ -112.700664498549898, 55.692388202709679, 0.0 ], [ -112.701000296368406, 55.692390268856563, 0.0 ], [ -112.701280226009104, 55.692432080067981, 0.0 ], [ -112.704070716120995, 55.693064729935116, 0.0 ], [ -112.7051447667139, 55.693218647877899, 0.0 ], [ -112.707041830259897, 55.693335631158902, 0.0 ], [ -112.708407373398302, 55.693488310910119, 0.0 ], [ -112.709330431577001, 55.69359150135827, 0.0 ], [ -112.709630848958696, 55.693604758678241, 0.0 ], [ -112.715518288459805, 55.693569051627691, 0.0 ], [ -112.716464816195696, 55.693498331946273, 0.0 ], [ -112.716511998282002, 55.693491549818511, 0.0 ], [ -112.718439018080304, 55.693214522766972, 0.0 ], [ -112.719794116504104, 55.692944124643958, 0.0 ], [ -112.721063278177098, 55.692636311620781, 0.0 ], [ -112.721794021269005, 55.692398463068237, 0.0 ], [ -112.722611987601596, 55.692029262992463, 0.0 ], [ -112.722635740629798, 55.692018545178428, 0.0 ], [ -112.722931786118906, 55.691895773930277, 0.0 ], [ -112.723900947202395, 55.691493851884367, 0.0 ], [ -112.726131388300402, 55.690485697989132, 0.0 ], [ -112.728455382712198, 55.689194958514328, 0.0 ], [ -112.729977001291402, 55.688204807293197, 0.0 ], [ -112.730705815760501, 55.687579488303122, 0.0 ], [ -112.731528228684496, 55.687028565103752, 0.0 ], [ -112.732086794412695, 55.686495177119163, 0.0 ], [ -112.732250101203206, 55.686274062901568, 0.0 ], [ -112.732379659212995, 55.686098638671957, 0.0 ], [ -112.732645010984101, 55.685502338120862, 0.0 ], [ -112.732742423624003, 55.685362530481882, 0.0 ], [ -112.733137461215804, 55.685028281399127, 0.0 ], [ -112.733770799244198, 55.684595517023133, 0.0 ], [ -112.734301535913204, 55.684320031210028, 0.0 ], [ -112.735662188754702, 55.68375375160462, 0.0 ], [ -112.7362717439307, 55.683500042549021, 0.0 ], [ -112.737012456199693, 55.683144231233292, 0.0 ], [ -112.738310637365203, 55.682721920775279, 0.0 ], [ -112.739831701154301, 55.682020261095808, 0.0 ], [ -112.740261404592005, 55.681865535066891, 0.0 ], [ -112.740452874224204, 55.681779387829337, 0.0 ], [ -112.740912105773205, 55.681468525412363, 0.0 ], [ -112.7419693185781, 55.680882104915419, 0.0 ], [ -112.742473642580094, 55.68056268834917, 0.0 ], [ -112.743793745535299, 55.679785908865213, 0.0 ], [ -112.743881454790099, 55.679645634760817, 0.0 ], [ -112.744270614251107, 55.679283092248539, 0.0 ], [ -112.744439633569897, 55.679052498753649, 0.0 ], [ -112.744554060676293, 55.678896404606789, 0.0 ], [ -112.745503813230499, 55.678296184405333, 0.0 ], [ -112.745851492879893, 55.678106752656589, 0.0 ], [ -112.746146251975802, 55.677884527794077, 0.0 ], [ -112.746810716886202, 55.677121712797998, 0.0 ], [ -112.747056384714696, 55.676869955354192, 0.0 ], [ -112.747333481275206, 55.676466987210247, 0.0 ], [ -112.747463530484396, 55.67635739470758, 0.0 ], [ -112.747563911184997, 55.676220254979292, 0.0 ], [ -112.748407944131003, 55.675001970971479, 0.0 ], [ -112.748426960719001, 55.674974517149828, 0.0 ], [ -112.748728048580304, 55.674676908574817, 0.0 ], [ -112.749272536008107, 55.67413869228421, 0.0 ], [ -112.7494423787887, 55.673658188256717, 0.0 ], [ -112.749367878144497, 55.673131913386229, 0.0 ], [ -112.749528114856204, 55.671827266605902, 0.0 ], [ -112.749636615553598, 55.670943804043347, 0.0 ], [ -112.749944677301798, 55.6701629269118, 0.0 ], [ -112.750915123805598, 55.66879792692923, 0.0 ], [ -112.751021900012603, 55.668570392847897, 0.0 ], [ -112.7511090213589, 55.668319398245892, 0.0 ], [ -112.751257680368795, 55.668015098405931, 0.0 ], [ -112.751306234332304, 55.667473536276603, 0.0 ], [ -112.751691652614895, 55.666739912517002, 0.0 ], [ -112.752382932274003, 55.665774649060161, 0.0 ], [ -112.752773156428304, 55.665421316829793, 0.0 ], [ -112.752877422645099, 55.665287435266983, 0.0 ], [ -112.753135403236996, 55.664689519456097, 0.0 ], [ -112.753217692887105, 55.664601524545432, 0.0 ], [ -112.753220399153506, 55.664598713892573, 0.0 ], [ -112.753391947635095, 55.664420729518127, 0.0 ], [ -112.753394003855504, 55.664417880883057, 0.0 ], [ -112.753469927481007, 55.664312155699598, 0.0 ], [ -112.753858857581406, 55.663566486287422, 0.0 ], [ -112.754592843353294, 55.662650419534899, 0.0 ], [ -112.755039070428694, 55.661958189852292, 0.0 ], [ -112.755073152211807, 55.661796587996918, 0.0 ], [ -112.755172483411101, 55.661661104603873, 0.0 ], [ -112.755930763195394, 55.660720128495413, 0.0 ], [ -112.756599827527097, 55.660135461009162, 0.0 ], [ -112.756719360205295, 55.65999975328495, 0.0 ], [ -112.756895154933005, 55.659706038877196, 0.0 ], [ -112.757398511858298, 55.659202705044578, 0.0 ], [ -112.757540707617196, 55.659086948558382, 0.0 ], [ -112.7586210597361, 55.658546068427228, 0.0 ], [ -112.759187870585293, 55.658314072774893, 0.0 ], [ -112.759360732685096, 55.658222064461022, 0.0 ], [ -112.759585958036794, 55.657970458321252, 0.0 ], [ -112.759640477720893, 55.65781794136722, 0.0 ], [ -112.759638264479506, 55.657635939116403, 0.0 ], [ -112.759605933710006, 55.657484182885639, 0.0 ], [ -112.759508118814907, 55.657395718066113, 0.0 ], [ -112.7596798647307, 55.657193164014288, 0.0 ], [ -112.759682763735199, 55.657189746219387, 0.0 ], [ -112.759759999260595, 55.657098642660102, 0.0 ], [ -112.760049244348906, 55.65689550027998, 0.0 ], [ -112.760731492157603, 55.656341174449253, 0.0 ], [ -112.761531561744505, 55.655941561554251, 0.0 ], [ -112.761534905757898, 55.655939537433717, 0.0 ], [ -112.762572369626596, 55.655309382292629, 0.0 ], [ -112.762714008583998, 55.65520564864584, 0.0 ], [ -112.762830217318594, 55.655088532045291, 0.0 ], [ -112.762832417962201, 55.654995877511567, 0.0 ], [ -112.763066365669104, 55.654849355575308, 0.0 ], [ -112.764915121799802, 55.654170024249787, 0.0 ], [ -112.765796510961295, 55.65370814374991, 0.0 ], [ -112.765984154214607, 55.653629603252867, 0.0 ], [ -112.768559868704003, 55.652927838215959, 0.0 ], [ -112.769536676978305, 55.652706464961149, 0.0 ], [ -112.769985810250702, 55.652570532236517, 0.0 ], [ -112.771182353980706, 55.652281737756716, 0.0 ], [ -112.772215500954601, 55.652109965319283, 0.0 ], [ -112.772664521881296, 55.651971268582763, 0.0 ], [ -112.774319307188506, 55.651555495807003, 0.0 ], [ -112.774638832205, 55.651481942584489, 0.0 ], [ -112.775296805059895, 55.651335338700413, 0.0 ], [ -112.775757622662994, 55.651204713227152, 0.0 ], [ -112.777222208257896, 55.650854577948081, 0.0 ], [ -112.778124095265895, 55.650578774635242, 0.0 ], [ -112.779327517574202, 55.650298027888773, 0.0 ], [ -112.779752470606695, 55.650161164531589, 0.0 ], [ -112.780650784831806, 55.649956886611861, 0.0 ], [ -112.780682888363899, 55.649947351991528, 0.0 ], [ -112.781603342242505, 55.649673925647491, 0.0 ], [ -112.782389457469193, 55.649361010891973, 0.0 ], [ -112.782914594583104, 55.64908972663514, 0.0 ], [ -112.783573164900503, 55.648900028580933, 0.0 ], [ -112.784371923961501, 55.648592976500893, 0.0 ], [ -112.784705794793993, 55.648406813247092, 0.0 ], [ -112.785465220747497, 55.648039628944908, 0.0 ], [ -112.786088277426103, 55.647622466908601, 0.0 ], [ -112.786223760011396, 55.647507869793522, 0.0 ], [ -112.786714489345002, 55.647215086639243, 0.0 ], [ -112.787260814364899, 55.646743583399903, 0.0 ], [ -112.787431802741693, 55.646544278225129, 0.0 ], [ -112.787447982041996, 55.646529175725973, 0.0 ], [ -112.788241263827601, 55.645788539289761, 0.0 ], [ -112.788874410610305, 55.645023062243261, 0.0 ], [ -112.789099434619899, 55.644573056118581, 0.0 ], [ -112.789184428115405, 55.644245841998469, 0.0 ], [ -112.789271598922596, 55.643561146386389, 0.0 ], [ -112.789529245086399, 55.642724914288053, 0.0 ], [ -112.789527697398498, 55.64271316148735, 0.0 ], [ -112.789484132741293, 55.642379413227367, 0.0 ], [ -112.789383102371801, 55.642051219105163, 0.0 ], [ -112.789356496432305, 55.641863454817752, 0.0 ], [ -112.788991679919206, 55.64087504444224, 0.0 ], [ -112.7885012404886, 55.640174422663598, 0.0 ], [ -112.788374249864802, 55.640046998162987, 0.0 ], [ -112.787934742265804, 55.639708283940848, 0.0 ], [ -112.787437457091499, 55.639224374004428, 0.0 ], [ -112.787431775976302, 55.63921884065126, 0.0 ], [ -112.787176520374402, 55.638974710988741, 0.0 ], [ -112.786891788307798, 55.638756637661892, 0.0 ], [ -112.786709017133205, 55.638665725444447, 0.0 ], [ -112.786289246057507, 55.638508837615177, 0.0 ], [ -112.785520270342403, 55.638170415442403, 0.0 ], [ -112.784022348315801, 55.637709556052258, 0.0 ], [ -112.783027227991397, 55.637311636766277, 0.0 ], [ -112.782154740226801, 55.637056471463097, 0.0 ], [ -112.781963749834901, 55.636981373173057, 0.0 ], [ -112.781246742329699, 55.636839151030763, 0.0 ], [ -112.781016481358407, 55.636772107529303, 0.0 ], [ -112.780228629150798, 55.636443641948013, 0.0 ], [ -112.778932839933503, 55.635838044095422, 0.0 ], [ -112.7781144310554, 55.635506376634687, 0.0 ], [ -112.777766874754505, 55.635325931661242, 0.0 ], [ -112.777571426867098, 55.635227106847303, 0.0 ], [ -112.7769546956889, 55.634984819211553, 0.0 ], [ -112.7757215149079, 55.634375358756898, 0.0 ], [ -112.775403872398101, 55.634182106838118, 0.0 ], [ -112.774650778761, 55.633802155830153, 0.0 ], [ -112.7743315119843, 55.63362902878179, 0.0 ], [ -112.774016599236106, 55.633402444267233, 0.0 ], [ -112.773721357177394, 55.633183886669471, 0.0 ], [ -112.773332327521999, 55.632817369994591, 0.0 ], [ -112.773020811883896, 55.632601157757243, 0.0 ], [ -112.772002243596006, 55.631640479156189, 0.0 ], [ -112.771558846580604, 55.631122996900793, 0.0 ], [ -112.771304839895294, 55.630895886043341, 0.0 ], [ -112.771060596048002, 55.63047031882639, 0.0 ], [ -112.770809424714798, 55.630241540101288, 0.0 ], [ -112.770630005392206, 55.629961428683579, 0.0 ], [ -112.770405519231005, 55.629314999967796, 0.0 ], [ -112.770365410513804, 55.628750284511987, 0.0 ], [ -112.770429319546594, 55.628103577976738, 0.0 ], [ -112.770536058373196, 55.627835421247767, 0.0 ], [ -112.770537855399198, 55.627656594801643, 0.0 ], [ -112.770614306615798, 55.627336023169292, 0.0 ], [ -112.770761569147595, 55.627051590934947, 0.0 ], [ -112.7712999402234, 55.62518484799314, 0.0 ], [ -112.771320971059197, 55.625111949034917, 0.0 ], [ -112.771341572511304, 55.625040453943683, 0.0 ], [ -112.771418714752102, 55.624772971525402, 0.0 ], [ -112.772240834207096, 55.622766294207828, 0.0 ], [ -112.772399279111895, 55.622492025908286, 0.0 ], [ -112.772882430463795, 55.622009197730023, 0.0 ], [ -112.774013380899206, 55.621134499256861, 0.0 ], [ -112.774287886009503, 55.620874437238378, 0.0 ], [ -112.774341123824399, 55.620831407890101, 0.0 ], [ -112.774660617580594, 55.620569204329747, 0.0 ], [ -112.774829186628907, 55.620421187383947, 0.0 ], [ -112.775746931232604, 55.619394953062759, 0.0 ], [ -112.775987319446699, 55.618959194868701, 0.0 ], [ -112.776645107842796, 55.618158674333799, 0.0 ], [ -112.777049162668206, 55.617824168476439, 0.0 ], [ -112.777426055733301, 55.617451799195408, 0.0 ], [ -112.777451546595501, 55.617361574253643, 0.0 ], [ -112.777658079293303, 55.617205132386481, 0.0 ], [ -112.778840398631004, 55.616558267147603, 0.0 ], [ -112.779273566247696, 55.616228067950132, 0.0 ], [ -112.780442369921502, 55.615390646672971, 0.0 ], [ -112.781270399569706, 55.614734828836902, 0.0 ], [ -112.782118620522596, 55.613843053224031, 0.0 ], [ -112.782394302938002, 55.613642412128478, 0.0 ], [ -112.782646534371395, 55.613401244026953, 0.0 ], [ -112.782947686247098, 55.613204093395609, 0.0 ], [ -112.783224447569594, 55.612987275335101, 0.0 ], [ -112.784216257836306, 55.612377090405879, 0.0 ], [ -112.784479200203407, 55.612126212558849, 0.0 ], [ -112.7850301945289, 55.611669731720227, 0.0 ], [ -112.785257036142994, 55.611426715061206, 0.0 ], [ -112.785684291636301, 55.611081325498454, 0.0 ], [ -112.786719673071005, 55.61012341374316, 0.0 ], [ -112.786977225408293, 55.609717266419487, 0.0 ], [ -112.787340385593396, 55.609364501186377, 0.0 ], [ -112.787457020877298, 55.609274093068052, 0.0 ], [ -112.787424198862993, 55.609232426471642, 0.0 ], [ -112.787457187222998, 55.609145074647621, 0.0 ], [ -112.787480021545704, 55.609084578931807, 0.0 ], [ -112.787890172392295, 55.608361714131867, 0.0 ], [ -112.788357934318498, 55.607107642032908, 0.0 ], [ -112.788557000583396, 55.60641163622217, 0.0 ], [ -112.788602306177296, 55.606230942095543, 0.0 ], [ -112.788679459535103, 55.605592216868757, 0.0 ], [ -112.7888832943664, 55.60495544379522, 0.0 ], [ -112.788885171681599, 55.604235156087, 0.0 ], [ -112.788795915281895, 55.602889193274343, 0.0 ], [ -112.788751324160401, 55.602326354351057, 0.0 ], [ -112.788662477643598, 55.601970547682498, 0.0 ], [ -112.788571451116397, 55.601243476518547, 0.0 ], [ -112.788150709810097, 55.600055519072733, 0.0 ], [ -112.787859257079504, 55.599004732093043, 0.0 ], [ -112.787802636877402, 55.598800592017078, 0.0 ], [ -112.787650031322798, 55.598485389504873, 0.0 ], [ -112.787468241165101, 55.598230813366129, 0.0 ], [ -112.785982177644598, 55.596149715188453, 0.0 ], [ -112.785400599197999, 55.595532710411113, 0.0 ], [ -112.785241485220794, 55.59520562679436, 0.0 ], [ -112.784045840509805, 55.59371005696331, 0.0 ], [ -112.782724938002502, 55.592388282349177, 0.0 ], [ -112.782354647463094, 55.591781521699417, 0.0 ], [ -112.782105817763096, 55.591534344906378, 0.0 ], [ -112.780908409858199, 55.590568187705912, 0.0 ], [ -112.780245506697796, 55.590103917493678, 0.0 ], [ -112.779202021390603, 55.589487838145438, 0.0 ], [ -112.778419750360399, 55.588905528221773, 0.0 ], [ -112.778092046393795, 55.588679042283907, 0.0 ], [ -112.7773548435772, 55.588314446312779, 0.0 ], [ -112.777208890008396, 55.58820245180825, 0.0 ], [ -112.776868140911901, 55.58782028103635, 0.0 ], [ -112.775169827748201, 55.586446938069223, 0.0 ], [ -112.774685839945207, 55.586131474949482, 0.0 ], [ -112.774539800788503, 55.5860271552501, 0.0 ], [ -112.774366942598405, 55.585966415279323, 0.0 ], [ -112.773547361153504, 55.585630251371789, 0.0 ], [ -112.773008642039301, 55.585339996712037, 0.0 ], [ -112.772378376877398, 55.585137264319393, 0.0 ], [ -112.772124742023095, 55.585101102469167, 0.0 ], [ -112.771343612553594, 55.584784297064893, 0.0 ], [ -112.770669810676395, 55.584578058420867, 0.0 ], [ -112.770552612809198, 55.584561151522443, 0.0 ], [ -112.769962510119498, 55.584405300854648, 0.0 ], [ -112.769351635025103, 55.58415957480458, 0.0 ], [ -112.7678173788496, 55.583229233660163, 0.0 ], [ -112.766959090729699, 55.582511055904313, 0.0 ], [ -112.765622961940394, 55.581680161821097, 0.0 ], [ -112.765384878462598, 55.581631170255847, 0.0 ], [ -112.765228403952904, 55.58153354528924, 0.0 ], [ -112.764261483403104, 55.581096771960759, 0.0 ], [ -112.763230970564393, 55.580509742584873, 0.0 ], [ -112.762847639086999, 55.58032853264335, 0.0 ], [ -112.762201274701795, 55.580098287948687, 0.0 ], [ -112.761854471570203, 55.579915782541278, 0.0 ], [ -112.7615654171247, 55.579712310428008, 0.0 ], [ -112.761296242077606, 55.579426826575848, 0.0 ], [ -112.761163099651398, 55.579318391874253, 0.0 ], [ -112.761004075646596, 55.579225741037931, 0.0 ], [ -112.760243599767705, 55.578853356907217, 0.0 ], [ -112.759574877049005, 55.578425592512417, 0.0 ], [ -112.758980560534596, 55.578181690174411, 0.0 ], [ -112.758265645667706, 55.577843261612237, 0.0 ], [ -112.757968722060596, 55.577612777728682, 0.0 ], [ -112.757775752780702, 55.577546456646168, 0.0 ], [ -112.757604839872201, 55.577339389778153, 0.0 ], [ -112.757440768969502, 55.577158776299839, 0.0 ], [ -112.756844098890795, 55.576505879051503, 0.0 ], [ -112.756626791534799, 55.576196886294731, 0.0 ], [ -112.756496683552996, 55.576134719777507, 0.0 ], [ -112.755888787181306, 55.575917229654323, 0.0 ], [ -112.755739869840895, 55.575817301788419, 0.0 ], [ -112.755613655650805, 55.575696679842537, 0.0 ], [ -112.755516668007999, 55.575566205016898, 0.0 ], [ -112.755371309728503, 55.575074675282941, 0.0 ], [ -112.755349467475398, 55.574900646332317, 0.0 ], [ -112.755459853858198, 55.573839557890153, 0.0 ], [ -112.755319279251196, 55.572349619818517, 0.0 ], [ -112.755277384652899, 55.571553367498289, 0.0 ], [ -112.7553976682143, 55.571061794832048, 0.0 ], [ -112.755417596454194, 55.570813216783471, 0.0 ], [ -112.755471772205297, 55.570541213372543, 0.0 ], [ -112.755637240644603, 55.570256969705397, 0.0 ], [ -112.755688567520195, 55.570099422813357, 0.0 ], [ -112.755693743454302, 55.569932200798867, 0.0 ], [ -112.755693686182795, 55.569746000441782, 0.0 ], [ -112.755732989428495, 55.569579448449737, 0.0 ], [ -112.7561013152784, 55.568638904628017, 0.0 ], [ -112.756584049138596, 55.567770688392237, 0.0 ], [ -112.757063899475398, 55.567246042889423, 0.0 ], [ -112.757239017669207, 55.566977421490463, 0.0 ], [ -112.757418081728005, 55.566518987079967, 0.0 ], [ -112.757734906178499, 55.566121463595223, 0.0 ], [ -112.758072697206302, 55.565557222849122, 0.0 ], [ -112.758297129589295, 55.56529194897076, 0.0 ], [ -112.759051973632694, 55.56457181207665, 0.0 ], [ -112.759432976034304, 55.564037221325229, 0.0 ], [ -112.760648859503107, 55.562844056647933, 0.0 ], [ -112.760763355493793, 55.5627034255754, 0.0 ], [ -112.761278188199896, 55.562088298402102, 0.0 ], [ -112.761543980305206, 55.561873948029159, 0.0 ], [ -112.762511668826093, 55.561063781168102, 0.0 ], [ -112.762634948694298, 55.560933080972937, 0.0 ], [ -112.763068448802599, 55.560214722540849, 0.0 ], [ -112.7636369787257, 55.559576398536286, 0.0 ], [ -112.763878306778295, 55.559128658014203, 0.0 ], [ -112.764517586402405, 55.558320931909009, 0.0 ], [ -112.764775663850401, 55.557879350700539, 0.0 ], [ -112.764898894472694, 55.557568742395318, 0.0 ], [ -112.765016328237806, 55.556887492866473, 0.0 ], [ -112.765031290633502, 55.555474932825412, 0.0 ], [ -112.765112924722104, 55.555071456676792, 0.0 ], [ -112.765144542988295, 55.554698968667608, 0.0 ], [ -112.765103582273895, 55.553934335021253, 0.0 ], [ -112.765268495899804, 55.55308033035319, 0.0 ], [ -112.765305175563995, 55.55254848543575, 0.0 ], [ -112.765244641921697, 55.552386225433558, 0.0 ], [ -112.764853468418295, 55.552019763187523, 0.0 ], [ -112.764655818523906, 55.551768859073377, 0.0 ], [ -112.764513012008806, 55.551634857977497, 0.0 ], [ -112.764384080405307, 55.551330565014837, 0.0 ], [ -112.764517587127997, 55.550499554983567, 0.0 ], [ -112.764490253909898, 55.549604115672473, 0.0 ], [ -112.764463351157602, 55.54942623711662, 0.0 ], [ -112.764468323258001, 55.549074709615553, 0.0 ], [ -112.764310614865906, 55.548605315816353, 0.0 ], [ -112.764099633479304, 55.548254098888748, 0.0 ], [ -112.764011827798598, 55.548073471131431, 0.0 ], [ -112.762632872011906, 55.545432489652342, 0.0 ], [ -112.762011912638599, 55.544614304796937, 0.0 ], [ -112.761631029196707, 55.543994175618643, 0.0 ], [ -112.7616152217783, 55.54397123671253, 0.0 ], [ -112.761588083146094, 55.543904921679101, 0.0 ], [ -112.761481945128594, 55.543792447309663, 0.0 ], [ -112.761407535727898, 55.543651042014943, 0.0 ], [ -112.760552214559397, 55.542633202393787, 0.0 ], [ -112.759912464566995, 55.54205096458417, 0.0 ], [ -112.759438288045203, 55.5415715319198, 0.0 ], [ -112.758491594562997, 55.540848227464238, 0.0 ], [ -112.757498965356604, 55.539664034018983, 0.0 ], [ -112.756631598703294, 55.538085042866427, 0.0 ], [ -112.756494921234705, 55.537608704715147, 0.0 ], [ -112.756490833892002, 55.537423804566622, 0.0 ], [ -112.756620524237803, 55.536942381719079, 0.0 ], [ -112.756998603248306, 55.536160806158243, 0.0 ], [ -112.757264936113103, 55.53589023169166, 0.0 ], [ -112.757407481964506, 55.535790965898322, 0.0 ], [ -112.758064306409295, 55.535244579455608, 0.0 ], [ -112.759771269628501, 55.534148974614659, 0.0 ], [ -112.760165762766107, 55.533805999293492, 0.0 ], [ -112.760321442157704, 55.533620749942401, 0.0 ], [ -112.760342404395999, 55.533618776557589, 0.0 ], [ -112.7604192840802, 55.533529474208677, 0.0 ], [ -112.760649941798107, 55.533283039395741, 0.0 ], [ -112.761559774485804, 55.531899530251387, 0.0 ], [ -112.761613228734106, 55.531859703836417, 0.0 ], [ -112.762020201261393, 55.531394303278176, 0.0 ], [ -112.762263085422703, 55.531034640783147, 0.0 ], [ -112.762631678256398, 55.530488260062803, 0.0 ], [ -112.762725632739006, 55.530171796385197, 0.0 ], [ -112.763133442716196, 55.529426947540017, 0.0 ], [ -112.764138643346499, 55.528737774295983, 0.0 ], [ -112.765127003428404, 55.528177189741513, 0.0 ], [ -112.766449801190205, 55.527614803756173, 0.0 ], [ -112.767257088845696, 55.527335649531267, 0.0 ], [ -112.768621742380006, 55.527003849163769, 0.0 ], [ -112.769149764638101, 55.526932382095623, 0.0 ], [ -112.7703713547143, 55.526878289932696, 0.0 ], [ -112.771258461573794, 55.526810949363863, 0.0 ], [ -112.774411813075702, 55.52677470462141, 0.0 ], [ -112.774730328296499, 55.52676188903915, 0.0 ], [ -112.778944776911999, 55.52658911273722, 0.0 ], [ -112.781209162048796, 55.526377278838631, 0.0 ], [ -112.781230881973499, 55.526375244615743, 0.0 ], [ -112.781658327102406, 55.526318688103252, 0.0 ], [ -112.786000214308999, 55.52557347640618, 0.0 ], [ -112.787529120379403, 55.525192382291507, 0.0 ], [ -112.787885198123007, 55.525107029163017, 0.0 ], [ -112.790668622309695, 55.524187196101202, 0.0 ], [ -112.791993798181196, 55.52358262644735, 0.0 ], [ -112.794784786894596, 55.521897892593373, 0.0 ], [ -112.796198184897307, 55.520839718905258, 0.0 ], [ -112.796693944067499, 55.520358021576321, 0.0 ], [ -112.797090387187296, 55.519814434692883, 0.0 ], [ -112.797414024202894, 55.519147817275588, 0.0 ], [ -112.797501333201794, 55.518967145306704, 0.0 ], [ -112.798004722110505, 55.51789963950521, 0.0 ], [ -112.798542593699906, 55.516074855877527, 0.0 ], [ -112.7987134083439, 55.515200531250713, 0.0 ], [ -112.798752565555304, 55.513920323650041, 0.0 ], [ -112.798752095781595, 55.513739726275112, 0.0 ], [ -112.798683270891203, 55.513236082096391, 0.0 ], [ -112.798450832559297, 55.512620480535148, 0.0 ], [ -112.7979074742031, 55.511741442534174, 0.0 ], [ -112.797764162534904, 55.511494463134753, 0.0 ], [ -112.796861418549895, 55.510394612512691, 0.0 ], [ -112.795859005889298, 55.509424741923823, 0.0 ], [ -112.794397532794093, 55.508349123978682, 0.0 ], [ -112.793172778029799, 55.507679484003617, 0.0 ], [ -112.792710535006194, 55.507357675928631, 0.0 ], [ -112.791880304426201, 55.50686464360053, 0.0 ], [ -112.790426506122202, 55.506171655711157, 0.0 ], [ -112.789200432603494, 55.505700297887422, 0.0 ], [ -112.787903098667101, 55.505316999132503, 0.0 ], [ -112.787535243106404, 55.50524669177836, 0.0 ], [ -112.786247824672103, 55.504932835200492, 0.0 ], [ -112.783696763778295, 55.504511762392518, 0.0 ], [ -112.782656644734701, 55.504314110804863, 0.0 ], [ -112.781439905022793, 55.504057672096849, 0.0 ], [ -112.780929705046205, 55.503971736068493, 0.0 ], [ -112.780627685554606, 55.503953177476809, 0.0 ], [ -112.779353052068601, 55.50393529590476, 0.0 ], [ -112.779087044992494, 55.503906013131079, 0.0 ], [ -112.7776005190034, 55.50382071852809, 0.0 ], [ -112.776644980255497, 55.503819229083028, 0.0 ], [ -112.774732327165907, 55.503668404366323, 0.0 ], [ -112.7744140147867, 55.503605700583982, 0.0 ], [ -112.774189292031494, 55.503557717560852, 0.0 ], [ -112.773105368714496, 55.50343623666393, 0.0 ], [ -112.772340613923802, 55.503305935520878, 0.0 ], [ -112.769558640052594, 55.502638216546522, 0.0 ], [ -112.767482930484604, 55.502332885336827, 0.0 ], [ -112.766902589748199, 55.502291944598248, 0.0 ], [ -112.765653346681503, 55.502065947547337, 0.0 ], [ -112.762247031792299, 55.501544648218399, 0.0 ], [ -112.761607910709003, 55.501417616954662, 0.0 ], [ -112.760376407086099, 55.501120126754387, 0.0 ], [ -112.760112490788899, 55.501038130191397, 0.0 ], [ -112.759706746227195, 55.500899013528453, 0.0 ], [ -112.757950552011593, 55.500167079646268, 0.0 ], [ -112.757820444490207, 55.500112850284943, 0.0 ], [ -112.757692426639906, 55.500059486298312, 0.0 ], [ -112.757040347990099, 55.49978770597631, 0.0 ], [ -112.755423095573406, 55.498985015664289, 0.0 ], [ -112.754228438014806, 55.49811396859559, 0.0 ], [ -112.753963422756897, 55.497822332366617, 0.0 ], [ -112.753515765400905, 55.497502544580414, 0.0 ], [ -112.753158543562705, 55.497304571879788, 0.0 ], [ -112.751082427123805, 55.495952849154108, 0.0 ], [ -112.751019316771703, 55.495896013569983, 0.0 ], [ -112.750956930290101, 55.495839819775149, 0.0 ], [ -112.750777066301097, 55.495571914332388, 0.0 ], [ -112.750592262890095, 55.495114838982587, 0.0 ], [ -112.7504323012013, 55.49484215628889, 0.0 ], [ -112.749767661713506, 55.494076518817579, 0.0 ], [ -112.749391251095602, 55.493460317153989, 0.0 ], [ -112.749318336039806, 55.49321120734384, 0.0 ], [ -112.749361566828497, 55.492286793939293, 0.0 ], [ -112.749395919195905, 55.491969161809664, 0.0 ], [ -112.749478799790296, 55.491831681892229, 0.0 ], [ -112.749806785043404, 55.491463923913869, 0.0 ], [ -112.750226535304904, 55.491120987624093, 0.0 ], [ -112.750809209277406, 55.490495528184617, 0.0 ], [ -112.750969775196893, 55.490259738083473, 0.0 ], [ -112.751019224142794, 55.490187112867211, 0.0 ], [ -112.751083759544997, 55.490114313437047, 0.0 ], [ -112.751114799782599, 55.490079303314872, 0.0 ], [ -112.751218431106196, 55.489898494539993, 0.0 ], [ -112.751271188279205, 55.489735013315418, 0.0 ], [ -112.751515702969897, 55.489399923010843, 0.0 ], [ -112.751979475319999, 55.488913533786629, 0.0 ], [ -112.754832742855697, 55.487059929512952, 0.0 ], [ -112.755233344705204, 55.48675190015333, 0.0 ], [ -112.755423959158605, 55.486651074387602, 0.0 ], [ -112.756641374049394, 55.485831242872479, 0.0 ], [ -112.7578731313898, 55.485219391862792, 0.0 ], [ -112.759997735616395, 55.484526319494456, 0.0 ], [ -112.760833936118303, 55.484135444240707, 0.0 ], [ -112.761409592537504, 55.483812535182771, 0.0 ], [ -112.761604524513004, 55.483744767058141, 0.0 ], [ -112.762599970968196, 55.483365589001053, 0.0 ], [ -112.763225324484594, 55.483172240408663, 0.0 ], [ -112.764069629741797, 55.482882919522503, 0.0 ], [ -112.764439644156298, 55.482653284767977, 0.0 ], [ -112.764691951117598, 55.482464940107647, 0.0 ], [ -112.765789716909495, 55.481377749953133, 0.0 ], [ -112.767947064134106, 55.47955479770868, 0.0 ], [ -112.770146871660799, 55.477985565248957, 0.0 ], [ -112.770850803543794, 55.477457975638863, 0.0 ], [ -112.770967616651305, 55.477326918531361, 0.0 ], [ -112.772265580691098, 55.475412634713457, 0.0 ], [ -112.773001409521598, 55.474619648065698, 0.0 ], [ -112.7735724999079, 55.474174661736299, 0.0 ], [ -112.774415520121906, 55.473666847003059, 0.0 ], [ -112.774733542908706, 55.473478202897837, 0.0 ], [ -112.775166210908594, 55.473209367060427, 0.0 ], [ -112.775436616229001, 55.47297958954973, 0.0 ], [ -112.775768971631805, 55.472607985921151, 0.0 ], [ -112.776129359749106, 55.472036466825969, 0.0 ], [ -112.776177145302796, 55.471882794221017, 0.0 ], [ -112.776134095743998, 55.471725285879643, 0.0 ], [ -112.775925764048793, 55.47147462246447, 0.0 ], [ -112.774985808831303, 55.47067393190251, 0.0 ], [ -112.774732241422996, 55.470528203758597, 0.0 ], [ -112.774414074766497, 55.470379728426913, 0.0 ], [ -112.774076837002099, 55.470267752605487, 0.0 ], [ -112.773486215237895, 55.470033355863933, 0.0 ], [ -112.772171933667195, 55.469443988965402, 0.0 ], [ -112.771867863453807, 55.469256117923052, 0.0 ], [ -112.771088548841902, 55.468565169853584, 0.0 ], [ -112.770518903170995, 55.468185950522582, 0.0 ], [ -112.769863123169898, 55.467734033810068, 0.0 ], [ -112.769066213109895, 55.467242502442623, 0.0 ], [ -112.7687157604242, 55.467069047351089, 0.0 ], [ -112.768512558104007, 55.467001121736168, 0.0 ], [ -112.768267682686499, 55.466951400246771, 0.0 ], [ -112.766890601716298, 55.466810732191007, 0.0 ], [ -112.766267173904495, 55.466793373541883, 0.0 ], [ -112.765670053965806, 55.466826612206688, 0.0 ], [ -112.763775133430599, 55.467063197198932, 0.0 ], [ -112.762582739470105, 55.467145173086053, 0.0 ], [ -112.761605491119496, 55.467139367935992, 0.0 ], [ -112.760606269181196, 55.467145651403648, 0.0 ], [ -112.759380263613195, 55.467094828807937, 0.0 ], [ -112.758820382968693, 55.467035048626677, 0.0 ], [ -112.757809612993398, 55.466851684864423, 0.0 ], [ -112.756099034213605, 55.466321912063577, 0.0 ], [ -112.755325352921702, 55.465999070234467, 0.0 ], [ -112.753877683923406, 55.465517961165837, 0.0 ], [ -112.752545921120202, 55.465168623518558, 0.0 ], [ -112.752370266770598, 55.465086718780647, 0.0 ], [ -112.751516128602901, 55.464782505155789, 0.0 ], [ -112.751226137582094, 55.464660166445668, 0.0 ], [ -112.751115215836407, 55.464579152803182, 0.0 ], [ -112.751018620853003, 55.464508644050348, 0.0 ], [ -112.7509462294679, 55.464437779835173, 0.0 ], [ -112.750096971350104, 55.463606582949552, 0.0 ], [ -112.749454303406694, 55.462817134260277, 0.0 ], [ -112.749091886494099, 55.461711345600513, 0.0 ], [ -112.749046788634104, 55.461360795635407, 0.0 ], [ -112.749046720825504, 55.461019016539034, 0.0 ], [ -112.749083905126895, 55.460841922621391, 0.0 ], [ -112.748404111805897, 55.460842066875379, 0.0 ], [ -112.737336383304694, 55.460843982599343, 0.0 ], [ -112.724678699391603, 55.46084496713798, 0.0 ], [ -112.724360690451505, 55.460844978418642, 0.0 ], [ -112.711703011369707, 55.460844619996649, 0.0 ], [ -112.703497309854797, 55.460843681172683, 0.0 ], [ -112.700170302222602, 55.460843142842222, 0.0 ], [ -112.699045336755304, 55.460842960492727, 0.0 ], [ -112.686069694710397, 55.460839885314222, 0.0 ], [ -112.677910220315795, 55.460837250455747, 0.0 ], [ -112.677829032314705, 55.460833542459469, 0.0 ], [ -112.677774061202896, 55.460837201889582, 0.0 ], [ -112.6736718823838, 55.460835667169093, 0.0 ], [ -112.673412097930907, 55.46083556500119, 0.0 ], [ -112.673094092765297, 55.460835443932297, 0.0 ], [ -112.672089185419296, 55.460835030927257, 0.0 ], [ -112.671309278088401, 55.460834720120552, 0.0 ], [ -112.660436549890207, 55.460829826480477, 0.0 ], [ -112.647779092062706, 55.460822953491807, 0.0 ], [ -112.647461073750506, 55.460822755616519, 0.0 ], [ -112.634803642911507, 55.460814540897722, 0.0 ], [ -112.622146254919699, 55.460805016761157, 0.0 ], [ -112.621828244991093, 55.460805175010343, 0.0 ], [ -112.609154817866198, 55.460810890463321, 0.0 ], [ -112.596481389232594, 55.460815311265627, 0.0 ], [ -112.596004405580203, 55.460815498281448, 0.0 ], [ -112.583489993114, 55.460819726036561, 0.0 ], [ -112.570816565111201, 55.460822681882973, 0.0 ], [ -112.570339584735095, 55.460822759856732, 0.0 ], [ -112.560909019440501, 55.460824079348633, 0.0 ], [ -112.5578251820871, 55.460824353018467, 0.0 ], [ -112.545151813298801, 55.460824658924032, 0.0 ], [ -112.544674835813197, 55.460824636837998, 0.0 ], [ -112.532173359694596, 55.460823620276678, 0.0 ], [ -112.519512920416901, 55.460821260602152, 0.0 ], [ -112.519035946488202, 55.460821155653512, 0.0 ], [ -112.506534521150002, 55.460817493417863, 0.0 ], [ -112.493874385318193, 55.46081253810393, 0.0 ], [ -112.493397387453996, 55.460812486413218, 0.0 ], [ -112.480896460765194, 55.460810636237099, 0.0 ], [ -112.475386077066503, 55.4608094032547, 0.0 ], [ -112.468236541045201, 55.460807427858057, 0.0 ], [ -112.467759564957305, 55.460807726215791, 0.0 ], [ -112.455256361094598, 55.460814592626988, 0.0 ], [ -112.442594195438701, 55.460820254747951, 0.0 ], [ -112.442117207503898, 55.460820433937073, 0.0 ], [ -112.429614045030505, 55.460824678882346, 0.0 ], [ -112.429106085084697, 55.460824823785572, 0.0 ], [ -112.4288596622673, 55.460824895560982, 0.0 ], [ -112.416951907913202, 55.46082768678275, 0.0 ], [ -112.416474938046903, 55.460827776202443, 0.0 ], [ -112.403971804832594, 55.46082940743981, 0.0 ], [ -112.395392764590895, 55.46082977751778, 0.0 ], [ -112.394870216575995, 55.460829783412677, 0.0 ], [ -112.394712789091301, 55.460829784112853, 0.0 ], [ -112.393120013699601, 55.460829773298933, 0.0 ], [ -112.391472414883694, 55.460829750745603, 0.0 ], [ -112.3913096859511, 55.460829741928762, 0.0 ], [ -112.390950389590103, 55.460829741140117, 0.0 ], [ -112.390832702751098, 55.460829740013907, 0.0 ], [ -112.390595961601306, 55.4608298341496, 0.0 ], [ -112.3901851647543, 55.460829362036741, 0.0 ], [ -112.389692000338599, 55.460829693898752, 0.0 ], [ -112.389441686653399, 55.460829685029793, 0.0 ], [ -112.389191420456896, 55.460829675762589, 0.0 ], [ -112.388690840521093, 55.460829657374127, 0.0 ], [ -112.388440542704998, 55.460829646794053, 0.0 ], [ -112.3783296199923, 55.460828739922142, 0.0 ], [ -112.365667536988397, 55.460826438154697, 0.0 ], [ -112.365190573470002, 55.460826326722412, 0.0 ], [ -112.352687528140294, 55.460822716526472, 0.0 ], [ -112.340025519514697, 55.460817739686767, 0.0 ], [ -112.339548550050594, 55.460817431853329, 0.0 ], [ -112.333876996618798, 55.460813527253308, 0.0 ], [ -112.327045462839706, 55.460808470521542, 0.0 ], [ -112.3143833708356, 55.460798094716949, 0.0 ], [ -112.3143840184635, 55.45365086649489, 0.0 ], [ -112.314384656638893, 55.446424008550878, 0.0 ], [ -112.314385267782299, 55.439197143300248, 0.0 ], [ -112.3143858202953, 55.432060604583171, 0.0 ], [ -112.314385851801802, 55.431789603465511, 0.0 ], [ -112.314386408444605, 55.424562714428788, 0.0 ], [ -112.314386460665105, 55.423938859803293, 0.0 ], [ -112.314386452629194, 55.423867006316428, 0.0 ], [ -112.314386922229303, 55.41733581863452, 0.0 ], [ -112.314387363007299, 55.410108894735778, 0.0 ], [ -112.314387763155594, 55.402972298100153, 0.0 ], [ -112.314387772966199, 55.402701287398557, 0.0 ], [ -112.314387833506501, 55.398477749272807, 0.0 ], [ -112.3143878616591, 55.398318718838993, 0.0 ], [ -112.314388127120097, 55.395474348892677, 0.0 ], [ -112.314388487091804, 55.388247385809898, 0.0 ], [ -112.314388819500607, 55.381020424394841, 0.0 ], [ -112.314389081378096, 55.373883798014013, 0.0 ], [ -112.314389084744505, 55.373612786156542, 0.0 ], [ -112.314389364696297, 55.366385540189903, 0.0 ], [ -112.314389603712598, 55.359158260521447, 0.0 ], [ -112.314389798948994, 55.351930989354663, 0.0 ], [ -112.314390005198803, 55.344794047255469, 0.0 ], [ -112.314390002128306, 55.344523034241668, 0.0 ], [ -112.314390143569895, 55.337295732087867, 0.0 ], [ -112.314390323670494, 55.330068386288133, 0.0 ], [ -112.314390510721495, 55.322840998842459, 0.0 ], [ -112.314390680069494, 55.315703930276072, 0.0 ], [ -112.3143906869212, 55.315432907472243, 0.0 ], [ -112.314390820281403, 55.308205487236989, 0.0 ], [ -112.314390867697597, 55.304047456734551, 0.0 ], [ -112.314390926733395, 55.300978059681462, 0.0 ], [ -112.314391006890801, 55.293750615825239, 0.0 ], [ -112.314391041801201, 55.290095100510868, 0.0 ], [ -112.314391049934102, 55.287565164594042, 0.0 ], [ -112.314391070302094, 55.286710067716783, 0.0 ], [ -112.314391058333499, 55.286523191586532, 0.0 ], [ -112.3143910537636, 55.2863425028427, 0.0 ], [ -112.314391163719094, 55.27911542372275, 0.0 ], [ -112.314391214037499, 55.271888355445377, 0.0 ], [ -112.314391253314497, 55.264661278395181, 0.0 ], [ -112.314391262865797, 55.257524529624419, 0.0 ], [ -112.314391272513404, 55.257253505749887, 0.0 ], [ -112.314391257502294, 55.250026405778002, 0.0 ], [ -112.314391392136997, 55.242799248409078, 0.0 ], [ -112.314391413393295, 55.241801085931733, 0.0 ], [ -112.314391418241598, 55.241659830268013, 0.0 ], [ -112.314391407296696, 55.241518575153293, 0.0 ], [ -112.314391499840497, 55.23557208371362, 0.0 ], [ -112.314391595698098, 55.228435247128161, 0.0 ], [ -112.314391599513499, 55.228164213115697, 0.0 ], [ -112.314391668014807, 55.220937033919327, 0.0 ], [ -112.314391694499903, 55.213709838068631, 0.0 ], [ -112.314391785317696, 55.212598700534983, 0.0 ], [ -112.314391447559302, 55.212454775719692, 0.0 ], [ -112.314391709118397, 55.206482645112487, 0.0 ], [ -112.314391682706201, 55.199345779059932, 0.0 ], [ -112.314391679545395, 55.199074751970791, 0.0 ], [ -112.314391622480699, 55.191847327056188, 0.0 ], [ -112.314391554225196, 55.184619895155848, 0.0 ], [ -112.314391459690597, 55.177392446943337, 0.0 ], [ -112.314391325577503, 55.17025533679351, 0.0 ], [ -112.314391315992907, 55.169984308545487, 0.0 ], [ -112.3143911661071, 55.162756853556367, 0.0 ], [ -112.314391134210993, 55.161362097076449, 0.0 ], [ -112.314391129900301, 55.161227378707707, 0.0 ], [ -112.3143910048599, 55.155529394272627, 0.0 ], [ -112.314390875276402, 55.151105959108627, 0.0 ], [ -112.314390801252699, 55.148301924614287, 0.0 ], [ -112.314390590935304, 55.141164803971833, 0.0 ], [ -112.314390590610699, 55.140893774910211, 0.0 ], [ -112.314390317113507, 55.133666281960451, 0.0 ], [ -112.314390046922298, 55.126438800324898, 0.0 ], [ -112.314389736941393, 55.119211293978871, 0.0 ], [ -112.314389389702995, 55.111714861607823, 0.0 ], [ -112.314389379550704, 55.111456035162171, 0.0 ], [ -112.318943519573196, 55.111457380717972, 0.0 ], [ -112.319416342854694, 55.111457512436957, 0.0 ], [ -112.331962519400804, 55.111462254536832, 0.0 ], [ -112.344351003179099, 55.111465602084387, 0.0 ], [ -112.344823807868494, 55.111465705712313, 0.0 ], [ -112.344827102150603, 55.10393030803575, 0.0 ], [ -112.344827438721197, 55.103177377757667, 0.0 ], [ -112.344827477477395, 55.103096403832737, 0.0 ], [ -112.344829298084704, 55.098953841870113, 0.0 ], [ -112.344829415003105, 55.098674956147491, 0.0 ], [ -112.344829518549503, 55.098438832813898, 0.0 ], [ -112.344830274071796, 55.096702962643853, 0.0 ], [ -112.344833496078707, 55.089475620560968, 0.0 ], [ -112.344833662987597, 55.089109158748713, 0.0 ], [ -112.344833704963307, 55.089017716642601, 0.0 ], [ -112.344836612636897, 55.082338606336258, 0.0 ], [ -112.344836722046594, 55.082067579926672, 0.0 ], [ -112.344839766099398, 55.074840166277653, 0.0 ], [ -112.344842779831495, 55.067612763174353, 0.0 ], [ -112.3448458323126, 55.060385345143338, 0.0 ], [ -112.344848858842496, 55.053248248049243, 0.0 ], [ -112.344848962328896, 55.05297721149374, 0.0 ], [ -112.344843569712395, 55.050363876437238, 0.0 ], [ -112.344843222654106, 55.049961700097029, 0.0 ], [ -112.344834037549504, 55.045753587244782, 0.0 ], [ -112.344819123578205, 55.038529947389847, 0.0 ], [ -112.344804251669203, 55.031306292610637, 0.0 ], [ -112.344840185172103, 55.024173097448937, 0.0 ], [ -112.344841548654699, 55.023902060395081, 0.0 ], [ -112.357405332199406, 55.023902648579998, 0.0 ], [ -112.3699691424778, 55.023901929640523, 0.0 ], [ -112.370283680041197, 55.023901895822178, 0.0 ], [ -112.382847529295404, 55.02389986540598, 0.0 ], [ -112.386851321978199, 55.023896467344237, 0.0 ], [ -112.395411389342598, 55.023896524859794, 0.0 ], [ -112.395725896617606, 55.023896416460381, 0.0 ], [ -112.408289795640897, 55.0238917563819, 0.0 ], [ -112.420853701607498, 55.023885789728723, 0.0 ], [ -112.421168225958397, 55.023885623056017, 0.0 ], [ -112.433732156223698, 55.023878288930973, 0.0 ], [ -112.446296104184498, 55.02386969256667, 0.0 ], [ -112.446610630284198, 55.023869460998881, 0.0 ], [ -112.446610538572102, 55.023822911082057, 0.0 ], [ -112.446610204508502, 55.023650962476736, 0.0 ], [ -112.446358332339301, 55.023650345721059, 0.0 ], [ -112.4463581417331, 54.762313220542183, 0.0 ], [ -112.425963505225894, 54.762313225074223, 0.0 ], [ -112.425962253313003, 54.761965766182968, 0.0 ], [ -112.425614458432193, 54.761965630547451, 0.0 ], [ -112.425607037173606, 54.754697294837563, 0.0 ], [ -112.4256006096806, 54.748365009512099, 0.0 ], [ -112.425599671640498, 54.747461511264667, 0.0 ], [ -112.425596269366906, 54.74411032695123, 0.0 ], [ -112.425190899578098, 54.7441041927122, 0.0 ], [ -112.424414417692205, 54.744092438610991, 0.0 ], [ -112.424047095023994, 54.744086876124548, 0.0 ], [ -112.423965230094694, 54.744136048889303, 0.0 ], [ -112.423174744146806, 54.744344080976553, 0.0 ], [ -112.423187755609007, 54.744819011171522, 0.0 ], [ -112.423128160158399, 54.744844574237007, 0.0 ], [ -112.423123766232493, 54.74493503118741, 0.0 ], [ -112.423017457062301, 54.74510744044548, 0.0 ], [ -112.422739844920997, 54.745246798623597, 0.0 ], [ -112.422430766415701, 54.745401952183478, 0.0 ], [ -112.422364841266699, 54.745435043579, 0.0 ], [ -112.422216079200894, 54.745770345814137, 0.0 ], [ -112.421947549334007, 54.745875462245813, 0.0 ], [ -112.421873781455901, 54.746257463088391, 0.0 ], [ -112.421964623392199, 54.746295687444949, 0.0 ], [ -112.421881968043195, 54.746340111503322, 0.0 ], [ -112.421479560170496, 54.746556386236087, 0.0 ], [ -112.421077151060103, 54.746772660544437, 0.0 ], [ -112.420300876438006, 54.746756140979393, 0.0 ], [ -112.419954845541, 54.746508396348801, 0.0 ], [ -112.419177583486501, 54.746492403401241, 0.0 ], [ -112.418364553034394, 54.746495629727647, 0.0 ], [ -112.417563445889598, 54.746492441400029, 0.0 ], [ -112.416821958504599, 54.746457210316052, 0.0 ], [ -112.416448127620697, 54.746224407181003, 0.0 ], [ -112.4160863860196, 54.745999129072857, 0.0 ], [ -112.416074301136604, 54.745991601134328, 0.0 ], [ -112.416084498557197, 54.745899342510498, 0.0 ], [ -112.416106838163998, 54.74569722786967, 0.0 ], [ -112.416080429624202, 54.745684422090577, 0.0 ], [ -112.416086092509602, 54.745508694833433, 0.0 ], [ -112.415729088988599, 54.745309733361232, 0.0 ], [ -112.415326660852699, 54.745525988389353, 0.0 ], [ -112.414924226821896, 54.745742242893591, 0.0 ], [ -112.414147978831593, 54.745725683323762, 0.0 ], [ -112.413924408226194, 54.745720913264073, 0.0 ], [ -112.413371730080897, 54.745709118756018, 0.0 ], [ -112.413172943910894, 54.745815934606682, 0.0 ], [ -112.412961115578199, 54.745842718703742, 0.0 ], [ -112.412530439190405, 54.745468746221881, 0.0 ], [ -112.412498340758503, 54.745440875550223, 0.0 ], [ -112.411741410691604, 54.745339963039363, 0.0 ], [ -112.4116092054158, 54.74532233830643, 0.0 ], [ -112.410938330063502, 54.745095835537121, 0.0 ], [ -112.410267463834003, 54.74486932915994, 0.0 ], [ -112.409688507216401, 54.744673850184213, 0.0 ], [ -112.408912860346902, 54.744649847358957, 0.0 ], [ -112.408137214381398, 54.744625842273948, 0.0 ], [ -112.407361568054398, 54.744601830405308, 0.0 ], [ -112.406911935919595, 54.744587908898467, 0.0 ], [ -112.406279211432903, 54.744604768956293, 0.0 ], [ -112.406114335465006, 54.74465095638201, 0.0 ], [ -112.405666726365297, 54.744645092130916, 0.0 ], [ -112.4056283259753, 54.744685697691857, 0.0 ], [ -112.405350002887801, 54.744626226742042, 0.0 ], [ -112.404784953913193, 54.74493456466157, 0.0 ], [ -112.404219893252503, 54.745242899774162, 0.0 ], [ -112.403654825620507, 54.745551231281311, 0.0 ], [ -112.403321385528699, 54.745733170470281, 0.0 ], [ -112.403152302692007, 54.746171760773549, 0.0 ], [ -112.403139661765906, 54.746204545460593, 0.0 ], [ -112.403103053598301, 54.746239118057602, 0.0 ], [ -112.402839903981999, 54.746487640617822, 0.0 ], [ -112.402822042236394, 54.746936887696528, 0.0 ], [ -112.402808286198393, 54.747282846305751, 0.0 ], [ -112.403079072267104, 54.7475734367708, 0.0 ], [ -112.403138568537997, 54.747947670057179, 0.0 ], [ -112.403142470002194, 54.747972207806448, 0.0 ], [ -112.403093686175694, 54.748412217916609, 0.0 ], [ -112.403434865139502, 54.748584454191707, 0.0 ], [ -112.403511773686404, 54.748682331921543, 0.0 ], [ -112.403520715358198, 54.748693714948253, 0.0 ], [ -112.403549747878301, 54.748730660617362, 0.0 ], [ -112.404076354337107, 54.749061019648877, 0.0 ], [ -112.404602970914596, 54.749391376501222, 0.0 ], [ -112.404857986436795, 54.749551350925152, 0.0 ], [ -112.404910400734806, 54.749999693179127, 0.0 ], [ -112.404922862476894, 54.75010628527086, 0.0 ], [ -112.404811341855293, 54.750332768764068, 0.0 ], [ -112.404403982837493, 54.750550300310358, 0.0 ], [ -112.403678235216105, 54.750710613436837, 0.0 ], [ -112.403087368302593, 54.750841127176393, 0.0 ], [ -112.4025952141929, 54.751062070228983, 0.0 ], [ -112.4021730768211, 54.751329582769898, 0.0 ], [ -112.402171799074495, 54.751337514609219, 0.0 ], [ -112.402141602617206, 54.751525256419583, 0.0 ], [ -112.402110677783796, 54.751717518917772, 0.0 ], [ -112.402444438132207, 54.752123303027759, 0.0 ], [ -112.4027136263839, 54.752450576310387, 0.0 ], [ -112.402520518276901, 54.752670928862607, 0.0 ], [ -112.402567972561101, 54.752792048168487, 0.0 ], [ -112.402960952735398, 54.753036439241598, 0.0 ], [ -112.403097081240801, 54.753121094714167, 0.0 ], [ -112.4036261968281, 54.753450140788892, 0.0 ], [ -112.404008183800798, 54.753687682637022, 0.0 ], [ -112.404117191051, 54.753719434773913, 0.0 ], [ -112.404702084610193, 54.75388980082478, 0.0 ], [ -112.405055269631603, 54.753992671397206, 0.0 ], [ -112.405032840379207, 54.754074666693988, 0.0 ], [ -112.405063424516996, 54.754075320534888, 0.0 ], [ -112.405081413507205, 54.754244072268918, 0.0 ], [ -112.405101365988003, 54.754431226183193, 0.0 ], [ -112.405112008969596, 54.754531029644333, 0.0 ], [ -112.405071377734302, 54.754548772708411, 0.0 ], [ -112.404632109997706, 54.754740596138539, 0.0 ], [ -112.404596988028899, 54.754888301941619, 0.0 ], [ -112.404585581878294, 54.754936264485181, 0.0 ], [ -112.404552319463605, 54.755076145306667, 0.0 ], [ -112.404525724606501, 54.755187991462748, 0.0 ], [ -112.404526017765903, 54.755190699376307, 0.0 ], [ -112.404537947465201, 54.755300674169433, 0.0 ], [ -112.404553236617801, 54.755441588255231, 0.0 ], [ -112.404564884727606, 54.755548967793111, 0.0 ], [ -112.404574621794893, 54.75563871069933, 0.0 ], [ -112.404948468290002, 54.755871552122869, 0.0 ], [ -112.405322320683297, 54.75610439156636, 0.0 ], [ -112.405509246215999, 54.756220809921921, 0.0 ], [ -112.405519978735796, 54.756227496039493, 0.0 ], [ -112.405336230295504, 54.756426389880147, 0.0 ], [ -112.405166232145604, 54.756610397736218, 0.0 ], [ -112.404859779495098, 54.756747440456962, 0.0 ], [ -112.404850491351098, 54.756751593545488, 0.0 ], [ -112.4048321309822, 54.756870154282787, 0.0 ], [ -112.404797116135498, 54.757096264701268, 0.0 ], [ -112.404779490494803, 54.757210071026797, 0.0 ], [ -112.404775357114005, 54.757329284387083, 0.0 ], [ -112.404767265682906, 54.757562589483058, 0.0 ], [ -112.404763072892493, 54.757683482443973, 0.0 ], [ -112.404773279629893, 54.757789587263012, 0.0 ], [ -112.404785163803894, 54.757913143826372, 0.0 ], [ -112.404804757052403, 54.758116840666979, 0.0 ], [ -112.404805412297094, 54.758117172164077, 0.0 ], [ -112.404796013377293, 54.758266654486981, 0.0 ], [ -112.404786094210706, 54.75842443292737, 0.0 ], [ -112.405036218243694, 54.75882665986034, 0.0 ], [ -112.404780938646098, 54.759072700573981, 0.0 ], [ -112.404750760758105, 54.75923171267069, 0.0 ], [ -112.404714448117005, 54.759423050810057, 0.0 ], [ -112.4046961636097, 54.759519383995759, 0.0 ], [ -112.4046906235005, 54.759548570569223, 0.0 ], [ -112.404737590495003, 54.759960194890517, 0.0 ], [ -112.404773369710398, 54.760000333333643, 0.0 ], [ -112.405093637624603, 54.760359613251893, 0.0 ], [ -112.405152427506593, 54.76042556161029, 0.0 ], [ -112.405363797660002, 54.760662674605037, 0.0 ], [ -112.405370658290906, 54.761112022935578, 0.0 ], [ -112.405371912371507, 54.761194216676387, 0.0 ], [ -112.405363663493105, 54.761323146558709, 0.0 ], [ -112.405363028650598, 54.761333041059721, 0.0 ], [ -112.405343172182796, 54.761643276056112, 0.0 ], [ -112.405339429691395, 54.761752579738193, 0.0 ], [ -112.405336430139897, 54.761840216102946, 0.0 ], [ -112.405327787687597, 54.762092552916698, 0.0 ], [ -112.4053203317862, 54.762310191395443, 0.0 ], [ -112.405631268912401, 54.762692894724701, 0.0 ], [ -112.405607547214004, 54.76288920696161, 0.0 ], [ -112.405265097611903, 54.763073095652423, 0.0 ], [ -112.405250726861297, 54.763297624377302, 0.0 ], [ -112.405250303277697, 54.763304241686747, 0.0 ], [ -112.405012156026004, 54.763433416470583, 0.0 ], [ -112.404445366777097, 54.76374084615896, 0.0 ], [ -112.403878568940996, 54.764048273091419, 0.0 ], [ -112.403372863493999, 54.764322558367788, 0.0 ], [ -112.403334177089604, 54.764438986414412, 0.0 ], [ -112.403322107553095, 54.764475309673529, 0.0 ], [ -112.403368209579895, 54.764525245818312, 0.0 ], [ -112.403222977059499, 54.764603224500362, 0.0 ], [ -112.403596895192393, 54.764836069650997, 0.0 ], [ -112.403734011120605, 54.76492145276903, 0.0 ], [ -112.4037465673578, 54.76493505266702, 0.0 ], [ -112.403757512962898, 54.764936087491563, 0.0 ], [ -112.403970819226103, 54.765068912821313, 0.0 ], [ -112.404344747435005, 54.765301756672343, 0.0 ], [ -112.404332424484096, 54.765494209915794, 0.0 ], [ -112.404328316379406, 54.76555835948718, 0.0 ], [ -112.404315990069605, 54.765750813551513, 0.0 ], [ -112.403913297410497, 54.765967027236087, 0.0 ], [ -112.403477180701699, 54.766156684674257, 0.0 ], [ -112.403459971360604, 54.766164169173848, 0.0 ], [ -112.403445106489798, 54.766289521718427, 0.0 ], [ -112.403417951398097, 54.766518509692617, 0.0 ], [ -112.403403590170299, 54.766639613716777, 0.0 ], [ -112.403415732300104, 54.766748034435103, 0.0 ], [ -112.403430722366195, 54.76688187678301, 0.0 ], [ -112.403453061481301, 54.767081352453722, 0.0 ], [ -112.403827004861697, 54.76731419799853, 0.0 ], [ -112.4041665925524, 54.767316159850523, 0.0 ], [ -112.404626034024204, 54.767318815076727, 0.0 ], [ -112.404652403439201, 54.767337178519483, 0.0 ], [ -112.404977615295195, 54.767563667444307, 0.0 ], [ -112.405317205234297, 54.767565626096207, 0.0 ], [ -112.405776649748205, 54.76756827699284, 0.0 ], [ -112.405803016629505, 54.767586641921703, 0.0 ], [ -112.406128236971298, 54.767813127841578, 0.0 ], [ -112.406502204270296, 54.768045963582523, 0.0 ], [ -112.406876172696101, 54.768278799039351, 0.0 ], [ -112.407250146908794, 54.768511634311722, 0.0 ], [ -112.407624127023496, 54.768744467603362, 0.0 ], [ -112.408012468435203, 54.76875277074457, 0.0 ], [ -112.408400813209695, 54.768761071811817, 0.0 ], [ -112.408821781492804, 54.76896867546202, 0.0 ], [ -112.408868799034394, 54.768995910602428, 0.0 ], [ -112.409138256250401, 54.769151996306078, 0.0 ], [ -112.409108259240199, 54.769593059778529, 0.0 ], [ -112.409077720183205, 54.770042078026059, 0.0 ], [ -112.409047178795106, 54.770491095297317, 0.0 ], [ -112.409044419394604, 54.770531675860703, 0.0 ], [ -112.408885879339707, 54.770687625275059, 0.0 ], [ -112.408659945417597, 54.770790134922557, 0.0 ], [ -112.408651775502705, 54.770917899113932, 0.0 ], [ -112.408650855985499, 54.770932303131943, 0.0 ], [ -112.408637424857901, 54.770932015160632, 0.0 ], [ -112.408263264013499, 54.770932555754023, 0.0 ], [ -112.408234700876406, 54.771148242695993, 0.0 ], [ -112.407458538169493, 54.771172125876468, 0.0 ], [ -112.407162608199798, 54.771181232077033, 0.0 ], [ -112.406741499525495, 54.771408802515907, 0.0 ], [ -112.4066451100379, 54.771403575091163, 0.0 ], [ -112.406623600209997, 54.771417123174963, 0.0 ], [ -112.406272289221803, 54.77163842275808, 0.0 ], [ -112.405869545730496, 54.771854642204779, 0.0 ], [ -112.405466798004696, 54.772070859362671, 0.0 ], [ -112.405064045986805, 54.772287075129839, 0.0 ], [ -112.404661291057806, 54.772503292233857, 0.0 ], [ -112.404258528902204, 54.772719505186267, 0.0 ], [ -112.404244145896499, 54.772944033339783, 0.0 ], [ -112.404229764187605, 54.773168562413751, 0.0 ], [ -112.403826993049293, 54.773384773816012, 0.0 ], [ -112.4034121045392, 54.773575574245157, 0.0 ], [ -112.403395597590603, 54.773583166437248, 0.0 ], [ -112.403391971070704, 54.773726838188431, 0.0 ], [ -112.403385444909006, 54.773985455102192, 0.0 ], [ -112.403383995271895, 54.774042912848913, 0.0 ], [ -112.403391052445201, 54.774339173125242, 0.0 ], [ -112.403395289124902, 54.774516916744801, 0.0 ], [ -112.403384525478998, 54.774597774713079, 0.0 ], [ -112.403366026385797, 54.774736754421482, 0.0 ], [ -112.403230411817901, 54.774810649507081, 0.0 ], [ -112.4030513735743, 54.774908203346513, 0.0 ], [ -112.402947900308504, 54.774964583817841, 0.0 ], [ -112.402635057636999, 54.775135041616927, 0.0 ], [ -112.402315706661398, 54.775496827838793, 0.0 ], [ -112.402129497723095, 54.775596776375252, 0.0 ], [ -112.402117158067895, 54.775789228020997, 0.0 ], [ -112.402113044721006, 54.77585338006466, 0.0 ], [ -112.402100706424207, 54.776045831733029, 0.0 ], [ -112.402474722986, 54.776278681939132, 0.0 ], [ -112.402558884912594, 54.776331075740401, 0.0 ], [ -112.402576430060805, 54.776351380169949, 0.0 ], [ -112.402605668715196, 54.776360203149537, 0.0 ], [ -112.403095860092904, 54.776508112060597, 0.0 ], [ -112.403225571562302, 54.776700628376283, 0.0 ], [ -112.403278370504296, 54.776778992125173, 0.0 ], [ -112.403310641104895, 54.776826885315103, 0.0 ], [ -112.403840082853506, 54.777155920480567, 0.0 ], [ -112.403969160350201, 54.777236138366689, 0.0 ], [ -112.403958500744906, 54.777402519886799, 0.0 ], [ -112.403952333339703, 54.777498745338967, 0.0 ], [ -112.403942056724105, 54.777659122939824, 0.0 ], [ -112.403539240111897, 54.777875334578113, 0.0 ], [ -112.403122028796503, 54.778316070816302, 0.0 ], [ -112.403093244041898, 54.778765126291468, 0.0 ], [ -112.402663864969597, 54.778967553992537, 0.0 ], [ -112.4025956340341, 54.779409518453413, 0.0 ], [ -112.402546215081301, 54.779869182931861, 0.0 ], [ -112.402516345601597, 54.780335030054097, 0.0 ], [ -112.402506764579599, 54.78079554516971, 0.0 ], [ -112.402518210883997, 54.781239216316379, 0.0 ], [ -112.402920517165498, 54.781459459090037, 0.0 ], [ -112.402949486552799, 54.781890128577537, 0.0 ], [ -112.402948322306798, 54.782349585455428, 0.0 ], [ -112.402918273380294, 54.782818236401219, 0.0 ], [ -112.402860599909403, 54.783276484718748, 0.0 ], [ -112.4028196043718, 54.783485380319149, 0.0 ], [ -112.402794279073404, 54.783499364084733, 0.0 ], [ -112.402232051341301, 54.783809749707153, 0.0 ], [ -112.402079700934394, 54.783893856113828, 0.0 ], [ -112.401829565936296, 54.784212926973929, 0.0 ], [ -112.401567893283598, 54.784353347323091, 0.0 ], [ -112.401403637714196, 54.784441489468598, 0.0 ], [ -112.400868374934106, 54.784541050685952, 0.0 ], [ -112.400292715345003, 54.784843108540372, 0.0 ], [ -112.4000509202383, 54.784969979646213, 0.0 ], [ -112.400009974342893, 54.7851893348574, 0.0 ], [ -112.399956280753102, 54.78521814613611, 0.0 ], [ -112.400000463096205, 54.78524029280014, 0.0 ], [ -112.399967522350195, 54.785416750955783, 0.0 ], [ -112.399929196398105, 54.785622065096618, 0.0 ], [ -112.400216816502194, 54.785963014324743, 0.0 ], [ -112.400219209396099, 54.785978222266543, 0.0 ], [ -112.399898625595299, 54.786116253761151, 0.0 ], [ -112.399495702334704, 54.786332449666133, 0.0 ], [ -112.399463706820299, 54.786349617290917, 0.0 ], [ -112.3990927747206, 54.786548645077502, 0.0 ], [ -112.399063938108299, 54.786997698538542, 0.0 ], [ -112.398632942861298, 54.787196426890382, 0.0 ], [ -112.398660213866094, 54.787680408372339, 0.0 ], [ -112.398229210865296, 54.787879135203568, 0.0 ], [ -112.397826260972593, 54.788095326120143, 0.0 ], [ -112.397423306841404, 54.788311514746667, 0.0 ], [ -112.397020348413903, 54.788527701981273, 0.0 ], [ -112.396617385747902, 54.788743886925822, 0.0 ], [ -112.395840322388196, 54.788727202295732, 0.0 ], [ -112.395458134488706, 54.788956322390803, 0.0 ], [ -112.394660289677404, 54.788926691995442, 0.0 ], [ -112.394257308956, 54.789142870670197, 0.0 ], [ -112.3938543239381, 54.789359047952829, 0.0 ], [ -112.393451336293595, 54.789575222080458, 0.0 ], [ -112.393048345906706, 54.789791394849303, 0.0 ], [ -112.393040218745, 54.790253382729283, 0.0 ], [ -112.392616436307307, 54.7904566179608, 0.0 ], [ -112.392275360273203, 54.790194470833868, 0.0 ], [ -112.391452612372603, 54.790161786570927, 0.0 ], [ -112.390688174802605, 54.790190308039797, 0.0 ], [ -112.390285162179495, 54.790406471349243, 0.0 ], [ -112.390112145144698, 54.790281131182752, 0.0 ], [ -112.390291502126004, 54.790099297792104, 0.0 ], [ -112.389514773686997, 54.790077758671082, 0.0 ], [ -112.388950620934196, 54.790062109286659, 0.0 ], [ -112.388738044737494, 54.790056213652313, 0.0 ], [ -112.387961319882393, 54.790034663734311, 0.0 ], [ -112.387889841338506, 54.790032681636362, 0.0 ], [ -112.387220718213896, 54.789803736853223, 0.0 ], [ -112.386656023788106, 54.789610516968217, 0.0 ], [ -112.3862393697828, 54.789562815901917, 0.0 ], [ -112.386201388933998, 54.789562152856767, 0.0 ], [ -112.385462113401402, 54.789549247973973, 0.0 ], [ -112.384684856088896, 54.789535675934403, 0.0 ], [ -112.383907599515595, 54.789522098020498, 0.0 ], [ -112.383733591085701, 54.789519056308031, 0.0 ], [ -112.3831449527096, 54.789678352873317, 0.0 ], [ -112.382725455024101, 54.789709348574263, 0.0 ], [ -112.381948544215305, 54.789690254384418, 0.0 ], [ -112.381171631307097, 54.789671153361752, 0.0 ], [ -112.380800412671107, 54.78966202545476, 0.0 ], [ -112.380394722225901, 54.789652050130933, 0.0 ], [ -112.380221486349697, 54.789647788859703, 0.0 ], [ -112.379579112020195, 54.789450077549027, 0.0 ], [ -112.378838456845997, 54.789358796130259, 0.0 ], [ -112.378596428956996, 54.789263130505432, 0.0 ], [ -112.377909974420902, 54.789240176548176, 0.0 ], [ -112.377744021049295, 54.789112207270954, 0.0 ], [ -112.377559990944107, 54.788970298146133, 0.0 ], [ -112.376758927595702, 54.788990445283368, 0.0 ], [ -112.376568410749201, 54.789109567051177, 0.0 ], [ -112.3763534298634, 54.789243982391149, 0.0 ], [ -112.376152846638504, 54.789098037310673, 0.0 ], [ -112.376025756526701, 54.789094510347986, 0.0 ], [ -112.375816166361801, 54.789088694354987, 0.0 ], [ -112.375586070285095, 54.788965067334942, 0.0 ], [ -112.375246681809401, 54.788782720183931, 0.0 ], [ -112.3751029640257, 54.788705503883619, 0.0 ], [ -112.374715277139302, 54.788639024261563, 0.0 ], [ -112.373937683003007, 54.788638304819628, 0.0 ], [ -112.3735055036544, 54.788637901616553, 0.0 ], [ -112.372860670450606, 54.78888902581793, 0.0 ], [ -112.372805267651202, 54.788910601579637, 0.0 ], [ -112.372499708437502, 54.788673395161553, 0.0 ], [ -112.371722659714905, 54.788656557873153, 0.0 ], [ -112.371531040477393, 54.788652403709158, 0.0 ], [ -112.370945616636405, 54.788639713019307, 0.0 ], [ -112.370571670972595, 54.788406768482943, 0.0 ], [ -112.370197731275397, 54.7881738210694, 0.0 ], [ -112.369856043552105, 54.787923585861037, 0.0 ], [ -112.3690306419969, 54.787932661118148, 0.0 ], [ -112.368269736995799, 54.787907157361602, 0.0 ], [ -112.367928063557997, 54.787656916863988, 0.0 ], [ -112.367102667491295, 54.787665978154401, 0.0 ], [ -112.366703150778093, 54.787652579713487, 0.0 ], [ -112.366674081260797, 54.787665463906798, 0.0 ], [ -112.366519382018197, 54.787734023751533, 0.0 ], [ -112.366161574709807, 54.787602662907453, 0.0 ], [ -112.365416488784106, 54.787505747029847, 0.0 ], [ -112.365125015082995, 54.787389191288618, 0.0 ], [ -112.364508135580394, 54.787375785783929, 0.0 ], [ -112.364012697653095, 54.787512183477453, 0.0 ], [ -112.363367263704205, 54.787689870919777, 0.0 ], [ -112.362997700272203, 54.787669211610933, 0.0 ], [ -112.362700777983093, 54.787572819087657, 0.0 ], [ -112.362456666379103, 54.787556021430809, 0.0 ], [ -112.362339795700706, 54.787483196754437, 0.0 ], [ -112.361655378220902, 54.787465293024908, 0.0 ], [ -112.360878606980705, 54.787444969894352, 0.0 ], [ -112.360613254761006, 54.787438025408967, 0.0 ], [ -112.359996336776703, 54.787574583929093, 0.0 ], [ -112.359887131495299, 54.787598755289707, 0.0 ], [ -112.359781715667495, 54.787622089021447, 0.0 ], [ -112.359004803673002, 54.787640541751749, 0.0 ], [ -112.358428523212595, 54.787654223665612, 0.0 ], [ -112.358202874943899, 54.787727905184639, 0.0 ], [ -112.358145725436501, 54.787829381607537, 0.0 ], [ -112.357507399680301, 54.787832126614553, 0.0 ], [ -112.357126165413803, 54.788027474378588, 0.0 ], [ -112.3571252927606, 54.788027921224909, 0.0 ], [ -112.356348156949295, 54.788012823322809, 0.0 ], [ -112.355571018712595, 54.787997721276867, 0.0 ], [ -112.355411497824605, 54.787994620174231, 0.0 ], [ -112.355255107516001, 54.788142992541317, 0.0 ], [ -112.354951154495296, 54.78813309201977, 0.0 ], [ -112.354205331298402, 54.788080918376458, 0.0 ], [ -112.353828486176596, 54.787846549224042, 0.0 ], [ -112.353506338741894, 54.787585853248743, 0.0 ], [ -112.353132506350093, 54.787352854336191, 0.0 ], [ -112.352782707665398, 54.787082908160343, 0.0 ], [ -112.351995834636, 54.78710253738862, 0.0 ], [ -112.351981676323206, 54.787102891035957, 0.0 ], [ -112.351974042700107, 54.787107656402704, 0.0 ], [ -112.351607100240301, 54.787336756948058, 0.0 ], [ -112.350812927787302, 54.787309084810794, 0.0 ], [ -112.349995873414898, 54.787267142767917, 0.0 ], [ -112.349247474019805, 54.787267992622503, 0.0 ], [ -112.348844275810194, 54.787484017126992, 0.0 ], [ -112.348441070256001, 54.787700039271037, 0.0 ], [ -112.348067266365902, 54.787467026849477, 0.0 ], [ -112.347290259348696, 54.787450030736089, 0.0 ], [ -112.346916464456498, 54.78721701485572, 0.0 ], [ -112.346775346178703, 54.787118613440967, 0.0 ], [ -112.346771336943803, 54.787117455483717, 0.0 ], [ -112.346695096562001, 54.787095400687129, 0.0 ], [ -112.346677911117993, 54.787050673784968, 0.0 ], [ -112.346565074701502, 54.786971994177563, 0.0 ], [ -112.345765677120795, 54.786966991188251, 0.0 ], [ -112.345391895580406, 54.786733969837847, 0.0 ], [ -112.345018119947895, 54.786500946510117, 0.0 ], [ -112.344676603789296, 54.786250643946047, 0.0 ], [ -112.343851234772004, 54.786259548093909, 0.0 ], [ -112.343090382274397, 54.786233885954672, 0.0 ], [ -112.342753656184499, 54.785981018864163, 0.0 ], [ -112.341989022830006, 54.785957377683182, 0.0 ], [ -112.341183245260893, 54.785955773038509, 0.0 ], [ -112.340385698674098, 54.785949754142848, 0.0 ], [ -112.339982466020302, 54.786165747917757, 0.0 ], [ -112.339205490477994, 54.786148702136607, 0.0 ], [ -112.338861156801997, 54.786362959226153, 0.0 ], [ -112.338794227220603, 54.786282041051173, 0.0 ], [ -112.338016793551802, 54.786289455459958, 0.0 ], [ -112.337880835021707, 54.786290751663721, 0.0 ], [ -112.337208916437802, 54.786465828051647, 0.0 ], [ -112.336433152772102, 54.786435459057692, 0.0 ], [ -112.335657388700596, 54.78640508777336, 0.0 ], [ -112.335447926364296, 54.786396884201871, 0.0 ], [ -112.335304409673, 54.786309708733391, 0.0 ], [ -112.335320615995499, 54.786063393964888, 0.0 ], [ -112.334961676030801, 54.785605825016127, 0.0 ], [ -112.334199492287993, 54.785364231246419, 0.0 ], [ -112.333825791401097, 54.785131175046793, 0.0 ], [ -112.333048839637897, 54.785114089161702, 0.0 ], [ -112.332675149244096, 54.78488103043739, 0.0 ], [ -112.332301463263093, 54.784647968804457, 0.0 ], [ -112.332228888915395, 54.784642947351387, 0.0 ], [ -112.332191313531297, 54.78462002066604, 0.0 ], [ -112.331893171177299, 54.784563096579568, 0.0 ], [ -112.331116426534507, 54.784543251586307, 0.0 ], [ -112.330339682993596, 54.784523398931483, 0.0 ], [ -112.329562938705095, 54.784503543071168, 0.0 ], [ -112.328786193787394, 54.784483682209277, 0.0 ], [ -112.328126040952398, 54.784466797426077, 0.0 ], [ -112.327429495030998, 54.784267148983233, 0.0 ], [ -112.327396292883705, 54.78425763131429, 0.0 ], [ -112.326974913916501, 54.784228020967937, 0.0 ], [ -112.326251389601495, 54.784392523302607, 0.0 ], [ -112.325473696190599, 54.784459984277831, 0.0 ], [ -112.324966650192096, 54.78461213882052, 0.0 ], [ -112.324744291127601, 54.784609179368019, 0.0 ], [ -112.324328896249298, 54.784603648179697, 0.0 ], [ -112.324189353837497, 54.784601790249901, 0.0 ], [ -112.323945719372304, 54.784598546902387, 0.0 ], [ -112.323412056430897, 54.784591437564593, 0.0 ], [ -112.322856350245303, 54.784584031659051, 0.0 ], [ -112.322345901936004, 54.784531471824508, 0.0 ], [ -112.322084379300705, 54.784435674693221, 0.0 ], [ -112.321412897430505, 54.784401042860438, 0.0 ], [ -112.3206188110954, 54.784373175654771, 0.0 ], [ -112.320244081515398, 54.784606940325737, 0.0 ], [ -112.321065830235597, 54.784600119292712, 0.0 ], [ -112.321394636705094, 54.784857203805089, 0.0 ], [ -112.321768262259098, 54.785090298406793, 0.0 ], [ -112.322141889058997, 54.785323390929797, 0.0 ], [ -112.322581093087095, 54.785545438092527, 0.0 ], [ -112.322485836229802, 54.786005507293623, 0.0 ], [ -112.322082509396196, 54.786221442279121, 0.0 ], [ -112.321679179940702, 54.786437374107088, 0.0 ], [ -112.321275844577201, 54.786653305402979, 0.0 ], [ -112.320872503364996, 54.786869235268703, 0.0 ], [ -112.3204691594119, 54.787085163772929, 0.0 ], [ -112.320424503847093, 54.787524865730447, 0.0 ], [ -112.320439630376995, 54.788001861421343, 0.0 ], [ -112.320006381210803, 54.788199139514333, 0.0 ], [ -112.319603019195497, 54.788415065796457, 0.0 ], [ -112.3195732981888, 54.788864091229392, 0.0 ], [ -112.319946947847299, 54.78909718976616, 0.0 ], [ -112.319201065495605, 54.789099440772937, 0.0 ], [ -112.318392907497199, 54.789062834470641, 0.0 ], [ -112.317584752690607, 54.789026222832653, 0.0 ], [ -112.316838871994605, 54.789028459322587, 0.0 ], [ -112.316435483596194, 54.789244372934093, 0.0 ], [ -112.316052851402603, 54.789473237711562, 0.0 ], [ -112.315373158385796, 54.789447548884702, 0.0 ], [ -112.3151593378565, 54.789494322416473, 0.0 ], [ -112.3151426673776, 54.789497969879378, 0.0 ], [ -112.314620235456402, 54.789612248809902, 0.0 ], [ -112.313923251923796, 54.789811488493569, 0.0 ], [ -112.313755117627693, 54.789859548566326, 0.0 ], [ -112.313671233898503, 54.789857691230623, 0.0 ], [ -112.313567614059295, 54.789913146592838, 0.0 ], [ -112.3132678204923, 54.790073594898679, 0.0 ], [ -112.312864404344595, 54.790289497204739, 0.0 ], [ -112.312066608869998, 54.790259323731121, 0.0 ], [ -112.311683942659997, 54.790488174309999, 0.0 ], [ -112.310906899136, 54.790470945464811, 0.0 ], [ -112.310595424019596, 54.790276588689757, 0.0 ], [ -112.310559323167098, 54.790288648055132, 0.0 ], [ -112.310562562462394, 54.790499913287498, 0.0 ], [ -112.310846526128003, 54.790845793003967, 0.0 ], [ -112.310805073160097, 54.791294505813937, 0.0 ], [ -112.310777302948395, 54.791595115140503, 0.0 ], [ -112.310394903309998, 54.791986383146842, 0.0 ], [ -112.310012496136295, 54.79237765074113, 0.0 ], [ -112.309630081486702, 54.792768917025271, 0.0 ], [ -112.309247659480405, 54.793160180203117, 0.0 ], [ -112.309586212067998, 54.79356598983442, 0.0 ], [ -112.309813618345203, 54.793836020008619, 0.0 ], [ -112.309928944528806, 54.794238904440753, 0.0 ], [ -112.309876292294206, 54.794270387905513, 0.0 ], [ -112.309949109258795, 54.794309347501169, 0.0 ], [ -112.309961879639602, 54.794353964960862, 0.0 ], [ -112.3102467146809, 54.794536088902497, 0.0 ], [ -112.3104832947283, 54.794687357704973, 0.0 ], [ -112.310883904344607, 54.794943501260597, 0.0 ], [ -112.3112080470531, 54.795351963283601, 0.0 ], [ -112.311275983869606, 54.795437569988387, 0.0 ], [ -112.311262968610095, 54.795886859213553, 0.0 ], [ -112.3112499545704, 54.796336146642723, 0.0 ], [ -112.311236938403496, 54.796785435799137, 0.0 ], [ -112.311228351538603, 54.797081828714973, 0.0 ], [ -112.311116517448298, 54.797304538262722, 0.0 ], [ -112.310573318821298, 54.797626131339122, 0.0 ], [ -112.310491468521704, 54.797674588835562, 0.0 ], [ -112.310284822887795, 54.798107788508517, 0.0 ], [ -112.310233600432994, 54.79821516434626, 0.0 ], [ -112.309648316992295, 54.798511093830683, 0.0 ], [ -112.309423510164095, 54.798624757919988, 0.0 ], [ -112.308792742810695, 54.798660695104587, 0.0 ], [ -112.3082508553765, 54.798835848392628, 0.0 ], [ -112.307702673081295, 54.79886646295801, 0.0 ], [ -112.307079074397706, 54.798819711721173, 0.0 ], [ -112.306565761252898, 54.798639880430123, 0.0 ], [ -112.306521613784895, 54.79862441297449, 0.0 ], [ -112.3059259029001, 54.798619560475629, 0.0 ], [ -112.305232722239396, 54.79882335683466, 0.0 ], [ -112.304709702160196, 54.798977123885649, 0.0 ], [ -112.303940132120502, 54.799042224780713, 0.0 ], [ -112.303884108260803, 54.799046963699318, 0.0 ], [ -112.303456424609806, 54.799189361529727, 0.0 ], [ -112.302678660313006, 54.799191963311763, 0.0 ], [ -112.301900891538196, 54.799194558204938, 0.0 ], [ -112.301685821415006, 54.799195275572202, 0.0 ], [ -112.301522289367398, 54.799241598591379, 0.0 ], [ -112.301341315371801, 54.799233377036558, 0.0 ], [ -112.300595247527298, 54.799235510583401, 0.0 ], [ -112.300359082535394, 54.799382247577377, 0.0 ], [ -112.300329184319096, 54.799383155926613, 0.0 ], [ -112.300023622287895, 54.799392442380707, 0.0 ], [ -112.299842013853194, 54.799445160838459, 0.0 ], [ -112.299391545330707, 54.799575920157501, 0.0 ], [ -112.299215909528698, 54.799522531195599, 0.0 ], [ -112.298765294549497, 54.799385558725419, 0.0 ], [ -112.298179063643602, 54.799680869577628, 0.0 ], [ -112.297647692138497, 54.799948537598858, 0.0 ], [ -112.297248178220002, 54.799953028198132, 0.0 ], [ -112.297052868481501, 54.799831136225343, 0.0 ], [ -112.296679254541104, 54.799597966053021, 0.0 ], [ -112.296305647887493, 54.799364796634862, 0.0 ], [ -112.295932042482804, 54.799131625138124, 0.0 ], [ -112.295154846291695, 54.799114294578658, 0.0 ], [ -112.294781249957794, 54.798881118729398, 0.0 ], [ -112.294407659415995, 54.798647942701741, 0.0 ], [ -112.294046927515794, 54.798422787842448, 0.0 ], [ -112.294034073171602, 54.798414765563017, 0.0 ], [ -112.294109703458005, 54.798380364104368, 0.0 ], [ -112.294165375918894, 54.798342740961402, 0.0 ], [ -112.294375257009605, 54.798200903000897, 0.0 ], [ -112.294454647253403, 54.797802090201522, 0.0 ], [ -112.294452738201002, 54.797740586590777, 0.0 ], [ -112.294497688907995, 54.797300898100232, 0.0 ], [ -112.2949012736253, 54.797085059021327, 0.0 ], [ -112.295304850937001, 54.796869218475337, 0.0 ], [ -112.295558472133905, 54.796747954006769, 0.0 ], [ -112.295585481222503, 54.796732735538058, 0.0 ], [ -112.295734734102894, 54.796388630785707, 0.0 ], [ -112.295738419456697, 54.796204362310682, 0.0 ], [ -112.295927826407805, 54.796122656569281, 0.0 ], [ -112.296085681897296, 54.795989493029118, 0.0 ], [ -112.296144250572397, 54.795541419786304, 0.0 ], [ -112.296155719321007, 54.795453671435432, 0.0 ], [ -112.295832037458993, 54.795288344398507, 0.0 ], [ -112.295424840785401, 54.795073159153652, 0.0 ], [ -112.294680139074501, 54.795016397053189, 0.0 ], [ -112.293861923695104, 54.79499011266428, 0.0 ], [ -112.293065358967795, 54.794996425176848, 0.0 ], [ -112.292689913101, 54.79523697586459, 0.0 ], [ -112.292303395283298, 54.795010731459243, 0.0 ], [ -112.292428554269605, 54.794510842509389, 0.0 ], [ -112.292052933107797, 54.794278772435881, 0.0 ], [ -112.291195757530602, 54.794304239951138, 0.0 ], [ -112.290854856130807, 54.79404501527592, 0.0 ], [ -112.290094426695305, 54.794007835751508, 0.0 ], [ -112.290048352046298, 54.794005582996988, 0.0 ], [ -112.289238988230693, 54.79400890670378, 0.0 ], [ -112.288864453837206, 54.794252143521007, 0.0 ], [ -112.288399563579802, 54.794266634879193, 0.0 ], [ -112.288114405409502, 54.794275523320543, 0.0 ], [ -112.287295137947794, 54.794265229103672, 0.0 ], [ -112.286501809105502, 54.794223390528337, 0.0 ], [ -112.286250971096806, 54.794035279024158, 0.0 ], [ -112.286076488733997, 54.793966239184137, 0.0 ], [ -112.285360143127306, 54.793961397303761, 0.0 ], [ -112.285148339668098, 54.79381346964049, 0.0 ], [ -112.284921868778099, 54.793715613946432, 0.0 ], [ -112.284209565266593, 54.793710792756052, 0.0 ], [ -112.284005357705396, 54.79356816405209, 0.0 ], [ -112.283687235601903, 54.793461759806817, 0.0 ], [ -112.283081424753703, 54.793448187544442, 0.0 ], [ -112.282707951890501, 54.793214976600979, 0.0 ], [ -112.282429354329096, 54.793041007942072, 0.0 ], [ -112.281989266817007, 54.792893797219747, 0.0 ], [ -112.281525906849893, 54.792738798924283, 0.0 ], [ -112.281183951171997, 54.792731132639332, 0.0 ], [ -112.280362041097604, 54.792737685093343, 0.0 ], [ -112.280123419536395, 54.792550917268827, 0.0 ], [ -112.2798964633201, 54.792474813971531, 0.0 ], [ -112.2792820016749, 54.792449356427809, 0.0 ], [ -112.278453691190805, 54.792459320987433, 0.0 ], [ -112.277702259668402, 54.792428177643842, 0.0 ], [ -112.277328827555607, 54.792194950550638, 0.0 ], [ -112.276955399678002, 54.791961723245549, 0.0 ], [ -112.276972174480207, 54.791712291827338, 0.0 ], [ -112.276754861329493, 54.79140808235249, 0.0 ], [ -112.276703941941193, 54.791336799401577, 0.0 ], [ -112.276612176641805, 54.791279485522423, 0.0 ], [ -112.276238761292802, 54.791046255221602, 0.0 ], [ -112.276260932712304, 54.790716630989706, 0.0 ], [ -112.276268963265096, 54.790597246853771, 0.0 ], [ -112.275895557702697, 54.790364014702021, 0.0 ], [ -112.275537258533006, 54.78990627910553, 0.0 ], [ -112.274727963407003, 54.789906080808422, 0.0 ], [ -112.274329672382905, 54.789900160562922, 0.0 ], [ -112.273984689754897, 54.789895030906877, 0.0 ], [ -112.273465531063096, 54.790040723208797, 0.0 ], [ -112.272935305466405, 54.790189517308299, 0.0 ], [ -112.272157772511406, 54.790183618059316, 0.0 ], [ -112.271380239829199, 54.790177715623322, 0.0 ], [ -112.271225587191296, 54.790176538823033, 0.0 ], [ -112.271148425182204, 54.790030164930549, 0.0 ], [ -112.270707071805504, 54.789750358250302, 0.0 ], [ -112.269931776034994, 54.789715877751917, 0.0 ], [ -112.269156478763406, 54.789681390445153, 0.0 ], [ -112.269025136298495, 54.789675548172212, 0.0 ], [ -112.268658742974097, 54.789600880553373, 0.0 ], [ -112.268409011726703, 54.789247445934492, 0.0 ], [ -112.268081344704996, 54.789043875259502, 0.0 ], [ -112.267545821737698, 54.788897307284138, 0.0 ], [ -112.267334781291396, 54.788577298631452, 0.0 ], [ -112.266810258429402, 54.788245584986292, 0.0 ], [ -112.266285748807206, 54.787913869257657, 0.0 ], [ -112.266228060015195, 54.787898010458854, 0.0 ], [ -112.265557506573003, 54.787882891711313, 0.0 ], [ -112.265184188258004, 54.787649628355673, 0.0 ], [ -112.264810871189894, 54.787416362922883, 0.0 ], [ -112.264437559909396, 54.787183097314148, 0.0 ], [ -112.264086679043302, 54.78693784515616, 0.0 ], [ -112.263287309415006, 54.786932297629697, 0.0 ], [ -112.262914011436493, 54.786699027462618, 0.0 ], [ -112.262540719245195, 54.786465757119778, 0.0 ], [ -112.262167428361295, 54.786232483801903, 0.0 ], [ -112.261794141710595, 54.785999210273197, 0.0 ], [ -112.261420862400598, 54.785765936603887, 0.0 ], [ -112.261083384536903, 54.785555031218621, 0.0 ], [ -112.261013657879602, 54.7855330241171, 0.0 ], [ -112.261011713697798, 54.785532409994381, 0.0 ], [ -112.260248246698495, 54.785527092784072, 0.0 ], [ -112.260023778233005, 54.785370175023601, 0.0 ], [ -112.259787042099006, 54.785276788676143, 0.0 ], [ -112.259151387075306, 54.785247761853881, 0.0 ], [ -112.258331230665803, 54.785253308854642, 0.0 ], [ -112.257535789023294, 54.785245646107327, 0.0 ], [ -112.257193429487003, 54.784995848752793, 0.0 ], [ -112.256820186268499, 54.784762560390917, 0.0 ], [ -112.256613831527801, 54.784633581292461, 0.0 ], [ -112.256531784004494, 54.784613456702417, 0.0 ], [ -112.255993426586599, 54.784289262711539, 0.0 ], [ -112.255610999449502, 54.784058963502282, 0.0 ], [ -112.255574633476101, 54.784053916003153, 0.0 ], [ -112.254915745769296, 54.783962448233659, 0.0 ], [ -112.254716829325403, 54.78411788133598, 0.0 ], [ -112.254356087317802, 54.784158390229642, 0.0 ], [ -112.254146713091004, 54.784027511780188, 0.0 ], [ -112.253773494859502, 54.783794215168207, 0.0 ], [ -112.2534002810429, 54.783560915651989, 0.0 ], [ -112.253027071458305, 54.783327615925486, 0.0 ], [ -112.252653864612896, 54.783094315055607, 0.0 ], [ -112.2523129579384, 54.782843756449871, 0.0 ], [ -112.251487659620494, 54.782852033367163, 0.0 ], [ -112.250726951064195, 54.782825793104017, 0.0 ], [ -112.2503761883153, 54.782580502410383, 0.0 ], [ -112.249576912715597, 54.782574865558381, 0.0 ], [ -112.249408566554493, 54.782454980583402, 0.0 ], [ -112.249051562193998, 54.782330549782948, 0.0 ], [ -112.248394451316997, 54.782341258792478, 0.0 ], [ -112.247587969909702, 54.782339460971613, 0.0 ], [ -112.247276879778497, 54.782072977300793, 0.0 ], [ -112.246965791971604, 54.781806495526389, 0.0 ], [ -112.246159323211302, 54.781804687461097, 0.0 ], [ -112.245324020384501, 54.7818182783016, 0.0 ], [ -112.245160204998498, 54.781701602033273, 0.0 ], [ -112.244802933711895, 54.781685325640638, 0.0 ], [ -112.244587219936093, 54.781562193443861, 0.0 ], [ -112.244200076999505, 54.781553393796408, 0.0 ], [ -112.243423248364707, 54.781535733873099, 0.0 ], [ -112.243050117047105, 54.781302405164588, 0.0 ], [ -112.242676986975596, 54.781069074379801, 0.0 ], [ -112.241900170048794, 54.781051406640877, 0.0 ], [ -112.241157445266495, 54.780815212983569, 0.0 ], [ -112.241138644841698, 54.780809234195956, 0.0 ], [ -112.241106392723395, 54.780826463698133, 0.0 ], [ -112.240734946398405, 54.781024893469841, 0.0 ], [ -112.2399892252092, 54.781026657087111, 0.0 ], [ -112.239181317746898, 54.7809895263795, 0.0 ], [ -112.238373413501094, 54.780952390340438, 0.0 ], [ -112.237661882525302, 54.78095405946187, 0.0 ], [ -112.237307380268703, 54.781144184106481, 0.0 ], [ -112.237218808572905, 54.781245543823388, 0.0 ], [ -112.236956888792307, 54.781545270636329, 0.0 ], [ -112.236629431176397, 54.781919988690873, 0.0 ], [ -112.236385890004001, 54.782050072185747, 0.0 ], [ -112.236374891923901, 54.782211260131703, 0.0 ], [ -112.236255883221105, 54.78234743941573, 0.0 ], [ -112.235663727354407, 54.78265091658416, 0.0 ], [ -112.235078351733094, 54.782946621085131, 0.0 ], [ -112.234899674059804, 54.783036881075184, 0.0 ], [ -112.234416285064896, 54.782970508083316, 0.0 ], [ -112.234096095029699, 54.782758982748867, 0.0 ], [ -112.233837282138097, 54.782406263794989, 0.0 ], [ -112.233160324006306, 54.782185314282593, 0.0 ], [ -112.232483370117805, 54.781964362792408, 0.0 ], [ -112.2323271204327, 54.781913362592221, 0.0 ], [ -112.231552011448599, 54.78187865304303, 0.0 ], [ -112.230776902407101, 54.781843938518087, 0.0 ], [ -112.230149952326798, 54.781815855078527, 0.0 ], [ -112.229491330550999, 54.781873083572727, 0.0 ], [ -112.229346478539597, 54.782192351969762, 0.0 ], [ -112.229317304396503, 54.78264137755729, 0.0 ], [ -112.229288130990895, 54.783090403136413, 0.0 ], [ -112.229258956707497, 54.783539429569558, 0.0 ], [ -112.229229783345801, 54.783988453300317, 0.0 ], [ -112.2289300914168, 54.784353210984172, 0.0 ], [ -112.228837068862504, 54.784351084980557, 0.0 ], [ -112.2284561833781, 54.784584260161431, 0.0 ], [ -112.227685703721207, 54.784590493181547, 0.0 ], [ -112.226908187225305, 54.784582626167463, 0.0 ], [ -112.226884053511398, 54.784582382693401, 0.0 ], [ -112.226076914210097, 54.784560512009719, 0.0 ], [ -112.225289972905401, 54.784525472443541, 0.0 ], [ -112.224548906059894, 54.784477849431262, 0.0 ], [ -112.224175857447406, 54.784244462739849, 0.0 ], [ -112.223802813127605, 54.784011074941724, 0.0 ], [ -112.223429771608394, 54.783777685103381, 0.0 ], [ -112.223248117590998, 54.783664033641642, 0.0 ], [ -112.223203038585197, 54.783649719100012, 0.0 ], [ -112.222650714279695, 54.783333484708031, 0.0 ], [ -112.222567769065805, 54.783285991123421, 0.0 ], [ -112.2218868398448, 54.783069141245633, 0.0 ], [ -112.221882306179893, 54.783067699076703, 0.0 ], [ -112.221533836717995, 54.783059714124221, 0.0 ], [ -112.2207569940837, 54.783041908764503, 0.0 ], [ -112.220416286628094, 54.782791263608743, 0.0 ], [ -112.219590992008193, 54.782799321592961, 0.0 ], [ -112.218830313422103, 54.782772883291408, 0.0 ], [ -112.218457312302206, 54.782539477672103, 0.0 ], [ -112.218150157617202, 54.782347275286298, 0.0 ], [ -112.218029154512607, 54.782304807991032, 0.0 ], [ -112.217307492417802, 54.782288247329078, 0.0 ], [ -112.216530667354405, 54.782270415079161, 0.0 ], [ -112.216188592150402, 54.782020507803317, 0.0 ], [ -112.215393230060499, 54.782012567574597, 0.0 ], [ -112.2145731432811, 54.782017821072927, 0.0 ], [ -112.213827235749207, 54.781983474561351, 0.0 ], [ -112.213454272532204, 54.781750055768917, 0.0 ], [ -112.213081313607105, 54.781516635870439, 0.0 ], [ -112.212708357420198, 54.781283214830268, 0.0 ], [ -112.212335408632299, 54.781049792755567, 0.0 ], [ -112.211962462582505, 54.78081636953921, 0.0 ], [ -112.211611955501596, 54.780570968640411, 0.0 ], [ -112.210812732215899, 54.780565076730973, 0.0 ], [ -112.210439799406899, 54.780331649864017, 0.0 ], [ -112.210260730560606, 54.780219564928053, 0.0 ], [ -112.210211848206697, 54.780204336790632, 0.0 ], [ -112.209659384950996, 54.779888211707743, 0.0 ], [ -112.209615292296704, 54.77986298169531, 0.0 ], [ -112.208917174622997, 54.779846912383483, 0.0 ], [ -112.208544259531493, 54.779613478066679, 0.0 ], [ -112.208335169374195, 54.779482592398708, 0.0 ], [ -112.208256672907098, 54.779459943313078, 0.0 ], [ -112.207750440027894, 54.779172228735277, 0.0 ], [ -112.207702367217195, 54.779144904288287, 0.0 ], [ -112.207654246368307, 54.779117555330828, 0.0 ], [ -112.206914420158299, 54.779255517686039, 0.0 ], [ -112.206121421919605, 54.779248649663522, 0.0 ], [ -112.205344232627098, 54.779238826591722, 0.0 ], [ -112.204567043882903, 54.779228998542187, 0.0 ], [ -112.204212904120496, 54.779224519215248, 0.0 ], [ -112.203494862852295, 54.779396695845413, 0.0 ], [ -112.202691803207202, 54.779394071189543, 0.0 ], [ -112.201914573383107, 54.779385246014513, 0.0 ], [ -112.201137347052196, 54.7793764177284, 0.0 ], [ -112.201082872495704, 54.779375798721667, 0.0 ], [ -112.200829948232794, 54.779467767692282, 0.0 ], [ -112.200776632852893, 54.779434386106189, 0.0 ], [ -112.200403769191198, 54.779200928218707, 0.0 ], [ -112.199657925304606, 54.779166496083562, 0.0 ], [ -112.1988378978578, 54.779171642893907, 0.0 ], [ -112.198314796118495, 54.779166347137583, 0.0 ], [ -112.198042602068497, 54.779163590495038, 0.0 ], [ -112.197841477450595, 54.779016567949959, 0.0 ], [ -112.197784300547099, 54.77899847361148, 0.0 ], [ -112.197252138503501, 54.778670928270337, 0.0 ], [ -112.196885215122606, 54.778445081305158, 0.0 ], [ -112.196178251356699, 54.778428733709198, 0.0 ], [ -112.195805425170605, 54.778195263889671, 0.0 ], [ -112.195432600292705, 54.777961791097447, 0.0 ], [ -112.195237509646503, 54.777839616303368, 0.0 ], [ -112.195143580155801, 54.777813020164267, 0.0 ], [ -112.194614443568696, 54.777483852682288, 0.0 ], [ -112.194085312336796, 54.777154684698289, 0.0 ], [ -112.193556191369197, 54.776825512728308, 0.0 ], [ -112.193027077434294, 54.776496338496457, 0.0 ], [ -112.192753009751598, 54.776325830321753, 0.0 ], [ -112.192046265632797, 54.776309463244672, 0.0 ], [ -112.191269573293994, 54.776291472413391, 0.0 ], [ -112.191035549303095, 54.776144893636932, 0.0 ], [ -112.190712365628201, 54.776015557523451, 0.0 ], [ -112.189958227971601, 54.775925279153931, 0.0 ], [ -112.189351280067697, 54.77571483675154, 0.0 ], [ -112.188944989659902, 54.775331767441237, 0.0 ], [ -112.188857004878599, 54.775248810288787, 0.0 ], [ -112.188629050648302, 54.775106020771133, 0.0 ], [ -112.188256297321701, 54.774872525750403, 0.0 ], [ -112.187883548160102, 54.774639031421188, 0.0 ], [ -112.187903617121606, 54.774349875545873, 0.0 ], [ -112.187726162450502, 54.774182552607222, 0.0 ], [ -112.187447766592399, 54.773920044534947, 0.0 ], [ -112.186909845136697, 54.773595696324151, 0.0 ], [ -112.186371936946102, 54.773271345918943, 0.0 ], [ -112.186343498060296, 54.773254200801397, 0.0 ], [ -112.185647142153996, 54.773238035933751, 0.0 ], [ -112.185423235874495, 54.773097762433771, 0.0 ], [ -112.185360175604899, 54.773088187570373, 0.0 ], [ -112.184830485518106, 54.77275935120214, 0.0 ], [ -112.184300800848106, 54.772430513429057, 0.0 ], [ -112.184236528015106, 54.77239061084645, 0.0 ], [ -112.184233302782701, 54.772352266504789, 0.0 ], [ -112.184156293149599, 54.772304017516923, 0.0 ], [ -112.183783589742006, 54.77207050920947, 0.0 ], [ -112.183410893605, 54.771837001666043, 0.0 ], [ -112.183530224975996, 54.771341016759912, 0.0 ], [ -112.183473312517194, 54.770939052542147, 0.0 ], [ -112.182827583829805, 54.770829144388777, 0.0 ], [ -112.181982417589793, 54.770816800963303, 0.0 ], [ -112.181127321211704, 54.770853863112052, 0.0 ], [ -112.180739652380396, 54.771100358548843, 0.0 ], [ -112.180047843986401, 54.771084268586918, 0.0 ], [ -112.179963067354294, 54.771082296483982, 0.0 ], [ -112.179872966558705, 54.771130356421203, 0.0 ], [ -112.179740585490407, 54.771165245796929, 0.0 ], [ -112.179551455478403, 54.771215091168287, 0.0 ], [ -112.179506539277398, 54.771325811925188, 0.0 ], [ -112.179155225070801, 54.771513201438381, 0.0 ], [ -112.178804998604704, 54.771267707715069, 0.0 ], [ -112.1780059725359, 54.771261603552396, 0.0 ], [ -112.177633316162996, 54.771028076860148, 0.0 ], [ -112.177260664016103, 54.770794549962183, 0.0 ], [ -112.176888017648295, 54.770561022894711, 0.0 ], [ -112.176515372525202, 54.770327493753364, 0.0 ], [ -112.175738805248997, 54.770309403023369, 0.0 ], [ -112.175779075088997, 54.769855644296797, 0.0 ], [ -112.175397467607596, 54.769626898918609, 0.0 ], [ -112.175024841190606, 54.769393365399331, 0.0 ], [ -112.174674656360594, 54.769147861930932, 0.0 ], [ -112.173875675329299, 54.769141729275887, 0.0 ], [ -112.173486229860103, 54.768917166913603, 0.0 ], [ -112.173113620983798, 54.768683628597188, 0.0 ], [ -112.172757848833896, 54.768441111786657, 0.0 ], [ -112.172407687547704, 54.768195602027113, 0.0 ], [ -112.171608724597206, 54.768189454615793, 0.0 ], [ -112.171245110220497, 54.767951123107608, 0.0 ], [ -112.170459616511195, 54.767937786744881, 0.0 ], [ -112.170472846232798, 54.767748315200237, 0.0 ], [ -112.170180849061197, 54.767567454611601, 0.0 ], [ -112.169908096537597, 54.767146703130507, 0.0 ], [ -112.169882707874905, 54.767107534071577, 0.0 ], [ -112.169745811237206, 54.767021719552602, 0.0 ], [ -112.169373241364895, 54.766788170128592, 0.0 ], [ -112.169032989998399, 54.766537385310343, 0.0 ], [ -112.168208028598897, 54.766545097293587, 0.0 ], [ -112.167447696708095, 54.766518337741751, 0.0 ], [ -112.167237599323101, 54.766386625633352, 0.0 ], [ -112.167229202944895, 54.766386021086902, 0.0 ], [ -112.167221591470707, 54.766376591041727, 0.0 ], [ -112.167075144852902, 54.766284781445648, 0.0 ], [ -112.166702594178801, 54.766051223974067, 0.0 ], [ -112.166714813944296, 54.765876436948858, 0.0 ], [ -112.166733982402604, 54.765602254571412, 0.0 ], [ -112.166361443037005, 54.765368695298818, 0.0 ], [ -112.165988907895496, 54.765135135821339, 0.0 ], [ -112.165616378719307, 54.764901573481517, 0.0 ], [ -112.165171499454601, 54.764904702479683, 0.0 ], [ -112.164795043983403, 54.764907349061239, 0.0 ], [ -112.164663824977396, 54.764804221897677, 0.0 ], [ -112.164467399235704, 54.764649850135449, 0.0 ], [ -112.164094881738393, 54.764416284119108, 0.0 ], [ -112.163311513951001, 54.764401808954602, 0.0 ], [ -112.163158150217996, 54.764403978696933, 0.0 ], [ -112.162867388839302, 54.764312046583747, 0.0 ], [ -112.162640930087903, 54.764240444415499, 0.0 ], [ -112.162113811589407, 54.763910294165733, 0.0 ], [ -112.1619702796946, 54.763820394647801, 0.0 ], [ -112.161586701539093, 54.763580143504043, 0.0 ], [ -112.161059601678105, 54.763249989773023, 0.0 ], [ -112.160823911269702, 54.763102362325121, 0.0 ], [ -112.160615153641999, 54.762769794404392, 0.0 ], [ -112.160322761978506, 54.762754012775368, 0.0 ], [ -112.159950284364101, 54.762520433505941, 0.0 ], [ -112.159577814015506, 54.762286855002792, 0.0 ], [ -112.159365808001695, 54.762153902065393, 0.0 ], [ -112.159292426344095, 54.762136196253692, 0.0 ], [ -112.159153202102004, 54.762052051452891, 0.0 ], [ -112.158428949146398, 54.762035075664663, 0.0 ], [ -112.158457246531995, 54.761631437644411, 0.0 ], [ -112.158379091396597, 54.761584202453122, 0.0 ], [ -112.157684034788701, 54.761567906577682, 0.0 ], [ -112.157311584814906, 54.761334320399101, 0.0 ], [ -112.156939140742494, 54.761100732256843, 0.0 ], [ -112.156566699340004, 54.760867143873988, 0.0 ], [ -112.156194260670404, 54.76063355435258, 0.0 ], [ -112.155821827838906, 54.760399963765529, 0.0 ], [ -112.155607593008298, 54.760265593551317, 0.0 ], [ -112.155537876143896, 54.760248548822908, 0.0 ], [ -112.155395265326902, 54.760165101624679, 0.0 ], [ -112.154673042107703, 54.760148150592379, 0.0 ], [ -112.154300622631297, 54.759914554571672, 0.0 ], [ -112.1539282058244, 54.759680958310483, 0.0 ], [ -112.153555794792396, 54.759447361881783, 0.0 ], [ -112.1533476621902, 54.759316806695537, 0.0 ], [ -112.153268874149106, 54.759297531108011, 0.0 ], [ -112.153130888938094, 54.759212530370512, 0.0 ], [ -112.152407050743804, 54.759195526780317, 0.0 ], [ -112.152034651639795, 54.758961923086133, 0.0 ], [ -112.151662258184203, 54.758728321020442, 0.0 ], [ -112.151289870629299, 54.758494716991557, 0.0 ], [ -112.150917484253895, 54.758261111787967, 0.0 ], [ -112.150172080903005, 54.758226381101139, 0.0 ], [ -112.149352482743694, 54.758231198112362, 0.0 ], [ -112.148557617505503, 54.758222825079137, 0.0 ], [ -112.148216163022596, 54.757972730634989, 0.0 ], [ -112.147843800870405, 54.757739117168953, 0.0 ], [ -112.147471443065996, 54.757505501703491, 0.0 ], [ -112.147099089609398, 54.757271884238627, 0.0 ], [ -112.146704300280703, 54.757050230208883, 0.0 ], [ -112.146758339118193, 54.756589305174288, 0.0 ], [ -112.146385998014296, 54.756355686532622, 0.0 ], [ -112.145609718373706, 54.756337406956732, 0.0 ], [ -112.145237386275497, 54.756103784882868, 0.0 ], [ -112.145192942086993, 54.756075896911661, 0.0 ], [ -112.145245574694101, 54.755796645403933, 0.0 ], [ -112.144623446108099, 54.755527509843262, 0.0 ], [ -112.144574390699404, 54.755506287359118, 0.0 ], [ -112.1440497076144, 54.75517490722229, 0.0 ], [ -112.143839821118206, 54.755042342853748, 0.0 ], [ -112.143763917080605, 54.754944806329853, 0.0 ], [ -112.143391608325402, 54.754711178813963, 0.0 ], [ -112.1430193039172, 54.754477549298997, 0.0 ], [ -112.142647003729294, 54.754243919580873, 0.0 ], [ -112.1422747077618, 54.75401028965959, 0.0 ], [ -112.142194227988398, 54.75400839199007, 0.0 ], [ -112.141604298214801, 54.753848855397798, 0.0 ], [ -112.141046887341403, 54.753535873326037, 0.0 ], [ -112.140962815850699, 54.753488666743152, 0.0 ], [ -112.140223253157998, 54.753396802504177, 0.0 ], [ -112.139524174644507, 54.753200827911819, 0.0 ], [ -112.139492837440699, 54.753192041237227, 0.0 ], [ -112.138716688413695, 54.753172813189728, 0.0 ], [ -112.137940538935496, 54.753153577449879, 0.0 ], [ -112.137164393410103, 54.753134337719402, 0.0 ], [ -112.136388245628098, 54.753115093851591, 0.0 ], [ -112.135716737338797, 54.753098439473931, 0.0 ], [ -112.135299872222603, 54.752719279256333, 0.0 ], [ -112.135005409484407, 54.752451444476897, 0.0 ], [ -112.135032546252205, 54.752002387006563, 0.0 ], [ -112.135059680818301, 54.751553327661242, 0.0 ], [ -112.135086817522506, 54.751104271040568, 0.0 ], [ -112.135101515413396, 54.750861033724163, 0.0 ], [ -112.135113951961401, 54.750655213442833, 0.0 ], [ -112.135141084135398, 54.75020615486801, 0.0 ], [ -112.1351672638704, 54.749772877364222, 0.0 ], [ -112.135011257153295, 54.749451421786787, 0.0 ], [ -112.134829689190298, 54.749337441196971, 0.0 ], [ -112.134457483225901, 54.749103787261987, 0.0 ], [ -112.134085281543705, 54.748870132226607, 0.0 ], [ -112.133309153419106, 54.74885177560391, 0.0 ], [ -112.132936960739798, 54.748618117138662, 0.0 ], [ -112.132144008482797, 54.748608725067641, 0.0 ], [ -112.131339833946797, 54.748605305898813, 0.0 ], [ -112.130558101218199, 54.748589921671453, 0.0 ], [ -112.129832475908202, 54.748544631707652, 0.0 ], [ -112.129482748024799, 54.748299003301547, 0.0 ], [ -112.128684192105993, 54.748292576732418, 0.0 ], [ -112.128460471024098, 54.748152107090668, 0.0 ], [ -112.128392375830202, 54.748145388466718, 0.0 ], [ -112.128252597162103, 54.74805749603054, 0.0 ], [ -112.127535921355602, 54.748040510999921, 0.0 ], [ -112.127567723486607, 54.747591555598369, 0.0 ], [ -112.127195574206397, 54.74735788084741, 0.0 ], [ -112.126823432375801, 54.747124204172181, 0.0 ], [ -112.126914796829297, 54.74667735530393, 0.0 ], [ -112.126859956342003, 54.74660259524407, 0.0 ], [ -112.126738369065905, 54.746436843384572, 0.0 ], [ -112.125991122322205, 54.746310632729333, 0.0 ], [ -112.125811776419297, 54.746280644206557, 0.0 ], [ -112.125721085882503, 54.746224793514983, 0.0 ], [ -112.125297188429698, 54.745963737361457, 0.0 ], [ -112.125279986739798, 54.745953143402737, 0.0 ], [ -112.124748207253802, 54.74562563949042, 0.0 ], [ -112.124216434729504, 54.745298134191877, 0.0 ], [ -112.1237742325592, 54.745025786578232, 0.0 ], [ -112.123476926654902, 54.744984496102077, 0.0 ], [ -112.123078733900499, 54.744929192945911, 0.0 ], [ -112.122824012865294, 54.744870543009817, 0.0 ], [ -112.122286034339893, 54.744546452243632, 0.0 ], [ -112.122044012114003, 54.744400649929567, 0.0 ], [ -112.121879612953904, 54.744056280497738, 0.0 ], [ -112.121369128341399, 54.743717639127993, 0.0 ], [ -112.121281541409203, 54.74365953548002, 0.0 ], [ -112.121250155003906, 54.743311784227338, 0.0 ], [ -112.121165308234097, 54.743169749753967, 0.0 ], [ -112.120657021725293, 54.742830010601899, 0.0 ], [ -112.120242432584305, 54.742552891014213, 0.0 ], [ -112.120056335324193, 54.742220094897213, 0.0 ], [ -112.119731451563297, 54.742009047767681, 0.0 ], [ -112.119413346312697, 54.742001487204611, 0.0 ], [ -112.119041296729606, 54.741767786631733, 0.0 ], [ -112.119061440221103, 54.74148417938374, 0.0 ], [ -112.118953641036498, 54.741295847625132, 0.0 ], [ -112.1184569567951, 54.740950420351403, 0.0 ], [ -112.118382201125598, 54.740898430741609, 0.0 ], [ -112.118366551071404, 54.740874956078081, 0.0 ], [ -112.118329104971906, 54.740851433480373, 0.0 ], [ -112.117957072067099, 54.740617729739171, 0.0 ], [ -112.117979994174405, 54.740295108837159, 0.0 ], [ -112.117877562900702, 54.740141455784617, 0.0 ], [ -112.117544677932301, 54.73993335556451, 0.0 ], [ -112.117504556669402, 54.739908274220753, 0.0 ], [ -112.116943800825098, 54.739775142553221, 0.0 ], [ -112.116399307046194, 54.739454757240679, 0.0 ], [ -112.115955122866097, 54.739193391598967, 0.0 ], [ -112.115717402883107, 54.739132829143472, 0.0 ], [ -112.115588115559603, 54.739129515995401, 0.0 ], [ -112.115352961112507, 54.73898177906058, 0.0 ], [ -112.114980962315201, 54.738748068322522, 0.0 ], [ -112.114608966308893, 54.738514355550677, 0.0 ], [ -112.114236979301097, 54.738280640892881, 0.0 ], [ -112.113864991852793, 54.738046925923221, 0.0 ], [ -112.113493010171396, 54.737813210789561, 0.0 ], [ -112.112717105957501, 54.737794723952973, 0.0 ], [ -112.112345134955007, 54.737561003634369, 0.0 ], [ -112.111973164936003, 54.737327284836773, 0.0 ], [ -112.111601202490903, 54.737093562320723, 0.0 ], [ -112.111633166328403, 54.736644613252032, 0.0 ], [ -112.111665127730305, 54.736195664100322, 0.0 ], [ -112.111270737191205, 54.735973898734457, 0.0 ], [ -112.111325143078801, 54.735512992611909, 0.0 ], [ -112.110953199084094, 54.735279269148727, 0.0 ], [ -112.110581259367393, 54.735045544586967, 0.0 ], [ -112.110144669847699, 54.734810276019658, 0.0 ], [ -112.110613230446006, 54.734596596630269, 0.0 ], [ -112.110710745070705, 54.734136717732589, 0.0 ], [ -112.110273276104607, 54.733913921504993, 0.0 ], [ -112.109901350999806, 54.733680195866683, 0.0 ], [ -112.109529433403793, 54.733446467408122, 0.0 ], [ -112.109157516918202, 54.733212738674993, 0.0 ], [ -112.108947976041804, 54.73308105080627, 0.0 ], [ -112.108871506878501, 54.733062505890402, 0.0 ], [ -112.108477213413195, 54.732840705226543, 0.0 ], [ -112.107958169468404, 54.732506524228221, 0.0 ], [ -112.107439131079403, 54.732172339222359, 0.0 ], [ -112.107009048376995, 54.731895422291252, 0.0 ], [ -112.106965644432194, 54.731835184945332, 0.0 ], [ -112.106926118692101, 54.731810343469917, 0.0 ], [ -112.106554233699498, 54.7315766070856, 0.0 ], [ -112.106574499096595, 54.731292365796101, 0.0 ], [ -112.106411383497004, 54.731065988802349, 0.0 ], [ -112.106373657669394, 54.731013633563073, 0.0 ], [ -112.106182315491694, 54.73091100213221, 0.0 ], [ -112.106235152053998, 54.730526685458059, 0.0 ], [ -112.106243358168399, 54.730354013028688, 0.0 ], [ -112.106262409305103, 54.729953177351739, 0.0 ], [ -112.105906536230194, 54.72976228922095, 0.0 ], [ -112.105534674083302, 54.729528548997237, 0.0 ], [ -112.105162819251802, 54.729294808647488, 0.0 ], [ -112.104790967145206, 54.729061067162661, 0.0 ], [ -112.104419119315097, 54.728827324579818, 0.0 ], [ -112.104473588824305, 54.728366422733522, 0.0 ], [ -112.1040793114379, 54.728144635050647, 0.0 ], [ -112.103707477544901, 54.727910890439077, 0.0 ], [ -112.103335644889299, 54.727677143757589, 0.0 ], [ -112.103390127843198, 54.727216241626572, 0.0 ], [ -112.102995867453799, 54.726994450585288, 0.0 ], [ -112.102997005966699, 54.726561973802937, 0.0 ], [ -112.103051733402694, 54.726219001253298, 0.0 ], [ -112.103046587239803, 54.7257808130108, 0.0 ], [ -112.103044329682305, 54.7255887460677, 0.0 ], [ -112.102720198632099, 54.725413862893816, 0.0 ], [ -112.102752456708401, 54.725140958887017, 0.0 ], [ -112.102697279363895, 54.725076756894786, 0.0 ], [ -112.102438413777705, 54.724775556927369, 0.0 ], [ -112.102435234714903, 54.724761992204698, 0.0 ], [ -112.102380445968194, 54.724731169843757, 0.0 ], [ -112.102391548057795, 54.724575640434999, 0.0 ], [ -112.102334039239906, 54.724330308279761, 0.0 ], [ -112.1023259176728, 54.724295667814907, 0.0 ], [ -112.102225688047696, 54.724164773082919, 0.0 ], [ -112.102040707588401, 54.724048474188621, 0.0 ], [ -112.101668919241206, 54.723814723697132, 0.0 ], [ -112.101297136720206, 54.723580972145122, 0.0 ], [ -112.100925358538206, 54.723347218597617, 0.0 ], [ -112.100585891824196, 54.723096250430963, 0.0 ], [ -112.099761817662397, 54.72310350703772, 0.0 ], [ -112.099002360908699, 54.72307632830686, 0.0 ], [ -112.098886458855901, 54.723003452425168, 0.0 ], [ -112.098630600584201, 54.722842569709677, 0.0 ], [ -112.097854992380803, 54.722823992968053, 0.0 ], [ -112.097830567739905, 54.723165594944092, 0.0 ], [ -112.097261382792894, 54.723213778741133, 0.0 ], [ -112.097207197137806, 54.72321836537472, 0.0 ], [ -112.096688074819795, 54.72345913609567, 0.0 ], [ -112.096601402538795, 54.723499333852367, 0.0 ], [ -112.096454860955603, 54.723567300192649, 0.0 ], [ -112.096436051086101, 54.723567711927593, 0.0 ], [ -112.096066388817405, 54.723575822939431, 0.0 ], [ -112.095679135292201, 54.723584316092207, 0.0 ], [ -112.094993648909195, 54.723599349942518, 0.0 ], [ -112.094419872659401, 54.723723773633537, 0.0 ], [ -112.094076777701204, 54.723320712590088, 0.0 ], [ -112.093999334772803, 54.723229733326242, 0.0 ], [ -112.093898381574405, 54.722784220047949, 0.0 ], [ -112.093889609698195, 54.722745505999733, 0.0 ], [ -112.093788718983603, 54.722612639864693, 0.0 ], [ -112.093577256634504, 54.722334158610877, 0.0 ], [ -112.093539122474198, 54.722283937058577, 0.0 ], [ -112.093041503916496, 54.721939081167513, 0.0 ], [ -112.092966633102805, 54.721887193593062, 0.0 ], [ -112.092778137479499, 54.721555801676629, 0.0 ], [ -112.092268808441403, 54.721216722615623, 0.0 ], [ -112.092057554503199, 54.721076079139742, 0.0 ], [ -112.091663415734601, 54.720854253381752, 0.0 ], [ -112.091109781936197, 54.720717399044268, 0.0 ], [ -112.090553588227394, 54.720403969420794, 0.0 ], [ -112.090469724516495, 54.720356711265453, 0.0 ], [ -112.089702150548504, 54.720289826843512, 0.0 ], [ -112.089337771858197, 54.720258075038252, 0.0 ], [ -112.088854424766893, 54.720083776423721, 0.0 ], [ -112.088092257178204, 54.719998681229811, 0.0 ], [ -112.087984672322705, 54.719986668223079, 0.0 ], [ -112.087681760674897, 54.71995284605805, 0.0 ], [ -112.087450286471196, 54.719644370025748, 0.0 ], [ -112.086919683646798, 54.719495247361721, 0.0 ], [ -112.0867752883766, 54.719404911600989, 0.0 ], [ -112.086446571345704, 54.719402152643553, 0.0 ], [ -112.086074917792999, 54.71916835397581, 0.0 ], [ -112.086095508385995, 54.718881453246127, 0.0 ], [ -112.085978348734102, 54.718716317449783, 0.0 ], [ -112.085331623121306, 54.718700758737953, 0.0 ], [ -112.084959980773405, 54.718466957641127, 0.0 ], [ -112.084588345736407, 54.718233156420361, 0.0 ], [ -112.084216713486001, 54.717999353167897, 0.0 ], [ -112.083845085379906, 54.717765550614772, 0.0 ], [ -112.0837192768129, 54.717686400379137, 0.0 ], [ -112.083473460124793, 54.717531745132149, 0.0 ], [ -112.083101840564794, 54.717297940386239, 0.0 ], [ -112.082824599523803, 54.717156971953969, 0.0 ], [ -112.082687146511503, 54.717087082248938, 0.0 ], [ -112.082716022891205, 54.716781960924102, 0.0 ], [ -112.082690896924106, 54.716663850437961, 0.0 ], [ -112.082682643833806, 54.71662504266434, 0.0 ], [ -112.082282411727206, 54.716352512758718, 0.0 ], [ -112.081517656932803, 54.716275827726207, 0.0 ], [ -112.081003395077403, 54.716224258342919, 0.0 ], [ -112.080462922353306, 54.715901777343632, 0.0 ], [ -112.079998657894393, 54.71562476145273, 0.0 ], [ -112.079322531399598, 54.715404138893668, 0.0 ], [ -112.079172824051099, 54.715355289520943, 0.0 ], [ -112.078673706398803, 54.71530972905402, 0.0 ], [ -112.0782274956766, 54.715377573196903, 0.0 ], [ -112.077657545692404, 54.715682563123103, 0.0 ], [ -112.077087587159198, 54.715987550250738, 0.0 ], [ -112.076861192252906, 54.716108694248021, 0.0 ], [ -112.076100736904806, 54.716198557450959, 0.0 ], [ -112.075974826933702, 54.716213434963237, 0.0 ], [ -112.075775751375701, 54.71636425485859, 0.0 ], [ -112.074999720178795, 54.716371906516031, 0.0 ], [ -112.074855101639301, 54.716373332505839, 0.0 ], [ -112.074283234450803, 54.716530430577528, 0.0 ], [ -112.0736442480638, 54.716370576377358, 0.0 ], [ -112.073117278429095, 54.716503291515352, 0.0 ], [ -112.072341209288098, 54.716509434884479, 0.0 ], [ -112.071565135503604, 54.716515572268442, 0.0 ], [ -112.071266574760301, 54.71651793232396, 0.0 ], [ -112.070692021071594, 54.716820019457401, 0.0 ], [ -112.070117454196804, 54.717122103636463, 0.0 ], [ -112.070047464268697, 54.717158901228437, 0.0 ], [ -112.069688610558501, 54.717519710867037, 0.0 ], [ -112.068915270034694, 54.717557969686553, 0.0 ], [ -112.068478474064705, 54.717579576398933, 0.0 ], [ -112.067770776370097, 54.717764098820481, 0.0 ], [ -112.067618953986795, 54.717803683901948, 0.0 ], [ -112.0670368176675, 54.718100879172709, 0.0 ], [ -112.066998692742402, 54.71812034360844, 0.0 ], [ -112.066565392846897, 54.718140447838707, 0.0 ], [ -112.065899915909, 54.717909190354291, 0.0 ], [ -112.065338323786605, 54.717714027229263, 0.0 ], [ -112.064567521421495, 54.717661302256168, 0.0 ], [ -112.063810120922497, 54.717609486324477, 0.0 ], [ -112.063252407818695, 54.71729699484937, 0.0 ], [ -112.062694698523899, 54.716984502579507, 0.0 ], [ -112.061905402553606, 54.716912219643042, 0.0 ], [ -112.061615697903804, 54.716889272578683, 0.0 ], [ -112.060973798694903, 54.716691449047957, 0.0 ], [ -112.060200251186998, 54.716654716694109, 0.0 ], [ -112.059426705321798, 54.716617978519437, 0.0 ], [ -112.058833630114407, 54.716589807848621, 0.0 ], [ -112.058281472649398, 54.716274037701908, 0.0 ], [ -112.058198441125995, 54.716226552854771, 0.0 ], [ -112.057648950684595, 54.716087437558627, 0.0 ], [ -112.057094016392199, 54.715773305962983, 0.0 ], [ -112.057010401357005, 54.71572597338794, 0.0 ], [ -112.056242897160004, 54.715659194206488, 0.0 ], [ -112.055877903997697, 54.715627436528948, 0.0 ], [ -112.055469010682202, 54.715467432589527, 0.0 ], [ -112.054711813188106, 54.715368818329956, 0.0 ], [ -112.054654694058399, 54.715361378060237, 0.0 ], [ -112.053975721168101, 54.715143717985349, 0.0 ], [ -112.053832336656399, 54.715097752840528, 0.0 ], [ -112.053281932678104, 54.71478096919936, 0.0 ], [ -112.053199257310297, 54.714733385134679, 0.0 ], [ -112.052502181408201, 54.714535841856183, 0.0 ], [ -112.0519425662347, 54.714377248888738, 0.0 ], [ -112.051477426461503, 54.71409257944542, 0.0 ], [ -112.051455276239594, 54.71409203936998, 0.0 ], [ -112.051380104645702, 54.714033014099599, 0.0 ], [ -112.051035805098707, 54.71382229610316, 0.0 ], [ -112.050999650356999, 54.713800166607271, 0.0 ], [ -112.050262242144996, 54.71366009091404, 0.0 ], [ -112.049524836130402, 54.713520009817472, 0.0 ], [ -112.048908103423301, 54.71340284889444, 0.0 ], [ -112.048363736061901, 54.713082602172072, 0.0 ], [ -112.048330379396702, 54.713062977520451, 0.0 ], [ -112.047778773711997, 54.712924987222173, 0.0 ], [ -112.047236529932206, 54.712603537657088, 0.0 ], [ -112.047203375250803, 54.712583882527838, 0.0 ], [ -112.046513504904993, 54.712378078763777, 0.0 ], [ -112.045823641526894, 54.712172272945601, 0.0 ], [ -112.045226993102403, 54.711994269503627, 0.0 ], [ -112.045189869403103, 54.711983193005501, 0.0 ], [ -112.044637836274703, 54.711667388397807, 0.0 ], [ -112.044594328491698, 54.711642499706748, 0.0 ], [ -112.043896200013407, 54.711625463798669, 0.0 ], [ -112.043765295475197, 54.711529106482203, 0.0 ], [ -112.043326873180504, 54.711478688732562, 0.0 ], [ -112.043120843891103, 54.711606538633383, 0.0 ], [ -112.042345491773702, 54.711587608589348, 0.0 ], [ -112.041974168375702, 54.711353681090223, 0.0 ], [ -112.041602846212498, 54.711119751523633, 0.0 ], [ -112.041214694959805, 54.710894779171802, 0.0 ], [ -112.041075211894594, 54.710806902401607, 0.0 ], [ -112.040675340811504, 54.710786350866968, 0.0 ], [ -112.039992353486497, 54.710751246048297, 0.0 ], [ -112.0397956431529, 54.7106916949744, 0.0 ], [ -112.039496147942401, 54.710364991491247, 0.0 ], [ -112.0389082461123, 54.710658281858358, 0.0 ], [ -112.038320338917899, 54.710951569331392, 0.0 ], [ -112.037784699710002, 54.711218773002621, 0.0 ], [ -112.037405257480899, 54.711450329049157, 0.0 ], [ -112.037150627127303, 54.711762664343631, 0.0 ], [ -112.036861706708393, 54.71181736252035, 0.0 ], [ -112.036088153737495, 54.711781368544621, 0.0 ], [ -112.035966470104398, 54.71177570698066, 0.0 ], [ -112.035406427508804, 54.711581372675553, 0.0 ], [ -112.0346340278562, 54.711537914175189, 0.0 ], [ -112.034119565143001, 54.711508964400863, 0.0 ], [ -112.033417323464803, 54.7113177334829, 0.0 ], [ -112.033314760351701, 54.711289804034557, 0.0 ], [ -112.032539181952501, 54.711274403273102, 0.0 ], [ -112.031763605742597, 54.711258999386331, 0.0 ], [ -112.030988029014694, 54.711243586911273, 0.0 ], [ -112.030212452728904, 54.711228173966468, 0.0 ], [ -112.029436877410703, 54.711212753369239, 0.0 ], [ -112.028661301312695, 54.711197327775032, 0.0 ], [ -112.0278857275364, 54.711181897259969, 0.0 ], [ -112.027370471341797, 54.711171644592191, 0.0 ], [ -112.026944897556305, 54.711373055299873, 0.0 ], [ -112.026850247592506, 54.711486399194882, 0.0 ], [ -112.0268562514199, 54.711630015641767, 0.0 ], [ -112.026817766725699, 54.712081918520987, 0.0 ], [ -112.0267568315152, 54.712545761817573, 0.0 ], [ -112.026715754648507, 54.712924114357072, 0.0 ], [ -112.026707121149002, 54.713003634847041, 0.0 ], [ -112.027007857579704, 54.713166789198887, 0.0 ], [ -112.027017798909796, 54.713243632832622, 0.0 ], [ -112.027052405393704, 54.713511117066062, 0.0 ], [ -112.027015191309502, 54.713702646719717, 0.0 ], [ -112.027169347921898, 54.713786277786767, 0.0 ], [ -112.027320495892198, 54.713939040074251, 0.0 ], [ -112.027341372861102, 54.714003033604818, 0.0 ], [ -112.027398007013204, 54.714176621717748, 0.0 ], [ -112.027383889934001, 54.714369416243507, 0.0 ], [ -112.027480840472194, 54.71443051495654, 0.0 ], [ -112.027485420126894, 54.714444545384943, 0.0 ], [ -112.027517117613996, 54.714453375986743, 0.0 ], [ -112.027755157541705, 54.714603389544628, 0.0 ], [ -112.028126426450598, 54.714837359880697, 0.0 ], [ -112.028497702666897, 54.715071330097423, 0.0 ], [ -112.028868980053105, 54.71530529914471, 0.0 ], [ -112.029240264812501, 54.715539267174691, 0.0 ], [ -112.029611552358503, 54.715773233175433, 0.0 ], [ -112.029982844044795, 54.716007199878398, 0.0 ], [ -112.030689934750697, 54.716024534881868, 0.0 ], [ -112.030744224962305, 54.71605865319146, 0.0 ], [ -112.031270082634194, 54.716389122096167, 0.0 ], [ -112.031795947170096, 54.716719590564928, 0.0 ], [ -112.032321820318003, 54.717050055942209, 0.0 ], [ -112.032367656648901, 54.717056032295382, 0.0 ], [ -112.032583388439207, 54.717219333641118, 0.0 ], [ -112.033374889666007, 54.717262813894351, 0.0 ], [ -112.034192472329394, 54.71727480114906, 0.0 ], [ -112.034941184153595, 54.717252977039372, 0.0 ], [ -112.035305694372198, 54.717013053939553, 0.0 ], [ -112.036091049630699, 54.717038267403282, 0.0 ], [ -112.036852541338902, 54.7170739093091, 0.0 ], [ -112.036986333561302, 54.717152943107934, 0.0 ], [ -112.037044593917102, 54.717169434766809, 0.0 ], [ -112.037267556557694, 54.717309899309043, 0.0 ], [ -112.0376389070192, 54.717543842306569, 0.0 ], [ -112.037700905268693, 54.717582897655653, 0.0 ], [ -112.037728379461399, 54.717625160708302, 0.0 ], [ -112.038122782572898, 54.717884217095182, 0.0 ], [ -112.038635990311207, 54.718221299891738, 0.0 ], [ -112.038741173454596, 54.718407594261834, 0.0 ], [ -112.038720238217707, 54.718694586014493, 0.0 ], [ -112.039091608103504, 54.718928523833597, 0.0 ], [ -112.039495313170903, 54.719145262740248, 0.0 ], [ -112.039414078200295, 54.719619982321603, 0.0 ], [ -112.039397501635506, 54.720060303471293, 0.0 ], [ -112.039801626848501, 54.719845319654993, 0.0 ], [ -112.040173016409597, 54.7200792552986, 0.0 ], [ -112.040572346586103, 54.720298327265219, 0.0 ], [ -112.040538617827806, 54.720747780540947, 0.0 ], [ -112.040468967212504, 54.721216341823776, 0.0 ], [ -112.040411288613399, 54.721678533374813, 0.0 ], [ -112.040413481329907, 54.722108877643819, 0.0 ], [ -112.040817224628597, 54.722325612518738, 0.0 ], [ -112.040735997429607, 54.722800331982562, 0.0 ], [ -112.040719432575898, 54.723240654168762, 0.0 ], [ -112.041121169369703, 54.723458463130868, 0.0 ], [ -112.041027816537195, 54.723939634164083, 0.0 ], [ -112.041429560254002, 54.724157442148467, 0.0 ], [ -112.041396836922203, 54.724606363174452, 0.0 ], [ -112.041364109517801, 54.725055284975802, 0.0 ], [ -112.041765865774593, 54.725273093762567, 0.0 ], [ -112.041672518842304, 54.72575426348935, 0.0 ], [ -112.042074283770603, 54.725972068642598, 0.0 ], [ -112.042057729198802, 54.72641239273004, 0.0 ], [ -112.041976506557404, 54.726887112823597, 0.0 ], [ -112.042380306550896, 54.727103843060391, 0.0 ], [ -112.042347586994893, 54.727552765074229, 0.0 ], [ -112.042314868150996, 54.728001686181408, 0.0 ], [ -112.042729148310798, 54.728219452535889, 0.0 ], [ -112.042737238050293, 54.728679694478252, 0.0 ], [ -112.042688915533205, 54.729152328939499, 0.0 ], [ -112.042588193106297, 54.729582381927528, 0.0 ], [ -112.047246320688203, 54.733033423980963, 0.0 ], [ -112.047250771910697, 54.735401593913977, 0.0 ], [ -112.047259940747296, 54.74026157686086, 0.0 ], [ -112.047572255919803, 54.740261523935409, 0.0 ], [ -112.060027171141599, 54.740243558598607, 0.0 ], [ -112.072324983532297, 54.740224562870686, 0.0 ], [ -112.072336270409707, 54.745615409215588, 0.0 ], [ -112.072336548250604, 54.74575025779933, 0.0 ], [ -112.072340328375901, 54.747357508922171, 0.0 ], [ -112.072339597198194, 54.747538204995301, 0.0 ], [ -112.072322770690903, 54.749228375671358, 0.0 ], [ -112.072266695239406, 54.754669425612072, 0.0 ], [ -112.072265925606999, 54.754742746584412, 0.0 ], [ -112.072265671192298, 54.754761666255312, 0.0 ], [ -112.072265293943104, 54.754780585657087, 0.0 ], [ -112.072264793988893, 54.754799502993997, 0.0 ], [ -112.072264171134904, 54.75481842095963, 0.0 ], [ -112.072263427192794, 54.754837336000072, 0.0 ], [ -112.072262558927903, 54.75485624983596, 0.0 ], [ -112.072261569444805, 54.754875162542348, 0.0 ], [ -112.072260455768301, 54.754894072248497, 0.0 ], [ -112.072259221002895, 54.754912979029378, 0.0 ], [ -112.072257863660994, 54.754931881949659, 0.0 ], [ -112.072256383547895, 54.754950783702867, 0.0 ], [ -112.072254780792903, 54.754969682493311, 0.0 ], [ -112.072253055590593, 54.754988575627401, 0.0 ], [ -112.072251209298599, 54.755007465836222, 0.0 ], [ -112.072249238812006, 54.75502635304472, 0.0 ], [ -112.072247147494707, 54.755045233736489, 0.0 ], [ -112.072244932047298, 54.755064110530043, 0.0 ], [ -112.072242595574295, 54.755082983500458, 0.0 ], [ -112.072240136717795, 54.755101849916556, 0.0 ], [ -112.072237555282996, 54.755120712471957, 0.0 ], [ -112.072234853081596, 54.755139567612702, 0.0 ], [ -112.072232026814007, 54.755158417957368, 0.0 ], [ -112.072229079779405, 54.755177260887343, 0.0 ], [ -112.0722260086783, 54.755196099021212, 0.0 ], [ -112.072222818491994, 54.755214927982138, 0.0 ], [ -112.072219504238902, 54.755233752146943, 0.0 ], [ -112.072216067730494, 54.755252567961627, 0.0 ], [ -112.072212510519094, 54.755271375463721, 0.0 ], [ -112.072208830922506, 54.755290176411421, 0.0 ], [ -112.072205030622698, 54.755308969046503, 0.0 ], [ -112.072201106514399, 54.755327753293912, 0.0 ], [ -112.072197061832199, 54.755346527432941, 0.0 ], [ -112.072192896316594, 54.755365295055022, 0.0 ], [ -112.072188608803899, 54.755384050735437, 0.0 ], [ -112.072184198969794, 54.75540279896353, 0.0 ], [ -112.072179668496304, 54.755421537981057, 0.0 ], [ -112.072175015960397, 54.755440265954753, 0.0 ], [ -112.072170242784694, 54.755458984717798, 0.0 ], [ -112.072165347611204, 54.755477691539127, 0.0 ], [ -112.072160331862506, 54.755496388251977, 0.0 ], [ -112.072155195603102, 54.755515073958428, 0.0 ], [ -112.072149937345401, 54.755533747723092, 0.0 ], [ -112.072144558447206, 54.755552412277069, 0.0 ], [ -112.072139057680005, 54.755571063093477, 0.0 ], [ -112.072133438018795, 54.755589702043082, 0.0 ], [ -112.072127696358606, 54.755608329050837, 0.0 ], [ -112.072121834381505, 54.755626942358496, 0.0 ], [ -112.072115851892704, 54.755645544659643, 0.0 ], [ -112.0721097475341, 54.755664133223171, 0.0 ], [ -112.072103524410394, 54.755682708124048, 0.0 ], [ -112.072097180969095, 54.755701269324717, 0.0 ], [ -112.072090717209903, 54.755719816825241, 0.0 ], [ -112.072084133197706, 54.755738349727658, 0.0 ], [ -112.072077428932303, 54.75575686803198, 0.0 ], [ -112.072070604283695, 54.755775373533943, 0.0 ], [ -112.072063659511201, 54.755793862641987, 0.0 ], [ -112.072056596037399, 54.755812337189433, 0.0 ], [ -112.072049412504299, 54.75583079444506, 0.0 ], [ -112.072042110204706, 54.755849238037847, 0.0 ], [ -112.072034687715799, 54.755867666134549, 0.0 ], [ -112.0720271452319, 54.755886076041527, 0.0 ], [ -112.072019484110896, 54.755904470489888, 0.0 ], [ -112.072011704417207, 54.75592284858169, 0.0 ], [ -112.072003804663396, 54.755941209381611, 0.0 ], [ -112.071995786466402, 54.755959552029204, 0.0 ], [ -112.071987649696496, 54.755977878320181, 0.0 ], [ -112.071979394483094, 54.755996186458823, 0.0 ], [ -112.071971019338605, 54.756014475509687, 0.0 ], [ -112.071962527173199, 54.75603274824141, 0.0 ], [ -112.071953916693602, 54.756051001024957, 0.0 ], [ -112.071945186152604, 54.756069236516431, 0.0 ], [ -112.071936338849696, 54.756087452097162, 0.0 ], [ -112.071927374784707, 54.756105647767171, 0.0 ], [ -112.071918290787593, 54.756123824349281, 0.0 ], [ -112.0719090900281, 54.756141981020562, 0.0 ], [ -112.071899770953607, 54.756160117743548, 0.0 ], [ -112.071890335116294, 54.756178234555662, 0.0 ], [ -112.071880782581005, 54.756196330559071, 0.0 ], [ -112.071871111860105, 54.756214404818337, 0.0 ], [ -112.071861324375902, 54.75623245916664, 0.0 ], [ -112.0718514203231, 54.756250490910382, 0.0 ], [ -112.071841401124203, 54.756268501882793, 0.0 ], [ -112.071831262186507, 54.756286491073432, 0.0 ], [ -112.071821006679698, 54.756304457659432, 0.0 ], [ -112.0718106360912, 54.756322402576117, 0.0 ], [ -112.071800148868505, 54.756340325785949, 0.0 ], [ -112.071789546823297, 54.756358223734964, 0.0 ], [ -112.071778828078706, 54.756376100874938, 0.0 ], [ -112.071767992958897, 54.7563939527165, 0.0 ], [ -112.071757042821602, 54.756411781990728, 0.0 ], [ -112.071745977796496, 54.756429586901866, 0.0 ], [ -112.071734796201099, 54.756447369208153, 0.0 ], [ -112.071723499782493, 54.756465126253367, 0.0 ], [ -112.071712088540394, 54.756482858037543, 0.0 ], [ -112.071700564027196, 54.756500564598142, 0.0 ], [ -112.071688923008296, 54.756518247655841, 0.0 ], [ -112.071677167230305, 54.756535904554518, 0.0 ], [ -112.071665298180903, 54.756553536229518, 0.0 ], [ -112.071653314437199, 54.756571140847591, 0.0 ], [ -112.071641217356898, 54.75658872113975, 0.0 ], [ -112.071629005711699, 54.756606272579162, 0.0 ], [ -112.071616680794605, 54.756623798794777, 0.0 ], [ -112.071604242670304, 54.75664129888866, 0.0 ], [ -112.071591689915905, 54.756658771027531, 0.0 ], [ -112.071579025506495, 54.756676217082138, 0.0 ], [ -112.071566248019295, 54.756693635219207, 0.0 ], [ -112.0715533559665, 54.756711024503282, 0.0 ], [ -112.071540353875804, 54.75672838684266, 0.0 ], [ -112.071527237284002, 54.756745719431073, 0.0 ], [ -112.071514009101605, 54.756763025037202, 0.0 ], [ -112.071500669587806, 54.756780300069487, 0.0 ], [ -112.071487218483099, 54.756797548119387, 0.0 ], [ -112.071473654494397, 54.756814765557863, 0.0 ], [ -112.071459979044207, 54.756831954218143, 0.0 ], [ -112.071446192262201, 54.756849112304437, 0.0 ], [ -112.071432295700802, 54.756866239854247, 0.0 ], [ -112.071418287742503, 54.756883337727857, 0.0 ], [ -112.071404168387204, 54.756900405925258, 0.0 ], [ -112.071389939317001, 54.75691744268817, 0.0 ], [ -112.0713755989145, 54.756934448876912, 0.0 ], [ -112.071361148796896, 54.756951423631087, 0.0 ], [ -112.071346588964104, 54.756968366950673, 0.0 ], [ -112.071331919416096, 54.756985278835629, 0.0 ], [ -112.071317143192701, 54.757002160258772, 0.0 ], [ -112.071302252791, 54.757019007441073, 0.0 ], [ -112.071287255843501, 54.757035822365758, 0.0 ], [ -112.071272149180402, 54.757052605855677, 0.0 ], [ -112.0712569345486, 54.757069355254629, 0.0 ], [ -112.071241611818195, 54.757086072358383, 0.0 ], [ -112.071226179566494, 54.757102755333612, 0.0 ], [ -112.0712106408333, 54.757119405153162, 0.0 ], [ -112.071194992513796, 54.757136021741971, 0.0 ], [ -112.0711792378425, 54.757152603379318, 0.0 ], [ -112.071163375202005, 54.757169150925478, 0.0 ], [ -112.071147406144505, 54.757185664417953, 0.0 ], [ -112.0711313308, 54.757202142060947, 0.0 ], [ -112.071115147420997, 54.757218586510511, 0.0 ], [ -112.071098857754706, 54.757234995110508, 0.0 ], [ -112.071082461800898, 54.75725136786091, 0.0 ], [ -112.071065961112097, 54.75726770479919, 0.0 ], [ -112.071049354070894, 54.757284006785639, 0.0 ], [ -112.071032640871607, 54.757300271126638, 0.0 ], [ -112.071015822872297, 54.757316500553237, 0.0 ], [ -112.070998900202397, 54.757332693269703, 0.0 ], [ -112.070981871309598, 54.757348849238397, 0.0 ], [ -112.070964739363404, 54.757364967636533, 0.0 ], [ -112.070947502746606, 54.757381049324351, 0.0 ], [ -112.070930161653607, 54.75739709160824, 0.0 ], [ -112.070912715824903, 54.75741309807961, 0.0 ], [ -112.07089516856, 54.757429066119869, 0.0 ], [ -112.070877516624194, 54.757444997449618, 0.0 ], [ -112.070859761764396, 54.757460889412812, 0.0 ], [ -112.070841904045494, 54.757476741111482, 0.0 ], [ -112.070823943207898, 54.757492556137073, 0.0 ], [ -112.070805881063507, 54.757508330935593, 0.0 ], [ -112.070787715865194, 54.75752406816305, 0.0 ], [ -112.070769449424901, 54.757539764265474, 0.0 ], [ -112.070751081612798, 54.757555421038553, 0.0 ], [ -112.070732610941207, 54.757571037546867, 0.0 ], [ -112.070714040450198, 54.757586614763269, 0.0 ], [ -112.070695368652096, 54.757602151752288, 0.0 ], [ -112.070676597228996, 54.757617646755747, 0.0 ], [ -112.0706577244339, 54.757633102429608, 0.0 ], [ -112.070638752013807, 54.757648516117783, 0.0 ], [ -112.070619679838799, 54.757663889615927, 0.0 ], [ -112.070600508038794, 54.757679221128292, 0.0 ], [ -112.070581238166, 54.75769451069236, 0.0 ], [ -112.070561868668094, 54.757709758270522, 0.0 ], [ -112.070542399544905, 54.757724963862778, 0.0 ], [ -112.0705228323489, 54.757740127506572, 0.0 ], [ -112.070503167015204, 54.75775525009972, 0.0 ], [ -112.070483405355802, 54.757770328088263, 0.0 ], [ -112.070463544200706, 54.757785362294953, 0.0 ], [ -112.070443586525201, 54.757800354590543, 0.0 ], [ -112.070423532394102, 54.757815304077063, 0.0 ], [ -112.070403380449406, 54.757830208023442, 0.0 ], [ -112.070383132049102, 54.757845069160659, 0.0 ], [ -112.070362788745598, 54.757859887526273, 0.0 ], [ -112.070342349116004, 54.757874661286898, 0.0 ], [ -112.070321813290306, 54.757889388646802, 0.0 ], [ -112.070301182561195, 54.757904073234947, 0.0 ], [ -112.070280457058601, 54.757918713255499, 0.0 ], [ -112.070259635294704, 54.757933307773051, 0.0 ], [ -112.070238720374604, 54.757947856862621, 0.0 ], [ -112.070217710745794, 54.757962360486623, 0.0 ], [ -112.070196607960597, 54.757976818682522, 0.0 ], [ -112.070175412084097, 54.75799123055242, 0.0 ], [ -112.070154121498803, 54.758005596956593, 0.0 ], [ -112.0701327393745, 54.75801991707219, 0.0 ], [ -112.070111264223598, 54.758034189963773, 0.0 ], [ -112.070089695916394, 54.758048417427041, 0.0 ], [ -112.070068036134998, 54.758062597703692, 0.0 ], [ -112.070046284944496, 54.758076729895869, 0.0 ], [ -112.070024442214901, 54.758090815799243, 0.0 ], [ -112.0700025080112, 54.758104854515892, 0.0 ], [ -112.069980482398194, 54.758118845147862, 0.0 ], [ -112.069958366928503, 54.75813278773272, 0.0 ], [ -112.069936161602001, 54.758146682270358, 0.0 ], [ -112.069913866418801, 54.758160528760747, 0.0 ], [ -112.069891481378804, 54.758174327203839, 0.0 ], [ -112.069869006546895, 54.7581880767017, 0.0 ], [ -112.069846441923005, 54.758201777254293, 0.0 ], [ -112.069823790677304, 54.758215428038802, 0.0 ], [ -112.069801049509906, 54.758229031673629, 0.0 ], [ -112.069778221785398, 54.758242584642431, 0.0 ], [ -112.069755305821502, 54.758256088703313, 0.0 ], [ -112.069732301813005, 54.758269541162612, 0.0 ], [ -112.069709212540403, 54.758282946584671, 0.0 ], [ -112.069686035158199, 54.758296301302963, 0.0 ], [ -112.069662771348803, 54.758309603559191, 0.0 ], [ -112.066049443237404, 54.760368031787529, 0.0 ], [ -112.066026067663401, 54.760381297386111, 0.0 ], [ -112.066002605402602, 54.760394514111447, 0.0 ], [ -112.065979058397602, 54.76040767661388, 0.0 ], [ -112.065955426193597, 54.760420791178412, 0.0 ], [ -112.065931709180404, 54.760433852417798, 0.0 ], [ -112.065907907228194, 54.760446862127743, 0.0 ], [ -112.065884021824402, 54.760459821243629, 0.0 ], [ -112.065860051611594, 54.760472727034227, 0.0 ], [ -112.065835998012304, 54.76048558133283, 0.0 ], [ -112.065811861091603, 54.760498383241497, 0.0 ], [ -112.065787640849393, 54.760511132760158, 0.0 ], [ -112.065763337220901, 54.76052383078671, 0.0 ], [ -112.065738955123706, 54.76053647384235, 0.0 ], [ -112.065714488087707, 54.760549065368117, 0.0 ], [ -112.065689940965498, 54.760561602783213, 0.0 ], [ -112.065665310521894, 54.76057408780806, 0.0 ], [ -112.065640601479998, 54.760586519657558, 0.0 ], [ -112.065615810864401, 54.760598896460749, 0.0 ], [ -112.065590940097707, 54.760611220050897, 0.0 ], [ -112.065565989310102, 54.760623488632241, 0.0 ], [ -112.065540958306499, 54.760635704898291, 0.0 ], [ -112.065515852004907, 54.760647865370331, 0.0 ], [ -112.065490664129797, 54.760659970795857, 0.0 ], [ -112.065465397591396, 54.760672023943513, 0.0 ], [ -112.065440054267398, 54.760684020361587, 0.0 ], [ -112.065414632410295, 54.760695962706031, 0.0 ], [ -112.065389133767795, 54.760707848320777, 0.0 ], [ -112.065363558144696, 54.760719679899367, 0.0 ], [ -112.0653379057362, 54.760731454748182, 0.0 ], [ -112.065312177964998, 54.76074317470048, 0.0 ], [ -112.065286373343397, 54.760754838820773, 0.0 ], [ -112.065260492001599, 54.760766445313273, 0.0 ], [ -112.065234538402294, 54.760777996984302, 0.0 ], [ -112.065208508017903, 54.760789491925308, 0.0 ], [ -112.065182403953699, 54.760800930211452, 0.0 ], [ -112.065156226144495, 54.760812312740519, 0.0 ], [ -112.065129973232899, 54.760823636781318, 0.0 ], [ -112.065103648129295, 54.760834905102563, 0.0 ], [ -112.065077250963498, 54.760846115908492, 0.0 ], [ -112.065050780183199, 54.760857269161427, 0.0 ], [ -112.065024237275907, 54.760868365796817, 0.0 ], [ -112.064997622371706, 54.760879404018908, 0.0 ], [ -112.064970935470697, 54.760890383827622, 0.0 ], [ -112.0649441781256, 54.760901305260511, 0.0 ], [ -112.0649173502064, 54.760912170113251, 0.0 ], [ -112.064890453525805, 54.760922974831978, 0.0 ], [ -112.0648634846536, 54.760933723830718, 0.0 ], [ -112.064836447085199, 54.760944411797503, 0.0 ], [ -112.064809339007994, 54.760955042286099, 0.0 ], [ -112.064782165210005, 54.760965613613557, 0.0 ], [ -112.064754921098299, 54.760976124769172, 0.0 ], [ -112.064727607965594, 54.760986579381907, 0.0 ], [ -112.064700229242206, 54.760996973037663, 0.0 ], [ -112.064672781693105, 54.761007307456893, 0.0 ], [ -112.064645268553505, 54.761017580919038, 0.0 ], [ -112.064617688010799, 54.761027796977871, 0.0 ], [ -112.064590041877807, 54.761037952079548, 0.0 ], [ -112.064562330089601, 54.761048047121903, 0.0 ], [ -112.064534551158602, 54.761058081169352, 0.0 ], [ -112.064506711165393, 54.76106805616805, 0.0 ], [ -112.064478804029605, 54.761077970171797, 0.0 ], [ -112.064450832856494, 54.761087823255792, 0.0 ], [ -112.064422796093496, 54.761097615382297, 0.0 ], [ -112.064394699886293, 54.761107347599641, 0.0 ], [ -112.064366538154502, 54.761117017961617, 0.0 ], [ -112.064338315491099, 54.761126627478859, 0.0 ], [ -112.064310030343407, 54.761136176113673, 0.0 ], [ -112.064281682841596, 54.761145662070398, 0.0 ], [ -112.0642532743434, 54.761155088080059, 0.0 ], [ -112.064224805043906, 54.76116445144914, 0.0 ], [ -112.064196274813199, 54.761173753973253, 0.0 ], [ -112.064167683911506, 54.761182992060952, 0.0 ], [ -112.064139032013699, 54.761192170201483, 0.0 ], [ -112.064110325525505, 54.761201285851641, 0.0 ], [ -112.064081556749002, 54.761210337925519, 0.0 ], [ -112.064052730146898, 54.761219329229448, 0.0 ], [ -112.064023844361998, 54.761228257032244, 0.0 ], [ -112.063994900881795, 54.761237122269307, 0.0 ], [ -112.063965901324096, 54.761245924080349, 0.0 ], [ -112.063936843941306, 54.761254665121292, 0.0 ], [ -112.063907729058698, 54.761263340902808, 0.0 ], [ -112.063878561204305, 54.761271953333441, 0.0 ], [ -112.0638493341025, 54.761280503160513, 0.0 ], [ -112.063820054093995, 54.761288988738762, 0.0 ], [ -112.063790719496296, 54.761297411826213, 0.0 ], [ -112.063761330439505, 54.761305770627139, 0.0 ], [ -112.063731886793803, 54.761314066937217, 0.0 ], [ -112.063702388819294, 54.76132229716498, 0.0 ], [ -112.063672837873597, 54.761330464041571, 0.0 ], [ -112.063643234021995, 54.761338566669068, 0.0 ], [ -112.063613577264505, 54.761346605047493, 0.0 ], [ -112.063583870641494, 54.761354580149863, 0.0 ], [ -112.063554111242894, 54.761362489207343, 0.0 ], [ -112.063524301979001, 54.761370334988669, 0.0 ], [ -112.063494439939902, 54.761378114725069, 0.0 ], [ -112.063464528100695, 54.761385830287388, 0.0 ], [ -112.063434568014301, 54.761393481713263, 0.0 ], [ -112.063404556705507, 54.761401067131693, 0.0 ], [ -112.063374497214795, 54.76140858751571, 0.0 ], [ -112.063344389542294, 54.761416042865307, 0.0 ], [ -112.063314232200398, 54.761423432244932, 0.0 ], [ -112.063284028229603, 54.761430756627718, 0.0 ], [ -112.063253776142304, 54.761438015078127, 0.0 ], [ -112.063223478978998, 54.761445208569171, 0.0 ], [ -112.0631931336995, 54.761452336127803, 0.0 ], [ -112.063162741921602, 54.761459396893663, 0.0 ], [ -112.063132306685702, 54.761466391839882, 0.0 ], [ -112.063101824886701, 54.761473320891199, 0.0 ], [ -112.063071298077304, 54.761480184085137, 0.0 ], [ -112.063040727810304, 54.761486981459342, 0.0 ], [ -112.0630101110456, 54.761493712040647, 0.0 ], [ -112.062979453993805, 54.76150037597953, 0.0 ], [ -112.062948751997297, 54.761506973163087, 0.0 ], [ -112.062918009713997, 54.76151350370418, 0.0 ], [ -112.062887224038803, 54.761519967527491, 0.0 ], [ -112.062856396524595, 54.76152636467063, 0.0 ], [ -112.062825527106199, 54.761532696031431, 0.0 ], [ -112.062794617596893, 54.761538958056093, 0.0 ], [ -112.062763667671405, 54.761545155233797, 0.0 ], [ -112.062732677655106, 54.761551283075278, 0.0 ], [ -112.062701647287994, 54.761557345171923, 0.0 ], [ -112.062670579935698, 54.761563338007548, 0.0 ], [ -112.062639472167803, 54.761569265996137, 0.0 ], [ -112.062608325797299, 54.76157512558386, 0.0 ], [ -112.062577142376995, 54.761580916808342, 0.0 ], [ -112.062545921776803, 54.761586641465243, 0.0 ], [ -112.0625146625746, 54.761592297721187, 0.0 ], [ -112.062483369428193, 54.761597885689078, 0.0 ], [ -112.062452039102496, 54.761603407089297, 0.0 ], [ -112.062420671857794, 54.761608858330447, 0.0 ], [ -112.062389272092005, 54.761614243116767, 0.0 ], [ -112.062357836895103, 54.761619558679428, 0.0 ], [ -112.062326366202299, 54.761624805916263, 0.0 ], [ -112.062294862988693, 54.761629986698189, 0.0 ], [ -112.062263325897106, 54.761635098294029, 0.0 ], [ -112.062231754927794, 54.761640140703719, 0.0 ], [ -112.062200153120898, 54.761645114900404, 0.0 ], [ -112.062168517371504, 54.76165002080873, 0.0 ], [ -112.062136850849996, 54.761654857606139, 0.0 ], [ -112.062105152003895, 54.761659625254978, 0.0 ], [ -112.062073423938699, 54.761664323830459, 0.0 ], [ -112.062041664971602, 54.761668955090649, 0.0 ], [ -112.062009876720694, 54.761673518175321, 0.0 ], [ -112.061978060998996, 54.761678009530627, 0.0 ], [ -112.061946212823401, 54.761682433532968, 0.0 ], [ -112.061914338599706, 54.761686787639277, 0.0 ], [ -112.061882436710604, 54.761691072709773, 0.0 ], [ -112.061850505603303, 54.761695288706761, 0.0 ], [ -112.061818546830906, 54.761699435667857, 0.0 ], [ -112.061786562011093, 54.761703512732872, 0.0 ], [ -112.061754552631598, 54.761707520837277, 0.0 ], [ -112.061722515652505, 54.761711459007863, 0.0 ], [ -112.0616904541791, 54.761715327319934, 0.0 ], [ -112.061658364911196, 54.761719128391753, 0.0 ], [ -112.061626256002498, 54.761722857024381, 0.0 ], [ -112.061594120917306, 54.761726517556497, 0.0 ], [ -112.061561961338398, 54.761730108230019, 0.0 ], [ -112.061529778883994, 54.761733628184743, 0.0 ], [ -112.061497576594107, 54.761737078393743, 0.0 ], [ -112.061465349746101, 54.761740459641977, 0.0 ], [ -112.061433101640702, 54.761743769311117, 0.0 ], [ -112.061400830465004, 54.761747010954949, 0.0 ], [ -112.061368539584805, 54.761750181057302, 0.0 ], [ -112.061336228805004, 54.761753282311737, 0.0 ], [ -112.061303899873707, 54.761756312062339, 0.0 ], [ -112.061271547937807, 54.761759272889734, 0.0 ], [ -112.061239180956207, 54.761762162288498, 0.0 ], [ -112.061206794075503, 54.761764982839317, 0.0 ], [ -112.061174385873699, 54.761767732708797, 0.0 ], [ -112.061141965666707, 54.7617704121228, 0.0 ], [ -112.0611095241388, 54.761773020855443, 0.0 ], [ -112.061077067500804, 54.761775559057298, 0.0 ], [ -112.061044594134998, 54.761778027588598, 0.0 ], [ -112.061012105659501, 54.761780425589059, 0.0 ], [ -112.060979600652004, 54.761782751225347, 0.0 ], [ -112.060947081892294, 54.761785009062038, 0.0 ], [ -112.060914546535798, 54.761787195432369, 0.0 ], [ -112.0608820007932, 54.761789310486947, 0.0 ], [ -112.060849440006905, 54.761791354112859, 0.0 ], [ -112.060816865599307, 54.761793328143369, 0.0 ], [ -112.060784279123197, 54.76179523261618, 0.0 ], [ -112.060751679091396, 54.761797066595761, 0.0 ], [ -112.060719068739502, 54.761798828361698, 0.0 ], [ -112.060686448002599, 54.761800518811839, 0.0 ], [ -112.060653815197895, 54.761802139704251, 0.0 ], [ -112.060621170521003, 54.761803688345367, 0.0 ], [ -112.060588519922206, 54.761805168477167, 0.0 ], [ -112.060555857516604, 54.761806575459801, 0.0 ], [ -112.060523184596704, 54.761807912922301, 0.0 ], [ -112.060490507503303, 54.761809179219611, 0.0 ], [ -112.060457818538495, 54.761810373265568, 0.0 ], [ -112.060425123652706, 54.761811498802231, 0.0 ], [ -112.060392421618999, 54.761812551302647, 0.0 ], [ -112.060359715282203, 54.761813534433557, 0.0 ], [ -112.060326998627502, 54.761814445350737, 0.0 ], [ -112.060294277735295, 54.761815286000598, 0.0 ], [ -112.060261554158402, 54.761816056420713, 0.0 ], [ -112.0602288233693, 54.76181675470243, 0.0 ], [ -112.060196089960996, 54.761817381856602, 0.0 ], [ -112.060163350763204, 54.761817938705732, 0.0 ], [ -112.060130608946594, 54.761818424427261, 0.0 ], [ -112.060097864576406, 54.761818838123403, 0.0 ], [ -112.060065117457398, 54.76181918248767, 0.0 ], [ -112.060065254347407, 54.761901114262109, 0.0 ], [ -112.060070139599404, 54.762091184015013, 0.0 ], [ -112.061621323361393, 54.762090391305307, 0.0 ], [ -112.064809533900203, 54.762088695311718, 0.0 ], [ -112.064805675971598, 54.769260205801928, 0.0 ], [ -112.064804650369595, 54.769350600757257, 0.0 ], [ -112.064804377277696, 54.770185972041489, 0.0 ], [ -112.065117335031104, 54.770433127531227, 0.0 ], [ -112.065197798876497, 54.770496667799883, 0.0 ], [ -112.072841091107705, 54.776531505836509, 0.0 ], [ -112.073250658734693, 54.77685479128381, 0.0 ], [ -112.0776415150101, 54.780317809107324, 0.0 ], [ -112.081998815940693, 54.783753688021193, 0.0 ], [ -112.089727705847807, 54.789846184746217, 0.0 ], [ -112.090179554524497, 54.790202271641647, 0.0 ], [ -112.090180022464395, 54.790980607372667, 0.0 ], [ -112.077639926953907, 54.790977063062712, 0.0 ], [ -112.065099584957395, 54.790972242559093, 0.0 ], [ -112.064786865892998, 54.790972705331718, 0.0 ], [ -112.052207664023896, 54.790990883536857, 0.0 ], [ -112.040161627152798, 54.79100727903667, 0.0 ], [ -112.039628094609498, 54.791007980527851, 0.0 ], [ -112.039315275905906, 54.791008275282927, 0.0 ], [ -112.032008850089994, 54.791003347564597, 0.0 ], [ -112.031824687440903, 54.79100309450709, 0.0 ], [ -112.031604161166996, 54.791164801261729, 0.0 ], [ -112.031603126596295, 54.791165558443517, 0.0 ], [ -112.031616501309799, 54.791183758612327, 0.0 ], [ -112.032198316708801, 54.79197553802468, 0.0 ], [ -112.029841631531795, 54.792551735498009, 0.0 ], [ -112.025995360308897, 54.793491988180428, 0.0 ], [ -112.025908101860907, 54.79351331332186, 0.0 ], [ -112.015237690080994, 54.796120792534623, 0.0 ], [ -112.014908918776797, 54.795100624793989, 0.0 ], [ -112.014908902023606, 54.795100535336793, 0.0 ], [ -112.014901875721804, 54.795062742306932, 0.0 ], [ -112.014757249065198, 54.794283849324493, 0.0 ], [ -112.014750816052697, 54.794278584807678, 0.0 ], [ -112.014415018410403, 54.794003782416198, 0.0 ], [ -112.014360258159499, 54.793940960747108, 0.0 ], [ -112.014358569546303, 54.793939499847077, 0.0 ], [ -112.014144373802793, 54.793693941134002, 0.0 ], [ -112.014045729847595, 54.793538518591802, 0.0 ], [ -112.014045650022496, 54.793538397899589, 0.0 ], [ -112.013504095429496, 54.792685193086839, 0.0 ], [ -112.013356484160198, 54.792303004284257, 0.0 ], [ -112.013348146023503, 54.792150579955639, 0.0 ], [ -112.013453319657302, 54.791421952741693, 0.0 ], [ -112.013453776299102, 54.791420067065673, 0.0 ], [ -112.013500642457799, 54.791226554249278, 0.0 ], [ -112.0135444265118, 54.791045760966959, 0.0 ], [ -112.013550445549001, 54.791020926311788, 0.0 ], [ -112.013558313263502, 54.790988459551222, 0.0 ], [ -112.013598454275098, 54.790944235109862, 0.0 ], [ -112.013833507653601, 54.790685269185268, 0.0 ], [ -112.014045940924007, 54.790494483839673, 0.0 ], [ -112.014046009723799, 54.790494416276971, 0.0 ], [ -112.014314324398796, 54.79025345516785, 0.0 ], [ -112.014355771826402, 54.790222435894911, 0.0 ], [ -112.014359216330504, 54.79022026221709, 0.0 ], [ -112.014762136059602, 54.789975533467043, 0.0 ], [ -112.014815811260107, 54.78991632348302, 0.0 ], [ -112.0148530316783, 54.789819361697973, 0.0 ], [ -112.014926044400198, 54.789643322523638, 0.0 ], [ -112.014992730288199, 54.789513610717052, 0.0 ], [ -112.015009761669901, 54.789446849791531, 0.0 ], [ -112.015014033558202, 54.789426211129161, 0.0 ], [ -112.015196296984101, 54.789100106549228, 0.0 ], [ -112.015387400784604, 54.788432841436133, 0.0 ], [ -112.015395335189496, 54.788419564014127, 0.0 ], [ -112.015423646275096, 54.788385362593033, 0.0 ], [ -112.015501166792703, 54.788258739698513, 0.0 ], [ -112.015554105321399, 54.788245795680623, 0.0 ], [ -112.015539867263598, 54.788184834480752, 0.0 ], [ -112.015661798481105, 54.787771123408, 0.0 ], [ -112.015724468555405, 54.787493266886912, 0.0 ], [ -112.015760456446898, 54.787354850696381, 0.0 ], [ -112.015775609195998, 54.787279633645397, 0.0 ], [ -112.015812218701299, 54.787212475765728, 0.0 ], [ -112.015880785783494, 54.78707764702213, 0.0 ], [ -112.015944697814703, 54.786942304315232, 0.0 ], [ -112.015980912976104, 54.786819075345377, 0.0 ], [ -112.016060153886897, 54.786709272667792, 0.0 ], [ -112.016142768508601, 54.786565593632901, 0.0 ], [ -112.016238697374803, 54.786424783147368, 0.0 ], [ -112.016326714736394, 54.786272671575141, 0.0 ], [ -112.016250506639693, 54.786291324022088, 0.0 ], [ -112.016050895740094, 54.786340242882481, 0.0 ], [ -112.016039157551504, 54.7863431182138, 0.0 ], [ -112.015913717248495, 54.786373850668689, 0.0 ], [ -112.015963472060704, 54.786342954420121, 0.0 ], [ -112.015986781551703, 54.786310070683747, 0.0 ], [ -112.016020705054601, 54.786292628072097, 0.0 ], [ -112.016047919263002, 54.786273663060157, 0.0 ], [ -112.016071641682501, 54.786190991847732, 0.0 ], [ -112.016075790662399, 54.786150867305473, 0.0 ], [ -112.016080101657494, 54.78613695020384, 0.0 ], [ -112.016115300583706, 54.786018899457723, 0.0 ], [ -112.016129205602297, 54.785993777576479, 0.0 ], [ -112.016188880248805, 54.78591526966003, 0.0 ], [ -112.016226089554493, 54.785844654582519, 0.0 ], [ -112.016234535491407, 54.785832893568028, 0.0 ], [ -112.016297441335695, 54.784905732431938, 0.0 ], [ -112.016243329991994, 54.784655981887298, 0.0 ], [ -112.016078913411704, 54.784286231818413, 0.0 ], [ -112.0158545990232, 54.78395916974371, 0.0 ], [ -112.015703193597901, 54.783809241117439, 0.0 ], [ -112.015354512075902, 54.783463953703219, 0.0 ], [ -112.014498156541705, 54.782894604304794, 0.0 ], [ -112.014359776287606, 54.782822372827461, 0.0 ], [ -112.014359697135006, 54.782822327704871, 0.0 ], [ -112.014046991907094, 54.7826541537639, 0.0 ], [ -112.014046905914995, 54.782654095880417, 0.0 ], [ -112.013718432832604, 54.782425815944407, 0.0 ], [ -112.011979450590999, 54.78157790995774, 0.0 ], [ -112.011683185525001, 54.781268658604219, 0.0 ], [ -112.011346699821402, 54.78100049090348, 0.0 ], [ -112.010890502106705, 54.780363574612942, 0.0 ], [ -112.010790457296395, 54.780260922252431, 0.0 ], [ -112.0107674948149, 54.780223947433932, 0.0 ], [ -112.010724040174296, 54.780131161368253, 0.0 ], [ -112.010696329502593, 54.780071994385452, 0.0 ], [ -112.010654549868093, 54.7800274841019, 0.0 ], [ -112.010645394522598, 54.780015962216218, 0.0 ], [ -112.010614566178802, 54.779957799464633, 0.0 ], [ -112.0105511241089, 54.779866298647747, 0.0 ], [ -112.010520625636403, 54.779814000286123, 0.0 ], [ -112.010480215296596, 54.779754107222757, 0.0 ], [ -112.010452490373694, 54.779704079978181, 0.0 ], [ -112.010432268642404, 54.779678891538481, 0.0 ], [ -112.010369492562006, 54.77957057932764, 0.0 ], [ -112.010309042014399, 54.779491268559589, 0.0 ], [ -112.010267507414298, 54.779440711806721, 0.0 ], [ -112.010232402562195, 54.779387795168262, 0.0 ], [ -112.010169222240293, 54.779307527447372, 0.0 ], [ -112.010143224996895, 54.779267832378437, 0.0 ], [ -112.0101054525161, 54.7792101628986, 0.0 ], [ -112.010051150297897, 54.779163302687387, 0.0 ], [ -112.009977240048798, 54.779070303004588, 0.0 ], [ -112.009950581901904, 54.779027128725367, 0.0 ], [ -112.009907254643593, 54.778968828370942, 0.0 ], [ -112.009830538355203, 54.778853354204522, 0.0 ], [ -112.009781159667298, 54.778803467248217, 0.0 ], [ -112.009694886793099, 54.778687191504822, 0.0 ], [ -112.009657600437194, 54.778649087790363, 0.0 ], [ -112.009625915504998, 54.778600662594371, 0.0 ], [ -112.009532066884901, 54.778474673820831, 0.0 ], [ -112.009494188242996, 54.778429001001463, 0.0 ], [ -112.0094692213098, 54.778390752308397, 0.0 ], [ -112.009381902932702, 54.778280440826236, 0.0 ], [ -112.009363771729298, 54.77824055016346, 0.0 ], [ -112.009334526313594, 54.778128599695862, 0.0 ], [ -112.009334070340003, 54.778120697615307, 0.0 ], [ -112.009326113134605, 54.778096394380093, 0.0 ], [ -112.009296937088195, 54.777984708248233, 0.0 ], [ -112.009292373252805, 54.777957101417037, 0.0 ], [ -112.009290913151403, 54.777907542848091, 0.0 ], [ -112.009270609459904, 54.77785503601929, 0.0 ], [ -112.009256083472096, 54.777794666668143, 0.0 ], [ -112.009244697042305, 54.777784733804197, 0.0 ], [ -112.0092395937167, 54.777780281567011, 0.0 ], [ -112.009239377401499, 54.777764371342222, 0.0 ], [ -112.009238793373697, 54.77772136705449, 0.0 ], [ -112.009208613272804, 54.777596732890608, 0.0 ], [ -112.009186187217495, 54.777475824842327, 0.0 ], [ -112.009184240644103, 54.777397453131321, 0.0 ], [ -112.009178495841198, 54.777351745502777, 0.0 ], [ -112.009137904602994, 54.77725623931962, 0.0 ], [ -112.009126469968393, 54.77717592456429, 0.0 ], [ -112.009104976547107, 54.777136798171043, 0.0 ], [ -112.009097583706904, 54.777091706469022, 0.0 ], [ -112.009071302552499, 54.776997327746948, 0.0 ], [ -112.009043375363007, 54.776930700362612, 0.0 ], [ -112.009039261406798, 54.776910343350302, 0.0 ], [ -112.009024519029694, 54.776895057808503, 0.0 ], [ -112.009019061712394, 54.776866131914169, 0.0 ], [ -112.009020005207503, 54.776851036417867, 0.0 ], [ -112.009003629843306, 54.77681677545938, 0.0 ], [ -112.008936033806805, 54.77683326739843, 0.0 ], [ -112.008938682686903, 54.7767853842278, 0.0 ], [ -112.008909474573997, 54.776675632775103, 0.0 ], [ -112.008894774867102, 54.776588338674713, 0.0 ], [ -112.008891181873594, 54.776577574502049, 0.0 ], [ -112.008851679763595, 54.776455938299343, 0.0 ], [ -112.008792992678806, 54.776325033003879, 0.0 ], [ -112.008727712863404, 54.776165878907193, 0.0 ], [ -112.008692768407599, 54.776080681004473, 0.0 ], [ -112.008702061597702, 54.776078412567259, 0.0 ], [ -112.008778157559703, 54.776059843224523, 0.0 ], [ -112.008744164891993, 54.776006467816167, 0.0 ], [ -112.008738539038404, 54.775987413654313, 0.0 ], [ -112.008731884968299, 54.775910643688142, 0.0 ], [ -112.008710428642502, 54.775835630246981, 0.0 ], [ -112.008703160152606, 54.775819836513143, 0.0 ], [ -112.0086816492107, 54.775799735562337, 0.0 ], [ -112.008664943338502, 54.775759845754187, 0.0 ], [ -112.008655147104605, 54.775688755591531, 0.0 ], [ -112.0086355279917, 54.77561941799754, 0.0 ], [ -112.008628608997597, 54.775573608491563, 0.0 ], [ -112.008613234401295, 54.775548161542339, 0.0 ], [ -112.008609750687299, 54.775528334543111, 0.0 ], [ -112.008591630130695, 54.775499176173739, 0.0 ], [ -112.008587646788001, 54.775482743943712, 0.0 ], [ -112.008577097154898, 54.77543934619586, 0.0 ], [ -112.008542894485998, 54.775395777586617, 0.0 ], [ -112.008531832382005, 54.775374279479813, 0.0 ], [ -112.008524465529504, 54.77533750733479, 0.0 ], [ -112.008510628775298, 54.775306386841443, 0.0 ], [ -112.008485271126602, 54.775216158286902, 0.0 ], [ -112.008414217203693, 54.775109483533242, 0.0 ], [ -112.008372846049596, 54.774979482917473, 0.0 ], [ -112.008330542651805, 54.774881280763367, 0.0 ], [ -112.008323782945197, 54.774854409392397, 0.0 ], [ -112.008326087838697, 54.774769054914238, 0.0 ], [ -112.008335669042495, 54.774707157668523, 0.0 ], [ -112.008324247700202, 54.774621635321473, 0.0 ], [ -112.008323332499799, 54.774548280925238, 0.0 ], [ -112.008309345509403, 54.774475800178273, 0.0 ], [ -112.008305694789001, 54.774423686136657, 0.0 ], [ -112.0083093494829, 54.774390631759687, 0.0 ], [ -112.008337759526995, 54.774270950203821, 0.0 ], [ -112.008346967237998, 54.774129434693172, 0.0 ], [ -112.008344939500802, 54.77405176157999, 0.0 ], [ -112.008373772244695, 54.773985996031037, 0.0 ], [ -112.008374002357698, 54.773914828566433, 0.0 ], [ -112.008380806355405, 54.77386818033483, 0.0 ], [ -112.008383118480495, 54.773817845947669, 0.0 ], [ -112.008388621464206, 54.773697882361589, 0.0 ], [ -112.008397948473103, 54.773601287209281, 0.0 ], [ -112.00838894268, 54.773509834160549, 0.0 ], [ -112.008401388992397, 54.77344600275061, 0.0 ], [ -112.008421579741196, 54.773376532261011, 0.0 ], [ -112.008451765472103, 54.77330718431454, 0.0 ], [ -112.008470821595694, 54.773278781495137, 0.0 ], [ -112.008498929057893, 54.773253167270248, 0.0 ], [ -112.008540063902004, 54.773232963601998, 0.0 ], [ -112.008576918961097, 54.773211090166193, 0.0 ], [ -112.008585679941703, 54.773194001934513, 0.0 ], [ -112.008623218081695, 54.773171515730439, 0.0 ], [ -112.008674627491899, 54.7730793769542, 0.0 ], [ -112.008709198075607, 54.773042546886337, 0.0 ], [ -112.008724333712905, 54.772987460565183, 0.0 ], [ -112.008722558988097, 54.772859909536542, 0.0 ], [ -112.008532983740594, 54.772510130909232, 0.0 ], [ -112.008237733943304, 54.772223573328802, 0.0 ], [ -112.007590173913499, 54.771688291826813, 0.0 ], [ -112.006886528878894, 54.771152410540623, 0.0 ], [ -112.006503353161406, 54.770923674816757, 0.0 ], [ -112.006063132760303, 54.770725734428439, 0.0 ], [ -112.004390003440705, 54.770190676705653, 0.0 ], [ -112.004088139055995, 54.770014931293353, 0.0 ], [ -112.003411001163599, 54.769511902147222, 0.0 ], [ -112.003474440214504, 54.769467384584289, 0.0 ], [ -112.003444370565006, 54.769443797038903, 0.0 ], [ -112.003383921884804, 54.769386923626698, 0.0 ], [ -112.003246048013494, 54.769292166166807, 0.0 ], [ -112.003214024812195, 54.769245755346432, 0.0 ], [ -112.003207763046504, 54.769245672487038, 0.0 ], [ -112.003177809918199, 54.769219251793068, 0.0 ], [ -112.003153503207699, 54.76919094873697, 0.0 ], [ -112.003100579592399, 54.769109327633373, 0.0 ], [ -112.003077608503006, 54.769080005229313, 0.0 ], [ -112.002948470519101, 54.768975902270313, 0.0 ], [ -112.002784419690101, 54.768789392816721, 0.0 ], [ -112.002636147476295, 54.768655253300963, 0.0 ], [ -112.002610185613406, 54.768623867262079, 0.0 ], [ -112.002568790505293, 54.768537441010523, 0.0 ], [ -112.0025370296364, 54.768498878764028, 0.0 ], [ -112.002375865556701, 54.768474025924831, 0.0 ], [ -112.002202560422106, 54.768561529359893, 0.0 ], [ -112.001854921191807, 54.768505942824177, 0.0 ], [ -112.001504851276195, 54.768438459307788, 0.0 ], [ -112.001287433329495, 54.768408166755783, 0.0 ], [ -112.000726460918798, 54.768313174706208, 0.0 ], [ -112.000409777551099, 54.768263738555667, 0.0 ], [ -111.999371985685698, 54.768206363023481, 0.0 ], [ -111.996305571285106, 54.768238813833911, 0.0 ], [ -111.996305952974296, 54.768251082792247, 0.0 ], [ -111.996293176188104, 54.768250749077048, 0.0 ], [ -111.996237049897303, 54.768258676476577, 0.0 ], [ -111.996062285044502, 54.768267936042378, 0.0 ], [ -111.995831823909597, 54.768297616692053, 0.0 ], [ -111.995766356015096, 54.768304385908337, 0.0 ], [ -111.995703542157301, 54.768304125113019, 0.0 ], [ -111.995658486390795, 54.768309421419637, 0.0 ], [ -111.995626844869307, 54.768309013999179, 0.0 ], [ -111.995433197066902, 54.768318838978352, 0.0 ], [ -111.995294469062202, 54.768332624512027, 0.0 ], [ -111.995185352798899, 54.76833286161478, 0.0 ], [ -111.995132643092603, 54.768341304041819, 0.0 ], [ -111.995061559847599, 54.768347852718946, 0.0 ], [ -111.994014925757099, 54.76847067231531, 0.0 ], [ -111.993948710176198, 54.768482080266622, 0.0 ], [ -111.993819494647596, 54.768510219610953, 0.0 ], [ -111.993729225190705, 54.76852143831438, 0.0 ], [ -111.993637862758703, 54.768529439491182, 0.0 ], [ -111.993481227507402, 54.768538969632232, 0.0 ], [ -111.993475664788093, 54.768539782370617, 0.0 ], [ -111.993367780758703, 54.768555627789667, 0.0 ], [ -111.993201920100702, 54.768563377178467, 0.0 ], [ -111.992972071610893, 54.768582317395861, 0.0 ], [ -111.992695900631702, 54.768613127429639, 0.0 ], [ -111.992479039122301, 54.768629794021372, 0.0 ], [ -111.992413511535702, 54.768636639108948, 0.0 ], [ -111.992113440725205, 54.768685794523662, 0.0 ], [ -111.991821376975295, 54.768724337424231, 0.0 ], [ -111.991692174509197, 54.768751598784789, 0.0 ], [ -111.991578803703504, 54.768765601987987, 0.0 ], [ -111.991295898274402, 54.768809471731913, 0.0 ], [ -111.991168050205403, 54.768843813359389, 0.0 ], [ -111.991063796271504, 54.768864024647762, 0.0 ], [ -111.990975746117201, 54.768884740647067, 0.0 ], [ -111.990951648300197, 54.768890420582068, 0.0 ], [ -111.990839661584005, 54.768910621400281, 0.0 ], [ -111.990686000303498, 54.768949242577023, 0.0 ], [ -111.990588706375704, 54.768982769942383, 0.0 ], [ -111.990488335160407, 54.769026957574567, 0.0 ], [ -111.990388324352594, 54.769063106684541, 0.0 ], [ -111.990261941996494, 54.76910098353239, 0.0 ], [ -111.990138780409595, 54.76913445286656, 0.0 ], [ -111.989892019858104, 54.769218180257347, 0.0 ], [ -111.989765745124899, 54.769251642964711, 0.0 ], [ -111.989697314129401, 54.769263938924638, 0.0 ], [ -111.989679895095804, 54.769278949892687, 0.0 ], [ -111.989615636263395, 54.769309841248202, 0.0 ], [ -111.989554675915898, 54.769346693309068, 0.0 ], [ -111.989513342422597, 54.769371692341373, 0.0 ], [ -111.989513328066806, 54.769331685282907, 0.0 ], [ -111.989479994103107, 54.769346695801147, 0.0 ], [ -111.989268219946297, 54.769441481700937, 0.0 ], [ -111.989029370637695, 54.769618184113263, 0.0 ], [ -111.988983831378107, 54.769654864909562, 0.0 ], [ -111.988909143272593, 54.769731036959023, 0.0 ], [ -111.988738832802994, 54.769920341002873, 0.0 ], [ -111.988637071610697, 54.770012453178587, 0.0 ], [ -111.988542474141695, 54.77008145735153, 0.0 ], [ -111.988438270520504, 54.770144652478471, 0.0 ], [ -111.988315155254298, 54.770201084165038, 0.0 ], [ -111.988312984848093, 54.770198888643037, 0.0 ], [ -111.988312962907898, 54.770150209771252, 0.0 ], [ -111.988269968605394, 54.770165403582297, 0.0 ], [ -111.988178296221506, 54.770195443056338, 0.0 ], [ -111.988148440799193, 54.770211359056233, 0.0 ], [ -111.988068199085603, 54.770278282070812, 0.0 ], [ -111.988030630670394, 54.770294986786979, 0.0 ], [ -111.988000442977594, 54.770315579739588, 0.0 ], [ -111.9878881890413, 54.77037426778957, 0.0 ], [ -111.987850912926305, 54.770404616304504, 0.0 ], [ -111.987818440322002, 54.770437107046611, 0.0 ], [ -111.987800235440403, 54.770471669400429, 0.0 ], [ -111.987727636695197, 54.770534544817359, 0.0 ], [ -111.987701973792099, 54.770574626138163, 0.0 ], [ -111.987662177017199, 54.770619203346072, 0.0 ], [ -111.987620296304101, 54.770781780906198, 0.0 ], [ -111.987594946299396, 54.770836063332659, 0.0 ], [ -111.9875888757594, 54.770866862602396, 0.0 ], [ -111.987588018463299, 54.770949742872439, 0.0 ], [ -111.987594986445501, 54.771006492463087, 0.0 ], [ -111.987581008055301, 54.771060138258939, 0.0 ], [ -111.987580257019701, 54.771077353090618, 0.0 ], [ -111.987580247578293, 54.771153014742481, 0.0 ], [ -111.987591682369597, 54.771197166088861, 0.0 ], [ -111.987586052180703, 54.771242547420712, 0.0 ], [ -111.987609664536905, 54.771406230934652, 0.0 ], [ -111.987630463128696, 54.77144538917026, 0.0 ], [ -111.987641961311994, 54.771517774075683, 0.0 ], [ -111.987663090385695, 54.771568579422677, 0.0 ], [ -111.987681282473403, 54.771595736247171, 0.0 ], [ -111.987724789047505, 54.771631428345863, 0.0 ], [ -111.987748246043196, 54.771661828100989, 0.0 ], [ -111.987784162308103, 54.771698123067438, 0.0 ], [ -111.987821775932503, 54.771724584222767, 0.0 ], [ -111.987847233786496, 54.771759880823772, 0.0 ], [ -111.987938891936295, 54.771801023808173, 0.0 ], [ -111.987969088892697, 54.771820060929443, 0.0 ], [ -111.988020362208502, 54.771864085947847, 0.0 ], [ -111.988020172142996, 54.77183378769471, 0.0 ], [ -111.988088151818602, 54.771869692016843, 0.0 ], [ -111.988201382376303, 54.771934557787958, 0.0 ], [ -111.988267528975001, 54.771994099016908, 0.0 ], [ -111.988336398718602, 54.772033084342581, 0.0 ], [ -111.988578790170294, 54.772150782439176, 0.0 ], [ -111.988749409992494, 54.772227915422761, 0.0 ], [ -111.988746926485305, 54.772281129130143, 0.0 ], [ -111.988670016152597, 54.772454291274506, 0.0 ], [ -111.988670004165499, 54.772454326954801, 0.0 ], [ -111.988587535169003, 54.772639991846788, 0.0 ], [ -111.988590848259804, 54.773023216144978, 0.0 ], [ -111.988567416098107, 54.773045354145133, 0.0 ], [ -111.988086650468404, 54.773223577493923, 0.0 ], [ -111.988024115923494, 54.773228496093267, 0.0 ], [ -111.987997789470896, 54.773230565465113, 0.0 ], [ -111.987358280627703, 54.773185973302773, 0.0 ], [ -111.986779571040401, 54.773124104087387, 0.0 ], [ -111.985131058949193, 54.773150462503551, 0.0 ], [ -111.984182113122998, 54.773153841866552, 0.0 ], [ -111.982753418010503, 54.773132125637588, 0.0 ], [ -111.981873549655504, 54.773082550177442, 0.0 ], [ -111.981047550368302, 54.773173038062808, 0.0 ], [ -111.980783105233201, 54.77319901985188, 0.0 ], [ -111.980576143405997, 54.773263315067062, 0.0 ], [ -111.979616577322403, 54.773442364181093, 0.0 ], [ -111.979080132722203, 54.773627139478883, 0.0 ], [ -111.978724731736506, 54.77366179454765, 0.0 ], [ -111.977412108291205, 54.77385504122504, 0.0 ], [ -111.9769638612037, 54.773987079577957, 0.0 ], [ -111.976267087395698, 54.77415249844443, 0.0 ], [ -111.976071554840601, 54.774190974429892, 0.0 ], [ -111.974756637821699, 54.774449727326022, 0.0 ], [ -111.9746011853602, 54.774533560585922, 0.0 ], [ -111.974563706405604, 54.774610664572208, 0.0 ], [ -111.974537962801705, 54.774579658231183, 0.0 ], [ -111.974296937611797, 54.77456893264312, 0.0 ], [ -111.973562722654805, 54.774722226786508, 0.0 ], [ -111.971560581733698, 54.775307066307732, 0.0 ], [ -111.971177801413205, 54.775460675464892, 0.0 ], [ -111.970555406391099, 54.775674463761312, 0.0 ], [ -111.969839242261202, 54.775848584727562, 0.0 ], [ -111.968194163739099, 54.776439024599881, 0.0 ], [ -111.967860928446797, 54.776601907449319, 0.0 ], [ -111.967164453280901, 54.776942360770832, 0.0 ], [ -111.966569841530799, 54.777233017216282, 0.0 ], [ -111.966127502552098, 54.777551358077552, 0.0 ], [ -111.966127566494094, 54.777736805238938, 0.0 ], [ -111.966177545997994, 54.777767557394426, 0.0 ], [ -111.966064787619899, 54.777838518664389, 0.0 ], [ -111.966064888410202, 54.777884079586663, 0.0 ], [ -111.966093495286202, 54.777936172549033, 0.0 ], [ -111.966075054830895, 54.778023002427517, 0.0 ], [ -111.966103742130102, 54.778061309621222, 0.0 ], [ -111.966141334977493, 54.778098928541432, 0.0 ], [ -111.966128142223795, 54.778159096737177, 0.0 ], [ -111.966136733375805, 54.778172202770712, 0.0 ], [ -111.966216392319595, 54.778380655966529, 0.0 ], [ -111.966227460279597, 54.778391878453483, 0.0 ], [ -111.966275113547496, 54.778511224611947, 0.0 ], [ -111.966293179719102, 54.778571302638788, 0.0 ], [ -111.9663321557736, 54.778625136435828, 0.0 ], [ -111.966340985621002, 54.778630009400423, 0.0 ], [ -111.966433218618505, 54.778680870242773, 0.0 ], [ -111.966539864605707, 54.778733512825319, 0.0 ], [ -111.966683130836898, 54.77881107815935, 0.0 ], [ -111.966728718665394, 54.778836477235828, 0.0 ], [ -111.966842135985999, 54.778917793659538, 0.0 ], [ -111.966964880978793, 54.778982818534963, 0.0 ], [ -111.967134905875298, 54.779085797772183, 0.0 ], [ -111.9672671267586, 54.779161672092627, 0.0 ], [ -111.967349100054605, 54.779199081399888, 0.0 ], [ -111.967436991135102, 54.779232087441699, 0.0 ], [ -111.967509659403106, 54.77924956396069, 0.0 ], [ -111.967578453376603, 54.779269966592032, 0.0 ], [ -111.967729562491201, 54.779356684512472, 0.0 ], [ -111.967751795101506, 54.779368461355872, 0.0 ], [ -111.967830428049794, 54.779400345059457, 0.0 ], [ -111.967868678597199, 54.779425682485062, 0.0 ], [ -111.968020795606904, 54.779526453156762, 0.0 ], [ -111.968141304107505, 54.779646576409547, 0.0 ], [ -111.9682799184788, 54.779835386897552, 0.0 ], [ -111.968342119628204, 54.780109089152262, 0.0 ], [ -111.968325115891204, 54.780281194895963, 0.0 ], [ -111.968280646169902, 54.780382017223289, 0.0 ], [ -111.968045945038696, 54.780688879260097, 0.0 ], [ -111.967991009084201, 54.780824142539167, 0.0 ], [ -111.9677207777695, 54.781260793728137, 0.0 ], [ -111.967485023285903, 54.781515527410512, 0.0 ], [ -111.967220476124297, 54.781724773506923, 0.0 ], [ -111.966863380046703, 54.78191152327981, 0.0 ], [ -111.966483580656202, 54.782077990536372, 0.0 ], [ -111.966021012795096, 54.78219771638792, 0.0 ], [ -111.965750980156201, 54.782226926290981, 0.0 ], [ -111.964852572468402, 54.782269475132303, 0.0 ], [ -111.964558431683599, 54.782255305120273, 0.0 ], [ -111.9645250198528, 54.782249760748833, 0.0 ], [ -111.964412757081007, 54.782221825150643, 0.0 ], [ -111.964342340892998, 54.782202485581983, 0.0 ], [ -111.964265807762004, 54.782161362648431, 0.0 ], [ -111.964219434576904, 54.782104891956926, 0.0 ], [ -111.964190787772395, 54.782040476820868, 0.0 ], [ -111.964149888988402, 54.781893523781783, 0.0 ], [ -111.964142731463795, 54.781811926573702, 0.0 ], [ -111.964163618616496, 54.781735284315943, 0.0 ], [ -111.964198553481907, 54.781659949068477, 0.0 ], [ -111.964238705309896, 54.781592451005039, 0.0 ], [ -111.964273292698905, 54.781524238832368, 0.0 ], [ -111.964291407472004, 54.781366864709149, 0.0 ], [ -111.964300549627495, 54.781336061472551, 0.0 ], [ -111.964319398402296, 54.781307158104823, 0.0 ], [ -111.964384012899302, 54.781269532820041, 0.0 ], [ -111.964469831303106, 54.781247359551827, 0.0 ], [ -111.964560036358293, 54.781236046375511, 0.0 ], [ -111.964648772934297, 54.781241813032111, 0.0 ], [ -111.964743087639206, 54.781268872720432, 0.0 ], [ -111.964875094401506, 54.781295914515283, 0.0 ], [ -111.964978853267297, 54.781328401235477, 0.0 ], [ -111.965035419690594, 54.781339207756503, 0.0 ], [ -111.965128320499701, 54.781337586735198, 0.0 ], [ -111.965214289621699, 54.781317385627403, 0.0 ], [ -111.965240070407503, 54.78130248031453, 0.0 ], [ -111.965401982670798, 54.781165308886898, 0.0 ], [ -111.965439315498699, 54.781089313773478, 0.0 ], [ -111.965580230550302, 54.781007823569603, 0.0 ], [ -111.965623867441806, 54.780973090481133, 0.0 ], [ -111.965733676545696, 54.780870422711423, 0.0 ], [ -111.965795922270601, 54.780801472287187, 0.0 ], [ -111.9658301706651, 54.780748353999471, 0.0 ], [ -111.965851923281406, 54.780692906363242, 0.0 ], [ -111.965851607616301, 54.780622363958017, 0.0 ], [ -111.965945269336402, 54.780508344566073, 0.0 ], [ -111.965964572977498, 54.780443644068527, 0.0 ], [ -111.965963507549503, 54.780378100968242, 0.0 ], [ -111.965934625692, 54.780242458677009, 0.0 ], [ -111.965896211460603, 54.780085126642781, 0.0 ], [ -111.965868217842498, 54.780024666074283, 0.0 ], [ -111.965765695137193, 54.77987707333731, 0.0 ], [ -111.9656876444011, 54.779792251828333, 0.0 ], [ -111.965591491570805, 54.779714992203047, 0.0 ], [ -111.965470356366197, 54.779651327541153, 0.0 ], [ -111.965381979275307, 54.779618503080819, 0.0 ], [ -111.965343769856602, 54.77957930165136, 0.0 ], [ -111.964974728915195, 54.779399015571961, 0.0 ], [ -111.964855525844399, 54.77936636425737, 0.0 ], [ -111.964766432959294, 54.779333429666138, 0.0 ], [ -111.964592737861096, 54.779293813655627, 0.0 ], [ -111.964587638428895, 54.779292984389343, 0.0 ], [ -111.964480679456699, 54.779275591868142, 0.0 ], [ -111.964366569617098, 54.779272263987941, 0.0 ], [ -111.964112388270607, 54.779299567948449, 0.0 ], [ -111.963989962766505, 54.779305080898531, 0.0 ], [ -111.963876122730198, 54.779319139531573, 0.0 ], [ -111.963764054398894, 54.779337793689272, 0.0 ], [ -111.9636490804196, 54.779362014563667, 0.0 ], [ -111.963538246461098, 54.779392221485239, 0.0 ], [ -111.963348562284295, 54.779462410121461, 0.0 ], [ -111.963476241658995, 54.77951501385197, 0.0 ], [ -111.963522154263302, 54.779533927300712, 0.0 ], [ -111.963990938461293, 54.779633464875879, 0.0 ], [ -111.964166287282595, 54.779706459741178, 0.0 ], [ -111.964112393699295, 54.779848193938427, 0.0 ], [ -111.963981834936007, 54.779877009633758, 0.0 ], [ -111.963844001737996, 54.779866647017393, 0.0 ], [ -111.963609699447801, 54.779821441590791, 0.0 ], [ -111.963484176816607, 54.779774966977897, 0.0 ], [ -111.963476368674904, 54.779772864541798, 0.0 ], [ -111.963163556364094, 54.779688666338188, 0.0 ], [ -111.962739586773097, 54.779574535760851, 0.0 ], [ -111.962691354134094, 54.779571871951482, 0.0 ], [ -111.962601815379799, 54.779582455642142, 0.0 ], [ -111.962512464339397, 54.779588274145638, 0.0 ], [ -111.962425955007902, 54.779575664639943, 0.0 ], [ -111.962342774324398, 54.779555833984787, 0.0 ], [ -111.962135283373996, 54.77949628105759, 0.0 ], [ -111.961975109779104, 54.779485538125343, 0.0 ], [ -111.961898551349606, 54.779465180540683, 0.0 ], [ -111.961738282397405, 54.779413394428737, 0.0 ], [ -111.961654395948202, 54.779382652265653, 0.0 ], [ -111.961484510867393, 54.779306806236022, 0.0 ], [ -111.961406214131102, 54.779275216399888, 0.0 ], [ -111.9613960028354, 54.779271734083608, 0.0 ], [ -111.960941815603505, 54.779258156425243, 0.0 ], [ -111.960435499206795, 54.779225130588443, 0.0 ], [ -111.960341619844399, 54.779226808863037, 0.0 ], [ -111.959876654137901, 54.779235124085623, 0.0 ], [ -111.959509524603405, 54.779291304261307, 0.0 ], [ -111.958823848931203, 54.779460857986827, 0.0 ], [ -111.958323462558397, 54.779549075267518, 0.0 ], [ -111.958115288120098, 54.779603141287957, 0.0 ], [ -111.9573179021302, 54.779908330858071, 0.0 ], [ -111.956231359757098, 54.780439908811303, 0.0 ], [ -111.955912462149996, 54.780595921348677, 0.0 ], [ -111.955512820417397, 54.78093716646211, 0.0 ], [ -111.955153619390401, 54.781302347029794, 0.0 ], [ -111.954973116694404, 54.78139169066786, 0.0 ], [ -111.954855699546002, 54.781567667175892, 0.0 ], [ -111.954864828049807, 54.781700371616708, 0.0 ], [ -111.954960517780094, 54.781931398143243, 0.0 ], [ -111.955031284620603, 54.782548500556551, 0.0 ], [ -111.955134918842006, 54.78285256556974, 0.0 ], [ -111.955025155697101, 54.782992515961297, 0.0 ], [ -111.954983576726605, 54.783147583586732, 0.0 ], [ -111.955014682120193, 54.783310230738159, 0.0 ], [ -111.955136988666993, 54.783429300650837, 0.0 ], [ -111.955251342302603, 54.783755883758829, 0.0 ], [ -111.955222235568002, 54.783866841296742, 0.0 ], [ -111.955227609083806, 54.783901638726157, 0.0 ], [ -111.955212202857993, 54.783945298313007, 0.0 ], [ -111.955196126545601, 54.783966367334479, 0.0 ], [ -111.955176673393893, 54.783991861430017, 0.0 ], [ -111.955167435795204, 54.784075700090867, 0.0 ], [ -111.955173221328906, 54.784368599656297, 0.0 ], [ -111.955232092900701, 54.784596545953313, 0.0 ], [ -111.955237658760893, 54.784618106368072, 0.0 ], [ -111.955541465837001, 54.785214342409432, 0.0 ], [ -111.9556179909995, 54.785634447905842, 0.0 ], [ -111.955636410279794, 54.785735611198227, 0.0 ], [ -111.9556313401024, 54.786090364569851, 0.0 ], [ -111.955528886120803, 54.786600582340391, 0.0 ], [ -111.955377294907393, 54.786883765816057, 0.0 ], [ -111.955154685740098, 54.787149667810063, 0.0 ], [ -111.954561202082502, 54.788133977180863, 0.0 ], [ -111.954343848730005, 54.788761037452367, 0.0 ], [ -111.954400170442895, 54.789115937975367, 0.0 ], [ -111.954367334556494, 54.789186849459647, 0.0 ], [ -111.954333265058807, 54.78926044001593, 0.0 ], [ -111.954133597693996, 54.789511702288543, 0.0 ], [ -111.953972092603493, 54.789811611492368, 0.0 ], [ -111.953647062420103, 54.790168477800208, 0.0 ], [ -111.952871828862598, 54.790854037278407, 0.0 ], [ -111.952675164777901, 54.791076543322227, 0.0 ], [ -111.952675099050794, 54.791076610029123, 0.0 ], [ -111.952520603767795, 54.791251406146017, 0.0 ], [ -111.952512649049197, 54.791257328816528, 0.0 ], [ -111.952512617773195, 54.791257351416327, 0.0 ], [ -111.952382194276495, 54.791354433804138, 0.0 ], [ -111.952028947374998, 54.79167449863769, 0.0 ], [ -111.952007511480602, 54.791693914249137, 0.0 ], [ -111.951453152873199, 54.792354350727578, 0.0 ], [ -111.951425357286993, 54.792452770468891, 0.0 ], [ -111.951392233024293, 54.792570292058393, 0.0 ], [ -111.951282489496506, 54.792658905926473, 0.0 ], [ -111.951196387540904, 54.792728483497257, 0.0 ], [ -111.951184708490402, 54.792748796430317, 0.0 ], [ -111.951015584926594, 54.793043046220248, 0.0 ], [ -111.950805532225402, 54.793672788491058, 0.0 ], [ -111.950580795463097, 54.79456769598459, 0.0 ], [ -111.950444100195995, 54.795111974828551, 0.0 ], [ -111.950349012015096, 54.795291579798267, 0.0 ], [ -111.950137317556994, 54.795549365773347, 0.0 ], [ -111.949963361584807, 54.795833724552892, 0.0 ], [ -111.949723580644005, 54.796417301781027, 0.0 ], [ -111.949476811686395, 54.797209562693091, 0.0 ], [ -111.949053979123306, 54.798273870787781, 0.0 ], [ -111.948893595997305, 54.79849294962743, 0.0 ], [ -111.948575563298505, 54.798927364500727, 0.0 ], [ -111.948265765407498, 54.799117511801533, 0.0 ], [ -111.947665517996398, 54.799535306663998, 0.0 ], [ -111.947297633407601, 54.799704865016373, 0.0 ], [ -111.947062386440095, 54.799760139566679, 0.0 ], [ -111.946199556276795, 54.799832972985769, 0.0 ], [ -111.945222033013906, 54.800037118433778, 0.0 ], [ -111.944585039049301, 54.800053648018988, 0.0 ], [ -111.944340450837203, 54.800011679619203, 0.0 ], [ -111.9441075106987, 54.799945479583243, 0.0 ], [ -111.943941010132093, 54.799854647125933, 0.0 ], [ -111.943357418569207, 54.799455320039307, 0.0 ], [ -111.943184597355597, 54.799374219425992, 0.0 ], [ -111.942770846314303, 54.79929089638847, 0.0 ], [ -111.942417444305903, 54.799246421395722, 0.0 ], [ -111.942111123141899, 54.799238724415623, 0.0 ], [ -111.9414958322904, 54.799264766078032, 0.0 ], [ -111.941344332087894, 54.799287553237583, 0.0 ], [ -111.939445799817307, 54.799573121108203, 0.0 ], [ -111.939141775840596, 54.799585825861691, 0.0 ], [ -111.938547489577203, 54.799546124871902, 0.0 ], [ -111.938351656507095, 54.799479130741737, 0.0 ], [ -111.938097032443807, 54.799493672973881, 0.0 ], [ -111.938054476253498, 54.799456326585641, 0.0 ], [ -111.938075920313693, 54.799411576568708, 0.0 ], [ -111.937997420438904, 54.799366986661703, 0.0 ], [ -111.937997387543305, 54.799366968741182, 0.0 ], [ -111.937903752459903, 54.799313789857017, 0.0 ], [ -111.937684320477501, 54.79913480827922, 0.0 ], [ -111.937684144401999, 54.799134666214449, 0.0 ], [ -111.937363086078605, 54.798872780871683, 0.0 ], [ -111.937187942288503, 54.798838109684013, 0.0 ], [ -111.936418980699699, 54.798685886332187, 0.0 ], [ -111.935440027724894, 54.798528799547199, 0.0 ], [ -111.935007677943801, 54.798494783789273, 0.0 ], [ -111.934890324639397, 54.79848556505906, 0.0 ], [ -111.934361565237097, 54.79842231384545, 0.0 ], [ -111.934195217581305, 54.798334162680952, 0.0 ], [ -111.933982924506594, 54.798276392766873, 0.0 ], [ -111.933752215758503, 54.798324640701537, 0.0 ], [ -111.933688623433895, 54.798355358345653, 0.0 ], [ -111.933638389172899, 54.798344768598383, 0.0 ], [ -111.933154502268195, 54.798430317292279, 0.0 ], [ -111.933148688322305, 54.798433983064157, 0.0 ], [ -111.933374145186306, 54.798481508785123, 0.0 ], [ -111.933345896866797, 54.798496127491987, 0.0 ], [ -111.932591685133701, 54.79888713146272, 0.0 ], [ -111.932211313354003, 54.799084310269073, 0.0 ], [ -111.932013517161494, 54.799153310833901, 0.0 ], [ -111.930748028472493, 54.800107367653993, 0.0 ], [ -111.9304029515868, 54.800452497801068, 0.0 ], [ -111.930123277302499, 54.800665515415467, 0.0 ], [ -111.929294761774798, 54.801470599350147, 0.0 ], [ -111.928625690695895, 54.802194027451421, 0.0 ], [ -111.928243136580406, 54.802527554652443, 0.0 ], [ -111.927962794766501, 54.802911779115519, 0.0 ], [ -111.927960249298593, 54.802915262115867, 0.0 ], [ -111.927632191393997, 54.803275325311603, 0.0 ], [ -111.927446211477104, 54.80352698021003, 0.0 ], [ -111.927108798809996, 54.803884944947519, 0.0 ], [ -111.9266204714406, 54.804529267536758, 0.0 ], [ -111.926185916951496, 54.805017384873089, 0.0 ], [ -111.925648956741398, 54.805730226361703, 0.0 ], [ -111.925648394141405, 54.805730970347227, 0.0 ], [ -111.925222158386106, 54.806296815812679, 0.0 ], [ -111.9251133454799, 54.806578894864238, 0.0 ], [ -111.925109423714702, 54.80658906821327, 0.0 ], [ -111.925102445819803, 54.806607163012679, 0.0 ], [ -111.924948819799695, 54.80743748469704, 0.0 ], [ -111.924983288858996, 54.807781802566481, 0.0 ], [ -111.925112815416497, 54.808045242130852, 0.0 ], [ -111.925115895917102, 54.808051507665532, 0.0 ], [ -111.925120482965497, 54.808060837203122, 0.0 ], [ -111.925123703562505, 54.808067369833353, 0.0 ], [ -111.925331490112299, 54.808329978213031, 0.0 ], [ -111.925431079037807, 54.808427712563613, 0.0 ], [ -111.926764349661894, 54.809736068099788, 0.0 ], [ -111.927005087631997, 54.810160238216064, 0.0 ], [ -111.928844844400302, 54.812368053713563, 0.0 ], [ -111.929112856945594, 54.812689662109818, 0.0 ], [ -111.929373673372297, 54.812967534711127, 0.0 ], [ -111.929375118051794, 54.812969060802629, 0.0 ], [ -111.929903299197093, 54.813531684419253, 0.0 ], [ -111.930163522242594, 54.813708465641383, 0.0 ], [ -111.931015479901205, 54.814410357391118, 0.0 ], [ -111.931006447603096, 54.814438116507233, 0.0 ], [ -111.930974141226201, 54.814537482033941, 0.0 ], [ -111.931242894288005, 54.814767414528617, 0.0 ], [ -111.931538129538396, 54.814970304883161, 0.0 ], [ -111.931895792850796, 54.815133558668506, 0.0 ], [ -111.932036933845495, 54.815164902892981, 0.0 ], [ -111.932165423895597, 54.815166775342803, 0.0 ], [ -111.932419173241996, 54.815199010439343, 0.0 ], [ -111.932326728328107, 54.815326447413113, 0.0 ], [ -111.932295733952103, 54.815408341996459, 0.0 ], [ -111.932541451774398, 54.815506739592003, 0.0 ], [ -111.932619313082, 54.815587945284278, 0.0 ], [ -111.932583873593103, 54.815730592327768, 0.0 ], [ -111.932528071480803, 54.815780405300593, 0.0 ], [ -111.932465789443498, 54.815927011000127, 0.0 ], [ -111.932379733271503, 54.816291983148403, 0.0 ], [ -111.932193080997607, 54.81670650118226, 0.0 ], [ -111.931957690027502, 54.816948791883, 0.0 ], [ -111.931392278249206, 54.817366279346437, 0.0 ], [ -111.931066398945603, 54.817552725713448, 0.0 ], [ -111.930527738594805, 54.817807175954613, 0.0 ], [ -111.929552042709702, 54.818184260812039, 0.0 ], [ -111.9284138451236, 54.818483913581723, 0.0 ], [ -111.927410787561996, 54.818647237214122, 0.0 ], [ -111.926528401054796, 54.818696935900071, 0.0 ], [ -111.925909342229701, 54.818689046264403, 0.0 ], [ -111.925361871520806, 54.818632325831892, 0.0 ], [ -111.925138505747697, 54.818587537133922, 0.0 ], [ -111.925137501659407, 54.818587324588179, 0.0 ], [ -111.924899359299502, 54.818539583837541, 0.0 ], [ -111.924540434423506, 54.818434224592423, 0.0 ], [ -111.923845474379704, 54.818230206076997, 0.0 ], [ -111.922875426245199, 54.817881604898673, 0.0 ], [ -111.922643324781205, 54.817768092903343, 0.0 ], [ -111.922360315100093, 54.817648658122422, 0.0 ], [ -111.921531047468903, 54.817378876575262, 0.0 ], [ -111.919405086722705, 54.816278723230027, 0.0 ], [ -111.918530776164204, 54.815638847583642, 0.0 ], [ -111.918011594981607, 54.815377322630987, 0.0 ], [ -111.917426905717903, 54.815156402509672, 0.0 ], [ -111.916892731758395, 54.81488522517467, 0.0 ], [ -111.916619025149103, 54.814674183688133, 0.0 ], [ -111.916418773437201, 54.814389188711097, 0.0 ], [ -111.915784053951199, 54.813980320852941, 0.0 ], [ -111.914710999717002, 54.813429997085677, 0.0 ], [ -111.914153162978906, 54.81319659256642, 0.0 ], [ -111.9137361691526, 54.812973814492473, 0.0 ], [ -111.913727971154799, 54.812969422431031, 0.0 ], [ -111.913438843103094, 54.812814967568137, 0.0 ], [ -111.912874465786999, 54.812577820480087, 0.0 ], [ -111.9125527808595, 54.81240833650908, 0.0 ], [ -111.912542868919601, 54.812403101100479, 0.0 ], [ -111.912529540126599, 54.812396089497277, 0.0 ], [ -111.912239521593307, 54.812289441817747, 0.0 ], [ -111.912229473820503, 54.812285741914657, 0.0 ], [ -111.912133922798901, 54.812250612354788, 0.0 ], [ -111.911000138409307, 54.811952570506747, 0.0 ], [ -111.909944572264607, 54.811796095988299, 0.0 ], [ -111.907551413193104, 54.811682667843662, 0.0 ], [ -111.907033224231299, 54.811693043674403, 0.0 ], [ -111.907033075563405, 54.811693032686811, 0.0 ], [ -111.9061467174634, 54.811650249264638, 0.0 ], [ -111.906146559126697, 54.811650242526639, 0.0 ], [ -111.905398496104695, 54.811649268670337, 0.0 ], [ -111.905398349403896, 54.811649252334128, 0.0 ], [ -111.905124506370399, 54.811619296781949, 0.0 ], [ -111.904883965253205, 54.811610343220387, 0.0 ], [ -111.904883810300305, 54.811610332969209, 0.0 ], [ -111.904874662877504, 54.81160999965693, 0.0 ], [ -111.904536306383704, 54.811619586526731, 0.0 ], [ -111.904201382088601, 54.811632552136913, 0.0 ], [ -111.903691492894097, 54.811706289115648, 0.0 ], [ -111.901926001681801, 54.811833985647773, 0.0 ], [ -111.901281801126302, 54.811816968560272, 0.0 ], [ -111.900766230118805, 54.8117456144345, 0.0 ], [ -111.900030872539304, 54.811591898683297, 0.0 ], [ -111.899678469387794, 54.811473846595291, 0.0 ], [ -111.899667720032696, 54.811470234733079, 0.0 ], [ -111.899182080594798, 54.811307560916099, 0.0 ], [ -111.898245941346701, 54.811099884632327, 0.0 ], [ -111.898069892901802, 54.811016273788709, 0.0 ], [ -111.897617151907198, 54.810701154988372, 0.0 ], [ -111.897429968065893, 54.810620837292149, 0.0 ], [ -111.896993748218406, 54.810497520513842, 0.0 ], [ -111.896556304451295, 54.810351621911209, 0.0 ], [ -111.895685874984196, 54.810099058362397, 0.0 ], [ -111.895330140501997, 54.809930789322543, 0.0 ], [ -111.894574217245307, 54.809397698861027, 0.0 ], [ -111.894244490259794, 54.809014335668877, 0.0 ], [ -111.894003259137705, 54.808566595304299, 0.0 ], [ -111.893896433125803, 54.808436962096437, 0.0 ], [ -111.893743480748299, 54.808337159282821, 0.0 ], [ -111.893550605661304, 54.80831436473472, 0.0 ], [ -111.893463271460504, 54.808323333943022, 0.0 ], [ -111.893373815447603, 54.808453806392933, 0.0 ], [ -111.893251648572502, 54.808572050684013, 0.0 ], [ -111.893072195259705, 54.808652885002189, 0.0 ], [ -111.892815237850002, 54.808637386363493, 0.0 ], [ -111.892784228058602, 54.808614941420061, 0.0 ], [ -111.892737018480403, 54.80848935237313, 0.0 ], [ -111.892633596556195, 54.80847744750244, 0.0 ], [ -111.892562969938197, 54.808626119747487, 0.0 ], [ -111.892353226252297, 54.808594237183662, 0.0 ], [ -111.892121376170707, 54.808365216474307, 0.0 ], [ -111.892100951189605, 54.808367994060681, 0.0 ], [ -111.8920133421082, 54.808497900357239, 0.0 ], [ -111.891894340715893, 54.808504329803647, 0.0 ], [ -111.891780320062693, 54.808463970196037, 0.0 ], [ -111.891615318156397, 54.808367428484758, 0.0 ], [ -111.891478025765906, 54.808254604892078, 0.0 ], [ -111.891303301827094, 54.807982846734639, 0.0 ], [ -111.891151228802997, 54.807878188826443, 0.0 ], [ -111.890872716010506, 54.80785145658912, 0.0 ], [ -111.890441400929305, 54.807735060215201, 0.0 ], [ -111.890114126591598, 54.807821426980439, 0.0 ], [ -111.889754642757794, 54.807791825778239, 0.0 ], [ -111.889526395987303, 54.807843311847989, 0.0 ], [ -111.889458365529293, 54.807835548374207, 0.0 ], [ -111.889098477343097, 54.807706488819868, 0.0 ], [ -111.888935407561505, 54.807613697836182, 0.0 ], [ -111.888847106534598, 54.80747486493506, 0.0 ], [ -111.888831785634494, 54.807293803143821, 0.0 ], [ -111.889031357660997, 54.807039252875533, 0.0 ], [ -111.889043286191296, 54.806884912941563, 0.0 ], [ -111.888968312333205, 54.806841730471227, 0.0 ], [ -111.888829248025303, 54.806805771512813, 0.0 ], [ -111.888615947382206, 54.806857758023561, 0.0 ], [ -111.888453365208093, 54.806949821138957, 0.0 ], [ -111.8882522970287, 54.807016258876651, 0.0 ], [ -111.888083115005401, 54.807029898633033, 0.0 ], [ -111.887357808830501, 54.806993777926991, 0.0 ], [ -111.887116806618394, 54.806997927185293, 0.0 ], [ -111.887098502545399, 54.806998239837171, 0.0 ], [ -111.886803831103705, 54.807003321444242, 0.0 ], [ -111.886785694874106, 54.807003638358132, 0.0 ], [ -111.886347057156598, 54.807011201964009, 0.0 ], [ -111.886078651541098, 54.807017549009117, 0.0 ], [ -111.885848203566198, 54.806966935897243, 0.0 ], [ -111.885713578327199, 54.806841779192439, 0.0 ], [ -111.885623176152606, 54.806905568896433, 0.0 ], [ -111.885533281174901, 54.80693549816796, 0.0 ], [ -111.885406363414504, 54.806905433873297, 0.0 ], [ -111.885164004482903, 54.806944622193249, 0.0 ], [ -111.884997759851601, 54.806894838129672, 0.0 ], [ -111.884961157946606, 54.806870243415638, 0.0 ], [ -111.884877587761196, 54.806735710612209, 0.0 ], [ -111.884798172314802, 54.806414112307188, 0.0 ], [ -111.884719822122193, 54.80625910735408, 0.0 ], [ -111.884579784080998, 54.806152772117493, 0.0 ], [ -111.884030087968895, 54.805889077858872, 0.0 ], [ -111.883614219874701, 54.805753786763979, 0.0 ], [ -111.883605033551603, 54.805749125239309, 0.0 ], [ -111.8835597297889, 54.805726157553572, 0.0 ], [ -111.883425006595999, 54.805657824613668, 0.0 ], [ -111.882840433382199, 54.805430269717057, 0.0 ], [ -111.882746655398606, 54.805302219858611, 0.0 ], [ -111.882568600444898, 54.805206777034527, 0.0 ], [ -111.882358374454697, 54.805139442984029, 0.0 ], [ -111.882082298669403, 54.805165858945287, 0.0 ], [ -111.881823090201195, 54.805124517710532, 0.0 ], [ -111.881630353955103, 54.80504362726154, 0.0 ], [ -111.881477355014397, 54.804943763992149, 0.0 ], [ -111.881351879921397, 54.804810454341393, 0.0 ], [ -111.881389957855802, 54.804660897020902, 0.0 ], [ -111.881560118928107, 54.804578455723323, 0.0 ], [ -111.881554118237901, 54.804546226005833, 0.0 ], [ -111.881402575165396, 54.804485076715217, 0.0 ], [ -111.8804531958464, 54.804251526747542, 0.0 ], [ -111.879901581035497, 54.804195319255719, 0.0 ], [ -111.878965765355503, 54.804163831686587, 0.0 ], [ -111.877783163718803, 54.804096823198627, 0.0 ], [ -111.877223356030299, 54.804124465916829, 0.0 ], [ -111.876908296462005, 54.804080642100338, 0.0 ], [ -111.876515669541007, 54.803936102354911, 0.0 ], [ -111.876066419105499, 54.803802550378727, 0.0 ], [ -111.875941300513304, 54.803917004839683, 0.0 ], [ -111.875923458335095, 54.804049857945493, 0.0 ], [ -111.875896638776695, 54.804062847129657, 0.0 ], [ -111.875609361942395, 54.804083923517247, 0.0 ], [ -111.875331758540298, 54.804057179398811, 0.0 ], [ -111.875110509749604, 54.804002734850052, 0.0 ], [ -111.874874693078198, 54.803896220400659, 0.0 ], [ -111.874661384110595, 54.803878319548673, 0.0 ], [ -111.874461383238298, 54.803807673136667, 0.0 ], [ -111.874321432763693, 54.803705068747583, 0.0 ], [ -111.874265165448406, 54.803705398336419, 0.0 ], [ -111.874254432806794, 54.803705454470567, 0.0 ], [ -111.873688767678402, 54.803708779666579, 0.0 ], [ -111.872816864095597, 54.803780688277072, 0.0 ], [ -111.872599709809194, 54.804050877351308, 0.0 ], [ -111.871698205010901, 54.804268683018563, 0.0 ], [ -111.871561719941397, 54.804159994342648, 0.0 ], [ -111.871440252357502, 54.804119692855608, 0.0 ], [ -111.871366301507194, 54.804157604792799, 0.0 ], [ -111.8714500836372, 54.80428796959071, 0.0 ], [ -111.871319316295995, 54.804394916856367, 0.0 ], [ -111.871251404473895, 54.804395198250518, 0.0 ], [ -111.871116589609898, 54.804323717824808, 0.0 ], [ -111.870884513653095, 54.804284915927433, 0.0 ], [ -111.870633506126296, 54.804373523135148, 0.0 ], [ -111.870780449603103, 54.804599235447618, 0.0 ], [ -111.870743008737804, 54.804653695234677, 0.0 ], [ -111.870643285994205, 54.804715361657223, 0.0 ], [ -111.870457284385495, 54.804793512204157, 0.0 ], [ -111.870224404831205, 54.804841767124117, 0.0 ], [ -111.870013445555898, 54.804782379823777, 0.0 ], [ -111.869761743658898, 54.804735585496459, 0.0 ], [ -111.869487164579297, 54.804721641828493, 0.0 ], [ -111.869197444630998, 54.804763112239662, 0.0 ], [ -111.869023621556494, 54.804696118083243, 0.0 ], [ -111.868895775458398, 54.804585328743848, 0.0 ], [ -111.868585745107893, 54.804563498375018, 0.0 ], [ -111.868419046099007, 54.804622767690063, 0.0 ], [ -111.868539472061101, 54.804734050423718, 0.0 ], [ -111.868641611592096, 54.804871772383628, 0.0 ], [ -111.868515545660401, 54.804983037829437, 0.0 ], [ -111.868243643230898, 54.805034679650262, 0.0 ], [ -111.867956022189304, 54.80501539636213, 0.0 ], [ -111.867500693604498, 54.80489681169712, 0.0 ], [ -111.867194508829598, 54.804883009670888, 0.0 ], [ -111.866951279852898, 54.804843659320767, 0.0 ], [ -111.866765599367596, 54.804795506379342, 0.0 ], [ -111.866425842311898, 54.804772676568589, 0.0 ], [ -111.8656106308717, 54.804813581494379, 0.0 ], [ -111.865521247161695, 54.804804794633043, 0.0 ], [ -111.865321312250501, 54.804731427251717, 0.0 ], [ -111.864860302140301, 54.804603708795447, 0.0 ], [ -111.864619862679106, 54.80464395003181, 0.0 ], [ -111.864360880306407, 54.804612202368453, 0.0 ], [ -111.864182693913804, 54.804566676810687, 0.0 ], [ -111.863820276159899, 54.804547562125649, 0.0 ], [ -111.863625930372393, 54.80447084645288, 0.0 ], [ -111.863606570756303, 54.804332301979677, 0.0 ], [ -111.863628654105199, 54.804313957062497, 0.0 ], [ -111.863868861227004, 54.804263663667612, 0.0 ], [ -111.863934452091797, 54.804229039882472, 0.0 ], [ -111.863878129503703, 54.804143283575797, 0.0 ], [ -111.863715557122205, 54.804082150336342, 0.0 ], [ -111.863636035403104, 54.804080750046992, 0.0 ], [ -111.863423880041097, 54.80414440456331, 0.0 ], [ -111.863277252657895, 54.80424217307953, 0.0 ], [ -111.863097151667802, 54.804189625359342, 0.0 ], [ -111.863082006404298, 54.804167663923572, 0.0 ], [ -111.862873078428294, 54.804115187708057, 0.0 ], [ -111.862577353503994, 54.804193698594773, 0.0 ], [ -111.862374473703099, 54.804185921343439, 0.0 ], [ -111.862197732816995, 54.804106527771722, 0.0 ], [ -111.862056082547895, 54.804006546198423, 0.0 ], [ -111.861920621160706, 54.803864841053503, 0.0 ], [ -111.861872616219799, 54.803701754505681, 0.0 ], [ -111.861813106434198, 54.803680184605867, 0.0 ], [ -111.8617342173944, 54.803650260604222, 0.0 ], [ -111.861733543606107, 54.803649612626828, 0.0 ], [ -111.861731796825893, 54.803427771756724, 0.0 ], [ -111.861730852545307, 54.803239951247491, 0.0 ], [ -111.861724872322796, 54.798540361792377, 0.0 ], [ -111.861722032679396, 54.792035843511819, 0.0 ], [ -111.861723418159301, 54.791755544918757, 0.0 ], [ -111.861723460269403, 54.791436553464962, 0.0 ], [ -111.861723007742199, 54.791312862527853, 0.0 ], [ -111.861723065137994, 54.791258130335123, 0.0 ], [ -111.861722666677906, 54.791130950792123, 0.0 ], [ -111.861721387253596, 54.790987827552378, 0.0 ], [ -111.861721578411505, 54.790356690628442, 0.0 ], [ -111.861721263559403, 54.788152232458977, 0.0 ], [ -111.861721032519199, 54.786632365533137, 0.0 ], [ -111.861720996450202, 54.786356932162633, 0.0 ], [ -111.861719812114501, 54.786074625768812, 0.0 ], [ -111.861719942804797, 54.785711497726822, 0.0 ], [ -111.861719362449506, 54.783905125131483, 0.0 ], [ -111.861719116346194, 54.783777977306869, 0.0 ], [ -111.861719251777004, 54.783641087129901, 0.0 ], [ -111.8617191912858, 54.783504696490233, 0.0 ], [ -111.861719744891801, 54.776673057340517, 0.0 ], [ -111.861716811131998, 54.772473687557607, 0.0 ], [ -111.861716738980107, 54.772381853438802, 0.0 ], [ -111.861716765996107, 54.772179966921563, 0.0 ], [ -111.861716784812799, 54.772011986360582, 0.0 ], [ -111.861716716138602, 54.771892572247317, 0.0 ], [ -111.861716647101801, 54.771791539146221, 0.0 ], [ -111.8617165669082, 54.771672132827, 0.0 ], [ -111.861715140990995, 54.769446062380247, 0.0 ], [ -111.861715137758907, 54.767370919068007, 0.0 ], [ -111.861715131651906, 54.765832756001302, 0.0 ], [ -111.861715123324799, 54.764291760113537, 0.0 ], [ -111.861715116415198, 54.763124432987702, 0.0 ], [ -111.861715103560002, 54.762311322251513, 0.0 ], [ -111.861715132033495, 54.762220969388267, 0.0 ], [ -111.8617151227444, 54.762053792946702, 0.0 ], [ -111.861330474481903, 54.762044347841311, 0.0 ], [ -111.861306551459606, 54.762043760637042, 0.0 ], [ -111.860554212380507, 54.762025283405343, 0.0 ], [ -111.859928688116995, 54.762009915607948, 0.0 ], [ -111.8597852234371, 54.762085761649793, 0.0 ], [ -111.859376837591796, 54.762337530197478, 0.0 ], [ -111.859009036084203, 54.762065646736353, 0.0 ], [ -111.858236332549794, 54.762000642686438, 0.0 ], [ -111.857676396977496, 54.762018424126772, 0.0 ], [ -111.857456667440204, 54.762025401208028, 0.0 ], [ -111.857355866446596, 54.762087048622057, 0.0 ], [ -111.8572153293631, 54.76211713500799, 0.0 ], [ -111.857109754961499, 54.762139739317107, 0.0 ], [ -111.856332787857795, 54.762140098087549, 0.0 ], [ -111.855555824107498, 54.762140451059338, 0.0 ], [ -111.855343186784793, 54.762140548239522, 0.0 ], [ -111.855210362138493, 54.762178685894632, 0.0 ], [ -111.854767208723302, 54.762305916514762, 0.0 ], [ -111.854468216685106, 54.762301286562227, 0.0 ], [ -111.853990521438305, 54.762293886069997, 0.0 ], [ -111.853355244676294, 54.762284042768648, 0.0 ], [ -111.853213830080307, 54.762281851430167, 0.0 ], [ -111.853145794958294, 54.762280798101692, 0.0 ], [ -111.8529726734332, 54.762246032927081, 0.0 ], [ -111.852851770927501, 54.762112554333427, 0.0 ], [ -111.852831175510701, 54.761954391802398, 0.0 ], [ -111.852769172139006, 54.761920623899087, 0.0 ], [ -111.852803988797604, 54.761745606542704, 0.0 ], [ -111.852793431565004, 54.761664531103342, 0.0 ], [ -111.852766663231407, 54.7614589552783, 0.0 ], [ -111.852411188087402, 54.761220465257793, 0.0 ], [ -111.851670727940103, 54.761209979423739, 0.0 ], [ -111.850866403993706, 54.761204697136122, 0.0 ], [ -111.850084609775195, 54.761187502062413, 0.0 ], [ -111.849359137808307, 54.761140534067181, 0.0 ], [ -111.848988507023606, 54.76090602469106, 0.0 ], [ -111.848617880519598, 54.760671514229287, 0.0 ], [ -111.848247259918395, 54.760437001824577, 0.0 ], [ -111.848149189337505, 54.760374949766408, 0.0 ], [ -111.847876640353604, 54.760202490048911, 0.0 ], [ -111.847135906978195, 54.760154390105107, 0.0 ], [ -111.846354474845498, 54.76011675978728, 0.0 ], [ -111.845552251561102, 54.760090114714309, 0.0 ], [ -111.844749131945804, 54.760074973379368, 0.0 ], [ -111.843965017205306, 54.760071851369219, 0.0 ], [ -111.843219811046396, 54.760081272041667, 0.0 ], [ -111.842989661069595, 54.760222986944036, 0.0 ], [ -111.842842619202102, 54.76031352933304, 0.0 ], [ -111.842049464434993, 54.760282535992012, 0.0 ], [ -111.841233621112806, 54.760237181081891, 0.0 ], [ -111.840669055978196, 54.76023545531929, 0.0 ], [ -111.840485845230305, 54.760234896520018, 0.0 ], [ -111.840429536227902, 54.760268147114687, 0.0 ], [ -111.840400246930201, 54.760272144492937, 0.0 ], [ -111.839644092040402, 54.760375343116941, 0.0 ], [ -111.839396447459507, 54.760409139662222, 0.0 ], [ -111.8393512803178, 54.760430923959881, 0.0 ], [ -111.839304139280202, 54.760428955066011, 0.0 ], [ -111.838898565106504, 54.760643249195702, 0.0 ], [ -111.838767980575199, 54.760712246789822, 0.0 ], [ -111.838235027894001, 54.760969279955198, 0.0 ], [ -111.837458271278095, 54.760959572574791, 0.0 ], [ -111.836681515298196, 54.760949859322778, 0.0 ], [ -111.835904758332106, 54.760940141056302, 0.0 ], [ -111.835767818988003, 54.760938427498687, 0.0 ], [ -111.835096807269096, 54.761102462002214, 0.0 ], [ -111.834342870871296, 54.761155126932209, 0.0 ], [ -111.833871303284994, 54.761386532361733, 0.0 ], [ -111.8336407852902, 54.761711643007537, 0.0 ], [ -111.833386507792099, 54.761849755831477, 0.0 ], [ -111.833360373947698, 54.761847904501003, 0.0 ], [ -111.832954754485797, 54.762062179895857, 0.0 ], [ -111.832817321847799, 54.762147255186207, 0.0 ], [ -111.832063579191498, 54.762166066801512, 0.0 ], [ -111.831765977806597, 54.762173491934618, 0.0 ], [ -111.830993320291597, 54.762126267729137, 0.0 ], [ -111.830743827638997, 54.762111018149447, 0.0 ], [ -111.830467690984904, 54.761955677892423, 0.0 ], [ -111.829938865177894, 54.761847759141133, 0.0 ], [ -111.829409683110697, 54.761518796042267, 0.0 ], [ -111.828984648762201, 54.761254570743063, 0.0 ], [ -111.828731563535399, 54.761194626718421, 0.0 ], [ -111.828292325044103, 54.760824027608678, 0.0 ], [ -111.828065111360203, 54.760632316245349, 0.0 ], [ -111.827965251585596, 54.760186753485023, 0.0 ], [ -111.827957329435094, 54.760151404518368, 0.0 ], [ -111.827715891928406, 54.759902444811459, 0.0 ], [ -111.8276770936655, 54.759453718199779, 0.0 ], [ -111.827662524680093, 54.759285226840973, 0.0 ], [ -111.827402096177494, 54.758992517746023, 0.0 ], [ -111.8273958602839, 54.758934801867881, 0.0 ], [ -111.827353649624001, 54.758544104111557, 0.0 ], [ -111.827350414018696, 54.758514147049397, 0.0 ], [ -111.8270265943993, 54.758309113769378, 0.0 ], [ -111.826623671689404, 54.758091678258658, 0.0 ], [ -111.826665322800096, 54.757855857159747, 0.0 ], [ -111.826352918662593, 54.757632707240802, 0.0 ], [ -111.826297035416005, 54.757171195758232, 0.0 ], [ -111.826282719332795, 54.757002195313532, 0.0 ], [ -111.826161329806197, 54.756819074790897, 0.0 ], [ -111.825985481579295, 54.756707725350807, 0.0 ], [ -111.825985430637104, 54.756277489920777, 0.0 ], [ -111.826032311650707, 54.755822462148387, 0.0 ], [ -111.826047732043193, 54.755715269743192, 0.0 ], [ -111.826050948054501, 54.755666075808477, 0.0 ], [ -111.826080291815799, 54.755217108221487, 0.0 ], [ -111.826109637907507, 54.754768139774178, 0.0 ], [ -111.826119693666996, 54.754614290127627, 0.0 ], [ -111.825855174627605, 54.754269978013959, 0.0 ], [ -111.825853532841194, 54.754264112547013, 0.0 ], [ -111.825790773793003, 54.754229002680859, 0.0 ], [ -111.8258023389306, 54.754081311871438, 0.0 ], [ -111.825730967593103, 54.753826468779778, 0.0 ], [ -111.825710843821398, 54.753754610394331, 0.0 ], [ -111.8251964478644, 54.753417948260527, 0.0 ], [ -111.824801394447704, 54.75315938804809, 0.0 ], [ -111.824616966756494, 54.752826556079029, 0.0 ], [ -111.824096353371402, 54.752493111746801, 0.0 ], [ -111.823926715549504, 54.752384459204883, 0.0 ], [ -111.823318840228893, 54.752221541488197, 0.0 ], [ -111.823181737941098, 54.752136752745322, 0.0 ], [ -111.822845038980603, 54.75212792569581, 0.0 ], [ -111.822474646758806, 54.751893337167758, 0.0 ], [ -111.822104255570395, 54.751658749269758, 0.0 ], [ -111.821733870282003, 54.751424159430982, 0.0 ], [ -111.821520399853199, 54.751288953513537, 0.0 ], [ -111.8214515003651, 54.751271850123892, 0.0 ], [ -111.821310557199197, 54.751188179026663, 0.0 ], [ -111.820587542263596, 54.751169209645617, 0.0 ], [ -111.820217168743298, 54.750934615287292, 0.0 ], [ -111.819846801052407, 54.750700019885983, 0.0 ], [ -111.819653506371907, 54.750577583177289, 0.0 ], [ -111.819559324932996, 54.750550410803591, 0.0 ], [ -111.819036799139894, 54.750217984590392, 0.0 ], [ -111.818514281826893, 54.749885557118262, 0.0 ], [ -111.817991776238301, 54.749553126673447, 0.0 ], [ -111.817469274333007, 54.749220696642929, 0.0 ], [ -111.817157761145396, 54.749022497734543, 0.0 ], [ -111.816537983552706, 54.748751706557258, 0.0 ], [ -111.816489114871601, 54.748730354674443, 0.0 ], [ -111.816404741658999, 54.748588392840723, 0.0 ], [ -111.815893457301698, 54.7482501823294, 0.0 ], [ -111.815474310939294, 54.747972916493957, 0.0 ], [ -111.815469421493503, 54.7479610062923, 0.0 ], [ -111.815355141377694, 54.747901387894103, 0.0 ], [ -111.815354846327594, 54.747433780555632, 0.0 ], [ -111.815428442657193, 54.74696811714017, 0.0 ], [ -111.815782881489, 54.746814490213282, 0.0 ], [ -111.8160155353265, 54.74665525221225, 0.0 ], [ -111.816277383752606, 54.746476034784983, 0.0 ], [ -111.816745848051298, 54.746117680856237, 0.0 ], [ -111.816782730982098, 54.746089467296237, 0.0 ], [ -111.817360088311503, 54.745788961270613, 0.0 ], [ -111.817922635114698, 54.745496154646617, 0.0 ], [ -111.817941717624606, 54.745252988614112, 0.0 ], [ -111.818257087472304, 54.745111150156461, 0.0 ], [ -111.818298145459096, 54.744899234220313, 0.0 ], [ -111.818384138193096, 54.74445540202408, 0.0 ], [ -111.818388285880403, 54.744122490739869, 0.0 ], [ -111.818454394396497, 54.744092756727618, 0.0 ], [ -111.818823187061398, 54.74392688272706, 0.0 ], [ -111.819228692562106, 54.743712653546517, 0.0 ], [ -111.819634195338807, 54.743498422986931, 0.0 ], [ -111.820039695391301, 54.743284191048268, 0.0 ], [ -111.820445188064994, 54.743069957608427, 0.0 ], [ -111.820850678085193, 54.742855721891956, 0.0 ], [ -111.8212561637595, 54.742641485653472, 0.0 ], [ -111.821291344712506, 54.742192657637013, 0.0 ], [ -111.820921048542104, 54.741958066195323, 0.0 ], [ -111.820550756646895, 54.741723473670277, 0.0 ], [ -111.820220218457493, 54.741514063268468, 0.0 ], [ -111.820180469026894, 54.741488880061887, 0.0 ], [ -111.819810187163199, 54.741254286308617, 0.0 ], [ -111.819844319283902, 54.74098183058512, 0.0 ], [ -111.819647816519094, 54.740703597792013, 0.0 ], [ -111.819606807044707, 54.74064552876311, 0.0 ], [ -111.8194751070872, 54.740570862289808, 0.0 ], [ -111.819104834529099, 54.740336265534751, 0.0 ], [ -111.819119278060995, 54.740152109924203, 0.0 ], [ -111.8188628755221, 54.739984513316223, 0.0 ], [ -111.818467610443193, 54.739726145500782, 0.0 ], [ -111.818346020672095, 54.739282397294353, 0.0 ], [ -111.818326018156299, 54.739209397209649, 0.0 ], [ -111.817846742770698, 54.738855898569369, 0.0 ], [ -111.817731279915805, 54.73877073567818, 0.0 ], [ -111.817705137324793, 54.738538818109603, 0.0 ], [ -111.817663816572704, 54.738516281350442, 0.0 ], [ -111.817688603259896, 54.738392147910332, 0.0 ], [ -111.817680740399894, 54.738322399851228, 0.0 ], [ -111.817656898578306, 54.738110916445279, 0.0 ], [ -111.817464066881499, 54.737873984128932, 0.0 ], [ -111.817359201177098, 54.73781678593371, 0.0 ], [ -111.817384191939894, 54.737498316521886, 0.0 ], [ -111.817385973833794, 54.737323133706496, 0.0 ], [ -111.817390339751299, 54.736894230974123, 0.0 ], [ -111.817059410845005, 54.73668453007641, 0.0 ], [ -111.816345834709495, 54.736454097780133, 0.0 ], [ -111.816301356801205, 54.736439735892063, 0.0 ], [ -111.815525693882194, 54.736419349163548, 0.0 ], [ -111.815310350836697, 54.736552212109459, 0.0 ], [ -111.815142213016998, 54.736655951116177, 0.0 ], [ -111.814344792266297, 54.736670418155839, 0.0 ], [ -111.813514464304404, 54.736664028302947, 0.0 ], [ -111.812716850653501, 54.736627599940377, 0.0 ], [ -111.812017583625206, 54.736551958829267, 0.0 ], [ -111.812037698978003, 54.736296022083238, 0.0 ], [ -111.811813303193105, 54.735954030142253, 0.0 ], [ -111.8118102462781, 54.735949372109623, 0.0 ], [ -111.811682672914401, 54.735868515983661, 0.0 ], [ -111.811312491252494, 54.735633897394848, 0.0 ], [ -111.810521422919606, 54.735603703608909, 0.0 ], [ -111.809720074165597, 54.735566986836837, 0.0 ], [ -111.808939290534795, 54.735543298790972, 0.0 ], [ -111.808712147289697, 54.735546068505307, 0.0 ], [ -111.808209920506997, 54.735552193868777, 0.0 ], [ -111.807804438433095, 54.735766386640428, 0.0 ], [ -111.807541704235902, 54.735905172543553, 0.0 ], [ -111.807398955329603, 54.735980576278543, 0.0 ], [ -111.807243844856004, 54.735882257927301, 0.0 ], [ -111.8068308860082, 54.735850487193829, 0.0 ], [ -111.806808354700493, 54.735848752730057, 0.0 ], [ -111.806230302732303, 54.735533691041141, 0.0 ], [ -111.806141492606102, 54.735483664997581, 0.0 ], [ -111.805660137459398, 54.735361054633529, 0.0 ], [ -111.805509938050506, 54.735063785372709, 0.0 ], [ -111.805534874217699, 54.734614730563678, 0.0 ], [ -111.805537043921305, 54.734575651105693, 0.0 ], [ -111.8055598097787, 54.734165673918667, 0.0 ], [ -111.805576870793999, 54.733858434655623, 0.0 ], [ -111.805248760084297, 54.733675123850063, 0.0 ], [ -111.804981090716197, 54.733505437145709, 0.0 ], [ -111.8049506458254, 54.733510430605399, 0.0 ], [ -111.804421081997802, 54.73318187388756, 0.0 ], [ -111.803891524971405, 54.732853317604693, 0.0 ], [ -111.803845729750293, 54.73282490282935, 0.0 ], [ -111.803767838685502, 54.732543082683137, 0.0 ], [ -111.8037816808949, 54.732302385094528, 0.0 ], [ -111.803778889817295, 54.732300819168643, 0.0 ], [ -111.803784412086799, 54.732254875868172, 0.0 ], [ -111.8037936622312, 54.73209404408631, 0.0 ], [ -111.803819485009797, 54.731645005448151, 0.0 ], [ -111.803845305541003, 54.731195965830118, 0.0 ], [ -111.803869890910704, 54.730768454817863, 0.0 ], [ -111.803518895974307, 54.730481212089572, 0.0 ], [ -111.803169540284998, 54.73047199117871, 0.0 ], [ -111.802799456823905, 54.730237348595743, 0.0 ], [ -111.802429374674105, 54.7300027030537, 0.0 ], [ -111.802048144846296, 54.730232236082948, 0.0 ], [ -111.801276648015005, 54.730214319294817, 0.0 ], [ -111.800472855428197, 54.730175919066888, 0.0 ], [ -111.799669064571802, 54.730137513525278, 0.0 ], [ -111.799024958911502, 54.730122543997908, 0.0 ], [ -111.798897574219794, 54.730119582602129, 0.0 ], [ -111.798728781746505, 54.730221197618292, 0.0 ], [ -111.798516322244495, 54.730349103295367, 0.0 ], [ -111.797740789094604, 54.730328604333437, 0.0 ], [ -111.796965256994795, 54.730308099519057, 0.0 ], [ -111.796595210142399, 54.730073437531708, 0.0 ], [ -111.796316936225594, 54.72989697028865, 0.0 ], [ -111.796136062845505, 54.729831225812333, 0.0 ], [ -111.795453189403901, 54.729773378269748, 0.0 ], [ -111.794708980761499, 54.729796650829933, 0.0 ], [ -111.794132967623, 54.730097412451507, 0.0 ], [ -111.793737758645307, 54.730303764445061, 0.0 ], [ -111.793704198756998, 54.730309971509058, 0.0 ], [ -111.793162252998997, 54.730410187486108, 0.0 ], [ -111.792648690445304, 54.730665079725142, 0.0 ], [ -111.792572945278295, 54.730702672476937, 0.0 ], [ -111.792092241497897, 54.730941248195407, 0.0 ], [ -111.791846441258798, 54.730989664700758, 0.0 ], [ -111.792172610387894, 54.731397375365923, 0.0 ], [ -111.792462737361404, 54.73176002405711, 0.0 ], [ -111.792202547566902, 54.732036717995953, 0.0 ], [ -111.792203201354297, 54.732252134170047, 0.0 ], [ -111.792716455382305, 54.732589238092537, 0.0 ], [ -111.793229717986705, 54.732926339039651, 0.0 ], [ -111.793519772857593, 54.733116838105673, 0.0 ], [ -111.79383431958, 54.733527600278777, 0.0 ], [ -111.793903024044695, 54.733617319746223, 0.0 ], [ -111.7940806679525, 54.734054686792661, 0.0 ], [ -111.794197211769301, 54.734341614344757, 0.0 ], [ -111.793577159025503, 54.734496340585324, 0.0 ], [ -111.793001069366696, 54.734797550779533, 0.0 ], [ -111.792424971030201, 54.735098759903501, 0.0 ], [ -111.791848862748395, 54.735399964325538, 0.0 ], [ -111.791636594711804, 54.735510941954871, 0.0 ], [ -111.791485038402698, 54.735951587148683, 0.0 ], [ -111.791465850140696, 54.736007370370892, 0.0 ], [ -111.791462875247106, 54.73600931008356, 0.0 ], [ -111.791057303917597, 54.73622344469711, 0.0 ], [ -111.790857661124505, 54.736338021586761, 0.0 ], [ -111.790667148092794, 54.736447358400547, 0.0 ], [ -111.790261569676503, 54.736661491162117, 0.0 ], [ -111.789840565556602, 54.736865843643848, 0.0 ], [ -111.789064913044598, 54.736845286625972, 0.0 ], [ -111.788659320697306, 54.737059414703268, 0.0 ], [ -111.788253724147694, 54.737273540461892, 0.0 ], [ -111.787875877827304, 54.737505265658292, 0.0 ], [ -111.787044707949505, 54.737449492987572, 0.0 ], [ -111.786666853120906, 54.737681215191778, 0.0 ], [ -111.785870630424199, 54.737647600735961, 0.0 ], [ -111.785485571920304, 54.737874755706322, 0.0 ], [ -111.785079950783498, 54.738088869586797, 0.0 ], [ -111.784674325373103, 54.738302982045973, 0.0 ], [ -111.783898650673507, 54.738282394358663, 0.0 ], [ -111.783490592736598, 54.738387207745127, 0.0 ], [ -111.783191283229002, 54.738464088287351, 0.0 ], [ -111.783240857751693, 54.738571905244598, 0.0 ], [ -111.783468338575503, 54.738638236917083, 0.0 ], [ -111.782999720098402, 54.73898896444998, 0.0 ], [ -111.782361515904697, 54.739114697430637, 0.0 ], [ -111.781957708760103, 54.739329970173173, 0.0 ], [ -111.781601650460402, 54.739729239189643, 0.0 ], [ -111.781245588138603, 54.740128507126776, 0.0 ], [ -111.780889514179705, 54.740527771983153, 0.0 ], [ -111.780311929400995, 54.740838619669219, 0.0 ], [ -111.779740336310596, 54.741142738185737, 0.0 ], [ -111.779667352229595, 54.74118157049115, 0.0 ], [ -111.779163490739293, 54.741185417181363, 0.0 ], [ -111.778834295312706, 54.741038032641278, 0.0 ], [ -111.7780942271241, 54.740938954939303, 0.0 ], [ -111.777624944989398, 54.74079057685384, 0.0 ], [ -111.777454647809193, 54.740736733909387, 0.0 ], [ -111.776678629322902, 54.74072037846738, 0.0 ], [ -111.775902608414199, 54.740704019775528, 0.0 ], [ -111.775126589951498, 54.740687655264871, 0.0 ], [ -111.774990103822901, 54.74068477676461, 0.0 ], [ -111.774408471270803, 54.740982454264312, 0.0 ], [ -111.773826830347005, 54.74128012705048, 0.0 ], [ -111.773245179285595, 54.741577797774497, 0.0 ], [ -111.772663519780906, 54.741875464682387, 0.0 ], [ -111.772081851689705, 54.742173129569288, 0.0 ], [ -111.771801904548298, 54.742316388945298, 0.0 ], [ -111.7710317930445, 54.742374190701717, 0.0 ], [ -111.770407188906205, 54.742421066768998, 0.0 ], [ -111.770354942627407, 54.742419674007301, 0.0 ], [ -111.769949197140207, 54.74263373631743, 0.0 ], [ -111.769543449001404, 54.742847796349011, 0.0 ], [ -111.769137693342003, 54.743061856670742, 0.0 ], [ -111.768731936653893, 54.74327591385763, 0.0 ], [ -111.768326172445001, 54.743489971334583, 0.0 ], [ -111.767920405584306, 54.74370402653286, 0.0 ], [ -111.767514634520396, 54.743918079411088, 0.0 ], [ -111.767108859109996, 54.744132131764417, 0.0 ], [ -111.766703079353107, 54.744346183592818, 0.0 ], [ -111.766297295392704, 54.744560233101062, 0.0 ], [ -111.766286274072201, 54.745108197860247, 0.0 ], [ -111.7662309910083, 54.745431145163728, 0.0 ], [ -111.7661791983504, 54.745733691887899, 0.0 ], [ -111.765802013189898, 54.745896288933757, 0.0 ], [ -111.765396210305497, 54.746110335148998, 0.0 ], [ -111.764990400042507, 54.746324379858663, 0.0 ], [ -111.764977272045897, 54.746488918217793, 0.0 ], [ -111.764548852655196, 54.746597644901676, 0.0 ], [ -111.764397454333604, 54.746636066257963, 0.0 ], [ -111.763621334054605, 54.746652556298152, 0.0 ], [ -111.762845210095605, 54.746669043070447, 0.0 ], [ -111.762779523508399, 54.746670438117661, 0.0 ], [ -111.762197720624698, 54.746968055424048, 0.0 ], [ -111.761905198190405, 54.747117688680071, 0.0 ], [ -111.761718651542594, 54.747553816236866, 0.0 ], [ -111.761687067135796, 54.747627655530778, 0.0 ], [ -111.761274868010204, 54.748008439426528, 0.0 ], [ -111.761006208302604, 54.748256621179998, 0.0 ], [ -111.760849071189199, 54.748694178699097, 0.0 ], [ -111.760483523193898, 54.749044908504523, 0.0 ], [ -111.760253796529994, 54.749103549403422, 0.0 ], [ -111.759966359765897, 54.749424093386473, 0.0 ], [ -111.7593943698391, 54.749728034796689, 0.0 ], [ -111.758822375864199, 54.750031975298953, 0.0 ], [ -111.758250370297503, 54.750335911992849, 0.0 ], [ -111.758146262359503, 54.750391229192772, 0.0 ], [ -111.757801103358503, 54.750793710142467, 0.0 ], [ -111.757491515264405, 54.751154702758377, 0.0 ], [ -111.756932622707893, 54.751466705032897, 0.0 ], [ -111.756476815425302, 54.751721152486361, 0.0 ], [ -111.756370825549396, 54.751858316471854, 0.0 ], [ -111.755594669192803, 54.751840867813563, 0.0 ], [ -111.754818510527201, 54.751823415006761, 0.0 ], [ -111.754059417700802, 54.751806341538988, 0.0 ], [ -111.753809988953506, 54.751873302995072, 0.0 ], [ -111.753471911433607, 54.751964064761047, 0.0 ], [ -111.753052977289002, 54.751992959430439, 0.0 ], [ -111.752277029852095, 54.751972586958708, 0.0 ], [ -111.751501086712906, 54.751952206918581, 0.0 ], [ -111.750725144408406, 54.751931823714827, 0.0 ], [ -111.750533520501094, 54.75192679002194, 0.0 ], [ -111.750124106309997, 54.751544989507423, 0.0 ], [ -111.750091823017797, 54.751514885528458, 0.0 ], [ -111.749567505760695, 54.751183413691443, 0.0 ], [ -111.749043193956794, 54.750851939601738, 0.0 ], [ -111.749032744599305, 54.750845333788916, 0.0 ], [ -111.748518890781497, 54.750520462445053, 0.0 ], [ -111.748052731772304, 54.750225737309627, 0.0 ], [ -111.747773410319894, 54.749806517612619, 0.0 ], [ -111.747548938989596, 54.749469609733737, 0.0 ], [ -111.747310216281406, 54.749379586915971, 0.0 ], [ -111.746534508957495, 54.74935694084553, 0.0 ], [ -111.745758805730105, 54.749334290801272, 0.0 ], [ -111.745709081173203, 54.749332838302003, 0.0 ], [ -111.745039479533901, 54.749503512091017, 0.0 ], [ -111.744311797916595, 54.749516447135363, 0.0 ], [ -111.743588601145106, 54.749463802492251, 0.0 ], [ -111.743030970477093, 54.749266080827759, 0.0 ], [ -111.742256129448094, 54.749235116254859, 0.0 ], [ -111.742213392167301, 54.749233409422523, 0.0 ], [ -111.742210015292599, 54.749233884424967, 0.0 ], [ -111.741906834872296, 54.749276538078952, 0.0 ], [ -111.741328101625498, 54.749576172105897, 0.0 ], [ -111.740880030798706, 54.74980815142451, 0.0 ], [ -111.740113242377802, 54.749879698269773, 0.0 ], [ -111.739989200520398, 54.749891272229867, 0.0 ], [ -111.739560461359403, 54.750031821957322, 0.0 ], [ -111.738784173642102, 54.750017134475293, 0.0 ], [ -111.738007883511202, 54.750002442841058, 0.0 ], [ -111.737231597173604, 54.749987747221716, 0.0 ], [ -111.736455311815305, 54.749973043943427, 0.0 ], [ -111.736372132590901, 54.749971469072037, 0.0 ], [ -111.736305831503103, 54.749970212961721, 0.0 ], [ -111.736080989694599, 54.749902411800029, 0.0 ], [ -111.735983665711601, 54.749745315173257, 0.0 ], [ -111.735959607085505, 54.749296255740681, 0.0 ], [ -111.735949896921795, 54.749114975212528, 0.0 ], [ -111.735627100398702, 54.7489100099463, 0.0 ], [ -111.735257252280604, 54.748675162874463, 0.0 ], [ -111.734887405407093, 54.748440313742371, 0.0 ], [ -111.734089019999502, 54.748431289685428, 0.0 ], [ -111.733741738904598, 54.748184552566912, 0.0 ], [ -111.732965914592896, 54.748163634808321, 0.0 ], [ -111.732596087372698, 54.747928778948321, 0.0 ], [ -111.732419861661498, 54.747816868258482, 0.0 ], [ -111.732306062167297, 54.74778049403416, 0.0 ], [ -111.731785715873698, 54.747446962608613, 0.0 ], [ -111.731570177777101, 54.747308803362692, 0.0 ], [ -111.731538363351106, 54.747257063291649, 0.0 ], [ -111.731486631074503, 54.747224208485427, 0.0 ], [ -111.731116820883003, 54.746989349207659, 0.0 ], [ -111.730747016445704, 54.746754489790547, 0.0 ], [ -111.7307617785562, 54.746571394227963, 0.0 ], [ -111.730301937454698, 54.746278206167567, 0.0 ], [ -111.729957406017803, 54.746058532930832, 0.0 ], [ -111.729637622866903, 54.746049901309199, 0.0 ], [ -111.729652602258497, 54.74586418864223, 0.0 ], [ -111.729546739951999, 54.745796690870797, 0.0 ], [ -111.729069338599899, 54.745725958612603, 0.0 ], [ -111.728293825608404, 54.745701992617917, 0.0 ], [ -111.727518315212293, 54.745678022610903, 0.0 ], [ -111.726742802901995, 54.745654046670637, 0.0 ], [ -111.7265657097158, 54.745648571084608, 0.0 ], [ -111.726003041586694, 54.745461621599148, 0.0 ], [ -111.7258879146315, 54.745447381403167, 0.0 ], [ -111.725794970907202, 54.745496347900072, 0.0 ], [ -111.725388966275105, 54.745710258212029, 0.0 ], [ -111.724609568769594, 54.745734166119597, 0.0 ], [ -111.723837426251194, 54.745668311247186, 0.0 ], [ -111.723499896425906, 54.745416454980798, 0.0 ], [ -111.722691909745706, 54.745412447442718, 0.0 ], [ -111.7218839233701, 54.74540843541574, 0.0 ], [ -111.721697675130102, 54.745269451102182, 0.0 ], [ -111.721546411245299, 54.74515657217983, 0.0 ], [ -111.721176676681594, 54.744921683485053, 0.0 ], [ -111.720806949495397, 54.744686793796113, 0.0 ], [ -111.720437225104504, 54.744451902089459, 0.0 ], [ -111.720067503363794, 54.744217010160341, 0.0 ], [ -111.719697788927604, 54.743982118134689, 0.0 ], [ -111.719421025421298, 54.743806277536947, 0.0 ], [ -111.719328075807795, 54.743747223151871, 0.0 ], [ -111.718958368368206, 54.743512328928233, 0.0 ], [ -111.718984846522801, 54.74318509454055, 0.0 ], [ -111.718885099026807, 54.743043037534868, 0.0 ], [ -111.718374038216197, 54.742696876394412, 0.0 ], [ -111.718163742216603, 54.742555702960829, 0.0 ], [ -111.717810875022906, 54.74235238768744, 0.0 ], [ -111.717774002814295, 54.742331142937289, 0.0 ], [ -111.717097991849798, 54.742110048777498, 0.0 ], [ -111.716952733363797, 54.742062539923722, 0.0 ], [ -111.716184135509494, 54.741998427655538, 0.0 ], [ -111.716150664452996, 54.741995637658249, 0.0 ], [ -111.715376610159197, 54.742031568661417, 0.0 ], [ -111.715277556490406, 54.742036167425148, 0.0 ], [ -111.714701500582393, 54.742337451037933, 0.0 ], [ -111.714125437758597, 54.74263873092751, 0.0 ], [ -111.713849535682897, 54.742783025702067, 0.0 ], [ -111.713382686519907, 54.742902321294856, 0.0 ], [ -111.713139179085402, 54.742964542797203, 0.0 ], [ -111.713055091851601, 54.742986031590121, 0.0 ], [ -111.712547304637397, 54.743008312152469, 0.0 ], [ -111.712280753672502, 54.743020008576202, 0.0 ], [ -111.711839497256193, 54.743039369120673, 0.0 ], [ -111.711682873351094, 54.743079202371042, 0.0 ], [ -111.711501198583605, 54.743125407784447, 0.0 ], [ -111.711128592345503, 54.743220169766523, 0.0 ], [ -111.710845113606098, 54.743292263327078, 0.0 ], [ -111.710494181711397, 54.743482168251553, 0.0 ], [ -111.710470267550605, 54.743507033322388, 0.0 ], [ -111.710116631799707, 54.743874771097119, 0.0 ], [ -111.709739076094706, 54.744267371790158, 0.0 ], [ -111.709613927610306, 54.744397501639646, 0.0 ], [ -111.709520726910696, 54.744759505074853, 0.0 ], [ -111.709499519671397, 54.744841873402081, 0.0 ], [ -111.709385109177603, 54.745286243199978, 0.0 ], [ -111.709365934999099, 54.745360720234729, 0.0 ], [ -111.708787382275403, 54.745660426571931, 0.0 ], [ -111.708208816439097, 54.745960128993801, 0.0 ], [ -111.7078578288898, 54.746141941961852, 0.0 ], [ -111.7076770769756, 54.746235572457962, 0.0 ], [ -111.706900612590204, 54.746226484615697, 0.0 ], [ -111.706124150160207, 54.7462173936391, 0.0 ], [ -111.705919151344702, 54.746214992644511, 0.0 ], [ -111.705469054801696, 54.746064712860942, 0.0 ], [ -111.705354808483193, 54.746026566435383, 0.0 ], [ -111.7048489834593, 54.745970364293093, 0.0 ], [ -111.704073294197997, 54.745948416841841, 0.0 ], [ -111.703297605977596, 54.745926464435477, 0.0 ], [ -111.702521920276794, 54.745904508013801, 0.0 ], [ -111.701746232514296, 54.745882546552593, 0.0 ], [ -111.700970545866497, 54.745860579238723, 0.0 ], [ -111.700379529062701, 54.745843839959477, 0.0 ], [ -111.699793914843795, 54.745885476537353, 0.0 ], [ -111.699729676823907, 54.745921848167761, 0.0 ], [ -111.6997160100222, 54.745913160543388, 0.0 ], [ -111.699346399471906, 54.745678206924353, 0.0 ], [ -111.698976793195698, 54.745443252228313, 0.0 ], [ -111.698607189642104, 54.745208296412983, 0.0 ], [ -111.698237593465606, 54.744973339605266, 0.0 ], [ -111.697868000011596, 54.744738381678367, 0.0 ], [ -111.697904546445201, 54.744289607638763, 0.0 ], [ -111.697534962511995, 54.744054649724447, 0.0 ], [ -111.697165381301105, 54.743819690691019, 0.0 ], [ -111.696759243668197, 54.74403350229165, 0.0 ], [ -111.6963531049376, 54.744247311653169, 0.0 ], [ -111.6955773834826, 54.744226154816552, 0.0 ], [ -111.695190408584395, 54.744463806345657, 0.0 ], [ -111.694377096176197, 54.74448576042343, 0.0 ], [ -111.693530934744601, 54.744486824739113, 0.0 ], [ -111.692733991958306, 54.744449246720229, 0.0 ], [ -111.692068351699504, 54.74435527813565, 0.0 ], [ -111.692082397056495, 54.743918384286196, 0.0 ], [ -111.692074902175193, 54.743913052259437, 0.0 ], [ -111.691735414051493, 54.743671530639403, 0.0 ], [ -111.691764911696893, 54.743310006634132, 0.0 ], [ -111.6917245697487, 54.743184910516348, 0.0 ], [ -111.691447615651597, 54.742964030059177, 0.0 ], [ -111.691093047740097, 54.742721174384307, 0.0 ], [ -111.690308380231798, 54.742704710747148, 0.0 ], [ -111.689466615105104, 54.742718298803602, 0.0 ], [ -111.688705896067106, 54.742689222657219, 0.0 ], [ -111.688590153341593, 54.742606870543632, 0.0 ], [ -111.688208709600701, 54.742596293272399, 0.0 ], [ -111.687638118445406, 54.74252082358278, 0.0 ], [ -111.687112123524201, 54.742190315492572, 0.0 ], [ -111.686586137234102, 54.741859804323013, 0.0 ], [ -111.686350407750297, 54.741711678741787, 0.0 ], [ -111.686336339320107, 54.741702839128877, 0.0 ], [ -111.6855828254686, 54.741594268553442, 0.0 ], [ -111.685552039272807, 54.741589833485023, 0.0 ], [ -111.6854555057689, 54.741575923753899, 0.0 ], [ -111.684779247780696, 54.741355107459754, 0.0 ], [ -111.684574264825997, 54.741288173159887, 0.0 ], [ -111.684223920615807, 54.741043103015308, 0.0 ], [ -111.684143042164493, 54.740596371968373, 0.0 ], [ -111.684137997398693, 54.740590168265591, 0.0 ], [ -111.683840784867499, 54.740224796195378, 0.0 ], [ -111.683927116188002, 54.73977831163689, 0.0 ], [ -111.683952525715199, 54.739646901164768, 0.0 ], [ -111.684505972320096, 54.739331778839663, 0.0 ], [ -111.684589379551895, 54.73928428807033, 0.0 ], [ -111.684831391520902, 54.738964900716333, 0.0 ], [ -111.685392643154202, 54.738654439068341, 0.0 ], [ -111.685433493705403, 54.738631843062556, 0.0 ], [ -111.685545015152201, 54.738209100287847, 0.0 ], [ -111.685125803846105, 54.73783336501419, 0.0 ], [ -111.684597803187799, 54.737503963727498, 0.0 ], [ -111.684069806510905, 54.737174559216697, 0.0 ], [ -111.683541821424299, 54.736845153489313, 0.0 ], [ -111.683256598343704, 54.736667201940499, 0.0 ], [ -111.682686079130207, 54.736591722144567, 0.0 ], [ -111.681910956004998, 54.736565655114909, 0.0 ], [ -111.681135834078205, 54.736539583138949, 0.0 ], [ -111.680360713423497, 54.73651350531911, 0.0 ], [ -111.679585593820804, 54.736487424348077, 0.0 ], [ -111.678947361470804, 54.736465945049588, 0.0 ], [ -111.678544639198904, 54.736302143458673, 0.0 ], [ -111.677789166282096, 54.736198480274709, 0.0 ], [ -111.677735618738296, 54.73619113225412, 0.0 ], [ -111.677403251005899, 54.736043983653602, 0.0 ], [ -111.676647359977906, 54.735941358729583, 0.0 ], [ -111.676592453553795, 54.735933905448192, 0.0 ], [ -111.676185613304099, 54.73577227035851, 0.0 ], [ -111.675418509727393, 54.735702904643439, 0.0 ], [ -111.675054065317596, 54.735669947112733, 0.0 ], [ -111.674503131687104, 54.735353387294268, 0.0 ], [ -111.674420097395299, 54.735305673410707, 0.0 ], [ -111.673745779562196, 54.735082988740707, 0.0 ], [ -111.673071469310699, 54.734860299514153, 0.0 ], [ -111.672842629971498, 54.734784724762811, 0.0 ], [ -111.672067186768402, 54.734762475857501, 0.0 ], [ -111.672018285848296, 54.734761072096347, 0.0 ], [ -111.6714593750701, 54.735048538998633, 0.0 ], [ -111.671437986432693, 54.735059540140391, 0.0 ], [ -111.671139888603093, 54.735212859521532, 0.0 ], [ -111.6709156455683, 54.735518456705343, 0.0 ], [ -111.670623999555204, 54.735671913514317, 0.0 ], [ -111.670217810484999, 54.735885636510147, 0.0 ], [ -111.669811617291103, 54.73609935628383, 0.0 ], [ -111.669751317490096, 54.736533193955388, 0.0 ], [ -111.669755762368695, 54.736744748587142, 0.0 ], [ -111.6697147808962, 54.737049777637822, 0.0 ], [ -111.669674233546701, 54.73735155594796, 0.0 ], [ -111.669488097297204, 54.737545785469059, 0.0 ], [ -111.669274340139097, 54.737646300488223, 0.0 ], [ -111.669261133567005, 54.738019615864538, 0.0 ], [ -111.669242441233607, 54.73811512414558, 0.0 ], [ -111.668787151644906, 54.73832005699127, 0.0 ], [ -111.669221147410497, 54.738556878728438, 0.0 ], [ -111.669590517971301, 54.738791921232263, 0.0 ], [ -111.669184290196, 54.739005639226463, 0.0 ], [ -111.669168506535399, 54.73945180193811, 0.0 ], [ -111.669165598162493, 54.739468566901458, 0.0 ], [ -111.668741196611293, 54.739668116980049, 0.0 ], [ -111.668704332651103, 54.740116876278869, 0.0 ], [ -111.668674955565507, 54.740474504953823, 0.0 ], [ -111.668354115932999, 54.740590791573219, 0.0 ], [ -111.667948262194002, 54.740737890975737, 0.0 ], [ -111.667395509840006, 54.741053429114721, 0.0 ], [ -111.666842751915297, 54.741368965582517, 0.0 ], [ -111.666674191980405, 54.741465184982317, 0.0 ], [ -111.666663156751497, 54.741580440016627, 0.0 ], [ -111.666579389075395, 54.741615766748971, 0.0 ], [ -111.666539733205497, 54.742098182784247, 0.0 ], [ -111.666610136022001, 54.742134264176229, 0.0 ], [ -111.666597989529805, 54.742261159362947, 0.0 ], [ -111.666870084843893, 54.742681941706927, 0.0 ], [ -111.666910728666295, 54.742744795057213, 0.0 ], [ -111.666876637590207, 54.743193627557261, 0.0 ], [ -111.666842542305702, 54.743642461719197, 0.0 ], [ -111.666808447761795, 54.744091294081038, 0.0 ], [ -111.666806825983898, 54.744112648808063, 0.0 ], [ -111.666045426279595, 54.744091697359693, 0.0 ], [ -111.665639126065102, 54.744305402322873, 0.0 ], [ -111.665272808625204, 54.74403295262951, 0.0 ], [ -111.664863429115798, 54.744284049968613, 0.0 ], [ -111.664494041001106, 54.744048992106379, 0.0 ], [ -111.664124653835302, 54.74381393577616, 0.0 ], [ -111.663755274340801, 54.743578874866287, 0.0 ], [ -111.663385895795003, 54.743343815488508, 0.0 ], [ -111.663016524698605, 54.743108754223663, 0.0 ], [ -111.662647156323899, 54.742873691841133, 0.0 ], [ -111.662240851061995, 54.743087386261948, 0.0 ], [ -111.661465181771007, 54.743066010737842, 0.0 ], [ -111.661216339621802, 54.743218045673117, 0.0 ], [ -111.661036411720701, 54.743214234475793, 0.0 ], [ -111.660260378994295, 54.743197793260236, 0.0 ], [ -111.660121758902207, 54.743194855912911, 0.0 ], [ -111.659525559982697, 54.743482722832013, 0.0 ], [ -111.659312943320799, 54.743585381644401, 0.0 ], [ -111.659101198566404, 54.743450616105598, 0.0 ], [ -111.658731851899404, 54.743215542108842, 0.0 ], [ -111.658325524669294, 54.743429222201847, 0.0 ], [ -111.657919191614994, 54.743642900823907, 0.0 ], [ -111.657607227187697, 54.743834714024743, 0.0 ], [ -111.657538026987396, 54.743877263270939, 0.0 ], [ -111.656759331839297, 54.743880762903828, 0.0 ], [ -111.655947805641105, 54.743863362339432, 0.0 ], [ -111.655149416733707, 54.743826327413771, 0.0 ], [ -111.654410134181504, 54.743770931484796, 0.0 ], [ -111.654177263615594, 54.743622700207872, 0.0 ], [ -111.6536463570405, 54.743442455625562, 0.0 ], [ -111.653332732284099, 54.743076924297633, 0.0 ], [ -111.653315461427695, 54.742627770279967, 0.0 ], [ -111.653298192226302, 54.742178617177743, 0.0 ], [ -111.6531790017292, 54.742042591770527, 0.0 ], [ -111.653006949858593, 54.741933067437898, 0.0 ], [ -111.652668126747102, 54.741681950929859, 0.0 ], [ -111.651831538498399, 54.741692564929757, 0.0 ], [ -111.651492724749701, 54.741441445254033, 0.0 ], [ -111.650329276958402, 54.741409281125961, 0.0 ], [ -111.650402884250894, 54.740986286461791, 0.0 ], [ -111.650329870715794, 54.740895158706813, 0.0 ], [ -111.650055974136805, 54.74075546827877, 0.0 ], [ -111.649575635778405, 54.740986350081243, 0.0 ], [ -111.649061535003497, 54.741233457813287, 0.0 ], [ -111.648353391377498, 54.741417788991633, 0.0 ], [ -111.648199808903897, 54.741457765329713, 0.0 ], [ -111.647757478433704, 54.741444681119468, 0.0 ], [ -111.647222164284898, 54.74111923781004, 0.0 ], [ -111.646760996451107, 54.740838866551982, 0.0 ], [ -111.646065711558606, 54.740638831366738, 0.0 ], [ -111.645507078003604, 54.740478106845103, 0.0 ], [ -111.644960420228401, 54.740159042430648, 0.0 ], [ -111.644878290080996, 54.740111105408957, 0.0 ], [ -111.644184574391701, 54.739909272862789, 0.0 ], [ -111.643825048535504, 54.739804666736902, 0.0 ], [ -111.643049943192096, 54.739777915481319, 0.0 ], [ -111.642274840626797, 54.739751159323227, 0.0 ], [ -111.642091852623196, 54.739744842076547, 0.0 ], [ -111.641621464858005, 54.739800899692511, 0.0 ], [ -111.641228493078799, 54.740188380115796, 0.0 ], [ -111.641148072210896, 54.740267677959501, 0.0 ], [ -111.641034551191694, 54.740712114391307, 0.0 ], [ -111.640979400557995, 54.74092801510001, 0.0 ], [ -111.640619876027102, 54.741326220940628, 0.0 ], [ -111.640538996059504, 54.74141580290781, 0.0 ], [ -111.640438264664596, 54.741472008576153, 0.0 ], [ -111.640091836933195, 54.74166530548387, 0.0 ], [ -111.639692138291906, 54.741710183002127, 0.0 ], [ -111.638917968244996, 54.741675273614391, 0.0 ], [ -111.638478268535096, 54.741655446706353, 0.0 ], [ -111.6380133233653, 54.741413587824333, 0.0 ], [ -111.637906528952996, 54.741200963215327, 0.0 ], [ -111.637912988042402, 54.740825232810977, 0.0 ], [ -111.637568732926297, 54.740605984729292, 0.0 ], [ -111.637199537561401, 54.740370846145332, 0.0 ], [ -111.6368303463194, 54.740135708282878, 0.0 ], [ -111.636054751956095, 54.740114171872882, 0.0 ], [ -111.635968863423201, 54.740059469357348, 0.0 ], [ -111.635685569846203, 54.739879029740131, 0.0 ], [ -111.635319493223506, 54.73960649078348, 0.0 ], [ -111.634909981298193, 54.739857486076318, 0.0 ], [ -111.634134393705196, 54.739835938355597, 0.0 ], [ -111.633358805590504, 54.739814385637359, 0.0 ], [ -111.633099479562603, 54.739973197124812, 0.0 ], [ -111.632789164763693, 54.739963862929933, 0.0 ], [ -111.632013728250897, 54.739940534596293, 0.0 ], [ -111.631871160077395, 54.739995438717749, 0.0 ], [ -111.631372953124, 54.739966858693187, 0.0 ], [ -111.6306256181674, 54.739963284517728, 0.0 ], [ -111.630239690125507, 54.740189933353093, 0.0 ], [ -111.629443590177601, 54.740155290122082, 0.0 ], [ -111.629037144040396, 54.740368870342358, 0.0 ], [ -111.628630693482407, 54.740582450928123, 0.0 ], [ -111.628242182153301, 54.740807459183252, 0.0 ], [ -111.627410187702793, 54.740749940706557, 0.0 ], [ -111.626557685260394, 54.740679350470828, 0.0 ], [ -111.625807723853796, 54.740674081350562, 0.0 ], [ -111.625375618645506, 54.740871315803751, 0.0 ], [ -111.625476698125993, 54.741408246882877, 0.0 ], [ -111.625187444507802, 54.741566706626983, 0.0 ], [ -111.625077908509795, 54.741626713339834, 0.0 ], [ -111.624640662939001, 54.741820679751868, 0.0 ], [ -111.624234176667798, 54.742034243267021, 0.0 ], [ -111.623827684573399, 54.742247805309127, 0.0 ], [ -111.6234497221797, 54.74249214634159, 0.0 ], [ -111.622626309774105, 54.742484185437057, 0.0 ], [ -111.621869932971507, 54.742418116310901, 0.0 ], [ -111.621500814423996, 54.742182932775357, 0.0 ], [ -111.621537674772398, 54.741740535094507, 0.0 ], [ -111.621348083258994, 54.741836542593852, 0.0 ], [ -111.620572465392002, 54.741814947110022, 0.0 ], [ -111.620132313493102, 54.741802690696588, 0.0 ], [ -111.619597311207301, 54.741477078690721, 0.0 ], [ -111.619133773165601, 54.741194955569057, 0.0 ], [ -111.618370285052706, 54.741113043853609, 0.0 ], [ -111.617861819845501, 54.741058488832778, 0.0 ], [ -111.617324042537803, 54.740734413490188, 0.0 ], [ -111.616863237191694, 54.740456719601532, 0.0 ], [ -111.616187274967103, 54.740235641498707, 0.0 ], [ -111.615511318593903, 54.74001456057411, 0.0 ], [ -111.6152901306628, 54.739942216593832, 0.0 ], [ -111.614516225448895, 54.73990568152135, 0.0 ], [ -111.613742320133298, 54.739869143275421, 0.0 ], [ -111.613228940563999, 54.739844901159493, 0.0 ], [ -111.612788432680105, 54.739754289807173, 0.0 ], [ -111.612443695535404, 54.739505287051813, 0.0 ], [ -111.612389573099804, 54.739262389542702, 0.0 ], [ -111.612376011767793, 54.739252833823087, 0.0 ], [ -111.612049321041994, 54.738995379346207, 0.0 ], [ -111.6120868112924, 54.738546645177493, 0.0 ], [ -111.612314827428605, 54.73842687888434, 0.0 ], [ -111.612427463457095, 54.738334949327843, 0.0 ], [ -111.612422569700499, 54.738288023376199, 0.0 ], [ -111.612124297404407, 54.738097910871232, 0.0 ], [ -111.6117552750448, 54.737862697045188, 0.0 ], [ -111.6117798065183, 54.737569092128389, 0.0 ], [ -111.611792766900194, 54.737413963826093, 0.0 ], [ -111.611423752488605, 54.737178749979257, 0.0 ], [ -111.611054740721301, 54.736943535914563, 0.0 ], [ -111.610685734850406, 54.736708319923842, 0.0 ], [ -111.610316733324694, 54.73647310196376, 0.0 ], [ -111.610231305383394, 54.7364707113259, 0.0 ], [ -111.609541229967405, 54.736451398757687, 0.0 ], [ -111.609565619742497, 54.736159665662271, 0.0 ], [ -111.609417205538406, 54.735947660279983, 0.0 ], [ -111.608895442320403, 54.735614974604907, 0.0 ], [ -111.608373690744003, 54.735282286873733, 0.0 ], [ -111.608061724227397, 54.73508335852371, 0.0 ], [ -111.608005462202499, 54.73504748430922, 0.0 ], [ -111.607456941775396, 54.735122682887052, 0.0 ], [ -111.607448896305499, 54.735123785310151, 0.0 ], [ -111.607177490911994, 54.735035861986752, 0.0 ], [ -111.606551865403304, 54.735018335453681, 0.0 ], [ -111.605776392927396, 54.734996607659568, 0.0 ], [ -111.605407437133394, 54.734761376246418, 0.0 ], [ -111.605278916935205, 54.73467943730757, 0.0 ], [ -111.605038484058099, 54.734526143718277, 0.0 ], [ -111.604669533701497, 54.734290910075138, 0.0 ], [ -111.604300589240594, 54.73405567450655, 0.0 ], [ -111.604338156570606, 54.733606945321178, 0.0 ], [ -111.603969220129301, 54.733371708835222, 0.0 ], [ -111.603600287882102, 54.733136472175318, 0.0 ], [ -111.6032313599042, 54.732901234444057, 0.0 ], [ -111.602455932076296, 54.732879486020757, 0.0 ], [ -111.602406302470001, 54.732905548735957, 0.0 ], [ -111.602049420586496, 54.733092974882567, 0.0 ], [ -111.601710990540198, 54.732841721031377, 0.0 ], [ -111.600874586225004, 54.732851985504688, 0.0 ], [ -111.600643625439901, 54.73268051280462, 0.0 ], [ -111.600395339573893, 54.732595107259819, 0.0 ], [ -111.599777004806896, 54.732570423653151, 0.0 ], [ -111.598952801839701, 54.732574270514426, 0.0 ], [ -111.598743745020599, 54.732417448685567, 0.0 ], [ -111.598156847300999, 54.732221143306802, 0.0 ], [ -111.597955679738803, 54.73215385727341, 0.0 ], [ -111.597878009461297, 54.731706854238688, 0.0 ], [ -111.5978276079355, 54.731416802311131, 0.0 ], [ -111.597512174645203, 54.731006304056507, 0.0 ], [ -111.597461332716193, 54.730940140895832, 0.0 ], [ -111.597178531716807, 54.730932196955642, 0.0 ], [ -111.596809661312605, 54.730696940397969, 0.0 ], [ -111.596440795176804, 54.730461682769409, 0.0 ], [ -111.596071933309403, 54.730226424069983, 0.0 ], [ -111.595703075634901, 54.729991165197127, 0.0 ], [ -111.595334222454696, 54.729755902561124, 0.0 ], [ -111.594965374942703, 54.729520640692797, 0.0 ], [ -111.594190015137201, 54.729498841121128, 0.0 ], [ -111.593812021088695, 54.729739877477932, 0.0 ], [ -111.5930040987636, 54.729738571616863, 0.0 ], [ -111.592199765228202, 54.729694524591181, 0.0 ], [ -111.591863946921805, 54.729433409235391, 0.0 ], [ -111.591088591357604, 54.729411588958463, 0.0 ], [ -111.591126298284493, 54.728962864686139, 0.0 ], [ -111.590757482731505, 54.728727590422437, 0.0 ], [ -111.590388668420303, 54.728492314103512, 0.0 ], [ -111.590019861402794, 54.728257037698818, 0.0 ], [ -111.590057578602995, 54.727808312942159, 0.0 ], [ -111.589688777973507, 54.727573036475583, 0.0 ], [ -111.589319980136295, 54.727337757997482, 0.0 ], [ -111.588522083433503, 54.727327780083797, 0.0 ], [ -111.588175880949805, 54.727080640254947, 0.0 ], [ -111.587807099612803, 54.726845356530653, 0.0 ], [ -111.587438320917002, 54.726610072589857, 0.0 ], [ -111.586663024294594, 54.726588225707467, 0.0 ], [ -111.586294253104199, 54.726352938357451, 0.0 ], [ -111.585925487807003, 54.72611764908352, 0.0 ], [ -111.585556726701398, 54.725882359636891, 0.0 ], [ -111.585594489894305, 54.72543363678917, 0.0 ], [ -111.585992829425706, 54.725023688004157, 0.0 ], [ -111.586019885869405, 54.724995843319718, 0.0 ], [ -111.585651132727094, 54.724760552421813, 0.0 ], [ -111.585282385175503, 54.724525263189847, 0.0 ], [ -111.584849038849796, 54.724288149369208, 0.0 ], [ -111.585320151130603, 54.724076539515671, 0.0 ], [ -111.585337427121004, 54.723614746602713, 0.0 ], [ -111.585764411349601, 54.723414383342458, 0.0 ], [ -111.585802168803696, 54.722965660213923, 0.0 ], [ -111.586208658157901, 54.722752226216578, 0.0 ], [ -111.585365687198305, 54.722765943127953, 0.0 ], [ -111.5850296517185, 54.722551515106836, 0.0 ], [ -111.584996958978707, 54.722530653241563, 0.0 ], [ -111.585062291435904, 54.722230791378912, 0.0 ], [ -111.5849933030009, 54.722018805948402, 0.0 ], [ -111.584916114267202, 54.721927438199778, 0.0 ], [ -111.584733753229102, 54.721811066701179, 0.0 ], [ -111.584365035799394, 54.721575773195433, 0.0 ], [ -111.584388053135498, 54.721302340532468, 0.0 ], [ -111.584311425389004, 54.721211632270752, 0.0 ], [ -111.584099996941603, 54.720961347651489, 0.0 ], [ -111.583969500545393, 54.720889934090579, 0.0 ], [ -111.584071536023004, 54.720844100168343, 0.0 ], [ -111.584063808108695, 54.720765266452148, 0.0 ], [ -111.584426749186605, 54.720368163639272, 0.0 ], [ -111.584470733294793, 54.720320043525128, 0.0 ], [ -111.584478343701605, 54.720229605209397, 0.0 ], [ -111.584884811819094, 54.720016175287483, 0.0 ], [ -111.585209747629605, 54.71984555249535, 0.0 ], [ -111.585322445343095, 54.719402063949182, 0.0 ], [ -111.585318951201401, 54.719304209438583, 0.0 ], [ -111.584960337254699, 54.719118728442368, 0.0 ], [ -111.584998096044302, 54.718670005326381, 0.0 ], [ -111.585012557676095, 54.71849814796596, 0.0 ], [ -111.584957870203894, 54.718266546457393, 0.0 ], [ -111.584949967103995, 54.718233081561081, 0.0 ], [ -111.584463282761504, 54.717883150219578, 0.0 ], [ -111.584450984534897, 54.717874310457518, 0.0 ], [ -111.584229721494296, 54.717760003563868, 0.0 ], [ -111.584231665380798, 54.717716616961752, 0.0 ], [ -111.583998864937897, 54.717549225846533, 0.0 ], [ -111.584250511605305, 54.717296490533748, 0.0 ], [ -111.584251885220496, 54.717265860926872, 0.0 ], [ -111.584302636681997, 54.717244140036946, 0.0 ], [ -111.584711969759496, 54.71706893746881, 0.0 ], [ -111.585149128597195, 54.716875111672927, 0.0 ], [ -111.584780453670106, 54.71663982260754, 0.0 ], [ -111.584792407649701, 54.716204650653857, 0.0 ], [ -111.584881773452196, 54.715728824032141, 0.0 ], [ -111.584893725666504, 54.715293651995196, 0.0 ], [ -111.584855078892801, 54.715271581268048, 0.0 ], [ -111.584502488940004, 54.715070218849647, 0.0 ], [ -111.584541016797104, 54.714776116747203, 0.0 ], [ -111.584531103671395, 54.714764019414403, 0.0 ], [ -111.5842653716645, 54.714439758121181, 0.0 ], [ -111.584171595963397, 54.714386202301107, 0.0 ], [ -111.584214010893703, 54.71406245371157, 0.0 ], [ -111.584205048874907, 54.713971628849713, 0.0 ], [ -111.584198634792997, 54.713906601048052, 0.0 ], [ -111.583840716716907, 54.713702185926707, 0.0 ], [ -111.583891092803199, 54.713317666195131, 0.0 ], [ -111.5838587934619, 54.713214627859649, 0.0 ], [ -111.583532424658301, 54.713006311489167, 0.0 ], [ -111.582734812574301, 54.712996299422237, 0.0 ], [ -111.582585046585393, 54.712889334868848, 0.0 ], [ -111.5822579631255, 54.712859640900753, 0.0 ], [ -111.582137378887893, 54.712848694468782, 0.0 ], [ -111.581673341872801, 54.712556282553173, 0.0 ], [ -111.581676097294704, 54.712107030383841, 0.0 ], [ -111.581678850896196, 54.711657778142261, 0.0 ], [ -111.581681586968998, 54.711211682902317, 0.0 ], [ -111.581440516768495, 54.710962924204672, 0.0 ], [ -111.581333577676105, 54.710517956923773, 0.0 ], [ -111.581325947129599, 54.710486213089972, 0.0 ], [ -111.580881777716002, 54.71011785481511, 0.0 ], [ -111.580689919060703, 54.709958739799411, 0.0 ], [ -111.580739557075105, 54.70961595124411, 0.0 ], [ -111.580909893414201, 54.709440886880998, 0.0 ], [ -111.580734679787795, 54.709329032535727, 0.0 ], [ -111.581100941823394, 54.709136677170839, 0.0 ], [ -111.581099759765095, 54.708794890522121, 0.0 ], [ -111.581099365196906, 54.708680641970801, 0.0 ], [ -111.580875962307402, 54.708473692887203, 0.0 ], [ -111.580872712020906, 54.708463900057438, 0.0 ], [ -111.580810263856705, 54.708431588793907, 0.0 ], [ -111.580820739429896, 54.70830722466367, 0.0 ], [ -111.580729605792499, 54.708032502723412, 0.0 ], [ -111.580693748279799, 54.7079244070569, 0.0 ], [ -111.580166691038201, 54.707594726538659, 0.0 ], [ -111.579654727648702, 54.707274479241171, 0.0 ], [ -111.578967435769997, 54.70725506363393, 0.0 ], [ -111.578993015872896, 54.707007404553728, 0.0 ], [ -111.578723477923106, 54.706665594399283, 0.0 ], [ -111.578687020228102, 54.706619357710352, 0.0 ], [ -111.578685139826504, 54.706600616724067, 0.0 ], [ -111.578636696387804, 54.706571033493738, 0.0 ], [ -111.578662463562196, 54.706374504602337, 0.0 ], [ -111.578642039147496, 54.706170857413817, 0.0 ], [ -111.578632267738499, 54.706073426771162, 0.0 ], [ -111.5783059661522, 54.70588700250002, 0.0 ], [ -111.578285775246997, 54.705456272040742, 0.0 ], [ -111.578296239143299, 54.704996964630098, 0.0 ], [ -111.578335701978801, 54.704528661396843, 0.0 ], [ -111.578402518633695, 54.704070946455083, 0.0 ], [ -111.578495032301106, 54.703643398176212, 0.0 ], [ -111.578698304718799, 54.703536634555398, 0.0 ], [ -111.578793630630997, 54.703453809654462, 0.0 ], [ -111.578565184158805, 54.703024474724721, 0.0 ], [ -111.578528454067296, 54.702955442079322, 0.0 ], [ -111.578183234166204, 54.702735008191397, 0.0 ], [ -111.5782737450605, 54.702687469465467, 0.0 ], [ -111.577802634651306, 54.702633728315568, 0.0 ], [ -111.577027059365903, 54.702624095258642, 0.0 ], [ -111.576251476909803, 54.702614457019642, 0.0 ], [ -111.575701004190506, 54.702607613788338, 0.0 ], [ -111.575005554908302, 54.702806671401781, 0.0 ], [ -111.574485877277098, 54.702955414472328, 0.0 ], [ -111.573712122038998, 54.702987668322919, 0.0 ], [ -111.573267886200597, 54.703006181275683, 0.0 ], [ -111.572669450419795, 54.703292055220132, 0.0 ], [ -111.572573767078694, 54.703337763921112, 0.0 ], [ -111.572271668303898, 54.703379529840483, 0.0 ], [ -111.571688070105793, 54.703332190476502, 0.0 ], [ -111.571017531674002, 54.703106274982908, 0.0 ], [ -111.570520353965307, 54.702938766170668, 0.0 ], [ -111.569940649371304, 54.703237300889178, 0.0 ], [ -111.569360927055399, 54.703535831538147, 0.0 ], [ -111.568781205537903, 54.703834359541759, 0.0 ], [ -111.568201472345294, 54.704132885446093, 0.0 ], [ -111.567621727553203, 54.704431408353628, 0.0 ], [ -111.567041977360404, 54.704729928439939, 0.0 ], [ -111.566954083083402, 54.704775187078809, 0.0 ], [ -111.566179539999496, 54.704749664510352, 0.0 ], [ -111.566131247672999, 54.704748071817292, 0.0 ], [ -111.565587066038603, 54.704427885374159, 0.0 ], [ -111.565515169288901, 54.704385582426241, 0.0 ], [ -111.565353017452395, 54.704366284430947, 0.0 ], [ -111.564651886464006, 54.704558577064738, 0.0 ], [ -111.5645521163935, 54.704585940764943, 0.0 ], [ -111.564146687556999, 54.704922808381653, 0.0 ], [ -111.563811966792798, 54.704926097992839, 0.0 ], [ -111.563371005566495, 54.704930431967639, 0.0 ], [ -111.562776176124302, 54.704936273336443, 0.0 ], [ -111.562055473949002, 54.705102546381283, 0.0 ], [ -111.562019252720901, 54.70511090326066, 0.0 ], [ -111.561245010568996, 54.705082433130819, 0.0 ], [ -111.560735861745897, 54.705063705851288, 0.0 ], [ -111.560593038856496, 54.704972465580198, 0.0 ], [ -111.5608226320402, 54.704770116322983, 0.0 ], [ -111.560927265274799, 54.704473888272048, 0.0 ], [ -111.560955825385903, 54.704024940397993, 0.0 ], [ -111.560984384655399, 54.703575992480751, 0.0 ], [ -111.561012946106501, 54.703127045505767, 0.0 ], [ -111.561041506867895, 54.702678096692793, 0.0 ], [ -111.561070065086, 54.702229149587438, 0.0 ], [ -111.561096593946303, 54.701812116070812, 0.0 ], [ -111.560578290461095, 54.701477859813089, 0.0 ], [ -111.560059994088505, 54.701143599603803, 0.0 ], [ -111.559984363737101, 54.701094822542061, 0.0 ], [ -111.559295159064106, 54.701075238257133, 0.0 ], [ -111.558926777038593, 54.700839872355857, 0.0 ], [ -111.558706607450603, 54.700699200237189, 0.0 ], [ -111.558641842811596, 54.700689029208519, 0.0 ], [ -111.558119390216206, 54.700356952283542, 0.0 ], [ -111.557902978398005, 54.700219398159717, 0.0 ], [ -111.557874017664005, 54.700167225514718, 0.0 ], [ -111.557821656521696, 54.700133768246261, 0.0 ], [ -111.557453290062099, 54.69989839713309, 0.0 ], [ -111.557084930809097, 54.699663026835339, 0.0 ], [ -111.556716574342303, 54.699427654528577, 0.0 ], [ -111.555896666359303, 54.699429321820453, 0.0 ], [ -111.555573472208195, 54.699170241016233, 0.0 ], [ -111.554798724729807, 54.699148197771073, 0.0 ], [ -111.554392317780596, 54.699361528974038, 0.0 ], [ -111.553985903396693, 54.699574859554907, 0.0 ], [ -111.553579488004601, 54.699788186997843, 0.0 ], [ -111.553173066727297, 54.700001513862723, 0.0 ], [ -111.552774827132495, 54.700220070483482, 0.0 ], [ -111.551991876171002, 54.70019277693271, 0.0 ], [ -111.551953777337602, 54.700641485868879, 0.0 ], [ -111.551547337472002, 54.700854806963846, 0.0 ], [ -111.550772561328003, 54.700832735737407, 0.0 ], [ -111.550735436622702, 54.700852221073809, 0.0 ], [ -111.550366116491901, 54.701046053731318, 0.0 ], [ -111.549959664373205, 54.701259369307913, 0.0 ], [ -111.549553209544101, 54.701472683497052, 0.0 ], [ -111.549498659375104, 54.701798189582128, 0.0 ], [ -111.549474437347598, 54.701942722549489, 0.0 ], [ -111.549476953390695, 54.70237009882343, 0.0 ], [ -111.549845294472803, 54.702605492888331, 0.0 ], [ -111.550278205028505, 54.702842725538147, 0.0 ], [ -111.549807166848197, 54.703054202381587, 0.0 ], [ -111.549400692948794, 54.703267514841507, 0.0 ], [ -111.548994214789005, 54.703480825869683, 0.0 ], [ -111.548587732216205, 54.703694137260896, 0.0 ], [ -111.548244092219505, 54.703421961374161, 0.0 ], [ -111.547444567400404, 54.703436647110848, 0.0 ], [ -111.547038077512894, 54.703649951395967, 0.0 ], [ -111.546978158059304, 54.703989651018148, 0.0 ], [ -111.546954750876495, 54.704122358343547, 0.0 ], [ -111.547131156772807, 54.704212671209874, 0.0 ], [ -111.547372116599306, 54.704393539427492, 0.0 ], [ -111.547396264452004, 54.704765912111398, 0.0 ], [ -111.547378042670601, 54.705233927214707, 0.0 ], [ -111.547316771572795, 54.705700717402777, 0.0 ], [ -111.547215630119993, 54.706128884717387, 0.0 ], [ -111.546809111353397, 54.706342189548728, 0.0 ], [ -111.546402588325606, 54.706555492947999, 0.0 ], [ -111.5459960611893, 54.706768793120368, 0.0 ], [ -111.545584960563104, 54.706979173673048, 0.0 ], [ -111.545628054565498, 54.707211437464558, 0.0 ], [ -111.545616508646106, 54.707217809104051, 0.0 ], [ -111.545557092918202, 54.707665740400707, 0.0 ], [ -111.545506957780404, 54.708043732498858, 0.0 ], [ -111.545497680395798, 54.7081136708575, 0.0 ], [ -111.545481353245705, 54.708236751925469, 0.0 ], [ -111.545760360017695, 54.708655948175043, 0.0 ], [ -111.545651552203694, 54.708863322725918, 0.0 ], [ -111.545411321870304, 54.7089185874283, 0.0 ], [ -111.544637870363303, 54.708883162448473, 0.0 ], [ -111.543864425141194, 54.708847731782377, 0.0 ], [ -111.543250782228597, 54.708819619250477, 0.0 ], [ -111.542576505310706, 54.708597378705477, 0.0 ], [ -111.542434662773402, 54.708550627548121, 0.0 ], [ -111.541912525082907, 54.708218339195462, 0.0 ], [ -111.541390392973099, 54.707886046814963, 0.0 ], [ -111.541340295381801, 54.70785416375282, 0.0 ], [ -111.541353012735598, 54.70773103752267, 0.0 ], [ -111.541902768840202, 54.707414041727439, 0.0 ], [ -111.541970404972304, 54.707375041158251, 0.0 ], [ -111.542095919756207, 54.706937356884772, 0.0 ], [ -111.542092183186, 54.706639373283323, 0.0 ], [ -111.542408336266803, 54.706498373629508, 0.0 ], [ -111.542471759665503, 54.706442123403548, 0.0 ], [ -111.542552787753095, 54.705995331121393, 0.0 ], [ -111.542554292130902, 54.705987042073531, 0.0 ], [ -111.542579194593301, 54.70584973082002, 0.0 ], [ -111.542503880669699, 54.705537260166551, 0.0 ], [ -111.542359260005895, 54.705511143390048, 0.0 ], [ -111.542027268356605, 54.705593271961853, 0.0 ], [ -111.541797595753806, 54.70565008845508, 0.0 ], [ -111.541022100691507, 54.705637436942403, 0.0 ], [ -111.540454273753497, 54.705628172087891, 0.0 ], [ -111.540037400711498, 54.705577258271518, 0.0 ], [ -111.539632861492095, 54.705413447745627, 0.0 ], [ -111.538893551410098, 54.705318720490503, 0.0 ], [ -111.538367593706994, 54.704988479025779, 0.0 ], [ -111.538193527385104, 54.704879181983323, 0.0 ], [ -111.537841647641997, 54.704658235472543, 0.0 ], [ -111.537772881078098, 54.704615056964002, 0.0 ], [ -111.537508902631203, 54.704255722558763, 0.0 ], [ -111.537013894359504, 54.704365589444201, 0.0 ], [ -111.536242390986402, 54.704412672157908, 0.0 ], [ -111.535814623863203, 54.704438773442078, 0.0 ], [ -111.5356020776333, 54.704870832246762, 0.0 ], [ -111.535570507872094, 54.704935011755502, 0.0 ], [ -111.535294545915207, 54.705172775942621, 0.0 ], [ -111.535135945257693, 54.705603749099012, 0.0 ], [ -111.534761147506998, 54.705997093037873, 0.0 ], [ -111.534680629649401, 54.70608159570213, 0.0 ], [ -111.534274997401994, 54.706295465842913, 0.0 ], [ -111.533654872466997, 54.706416107244927, 0.0 ], [ -111.533636337039695, 54.706419713821177, 0.0 ], [ -111.533165918343201, 54.706769409217742, 0.0 ], [ -111.532984837586696, 54.706763009754468, 0.0 ], [ -111.532446404626697, 54.706743983450053, 0.0 ], [ -111.532102564425699, 54.706799386872689, 0.0 ], [ -111.532096104547904, 54.706823906490207, 0.0 ], [ -111.532003190548707, 54.707176583814793, 0.0 ], [ -111.531985561989103, 54.707243497132858, 0.0 ], [ -111.531868556866499, 54.707687606319112, 0.0 ], [ -111.531849157531099, 54.70776123924054, 0.0 ], [ -111.531283026240899, 54.708068421393023, 0.0 ], [ -111.530716888023505, 54.708375599909793, 0.0 ], [ -111.530397583182094, 54.708548848636333, 0.0 ], [ -111.530022381315604, 54.708932664819891, 0.0 ], [ -111.529881032130305, 54.70900679045053, 0.0 ], [ -111.529874429855099, 54.709084009507293, 0.0 ], [ -111.529633203268006, 54.709330767024632, 0.0 ], [ -111.529507977586505, 54.709458862227393, 0.0 ], [ -111.529482585983502, 54.709617027065917, 0.0 ], [ -111.529371457601002, 54.709666880080484, 0.0 ], [ -111.529526882303699, 54.709752087939741, 0.0 ], [ -111.529755460937807, 54.710091526834532, 0.0 ], [ -111.529768062142907, 54.710110235204972, 0.0 ], [ -111.529657491867894, 54.710554897636861, 0.0 ], [ -111.529631988553405, 54.710657464377157, 0.0 ], [ -111.529056781872896, 54.710958966565528, 0.0 ], [ -111.528481565195605, 54.711260464944672, 0.0 ], [ -111.528001280890194, 54.711512200488031, 0.0 ], [ -111.527885151211905, 54.711516575554121, 0.0 ], [ -111.527732663191301, 54.711419085833647, 0.0 ], [ -111.526957705163198, 54.711396859532258, 0.0 ], [ -111.526706977193896, 54.711560968573757, 0.0 ], [ -111.526452734119005, 54.711570546418187, 0.0 ], [ -111.526310795757396, 54.711575894233491, 0.0 ], [ -111.526266220073097, 54.711616935986051, 0.0 ], [ -111.525776068231394, 54.71158785999932, 0.0 ], [ -111.525737665459999, 54.712036555705133, 0.0 ], [ -111.525330976517793, 54.712249784881116, 0.0 ], [ -111.524924281686495, 54.712463013476587, 0.0 ], [ -111.524517584219694, 54.712676239785672, 0.0 ], [ -111.524345993949396, 54.712766202138667, 0.0 ], [ -111.523668513579693, 54.712914072457359, 0.0 ], [ -111.523015026228705, 54.713056701467508, 0.0 ], [ -111.522610247177994, 54.713271156935093, 0.0 ], [ -111.522419618685603, 54.713706635510441, 0.0 ], [ -111.522387677987993, 54.713779599311167, 0.0 ], [ -111.522106123492904, 54.714013690397557, 0.0 ], [ -111.522000063172001, 54.714458719426553, 0.0 ], [ -111.521957900787399, 54.714635626632912, 0.0 ], [ -111.521734524404195, 54.714845317685423, 0.0 ], [ -111.521587329254402, 54.714983491934888, 0.0 ], [ -111.521286035445897, 54.715008171167497, 0.0 ], [ -111.521095810529303, 54.715172081262573, 0.0 ], [ -111.520493360287105, 54.715200996298407, 0.0 ], [ -111.520267157077996, 54.715381747194421, 0.0 ], [ -111.519611300423904, 54.715376510972717, 0.0 ], [ -111.518978841161299, 54.715556927930947, 0.0 ], [ -111.518203444640704, 54.715574493355668, 0.0 ], [ -111.517778230852201, 54.715584124557971, 0.0 ], [ -111.517428053707903, 54.715592055778558, 0.0 ], [ -111.517360153816298, 54.715593592490301, 0.0 ], [ -111.517301075694903, 54.715624007181027, 0.0 ], [ -111.516885794985797, 54.715605538637547, 0.0 ], [ -111.516479024172199, 54.71581873769258, 0.0 ], [ -111.516458504354105, 54.71605780291172, 0.0 ], [ -111.516200424541395, 54.716190670480927, 0.0 ], [ -111.515976256467695, 54.716306078671423, 0.0 ], [ -111.515393063610802, 54.716462190560371, 0.0 ], [ -111.515258687933894, 54.716458323605501, 0.0 ], [ -111.515227314232007, 54.716823666894271, 0.0 ], [ -111.515199008864997, 54.716924037310562, 0.0 ], [ -111.515140268336793, 54.717132293248497, 0.0 ], [ -111.514757789934805, 54.717523182757738, 0.0 ], [ -111.514641715122707, 54.717641807610541, 0.0 ], [ -111.514262262673498, 54.71769498632252, 0.0 ], [ -111.513486267052599, 54.7176910098649, 0.0 ], [ -111.512710273501895, 54.717687026686541, 0.0 ], [ -111.512583388873196, 54.717686376304869, 0.0 ], [ -111.512000715730295, 54.71798309187254, 0.0 ], [ -111.511418032389599, 54.718279806251971, 0.0 ], [ -111.511293571606302, 54.718343182272861, 0.0 ], [ -111.511253837702895, 54.718557055226803, 0.0 ], [ -111.511210586918295, 54.718789849769287, 0.0 ], [ -111.511140344288805, 54.719167909361623, 0.0 ], [ -111.511427554926598, 54.719557421273777, 0.0 ], [ -111.511463181573603, 54.7200061915077, 0.0 ], [ -111.511476604171406, 54.720175279070062, 0.0 ], [ -111.511780471960293, 54.720588654875208, 0.0 ], [ -111.511874570813603, 54.720716659675787, 0.0 ], [ -111.512378409605503, 54.721058358912188, 0.0 ], [ -111.512409202562395, 54.721079242019989, 0.0 ], [ -111.512547103756106, 54.72132805267119, 0.0 ], [ -111.512593235278899, 54.721411292316162, 0.0 ], [ -111.512874956081902, 54.721594432647862, 0.0 ], [ -111.513109347343701, 54.721746806134128, 0.0 ], [ -111.513625464895597, 54.722082316873369, 0.0 ], [ -111.514141590881195, 54.722417826417868, 0.0 ], [ -111.514657724058793, 54.72275333113339, 0.0 ], [ -111.515173863888805, 54.723088837301553, 0.0 ], [ -111.515519161921105, 54.723313282116528, 0.0 ], [ -111.515749106220895, 54.723446919449522, 0.0 ], [ -111.515911777621795, 54.723541458553328, 0.0 ], [ -111.516261521984404, 54.723584771032193, 0.0 ], [ -111.516509607373294, 54.723477454398427, 0.0 ], [ -111.517019072103807, 54.723500477865919, 0.0 ], [ -111.517810325711906, 54.723533045046082, 0.0 ], [ -111.518580149165402, 54.723551906336972, 0.0 ], [ -111.519312473086003, 54.723546787505867, 0.0 ], [ -111.520106896875404, 54.723344718085279, 0.0 ], [ -111.520513726139001, 54.723131509665428, 0.0 ], [ -111.520529992921098, 54.72271452142342, 0.0 ], [ -111.520531736954595, 54.722669735678721, 0.0 ], [ -111.520553571595499, 54.72265951030348, 0.0 ], [ -111.520598074552396, 54.722555682869498, 0.0 ], [ -111.520631369737899, 54.72247799681886, 0.0 ], [ -111.520976026069306, 54.722271335424537, 0.0 ], [ -111.520997497650598, 54.722020913791049, 0.0 ], [ -111.521404307317994, 54.721807701141458, 0.0 ], [ -111.521811114270903, 54.72159448710228, 0.0 ], [ -111.521944541734499, 54.721679784851887, 0.0 ], [ -111.522213859589399, 54.721606832998553, 0.0 ], [ -111.522355916546005, 54.72156835269984, 0.0 ], [ -111.523126259515493, 54.721513727856362, 0.0 ], [ -111.523188933698705, 54.721509283177618, 0.0 ], [ -111.523902373072005, 54.721332448792907, 0.0 ], [ -111.5239891599538, 54.721310936942913, 0.0 ], [ -111.524583271286005, 54.721021884530593, 0.0 ], [ -111.524672286113798, 54.720978575094982, 0.0 ], [ -111.525247699752697, 54.72084165942929, 0.0 ], [ -111.525369781289598, 54.720714554696208, 0.0 ], [ -111.525722478315004, 54.720717303573423, 0.0 ], [ -111.525798233768299, 54.720515184474323, 0.0 ], [ -111.526164120558505, 54.72051244423546, 0.0 ], [ -111.526143412721098, 54.720961530353676, 0.0 ], [ -111.526136272395405, 54.721116312105543, 0.0 ], [ -111.526448062491895, 54.721247509656749, 0.0 ], [ -111.526509758297394, 54.721599461546177, 0.0 ], [ -111.526843239447203, 54.721656415955948, 0.0 ], [ -111.526848788531098, 54.722105650555562, 0.0 ], [ -111.526849773305301, 54.722185508754897, 0.0 ], [ -111.527140970865503, 54.722528077833381, 0.0 ], [ -111.527087703678703, 54.722976264351317, 0.0 ], [ -111.527073084087306, 54.723099275646007, 0.0 ], [ -111.526521775999001, 54.723415487195624, 0.0 ], [ -111.525995515652497, 54.72371732418555, 0.0 ], [ -111.525754546459694, 54.724036636610208, 0.0 ], [ -111.525194091386993, 54.724347423524158, 0.0 ], [ -111.525159846698301, 54.724366412837078, 0.0 ], [ -111.524774881686696, 54.724756505412103, 0.0 ], [ -111.524694462552006, 54.724837993083383, 0.0 ], [ -111.524618381675396, 54.725285075263713, 0.0 ], [ -111.524614146113805, 54.725309971431038, 0.0 ], [ -111.524542295966, 54.725732155461351, 0.0 ], [ -111.524536614582402, 54.725765527492626, 0.0 ], [ -111.524158986965602, 54.725934973089572, 0.0 ], [ -111.524128877155306, 54.726286409839361, 0.0 ], [ -111.524127464149004, 54.726302902028991, 0.0 ], [ -111.524114191270201, 54.726300988177087, 0.0 ], [ -111.523866265665106, 54.726347667971673, 0.0 ], [ -111.5232774992229, 54.726640412137208, 0.0 ], [ -111.523057687276406, 54.726749703139568, 0.0 ], [ -111.5227886376356, 54.727081686193181, 0.0 ], [ -111.522493143371406, 54.72723654292826, 0.0 ], [ -111.522086282058595, 54.727449758335062, 0.0 ], [ -111.521679415005906, 54.727662971365547, 0.0 ], [ -111.521272546711103, 54.727876183948091, 0.0 ], [ -111.521251288485601, 54.728124064871153, 0.0 ], [ -111.520805135254307, 54.728364051189729, 0.0 ], [ -111.520236553378396, 54.728669887944321, 0.0 ], [ -111.520082667439397, 54.728752661447629, 0.0 ], [ -111.520063211328093, 54.728912001881483, 0.0 ], [ -111.519985790184904, 54.728946843302303, 0.0 ], [ -111.520001959429493, 54.729413639244598, 0.0 ], [ -111.519999700432294, 54.729432143781473, 0.0 ], [ -111.519568029264093, 54.729626402590767, 0.0 ], [ -111.519497693174699, 54.730054744156462, 0.0 ], [ -111.519481934271695, 54.730517972436829, 0.0 ], [ -111.519477090172202, 54.730988176766957, 0.0 ], [ -111.519439859218807, 54.731433166677789, 0.0 ], [ -111.519379377061796, 54.731464832313129, 0.0 ], [ -111.519007110221295, 54.731634373675547, 0.0 ], [ -111.518600184586305, 54.731847574507988, 0.0 ], [ -111.518193257554302, 54.732060776686907, 0.0 ], [ -111.518190331100598, 54.732135594690071, 0.0 ], [ -111.517907069689301, 54.732432394351108, 0.0 ], [ -111.517791185954394, 54.732553814963048, 0.0 ], [ -111.517774663183602, 54.732710089073016, 0.0 ], [ -111.517743774322597, 54.733002219995143, 0.0 ], [ -111.5176963613537, 54.733450625863782, 0.0 ], [ -111.517648947278701, 54.73389902987681, 0.0 ], [ -111.5176459236352, 54.733927618452633, 0.0 ], [ -111.517788097716604, 54.734190822035551, 0.0 ], [ -111.517877540473506, 54.734356402933876, 0.0 ], [ -111.517475891562995, 54.734748456777318, 0.0 ], [ -111.517196378119905, 54.735011430045773, 0.0 ], [ -111.517170874344401, 54.735167442232679, 0.0 ], [ -111.517148209567594, 54.735179314670873, 0.0 ], [ -111.517125279765906, 54.735446316513617, 0.0 ], [ -111.517123259084798, 54.735458676426497, 0.0 ], [ -111.517050136753696, 54.735905921770858, 0.0 ], [ -111.517029732267702, 54.736030729656044, 0.0 ], [ -111.516877988507503, 54.736177877708343, 0.0 ], [ -111.516664162385695, 54.736289890359743, 0.0 ], [ -111.516257179956497, 54.736503084221837, 0.0 ], [ -111.516239101399506, 54.736964855740908, 0.0 ], [ -111.515811640459404, 54.737164965621339, 0.0 ], [ -111.515773089773404, 54.737613653733881, 0.0 ], [ -111.515366087576098, 54.737826845158303, 0.0 ], [ -111.514959079636299, 54.73804003420549, 0.0 ], [ -111.514920518204093, 54.738488722743448, 0.0 ], [ -111.514493034570506, 54.73868882760479, 0.0 ], [ -111.514474937072293, 54.739150597613111, 0.0 ], [ -111.514040276872905, 54.739346121541992, 0.0 ], [ -111.514049531277607, 54.739614438781423, 0.0 ], [ -111.513969657058297, 54.739655011177803, 0.0 ], [ -111.513386159032507, 54.739951392240528, 0.0 ], [ -111.513108898800098, 54.740092220488457, 0.0 ], [ -111.512532727333905, 54.74019729607398, 0.0 ], [ -111.512491218592103, 54.740218801378063, 0.0 ], [ -111.512439771724303, 54.740216512263402, 0.0 ], [ -111.512032724295594, 54.740429690842383, 0.0 ], [ -111.511625674148306, 54.740642868030463, 0.0 ], [ -111.5112186196544, 54.740856044680307, 0.0 ], [ -111.511156618991606, 54.741289778112026, 0.0 ], [ -111.511160775366506, 54.741532984233032, 0.0 ], [ -111.511121017028401, 54.741725140885372, 0.0 ], [ -111.5110782726872, 54.741931719320363, 0.0 ], [ -111.510769690201599, 54.742211345929967, 0.0 ], [ -111.510695049369005, 54.742414848216448, 0.0 ], [ -111.510681453937806, 54.742451914005393, 0.0 ], [ -111.510682094855596, 54.742822313665563, 0.0 ], [ -111.5106941177214, 54.742843921074041, 0.0 ], [ -111.510693954692002, 54.742887515347583, 0.0 ], [ -111.510618492339304, 54.743312650138137, 0.0 ], [ -111.510211405365098, 54.74352582196741, 0.0 ], [ -111.510017980563703, 54.743627107927203, 0.0 ], [ -111.509315797259205, 54.74380213081826, 0.0 ], [ -111.508775976026698, 54.743936680352043, 0.0 ], [ -111.508602641873594, 54.74397988130719, 0.0 ], [ -111.508486709816793, 54.744008777724602, 0.0 ], [ -111.508428191649202, 54.744023362009443, 0.0 ], [ -111.507658034853094, 54.744080780048392, 0.0 ], [ -111.507599133310705, 54.744085170336277, 0.0 ], [ -111.507516318943402, 54.744124058917983, 0.0 ], [ -111.507438984574705, 54.744120614737717, 0.0 ], [ -111.507031871495499, 54.744333775456177, 0.0 ], [ -111.506864355183396, 54.74442148562207, 0.0 ], [ -111.506195639605593, 54.744593281757673, 0.0 ], [ -111.505485928850504, 54.744775604406399, 0.0 ], [ -111.504776210381607, 54.744957921858443, 0.0 ], [ -111.504462070921505, 54.74503861914701, 0.0 ], [ -111.503685527165402, 54.745037482647213, 0.0 ], [ -111.503070324794393, 54.745036578304543, 0.0 ], [ -111.502376853959802, 54.744936246083583, 0.0 ], [ -111.501842773327397, 54.744610130828107, 0.0 ], [ -111.501308698250895, 54.744284012340351, 0.0 ], [ -111.501038338672899, 54.744118924311707, 0.0 ], [ -111.500295704801005, 54.744025732030117, 0.0 ], [ -111.499887425707897, 54.743864608089943, 0.0 ], [ -111.499135357010104, 54.743752759813511, 0.0 ], [ -111.499011125368398, 54.743734284486493, 0.0 ], [ -111.4984743777392, 54.743409647318913, 0.0 ], [ -111.498014443088906, 54.743131462677823, 0.0 ], [ -111.497247726035098, 54.743060347342933, 0.0 ], [ -111.496884243329305, 54.743026630643193, 0.0 ], [ -111.496479938557599, 54.742862462977037, 0.0 ], [ -111.495970701359596, 54.742805569438318, 0.0 ], [ -111.495194512411302, 54.742792830890679, 0.0 ], [ -111.494725955292296, 54.742785139778917, 0.0 ], [ -111.494057606162997, 54.742919119000327, 0.0 ], [ -111.493497534892597, 54.742607956253529, 0.0 ], [ -111.4933980537445, 54.742552685327418, 0.0 ], [ -111.492635451766503, 54.742468088201178, 0.0 ], [ -111.492126764378199, 54.742411654846478, 0.0 ], [ -111.491597201302199, 54.742083101838553, 0.0 ], [ -111.4911903280031, 54.74183066341174, 0.0 ], [ -111.490637148645007, 54.741691831037812, 0.0 ], [ -111.490091132051802, 54.74137242555647, 0.0 ], [ -111.490057435169405, 54.741352713964382, 0.0 ], [ -111.489527709569998, 54.741201607987662, 0.0 ], [ -111.489437196473801, 54.740755433150937, 0.0 ], [ -111.489430803993102, 54.740723920967078, 0.0 ], [ -111.4894081065232, 54.740612035181648, 0.0 ], [ -111.489097682335299, 54.740441780093832, 0.0 ], [ -111.488729369157397, 54.740206203542378, 0.0 ], [ -111.488745099448494, 54.740024552638793, 0.0 ], [ -111.488332395330204, 54.739758941071869, 0.0 ], [ -111.488264939485205, 54.739715527080897, 0.0 ], [ -111.4875843892777, 54.739499268224058, 0.0 ], [ -111.487474808997405, 54.73946444510706, 0.0 ], [ -111.487262901237997, 54.739492499087291, 0.0 ], [ -111.486677796849193, 54.739787810630247, 0.0 ], [ -111.486235480213395, 54.740011049894697, 0.0 ], [ -111.485459066595794, 54.740014996691812, 0.0 ], [ -111.484856736595404, 54.740018053306088, 0.0 ], [ -111.484490734504803, 54.740079929351779, 0.0 ], [ -111.484106083603194, 54.740307441771478, 0.0 ], [ -111.483948279330704, 54.740747304145323, 0.0 ], [ -111.483829716635896, 54.741077778123177, 0.0 ], [ -111.483252952538507, 54.74137854796674, 0.0 ], [ -111.483126539106706, 54.741444469371153, 0.0 ], [ -111.482391716470403, 54.741423130848261, 0.0 ], [ -111.481597972881303, 54.741391511210267, 0.0 ], [ -111.480823964475604, 54.741351890076338, 0.0 ], [ -111.480082352123404, 54.741304637543969, 0.0 ], [ -111.479745248673296, 54.741052727782531, 0.0 ], [ -111.478951065099196, 54.741039970508439, 0.0 ], [ -111.478131951631696, 54.741040253443067, 0.0 ], [ -111.477387635467394, 54.741001397043142, 0.0 ], [ -111.477019385456302, 54.740765784874839, 0.0 ], [ -111.4766397713488, 54.740996512693528, 0.0 ], [ -111.475809056534402, 54.740938609292513, 0.0 ], [ -111.475429433965303, 54.741169334086358, 0.0 ], [ -111.474653951455295, 54.741146765279133, 0.0 ], [ -111.473878469945603, 54.741124192416798, 0.0 ], [ -111.473466881530399, 54.741387091675101, 0.0 ], [ -111.472975615087606, 54.741340948620582, 0.0 ], [ -111.472695731874396, 54.741314658709648, 0.0 ], [ -111.472729101045203, 54.740931104104931, 0.0 ], [ -111.472711845890899, 54.740851325334077, 0.0 ], [ -111.4723665443138, 54.740630365691779, 0.0 ], [ -111.471998330599405, 54.740394737912709, 0.0 ], [ -111.472034123956803, 54.739983366985797, 0.0 ], [ -111.471929819504396, 54.739916382794092, 0.0 ], [ -111.471241053056602, 54.739709016056572, 0.0 ], [ -111.471156872063901, 54.739683672042148, 0.0 ], [ -111.470924874772805, 54.739671546530857, 0.0 ], [ -111.470105791176593, 54.739671776486659, 0.0 ], [ -111.469311640415, 54.739658956444643, 0.0 ], [ -111.469119948700595, 54.739515658819293, 0.0 ], [ -111.469114854660702, 54.739515360085953, 0.0 ], [ -111.468584226941005, 54.739187408718607, 0.0 ], [ -111.468555911227398, 54.739169906156782, 0.0 ], [ -111.4678309938393, 54.739148769066681, 0.0 ], [ -111.467462818610301, 54.738913127987132, 0.0 ], [ -111.467094647649503, 54.738677485843219, 0.0 ], [ -111.466726482273302, 54.738441845372257, 0.0 ], [ -111.466386475989907, 54.738191474554029, 0.0 ], [ -111.465610052712194, 54.738169375371967, 0.0 ], [ -111.464797429362307, 54.73816620668768, 0.0 ], [ -111.463996871583902, 54.738156719559477, 0.0 ], [ -111.463256652605295, 54.738115671901383, 0.0 ], [ -111.463107066906701, 54.738019919375631, 0.0 ], [ -111.462962682510494, 54.738014288830001, 0.0 ], [ -111.462326080092495, 54.737855496324087, 0.0 ], [ -111.462249712689299, 54.73783644837723, 0.0 ], [ -111.461763188809996, 54.738081658969122, 0.0 ], [ -111.461659543141593, 54.738297231773203, 0.0 ], [ -111.461254423974196, 54.738492003126467, 0.0 ], [ -111.461246377457499, 54.738747681946272, 0.0 ], [ -111.461072078576706, 54.738829334583677, 0.0 ], [ -111.460303210427, 54.738891816780523, 0.0 ], [ -111.460168779261394, 54.738902742432892, 0.0 ], [ -111.459612263690204, 54.739215997959043, 0.0 ], [ -111.459280085196497, 54.739402973160033, 0.0 ], [ -111.459266339842998, 54.739520426165953, 0.0 ], [ -111.459185785015094, 54.739554188986247, 0.0 ], [ -111.459143666581895, 54.740036499299443, 0.0 ], [ -111.459202398638396, 54.740066779884728, 0.0 ], [ -111.459192671272106, 54.740149896027098, 0.0 ], [ -111.4594858365015, 54.740565877550843, 0.0 ], [ -111.459499078812399, 54.740584669830319, 0.0 ], [ -111.459489909679206, 54.741033872221962, 0.0 ], [ -111.459486834588404, 54.741184419052182, 0.0 ], [ -111.459395806591701, 54.741603686949937, 0.0 ], [ -111.459351378962296, 54.74164865270717, 0.0 ], [ -111.459017348366302, 54.7417973172332, 0.0 ], [ -111.459007995439194, 54.742235912293197, 0.0 ], [ -111.458988931483702, 54.742415786007541, 0.0 ], [ -111.458953333769102, 54.742751666872678, 0.0 ], [ -111.458560850690304, 54.742926337647411, 0.0 ], [ -111.458506934027795, 54.743365572925057, 0.0 ], [ -111.458508141361705, 54.743481217595694, 0.0 ], [ -111.458441177715798, 54.743778553129083, 0.0 ], [ -111.458270929003703, 54.743949620675217, 0.0 ], [ -111.458075107345195, 54.744036653067447, 0.0 ], [ -111.457667745967797, 54.744249644171028, 0.0 ], [ -111.457260377218901, 54.744462633745343, 0.0 ], [ -111.457221168856094, 54.74491129403939, 0.0 ], [ -111.456813792577094, 54.745124282006977, 0.0 ], [ -111.4564064120284, 54.745337268535927, 0.0 ], [ -111.455999027131597, 54.745550254523522, 0.0 ], [ -111.455959803328099, 54.745998913227247, 0.0 ], [ -111.455522956097496, 54.746193042530443, 0.0 ], [ -111.455527904922803, 54.74666998302623, 0.0 ], [ -111.455473950259403, 54.747109216225631, 0.0 ], [ -111.455042798135807, 54.74730699933491, 0.0 ], [ -111.455056890906405, 54.747789795877729, 0.0 ], [ -111.455049448113598, 54.748073815771207, 0.0 ], [ -111.454938701754898, 54.748087808675493, 0.0 ], [ -111.454369907428202, 54.748159669806881, 0.0 ], [ -111.453875656140696, 54.748376290476948, 0.0 ], [ -111.453411663468998, 54.74862317924287, 0.0 ], [ -111.453397612649198, 54.74862276696156, 0.0 ], [ -111.453397639060896, 54.748630641165263, 0.0 ], [ -111.453399261503094, 54.749097613126352, 0.0 ], [ -111.452950915228499, 54.749284398975583, 0.0 ], [ -111.452543470712001, 54.749497370543793, 0.0 ], [ -111.452504202824898, 54.749946029070557, 0.0 ], [ -111.452464935403498, 54.750394687590322, 0.0 ], [ -111.452057478461398, 54.750607658234593, 0.0 ], [ -111.451281835178605, 54.750584937372793, 0.0 ], [ -111.451242550291397, 54.751033594262857, 0.0 ], [ -111.450466900946495, 54.751010869912001, 0.0 ], [ -111.450059427463103, 54.75122383357408, 0.0 ], [ -111.450020129763104, 54.751672488970591, 0.0 ], [ -111.449585033509805, 54.751867774766403, 0.0 ], [ -111.449600955872199, 54.752351784077788, 0.0 ], [ -111.449165850307807, 54.752547067316833, 0.0 ], [ -111.449126542277995, 54.752995723123227, 0.0 ], [ -111.448622508873697, 54.752980946975569, 0.0 ], [ -111.448388929675104, 54.753214795930923, 0.0 ], [ -111.448299078298305, 54.753453438708483, 0.0 ], [ -111.448260895076203, 54.753902126423888, 0.0 ], [ -111.448222709161996, 54.754350814939713, 0.0 ], [ -111.448184522264398, 54.754799502506792, 0.0 ], [ -111.448146335698695, 54.755248191862627, 0.0 ], [ -111.448123101013806, 54.755521191843741, 0.0 ], [ -111.4483983897549, 54.755941261730939, 0.0 ], [ -111.448410481060094, 54.755959711984417, 0.0 ], [ -111.448457102399999, 54.756408132991282, 0.0 ], [ -111.448479123514005, 54.75661995079561, 0.0 ], [ -111.448824059369201, 54.757022457718662, 0.0 ], [ -111.448907654832198, 54.757120002895462, 0.0 ], [ -111.4490854253186, 54.757327438207327, 0.0 ], [ -111.449073949783397, 54.757673576197838, 0.0 ], [ -111.448695111362298, 54.758065757609643, 0.0 ], [ -111.448540044561895, 54.758226283319601, 0.0 ], [ -111.447833506538998, 54.758412963029947, 0.0 ], [ -111.447685403496195, 54.75845209350188, 0.0 ], [ -111.446916379706707, 54.758515442590358, 0.0 ], [ -111.446773159574406, 54.7585272408907, 0.0 ], [ -111.446348936220701, 54.758788553892352, 0.0 ], [ -111.446845193404599, 54.759134162841413, 0.0 ], [ -111.447281365835494, 54.7594379189701, 0.0 ], [ -111.447345980537193, 54.759565343481718, 0.0 ], [ -111.447319130153602, 54.760014306507607, 0.0 ], [ -111.447297679124901, 54.760372962474001, 0.0 ], [ -111.4469064489207, 54.760577367416147, 0.0 ], [ -111.446498860394897, 54.760790317193553, 0.0 ], [ -111.446091266043894, 54.761003265485478, 0.0 ], [ -111.445683667340504, 54.761216213234697, 0.0 ], [ -111.4452760629691, 54.761429157703802, 0.0 ], [ -111.445236697374995, 54.761877811808773, 0.0 ], [ -111.444829087093794, 54.762090753817247, 0.0 ], [ -111.444421470671998, 54.762303697929333, 0.0 ], [ -111.443996200949599, 54.762505342479727, 0.0 ], [ -111.443991542510403, 54.762976218996791, 0.0 ], [ -111.444024757308597, 54.763471340733503, 0.0 ], [ -111.444029278298601, 54.763948094829537, 0.0 ], [ -111.443967409733204, 54.764231560896441, 0.0 ], [ -111.443921744879901, 54.764231126514687, 0.0 ], [ -111.443144954981406, 54.764223729575541, 0.0 ], [ -111.442368163953901, 54.764216328511907, 0.0 ], [ -111.442068305706997, 54.764213467845579, 0.0 ], [ -111.441485141480001, 54.764510284190003, 0.0 ], [ -111.440901968892405, 54.764807095795987, 0.0 ], [ -111.440779563074301, 54.764869394272317, 0.0 ], [ -111.440655553205701, 54.765145426144578, 0.0 ], [ -111.440614526887799, 54.765553301307087, 0.0 ], [ -111.440610443064799, 54.765593898925822, 0.0 ], [ -111.440565334969904, 54.766042369945268, 0.0 ], [ -111.440520225738496, 54.766490840009048, 0.0 ], [ -111.440517174955403, 54.766521166451831, 0.0 ], [ -111.440147938341099, 54.766676294229981, 0.0 ], [ -111.439740250960298, 54.766889219631153, 0.0 ], [ -111.439700816257201, 54.767337869735762, 0.0 ], [ -111.439293121332696, 54.76755079352732, 0.0 ], [ -111.438885419029106, 54.767763715786977, 0.0 ], [ -111.438866432749293, 54.768225461525397, 0.0 ], [ -111.438438263746207, 54.768425286059568, 0.0 ], [ -111.438417613311401, 54.768660128879361, 0.0 ], [ -111.438398812399299, 54.768873935415037, 0.0 ], [ -111.438359359961296, 54.769322584717862, 0.0 ], [ -111.437951636274406, 54.769535502600277, 0.0 ], [ -111.438300179337404, 54.769995557676182, 0.0 ], [ -111.438668457267099, 54.770231287209327, 0.0 ], [ -111.439424744349694, 54.770478419040927, 0.0 ], [ -111.439793031690201, 54.770714145255127, 0.0 ], [ -111.4401613218336, 54.770949869462257, 0.0 ], [ -111.4401218873397, 54.771398520413037, 0.0 ], [ -111.440490185490304, 54.771634243717997, 0.0 ], [ -111.440858489311594, 54.771869967798928, 0.0 ], [ -111.440854441738296, 54.772300141081317, 0.0 ], [ -111.440803217870894, 54.772754950036727, 0.0 ], [ -111.440731774540794, 54.773220319391022, 0.0 ], [ -111.440682118236595, 54.773574736612922, 0.0 ], [ -111.440667067391701, 54.77368216666072, 0.0 ], [ -111.440636057425493, 54.774126416753617, 0.0 ], [ -111.440992834519903, 54.774328122478543, 0.0 ], [ -111.440984216187999, 54.774676637230918, 0.0 ], [ -111.440973111622398, 54.775125818916358, 0.0 ], [ -111.440971198260897, 54.775203185522663, 0.0 ], [ -111.441223406944104, 54.775499547973851, 0.0 ], [ -111.441343166682003, 54.775943409399503, 0.0 ], [ -111.441362604029095, 54.776015446659187, 0.0 ], [ -111.441875697896904, 54.776352841070917, 0.0 ], [ -111.442269719974703, 54.776611933307557, 0.0 ], [ -111.4423737607964, 54.776762922558568, 0.0 ], [ -111.442345335194801, 54.777086426558732, 0.0 ], [ -111.442713698424001, 54.777322143916251, 0.0 ], [ -111.442794901051201, 54.777374104607837, 0.0 ], [ -111.442844865770695, 54.77744661488974, 0.0 ], [ -111.443063912938499, 54.777764501660172, 0.0 ], [ -111.443042652568096, 54.778006512046268, 0.0 ], [ -111.443411028007404, 54.778242228333788, 0.0 ], [ -111.443779407724904, 54.778477943556659, 0.0 ], [ -111.444578233057001, 54.778488890962443, 0.0 ], [ -111.444923967086396, 54.778736431985202, 0.0 ], [ -111.445236736844194, 54.77890803285927, 0.0 ], [ -111.445230956716003, 54.779030361157687, 0.0 ], [ -111.444884574099405, 54.779185082882528, 0.0 ], [ -111.444845603421697, 54.779628876533238, 0.0 ], [ -111.444744303782699, 54.779863637747653, 0.0 ], [ -111.444730144888098, 54.779896448726291, 0.0 ], [ -111.444419709468605, 54.78017649309276, 0.0 ], [ -111.444409248491397, 54.780248945220627, 0.0 ], [ -111.444358683235194, 54.780270183152297, 0.0 ], [ -111.444329104748903, 54.780725120514603, 0.0 ], [ -111.444319171888196, 54.781192627956337, 0.0 ], [ -111.444687584661906, 54.781428340839831, 0.0 ], [ -111.445444116298503, 54.78167543831993, 0.0 ], [ -111.445812536937396, 54.781911147836759, 0.0 ], [ -111.446180965039304, 54.782146855482409, 0.0 ], [ -111.4462458939378, 54.78218839564925, 0.0 ], [ -111.4462683410772, 54.782229359327182, 0.0 ], [ -111.446768848987702, 54.782573048765961, 0.0 ], [ -111.446799537899096, 54.782594122423887, 0.0 ], [ -111.446984772139004, 54.782925488940542, 0.0 ], [ -111.447263333685001, 54.783115325493966, 0.0 ], [ -111.447246895655994, 54.783302627177342, 0.0 ], [ -111.447615342978906, 54.783538331576423, 0.0 ], [ -111.447749539847393, 54.783624180465367, 0.0 ], [ -111.447806226347595, 54.783706320584521, 0.0 ], [ -111.447969035848502, 54.783942232183158, 0.0 ], [ -111.4480883557531, 54.784115128425057, 0.0 ], [ -111.448610516727697, 54.784447897701902, 0.0 ], [ -111.449132681608305, 54.784780664702708, 0.0 ], [ -111.449654859632105, 54.785113430597633, 0.0 ], [ -111.450177043272305, 54.785446192467241, 0.0 ], [ -111.450211439787793, 54.785468111478679, 0.0 ], [ -111.450822723562695, 54.785630537821113, 0.0 ], [ -111.451193199867404, 54.785865192547149, 0.0 ], [ -111.451205042683995, 54.786314370280962, 0.0 ], [ -111.451216882440804, 54.786763547899447, 0.0 ], [ -111.451217585950502, 54.786790198819517, 0.0 ], [ -111.451222425038495, 54.786973735455362, 0.0 ], [ -111.451473400841905, 54.787270815166472, 0.0 ], [ -111.451571650685494, 54.787716442220187, 0.0 ], [ -111.451579237909101, 54.787750855018807, 0.0 ], [ -111.451971473574702, 54.788013408583382, 0.0 ], [ -111.451984201420004, 54.788021929881523, 0.0 ], [ -111.4527202851271, 54.788166360172639, 0.0 ], [ -111.452959127657806, 54.7882132223762, 0.0 ], [ -111.452977854582002, 54.788591296906127, 0.0 ], [ -111.452661160303293, 54.788871433715052, 0.0 ], [ -111.452567627487795, 54.789111839421587, 0.0 ], [ -111.452531717707302, 54.789529823773151, 0.0 ], [ -111.452529080393802, 54.789560515989884, 0.0 ], [ -111.452490533781798, 54.790009192551913, 0.0 ], [ -111.452451984310002, 54.790457871708711, 0.0 ], [ -111.452413433924605, 54.790906549019169, 0.0 ], [ -111.452374882468007, 54.791355226277901, 0.0 ], [ -111.452336407343907, 54.791803020533052, 0.0 ], [ -111.452336331650699, 54.791803901735747, 0.0 ], [ -111.452327316527501, 54.791908815912841, 0.0 ], [ -111.452439809628899, 54.792117657255211, 0.0 ], [ -111.452962399787296, 54.7924502551706, 0.0 ], [ -111.453484998593495, 54.792782850045462, 0.0 ], [ -111.453687511397703, 54.792911731771397, 0.0 ], [ -111.453757108508398, 54.793359158224519, 0.0 ], [ -111.453682730823502, 54.793806844043893, 0.0 ], [ -111.453608267680593, 54.794254009144993, 0.0 ], [ -111.453595275916797, 54.794332039977363, 0.0 ], [ -111.453028028363406, 54.79463925871368, 0.0 ], [ -111.4526758907583, 54.794829971173243, 0.0 ], [ -111.452535345120694, 54.794906086815708, 0.0 ], [ -111.452453884130193, 54.795110835293947, 0.0 ], [ -111.452791273372796, 54.795391524223469, 0.0 ], [ -111.452395380290696, 54.79559820994703, 0.0 ], [ -111.452763967193306, 54.795833899472143, 0.0 ], [ -111.453132558378798, 54.796069587931342, 0.0 ], [ -111.453093229239002, 54.796518244177982, 0.0 ], [ -111.453461828446606, 54.796753931732773, 0.0 ], [ -111.453497634394296, 54.796776826452202, 0.0 ], [ -111.453789553224098, 54.797163309187873, 0.0 ], [ -111.4538923979309, 54.797299470315913, 0.0 ], [ -111.454413857661805, 54.797632695965767, 0.0 ], [ -111.454913876032506, 54.797952212696579, 0.0 ], [ -111.454896954868502, 54.798145330042779, 0.0 ], [ -111.455265579154201, 54.798381013326242, 0.0 ], [ -111.456042140652798, 54.798403721900833, 0.0 ], [ -111.456377619251299, 54.798665206715512, 0.0 ], [ -111.457183132215505, 54.798710172173386, 0.0 ], [ -111.457992391114104, 54.798712403233758, 0.0 ], [ -111.458190352587906, 54.798586885469398, 0.0 ], [ -111.458371831987606, 54.798471814259557, 0.0 ], [ -111.459130668980094, 54.798493983281212, 0.0 ], [ -111.459148399466898, 54.798494502131618, 0.0 ], [ -111.459149174800103, 54.798485642946197, 0.0 ], [ -111.459499075444796, 54.798327909675862, 0.0 ], [ -111.459647374964504, 54.798261055334493, 0.0 ], [ -111.459951289135205, 54.798218410311399, 0.0 ], [ -111.460728097167305, 54.79823808414644, 0.0 ], [ -111.461504907645406, 54.798257753956669, 0.0 ], [ -111.462281712960703, 54.798277417720762, 0.0 ], [ -111.462856338790999, 54.798291960260421, 0.0 ], [ -111.463580774993503, 54.798341983003837, 0.0 ], [ -111.463980375323104, 54.798507996443703, 0.0 ], [ -111.464732039731899, 54.798603330760649, 0.0 ], [ -111.465335131050296, 54.798817476817888, 0.0 ], [ -111.465643633235203, 54.799229838167342, 0.0 ], [ -111.465680312264197, 54.799278863875273, 0.0 ], [ -111.465667805984907, 54.799371972808103, 0.0 ], [ -111.465811419249903, 54.799454107498477, 0.0 ], [ -111.465952141560606, 54.799642198799852, 0.0 ], [ -111.466044345923095, 54.799765436966297, 0.0 ], [ -111.466019972179396, 54.800044449880041, 0.0 ], [ -111.466416179967297, 54.800262423341827, 0.0 ], [ -111.466418875098697, 54.800266028364589, 0.0 ], [ -111.466318898442495, 54.800744738594723, 0.0 ], [ -111.466698613910694, 54.801188741948273, 0.0 ], [ -111.467455650162293, 54.801435708656697, 0.0 ], [ -111.4678243784155, 54.801671355133792, 0.0 ], [ -111.468193112585197, 54.801906999691887, 0.0 ], [ -111.469030937711594, 54.801897672732913, 0.0 ], [ -111.469324665670001, 54.801920079706562, 0.0 ], [ -111.469348097599095, 54.802220224463731, 0.0 ], [ -111.469361242894095, 54.802388633729592, 0.0 ], [ -111.469597874931196, 54.80263983320723, 0.0 ], [ -111.469690066094699, 54.803074053142943, 0.0 ], [ -111.469967302280907, 54.803493767953128, 0.0 ], [ -111.469981069275804, 54.803514605177277, 0.0 ], [ -111.469930681524801, 54.803962894196793, 0.0 ], [ -111.469922430976695, 54.804036290155452, 0.0 ], [ -111.469550616760202, 54.804195557331383, 0.0 ], [ -111.469474581089003, 54.804620655902369, 0.0 ], [ -111.469472296253201, 54.805092880842203, 0.0 ], [ -111.469841070566204, 54.805328520868962, 0.0 ], [ -111.470179250975704, 54.805580138236351, 0.0 ], [ -111.471017153910395, 54.805570798692777, 0.0 ], [ -111.471078143582801, 54.805616175289977, 0.0 ], [ -111.471010792186306, 54.805686734372841, 0.0 ], [ -111.470941584324294, 54.806007974294573, 0.0 ], [ -111.470919753629204, 54.806017765165571, 0.0 ], [ -111.470922403092899, 54.806097013742949, 0.0 ], [ -111.470914750668896, 54.806132527730838, 0.0 ], [ -111.470838896187701, 54.806484623034549, 0.0 ], [ -111.470721974461, 54.806597724076603, 0.0 ], [ -111.470500327883101, 54.806697124633807, 0.0 ], [ -111.4704611757668, 54.807145787608441, 0.0 ], [ -111.470829971141896, 54.807381423927929, 0.0 ], [ -111.470845435621797, 54.807391304683897, 0.0 ], [ -111.470874677808396, 54.807430130067388, 0.0 ], [ -111.471393748388394, 54.807764667863736, 0.0 ], [ -111.471912826134698, 54.808099201706689, 0.0 ], [ -111.4724319136849, 54.808433737070501, 0.0 ], [ -111.472758030487, 54.808643902529788, 0.0 ], [ -111.472836937834998, 54.808663685784353, 0.0 ], [ -111.473042841711703, 54.808795231366489, 0.0 ], [ -111.473411670043305, 54.809030862099142, 0.0 ], [ -111.473780501108294, 54.809266491719022, 0.0 ], [ -111.474417890981002, 54.809256748355857, 0.0 ], [ -111.474625277183804, 54.809253578279737, 0.0 ], [ -111.474994117532404, 54.809489203434268, 0.0 ], [ -111.474971474800995, 54.809591571997849, 0.0 ], [ -111.474887018471406, 54.809973374128028, 0.0 ], [ -111.475071943832106, 54.810091505592062, 0.0 ], [ -111.474901970606695, 54.810254616159909, 0.0 ], [ -111.474924959277004, 54.810506970837118, 0.0 ], [ -111.475443417441298, 54.810841846523303, 0.0 ], [ -111.475915191130298, 54.811146564732532, 0.0 ], [ -111.475464783217703, 54.811348946320493, 0.0 ], [ -111.475898383394593, 54.811586453738173, 0.0 ], [ -111.476284251051098, 54.81181319919957, 0.0 ], [ -111.476633578235393, 54.812273152931013, 0.0 ], [ -111.477002457330002, 54.812508772445582, 0.0 ], [ -111.477081173716201, 54.81255905181829, 0.0 ], [ -111.477081731865297, 54.812562103292422, 0.0 ], [ -111.477366325742096, 54.812801959991702, 0.0 ], [ -111.477332255974304, 54.813193056735273, 0.0 ], [ -111.477652340841004, 54.813358756140367, 0.0 ], [ -111.477640636687596, 54.813428011927357, 0.0 ], [ -111.477349418871498, 54.813659699073511, 0.0 ], [ -111.477307246187806, 54.813873692466643, 0.0 ], [ -111.477443088135402, 54.813975158049487, 0.0 ], [ -111.477189342910293, 54.814088504393013, 0.0 ], [ -111.477622982320099, 54.814326004330027, 0.0 ], [ -111.477991885363807, 54.814561622916813, 0.0 ], [ -111.478185243880901, 54.814685120043293, 0.0 ], [ -111.478212913732406, 54.814720512572272, 0.0 ], [ -111.478280279220897, 54.814806678365478, 0.0 ], [ -111.478274026516502, 54.815255895877748, 0.0 ], [ -111.478268597759794, 54.815646001155159, 0.0 ], [ -111.478256733837895, 54.815708097814444, 0.0 ], [ -111.478243559458903, 54.816143236089907, 0.0 ], [ -111.478370472420593, 54.816212402718222, 0.0 ], [ -111.478379332564501, 54.816229005820396, 0.0 ], [ -111.478426631575999, 54.816243007391208, 0.0 ], [ -111.478606216144698, 54.816296173157703, 0.0 ], [ -111.4786037629936, 54.816339543614227, 0.0 ], [ -111.478580817038505, 54.81674516551535, 0.0 ], [ -111.478577764583505, 54.816799118555629, 0.0 ], [ -111.478573406317693, 54.81682751650127, 0.0 ], [ -111.4785019460939, 54.817293091021412, 0.0 ], [ -111.478548387642604, 54.817318400785076, 0.0 ], [ -111.478530016409906, 54.817643151006159, 0.0 ], [ -111.478526311961105, 54.817708629676808, 0.0 ], [ -111.478495250748907, 54.817724846892929, 0.0 ], [ -111.4785243436055, 54.817743426623451, 0.0 ], [ -111.478504616441299, 54.818092144184483, 0.0 ], [ -111.478484509256901, 54.818447490647017, 0.0 ], [ -111.478798346914104, 54.818858547083309, 0.0 ], [ -111.478864395473906, 54.818945058277997, 0.0 ], [ -111.479213205155006, 54.819191189825027, 0.0 ], [ -111.479520901224603, 54.819363936327093, 0.0 ], [ -111.479484869759304, 54.819777686625613, 0.0 ], [ -111.479836833504507, 54.820022177846653, 0.0 ], [ -111.480205798730097, 54.820257790405783, 0.0 ], [ -111.480591771953996, 54.82048452163783, 0.0 ], [ -111.480960747414201, 54.820720131156783, 0.0 ], [ -111.481329727164606, 54.820955739607292, 0.0 ], [ -111.481698711205098, 54.821191346989373, 0.0 ], [ -111.482014870397293, 54.821393222038722, 0.0 ], [ -111.482031459138099, 54.821662699621889, 0.0 ], [ -111.482059095987694, 54.822111649257508, 0.0 ], [ -111.482061294101698, 54.822147367734352, 0.0 ], [ -111.482366064267197, 54.822360858837868, 0.0 ], [ -111.482325964536997, 54.822576937766939, 0.0 ], [ -111.482727614140302, 54.822795497384448, 0.0 ], [ -111.482901539137202, 54.822906545850053, 0.0 ], [ -111.482940360449405, 54.822958173593207, 0.0 ], [ -111.483035192011201, 54.823084292534567, 0.0 ], [ -111.483018291012598, 54.823533418893277, 0.0 ], [ -111.483003624146406, 54.82392317807151, 0.0 ], [ -111.483001389345105, 54.823982546114401, 0.0 ], [ -111.482999391533795, 54.824035680517262, 0.0 ], [ -111.482934169261398, 54.824400776226348, 0.0 ], [ -111.482984681573598, 54.82442660880568, 0.0 ], [ -111.482984488640994, 54.824431673345643, 0.0 ], [ -111.482979708485104, 54.824558721702267, 0.0 ], [ -111.4832359538037, 54.824853209513883, 0.0 ], [ -111.483303385827796, 54.82513162797045, 0.0 ], [ -111.483270461858496, 54.825510038110671, 0.0 ], [ -111.483603348587593, 54.825698990349792, 0.0 ], [ -111.483582337476804, 54.826071774459869, 0.0 ], [ -111.483557030795296, 54.826520771167239, 0.0 ], [ -111.483534830160195, 54.826914610027181, 0.0 ], [ -111.483507133486796, 54.827099608864032, 0.0 ], [ -111.483448039219795, 54.827558747395578, 0.0 ], [ -111.483420337410607, 54.828001495242688, 0.0 ], [ -111.483522634973994, 54.828059556885457, 0.0 ], [ -111.483783046186304, 54.828406890180773, 0.0 ], [ -111.483796010095901, 54.828424181239129, 0.0 ], [ -111.483774342214005, 54.828673243452549, 0.0 ], [ -111.484143409343403, 54.828908844368158, 0.0 ], [ -111.484174071555501, 54.828928418941487, 0.0 ], [ -111.484223971073405, 54.828994971402309, 0.0 ], [ -111.484729634469105, 54.829336427292141, 0.0 ], [ -111.485142017585801, 54.82961488704543, 0.0 ], [ -111.485224843505705, 54.829757295707672, 0.0 ], [ -111.485238377316307, 54.829756578785371, 0.0 ], [ -111.4852370934302, 54.829771340843372, 0.0 ], [ -111.4852116132285, 54.830064308144713, 0.0 ], [ -111.485549074228103, 54.830257055407827, 0.0 ], [ -111.485587500632604, 54.830406553106933, 0.0 ], [ -111.485616655652805, 54.830519975431422, 0.0 ], [ -111.485640110914602, 54.830611226618657, 0.0 ], [ -111.486164816587703, 54.830942978754543, 0.0 ], [ -111.4866895322549, 54.831274730568623, 0.0 ], [ -111.486753203680394, 54.831314986250717, 0.0 ], [ -111.487501035000903, 54.831439258125108, 0.0 ], [ -111.487686630696402, 54.831470097892549, 0.0 ], [ -111.487888810048304, 54.831747684796923, 0.0 ], [ -111.487988253856997, 54.83188421518215, 0.0 ], [ -111.4881386577906, 54.832090709347192, 0.0 ], [ -111.488106163702895, 54.832539550067501, 0.0 ], [ -111.488074580983096, 54.832975831816299, 0.0 ], [ -111.488020247220305, 54.833309265069133, 0.0 ], [ -111.487980243549003, 54.833758460391991, 0.0 ], [ -111.488016462447305, 54.833778589751681, 0.0 ], [ -111.488008680329997, 54.833886073880848, 0.0 ], [ -111.487989613820105, 54.834149456807282, 0.0 ], [ -111.488265927538293, 54.8344870580327, 0.0 ], [ -111.488293499632803, 54.834750623862867, 0.0 ], [ -111.488266958615498, 54.834893699723622, 0.0 ], [ -111.488310973442395, 54.834917639620819, 0.0 ], [ -111.488312838059599, 54.83493547412337, 0.0 ], [ -111.488334987421396, 54.835147176837538, 0.0 ], [ -111.488632601345003, 54.835528301852527, 0.0 ], [ -111.4886548005571, 54.835556729533991, 0.0 ], [ -111.488961770769905, 54.835949825579988, 0.0 ], [ -111.488927791830804, 54.836224654131158, 0.0 ], [ -111.488922863794699, 54.836264521852733, 0.0 ], [ -111.488551780760602, 54.8364582474888, 0.0 ], [ -111.488143623114297, 54.836671327324673, 0.0 ], [ -111.487735458064293, 54.836884405628879, 0.0 ], [ -111.487327290196305, 54.837097483433737, 0.0 ], [ -111.486919118033697, 54.837310559796961, 0.0 ], [ -111.486141785593404, 54.837288037306678, 0.0 ], [ -111.485733603905501, 54.837501108614489, 0.0 ], [ -111.485325420954197, 54.837714179467902, 0.0 ], [ -111.485286388381894, 54.838162846390468, 0.0 ], [ -111.484850506449504, 54.838358244663183, 0.0 ], [ -111.484866841905699, 54.838842251205541, 0.0 ], [ -111.484430952091699, 54.83903764786308, 0.0 ], [ -111.484377374334002, 54.839477040024939, 0.0 ], [ -111.484356619098605, 54.839748473623636, 0.0 ], [ -111.483885671095805, 54.839991094846241, 0.0 ], [ -111.483304986259498, 54.840290243019602, 0.0 ], [ -111.483080516176102, 54.840405881030811, 0.0 ], [ -111.482306687708103, 54.840454357919789, 0.0 ], [ -111.481728393895196, 54.840490581690368, 0.0 ], [ -111.481138055718304, 54.840783374667453, 0.0 ], [ -111.480835443398107, 54.840933458389891, 0.0 ], [ -111.480746409610902, 54.841379741578812, 0.0 ], [ -111.480741833426094, 54.841402675365252, 0.0 ], [ -111.480786176766202, 54.841447457653992, 0.0 ], [ -111.481087008683005, 54.841639458107387, 0.0 ], [ -111.481456174981602, 54.841875068268429, 0.0 ], [ -111.481417093473993, 54.842323733018418, 0.0 ], [ -111.481829410091905, 54.842543382689577, 0.0 ], [ -111.481831085068393, 54.843003557143398, 0.0 ], [ -111.481776028913202, 54.843475854216223, 0.0 ], [ -111.481669028067998, 54.84390533668855, 0.0 ], [ -111.481260756538404, 54.84411839239398, 0.0 ], [ -111.480852482345597, 54.844331445804798, 0.0 ], [ -111.480444202301598, 54.844544497728137, 0.0 ], [ -111.480813389109798, 54.844780109138902, 0.0 ], [ -111.480984707224195, 54.844889441389583, 0.0 ], [ -111.480239501702897, 54.844942149003288, 0.0 ], [ -111.480177074892595, 54.84494656431297, 0.0 ], [ -111.479742814886706, 54.845090634553657, 0.0 ], [ -111.478964353743706, 54.845089825447772, 0.0 ], [ -111.478824326628398, 54.845089679722349, 0.0 ], [ -111.478886167743596, 54.845450706072377, 0.0 ], [ -111.479378138746696, 54.845798856486553, 0.0 ], [ -111.479437097079895, 54.845840579298851, 0.0 ], [ -111.479746731670105, 54.846252747395567, 0.0 ], [ -111.479812673442595, 54.846340526972959, 0.0 ], [ -111.479822730038194, 54.846367697023346, 0.0 ], [ -111.479975263676195, 54.846779850301317, 0.0 ], [ -111.480137858805307, 54.847219173481733, 0.0 ], [ -111.480244419533506, 54.84750709275842, 0.0 ], [ -111.480554726235397, 54.847919097096323, 0.0 ], [ -111.480620695145902, 54.848006686226029, 0.0 ], [ -111.481138518784803, 54.848342135302282, 0.0 ], [ -111.481656349368095, 54.848677583128378, 0.0 ], [ -111.481902296116701, 54.848836901999157, 0.0 ], [ -111.482199017980406, 54.849252225664287, 0.0 ], [ -111.482495747271599, 54.849667549610338, 0.0 ], [ -111.4827924811146, 54.850082871055079, 0.0 ], [ -111.483089222307399, 54.850498193677993, 0.0 ], [ -111.483128199236603, 54.850552746321647, 0.0 ], [ -111.483644127353699, 54.85088918408082, 0.0 ], [ -111.484160065596797, 54.851225619798591, 0.0 ], [ -111.484587573438702, 54.851504386461002, 0.0 ], [ -111.485206674372904, 54.851776800103039, 0.0 ], [ -111.485255512021197, 54.851798288845572, 0.0 ], [ -111.485215778598601, 54.852246935891209, 0.0 ], [ -111.4851760410465, 54.852695581896569, 0.0 ], [ -111.485136300920004, 54.853144226906757, 0.0 ], [ -111.485096564205705, 54.853592873794028, 0.0 ], [ -111.485056824917095, 54.854041519686099, 0.0 ], [ -111.485017081498498, 54.854490164537928, 0.0 ], [ -111.484977341570399, 54.854938810369482, 0.0 ], [ -111.484962692432603, 54.855104155100463, 0.0 ], [ -111.484845576635806, 54.85532543054962, 0.0 ], [ -111.484328727842694, 54.855661428610681, 0.0 ], [ -111.484156173683402, 54.855773601356489, 0.0 ], [ -111.484109855621995, 54.856222036547287, 0.0 ], [ -111.484063534684097, 54.856670472530823, 0.0 ], [ -111.484028076794502, 54.857013731459602, 0.0 ], [ -111.484017212581506, 54.857118907557478, 0.0 ], [ -111.484001279059697, 54.857273158054618, 0.0 ], [ -111.483877018052695, 54.857549082880197, 0.0 ], [ -111.483294091426103, 54.857846938526471, 0.0 ], [ -111.482711152956398, 54.858144792940571, 0.0 ], [ -111.482369804009096, 54.858319202100994, 0.0 ], [ -111.482362197840303, 54.858318980633889, 0.0 ], [ -111.481979080090198, 54.858518837006848, 0.0 ], [ -111.481764379647203, 54.858628534732603, 0.0 ], [ -111.480992257744504, 54.858686895746672, 0.0 ], [ -111.480934701075199, 54.85869124522538, 0.0 ], [ -111.480815823508806, 54.85872468083388, 0.0 ], [ -111.480702254902198, 54.858756621393461, 0.0 ], [ -111.480359188556307, 54.858935576689049, 0.0 ], [ -111.479950753410193, 54.859148624328967, 0.0 ], [ -111.479152487788596, 54.859112963897999, 0.0 ], [ -111.478764564976103, 54.859339097512333, 0.0 ], [ -111.477986814118395, 54.85931651763994, 0.0 ], [ -111.477604593996503, 54.859564053613127, 0.0 ], [ -111.476768506696303, 54.859539772020767, 0.0 ], [ -111.476431315501102, 54.859271344767457, 0.0 ], [ -111.4756308739193, 54.859260586036847, 0.0 ], [ -111.475301280113499, 54.859025259210341, 0.0 ], [ -111.475258642610299, 54.859012376808629, 0.0 ], [ -111.475098763634406, 54.858964066429351, 0.0 ], [ -111.474728646203602, 54.858939844789248, 0.0 ], [ -111.474610068241205, 54.858993528549973, 0.0 ], [ -111.474506538354404, 54.858990520582758, 0.0 ], [ -111.474098074159699, 54.859203548107949, 0.0 ], [ -111.473781663245106, 54.859368565996157, 0.0 ], [ -111.473757029307293, 54.859379716506339, 0.0 ], [ -111.473749091937805, 54.859385551762408, 0.0 ], [ -111.473281917666498, 54.859728928289798, 0.0 ], [ -111.473236106971697, 54.860177378427558, 0.0 ], [ -111.473190291776504, 54.860625830210537, 0.0 ], [ -111.473144476904395, 54.861074281979739, 0.0 ], [ -111.473098660956495, 54.861522731895349, 0.0 ], [ -111.473070912877702, 54.861794321648489, 0.0 ], [ -111.473142427809506, 54.862185286290547, 0.0 ], [ -111.473665722785498, 54.862517990539907, 0.0 ], [ -111.474189024733406, 54.862850693493137, 0.0 ], [ -111.474712336842998, 54.863183394343253, 0.0 ], [ -111.475235657480596, 54.863516093942273, 0.0 ], [ -111.475758985325598, 54.863848789552968, 0.0 ], [ -111.476282321620701, 54.864181484809762, 0.0 ], [ -111.476805669868995, 54.864514175316287, 0.0 ], [ -111.477329023299603, 54.864846867172993, 0.0 ], [ -111.477852387049893, 54.865179555131441, 0.0 ], [ -111.4783757594859, 54.865512240043621, 0.0 ], [ -111.478878301325196, 54.865831677739102, 0.0 ], [ -111.479286219127601, 54.866214368699808, 0.0 ], [ -111.479318382279899, 54.866244543459963, 0.0 ], [ -111.478540106330698, 54.866262079447978, 0.0 ], [ -111.478242641654901, 54.866268781723278, 0.0 ], [ -111.477663245678201, 54.866569000831973, 0.0 ], [ -111.477083839391696, 54.866869218787123, 0.0 ], [ -111.476933605905501, 54.867032269137923, 0.0 ], [ -111.476884799588703, 54.867422154591907, 0.0 ], [ -111.476877515091402, 54.867480332244128, 0.0 ], [ -111.476821424452496, 54.86792839442731, 0.0 ], [ -111.476789467379504, 54.868183664186361, 0.0 ], [ -111.476436273260902, 54.868550564143007, 0.0 ], [ -111.476404378938497, 54.86867455035928, 0.0 ], [ -111.4763502167024, 54.868698357572548, 0.0 ], [ -111.476267410818593, 54.869150436675767, 0.0 ], [ -111.476226193153195, 54.869622464959967, 0.0 ], [ -111.476229825420603, 54.870077053702609, 0.0 ], [ -111.476272658916102, 54.870100152581223, 0.0 ], [ -111.476266161989798, 54.87019521852951, 0.0 ], [ -111.476528179999406, 54.870618270037809, 0.0 ], [ -111.476555452995299, 54.870662303889503, 0.0 ], [ -111.476335389626797, 54.870898253921922, 0.0 ], [ -111.476190710983104, 54.870959114223673, 0.0 ], [ -111.476096657728903, 54.871386552235577, 0.0 ], [ -111.476028328148104, 54.871844180238831, 0.0 ], [ -111.4759874345405, 54.872312418809798, 0.0 ], [ -111.475975683168002, 54.872771689234, 0.0 ], [ -111.475990709634701, 54.873110422397041, 0.0 ], [ -111.475955555532906, 54.873510904529233, 0.0 ], [ -111.475916171066103, 54.873959558581411, 0.0 ], [ -111.475906168341396, 54.874073504140043, 0.0 ], [ -111.475851577011596, 54.874097849317167, 0.0 ], [ -111.475901628737006, 54.874125225895327, 0.0 ], [ -111.475876787064706, 54.874408212626378, 0.0 ], [ -111.475863870363895, 54.874555354092649, 0.0 ], [ -111.475837401972598, 54.87485686661892, 0.0 ], [ -111.475798015711305, 54.875305521456347, 0.0 ], [ -111.475758628437603, 54.875754175344028, 0.0 ], [ -111.475719241785995, 54.87620282742985, 0.0 ], [ -111.475714191452198, 54.876260352924717, 0.0 ], [ -111.475050491862504, 54.876495604403019, 0.0 ], [ -111.474998158026807, 54.876514155761477, 0.0 ], [ -111.474427415175597, 54.876819927805592, 0.0 ], [ -111.473856662210594, 54.877125696085599, 0.0 ], [ -111.473285902008598, 54.877431463383822, 0.0 ], [ -111.473285113172196, 54.877431884855767, 0.0 ], [ -111.472715131613896, 54.877737227815047, 0.0 ], [ -111.4725253361879, 54.877838899751787, 0.0 ], [ -111.472447611600302, 54.878026258874428, 0.0 ], [ -111.4724307083806, 54.878034130993179, 0.0 ], [ -111.472429230980097, 54.878070562191382, 0.0 ], [ -111.472344087783, 54.878275804560253, 0.0 ], [ -111.472329933083998, 54.87830992494785, 0.0 ], [ -111.472043570867001, 54.878545233104603, 0.0 ], [ -111.472017569564997, 54.878661749424012, 0.0 ], [ -111.471988867397798, 54.878790360550873, 0.0 ], [ -111.472030604032796, 54.87897924440103, 0.0 ], [ -111.472353236628194, 54.879388144830322, 0.0 ], [ -111.472381226564806, 54.879423617353623, 0.0 ], [ -111.4725897292479, 54.879687864147343, 0.0 ], [ -111.472294292163895, 54.879841852808738, 0.0 ], [ -111.471885597621196, 54.880054868994229, 0.0 ], [ -111.471883727305595, 54.88007626999368, 0.0 ], [ -111.471570329708598, 54.880247499963353, 0.0 ], [ -111.471205049553603, 54.880644297449621, 0.0 ], [ -111.470839758899501, 54.881041094518586, 0.0 ], [ -111.470605417288397, 54.881295646406222, 0.0 ], [ -111.470588764669998, 54.881587165835413, 0.0 ], [ -111.470579769588895, 54.8817446323418, 0.0 ], [ -111.470565336804597, 54.881997279970321, 0.0 ], [ -111.470797956818998, 54.882302576382287, 0.0 ], [ -111.470566199631406, 54.88252456156517, 0.0 ], [ -111.470542192830393, 54.882547555959519, 0.0 ], [ -111.470422956105494, 54.882991490495037, 0.0 ], [ -111.470378263838199, 54.883157883445591, 0.0 ], [ -111.470026091924595, 54.883526869342312, 0.0 ], [ -111.469998821988099, 54.883793849182233, 0.0 ], [ -111.469970020622497, 54.883806894789529, 0.0 ], [ -111.469931662639993, 54.884256132460003, 0.0 ], [ -111.469929074386698, 54.884476686927997, 0.0 ], [ -111.469888671703899, 54.884872219420238, 0.0 ], [ -111.469842861846999, 54.885320670808717, 0.0 ], [ -111.469827280425605, 54.885473216462557, 0.0 ], [ -111.469612911789596, 54.885715596953467, 0.0 ], [ -111.469389526151403, 54.885812436116836, 0.0 ], [ -111.4693076506056, 54.886270177971717, 0.0 ], [ -111.469280165276899, 54.886743274268611, 0.0 ], [ -111.469311874506602, 54.887176784278637, 0.0 ], [ -111.469610407705005, 54.887340042293523, 0.0 ], [ -111.469424607317094, 54.887557679967358, 0.0 ], [ -111.469272592361904, 54.887625440698777, 0.0 ], [ -111.469264363287095, 54.887886269687478, 0.0 ], [ -111.469203420932303, 54.888132631414827, 0.0 ], [ -111.469173650134294, 54.888252969680281, 0.0 ], [ -111.469073509120605, 54.888366954005853, 0.0 ], [ -111.468514130894505, 54.888484126143211, 0.0 ], [ -111.468478887245794, 54.888501940743573, 0.0 ], [ -111.468415718497099, 54.888500102379368, 0.0 ], [ -111.468111161142104, 54.888687805945473, 0.0 ], [ -111.4680162374285, 54.888735782223442, 0.0 ], [ -111.467928177726193, 54.888780293259273, 0.0 ], [ -111.467737133557094, 54.888876853846398, 0.0 ], [ -111.467510091668601, 54.889306591864951, 0.0 ], [ -111.467432927528193, 54.889452644227127, 0.0 ], [ -111.466871427334596, 54.889764161110243, 0.0 ], [ -111.4666384549638, 54.88989341054728, 0.0 ], [ -111.4661350936628, 54.890105329481337, 0.0 ], [ -111.465373766932601, 54.890201319624929, 0.0 ], [ -111.465206690394893, 54.89022238215194, 0.0 ], [ -111.465204815584102, 54.890222619011134, 0.0 ], [ -111.465146007550004, 54.890670564673627, 0.0 ], [ -111.465087196674403, 54.891118507524617, 0.0 ], [ -111.4650283869194, 54.891566455775923, 0.0 ], [ -111.464969574401593, 54.89201440031843, 0.0 ], [ -111.464917855388293, 54.892408303912831, 0.0 ], [ -111.464646639623595, 54.892610693978952, 0.0 ], [ -111.464441430964101, 54.89276382300919, 0.0 ], [ -111.464104876796796, 54.893014961119214, 0.0 ], [ -111.463440865585795, 54.893250172478311, 0.0 ], [ -111.463388515680293, 54.893268716023201, 0.0 ], [ -111.462812489649494, 54.893571325785388, 0.0 ], [ -111.462236456705796, 54.893873930927541, 0.0 ], [ -111.461660414977402, 54.89417653499342, 0.0 ], [ -111.461555567864394, 54.894231612759491, 0.0 ], [ -111.461495121351305, 54.894246209495563, 0.0 ], [ -111.4612686227468, 54.894364184254172, 0.0 ], [ -111.460859722517199, 54.894577160870071, 0.0 ], [ -111.460081307878099, 54.894554456656678, 0.0 ], [ -111.459672401132806, 54.89476742919399, 0.0 ], [ -111.459263490156999, 54.894980399387933, 0.0 ], [ -111.458854576507406, 54.895193367283937, 0.0 ], [ -111.458445656833803, 54.895406335483003, 0.0 ], [ -111.4584514037074, 54.89588379033264, 0.0 ], [ -111.458021946242795, 54.896083663340043, 0.0 ], [ -111.457588380181207, 54.896280914969473, 0.0 ], [ -111.457179442801404, 54.89649387771852, 0.0 ], [ -111.456720182187297, 54.896687377901827, 0.0 ], [ -111.456652429411207, 54.897162186969332, 0.0 ], [ -111.456662372064699, 54.897274295765513, 0.0 ], [ -111.456691629414394, 54.897604135552633, 0.0 ], [ -111.456996297060002, 54.897798463057789, 0.0 ], [ -111.456973219317206, 54.897879861642998, 0.0 ], [ -111.456970146492495, 54.897882606575337, 0.0 ], [ -111.456633508785004, 54.89804086956218, 0.0 ], [ -111.456579494554205, 54.898480220726533, 0.0 ], [ -111.456547650427893, 54.89893371496477, 0.0 ], [ -111.456528122666697, 54.8993950642516, 0.0 ], [ -111.456511058292904, 54.899857985076402, 0.0 ], [ -111.456486602347596, 54.900316193871433, 0.0 ], [ -111.456458794221206, 54.900614419778151, 0.0 ], [ -111.456301275314303, 54.901007367319806, 0.0 ], [ -111.456016237533504, 54.901240391805203, 0.0 ], [ -111.455991894535202, 54.901372099402842, 0.0 ], [ -111.4559465717671, 54.90139318857895, 0.0 ], [ -111.455934770910105, 54.901681168490498, 0.0 ], [ -111.455933679071293, 54.90168708746188, 0.0 ], [ -111.455900551751199, 54.901866312691098, 0.0 ], [ -111.455454864785395, 54.902053530301579, 0.0 ], [ -111.455479190370795, 54.902516533524057, 0.0 ], [ -111.455501610427305, 54.902530832520362, 0.0 ], [ -111.455371209140694, 54.90260586514021, 0.0 ], [ -111.454780829008797, 54.902734667115467, 0.0 ], [ -111.4546549374504, 54.902859761239363, 0.0 ], [ -111.454666138484896, 54.903031974166268, 0.0 ], [ -111.454676694238103, 54.903194273534901, 0.0 ], [ -111.454158017140799, 54.903602442852403, 0.0 ], [ -111.453478091300596, 54.903582576978472, 0.0 ], [ -111.453434082690507, 54.903581291016053, 0.0 ], [ -111.453268985444097, 54.903667242625701, 0.0 ], [ -111.452729327578595, 54.903763827975872, 0.0 ], [ -111.452143951428198, 54.904060513227499, 0.0 ], [ -111.451558563651204, 54.904357194531528, 0.0 ], [ -111.451280449408898, 54.904498145167089, 0.0 ], [ -111.4506989502094, 54.904601095463121, 0.0 ], [ -111.450652998959299, 54.904624495236547, 0.0 ], [ -111.450610267809395, 54.904623245621963, 0.0 ], [ -111.450201206379901, 54.904836183717777, 0.0 ], [ -111.450190127662097, 54.905082119341152, 0.0 ], [ -111.4501231578313, 54.905217073716848, 0.0 ], [ -111.450069575256407, 54.90532505283096, 0.0 ], [ -111.449696246392904, 54.90571942259055, 0.0 ], [ -111.449650035022103, 54.905768240742852, 0.0 ], [ -111.449082513638601, 54.906076245605412, 0.0 ], [ -111.448912822281002, 54.906168339964253, 0.0 ], [ -111.448525385941295, 54.906136562356387, 0.0 ], [ -111.448116298170305, 54.906349492104553, 0.0 ], [ -111.448039896830295, 54.906389257815157, 0.0 ], [ -111.447413218307304, 54.906533114233383, 0.0 ], [ -111.446807062790597, 54.90681563118406, 0.0 ], [ -111.446715679213, 54.906858222151172, 0.0 ], [ -111.445942178359203, 54.906914510065683, 0.0 ], [ -111.445882143551998, 54.906918877535581, 0.0 ], [ -111.445165547889601, 54.907095851499079, 0.0 ], [ -111.4450118673372, 54.90713380269581, 0.0 ], [ -111.444965133094897, 54.907156838315387, 0.0 ], [ -111.444922617546993, 54.907155593048287, 0.0 ], [ -111.444513503802, 54.907368510291349, 0.0 ], [ -111.444117485900605, 54.907574607649757, 0.0 ], [ -111.443936255136407, 54.90766392649904, 0.0 ], [ -111.443699071242193, 54.907709729145452, 0.0 ], [ -111.443695260259901, 54.907794340343763, 0.0 ], [ -111.443619598028405, 54.907871466666421, 0.0 ], [ -111.443266329778098, 54.908231572935428, 0.0 ], [ -111.4428571961936, 54.908444486075418, 0.0 ], [ -111.442448056897405, 54.908657395927612, 0.0 ], [ -111.442038913367796, 54.90887030343486, 0.0 ], [ -111.441629765446095, 54.909083210391728, 0.0 ], [ -111.441220613132401, 54.90929611679816, 0.0 ], [ -111.440811456664207, 54.909509019962293, 0.0 ], [ -111.440402294246496, 54.909721922530252, 0.0 ], [ -111.439993129073201, 54.909934823696062, 0.0 ], [ -111.439583961064898, 54.910147724356989, 0.0 ], [ -111.439575656739805, 54.910348315705448, 0.0 ], [ -111.4394787723147, 54.910562183136228, 0.0 ], [ -111.439446593549505, 54.910633216582823, 0.0 ], [ -111.439378923063103, 54.91069590770973, 0.0 ], [ -111.439135134809504, 54.910809260851948, 0.0 ], [ -111.439105045850098, 54.911103377434621, 0.0 ], [ -111.439089618981598, 54.91125415921335, 0.0 ], [ -111.439114486926101, 54.911743958836887, 0.0 ], [ -111.439016176832894, 54.912155178085222, 0.0 ], [ -111.438237441312495, 54.912132330876922, 0.0 ], [ -111.437900381899297, 54.911879688771172, 0.0 ], [ -111.437089176796505, 54.91187372940631, 0.0 ], [ -111.436277972011197, 54.911867766418148, 0.0 ], [ -111.436133424463407, 54.911759411124457, 0.0 ], [ -111.435909257119803, 54.911750501915783, 0.0 ], [ -111.435628450857905, 54.911739338065694, 0.0 ], [ -111.435064300064298, 54.911573784951138, 0.0 ], [ -111.4349336588798, 54.911535447202603, 0.0 ], [ -111.434903813156495, 54.911526688259393, 0.0 ], [ -111.434486214987501, 54.911552870536468, 0.0 ], [ -111.434109098372502, 54.911946054755198, 0.0 ], [ -111.433956310111299, 54.912105351168357, 0.0 ], [ -111.433907332835204, 54.912553683059237, 0.0 ], [ -111.433897159135398, 54.912646812781652, 0.0 ], [ -111.433865520765195, 54.912660821240387, 0.0 ], [ -111.433857831893704, 54.91300676925389, 0.0 ], [ -111.433809372725705, 54.913450347505311, 0.0 ], [ -111.433790907695098, 54.913619352008311, 0.0 ], [ -111.433406180618206, 54.913789681571863, 0.0 ], [ -111.4333910958877, 54.914254036161211, 0.0 ], [ -111.433371181973897, 54.91438800066139, 0.0 ], [ -111.433266879083803, 54.914510779163002, 0.0 ], [ -111.432962653300507, 54.914676256190639, 0.0 ], [ -111.432547961142205, 54.914664069398128, 0.0 ], [ -111.432138704282195, 54.914876942618022, 0.0 ], [ -111.431729441550402, 54.915089814343638, 0.0 ], [ -111.431572336419507, 54.915171530368788, 0.0 ], [ -111.431023068390601, 54.915271979376122, 0.0 ], [ -111.430580043595299, 54.915505824004761, 0.0 ], [ -111.430448119944899, 54.915575458790059, 0.0 ], [ -111.429873163014193, 54.915878933548413, 0.0 ], [ -111.429781467372194, 54.915927330761818, 0.0 ], [ -111.430099144054594, 54.916337586416809, 0.0 ], [ -111.430331731798503, 54.91663795015937, 0.0 ], [ -111.430379268705195, 54.917034484287733, 0.0 ], [ -111.430385457670894, 54.917086101317047, 0.0 ], [ -111.430416498004504, 54.917345014199263, 0.0 ], [ -111.430908708215, 54.917693450828097, 0.0 ], [ -111.430983111674706, 54.91774612072885, 0.0 ], [ -111.431253915097003, 54.91810437389173, 0.0 ], [ -111.431294442723996, 54.918157990822657, 0.0 ], [ -111.431440517024598, 54.918351230352563, 0.0 ], [ -111.431411486310594, 54.918678894372363, 0.0 ], [ -111.431717416998495, 54.918846254205718, 0.0 ], [ -111.431696023251902, 54.918958624913017, 0.0 ], [ -111.431650746898001, 54.919003405148644, 0.0 ], [ -111.4313717368276, 54.919127528235698, 0.0 ], [ -111.431356992559998, 54.919293936724962, 0.0 ], [ -111.431303534748096, 54.919346807583402, 0.0 ], [ -111.431016085282707, 54.919631096057493, 0.0 ], [ -111.431108838365802, 54.919692214634999, 0.0 ], [ -111.430922670293697, 54.919789032856983, 0.0 ], [ -111.431292232676995, 54.920024799347431, 0.0 ], [ -111.431661801092602, 54.920260563019291, 0.0 ], [ -111.432031372027495, 54.920496328267241, 0.0 ], [ -111.432400947357706, 54.920732091547997, 0.0 ], [ -111.432580488610597, 54.920846624963652, 0.0 ], [ -111.4326157176246, 54.920893564417867, 0.0 ], [ -111.4329251861529, 54.921305906514569, 0.0 ], [ -111.433057341839103, 54.921481993103903, 0.0 ], [ -111.433051160168702, 54.921931197836592, 0.0 ], [ -111.433044973547695, 54.922380401505428, 0.0 ], [ -111.433043181112794, 54.922510730493158, 0.0 ], [ -111.433084879119093, 54.922564785910737, 0.0 ], [ -111.433084158161407, 54.922570121879453, 0.0 ], [ -111.432981166593294, 54.922998156208529, 0.0 ], [ -111.432717816499604, 54.923135109703694, 0.0 ], [ -111.432175620676603, 54.923124401130252, 0.0 ], [ -111.431396124257702, 54.923109002456307, 0.0 ], [ -111.430616627095205, 54.923093598740117, 0.0 ], [ -111.430463029427301, 54.923090563303553, 0.0 ], [ -111.430311595419397, 54.923128333574788, 0.0 ], [ -111.430204198329506, 54.923122689946851, 0.0 ], [ -111.429456059522707, 54.923119430662332, 0.0 ], [ -111.429046697422805, 54.923332290792771, 0.0 ], [ -111.428637333963295, 54.923545151360287, 0.0 ], [ -111.428227963151002, 54.92375800948976, 0.0 ], [ -111.428091031681205, 54.923840722602897, 0.0 ], [ -111.428037792262103, 54.923854207474562, 0.0 ], [ -111.427259122053698, 54.923880115778388, 0.0 ], [ -111.426890232320304, 54.923892387881033, 0.0 ], [ -111.426303427443798, 54.924051300779077, 0.0 ], [ -111.4255241753484, 54.924032038551907, 0.0 ], [ -111.424744919622697, 54.924012770298702, 0.0 ], [ -111.423965669614404, 54.923993496294727, 0.0 ], [ -111.423186417215405, 54.923974219899648, 0.0 ], [ -111.422407169135795, 54.9239549359135, 0.0 ], [ -111.422148784801607, 54.923948540135292, 0.0 ], [ -111.421399664858896, 54.924073630687253, 0.0 ], [ -111.421044665303697, 54.924132907778258, 0.0 ], [ -111.420265409722205, 54.924113678206908, 0.0 ], [ -111.419486155103399, 54.924094443644421, 0.0 ], [ -111.418706896773998, 54.924075203952867, 0.0 ], [ -111.417927645719203, 54.924055958556707, 0.0 ], [ -111.417179336107495, 54.924037472874822, 0.0 ], [ -111.416900296441, 54.924097216438767, 0.0 ], [ -111.416325133418795, 54.924400635643231, 0.0 ], [ -111.416136102188901, 54.924500354851929, 0.0 ], [ -111.416110340325005, 54.924592913694568, 0.0 ], [ -111.416424053159204, 54.924759559659968, 0.0 ], [ -111.416425072590499, 54.925186904987882, 0.0 ], [ -111.4163441998503, 54.92565681439784, 0.0 ], [ -111.416325883639502, 54.926356282600153, 0.0 ], [ -111.416087991425499, 54.926454535232423, 0.0 ], [ -111.415874848066494, 54.926542569799111, 0.0 ], [ -111.415757812466495, 54.926979923985343, 0.0 ], [ -111.415741447868797, 54.927456234701552, 0.0 ], [ -111.415972499716602, 54.927576055123907, 0.0 ], [ -111.416089597169005, 54.927734960205107, 0.0 ], [ -111.416138469550901, 54.927968274023193, 0.0 ], [ -111.416124586538302, 54.92812426064377, 0.0 ], [ -111.416177471987893, 54.928154457316353, 0.0 ], [ -111.416180686723095, 54.92816979791791, 0.0 ], [ -111.416491778115301, 54.928532683384027, 0.0 ], [ -111.416454204756207, 54.928808699405522, 0.0 ], [ -111.416780172733596, 54.928976214776647, 0.0 ], [ -111.416752821291198, 54.929326787296397, 0.0 ], [ -111.416739444299495, 54.929498240582099, 0.0 ], [ -111.416191860228395, 54.929805990708282, 0.0 ], [ -111.415417465136997, 54.929860138489857, 0.0 ], [ -111.415353486333899, 54.929864612442458, 0.0 ], [ -111.415244295257096, 54.929898407452981, 0.0 ], [ -111.415115253807002, 54.929938350724782, 0.0 ], [ -111.414915589352503, 54.930000148894642, 0.0 ], [ -111.414136447432796, 54.930022230195689, 0.0 ], [ -111.413759505850095, 54.930032911095232, 0.0 ], [ -111.4133303784606, 54.930233201321059, 0.0 ], [ -111.4132126385839, 54.930472549736947, 0.0 ], [ -111.413157660358095, 54.93049808027672, 0.0 ], [ -111.413153690685206, 54.930592382634963, 0.0 ], [ -111.413117764141703, 54.930665410548038, 0.0 ], [ -111.413064107893504, 54.93077448475578, 0.0 ], [ -111.412661452120702, 54.931159233071511, 0.0 ], [ -111.412550604184602, 54.931265149035092, 0.0 ], [ -111.412319164962398, 54.931385410054183, 0.0 ], [ -111.412304884264401, 54.931499935957149, 0.0 ], [ -111.412258788388996, 54.931543981714732, 0.0 ], [ -111.411948417734493, 54.931840536512631, 0.0 ], [ -111.411771253608805, 54.932278014084588, 0.0 ], [ -111.411757691733598, 54.932311503452738, 0.0 ], [ -111.411368868234305, 54.932700947785371, 0.0 ], [ -111.410998637035803, 54.933071759935487, 0.0 ], [ -111.410973366967397, 54.933330223573208, 0.0 ], [ -111.410925767790204, 54.933350505258261, 0.0 ], [ -111.410847080691894, 54.933815834433688, 0.0 ], [ -111.410842593505606, 54.93428335882296, 0.0 ], [ -111.410878330635995, 54.934302135807513, 0.0 ], [ -111.410867070983002, 54.934417272664056, 0.0 ], [ -111.410838645361096, 54.934707948950063, 0.0 ], [ -111.410823213320597, 54.934865775895979, 0.0 ], [ -111.410779354382399, 54.935314279968303, 0.0 ], [ -111.410735494248399, 54.935762783983762, 0.0 ], [ -111.410725294247598, 54.935867077638157, 0.0 ], [ -111.410439766380506, 54.936285128316896, 0.0 ], [ -111.4104012074895, 54.936341582425513, 0.0 ], [ -111.410633685135707, 54.936618524079798, 0.0 ], [ -111.410604497036104, 54.936744896927493, 0.0 ], [ -111.410843546939802, 54.936868520844207, 0.0 ], [ -111.4109740929228, 54.937024032692143, 0.0 ], [ -111.410979243572598, 54.937473236931773, 0.0 ], [ -111.410984394277605, 54.937922439351468, 0.0 ], [ -111.410986909081501, 54.938141989243043, 0.0 ], [ -111.411487610036801, 54.938486508393453, 0.0 ], [ -111.411739808378798, 54.938660037123867, 0.0 ], [ -111.412362547827598, 54.9389306861599, 0.0 ], [ -111.412412436193407, 54.93895236636039, 0.0 ], [ -111.412009652442407, 54.939337100738207, 0.0 ], [ -111.411724320886904, 54.939609638248193, 0.0 ], [ -111.411579340871796, 54.939684955833101, 0.0 ], [ -111.411524554701401, 54.940124144462537, 0.0 ], [ -111.411525078032994, 54.940181732352109, 0.0 ], [ -111.411437090858001, 54.940582260421081, 0.0 ], [ -111.411282006678604, 54.940710086270506, 0.0 ], [ -111.411089702575694, 54.940794998806183, 0.0 ], [ -111.411081405546597, 54.940991716284927, 0.0 ], [ -111.410974195879604, 54.941253330092387, 0.0 ], [ -111.410960823623697, 54.941285962273838, 0.0 ], [ -111.410923082718995, 54.941325030579513, 0.0 ], [ -111.410640048844499, 54.941456416312171, 0.0 ], [ -111.410624170504803, 54.941634455947408, 0.0 ], [ -111.4105815740146, 54.941678548890877, 0.0 ], [ -111.410535745963202, 54.941725986407008, 0.0 ], [ -111.409970169861097, 54.942035471616663, 0.0 ], [ -111.409485585543493, 54.942300631472818, 0.0 ], [ -111.409257377372597, 54.94260246453883, 0.0 ], [ -111.408961398221393, 54.942756201437817, 0.0 ], [ -111.408551726412199, 54.942968988311442, 0.0 ], [ -111.408142053399004, 54.943181773826112, 0.0 ], [ -111.408153442391495, 54.94332129420517, 0.0 ], [ -111.408108335043295, 54.943684435976557, 0.0 ], [ -111.408052676245703, 54.944132506557636, 0.0 ], [ -111.408038802983697, 54.944244188744577, 0.0 ], [ -111.407741219526898, 54.944351336698602, 0.0 ], [ -111.407038675187195, 54.944395002217163, 0.0 ], [ -111.406240280098402, 54.94438358827972, 0.0 ], [ -111.405392785545004, 54.944334757197971, 0.0 ], [ -111.404542928536699, 54.944266177468791, 0.0 ], [ -111.403737457424597, 54.944195512044253, 0.0 ], [ -111.403386023521193, 54.943940610020107, 0.0 ], [ -111.402623091241296, 54.943909013191458, 0.0 ], [ -111.401794607190297, 54.943911454582313, 0.0 ], [ -111.4014577856599, 54.943658577453697, 0.0 ], [ -111.401088191028194, 54.943422721174542, 0.0 ], [ -111.400718602356505, 54.943186862975139, 0.0 ], [ -111.400349014888803, 54.942951003614148, 0.0 ], [ -111.399979433381105, 54.942715142332958, 0.0 ], [ -111.399609856033905, 54.942479281777118, 0.0 ], [ -111.3988648548832, 54.942438369610372, 0.0 ], [ -111.398082453063395, 54.942416872643058, 0.0 ], [ -111.397279269281398, 54.942406163841603, 0.0 ], [ -111.396471930115595, 54.942397605123404, 0.0 ], [ -111.395677060268795, 54.942382569574249, 0.0 ], [ -111.395210628151702, 54.942364207325618, 0.0 ], [ -111.394911285876205, 54.942352421749732, 0.0 ], [ -111.3947191152523, 54.942215092282993, 0.0 ], [ -111.394642995861005, 54.942191999746697, 0.0 ], [ -111.394123786727107, 54.941856663198401, 0.0 ], [ -111.393908716146697, 54.941717753597423, 0.0 ], [ -111.393877204958997, 54.941665904837798, 0.0 ], [ -111.393825529359304, 54.941632920424652, 0.0 ], [ -111.393829592387604, 54.941587562748389, 0.0 ], [ -111.393686411535995, 54.941351965694793, 0.0 ], [ -111.393402235190607, 54.941170539660419, 0.0 ], [ -111.3930864706943, 54.94116116021987, 0.0 ], [ -111.3927169501804, 54.940925278583869, 0.0 ], [ -111.392370193930901, 54.94067757731905, 0.0 ], [ -111.391568183976602, 54.940666239784143, 0.0 ], [ -111.391231193629906, 54.940413470811578, 0.0 ], [ -111.390419434364702, 54.940407192164209, 0.0 ], [ -111.389607674114103, 54.940400907150106, 0.0 ], [ -111.389270700027893, 54.940148132986437, 0.0 ], [ -111.388423173099994, 54.940160410544109, 0.0 ], [ -111.388053689394596, 54.939924516116932, 0.0 ], [ -111.388063212224793, 54.939882048589901, 0.0 ], [ -111.387776409749307, 54.939661815567007, 0.0 ], [ -111.3877667445649, 54.939212638664031, 0.0 ], [ -111.387757079294602, 54.938763462633837, 0.0 ], [ -111.387368935782305, 54.938511626305022, 0.0 ], [ -111.386703969696896, 54.938452463094123, 0.0 ], [ -111.386123607636804, 54.938445708195282, 0.0 ], [ -111.385876676147802, 54.938442833948002, 0.0 ], [ -111.385678682462995, 54.938569309557579, 0.0 ], [ -111.385495412712501, 54.938686377733013, 0.0 ], [ -111.384747272409797, 54.938694772212123, 0.0 ], [ -111.383955274905205, 54.938688226698872, 0.0 ], [ -111.383145180111498, 54.938667505866491, 0.0 ], [ -111.382342747774004, 54.938633375950772, 0.0 ], [ -111.3815737369777, 54.938586609245917, 0.0 ], [ -111.381229982038107, 54.938334420178727, 0.0 ], [ -111.380940777612494, 54.938149731752091, 0.0 ], [ -111.380799905393701, 54.938097639573193, 0.0 ], [ -111.380058605930998, 54.938087090116028, 0.0 ], [ -111.379890389498399, 54.937966875485749, 0.0 ], [ -111.379711952708803, 54.937839355905801, 0.0 ], [ -111.379342540463696, 54.937603435016243, 0.0 ], [ -111.378973134096299, 54.93736751310535, 0.0 ], [ -111.378603730570504, 54.937131589183018, 0.0 ], [ -111.378234331282997, 54.936895665090127, 0.0 ], [ -111.377864934756303, 54.936659739883069, 0.0 ], [ -111.377495545584495, 54.936423814598491, 0.0 ], [ -111.377126157695699, 54.936187887256047, 0.0 ], [ -111.376756777323195, 54.935951958041791, 0.0 ], [ -111.3763873995496, 54.935716029507837, 0.0 ], [ -111.376018024697998, 54.935480098065412, 0.0 ], [ -111.375648655642607, 54.93524416649916, 0.0 ], [ -111.375279292464, 54.935008233911908, 0.0 ], [ -111.374909930487405, 54.934772300164127, 0.0 ], [ -111.374540574387495, 54.934536365395452, 0.0 ], [ -111.374171222686797, 54.934300428662127, 0.0 ], [ -111.373801875061801, 54.934064493553038, 0.0 ], [ -111.373432531997594, 54.933828554684972, 0.0 ], [ -111.373063194728999, 54.933592615693307, 0.0 ], [ -111.372693858662004, 54.933356675541283, 0.0 ], [ -111.372354910886997, 54.933140143873437, 0.0 ], [ -111.372324528471196, 54.933120734368522, 0.0 ], [ -111.371955204075704, 54.932884793072297, 0.0 ], [ -111.371946463536403, 54.932461707978568, 0.0 ], [ -111.3720284142357, 54.931940503875268, 0.0 ], [ -111.372033762354306, 54.931767422834326, 0.0 ], [ -111.372036218275994, 54.931687870381708, 0.0 ], [ -111.3719253999827, 54.93147812353979, 0.0 ], [ -111.371405651886107, 54.931143141493592, 0.0 ], [ -111.370885914134007, 54.930808155586853, 0.0 ], [ -111.370366183367494, 54.930473168418082, 0.0 ], [ -111.369846461225194, 54.930138179136783, 0.0 ], [ -111.369766273226503, 54.930086490858692, 0.0 ], [ -111.369374353983304, 54.929862291883943, 0.0 ], [ -111.368766991075205, 54.929696453257478, 0.0 ], [ -111.368244440913102, 54.929362932993591, 0.0 ], [ -111.367721896432002, 54.929029408705617, 0.0 ], [ -111.367199358784703, 54.928695884926263, 0.0 ], [ -111.366845670047596, 54.928609051001381, 0.0 ], [ -111.366070633857703, 54.928558235682907, 0.0 ], [ -111.365295599760202, 54.928507416342249, 0.0 ], [ -111.365016919652305, 54.928489141476462, 0.0 ], [ -111.364483207658694, 54.928161542251672, 0.0 ], [ -111.363949505894198, 54.927833940841012, 0.0 ], [ -111.363415812881598, 54.927506336300723, 0.0 ], [ -111.362906451931494, 54.927193660694812, 0.0 ], [ -111.362882128458693, 54.927178730425261, 0.0 ], [ -111.362846531432794, 54.927156878908072, 0.0 ], [ -111.362071129185793, 54.927108115484877, 0.0 ], [ -111.361468307675196, 54.927070199992713, 0.0 ], [ -111.361382768101095, 54.927040263173048, 0.0 ], [ -111.361145275420498, 54.927163501026428, 0.0 ], [ -111.360362838892001, 54.927137926865058, 0.0 ], [ -111.359575085490405, 54.927108950431837, 0.0 ], [ -111.358784471708404, 54.927078136886593, 0.0 ], [ -111.358469613911097, 54.927065767081032, 0.0 ], [ -111.358412898511901, 54.926999069307769, 0.0 ], [ -111.3576339454182, 54.926975700582076, 0.0 ], [ -111.356854991811502, 54.926952327721999, 0.0 ], [ -111.356076042609502, 54.926928948176247, 0.0 ], [ -111.3552970928138, 54.926905565393341, 0.0 ], [ -111.354518144307406, 54.926882175831267, 0.0 ], [ -111.353739196847002, 54.926858782181618, 0.0 ], [ -111.353341882665703, 54.926846847956632, 0.0 ], [ -111.352960250432602, 54.926835384444452, 0.0 ], [ -111.352981066966706, 54.926386339397382, 0.0 ], [ -111.352993338997393, 54.926121628705317, 0.0 ], [ -111.352723844140897, 54.925830372011553, 0.0 ], [ -111.352692228522301, 54.925601952758797, 0.0 ], [ -111.352632662832605, 54.925571088784963, 0.0 ], [ -111.352739336589295, 54.925111982525628, 0.0 ], [ -111.352909763656001, 54.925040657436988, 0.0 ], [ -111.353212886923103, 54.924913796096106, 0.0 ], [ -111.353189734469893, 54.924450787576909, 0.0 ], [ -111.3528206004232, 54.924214791490122, 0.0 ], [ -111.352451470935407, 54.923978791645951, 0.0 ], [ -111.352389201409693, 54.923942264943292, 0.0 ], [ -111.352064725741798, 54.923751934996943, 0.0 ], [ -111.352111641635801, 54.923554257884021, 0.0 ], [ -111.352113633536803, 54.923300409851649, 0.0 ], [ -111.352117157056895, 54.922851209365007, 0.0 ], [ -111.352120680356194, 54.922402007953259, 0.0 ], [ -111.352122367318302, 54.922186869135047, 0.0 ], [ -111.351985598735197, 54.922082944772747, 0.0 ], [ -111.351128159332305, 54.92210031145553, 0.0 ], [ -111.350277439840198, 54.922114181130027, 0.0 ], [ -111.3499311099024, 54.921866366218239, 0.0 ], [ -111.349129497347207, 54.921854754016152, 0.0 ], [ -111.348760412565298, 54.92161874356222, 0.0 ], [ -111.348391328819702, 54.921382733743428, 0.0 ], [ -111.347628884873302, 54.921350799252018, 0.0 ], [ -111.3468008785471, 54.921352872258083, 0.0 ], [ -111.346464590172005, 54.921099848830558, 0.0 ], [ -111.345662996363501, 54.921088214920943, 0.0 ], [ -111.345316704113401, 54.920840385568013, 0.0 ], [ -111.344947648028395, 54.920604364762312, 0.0 ], [ -111.344550269813595, 54.920383039176663, 0.0 ], [ -111.344591998336597, 54.919933922831113, 0.0 ], [ -111.344670149559505, 54.919465912473278, 0.0 ], [ -111.344724440666099, 54.919086159352418, 0.0 ], [ -111.344696232598295, 54.918886108956897, 0.0 ], [ -111.344654053731901, 54.918586962173798, 0.0 ], [ -111.344164643143998, 54.918237232884742, 0.0 ], [ -111.344090856828302, 54.918184503197111, 0.0 ], [ -111.344058859642701, 54.918137400744293, 0.0 ], [ -111.344003402683597, 54.918101930199761, 0.0 ], [ -111.343634378849103, 54.917865905802159, 0.0 ], [ -111.343285724712203, 54.91740558475059, 0.0 ], [ -111.343084076954497, 54.917276607785787, 0.0 ], [ -111.342916712935903, 54.917169558353443, 0.0 ], [ -111.342547705472697, 54.916933530891299, 0.0 ], [ -111.342462518186096, 54.916932291874978, 0.0 ], [ -111.341746198374807, 54.916921872404323, 0.0 ], [ -111.341399962366793, 54.916674031639758, 0.0 ], [ -111.340598459543202, 54.91666236560831, 0.0 ], [ -111.340252234297694, 54.916414523540702, 0.0 ], [ -111.339473499842498, 54.916391041404097, 0.0 ], [ -111.339124496576801, 54.916167781161718, 0.0 ], [ -111.339104521510393, 54.916155003902922, 0.0 ], [ -111.338718474059405, 54.915927821867918, 0.0 ], [ -111.338349501261405, 54.91569178209199, 0.0 ], [ -111.337997607717895, 54.915446884870121, 0.0 ], [ -111.338022000651506, 54.915006797970513, 0.0 ], [ -111.338039306043399, 54.914915578541823, 0.0 ], [ -111.337511697750102, 54.914886522097547, 0.0 ], [ -111.336884752563194, 54.914656076193793, 0.0 ], [ -111.336265818984401, 54.914382848018427, 0.0 ], [ -111.336217015220001, 54.914361304831473, 0.0 ], [ -111.335718520278704, 54.914041377902628, 0.0 ], [ -111.335696148732794, 54.914027019903038, 0.0 ], [ -111.335175290784505, 54.91369273375043, 0.0 ], [ -111.334654439899595, 54.913358445429523, 0.0 ], [ -111.334133599355496, 54.913024153240073, 0.0 ], [ -111.333822996857805, 54.912824794764717, 0.0 ], [ -111.333268201345902, 54.912684752512213, 0.0 ], [ -111.332732093672902, 54.912360621096369, 0.0 ], [ -111.332730314420203, 54.912359547144483, 0.0 ], [ -111.332694386213703, 54.912337823825752, 0.0 ], [ -111.332014607499403, 54.912117796953872, 0.0 ], [ -111.331962485002506, 54.912100925171671, 0.0 ], [ -111.331208485336404, 54.912215339441481, 0.0 ], [ -111.331148174464602, 54.912224492010608, 0.0 ], [ -111.330368738049899, 54.912212462231423, 0.0 ], [ -111.329589303800802, 54.912200428398101, 0.0 ], [ -111.328809867209003, 54.912188388574982, 0.0 ], [ -111.328064636411895, 54.912176871177991, 0.0 ], [ -111.328030434422402, 54.912176343847648, 0.0 ], [ -111.327905864952996, 54.912174418475153, 0.0 ], [ -111.327417101218302, 54.91240690311065, 0.0 ], [ -111.327341141036101, 54.912425983740057, 0.0 ], [ -111.327339517748001, 54.912443806015688, 0.0 ], [ -111.327304601243299, 54.912460413942412, 0.0 ], [ -111.327214343857307, 54.912503344115152, 0.0 ], [ -111.326500842245906, 54.912684506449189, 0.0 ], [ -111.326351277647007, 54.912722481445883, 0.0 ], [ -111.325572674377, 54.91274658032706, 0.0 ], [ -111.325201427045002, 54.912758070212597, 0.0 ], [ -111.324766665357501, 54.912895251929903, 0.0 ], [ -111.323993074030795, 54.912951496408631, 0.0 ], [ -111.323933888300502, 54.912955799840176, 0.0 ], [ -111.323780953437307, 54.912992934632463, 0.0 ], [ -111.323775845473307, 54.91299277992033, 0.0 ], [ -111.323770783598903, 54.912995405602771, 0.0 ], [ -111.323215372232696, 54.913130269785583, 0.0 ], [ -111.323058726151501, 54.913168305160831, 0.0 ], [ -111.322786839466801, 54.913309347939503, 0.0 ], [ -111.322646235641002, 54.913382288295331, 0.0 ], [ -111.322599169949896, 54.913566142164058, 0.0 ], [ -111.322489575834496, 54.913611679499517, 0.0 ], [ -111.322445549233393, 54.914093904129317, 0.0 ], [ -111.322691161269006, 54.914220510696012, 0.0 ], [ -111.322774064587506, 54.914351091168179, 0.0 ], [ -111.322816434116305, 54.914417824776287, 0.0 ], [ -111.322805680223993, 54.914866982561449, 0.0 ], [ -111.322796486659797, 54.915251008418579, 0.0 ], [ -111.322382621570199, 54.915424594896933, 0.0 ], [ -111.322275632200203, 54.915883668426822, 0.0 ], [ -111.322710539358297, 54.916109263661397, 0.0 ], [ -111.322687931211306, 54.916356910943342, 0.0 ], [ -111.322376102760003, 54.916527032225517, 0.0 ], [ -111.322150957147201, 54.916826741524552, 0.0 ], [ -111.321849899711793, 54.916982829585471, 0.0 ], [ -111.321440050787999, 54.917195320303229, 0.0 ], [ -111.321030197469597, 54.917407810463772, 0.0 ], [ -111.3208093630587, 54.917543043857833, 0.0 ], [ -111.320651079518299, 54.917639971457348, 0.0 ], [ -111.3202642731857, 54.917885019561737, 0.0 ], [ -111.319408679853197, 54.917847833179991, 0.0 ], [ -111.319062863037999, 54.9175730759681, 0.0 ], [ -111.318284126261801, 54.917549457790578, 0.0 ], [ -111.317505390705307, 54.917525833733357, 0.0 ], [ -111.317355242589102, 54.917429727764933, 0.0 ], [ -111.317127598751199, 54.917422256810283, 0.0 ], [ -111.316489792769502, 54.917218722184423, 0.0 ], [ -111.315752640892498, 54.917119967848308, 0.0 ], [ -111.3154221513675, 54.916970373016113, 0.0 ], [ -111.315329511785706, 54.916960967314758, 0.0 ], [ -111.315229392793896, 54.916956479561847, 0.0 ], [ -111.314421551789493, 54.916931952813627, 0.0 ], [ -111.313622645704697, 54.916919224597862, 0.0 ], [ -111.313086729372003, 54.916919001395932, 0.0 ], [ -111.312852632232094, 54.916918903161353, 0.0 ], [ -111.312711124379803, 54.91700231285273, 0.0 ], [ -111.312464170198297, 54.917147874699332, 0.0 ], [ -111.312054271469606, 54.917360332954217, 0.0 ], [ -111.311685447494298, 54.917124213469641, 0.0 ], [ -111.310935361619102, 54.917058579065433, 0.0 ], [ -111.310107197988302, 54.917033404988914, 0.0 ], [ -111.309817148848694, 54.917040982387611, 0.0 ], [ -111.309349285892395, 54.917053203475213, 0.0 ], [ -111.308980351232904, 54.917291885750863, 0.0 ], [ -111.308160650225204, 54.917241968033309, 0.0 ], [ -111.308531670666497, 54.917690581315597, 0.0 ], [ -111.308467781735601, 54.918150958560737, 0.0 ], [ -111.308836595700996, 54.918387085854533, 0.0 ], [ -111.3092054154545, 54.918623213029598, 0.0 ], [ -111.309574236405794, 54.918859339046698, 0.0 ], [ -111.309610291085903, 54.918882423523499, 0.0 ], [ -111.309943063227493, 54.919095464047871, 0.0 ], [ -111.310311892804705, 54.919331587938402, 0.0 ], [ -111.310680729727807, 54.919567711757438, 0.0 ], [ -111.310701983324407, 54.919998743663498, 0.0 ], [ -111.310685580717902, 54.920461952173532, 0.0 ], [ -111.310633954308102, 54.920930754668262, 0.0 ], [ -111.310549541475098, 54.921378567754267, 0.0 ], [ -111.310106394849498, 54.921574460094021, 0.0 ], [ -111.310065291525902, 54.922023034353501, 0.0 ], [ -111.309655331364198, 54.922235482589329, 0.0 ], [ -111.309245365084394, 54.922447932014009, 0.0 ], [ -111.308835393097596, 54.922660378141771, 0.0 ], [ -111.308425418354403, 54.922872822861621, 0.0 ], [ -111.308015439379503, 54.923085265228977, 0.0 ], [ -111.307605455926094, 54.923297707935291, 0.0 ], [ -111.307195468323101, 54.923510147391923, 0.0 ], [ -111.306785476241501, 54.923722587187427, 0.0 ], [ -111.306427395984997, 54.923711692185897, 0.0 ], [ -111.306006631469302, 54.923698888588568, 0.0 ], [ -111.305617123012595, 54.923924442213938, 0.0 ], [ -111.304817784038903, 54.923887617073483, 0.0 ], [ -111.304407775924801, 54.924100047685123, 0.0 ], [ -111.303997763578806, 54.924312475944021, 0.0 ], [ -111.303587746753905, 54.924524904541578, 0.0 ], [ -111.303424317797905, 54.924609575268107, 0.0 ], [ -111.302886683826401, 54.92470956628533, 0.0 ], [ -111.302848857563006, 54.924727315864267, 0.0 ], [ -111.302451858256205, 54.924715222086881, 0.0 ], [ -111.302451878303103, 54.929578676345862, 0.0 ], [ -111.302451929085507, 54.936806422685827, 0.0 ], [ -111.302451938833599, 54.936987109340393, 0.0 ], [ -111.302451990224, 54.944214868494377, 0.0 ], [ -111.302452045429106, 54.951442621794719, 0.0 ], [ -111.302452105121404, 54.958670362064979, 0.0 ], [ -111.302452167663901, 54.965898107248798, 0.0 ], [ -111.302452164934707, 54.966169143582867, 0.0 ], [ -111.302452252210202, 54.973306531055442, 0.0 ], [ -111.302452307720898, 54.980534238771767, 0.0 ], [ -111.302452411432398, 54.987761968976862, 0.0 ], [ -111.302452475536001, 54.994989656023442, 0.0 ], [ -111.302452495907602, 54.995260684198847, 0.0 ], [ -111.302452536561006, 55.002398060005618, 0.0 ], [ -111.302452550095794, 55.009625843210372, 0.0 ], [ -111.302452536968005, 55.016853612441203, 0.0 ], [ -111.302452546502295, 55.02408134221011, 0.0 ], [ -111.302452541760005, 55.02435237605382, 0.0 ], [ -111.302452541616404, 55.031489847438223, 0.0 ], [ -111.302452549102796, 55.038717656852747, 0.0 ], [ -111.302452577068493, 55.045945451030313, 0.0 ], [ -111.302452608749505, 55.053173242056367, 0.0 ], [ -111.302452609868894, 55.05344428521007, 0.0 ], [ -111.302452613541007, 55.060581709593947, 0.0 ], [ -111.302452668177295, 55.067809480269617, 0.0 ], [ -111.302452711848701, 55.075037237452712, 0.0 ], [ -111.302452742902503, 55.082264999086249, 0.0 ], [ -111.302452736000106, 55.082536032235637, 0.0 ], [ -111.302452961104294, 55.08967326330297, 0.0 ], [ -111.302453221144305, 55.096900813831077, 0.0 ], [ -111.302453487803305, 55.10412833161017, 0.0 ], [ -111.302453681719996, 55.10993840369283, 0.0 ], [ -111.302453735282896, 55.111556526798168, 0.0 ], [ -111.302468598870604, 55.111556526842158, 0.0 ], [ -111.314402443389397, 55.111555680719732, 0.0 ], [ -111.314402448559704, 55.111694644819089, 0.0 ], [ -111.314409878064296, 55.111694644040817, 0.0 ], [ -111.314409526329499, 55.159208990278159, 0.0 ], [ -111.314553523016301, 55.159213349840812, 0.0 ], [ -111.314931815233507, 55.159020659422488, 0.0 ], [ -111.315027150695201, 55.158972097913129, 0.0 ], [ -111.315209344914507, 55.159025543860601, 0.0 ], [ -111.315468151482804, 55.159101461321207, 0.0 ], [ -111.315663663181098, 55.159246946242973, 0.0 ], [ -111.316034681070093, 55.159483078612219, 0.0 ], [ -111.316405703254304, 55.159719210804973, 0.0 ], [ -111.316463587575001, 55.159756050023837, 0.0 ], [ -111.316488992958895, 55.159803914837212, 0.0 ], [ -111.316858298512798, 55.160041171229047, 0.0 ], [ -111.316945877947205, 55.160062989605272, 0.0 ], [ -111.317147762571906, 55.160191469325497, 0.0 ], [ -111.317518796406105, 55.160427597352708, 0.0 ], [ -111.317889834618398, 55.16066372430614, 0.0 ], [ -111.318260880342805, 55.160899850280607, 0.0 ], [ -111.319040216177996, 55.160968394032977, 0.0 ], [ -111.319827823877603, 55.16094722045149, 0.0 ], [ -111.320240239919201, 55.160734779067489, 0.0 ], [ -111.3206526484487, 55.1605223361219, 0.0 ], [ -111.320670046898698, 55.160333600108963, 0.0 ], [ -111.320693998368299, 55.160073774194281, 0.0 ], [ -111.321106399131594, 55.159861329605683, 0.0 ], [ -111.321403706023602, 55.159708172293193, 0.0 ], [ -111.321690377555996, 55.159410160533668, 0.0 ], [ -111.321925222839695, 55.159353756866672, 0.0 ], [ -111.322054697397505, 55.159357928833437, 0.0 ], [ -111.322708517359402, 55.159378993001717, 0.0 ], [ -111.3233291559565, 55.15939898512341, 0.0 ], [ -111.323465089553395, 55.159500754490438, 0.0 ], [ -111.324298024883703, 55.159498913537163, 0.0 ], [ -111.324455315992097, 55.15950550779899, 0.0 ], [ -111.324875152809099, 55.159622167901077, 0.0 ], [ -111.324977505357097, 55.159650606740747, 0.0 ], [ -111.325237210988305, 55.159666920379827, 0.0 ], [ -111.325410850560004, 55.159803888712702, 0.0 ], [ -111.326219510018603, 55.159790806000338, 0.0 ], [ -111.326312017268194, 55.15973442815293, 0.0 ], [ -111.326605324415695, 55.159555675799552, 0.0 ], [ -111.327399228452904, 55.15955463499575, 0.0 ], [ -111.328223486699102, 55.159579494022957, 0.0 ], [ -111.329012810819293, 55.159628283854438, 0.0 ], [ -111.329353342641198, 55.159885321314469, 0.0 ], [ -111.329765696708805, 55.159672845795761, 0.0 ], [ -111.330178046315794, 55.15946036970783, 0.0 ], [ -111.330590391626998, 55.159247891256463, 0.0 ], [ -111.330621957921693, 55.159267972958027, 0.0 ], [ -111.330715273356205, 55.15922099206302, 0.0 ], [ -111.331420915511302, 55.159417307278851, 0.0 ], [ -111.331564272994498, 55.159457190240808, 0.0 ], [ -111.331660117141297, 55.15950503000014, 0.0 ], [ -111.332035311906694, 55.159692295900847, 0.0 ], [ -111.332126133566007, 55.159737625173918, 0.0 ], [ -111.332155653303303, 55.159752358647992, 0.0 ], [ -111.332399951655006, 55.159874290253292, 0.0 ], [ -111.333043213319002, 55.15977446770362, 0.0 ], [ -111.333655305400299, 55.159805132097048, 0.0 ], [ -111.334462429833806, 55.15981652595417, 0.0 ], [ -111.335290700632996, 55.159817016903538, 0.0 ], [ -111.336109911867098, 55.159822174798769, 0.0 ], [ -111.336889851639398, 55.159847562906563, 0.0 ], [ -111.337600322519194, 55.159908752858023, 0.0 ], [ -111.337568329171404, 55.160257407776783, 0.0 ], [ -111.337460261814797, 55.160353707922788, 0.0 ], [ -111.337367276362599, 55.16043656976246, 0.0 ], [ -111.337250177802005, 55.160540917732668, 0.0 ], [ -111.337299160953805, 55.160680109060642, 0.0 ], [ -111.337981662006101, 55.160901652110809, 0.0 ], [ -111.3380489096822, 55.160923479627208, 0.0 ], [ -111.338812373958703, 55.161026968040183, 0.0 ], [ -111.338875236510404, 55.161035488354351, 0.0 ], [ -111.339283796401304, 55.161200961428207, 0.0 ], [ -111.340066549330203, 55.161231567182988, 0.0 ], [ -111.340849302032197, 55.161262168773362, 0.0 ], [ -111.341075879451395, 55.161271025017903, 0.0 ], [ -111.341358099045294, 55.161212031346082, 0.0 ], [ -111.341778091404507, 55.160944196857919, 0.0 ], [ -111.341828077708698, 55.160495917908698, 0.0 ], [ -111.341878062503497, 55.160047640690493, 0.0 ], [ -111.341928047438003, 55.159599364353227, 0.0 ], [ -111.341951107187697, 55.159392546433601, 0.0 ], [ -111.342123087625396, 55.159086543321102, 0.0 ], [ -111.342489971563396, 55.158904494502274, 0.0 ], [ -111.343073811023899, 55.158801080288221, 0.0 ], [ -111.343699633352898, 55.158530198537953, 0.0 ], [ -111.343851077726697, 55.15846464455003, 0.0 ], [ -111.344635599868994, 55.158464472900683, 0.0 ], [ -111.345420123795193, 55.158464296243537, 0.0 ], [ -111.346183681399097, 55.158464119589013, 0.0 ], [ -111.346499942403995, 55.158129179854882, 0.0 ], [ -111.346908406539001, 55.157910026937387, 0.0 ], [ -111.347651219716695, 55.157890842435528, 0.0 ], [ -111.348217894157699, 55.158085391584173, 0.0 ], [ -111.348994521364901, 55.158148937430099, 0.0 ], [ -111.349207599256701, 55.158166372812119, 0.0 ], [ -111.349442777899895, 55.158259123019903, 0.0 ], [ -111.349553216971302, 55.158703841779328, 0.0 ], [ -111.349560445325693, 55.158732936962231, 0.0 ], [ -111.3500334375466, 55.1590913110931, 0.0 ], [ -111.350147935047502, 55.159178058193369, 0.0 ], [ -111.350248783085306, 55.15962352317981, 0.0 ], [ -111.350256249505193, 55.15965650007545, 0.0 ], [ -111.350746834436606, 55.160007038362217, 0.0 ], [ -111.350820892596104, 55.16005995373208, 0.0 ], [ -111.350943306721703, 55.160503643417627, 0.0 ], [ -111.350962852210102, 55.160574483480573, 0.0 ], [ -111.351205163693294, 55.160823556124157, 0.0 ], [ -111.351176476877797, 55.161272446766503, 0.0 ], [ -111.351147793895194, 55.161721337507053, 0.0 ], [ -111.351120425965902, 55.162149544175513, 0.0 ], [ -111.351217170852394, 55.16242024421738, 0.0 ], [ -111.351993121117303, 55.162486761121222, 0.0 ], [ -111.352769078883398, 55.162553273258169, 0.0 ], [ -111.353349782587003, 55.162603046042882, 0.0 ], [ -111.353743534387704, 55.162880909958311, 0.0 ], [ -111.353868462017303, 55.163324370734202, 0.0 ], [ -111.353888108179603, 55.16339410939743, 0.0 ], [ -111.354555419464106, 55.163630385883593, 0.0 ], [ -111.354686822141701, 55.163676912638259, 0.0 ], [ -111.355469168650004, 55.163711133227586, 0.0 ], [ -111.356251518205696, 55.163745349753931, 0.0 ], [ -111.356693111880006, 55.163764660503212, 0.0 ], [ -111.357033867837998, 55.163779560329033, 0.0 ], [ -111.357125019251399, 55.163783546722932, 0.0 ], [ -111.357265537694602, 55.163875766440057, 0.0 ], [ -111.357231137300403, 55.164320973458352, 0.0 ], [ -111.357963501836807, 55.164413562347477, 0.0 ], [ -111.358798283306598, 55.164367843822021, 0.0 ], [ -111.359213944143704, 55.164117886024478, 0.0 ], [ -111.359581859630694, 55.164391271058903, 0.0 ], [ -111.359994104795305, 55.164178692551182, 0.0 ], [ -111.360581627887697, 55.164162021723413, 0.0 ], [ -111.360766094371201, 55.164156786323332, 0.0 ], [ -111.361595319313807, 55.164196559552693, 0.0 ], [ -111.361776316019501, 55.164338754678873, 0.0 ], [ -111.361973581905801, 55.164240144500468, 0.0 ], [ -111.362564606734296, 55.163944692968329, 0.0 ], [ -111.3626077562229, 55.163923121059653, 0.0 ], [ -111.362950986702103, 55.163574748180501, 0.0 ], [ -111.363183670245505, 55.163516791130142, 0.0 ], [ -111.363819791167202, 55.163779759874252, 0.0 ], [ -111.364455922354097, 55.164042722762517, 0.0 ], [ -111.364621562605805, 55.164111193723592, 0.0 ], [ -111.364672825399694, 55.16431846158212, 0.0 ], [ -111.364731562709494, 55.164555949943768, 0.0 ], [ -111.364738794257505, 55.164585192550831, 0.0 ], [ -111.364973055260904, 55.164838712265777, 0.0 ], [ -111.365042987985305, 55.165286116942312, 0.0 ], [ -111.365081817090299, 55.165534538350101, 0.0 ], [ -111.365449955946303, 55.165613984117499, 0.0 ], [ -111.3661051121003, 55.165625272081208, 0.0 ], [ -111.366795541424196, 55.165459225093578, 0.0 ], [ -111.367579792404996, 55.165444649052517, 0.0 ], [ -111.3677974858645, 55.165440602758217, 0.0 ], [ -111.368049743858094, 55.165363427980367, 0.0 ], [ -111.368138076791396, 55.164917089051407, 0.0 ], [ -111.368209813743505, 55.164554614741377, 0.0 ], [ -111.368226410584697, 55.164470750994241, 0.0 ], [ -111.368268749717998, 55.164256813615538, 0.0 ], [ -111.368800985233605, 55.163926761504889, 0.0 ], [ -111.368977395341602, 55.163817363589743, 0.0 ], [ -111.369354750517005, 55.163423528226929, 0.0 ], [ -111.369401305598601, 55.163374939601212, 0.0 ], [ -111.369526900582798, 55.163118370733557, 0.0 ], [ -111.369613032061906, 55.162942409244138, 0.0 ], [ -111.369644917761306, 55.162877269452288, 0.0 ], [ -111.370024316282098, 55.162821755561687, 0.0 ], [ -111.370808882404702, 55.162826845067663, 0.0 ], [ -111.371593446060004, 55.162831926736722, 0.0 ], [ -111.3717234869045, 55.162832771684037, 0.0 ], [ -111.372428848695904, 55.162636039376423, 0.0 ], [ -111.372572643973697, 55.162595932060647, 0.0 ], [ -111.372921375838303, 55.162290319654218, 0.0 ], [ -111.373595706859703, 55.162469072484058, 0.0 ], [ -111.374380089357999, 55.16247981907901, 0.0 ], [ -111.375164475634605, 55.162490560720741, 0.0 ], [ -111.375291673069995, 55.162492301391758, 0.0 ], [ -111.375877175606803, 55.162193281517517, 0.0 ], [ -111.376177435856306, 55.162039930979752, 0.0 ], [ -111.376415438869202, 55.161611903507463, 0.0 ], [ -111.376479413809804, 55.161496848950527, 0.0 ], [ -111.376629751776903, 55.161506828147083, 0.0 ], [ -111.377086270642195, 55.161775390680567, 0.0 ], [ -111.377176957407698, 55.161828741863573, 0.0 ], [ -111.377244764039503, 55.161868629804978, 0.0 ], [ -111.377294109413995, 55.161884887356237, 0.0 ], [ -111.377477262439299, 55.162001238326027, 0.0 ], [ -111.377647121709401, 55.162001172665917, 0.0 ], [ -111.377924825067396, 55.162092652097037, 0.0 ], [ -111.378010289415599, 55.162120805044687, 0.0 ], [ -111.378430671580801, 55.162171685582209, 0.0 ], [ -111.3785238842204, 55.162174126767987, 0.0 ], [ -111.379214456317499, 55.162192211442921, 0.0 ], [ -111.379998245215305, 55.162212732363457, 0.0 ], [ -111.380782030601097, 55.162233246316518, 0.0 ], [ -111.381350736347201, 55.162248129363441, 0.0 ], [ -111.3820245947187, 55.162083022917201, 0.0 ], [ -111.382809188568501, 55.162085091635063, 0.0 ], [ -111.383593785936696, 55.162087154494763, 0.0 ], [ -111.383754710420206, 55.162087576906522, 0.0 ], [ -111.383786294512504, 55.16173896332451, 0.0 ], [ -111.3842146335856, 55.161536620144879, 0.0 ], [ -111.384200111798194, 55.161052990950552, 0.0 ], [ -111.384152571893907, 55.160548389433629, 0.0 ], [ -111.384172640514294, 55.16008673003757, 0.0 ], [ -111.384360932477605, 55.159731925880237, 0.0 ], [ -111.385002230535903, 55.159664862222797, 0.0 ], [ -111.385929361491307, 55.159779345240807, 0.0 ], [ -111.386340005561195, 55.159565775378631, 0.0 ], [ -111.387113648704997, 55.15958873344357, 0.0 ], [ -111.387120869051202, 55.159496722508571, 0.0 ], [ -111.387137714600797, 55.15928204975809, 0.0 ], [ -111.387194202581199, 55.158837831059813, 0.0 ], [ -111.3871845014407, 55.158678995950417, 0.0 ], [ -111.387194780548697, 55.15821114198377, 0.0 ], [ -111.387279162658501, 55.158169724474419, 0.0 ], [ -111.387299582082093, 55.158009150815353, 0.0 ], [ -111.387769765110903, 55.157941135004457, 0.0 ], [ -111.388069385284496, 55.15781788642407, 0.0 ], [ -111.388218153928307, 55.157822299365229, 0.0 ], [ -111.388455018355202, 55.157746829155208, 0.0 ], [ -111.388696261752301, 55.157807679622032, 0.0 ], [ -111.3887462700893, 55.157837965260192, 0.0 ], [ -111.389235252783095, 55.158134079819597, 0.0 ], [ -111.389484090231306, 55.158284769221261, 0.0 ], [ -111.389586015124607, 55.15842066312036, 0.0 ], [ -111.389555182881494, 55.158761551554733, 0.0 ], [ -111.389927681621501, 55.158973231724737, 0.0 ], [ -111.389944745388902, 55.159020392624939, 0.0 ], [ -111.389886073553299, 55.159446061524527, 0.0 ], [ -111.390162213866603, 55.159621434180252, 0.0 ], [ -111.390257540546102, 55.159681973931171, 0.0 ], [ -111.390629013566496, 55.159917884409431, 0.0 ], [ -111.390604481859896, 55.160189194035411, 0.0 ], [ -111.390631614898993, 55.160208784623592, 0.0 ], [ -111.390901550289598, 55.160285685909649, 0.0 ], [ -111.391685836686804, 55.160297796665802, 0.0 ], [ -111.391904068665895, 55.160301164220073, 0.0 ], [ -111.392605458807594, 55.160099876797368, 0.0 ], [ -111.392957862830301, 55.159998739324593, 0.0 ], [ -111.393142931036493, 55.159945626997022, 0.0 ], [ -111.393560899106205, 55.159923618947658, 0.0 ], [ -111.3939725930599, 55.159970098028907, 0.0 ], [ -111.394641700790601, 55.160204659558012, 0.0 ], [ -111.395215176034796, 55.160405693778578, 0.0 ], [ -111.395998929910604, 55.16042621710676, 0.0 ], [ -111.396782688027201, 55.160446734597443, 0.0 ], [ -111.397399044314596, 55.160462867452168, 0.0 ], [ -111.397451949192401, 55.160436708025138, 0.0 ], [ -111.397992816789696, 55.160169254945693, 0.0 ], [ -111.3985865821289, 55.15987563945383, 0.0 ], [ -111.399027333885002, 55.159657683499837, 0.0 ], [ -111.399694075663007, 55.159429058562083, 0.0 ], [ -111.399673474490697, 55.159878103218212, 0.0 ], [ -111.399652872634704, 55.160327147837492, 0.0 ], [ -111.399648853063198, 55.160414754831478, 0.0 ], [ -111.3997708614028, 55.160512154045087, 0.0 ], [ -111.400267331556606, 55.16063006847007, 0.0 ], [ -111.400693801648799, 55.160944518016443, 0.0 ], [ -111.400696850648103, 55.161393713823387, 0.0 ], [ -111.400698036338099, 55.161568104758373, 0.0 ], [ -111.400699226553201, 55.161743682389528, 0.0 ], [ -111.400974781445996, 55.162082594493683, 0.0 ], [ -111.400982941742996, 55.162531770337132, 0.0 ], [ -111.400989216099205, 55.162877110475897, 0.0 ], [ -111.401278353184694, 55.163294698642439, 0.0 ], [ -111.401264842658605, 55.16375933126789, 0.0 ], [ -111.401240495370502, 55.164208313629238, 0.0 ], [ -111.401216148800998, 55.16465729689466, 0.0 ], [ -111.401214622484105, 55.164685463069553, 0.0 ], [ -111.4014902554961, 55.165024345251311, 0.0 ], [ -111.401548546383296, 55.16547230340543, 0.0 ], [ -111.401581525324602, 55.165725731952271, 0.0 ], [ -111.401949455933703, 55.165963501848459, 0.0 ], [ -111.402634546812806, 55.166182526858591, 0.0 ], [ -111.402780887416299, 55.166229310580967, 0.0 ], [ -111.403561747623499, 55.16627365675032, 0.0 ], [ -111.404342606647305, 55.166317997844708, 0.0 ], [ -111.404431158784803, 55.166323025151932, 0.0 ], [ -111.405113330180498, 55.166361756724697, 0.0 ], [ -111.405691023324906, 55.166665760096507, 0.0 ], [ -111.405882617019003, 55.166766580982937, 0.0 ], [ -111.406657154456298, 55.166838653699031, 0.0 ], [ -111.407023282469893, 55.166872721812702, 0.0 ], [ -111.407582880532004, 55.16706500408776, 0.0 ], [ -111.408360871424094, 55.167123663020341, 0.0 ], [ -111.408587213005504, 55.167140726799893, 0.0 ], [ -111.409193759802903, 55.167356097687268, 0.0 ], [ -111.409214921603194, 55.167666828826412, 0.0 ], [ -111.409388491091207, 55.167784114788638, 0.0 ], [ -111.410168294949898, 55.16783432951302, 0.0 ], [ -111.410948105768099, 55.167884538513142, 0.0 ], [ -111.411727915547402, 55.167934743352383, 0.0 ], [ -111.411792927453604, 55.167938929478993, 0.0 ], [ -111.412314200824795, 55.168274702594687, 0.0 ], [ -111.412835482781304, 55.168610475383488, 0.0 ], [ -111.412898756456897, 55.16865123111188, 0.0 ], [ -111.413078997711494, 55.168985938375442, 0.0 ], [ -111.413398607510501, 55.169195205364773, 0.0 ], [ -111.414092119093198, 55.169405432255353, 0.0 ], [ -111.414785638187197, 55.169615654397582, 0.0 ], [ -111.414834097132996, 55.169630343626217, 0.0 ], [ -111.415351276028701, 55.169968196295827, 0.0 ], [ -111.415565577864399, 55.170108189183097, 0.0 ], [ -111.415558494442095, 55.170557372188028, 0.0 ], [ -111.415552825081804, 55.170916895180852, 0.0 ], [ -111.414768566866201, 55.170900413935577, 0.0 ], [ -111.413984309356195, 55.170883929443711, 0.0 ], [ -111.413200052713407, 55.170867439910793, 0.0 ], [ -111.413040484929894, 55.170864083338238, 0.0 ], [ -111.412435263967794, 55.171150047747872, 0.0 ], [ -111.412074519135999, 55.171320494399843, 0.0 ], [ -111.411982831145707, 55.171766618461959, 0.0 ], [ -111.411915505469594, 55.172094197070443, 0.0 ], [ -111.412188341250996, 55.172515378917353, 0.0 ], [ -111.412231615357499, 55.172582178974423, 0.0 ], [ -111.412196077865005, 55.173030918939737, 0.0 ], [ -111.412172214639199, 55.173332265852927, 0.0 ], [ -111.412037343817403, 55.173485584979893, 0.0 ], [ -111.411452776460095, 55.17378531909992, 0.0 ], [ -111.410868198856505, 55.174085049333783, 0.0 ], [ -111.410640461403105, 55.174201816427832, 0.0 ], [ -111.410529402905297, 55.174646497928983, 0.0 ], [ -111.410487106837806, 55.174815850572401, 0.0 ], [ -111.409702252667401, 55.174814035741854, 0.0 ], [ -111.409560192477699, 55.174813708901333, 0.0 ], [ -111.409120370064002, 55.174956393738768, 0.0 ], [ -111.408341208837896, 55.175010448792122, 0.0 ], [ -111.408278194223797, 55.175014820131302, 0.0 ], [ -111.407806074542293, 55.175248803624818, 0.0 ], [ -111.407549667573704, 55.175560547091948, 0.0 ], [ -111.407343005460405, 55.175607465826509, 0.0 ], [ -111.406558949039606, 55.175586910590823, 0.0 ], [ -111.405774896781395, 55.175566350411778, 0.0 ], [ -111.405733803895401, 55.17556527264739, 0.0 ], [ -111.405709487719093, 55.175657035787097, 0.0 ], [ -111.404925652057301, 55.175633901907851, 0.0 ], [ -111.404667918941897, 55.175442699661652, 0.0 ], [ -111.404501531575505, 55.175394227688678, 0.0 ], [ -111.404325379141198, 55.1753429096456, 0.0 ], [ -111.403923849418305, 55.175334169860712, 0.0 ], [ -111.403422279031005, 55.17558951503095, 0.0 ], [ -111.403357984442096, 55.17558761546568, 0.0 ], [ -111.402945843346899, 55.175800342945983, 0.0 ], [ -111.402533697948599, 55.176013068065707, 0.0 ], [ -111.402121549733906, 55.176225791768353, 0.0 ], [ -111.401709394080598, 55.176438513017757, 0.0 ], [ -111.401297235448894, 55.176651234644403, 0.0 ], [ -111.400885072432999, 55.176863954807573, 0.0 ], [ -111.400101217401399, 55.176840787790617, 0.0 ], [ -111.399317363337701, 55.176817617536301, 0.0 ], [ -111.398925837607393, 55.17704343312159, 0.0 ], [ -111.398121331869902, 55.177007149236317, 0.0 ], [ -111.397709148627499, 55.17721985834752, 0.0 ], [ -111.397296959514094, 55.177432565051433, 0.0 ], [ -111.396884769151697, 55.177645270384332, 0.0 ], [ -111.396472572756196, 55.177857975104303, 0.0 ], [ -111.396060372057207, 55.178070677463268, 0.0 ], [ -111.395648167054702, 55.178283377461199, 0.0 ], [ -111.395607631039098, 55.178731974521909, 0.0 ], [ -111.396391519313497, 55.178755170946332, 0.0 ], [ -111.396378470555504, 55.179189590535103, 0.0 ], [ -111.396310461346502, 55.179652366575638, 0.0 ], [ -111.396682151610506, 55.179888262929133, 0.0 ], [ -111.395921839881197, 55.179880047437813, 0.0 ], [ -111.395090732185906, 55.179826892211693, 0.0 ], [ -111.394330420900701, 55.179818665864083, 0.0 ], [ -111.393918189944898, 55.180031360511421, 0.0 ], [ -111.393505953036097, 55.180244053648259, 0.0 ], [ -111.393241985709096, 55.180380243605171, 0.0 ], [ -111.393093711742296, 55.180456745321052, 0.0 ], [ -111.392309792834794, 55.180433528123793, 0.0 ], [ -111.391897543255794, 55.180646216520707, 0.0 ], [ -111.391485287886098, 55.180858901612602, 0.0 ], [ -111.391421099712701, 55.181292518793263, 0.0 ], [ -111.391427713403402, 55.181771071473278, 0.0 ], [ -111.391363525839907, 55.182204688634151, 0.0 ], [ -111.390930601975697, 55.182404267059177, 0.0 ], [ -111.390910657627003, 55.182865967879508, 0.0 ], [ -111.390498373597396, 55.183078650062193, 0.0 ], [ -111.390086088317901, 55.183291330873388, 0.0 ], [ -111.389673797165898, 55.18350400927654, 0.0 ], [ -111.389261501465498, 55.183716688009611, 0.0 ], [ -111.388849201541703, 55.18392936348382, 0.0 ], [ -111.388436896988097, 55.184142040185073, 0.0 ], [ -111.388024588210996, 55.1843547136274, 0.0 ], [ -111.3876122750478, 55.184567385605163, 0.0 ], [ -111.387199951226506, 55.184780055932251, 0.0 ], [ -111.386787629372193, 55.184992724083543, 0.0 ], [ -111.386433134392902, 55.185175565645388, 0.0 ], [ -111.386375304618497, 55.185205391713843, 0.0 ], [ -111.385962973829095, 55.185418058730093, 0.0 ], [ -111.385794228696, 55.185505090640959, 0.0 ], [ -111.385197772771306, 55.185624431567689, 0.0 ], [ -111.384617517151895, 55.185927000261827, 0.0 ], [ -111.3840372541531, 55.186229567894493, 0.0 ], [ -111.383752548674707, 55.186546862241407, 0.0 ], [ -111.383181789912797, 55.186663325721391, 0.0 ], [ -111.382727514450707, 55.186909553948581, 0.0 ], [ -111.382730920134406, 55.187059131526162, 0.0 ], [ -111.382598836179497, 55.187117393814191, 0.0 ], [ -111.382733926247596, 55.187190928359691, 0.0 ], [ -111.382734178291201, 55.187201911849463, 0.0 ], [ -111.383256318326403, 55.187537363977782, 0.0 ], [ -111.383668420815994, 55.187802115740233, 0.0 ], [ -111.383769274072407, 55.18793667972659, 0.0 ], [ -111.3837385259596, 55.18827573321115, 0.0 ], [ -111.383921207785804, 55.188391691896612, 0.0 ], [ -111.383648420483297, 55.188674665865172, 0.0 ], [ -111.383504371786998, 55.188824092820497, 0.0 ], [ -111.383285459267896, 55.188936979875493, 0.0 ], [ -111.383274023544303, 55.189063034818737, 0.0 ], [ -111.383259023232895, 55.189078598696128, 0.0 ], [ -111.382881929619003, 55.189425699256716, 0.0 ], [ -111.382847433991202, 55.189561520065674, 0.0 ], [ -111.382804501304193, 55.189580531144557, 0.0 ], [ -111.382808661180604, 55.1897141874826, 0.0 ], [ -111.382769030345401, 55.189870225394927, 0.0 ], [ -111.382724404718999, 55.190045922336168, 0.0 ], [ -111.382620337440002, 55.190152730549627, 0.0 ], [ -111.382379280907202, 55.190259470067247, 0.0 ], [ -111.382323709592697, 55.190698622137234, 0.0 ], [ -111.382327611471297, 55.191175526178732, 0.0 ], [ -111.381885458492107, 55.191369301991223, 0.0 ], [ -111.381473039318607, 55.191581951481012, 0.0 ], [ -111.381060615757207, 55.191794599505542, 0.0 ], [ -111.380648189376004, 55.192007246111309, 0.0 ], [ -111.380235757038605, 55.192219891205127, 0.0 ], [ -111.379823320313093, 55.192432534833557, 0.0 ], [ -111.3797825834869, 55.192881123870777, 0.0 ], [ -111.379370137416402, 55.193093765813579, 0.0 ], [ -111.378957686957605, 55.193306406290922, 0.0 ], [ -111.378545232110397, 55.193519045302708, 0.0 ], [ -111.3785044809254, 55.193967632775312, 0.0 ], [ -111.378092016650996, 55.194180270998487, 0.0 ], [ -111.377679548069494, 55.194392906858873, 0.0 ], [ -111.377267075180796, 55.194605540356427, 0.0 ], [ -111.376854597740504, 55.194818174182693, 0.0 ], [ -111.376442117561297, 55.195030805692667, 0.0 ], [ -111.376401338799894, 55.195479392860797, 0.0 ], [ -111.375988847623901, 55.195692023535223, 0.0 ], [ -111.375555701426507, 55.195891542897392, 0.0 ], [ -111.375535563892399, 55.196353238567163, 0.0 ], [ -111.375102408166896, 55.1965527561646, 0.0 ], [ -111.3751000908035, 55.196605874297433, 0.0 ], [ -111.374634814795499, 55.196848128154308, 0.0 ], [ -111.3740540758902, 55.197150495153601, 0.0 ], [ -111.373473326790005, 55.197452857404933, 0.0 ], [ -111.373109535933096, 55.19764225788969, 0.0 ], [ -111.373087225706698, 55.197897208166573, 0.0 ], [ -111.373311015861802, 55.198101096379467, 0.0 ], [ -111.373486075950694, 55.198538987023049, 0.0 ], [ -111.373661136630503, 55.198976876454417, 0.0 ], [ -111.3736778027139, 55.199018561668453, 0.0 ], [ -111.373289082315594, 55.199197588779043, 0.0 ], [ -111.373268913623903, 55.199659283424673, 0.0 ], [ -111.372835710251493, 55.199858792196991, 0.0 ], [ -111.372815537209206, 55.200320486693769, 0.0 ], [ -111.372402976284107, 55.200533103199369, 0.0 ], [ -111.371990410968706, 55.200745718238707, 0.0 ], [ -111.371730616255306, 55.200879602073833, 0.0 ], [ -111.371680781248998, 55.200877570044383, 0.0 ], [ -111.370897405126996, 55.200845636874398, 0.0 ], [ -111.370323117001107, 55.200822223989547, 0.0 ], [ -111.369715690476994, 55.200537493164248, 0.0 ], [ -111.369451506499402, 55.20041365563668, 0.0 ], [ -111.368741467562401, 55.200605606305032, 0.0 ], [ -111.368268395322303, 55.200733492767377, 0.0 ], [ -111.367484721942304, 55.200762922077132, 0.0 ], [ -111.367029890147293, 55.200780002009488, 0.0 ], [ -111.366441595470306, 55.201077584910841, 0.0 ], [ -111.365853291953499, 55.201375165730589, 0.0 ], [ -111.365729726850006, 55.201437668981711, 0.0 ], [ -111.365610698114097, 55.201713983955109, 0.0 ], [ -111.365541845851993, 55.201873818108979, 0.0 ], [ -111.365508996813404, 55.201950073606547, 0.0 ], [ -111.365065367138399, 55.202202505643328, 0.0 ], [ -111.364570004100301, 55.202244498147628, 0.0 ], [ -111.363786027786901, 55.202217560087462, 0.0 ], [ -111.363002052508904, 55.20219061968924, 0.0 ], [ -111.362603665815001, 55.20217692505274, 0.0 ], [ -111.361874104825006, 55.202010599704451, 0.0 ], [ -111.361769252363999, 55.201986694861183, 0.0 ], [ -111.361332712674397, 55.202198862058843, 0.0 ], [ -111.361093555244295, 55.202525469757688, 0.0 ], [ -111.360681917599393, 55.202740551982117, 0.0 ], [ -111.3600999614968, 55.202846073329688, 0.0 ], [ -111.359484101105494, 55.203124836913787, 0.0 ], [ -111.359390777073898, 55.20316707977522, 0.0 ], [ -111.358617074836005, 55.203244338109478, 0.0 ], [ -111.358421982737994, 55.203263819148368, 0.0 ], [ -111.358028063250202, 55.203488288831373, 0.0 ], [ -111.357905929863904, 55.203932014552379, 0.0 ], [ -111.357847365511702, 55.204144790144817, 0.0 ], [ -111.357533470887105, 55.204420081853073, 0.0 ], [ -111.357464605453302, 55.204867540811897, 0.0 ], [ -111.3573957397399, 55.205315000627181, 0.0 ], [ -111.357342160907194, 55.205663120565148, 0.0 ], [ -111.357034738624904, 55.205942530575371, 0.0 ], [ -111.356852798057304, 55.206379502225438, 0.0 ], [ -111.356839371340001, 55.206411749246357, 0.0 ], [ -111.356258962545496, 55.206714406776577, 0.0 ], [ -111.355678546769397, 55.207017058758218, 0.0 ], [ -111.355098118894901, 55.207319709536151, 0.0 ], [ -111.354517685361003, 55.207622357503737, 0.0 ], [ -111.353937241461395, 55.207925002520057, 0.0 ], [ -111.353356788846497, 55.208227643734787, 0.0 ], [ -111.353299375398606, 55.208257578923217, 0.0 ], [ -111.353187858458895, 55.208702217631973, 0.0 ], [ -111.353145341466004, 55.208871736369858, 0.0 ], [ -111.353020464370999, 55.208998186124347, 0.0 ], [ -111.3524341238912, 55.20913208218353, 0.0 ], [ -111.352007312705396, 55.20933570274174, 0.0 ], [ -111.351426739984703, 55.209638281279823, 0.0 ], [ -111.350846161604295, 55.209940857006217, 0.0 ], [ -111.350265571123799, 55.210243431527211, 0.0 ], [ -111.350159881804501, 55.210298510736393, 0.0 ], [ -111.349437028953005, 55.210474354386903, 0.0 ], [ -111.349214104718897, 55.210528582185027, 0.0 ], [ -111.348429058631396, 55.210512526723697, 0.0 ], [ -111.347644014886399, 55.210496467157682, 0.0 ], [ -111.346858969024296, 55.210480400654433, 0.0 ], [ -111.3460739254229, 55.210464330943623, 0.0 ], [ -111.345629055708599, 55.21045522073215, 0.0 ], [ -111.344918137727106, 55.210594806013283, 0.0 ], [ -111.344348632588193, 55.210285420025578, 0.0 ], [ -111.3442627347506, 55.210238753791742, 0.0 ], [ -111.343982239669998, 55.210189258614747, 0.0 ], [ -111.343318457090604, 55.210337217297187, 0.0 ], [ -111.342565033462094, 55.210398203406641, 0.0 ], [ -111.342401783331994, 55.210532809130449, 0.0 ], [ -111.342257735631804, 55.210916696623627, 0.0 ], [ -111.342006450760096, 55.211113245680771, 0.0 ], [ -111.341793423672001, 55.211545601918573, 0.0 ], [ -111.341761477344306, 55.211610438511322, 0.0 ], [ -111.341048628119594, 55.211799184834597, 0.0 ], [ -111.340904271736093, 55.211837406771302, 0.0 ], [ -111.340126215923704, 55.211899391884131, 0.0 ], [ -111.339991127444407, 55.211910154316392, 0.0 ], [ -111.339402232484105, 55.212207448072277, 0.0 ], [ -111.339158260415999, 55.21233061042966, 0.0 ], [ -111.338866503111802, 55.212651617625681, 0.0 ], [ -111.338633933243202, 55.212709681129027, 0.0 ], [ -111.337850258448597, 55.212678338209912, 0.0 ], [ -111.337381961260704, 55.212659607702207, 0.0 ], [ -111.336687575427604, 55.212449543331182, 0.0 ], [ -111.336466810967195, 55.212382756756902, 0.0 ], [ -111.335936305736794, 55.212051466158179, 0.0 ], [ -111.3357164915016, 55.211914195071969, 0.0 ], [ -111.335518344779999, 55.211601321219888, 0.0 ], [ -111.335208702763296, 55.211609669444108, 0.0 ], [ -111.334428349602604, 55.211541214889422, 0.0 ], [ -111.334266069198705, 55.211413398688848, 0.0 ], [ -111.333821043171, 55.211272634434643, 0.0 ], [ -111.333625739075501, 55.211210858383488, 0.0 ], [ -111.332984341099603, 55.211250437878448, 0.0 ], [ -111.332847599998303, 55.211463019638799, 0.0 ], [ -111.332842671837099, 55.211503959387862, 0.0 ], [ -111.332793634098707, 55.211911144859258, 0.0 ], [ -111.332739668496799, 55.212359268264819, 0.0 ], [ -111.332714380096704, 55.212569259715053, 0.0 ], [ -111.332376840077302, 55.212889037937707, 0.0 ], [ -111.332295112766204, 55.213335786683558, 0.0 ], [ -111.332240658935405, 55.21363343476925, 0.0 ], [ -111.332091987730095, 55.213835734862428, 0.0 ], [ -111.331503321121104, 55.214133193788967, 0.0 ], [ -111.330914644261696, 55.214430648788138, 0.0 ], [ -111.330325961610896, 55.214728102692938, 0.0 ], [ -111.329737268709493, 55.215025552670191, 0.0 ], [ -111.329594209465199, 55.215097835731903, 0.0 ], [ -111.328871443996704, 55.215273900791708, 0.0 ], [ -111.328148670394697, 55.215449965008837, 0.0 ], [ -111.327899258725495, 55.215510717984202, 0.0 ], [ -111.3272932323801, 55.215496803502297, 0.0 ], [ -111.326834694180803, 55.215332746664558, 0.0 ], [ -111.326618438339693, 55.215355865215962, 0.0 ], [ -111.326192522283094, 55.215661723224947, 0.0 ], [ -111.326113499693093, 55.216108630484129, 0.0 ], [ -111.326034475357602, 55.216555534948753, 0.0 ], [ -111.326003046351104, 55.2167332798481, 0.0 ], [ -111.325426175412602, 55.217038225474212, 0.0 ], [ -111.324849298796906, 55.217343168323502, 0.0 ], [ -111.324728090447493, 55.217407237437378, 0.0 ], [ -111.323942484478394, 55.217413176543793, 0.0 ], [ -111.323258853633106, 55.217418340852952, 0.0 ], [ -111.323156872057794, 55.217419112186789, 0.0 ], [ -111.322371264584305, 55.217425040212213, 0.0 ], [ -111.322235480286807, 55.217426065319657, 0.0 ], [ -111.322153743742007, 55.217467001228968, 0.0 ], [ -111.322066632231099, 55.217457017538777, 0.0 ], [ -111.321296911252801, 55.217442778228062, 0.0 ], [ -111.3211894202732, 55.217849359239537, 0.0 ], [ -111.321194347261198, 55.217947499738727, 0.0 ], [ -111.321053506154101, 55.218018034580361, 0.0 ], [ -111.320929455395699, 55.218080161903799, 0.0 ], [ -111.320794730463803, 55.218410078985833, 0.0 ], [ -111.320782226269202, 55.218535775662751, 0.0 ], [ -111.320777997093302, 55.218537693698181, 0.0 ], [ -111.3207288795778, 55.218981372971513, 0.0 ], [ -111.320722882420895, 55.219132288981193, 0.0 ], [ -111.320705502106406, 55.219306995327671, 0.0 ], [ -111.320660883648102, 55.219755454238673, 0.0 ], [ -111.320616264126798, 55.220203911298128, 0.0 ], [ -111.320611427969396, 55.220252525447457, 0.0 ], [ -111.320264161859498, 55.220655456022158, 0.0 ], [ -111.320214742392594, 55.220712796878402, 0.0 ], [ -111.320173353848205, 55.221011365332828, 0.0 ], [ -111.319767720842805, 55.221219979670181, 0.0 ], [ -111.319354663396396, 55.221432408651083, 0.0 ], [ -111.3189416031245, 55.2216448362093, 0.0 ], [ -111.318528535318904, 55.221857262202583, 0.0 ], [ -111.318115464687807, 55.222069686773118, 0.0 ], [ -111.317828966230394, 55.222217018493609, 0.0 ], [ -111.317504932015396, 55.222209862695259, 0.0 ], [ -111.316719747890801, 55.222192518771827, 0.0 ], [ -111.315934567896804, 55.222175168996998, 0.0 ], [ -111.315149383771995, 55.222157817619099, 0.0 ], [ -111.314409391037401, 55.222141456438138, 0.0 ], [ -111.314410039693897, 55.330144669389462, 0.0 ], [ -111.313699242877306, 55.330185303680771, 0.0 ], [ -111.306773482512895, 55.330185638545153, 0.0 ], [ -110.002181379407205, 55.33015662305543, 0.0 ], [ -110.000071908990407, 55.33015537650774, 0.0 ], [ -110.000028834444805, 55.500014466935284, 0.0 ], [ -110.0000295709997, 56.000016997963733, 0.0 ], [ -110.000030318668493, 56.500014125155388, 0.0 ], [ -110.000029998982299, 57.000014849865998, 0.0 ], [ -110.000031069467198, 57.416679885225463, 0.0 ], [ -110.000031932034105, 58.000013956779483, 0.0 ], [ -110.000031303193893, 58.500016926105808, 0.0 ], [ -110.000032131129203, 59.000014854545142, 0.0 ], [ -110.000032255925305, 59.500016739442323, 0.0 ], [ -110.000033481781301, 60.000013763735083, 0.0 ], [ -110.166699532526906, 60.000013809230239, 0.0 ], [ -110.333366303918197, 60.000014217101857, 0.0 ], [ -110.500033435295407, 60.000015162918693, 0.0 ], [ -110.666700565580896, 60.00001655955829, 0.0 ], [ -110.833367340721395, 60.000013996454634, 0.0 ], [ -111.000034110939694, 60.000016383655257, 0.0 ], [ -111.16670087928, 60.000014900544201, 0.0 ], [ -111.333367289843196, 60.000013955472298, 0.0 ], [ -111.500034418090195, 60.000013643116169, 0.0 ], [ -111.666700469279107, 60.000013958636373, 0.0 ], [ -111.8333679592468, 60.000014904567138, 0.0 ], [ -112.000034366509396, 60.000016481206877, 0.0 ], [ -112.166701858204107, 60.000014275744753, 0.0 ], [ -112.333368263556594, 60.000012701967009, 0.0 ], [ -112.370323365656006, 60.000035012168333, 0.0 ] ] ] ] } }
]
}
