{
"type": "FeatureCollection",
"name": "Name_West Central Airshed Society",
"crs": { "type": "name", "properties": { "name": "urn:ogc:def:crs:OGC:1.3:CRS84" } },
"xy_coordinate_resolution": 1e-15,
"features": [
{ "type": "Feature", "properties": { "Name": "West Central Airshed Society", "description": "<html xmlns:fo=\"http://www.w3.org/1999/XSL/Format\" xmlns:msxsl=\"urn:schemas-microsoft-com:xslt\">\n\n<head>\n\n<META http-equiv=\"Content-Type\" content=\"text/html\">\n\n<meta http-equiv=\"content-type\" content=\"text/html; charset=UTF-8\">\n\n</head>\n\n<body style=\"margin:0px 0px 0px 0px;overflow:auto;background:#FFFFFF;\">\n\n<table style=\"font-family:Arial,Verdana,Times;font-size:12px;text-align:left;width:100%;border-collapse:collapse;padding:3px 3px 3px 3px\">\n\n<tr style=\"text-align:center;font-weight:bold;background:#9CBCE2\">\n\n<td>West Central Airshed Society</td>\n\n</tr>\n\n<tr>\n\n<td>\n\n<table style=\"font-family:Arial,Verdana,Times;font-size:12px;text-align:left;width:100%;border-spacing:0px; padding:3px 3px 3px 3px\">\n\n<tr>\n\n<td>FID</td>\n\n<td>7</td>\n\n</tr>\n\n<tr bgcolor=\"#D4E4F3\">\n\n<td>Name</td>\n\n<td>West Central Airshed Society</td>\n\n</tr>\n\n<tr>\n\n<td>Abrreviati</td>\n\n<td>WCAS</td>\n\n</tr>\n\n<tr bgcolor=\"#D4E4F3\">\n\n<td>YrCreated</td>\n\n<td>1995</td>\n\n</tr>\n\n<tr>\n\n<td>Shape_Leng</td>\n\n<td>2157989.97762</td>\n\n</tr>\n\n<tr bgcolor=\"#D4E4F3\">\n\n<td>Shape_Le_1</td>\n\n<td>2157989.97762</td>\n\n</tr>\n\n</table>\n\n</td>\n\n</tr>\n\n</table>\n\n</body><script type=\"text/javascript\">\n\n\t\t\t\tfunction changeImage(attElement, nameElement) {\n\n\t\t\t\tdocument.getElementById('imageAttachment').src = attElement;\n\n\t\t\t\tdocument.getElementById('imageName').innerHTML = nameElement;}\n\n\t\t\t</script></html>\n\n", "timestamp": null, "begin": null, "end": null, "altitudeMode": "clampToGround", "tessellate": -1, "extrude": 0, "visibility": -1, "drawOrder": null, "icon": null }, "geometry": { "type": "MultiPolygon", "coordinates": [ [ [ [ -115.069473915493305, 54.850438339024642, 0.0 ], [ -115.069732913575507, 54.850390797615162, 0.0 ], [ -115.069732913451404, 54.850390725693259, 0.0 ], [ -115.222266447252295, 54.850373647161128, 0.0 ], [ -115.374785903753505, 54.85036292118162, 0.0 ], [ -115.527319459339793, 54.850349249900972, 0.0 ], [ -115.679846264199796, 54.850337222150081, 0.0 ], [ -115.832364971234398, 54.850335478373417, 0.0 ], [ -115.984477928438693, 54.850332167365927, 0.0 ], [ -115.984477257298494, 54.843169866018563, 0.0 ], [ -115.984476545555694, 54.835942080107948, 0.0 ], [ -115.984475826688893, 54.828714300235099, 0.0 ], [ -115.9844750679502, 54.821576843945508, 0.0 ], [ -115.984475036905195, 54.821305824021913, 0.0 ], [ -115.984474292708001, 54.814078030928123, 0.0 ], [ -115.984473489618907, 54.806850226308313, 0.0 ], [ -115.984472691923798, 54.799622428520927, 0.0 ], [ -115.984471882642595, 54.792484932030568, 0.0 ], [ -115.984471849354307, 54.792213911755248, 0.0 ], [ -115.984471004449901, 54.784986092826827, 0.0 ], [ -115.984470142599093, 54.777758256634769, 0.0 ], [ -115.984469294997197, 54.770530406521488, 0.0 ], [ -115.984468416058107, 54.763388103942837, 0.0 ], [ -115.984468380078297, 54.76313506494855, 0.0 ], [ -115.979738601429005, 54.763131438035501, 0.0 ], [ -115.971600600060796, 54.763124769405493, 0.0 ], [ -115.9672974623832, 54.763121021684853, 0.0 ], [ -115.967297361111207, 54.755978713720388, 0.0 ], [ -115.967297249463797, 54.748750822985677, 0.0 ], [ -115.967297190328495, 54.741522916215303, 0.0 ], [ -115.967297117051899, 54.734385329417968, 0.0 ], [ -115.967297113124502, 54.734114309525502, 0.0 ], [ -115.9672969951082, 54.726886388860812, 0.0 ], [ -115.967296889747104, 54.719658474953206, 0.0 ], [ -115.967296760557304, 54.712430535725893, 0.0 ], [ -115.967296614818196, 54.705292911517297, 0.0 ], [ -115.967296616361295, 54.705021892107503, 0.0 ], [ -115.967296436314399, 54.697793945209632, 0.0 ], [ -115.9672962483248, 54.690565986349426, 0.0 ], [ -115.9672960397954, 54.683338007534822, 0.0 ], [ -115.9672958513937, 54.676200351059961, 0.0 ], [ -115.967295844399501, 54.675929330446017, 0.0 ], [ -115.967295587020601, 54.668701880697917, 0.0 ], [ -115.967295472585107, 54.661474305394151, 0.0 ], [ -115.967295373898295, 54.654246671182953, 0.0 ], [ -115.967295253749796, 54.647109340285311, 0.0 ], [ -115.967295245895897, 54.646838314809159, 0.0 ], [ -115.967295114596396, 54.639610653890237, 0.0 ], [ -115.967294949496207, 54.63238300099038, 0.0 ], [ -115.967294779092001, 54.625155315421758, 0.0 ], [ -115.967294606961005, 54.618017946916858, 0.0 ], [ -115.967294601434006, 54.617746920148967, 0.0 ], [ -115.967294391406099, 54.610519234895712, 0.0 ], [ -115.967294188808594, 54.603291530356223, 0.0 ], [ -115.967293947621698, 54.596063824879479, 0.0 ], [ -115.9672936869475, 54.588836074256029, 0.0 ], [ -115.967293680180006, 54.58865538921804, 0.0 ], [ -115.967293355195295, 54.581425945532423, 0.0 ], [ -115.967292864582404, 54.574197080044968, 0.0 ], [ -115.967292335142105, 54.566968197433127, 0.0 ], [ -115.967291803553593, 54.559829608453391, 0.0 ], [ -115.967291784039205, 54.55955857565295, 0.0 ], [ -115.967291235426998, 54.552329692277652, 0.0 ], [ -115.967290651973897, 54.545100762073218, 0.0 ], [ -115.967290076845302, 54.537871844035159, 0.0 ], [ -115.967289469855601, 54.53073323737172, 0.0 ], [ -115.967289449617894, 54.530462204201498, 0.0 ], [ -115.967288833712601, 54.523233283768683, 0.0 ], [ -115.967288212787395, 54.516004333348427, 0.0 ], [ -115.967287546957394, 54.508775364947468, 0.0 ], [ -115.967286881393605, 54.501636725169462, 0.0 ], [ -115.967286854131203, 54.501365686284743, 0.0 ], [ -115.967286022126004, 54.494137549070771, 0.0 ], [ -115.967285128950195, 54.486909420080792, 0.0 ], [ -115.967284229259405, 54.479681258416448, 0.0 ], [ -115.967283345024597, 54.472543444559442, 0.0 ], [ -115.967283309360198, 54.472272406264793, 0.0 ], [ -115.967282359846706, 54.465044237775409, 0.0 ], [ -115.967281392142397, 54.457816063676553, 0.0 ], [ -115.967280426102207, 54.450587874817323, 0.0 ], [ -115.967279459060805, 54.443450022630977, 0.0 ], [ -115.9672794165525, 54.443178984913537, 0.0 ], [ -115.967278414592101, 54.435950785515807, 0.0 ], [ -115.967277398727404, 54.428722564287114, 0.0 ], [ -115.967276358854804, 54.421494350079747, 0.0 ], [ -115.967275091433706, 54.414286570972678, 0.0 ], [ -115.967275049015399, 54.414036913302468, 0.0 ], [ -115.967275146137993, 54.4140369134238, 0.0 ], [ -115.967275146092007, 54.414036845989372, 0.0 ], [ -115.976135998144102, 54.414045872859482, 0.0 ], [ -115.976600693199401, 54.414046327043202, 0.0 ], [ -115.979717575988104, 54.414047554455507, 0.0 ], [ -115.988946955744694, 54.414050711235333, 0.0 ], [ -115.992469827290805, 54.41405174004413, 0.0 ], [ -116.000017634283495, 54.414053547806617, 0.0 ], [ -116.001138375281897, 54.414053821192269, 0.0 ], [ -116.001603072290905, 54.414053914812222, 0.0 ], [ -116.004912253646907, 54.414054559671762, 0.0 ], [ -116.013949234222906, 54.414055860757522, 0.0 ], [ -116.0176644303167, 54.414056198841187, 0.0 ], [ -116.026140515765107, 54.414056545961571, 0.0 ], [ -116.026605214674305, 54.414056542462419, 0.0 ], [ -116.030106784505094, 54.414056497996427, 0.0 ], [ -116.038951065687797, 54.414055927017579, 0.0 ], [ -116.042858961521702, 54.414055479511688, 0.0 ], [ -116.051142106080206, 54.414054096718132, 0.0 ], [ -116.0516067992194, 54.414054003359553, 0.0 ], [ -116.055307496858404, 54.414053192764541, 0.0 ], [ -116.063952710509298, 54.414050845878549, 0.0 ], [ -116.068065858075499, 54.414049515194669, 0.0 ], [ -116.076143738334096, 54.414046486428219, 0.0 ], [ -116.076608428481507, 54.414046296892202, 0.0 ], [ -116.080514434025702, 54.414044662112516, 0.0 ], [ -116.088954322758397, 54.414040678024193, 0.0 ], [ -116.093272707147094, 54.414038495838263, 0.0 ], [ -116.101145238093906, 54.414034115790237, 0.0 ], [ -116.101609840580906, 54.414033839840613, 0.0 ], [ -116.101609475300506, 54.406810834148366, 0.0 ], [ -116.101609058658198, 54.399583234012198, 0.0 ], [ -116.101608645807303, 54.39235562635551, 0.0 ], [ -116.101608236596903, 54.385218367369227, 0.0 ], [ -116.101608222309594, 54.384947323201743, 0.0 ], [ -116.101607785197103, 54.377719702380944, 0.0 ], [ -116.101607335844903, 54.370492049906723, 0.0 ], [ -116.101606853914802, 54.363264410921381, 0.0 ], [ -116.1016063747755, 54.356127121033467, 0.0 ], [ -116.101606352568297, 54.355856082865337, 0.0 ], [ -116.101605857889794, 54.348628397336569, 0.0 ], [ -116.101605363320999, 54.341400737584443, 0.0 ], [ -116.101604836754206, 54.334173053548831, 0.0 ], [ -116.101604528208298, 54.327035285470203, 0.0 ], [ -116.1016045177753, 54.326764241432308, 0.0 ], [ -116.101604616228798, 54.326764241432542, 0.0 ], [ -116.101604615965002, 54.326764173998278, 0.0 ], [ -116.113950063630995, 54.326771516243319, 0.0 ], [ -116.126140934281395, 54.326777536416053, 0.0 ], [ -116.126604666887104, 54.326777743418802, 0.0 ], [ -116.138950112495607, 54.326782873494331, 0.0 ], [ -116.1511410286017, 54.326786699570597, 0.0 ], [ -116.151604768102004, 54.326786823893663, 0.0 ], [ -116.163950253917605, 54.326789393371648, 0.0 ], [ -116.176141315882006, 54.326790779731027, 0.0 ], [ -116.176605050997196, 54.326790807991742, 0.0 ], [ -116.1889507414283, 54.326790944651783, 0.0 ], [ -116.201141856381497, 54.326789839927763, 0.0 ], [ -116.2016055992964, 54.326789772903084, 0.0 ], [ -116.213951311636706, 54.326787353442093, 0.0 ], [ -116.2261424740921, 54.326783700966438, 0.0 ], [ -116.226606212464503, 54.3267835423732, 0.0 ], [ -116.238951935145195, 54.326778567745812, 0.0 ], [ -116.251143148633204, 54.326772358417323, 0.0 ], [ -116.251606800513898, 54.326772099214629, 0.0 ], [ -116.251606635106597, 54.31954441314226, 0.0 ], [ -116.251606417877596, 54.312316634784921, 0.0 ], [ -116.251606226820101, 54.305088850552288, 0.0 ], [ -116.251606010859405, 54.297951412783632, 0.0 ], [ -116.251606002780093, 54.297680360131132, 0.0 ], [ -116.251605747712205, 54.290452563347309, 0.0 ], [ -116.251605503545093, 54.283224763542087, 0.0 ], [ -116.251605265286997, 54.275996948178062, 0.0 ], [ -116.251604973066094, 54.268859464708761, 0.0 ], [ -116.251604966516098, 54.268588412585331, 0.0 ], [ -116.251604690788497, 54.261360595179298, 0.0 ], [ -116.251604402103496, 54.254132747122163, 0.0 ], [ -116.251604389234501, 54.253830350765021, 0.0 ], [ -116.251604483913894, 54.25383038395087, 0.0 ], [ -116.251604483935395, 54.253830283242323, 0.0 ], [ -116.251755470346893, 54.253882357037519, 0.0 ], [ -116.251970786270505, 54.253919398118057, 0.0 ], [ -116.252310693575694, 54.253996188568941, 0.0 ], [ -116.252857727559004, 54.25400866600539, 0.0 ], [ -116.253164367352994, 54.253980217019013, 0.0 ], [ -116.253417714361106, 54.253944657671887, 0.0 ], [ -116.253861679533998, 54.253849668288552, 0.0 ], [ -116.254492036539702, 54.25365704762882, 0.0 ], [ -116.254680970794098, 54.253579997790972, 0.0 ], [ -116.255387733416995, 54.253234256598638, 0.0 ], [ -116.255387843734894, 54.253234197902103, 0.0 ], [ -116.255712270421, 54.253043334840179, 0.0 ], [ -116.255712369773505, 54.253043269064108, 0.0 ], [ -116.256072477722199, 54.252873618175293, 0.0 ], [ -116.256396032277493, 54.252687247439731, 0.0 ], [ -116.256396136315303, 54.252687184311782, 0.0 ], [ -116.256835941911604, 54.252377189593822, 0.0 ], [ -116.256836042877694, 54.252377126497542, 0.0 ], [ -116.257343206357305, 54.25209726590758, 0.0 ], [ -116.257343307376601, 54.252097204608653, 0.0 ], [ -116.2582369731239, 54.251489031425614, 0.0 ], [ -116.258237066246195, 54.251488963014893, 0.0 ], [ -116.258374405213104, 54.251380871935062, 0.0 ], [ -116.258470188038601, 54.251244225809423, 0.0 ], [ -116.258470279624902, 54.25124415741459, 0.0 ], [ -116.258603994831105, 54.251134553703807, 0.0 ], [ -116.258604078851107, 54.251134488984547, 0.0 ], [ -116.258821926484401, 54.251079612892482, 0.0 ], [ -116.259151668571405, 54.251044191272911, 0.0 ], [ -116.259316262845402, 54.251013018204873, 0.0 ], [ -116.259712686841993, 54.250857240548278, 0.0 ], [ -116.260727983548307, 54.250545373544611, 0.0 ], [ -116.261023816341094, 54.250354807523067, 0.0 ], [ -116.261023922010693, 54.250354747970732, 0.0 ], [ -116.261191890204103, 54.250266753618178, 0.0 ], [ -116.261191995763497, 54.250266690470113, 0.0 ], [ -116.261566554440805, 54.250111235207818, 0.0 ], [ -116.261690290576993, 54.250059875407203, 0.0 ], [ -116.261797828665195, 54.250006966700269, 0.0 ], [ -116.261814133739605, 54.249998953343912, 0.0 ], [ -116.262099620764204, 54.24985857831831, 0.0 ], [ -116.262099731090899, 54.249858520514607, 0.0 ], [ -116.262428517850793, 54.24966990153321, 0.0 ], [ -116.262428615731693, 54.249669838464449, 0.0 ], [ -116.262965577820097, 54.249418851612852, 0.0 ], [ -116.263948876651995, 54.249054384412197, 0.0 ], [ -116.2644804221312, 54.248801211228688, 0.0 ], [ -116.266036224895203, 54.247809195739478, 0.0 ], [ -116.266036324218604, 54.247809129955023, 0.0 ], [ -116.266387789224098, 54.247636659253978, 0.0 ], [ -116.267131185179096, 54.247147847892307, 0.0 ], [ -116.267131289186494, 54.247147784755221, 0.0 ], [ -116.267295567148594, 54.247053447995967, 0.0 ], [ -116.267295668058196, 54.247053383992153, 0.0 ], [ -116.267633338715996, 54.246915677696251, 0.0 ], [ -116.268036385007207, 54.24675317736795, 0.0 ], [ -116.268940452296903, 54.246343226620567, 0.0 ], [ -116.269515560139794, 54.246111748755418, 0.0 ], [ -116.270132349290094, 54.245922889938271, 0.0 ], [ -116.270589486838503, 54.245809953070982, 0.0 ], [ -116.271059506276103, 54.245740952148353, 0.0 ], [ -116.271435179478999, 54.245730489753491, 0.0 ], [ -116.271928539281205, 54.24574789635534, 0.0 ], [ -116.272292775139604, 54.245742260110617, 0.0 ], [ -116.272818992054795, 54.245705311196353, 0.0 ], [ -116.273276882300394, 54.245633126976401, 0.0 ], [ -116.273741033359599, 54.245527196771206, 0.0 ], [ -116.273950353197804, 54.245471108106877, 0.0 ], [ -116.274548012037599, 54.245256359538722, 0.0 ], [ -116.275198696898798, 54.245069004442549, 0.0 ], [ -116.2761390204289, 54.244725878108312, 0.0 ], [ -116.276602126505495, 54.244500051354308, 0.0 ], [ -116.277078193649402, 54.244283833529273, 0.0 ], [ -116.277078303995694, 54.244283777509793, 0.0 ], [ -116.277752325201902, 54.24392897111283, 0.0 ], [ -116.277752430858598, 54.243928912444858, 0.0 ], [ -116.278574330062398, 54.243461753909408, 0.0 ], [ -116.278574434043094, 54.243461690762572, 0.0 ], [ -116.278723121770298, 54.243361325237757, 0.0 ], [ -116.278842207051397, 54.243240695748028, 0.0 ], [ -116.278842307961597, 54.24324063263353, 0.0 ], [ -116.279007733362207, 54.243149306709249, 0.0 ], [ -116.279007843675103, 54.243149249789127, 0.0 ], [ -116.279539025766198, 54.242901970958798, 0.0 ], [ -116.280156260073298, 54.242707525544738, 0.0 ], [ -116.280937041258895, 54.242409056479758, 0.0 ], [ -116.281277132078699, 54.242239504867207, 0.0 ], [ -116.281484153921795, 54.242157930052088, 0.0 ], [ -116.281991176435099, 54.241889547720447, 0.0 ], [ -116.281991278871899, 54.241889484587013, 0.0 ], [ -116.282275795273307, 54.24167896889989, 0.0 ], [ -116.282990486816402, 54.240965572757347, 0.0 ], [ -116.282990569019702, 54.240965500846563, 0.0 ], [ -116.283820516020995, 54.240345486858658, 0.0 ], [ -116.283820616944396, 54.24034542463896, 0.0 ], [ -116.284362148780204, 54.240058048598591, 0.0 ], [ -116.284362252743406, 54.240057985446818, 0.0 ], [ -116.284988424386796, 54.239854791920699, 0.0 ], [ -116.285189658188202, 54.239770552279531, 0.0 ], [ -116.285275089861997, 54.239696372797589, 0.0 ], [ -116.285275172086799, 54.239696301784143, 0.0 ], [ -116.285484761027703, 54.239515646218223, 0.0 ], [ -116.285484843195903, 54.239515573406827, 0.0 ], [ -116.285670443235901, 54.23933548088548, 0.0 ], [ -116.285817854893097, 54.239134227584238, 0.0 ], [ -116.286277654984104, 54.238674128351271, 0.0 ], [ -116.286643000811395, 54.238310771262967, 0.0 ], [ -116.286820060474795, 54.238033064140069, 0.0 ], [ -116.287224956536207, 54.237618046296561, 0.0 ], [ -116.287472892320494, 54.237223411475611, 0.0 ], [ -116.2874729791682, 54.237223341310397, 0.0 ], [ -116.2875956486197, 54.237112216614626, 0.0 ], [ -116.287901326794596, 54.236739711583148, 0.0 ], [ -116.288074947759398, 54.236486822632457, 0.0 ], [ -116.288290592760305, 54.236069528966887, 0.0 ], [ -116.288399001313294, 54.235939684587912, 0.0 ], [ -116.2886279471563, 54.235538357910663, 0.0 ], [ -116.288946447256095, 54.235149192144483, 0.0 ], [ -116.289115821842799, 54.234904277818842, 0.0 ], [ -116.289243690818594, 54.234627149636367, 0.0 ], [ -116.289429756787399, 54.234379421646963, 0.0 ], [ -116.289751159649896, 54.234017708931631, 0.0 ], [ -116.290139342473395, 54.233522260778479, 0.0 ], [ -116.290473035764805, 54.233169780397908, 0.0 ], [ -116.290753822524394, 54.23279841535637, 0.0 ], [ -116.290871211632904, 54.232677104627783, 0.0 ], [ -116.2911083996147, 54.23229018484701, 0.0 ], [ -116.291441737444202, 54.231930238564807, 0.0 ], [ -116.291629853543398, 54.231678628350778, 0.0 ], [ -116.291629940372601, 54.231678558182608, 0.0 ], [ -116.291871671006504, 54.231456361776708, 0.0 ], [ -116.292073765750601, 54.231209359484197, 0.0 ], [ -116.292121223668104, 54.23105896122425, 0.0 ], [ -116.292130118251094, 54.230888728485077, 0.0 ], [ -116.292203964509696, 54.230753007050431, 0.0 ], [ -116.292311751806096, 54.230636136372411, 0.0 ], [ -116.292311844853202, 54.230636068834613, 0.0 ], [ -116.292715089135498, 54.230327910566281, 0.0 ], [ -116.292715173088098, 54.230327846722481, 0.0 ], [ -116.293086604679004, 54.230176449597813, 0.0 ], [ -116.293512938436805, 54.230044536424359, 0.0 ], [ -116.293983459185398, 54.229947185088577, 0.0 ], [ -116.294471852886204, 54.22987032577398, 0.0 ], [ -116.295795536810601, 54.229589813003862, 0.0 ], [ -116.296165560748705, 54.229533700462042, 0.0 ], [ -116.296447598775003, 54.229531089218163, 0.0 ], [ -116.296725663027004, 54.229574833745019, 0.0 ], [ -116.296844305061896, 54.229646189109808, 0.0 ], [ -116.296908076444694, 54.229776325953651, 0.0 ], [ -116.297057531694904, 54.229870893885149, 0.0 ], [ -116.297316897225997, 54.229932581129432, 0.0 ], [ -116.297907956890299, 54.229949862762332, 0.0 ], [ -116.299140780681498, 54.229943040311859, 0.0 ], [ -116.300270945898603, 54.229954113422167, 0.0 ], [ -116.301136678964795, 54.230019649307891, 0.0 ], [ -116.3015995914038, 54.230038007738017, 0.0 ], [ -116.302623161229803, 54.230065171699437, 0.0 ], [ -116.304085442103698, 54.230039131001732, 0.0 ], [ -116.3044230484347, 54.230019392420878, 0.0 ], [ -116.304899436712702, 54.229954860476042, 0.0 ], [ -116.305102379847099, 54.229891927856883, 0.0 ], [ -116.305222620523494, 54.22976480723581, 0.0 ], [ -116.3051549875061, 54.229633890123623, 0.0 ], [ -116.305009438143301, 54.229506560198999, 0.0 ], [ -116.304960456106301, 54.229375824955952, 0.0 ], [ -116.304960555635404, 54.229375769027548, 0.0 ], [ -116.305005362426797, 54.229353821930182, 0.0 ], [ -116.305164476754697, 54.229275971457326, 0.0 ], [ -116.305459079379304, 54.229263102414649, 0.0 ], [ -116.305721706463402, 54.229272924007311, 0.0 ], [ -116.306459328948606, 54.229357310603952, 0.0 ], [ -116.307443571049902, 54.229501822177973, 0.0 ], [ -116.308252431341003, 54.229568363674623, 0.0 ], [ -116.309277194424695, 54.229694527412207, 0.0 ], [ -116.309817524353903, 54.229735635790902, 0.0 ], [ -116.310782737022194, 54.229885829169241, 0.0 ], [ -116.311347151096697, 54.229938201770409, 0.0 ], [ -116.311763661940006, 54.230002669048829, 0.0 ], [ -116.311960475871203, 54.230102181928892, 0.0 ], [ -116.312020801062303, 54.230147303902982, 0.0 ], [ -116.312099351164406, 54.230206047090682, 0.0 ], [ -116.312292404428604, 54.230467313672733, 0.0 ], [ -116.312532602394199, 54.230658858412653, 0.0 ], [ -116.312737845843102, 54.230749568659853, 0.0 ], [ -116.312971069773894, 54.230786319857017, 0.0 ], [ -116.313944376706502, 54.231030154092593, 0.0 ], [ -116.314285475766297, 54.231096841258349, 0.0 ], [ -116.314996302615796, 54.231411433624992, 0.0 ], [ -116.316215121495901, 54.2317933676444, 0.0 ], [ -116.316438999836507, 54.231854719014287, 0.0 ], [ -116.317094060399896, 54.231993350179138, 0.0 ], [ -116.317297537846798, 54.23205945575323, 0.0 ], [ -116.318385434101003, 54.232297186573057, 0.0 ], [ -116.318647112303097, 54.232357170789257, 0.0 ], [ -116.318910026510096, 54.232389804579313, 0.0 ], [ -116.319336103655999, 54.232493324340957, 0.0 ], [ -116.319820818786695, 54.232576374147619, 0.0 ], [ -116.320257642363003, 54.232671081386783, 0.0 ], [ -116.320593793682804, 54.232550805419393, 0.0 ], [ -116.321185143379694, 54.232297564848423, 0.0 ], [ -116.321678353912404, 54.232068877390013, 0.0 ], [ -116.322338615930605, 54.231893668802627, 0.0 ], [ -116.322862967396105, 54.23180682312492, 0.0 ], [ -116.323157102723499, 54.231799134023341, 0.0 ], [ -116.324894913993703, 54.231918671483207, 0.0 ], [ -116.326134546641498, 54.231983901270752, 0.0 ], [ -116.326597473351498, 54.231990285331889, 0.0 ], [ -116.327235468287199, 54.231981265247747, 0.0 ], [ -116.327797180496503, 54.231939192606703, 0.0 ], [ -116.329240936527697, 54.231866520440633, 0.0 ], [ -116.330009594874099, 54.231755532536091, 0.0 ], [ -116.330828958069503, 54.231672002233132, 0.0 ], [ -116.332345551082796, 54.231430510947888, 0.0 ], [ -116.333736610581497, 54.231117099277071, 0.0 ], [ -116.335409090845999, 54.230813647286944, 0.0 ], [ -116.335962953059905, 54.23075697196024, 0.0 ], [ -116.336233088340904, 54.23070485756719, 0.0 ], [ -116.337223762701399, 54.230563886554037, 0.0 ], [ -116.337760022614603, 54.230512901324659, 0.0 ], [ -116.338942058259804, 54.230324156664139, 0.0 ], [ -116.339261613285899, 54.230255873625893, 0.0 ], [ -116.3399895692542, 54.230108044700742, 0.0 ], [ -116.340480694251198, 54.230030058994828, 0.0 ], [ -116.340933202088394, 54.22993213062842, 0.0 ], [ -116.341963282842897, 54.229753540700408, 0.0 ], [ -116.342922078546195, 54.229567801828971, 0.0 ], [ -116.344206931374501, 54.229394826304549, 0.0 ], [ -116.344951805605902, 54.229277609197247, 0.0 ], [ -116.345663315902698, 54.229140184638347, 0.0 ], [ -116.346186054713996, 54.229078277797662, 0.0 ], [ -116.346664110490394, 54.228974491629756, 0.0 ], [ -116.347404714040394, 54.228846985129053, 0.0 ], [ -116.348111634655595, 54.228707838509941, 0.0 ], [ -116.348802738747594, 54.228545924460377, 0.0 ], [ -116.349310270250001, 54.228469854508937, 0.0 ], [ -116.349780876941395, 54.228369165086939, 0.0 ], [ -116.350242258661495, 54.228252799881702, 0.0 ], [ -116.350666676398006, 54.228116710604851, 0.0 ], [ -116.351132276564499, 54.228001196569963, 0.0 ], [ -116.351595159544004, 54.227859996877527, 0.0 ], [ -116.352851909970894, 54.227416091110079, 0.0 ], [ -116.353102459382995, 54.227329419854357, 0.0 ], [ -116.353471584759305, 54.227150246759983, 0.0 ], [ -116.354413162286804, 54.226779888047737, 0.0 ], [ -116.354770294928301, 54.226605552092231, 0.0 ], [ -116.3548708804136, 54.226564113802837, 0.0 ], [ -116.356078708933893, 54.226066535611267, 0.0 ], [ -116.356365398757703, 54.226031891936501, 0.0 ], [ -116.356856166487304, 54.226102893958817, 0.0 ], [ -116.357120458078398, 54.226108908814567, 0.0 ], [ -116.357353704422195, 54.226074476212027, 0.0 ], [ -116.357567180750394, 54.226024128889598, 0.0 ], [ -116.357969605210798, 54.225897387312827, 0.0 ], [ -116.358163677363905, 54.225827259442163, 0.0 ], [ -116.358692723959507, 54.225578681167583, 0.0 ], [ -116.358692834144506, 54.225578625074178, 0.0 ], [ -116.359200463214805, 54.225307754819667, 0.0 ], [ -116.359200568619002, 54.225307693384501, 0.0 ], [ -116.359566187017293, 54.225068344986973, 0.0 ], [ -116.359566287729706, 54.225068280906839, 0.0 ], [ -116.359836247884004, 54.224902984396451, 0.0 ], [ -116.359836345497897, 54.224902919451829, 0.0 ], [ -116.360283934458096, 54.224585444927513, 0.0 ], [ -116.360284035197793, 54.224585381745626, 0.0 ], [ -116.360449998487496, 54.224492130738199, 0.0 ], [ -116.360450102324293, 54.224492068420417, 0.0 ], [ -116.360660349064602, 54.224413824713302, 0.0 ], [ -116.360818045923295, 54.22431559055844, 0.0 ], [ -116.360818134271199, 54.22431552391928, 0.0 ], [ -116.361071888263197, 54.224088356627561, 0.0 ], [ -116.361071979619098, 54.224088288155812, 0.0 ], [ -116.361371593879298, 54.223893340198437, 0.0 ], [ -116.361371688361402, 54.223893273489551, 0.0 ], [ -116.361791726071601, 54.223570886409362, 0.0 ], [ -116.361791826747293, 54.223570821428517, 0.0 ], [ -116.362289178085504, 54.22330416331851, 0.0 ], [ -116.362289277285001, 54.223304100152312, 0.0 ], [ -116.362426354332896, 54.223200601046798, 0.0 ], [ -116.362426437955506, 54.223200530863053, 0.0 ], [ -116.363548208823303, 54.222163584937753, 0.0 ], [ -116.363548286158206, 54.222163510328343, 0.0 ], [ -116.363939842152803, 54.221750169117477, 0.0 ], [ -116.363939916507306, 54.221750097239124, 0.0 ], [ -116.364264117543897, 54.221438828235037, 0.0 ], [ -116.364459736605596, 54.221185754767397, 0.0 ], [ -116.365226575520893, 54.220317325774772, 0.0 ], [ -116.365585072430505, 54.219776813766607, 0.0 ], [ -116.366043866504299, 54.21929386237688, 0.0 ], [ -116.366043943918399, 54.219293790462451, 0.0 ], [ -116.366299399848202, 54.219068228904618, 0.0 ], [ -116.366299475698, 54.219068156108612, 0.0 ], [ -116.366653629445807, 54.218704209973147, 0.0 ], [ -116.366653706857704, 54.218704138058378, 0.0 ], [ -116.366917883438404, 54.218481227767469, 0.0 ], [ -116.366917971645293, 54.218481157528437, 0.0 ], [ -116.367333674793102, 54.218159433426877, 0.0 ], [ -116.367333767689104, 54.218159365831923, 0.0 ], [ -116.3678077813708, 54.217838198528788, 0.0 ], [ -116.367807877392295, 54.217838132696379, 0.0 ], [ -116.368227042845106, 54.217543612754888, 0.0 ], [ -116.368227137301702, 54.217543546040723, 0.0 ], [ -116.369247792004202, 54.217007482453248, 0.0 ], [ -116.369644796293997, 54.216867857302177, 0.0 ], [ -116.369911184422705, 54.216795187613933, 0.0 ], [ -116.370780209775802, 54.216608621023248, 0.0 ], [ -116.371283021923603, 54.216517532162342, 0.0 ], [ -116.372019726721902, 54.216431108316591, 0.0 ], [ -116.372574885057603, 54.216385027192104, 0.0 ], [ -116.373192396351101, 54.216372409699282, 0.0 ], [ -116.374535009122397, 54.216380891590191, 0.0 ], [ -116.374811605195603, 54.216396842057932, 0.0 ], [ -116.375138944611393, 54.21645208152718, 0.0 ], [ -116.375460277924304, 54.216547521805133, 0.0 ], [ -116.375830335117797, 54.216705711308677, 0.0 ], [ -116.376130553754805, 54.216858313925478, 0.0 ], [ -116.376593311280303, 54.217089794538083, 0.0 ], [ -116.377186256355202, 54.217416811895092, 0.0 ], [ -116.377605288660902, 54.217722962616008, 0.0 ], [ -116.3777913442798, 54.217799634896082, 0.0 ], [ -116.377989810613798, 54.217834292767151, 0.0 ], [ -116.378723005048599, 54.218006994488022, 0.0 ], [ -116.379003181678399, 54.218036176522737, 0.0 ], [ -116.379554512592705, 54.217994339663797, 0.0 ], [ -116.379849470097895, 54.217989746453497, 0.0 ], [ -116.381096973484901, 54.218042596048157, 0.0 ], [ -116.382157081384094, 54.218191504108439, 0.0 ], [ -116.383157280081207, 54.218394063471742, 0.0 ], [ -116.385208542533903, 54.218874262071779, 0.0 ], [ -116.385450014820293, 54.218942592842609, 0.0 ], [ -116.385860996564801, 54.219082014846599, 0.0 ], [ -116.386031845925601, 54.219177357666553, 0.0 ], [ -116.386192654470406, 54.21924029972989, 0.0 ], [ -116.386411437722202, 54.219325920494057, 0.0 ], [ -116.386854747890695, 54.21944613607139, 0.0 ], [ -116.387423963097504, 54.21966053944157, 0.0 ], [ -116.388011548614102, 54.219860136284943, 0.0 ], [ -116.388643407325006, 54.220050983369958, 0.0 ], [ -116.388942028146701, 54.220123979931337, 0.0 ], [ -116.390714459174404, 54.220531711474493, 0.0 ], [ -116.391707727362899, 54.220710562050833, 0.0 ], [ -116.392561952319397, 54.220821204636742, 0.0 ], [ -116.393403354021501, 54.220866188551248, 0.0 ], [ -116.395748509287401, 54.220885881884847, 0.0 ], [ -116.396901892174398, 54.220973138613687, 0.0 ], [ -116.398128248909998, 54.220944748965373, 0.0 ], [ -116.398715823910095, 54.220950014978072, 0.0 ], [ -116.399295132376693, 54.220937248890287, 0.0 ], [ -116.400361463802, 54.220875053052708, 0.0 ], [ -116.401136595084594, 54.220805204659868, 0.0 ], [ -116.401599389839504, 54.220768328533339, 0.0 ], [ -116.401766663574406, 54.22076267793804, 0.0 ], [ -116.402455167041794, 54.220658485605547, 0.0 ], [ -116.403155218796797, 54.220515661730509, 0.0 ], [ -116.403631496690906, 54.220445457224848, 0.0 ], [ -116.403944368689807, 54.220423438708259, 0.0 ], [ -116.405421731344504, 54.220227616866268, 0.0 ], [ -116.406379985469599, 54.220068148238589, 0.0 ], [ -116.4071327339026, 54.219962557796968, 0.0 ], [ -116.407351183461003, 54.219906036257449, 0.0 ], [ -116.407598798532305, 54.219865254973641, 0.0 ], [ -116.408664464904305, 54.219741845482638, 0.0 ], [ -116.409148018381799, 54.219657009148207, 0.0 ], [ -116.410149648021502, 54.219510565781277, 0.0 ], [ -116.410946088409901, 54.219444736098083, 0.0 ], [ -116.412199108981596, 54.219283739920307, 0.0 ], [ -116.412432612473097, 54.219247120898572, 0.0 ], [ -116.412891702603204, 54.219142883414641, 0.0 ], [ -116.413399342115099, 54.219074691199239, 0.0 ], [ -116.413945295888595, 54.218970596064437, 0.0 ], [ -116.415050709466698, 54.21878235402643, 0.0 ], [ -116.415679469490001, 54.218602934863, 0.0 ], [ -116.416139577881907, 54.218506161523308, 0.0 ], [ -116.417137369102903, 54.21817238773648, 0.0 ], [ -116.417939869175498, 54.217808900343059, 0.0 ], [ -116.418026241537902, 54.217773022550467, 0.0 ], [ -116.418238289964904, 54.217720757524361, 0.0 ], [ -116.419011605500799, 54.217444606355663, 0.0 ], [ -116.419369135395598, 54.21728648162447, 0.0 ], [ -116.419755372931206, 54.217147951141129, 0.0 ], [ -116.420799399527098, 54.21685253470995, 0.0 ], [ -116.421195090173896, 54.216723648962223, 0.0 ], [ -116.421667424728497, 54.216631177332587, 0.0 ], [ -116.421991956492107, 54.216523511758353, 0.0 ], [ -116.422270751464097, 54.216426845672622, 0.0 ], [ -116.422913450691098, 54.216240882555333, 0.0 ], [ -116.424476534953897, 54.215884593311827, 0.0 ], [ -116.425114536090206, 54.215788573885312, 0.0 ], [ -116.426136588664406, 54.215648564780032, 0.0 ], [ -116.426599300909004, 54.215558110963798, 0.0 ], [ -116.426736227851904, 54.215532840456262, 0.0 ], [ -116.429004671985894, 54.2152546923774, 0.0 ], [ -116.429466530619493, 54.21514182665608, 0.0 ], [ -116.430448989435405, 54.21498698467267, 0.0 ], [ -116.431170660243893, 54.21484565361466, 0.0 ], [ -116.431994665950995, 54.214781490402288, 0.0 ], [ -116.432469976991797, 54.214718173997511, 0.0 ], [ -116.433666751505697, 54.214490183016778, 0.0 ], [ -116.4344434790099, 54.214382336200202, 0.0 ], [ -116.434895192386406, 54.214295141082943, 0.0 ], [ -116.435324663185497, 54.214177133497529, 0.0 ], [ -116.435722617109803, 54.214034615243193, 0.0 ], [ -116.436581651822706, 54.213793419199142, 0.0 ], [ -116.437506343935098, 54.213627520148293, 0.0 ], [ -116.437755613090005, 54.213595318796472, 0.0 ], [ -116.438388763384495, 54.213571982180319, 0.0 ], [ -116.438943235590102, 54.213506734625163, 0.0 ], [ -116.439639286461201, 54.213406146254393, 0.0 ], [ -116.440989465778202, 54.21311506578661, 0.0 ], [ -116.441924717805193, 54.212935830195768, 0.0 ], [ -116.443132932925295, 54.212736865166143, 0.0 ], [ -116.444747660918395, 54.212415402640787, 0.0 ], [ -116.445749807122496, 54.212254974601073, 0.0 ], [ -116.446492787789296, 54.212161250265702, 0.0 ], [ -116.447180559068897, 54.212017454666473, 0.0 ], [ -116.447670053305004, 54.211938401590643, 0.0 ], [ -116.447881068076398, 54.211881245131359, 0.0 ], [ -116.448063878280806, 54.211804031410999, 0.0 ], [ -116.448267585371198, 54.211743076611079, 0.0 ], [ -116.448495892464805, 54.211696747200087, 0.0 ], [ -116.448868983129401, 54.211533615109232, 0.0 ], [ -116.449085785391702, 54.211473519331769, 0.0 ], [ -116.449562169485404, 54.211391562468151, 0.0 ], [ -116.450287915911105, 54.211292076347711, 0.0 ], [ -116.451136152464599, 54.211149616438647, 0.0 ], [ -116.451598848693294, 54.211029188937339, 0.0 ], [ -116.4523483166886, 54.210844579245183, 0.0 ], [ -116.4530843674343, 54.210745500472832, 0.0 ], [ -116.453364628916802, 54.210678008832772, 0.0 ], [ -116.453771489764307, 54.210594749941322, 0.0 ], [ -116.454421591532693, 54.210430206070633, 0.0 ], [ -116.454572556082098, 54.210407043413412, 0.0 ], [ -116.4551621904006, 54.210314048335462, 0.0 ], [ -116.455752335231196, 54.210117562025708, 0.0 ], [ -116.456133369230599, 54.209973425704113, 0.0 ], [ -116.4563574694197, 54.209917572599792, 0.0 ], [ -116.456756425216099, 54.209787306481353, 0.0 ], [ -116.457622659227596, 54.209373307802849, 0.0 ], [ -116.458274289051005, 54.209199414877133, 0.0 ], [ -116.459016192735604, 54.20890779914405, 0.0 ], [ -116.459414536049806, 54.208773416718323, 0.0 ], [ -116.459637411515999, 54.208719506479248, 0.0 ], [ -116.460183026016907, 54.208484600878002, 0.0 ], [ -116.460787960575303, 54.208264442646318, 0.0 ], [ -116.461368617220401, 54.208097537649969, 0.0 ], [ -116.461722313645595, 54.207936038269168, 0.0 ], [ -116.462122406906502, 54.207806497463672, 0.0 ], [ -116.462437987641096, 54.207601308085387, 0.0 ], [ -116.462438086521999, 54.207601241242507, 0.0 ], [ -116.463023730470397, 54.207392342716403, 0.0 ], [ -116.463944378932496, 54.20697475045872, 0.0 ], [ -116.464483661659003, 54.206798723103319, 0.0 ], [ -116.464844610342098, 54.206641553050787, 0.0 ], [ -116.465055632605598, 54.206580041754428, 0.0 ], [ -116.466019383193597, 54.206232328376103, 0.0 ], [ -116.466384823752705, 54.206082707213461, 0.0 ], [ -116.466718346734197, 54.205916795810808, 0.0 ], [ -116.467120206170307, 54.20578994217091, 0.0 ], [ -116.467403828156804, 54.205667495752699, 0.0 ], [ -116.467817379975301, 54.205467938880972, 0.0 ], [ -116.468388403996897, 54.205249252087832, 0.0 ], [ -116.469109242253296, 54.204942426406973, 0.0 ], [ -116.469740676492506, 54.204581985232359, 0.0 ], [ -116.469740786374004, 54.204581926342073, 0.0 ], [ -116.470069668737295, 54.204409060806611, 0.0 ], [ -116.470069780246703, 54.204409004593799, 0.0 ], [ -116.470764182031104, 54.204084823651193, 0.0 ], [ -116.471235635885904, 54.203814624065267, 0.0 ], [ -116.471235737873798, 54.203814558975502, 0.0 ], [ -116.471410270089606, 54.203731912563512, 0.0 ], [ -116.471811254157103, 54.203458666990997, 0.0 ], [ -116.471811348381493, 54.203458599297917, 0.0 ], [ -116.472181477270894, 54.203181245041741, 0.0 ], [ -116.472181576221303, 54.203181180887448, 0.0 ], [ -116.472419335662394, 54.203047523853733, 0.0 ], [ -116.472419437678496, 54.203047459661789, 0.0 ], [ -116.473144746569801, 54.202744934754932, 0.0 ], [ -116.473660797039898, 54.202504515078367, 0.0 ], [ -116.473660907006206, 54.202504458881023, 0.0 ], [ -116.473987979339398, 54.202326728996397, 0.0 ], [ -116.473988081351294, 54.202326664803152, 0.0 ], [ -116.474519705985799, 54.202095405340117, 0.0 ], [ -116.474958261808894, 54.201810531647993, 0.0 ], [ -116.474958357621603, 54.201810465731377, 0.0 ], [ -116.475123664284794, 54.201730456268933, 0.0 ], [ -116.475397867587901, 54.201523439474798, 0.0 ], [ -116.475397966465394, 54.201523373520303, 0.0 ], [ -116.476135395074493, 54.201061935226143, 0.0 ], [ -116.476135489350497, 54.201061869327383, 0.0 ], [ -116.476597965838394, 54.200684941316197, 0.0 ], [ -116.476598053916604, 54.200684873694627, 0.0 ], [ -116.476948996464998, 54.200427984453853, 0.0 ], [ -116.476949084381801, 54.200427912337922, 0.0 ], [ -116.477195923134701, 54.200205732426653, 0.0 ], [ -116.477196014212794, 54.200205662969388, 0.0 ], [ -116.477629203817699, 54.199906214806859, 0.0 ], [ -116.477853089792902, 54.19967357390631, 0.0 ], [ -116.478275891650597, 54.199182667430982, 0.0 ], [ -116.478453709073094, 54.198924960333841, 0.0 ], [ -116.478574070988302, 54.198807242265303, 0.0 ], [ -116.478725898810296, 54.198543517861197, 0.0 ], [ -116.4787259838144, 54.198543450275707, 0.0 ], [ -116.478976696647393, 54.198316566425497, 0.0 ], [ -116.479168354364006, 54.198064302066619, 0.0 ], [ -116.479384237930702, 54.197826293670417, 0.0 ], [ -116.479571062288102, 54.197562328932058, 0.0 ], [ -116.479644507819998, 54.197423076057888, 0.0 ], [ -116.479978232647795, 54.197071130588853, 0.0 ], [ -116.480171328249099, 54.196818489859531, 0.0 ], [ -116.480611472967496, 54.19633120027661, 0.0 ], [ -116.480765357212206, 54.196033425030834, 0.0 ], [ -116.480765442143706, 54.196033355646293, 0.0 ], [ -116.480855152556998, 54.19595347781798, 0.0 ], [ -116.480855234293898, 54.195953404875787, 0.0 ], [ -116.481838555225906, 54.195077772531953, 0.0 ], [ -116.481838643155001, 54.195077701311313, 0.0 ], [ -116.482893809908205, 54.194280545505251, 0.0 ], [ -116.482893895025697, 54.194280481512159, 0.0 ], [ -116.483012877286299, 54.194230222439487, 0.0 ], [ -116.483148169403904, 54.19412425104521, 0.0 ], [ -116.483148251519395, 54.194124188887358, 0.0 ], [ -116.483513477463305, 54.193971869824203, 0.0 ], [ -116.484047675447997, 54.193719970259863, 0.0 ], [ -116.484516165375794, 54.193550452434692, 0.0 ], [ -116.484644917626198, 54.193529149305192, 0.0 ], [ -116.485116396211097, 54.19364445811032, 0.0 ], [ -116.485817218538898, 54.193781154893152, 0.0 ], [ -116.486291986564098, 54.193892961058971, 0.0 ], [ -116.486718365957003, 54.193950316115483, 0.0 ], [ -116.486813422908895, 54.193955186450147, 0.0 ], [ -116.487040367807495, 54.193916747120177, 0.0 ], [ -116.487239369034, 54.193849172431356, 0.0 ], [ -116.487404772572802, 54.193765789507218, 0.0 ], [ -116.4874048808677, 54.193765730620022, 0.0 ], [ -116.488070963834303, 54.193402428533147, 0.0 ], [ -116.4880710689648, 54.193402366986753, 0.0 ], [ -116.488362450618993, 54.193196664019808, 0.0 ], [ -116.488362551118001, 54.193196601631172, 0.0 ], [ -116.488531909268801, 54.193106265858077, 0.0 ], [ -116.488532009702695, 54.193106201671647, 0.0 ], [ -116.488943410866199, 54.192797448206854, 0.0 ], [ -116.488943501940597, 54.192797379639671, 0.0 ], [ -116.489227980779503, 54.192575980355528, 0.0 ], [ -116.489228075047805, 54.192575915345522, 0.0 ], [ -116.489536270941201, 54.192384995118893, 0.0 ], [ -116.489536363611194, 54.192384928329957, 0.0 ], [ -116.489941722716196, 54.192057808477998, 0.0 ], [ -116.489941820015204, 54.192057742530693, 0.0 ], [ -116.490251621069802, 54.191871698602867, 0.0 ], [ -116.4902517199654, 54.191871634434001, 0.0 ], [ -116.490538204116604, 54.191665165633196, 0.0 ], [ -116.490538302881902, 54.191665097868842, 0.0 ], [ -116.491001637729994, 54.191372391135133, 0.0 ], [ -116.491001730363095, 54.191372323446259, 0.0 ], [ -116.491801054837794, 54.190702724173264, 0.0 ], [ -116.491801133414995, 54.190702649464129, 0.0 ], [ -116.492028010530206, 54.19046307673166, 0.0 ], [ -116.492028087671002, 54.190463004737801, 0.0 ], [ -116.492290022039498, 54.190240673159003, 0.0 ], [ -116.492598340857299, 54.189852660580428, 0.0 ], [ -116.492675787518294, 54.189706962515473, 0.0 ], [ -116.492857460057905, 54.18927869327181, 0.0 ], [ -116.493041967237403, 54.188724630952983, 0.0 ], [ -116.493066674126993, 54.188586358366472, 0.0 ], [ -116.493055869261596, 54.188100824849407, 0.0 ], [ -116.492843284348396, 54.18725481893231, 0.0 ], [ -116.492860506561499, 54.187120946386372, 0.0 ], [ -116.492971515485607, 54.187002899368132, 0.0 ], [ -116.492971615962801, 54.187002836975729, 0.0 ], [ -116.493289136834903, 54.186826076041513, 0.0 ], [ -116.493289238843701, 54.186826013629833, 0.0 ], [ -116.494655352702196, 54.1859378024592, 0.0 ], [ -116.494655446882106, 54.185937735647393, 0.0 ], [ -116.494933064601696, 54.185712423789873, 0.0 ], [ -116.494933158780697, 54.185712356977838, 0.0 ], [ -116.495405199750806, 54.185429867215127, 0.0 ], [ -116.495405301655595, 54.185429802105247, 0.0 ], [ -116.495761128737797, 54.185260588886663, 0.0 ], [ -116.495915219631399, 54.185161941499267, 0.0 ], [ -116.495915310710103, 54.185161873825749, 0.0 ], [ -116.496176715571906, 54.18494920737902, 0.0 ], [ -116.496398311653607, 54.184708062077888, 0.0 ], [ -116.496398410522602, 54.184707997904077, 0.0 ], [ -116.4972028447268, 54.184244379752961, 0.0 ], [ -116.497202946788207, 54.184244319135637, 0.0 ], [ -116.497653741889806, 54.183944258267218, 0.0 ], [ -116.497653843852405, 54.183944194953092, 0.0 ], [ -116.498152360699095, 54.183652866344509, 0.0 ], [ -116.498152461062801, 54.183652801251377, 0.0 ], [ -116.498696974732695, 54.183405440155163, 0.0 ], [ -116.499184909555794, 54.183125104131399, 0.0 ], [ -116.499185017773598, 54.183125044334943, 0.0 ], [ -116.499707284551803, 54.182861294732511, 0.0 ], [ -116.499994538775994, 54.182663036962673, 0.0 ], [ -116.499994634439702, 54.182662969228872, 0.0 ], [ -116.500018059222199, 54.182651356284637, 0.0 ], [ -116.500141366497999, 54.182590220967278, 0.0 ], [ -116.500523533616899, 54.182400759188113, 0.0 ], [ -116.500523643395894, 54.182400700270222, 0.0 ], [ -116.501134441153198, 54.182060614234111, 0.0 ], [ -116.501134541671206, 54.182060553632603, 0.0 ], [ -116.501189712194602, 54.182024617384769, 0.0 ], [ -116.501189810984698, 54.182024551409448, 0.0 ], [ -116.501313478467793, 54.181966009123933, 0.0 ], [ -116.501596802634495, 54.181816205094229, 0.0 ], [ -116.501596912442906, 54.181816147074187, 0.0 ], [ -116.502017995558802, 54.181585792310379, 0.0 ], [ -116.502018105333505, 54.181585733391117, 0.0 ], [ -116.502542358908997, 54.181314550329091, 0.0 ], [ -116.502542464052695, 54.181314490567907, 0.0 ], [ -116.5028535276128, 54.181110351761909, 0.0 ], [ -116.502853629658205, 54.181110291139888, 0.0 ], [ -116.503187746452397, 54.18092736775526, 0.0 ], [ -116.503187854691305, 54.180927308854088, 0.0 ], [ -116.503522930140903, 54.180751283070087, 0.0 ], [ -116.503882029462204, 54.180588063397281, 0.0 ], [ -116.504102949444203, 54.180613160588862, 0.0 ], [ -116.504290240324806, 54.18069209121046, 0.0 ], [ -116.504504036076, 54.180752072047028, 0.0 ], [ -116.505161928156596, 54.180930661313703, 0.0 ], [ -116.505620625628396, 54.181033881911951, 0.0 ], [ -116.505905861266996, 54.181012106397027, 0.0 ], [ -116.506793845448101, 54.180811119952523, 0.0 ], [ -116.507185308453103, 54.180661324462683, 0.0 ], [ -116.507914145292006, 54.180343099654827, 0.0 ], [ -116.508719871506699, 54.179868984585042, 0.0 ], [ -116.508719970344998, 54.17986892040124, 0.0 ], [ -116.5090298491385, 54.17965732203583, 0.0 ], [ -116.509029926458993, 54.179657256322983, 0.0 ], [ -116.509267443483296, 54.179422403695391, 0.0 ], [ -116.509267542319805, 54.179422339511149, 0.0 ], [ -116.509587126547999, 54.179227036936553, 0.0 ], [ -116.509702710447499, 54.179073640081199, 0.0 ], [ -116.509719346430501, 54.178940355552832, 0.0 ], [ -116.509687924001597, 54.178920310128063, 0.0 ], [ -116.509570498294593, 54.178845381430577, 0.0 ], [ -116.509525535251896, 54.178834412494332, 0.0 ], [ -116.5089039780608, 54.178801823978503, 0.0 ], [ -116.508011718629007, 54.178825107194861, 0.0 ], [ -116.5077066044107, 54.178824287426337, 0.0 ], [ -116.507496714277394, 54.178799552490212, 0.0 ], [ -116.507496803758301, 54.178799483928422, 0.0 ], [ -116.507721486775196, 54.178603992105309, 0.0 ], [ -116.507721564193901, 54.178603929089689, 0.0 ], [ -116.507913980873198, 54.178531671058067, 0.0 ], [ -116.508288570780095, 54.178457193316447, 0.0 ], [ -116.508557785818894, 54.178363335216048, 0.0 ], [ -116.508816903789395, 54.178336836995292, 0.0 ], [ -116.508952907262795, 54.178232513673912, 0.0 ], [ -116.509000585645396, 54.178075548610757, 0.0 ], [ -116.509000664533801, 54.178075526040921, 0.0 ], [ -116.509000678219394, 54.178075480908312, 0.0 ], [ -116.509212594733796, 54.178018081573981, 0.0 ], [ -116.509501625977506, 54.178037707600659, 0.0 ], [ -116.509931632440498, 54.17814647511797, 0.0 ], [ -116.510153105654197, 54.178057779140282, 0.0 ], [ -116.510482288704097, 54.177928734337037, 0.0 ], [ -116.511445579360796, 54.177939476943507, 0.0 ], [ -116.511684796121301, 54.177918148236039, 0.0 ], [ -116.512145089983505, 54.177799231926848, 0.0 ], [ -116.512461689122304, 54.177654855039172, 0.0 ], [ -116.512955071332698, 54.177382939804147, 0.0 ], [ -116.512955168560794, 54.177382873838603, 0.0 ], [ -116.513350329438495, 54.17705264428654, 0.0 ], [ -116.513350406484705, 54.17705257138045, 0.0 ], [ -116.513693889380704, 54.176689111798723, 0.0 ], [ -116.5137891381153, 54.176545241018687, 0.0 ], [ -116.513867971591694, 54.176366594911613, 0.0 ], [ -116.5138795105984, 54.176050437461917, 0.0 ], [ -116.513942269134603, 54.175964888573233, 0.0 ], [ -116.513975443842298, 54.175921165792722, 0.0 ], [ -116.513975536436206, 54.175921098985299, 0.0 ], [ -116.514274286003896, 54.175694719235857, 0.0 ], [ -116.514262381573303, 54.175544969209142, 0.0 ], [ -116.514203579873595, 54.175414517218542, 0.0 ], [ -116.514093117610898, 54.175284866703407, 0.0 ], [ -116.514026527759498, 54.175155981878078, 0.0 ], [ -116.514097381089101, 54.175005740760973, 0.0 ], [ -116.514097452505595, 54.175005723677017, 0.0 ], [ -116.514097476744894, 54.175005673914917, 0.0 ], [ -116.514312108019396, 54.174955944851042, 0.0 ], [ -116.514499560763497, 54.175029487422982, 0.0 ], [ -116.514723352903104, 54.175269941588937, 0.0 ], [ -116.514871151296902, 54.175367593287568, 0.0 ], [ -116.515021883223397, 54.175461529176602, 0.0 ], [ -116.515199064411306, 54.1754799992339, 0.0 ], [ -116.515368442427103, 54.175388509396427, 0.0 ], [ -116.515368478178502, 54.175388481070613, 0.0 ], [ -116.515594102862593, 54.175151587169999, 0.0 ], [ -116.515594179901299, 54.175151514262502, 0.0 ], [ -116.516245677959404, 54.174615685220687, 0.0 ], [ -116.516245768981804, 54.174615617532041, 0.0 ], [ -116.516393507801695, 54.174514700526657, 0.0 ], [ -116.516599682373197, 54.174263403896539, 0.0 ], [ -116.516599781251799, 54.174263341504023, 0.0 ], [ -116.516906599879107, 54.174084639968591, 0.0 ], [ -116.516906701755104, 54.174084575739592, 0.0 ], [ -116.517090930148697, 54.174000995652911, 0.0 ], [ -116.517251595783705, 54.173895286397688, 0.0 ], [ -116.517716978371695, 54.173418988133662, 0.0 ], [ -116.517745130155603, 54.1733152719505, 0.0 ], [ -116.517779429503307, 54.173075309584689, 0.0 ], [ -116.517883438426693, 54.172954961057691, 0.0 ], [ -116.517883538766498, 54.172954896847209, 0.0 ], [ -116.518132692876094, 54.172817453248612, 0.0 ], [ -116.518132802670394, 54.172817396112507, 0.0 ], [ -116.5187355405277, 54.172526159774371, 0.0 ], [ -116.518735648788507, 54.172526102657038, 0.0 ], [ -116.5192152240013, 54.172252872928297, 0.0 ], [ -116.519215322805294, 54.172252808736047, 0.0 ], [ -116.519360575878807, 54.172145923286003, 0.0 ], [ -116.519360663991606, 54.172145860127742, 0.0 ], [ -116.520053981987004, 54.171804875523087, 0.0 ], [ -116.520054090211104, 54.171804817505787, 0.0 ], [ -116.520542323524793, 54.171532385779187, 0.0 ], [ -116.520542425421894, 54.171532322445977, 0.0 ], [ -116.520739285250798, 54.171448016914553, 0.0 ], [ -116.521720118110494, 54.170884876750208, 0.0 ], [ -116.521720226329805, 54.170884818731437, 0.0 ], [ -116.522413990259494, 54.170541919021353, 0.0 ], [ -116.522414098477, 54.170541861001958, 0.0 ], [ -116.523267297735998, 54.170088166521062, 0.0 ], [ -116.5236384343319, 54.169924572496207, 0.0 ], [ -116.524029804342604, 54.169789243774638, 0.0 ], [ -116.524583958254794, 54.169553321084017, 0.0 ], [ -116.525397343123998, 54.169262625213292, 0.0 ], [ -116.525773390102202, 54.169106619198111, 0.0 ], [ -116.526133662240397, 54.168996767778189, 0.0 ], [ -116.526595869080296, 54.16889208394889, 0.0 ], [ -116.526632365546206, 54.168883516522669, 0.0 ], [ -116.529099689209801, 54.16810028771058, 0.0 ], [ -116.529560331390101, 54.167982738915349, 0.0 ], [ -116.530258279272005, 54.167833372370552, 0.0 ], [ -116.531343437581697, 54.167553864276073, 0.0 ], [ -116.533185630513202, 54.167176861320158, 0.0 ], [ -116.533788865771996, 54.167167088256711, 0.0 ], [ -116.534419883818302, 54.167219271915677, 0.0 ], [ -116.535045262449302, 54.167232343916467, 0.0 ], [ -116.535349146093395, 54.167229338217709, 0.0 ], [ -116.536418030310898, 54.167173991936103, 0.0 ], [ -116.537092112489304, 54.167177949437111, 0.0 ], [ -116.5373196728208, 54.167159278200081, 0.0 ], [ -116.537815490796802, 54.167070816015631, 0.0 ], [ -116.538613839983796, 54.166987693643733, 0.0 ], [ -116.5389417280023, 54.166923541139468, 0.0 ], [ -116.539419484287095, 54.166850147607718, 0.0 ], [ -116.539594182222501, 54.166816503090082, 0.0 ], [ -116.540017183111402, 54.166695110445083, 0.0 ], [ -116.541182988775603, 54.166440713843869, 0.0 ], [ -116.541475355493802, 54.166419721490769, 0.0 ], [ -116.542194537654396, 54.166307665955237, 0.0 ], [ -116.542420603256204, 54.166260659581162, 0.0 ], [ -116.542818397929807, 54.16614460926472, 0.0 ], [ -116.543338428404994, 54.16601996527266, 0.0 ], [ -116.543737909538805, 54.165881592983112, 0.0 ], [ -116.544114872933207, 54.165723375271469, 0.0 ], [ -116.544543309648304, 54.165602059604822, 0.0 ], [ -116.545051621742999, 54.16543147383981, 0.0 ], [ -116.545307802837598, 54.165314335819879, 0.0 ], [ -116.545919632386997, 54.164932206694488, 0.0 ], [ -116.5459197296003, 54.164932142500341, 0.0 ], [ -116.546103495721596, 54.164846232890952, 0.0 ], [ -116.546675799792695, 54.164628132242662, 0.0 ], [ -116.546882300611998, 54.164565713113873, 0.0 ], [ -116.547745727066996, 54.164227547946012, 0.0 ], [ -116.549444495141501, 54.163664373948187, 0.0 ], [ -116.5498354862425, 54.163515354451697, 0.0 ], [ -116.549990663175507, 54.163448477505852, 0.0 ], [ -116.550195759508, 54.163360091032096, 0.0 ], [ -116.550367623393996, 54.163270817436619, 0.0 ], [ -116.550367726924605, 54.163270758552791, 0.0 ], [ -116.550680276191301, 54.163071745510031, 0.0 ], [ -116.550680382784293, 54.163071686586527, 0.0 ], [ -116.551133079452001, 54.162843049641047, 0.0 ], [ -116.551595121718094, 54.162619743457903, 0.0 ], [ -116.551595229907406, 54.162619686311423, 0.0 ], [ -116.552042471480902, 54.162368140821172, 0.0 ], [ -116.552042568645106, 54.162368075723322, 0.0 ], [ -116.552582042152395, 54.161940633103953, 0.0 ], [ -116.552582137749496, 54.161940567126628, 0.0 ], [ -116.552734837955597, 54.161847759503857, 0.0 ], [ -116.552734935083805, 54.161847693506672, 0.0 ], [ -116.553011454974495, 54.161634642359779, 0.0 ], [ -116.553011539916596, 54.161634578318029, 0.0 ], [ -116.5533720290519, 54.161507747762428, 0.0 ], [ -116.554525497888093, 54.161061467380549, 0.0 ], [ -116.555073075278102, 54.160820319270996, 0.0 ], [ -116.556020944068393, 54.160450361690813, 0.0 ], [ -116.556383773212403, 54.160277388129153, 0.0 ], [ -116.558088129066505, 54.159619232518658, 0.0 ], [ -116.558839140467001, 54.159291027783908, 0.0 ], [ -116.559458774331304, 54.159076830483947, 0.0 ], [ -116.559817370310896, 54.158896206471901, 0.0 ], [ -116.560385723619703, 54.158681201117318, 0.0 ], [ -116.560751127584496, 54.158511982720249, 0.0 ], [ -116.561698485446399, 54.158129584966822, 0.0 ], [ -116.562029859222704, 54.157961992798548, 0.0 ], [ -116.562400324565999, 54.157802529545513, 0.0 ], [ -116.562834611841197, 54.157690923864642, 0.0 ], [ -116.5632370762047, 54.157554048599152, 0.0 ], [ -116.563940844537996, 54.15727547619872, 0.0 ], [ -116.5641915726343, 54.157176044258968, 0.0 ], [ -116.564529465636298, 54.157004774235673, 0.0 ], [ -116.564905762902001, 54.156857783343497, 0.0 ], [ -116.565065985552906, 54.156761310870053, 0.0 ], [ -116.565066085813996, 54.156761247519633, 0.0 ], [ -116.565255903699097, 54.156682885497567, 0.0 ], [ -116.565469716507707, 54.156617789599331, 0.0 ], [ -116.565709424852599, 54.156568616495058, 0.0 ], [ -116.567228274523103, 54.156360710035443, 0.0 ], [ -116.567766067655299, 54.156299622037373, 0.0 ], [ -116.568770805012093, 54.156149895845537, 0.0 ], [ -116.570086001662901, 54.155769144437713, 0.0 ], [ -116.570699992728805, 54.155574739809147, 0.0 ], [ -116.571375415999697, 54.155402954370608, 0.0 ], [ -116.571744896400801, 54.155246928742287, 0.0 ], [ -116.572367092459402, 54.155061679487908, 0.0 ], [ -116.572554589978296, 54.154982281303077, 0.0 ], [ -116.573014701672506, 54.15468112380433, 0.0 ], [ -116.573149497417901, 54.154384857810598, 0.0 ], [ -116.573149591399499, 54.154384790938437, 0.0 ], [ -116.573296462908303, 54.154279588318069, 0.0 ], [ -116.573296564682096, 54.154279524940897, 0.0 ], [ -116.573463821827602, 54.15419047033869, 0.0 ], [ -116.573660448748498, 54.154113251308978, 0.0 ], [ -116.573947767461704, 54.153918955649019, 0.0 ], [ -116.573947861474906, 54.153918889675033, 0.0 ], [ -116.574209875283103, 54.153892891367533, 0.0 ], [ -116.574487604493598, 54.153916019888008, 0.0 ], [ -116.5752002621836, 54.154052880006809, 0.0 ], [ -116.575425558001996, 54.154107867969508, 0.0 ], [ -116.575628861173698, 54.154181177500227, 0.0 ], [ -116.575976615946104, 54.15435051356873, 0.0 ], [ -116.576134552125794, 54.154410165935239, 0.0 ], [ -116.576596635477202, 54.154584321465371, 0.0 ], [ -116.577751768465504, 54.155009382631349, 0.0 ], [ -116.578859407780101, 54.155484939852087, 0.0 ], [ -116.579208055501496, 54.155658577614687, 0.0 ], [ -116.579402101134207, 54.155736759228397, 0.0 ], [ -116.5801913927708, 54.156009575122503, 0.0 ], [ -116.580674192349605, 54.156107046928348, 0.0 ], [ -116.581492487292195, 54.156196933273307, 0.0 ], [ -116.582039672204402, 54.156236675412821, 0.0 ], [ -116.582635466055805, 54.156252618984958, 0.0 ], [ -116.583496096600399, 54.15630412326459, 0.0 ], [ -116.583978682936703, 54.156321777506108, 0.0 ], [ -116.584616765743704, 54.156316166736303, 0.0 ], [ -116.5854320529061, 54.156217929597567, 0.0 ], [ -116.5856710318822, 54.156174624267877, 0.0 ], [ -116.586553229063597, 54.155944682747112, 0.0 ], [ -116.587294961998893, 54.155807149662358, 0.0 ], [ -116.588138545999101, 54.155542744062132, 0.0 ], [ -116.588323147059199, 54.155463804473342, 0.0 ], [ -116.588638088966306, 54.155278566257117, 0.0 ], [ -116.588638182993506, 54.155278501170592, 0.0 ], [ -116.588941322407706, 54.155056916060133, 0.0 ], [ -116.588941417896294, 54.155056849155613, 0.0 ], [ -116.589673042866906, 54.154560182343019, 0.0 ], [ -116.5896731446161, 54.154560118952183, 0.0 ], [ -116.589842048952903, 54.154463475033467, 0.0 ], [ -116.589842150667096, 54.154463410743723, 0.0 ], [ -116.590027736193093, 54.154389897658213, 0.0 ], [ -116.590198471101601, 54.154297563372943, 0.0 ], [ -116.590198575911899, 54.154297499941187, 0.0 ], [ -116.590638312921101, 54.153993485899818, 0.0 ], [ -116.590638400679396, 54.153993417297563, 0.0 ], [ -116.591010091134194, 54.153652720848832, 0.0 ], [ -116.591010178753194, 54.153652648651182, 0.0 ], [ -116.591293805968803, 54.153440464103703, 0.0 ], [ -116.591293892124597, 54.153440393723642, 0.0 ], [ -116.591675678284204, 54.153099721746507, 0.0 ], [ -116.591675764438705, 54.153099651366183, 0.0 ], [ -116.591816145825007, 54.152998158015308, 0.0 ], [ -116.5918162460014, 54.152998093744152, 0.0 ], [ -116.592320602654993, 54.152700834547858, 0.0 ], [ -116.592320702898903, 54.15270077207385, 0.0 ], [ -116.592446115179001, 54.152615229691143, 0.0 ], [ -116.592446212256505, 54.152615164561198, 0.0 ], [ -116.592631273249395, 54.152491254730563, 0.0 ], [ -116.592631373388699, 54.15249118955996, 0.0 ], [ -116.592783122932403, 54.15239713691728, 0.0 ], [ -116.592783212214997, 54.152397068293219, 0.0 ], [ -116.593057336848602, 54.152124549411312, 0.0 ], [ -116.593088189164902, 54.152093884502797, 0.0 ], [ -116.593088283143302, 54.152093818514089, 0.0 ], [ -116.593391745644496, 54.151882812332587, 0.0 ], [ -116.593391841118702, 54.151882745424622, 0.0 ], [ -116.593619204823199, 54.151724654318997, 0.0 ], [ -116.593661667561705, 54.151666172313583, 0.0 ], [ -116.593661766269904, 54.151666109858738, 0.0 ], [ -116.593937386891795, 54.151504877634132, 0.0 ], [ -116.593937480833105, 54.151504810745983, 0.0 ], [ -116.594111440768501, 54.151354733834957, 0.0 ], [ -116.594111519121398, 54.151354659959182, 0.0 ], [ -116.594335464914593, 54.151118506698843, 0.0 ], [ -116.5943355387423, 54.151118434681322, 0.0 ], [ -116.5947062687071, 54.150781014057607, 0.0 ], [ -116.594706351720305, 54.15078094191815, 0.0 ], [ -116.595106485701706, 54.150456927512771, 0.0 ], [ -116.595284365946299, 54.150194544077557, 0.0 ], [ -116.595501800489799, 54.149958064753292, 0.0 ], [ -116.595765160473903, 54.149177588076803, 0.0 ], [ -116.595898860126695, 54.148884484060993, 0.0 ], [ -116.595987774044005, 54.148747915974702, 0.0 ], [ -116.596327248596396, 54.148387728302481, 0.0 ], [ -116.5965133748456, 54.14812912002656, 0.0 ], [ -116.596513459450705, 54.148129049663169, 0.0 ], [ -116.596640947742699, 54.148012452338641, 0.0 ], [ -116.596641040106107, 54.148012384569967, 0.0 ], [ -116.596806210445095, 54.147917373484333, 0.0 ], [ -116.596806309070502, 54.147917309229413, 0.0 ], [ -116.5975346301733, 54.14758223424252, 0.0 ], [ -116.598382500992699, 54.147300448945693, 0.0 ], [ -116.598804196213095, 54.147177097358828, 0.0 ], [ -116.599404025795295, 54.14696836532913, 0.0 ], [ -116.600522111915396, 54.146676680572668, 0.0 ], [ -116.600767415552596, 54.146619866495683, 0.0 ], [ -116.601134982540401, 54.146559400719298, 0.0 ], [ -116.601596915054202, 54.146477875318972, 0.0 ], [ -116.6019738180715, 54.146380937283773, 0.0 ], [ -116.602214538865198, 54.146334891162212, 0.0 ], [ -116.603484407051894, 54.146128882819568, 0.0 ], [ -116.6040192312729, 54.146068550565602, 0.0 ], [ -116.604279255044602, 54.146024117096211, 0.0 ], [ -116.604971963045799, 54.145856254886098, 0.0 ], [ -116.605353099282198, 54.14569733884116, 0.0 ], [ -116.605665100337106, 54.145495317830147, 0.0 ], [ -116.605665195811497, 54.145495251811361, 0.0 ], [ -116.605844253300702, 54.145402863774059, 0.0 ], [ -116.606744088033906, 54.144993194599842, 0.0 ], [ -116.607167536204003, 54.144819566472748, 0.0 ], [ -116.607521953171201, 54.14464606735423, 0.0 ], [ -116.608320039076602, 54.144341625150837, 0.0 ], [ -116.608889397481093, 54.144104809307777, 0.0 ], [ -116.609753717577505, 54.14384130666911, 0.0 ], [ -116.610168817526699, 54.14368339565533, 0.0 ], [ -116.610782376536093, 54.143496178712986, 0.0 ], [ -116.611633777900494, 54.143215414252708, 0.0 ], [ -116.611898777552398, 54.143114185951738, 0.0 ], [ -116.612233517624801, 54.143016333984242, 0.0 ], [ -116.612484324283102, 54.142975647963723, 0.0 ], [ -116.612705715650307, 54.142920968538711, 0.0 ], [ -116.613068417519401, 54.142764714238538, 0.0 ], [ -116.613489007137403, 54.142614340006652, 0.0 ], [ -116.613943238342699, 54.142505233558772, 0.0 ], [ -116.614223005712901, 54.142459385104367, 0.0 ], [ -116.614453574235299, 54.142401443704728, 0.0 ], [ -116.615520808709505, 54.142079993686387, 0.0 ], [ -116.6160150583041, 54.141987287571588, 0.0 ], [ -116.616802420992499, 54.141878670309019, 0.0 ], [ -116.617689737351, 54.141654497247998, 0.0 ], [ -116.617898200826204, 54.141590625287733, 0.0 ], [ -116.618877040906199, 54.141215278872913, 0.0 ], [ -116.619282018419696, 54.14107785704045, 0.0 ], [ -116.620700020605398, 54.140672914497543, 0.0 ], [ -116.621295244441399, 54.140526169943612, 0.0 ], [ -116.622520826029302, 54.140169956307751, 0.0 ], [ -116.623050350837005, 54.14004485026706, 0.0 ], [ -116.623637034699996, 54.139810655203043, 0.0 ], [ -116.624487331711194, 54.139525495330403, 0.0 ], [ -116.624960356958894, 54.139419287315633, 0.0 ], [ -116.625723762680394, 54.139298759721093, 0.0 ], [ -116.626135587386003, 54.139200642198738, 0.0 ], [ -116.626597448021002, 54.13905618079734, 0.0 ], [ -116.628333247505907, 54.138394599881217, 0.0 ], [ -116.628918010576101, 54.138151744028661, 0.0 ], [ -116.629450318491294, 54.137878194666861, 0.0 ], [ -116.629735173924402, 54.137763999943353, 0.0 ], [ -116.630231583268795, 54.137572569235033, 0.0 ], [ -116.630752681568495, 54.137278581188973, 0.0 ], [ -116.630752789511206, 54.137278522174867, 0.0 ], [ -116.631632865969905, 54.136829244079912, 0.0 ], [ -116.6324665259135, 54.136541348807697, 0.0 ], [ -116.633554618052202, 54.136221892562062, 0.0 ], [ -116.634237843556306, 54.13604906964472, 0.0 ], [ -116.635324966925296, 54.135726910812281, 0.0 ], [ -116.636097907779501, 54.135429339650983, 0.0 ], [ -116.637407217958, 54.13504757881298, 0.0 ], [ -116.637993737165999, 54.134807923851788, 0.0 ], [ -116.638161558895703, 54.134722554925332, 0.0 ], [ -116.638161665290696, 54.134722495925523, 0.0 ], [ -116.638670780529495, 54.134444138965627, 0.0 ], [ -116.638670882260698, 54.134444078230374, 0.0 ], [ -116.638942489984302, 54.134251324353272, 0.0 ], [ -116.638942582318805, 54.134251258350197, 0.0 ], [ -116.639733707936301, 54.133707577948933, 0.0 ], [ -116.639733798737794, 54.133707511966122, 0.0 ], [ -116.639869401173797, 54.133598437447013, 0.0 ], [ -116.639869479518197, 54.133598366238367, 0.0 ], [ -116.640226728832204, 54.133233308643632, 0.0 ], [ -116.640656656999795, 54.132549204594859, 0.0 ], [ -116.640920516833702, 54.131951082967078, 0.0 ], [ -116.641022500813307, 54.131633709669607, 0.0 ], [ -116.641122292349607, 54.131501399753972, 0.0 ], [ -116.641122392397506, 54.131501335442472, 0.0 ], [ -116.641437827303207, 54.131313292592282, 0.0 ], [ -116.641437860047404, 54.131313268765282, 0.0 ], [ -116.641556045411804, 54.131199859782747, 0.0 ], [ -116.641655792589006, 54.131062702160712, 0.0 ], [ -116.641816632678399, 54.130759289137139, 0.0 ], [ -116.642015380456101, 54.130534186736327, 0.0 ], [ -116.642362426456003, 54.130131173008579, 0.0 ], [ -116.6428590571347, 54.129650955552563, 0.0 ], [ -116.642859143189298, 54.12965088603508, 0.0 ], [ -116.643318449589998, 54.12933750631602, 0.0 ], [ -116.643318543365893, 54.129337438491262, 0.0 ], [ -116.643746577331399, 54.129013841466779, 0.0 ], [ -116.643746672671696, 54.129013774519578, 0.0 ], [ -116.645630147031298, 54.127798817280038, 0.0 ], [ -116.645630243895994, 54.127798750310447, 0.0 ], [ -116.646071112304796, 54.127470813801203, 0.0 ], [ -116.646071203082698, 54.127470747813717, 0.0 ], [ -116.646620686044898, 54.127191187876782, 0.0 ], [ -116.647083665133806, 54.12689450864719, 0.0 ], [ -116.647083765090102, 54.12689444253332, 0.0 ], [ -116.647443387480493, 54.126720306024673, 0.0 ], [ -116.647857346285406, 54.12655999138277, 0.0 ], [ -116.648007525726797, 54.126418669252907, 0.0 ], [ -116.648007598279904, 54.126418607110487, 0.0 ], [ -116.648429860373497, 54.126273515246417, 0.0 ], [ -116.648765911297005, 54.126101307205687, 0.0 ], [ -116.649252399359, 54.125993532616192, 0.0 ], [ -116.6500363574131, 54.125690825849759, 0.0 ], [ -116.650410097238193, 54.12552138404866, 0.0 ], [ -116.650921986999407, 54.125242647779558, 0.0 ], [ -116.650922087088603, 54.125242585257602, 0.0 ], [ -116.651133518882503, 54.125161313313008, 0.0 ], [ -116.651215704950602, 54.125121021617552, 0.0 ], [ -116.651338624120896, 54.125060799329781, 0.0 ], [ -116.651425857706897, 54.125007312783033, 0.0 ], [ -116.651425959324897, 54.125007250239648, 0.0 ], [ -116.651455294113106, 54.124989274570197, 0.0 ], [ -116.651455398791299, 54.124989211984811, 0.0 ], [ -116.651595100981098, 54.124903582837007, 0.0 ], [ -116.651595204200106, 54.124903522070028, 0.0 ], [ -116.651785576478702, 54.124797588281659, 0.0 ], [ -116.651785676494001, 54.124797523961469, 0.0 ], [ -116.6521740045809, 54.124639959551438, 0.0 ], [ -116.652492519020299, 54.124464553675459, 0.0 ], [ -116.652492628500497, 54.124464496418717, 0.0 ], [ -116.6528469929859, 54.1242982363799, 0.0 ], [ -116.653248115589605, 54.124146630094991, 0.0 ], [ -116.653898285287895, 54.123980774957303, 0.0 ], [ -116.654547167409902, 54.123705393611502, 0.0 ], [ -116.655087043343798, 54.12354046822928, 0.0 ], [ -116.655546808627406, 54.123445034046263, 0.0 ], [ -116.655920564290696, 54.123393097606709, 0.0 ], [ -116.656367485741598, 54.123357094895582, 0.0 ], [ -116.657387049826099, 54.123121420577043, 0.0 ], [ -116.658416723746697, 54.122923822670593, 0.0 ], [ -116.658639253008204, 54.122870150573412, 0.0 ], [ -116.65884260128, 54.122795976951039, 0.0 ], [ -116.659218974311599, 54.122625388310396, 0.0 ], [ -116.659825357849002, 54.122386096106908, 0.0 ], [ -116.660673088021099, 54.121934573649867, 0.0 ], [ -116.660673191291295, 54.121934514672738, 0.0 ], [ -116.661117106166401, 54.121631378881979, 0.0 ], [ -116.661117199967606, 54.121631312841117, 0.0 ], [ -116.661289259040601, 54.12155007971721, 0.0 ], [ -116.661704142454198, 54.121407620540701, 0.0 ], [ -116.662146275492205, 54.121311264065888, 0.0 ], [ -116.662706021093001, 54.121245945447242, 0.0 ], [ -116.663940479824404, 54.121190501511222, 0.0 ], [ -116.664557279034, 54.121177072545599, 0.0 ], [ -116.664847490518696, 54.121199581494203, 0.0 ], [ -116.665706357856806, 54.12142564149989, 0.0 ], [ -116.665947797075603, 54.121472858978592, 0.0 ], [ -116.666242628004596, 54.121486734355258, 0.0 ], [ -116.666546692057906, 54.12147903038715, 0.0 ], [ -116.667662185339196, 54.12139406446726, 0.0 ], [ -116.667960779460302, 54.121383631547431, 0.0 ], [ -116.668601968426302, 54.121387196685568, 0.0 ], [ -116.669212763978393, 54.121411735995267, 0.0 ], [ -116.670467682010795, 54.121397713367777, 0.0 ], [ -116.670736929431598, 54.121377538235429, 0.0 ], [ -116.671715941355004, 54.121194302944687, 0.0 ], [ -116.671969600013497, 54.121163329335182, 0.0 ], [ -116.672566821323997, 54.121131707390603, 0.0 ], [ -116.672842520261995, 54.121099681025889, 0.0 ], [ -116.673581538973707, 54.120978155687332, 0.0 ], [ -116.674513882749196, 54.12074462534639, 0.0 ], [ -116.674751048618106, 54.120697450463823, 0.0 ], [ -116.676132236657395, 54.120574097408131, 0.0 ], [ -116.676425323915197, 54.120543058872073, 0.0 ], [ -116.676593917793895, 54.120501470313052, 0.0 ], [ -116.6771259120286, 54.120371275997208, 0.0 ], [ -116.678133350957694, 54.120191235714238, 0.0 ], [ -116.679470222460793, 54.119837851076703, 0.0 ], [ -116.679994145688894, 54.119748893875382, 0.0 ], [ -116.680785621683896, 54.119544131788658, 0.0 ], [ -116.681160803382198, 54.119469737482213, 0.0 ], [ -116.682005263498596, 54.119387663276328, 0.0 ], [ -116.682761715069901, 54.119258016650861, 0.0 ], [ -116.683047471689093, 54.119234615431147, 0.0 ], [ -116.684560512035603, 54.119193236745311, 0.0 ], [ -116.686070897371906, 54.119125928197441, 0.0 ], [ -116.686719446682702, 54.119114261475708, 0.0 ], [ -116.6876590931614, 54.119132618868818, 0.0 ], [ -116.6882008766041, 54.119186132991267, 0.0 ], [ -116.688939912946594, 54.119313781683182, 0.0 ], [ -116.689405303152498, 54.119419488831483, 0.0 ], [ -116.689903852833496, 54.11949560434946, 0.0 ], [ -116.690898056748793, 54.119686102669903, 0.0 ], [ -116.691698731998997, 54.119798150291828, 0.0 ], [ -116.692441399656204, 54.11994573500693, 0.0 ], [ -116.694368405024093, 54.120099579487942, 0.0 ], [ -116.694668452817993, 54.120122467079518, 0.0 ], [ -116.6958615912922, 54.12016478065302, 0.0 ], [ -116.696605251081905, 54.120292911764793, 0.0 ], [ -116.697429972114804, 54.120361205855723, 0.0 ], [ -116.698444563584204, 54.120512298957188, 0.0 ], [ -116.698833610282094, 54.120661626240157, 0.0 ], [ -116.699245696966102, 54.120787792120019, 0.0 ], [ -116.699697304388593, 54.120899932045113, 0.0 ], [ -116.699943378303402, 54.120940136762158, 0.0 ], [ -116.700223492855301, 54.120963084404693, 0.0 ], [ -116.700518418781101, 54.120950974088842, 0.0 ], [ -116.700786752525104, 54.120916734968951, 0.0 ], [ -116.701131663229901, 54.120842049599368, 0.0 ], [ -116.701239929451006, 54.120816836268943, 0.0 ], [ -116.701593334871404, 54.120664487414459, 0.0 ], [ -116.701796403449606, 54.120574606451207, 0.0 ], [ -116.702107321729102, 54.120396408817847, 0.0 ], [ -116.702107423184998, 54.120396344434837, 0.0 ], [ -116.702488196239301, 54.120235420759798, 0.0 ], [ -116.7030033630395, 54.119979659364432, 0.0 ], [ -116.703216686195702, 54.119908665419032, 0.0 ], [ -116.703932731282904, 54.119751837381443, 0.0 ], [ -116.704380433397205, 54.119626037246192, 0.0 ], [ -116.704614820914699, 54.119579331759013, 0.0 ], [ -116.705200957802603, 54.119552407613888, 0.0 ], [ -116.7077426859762, 54.11955385103407, 0.0 ], [ -116.708349836713495, 54.119571170677247, 0.0 ], [ -116.708941258887705, 54.119608419672623, 0.0 ], [ -116.709552109391296, 54.119621425424143, 0.0 ], [ -116.709863526087105, 54.119615803181411, 0.0 ], [ -116.710119905041694, 54.119584752483057, 0.0 ], [ -116.710341397189396, 54.11953426140893, 0.0 ], [ -116.711489077923304, 54.119067543228681, 0.0 ], [ -116.712293625912494, 54.118780206185257, 0.0 ], [ -116.713224262738905, 54.118381268166033, 0.0 ], [ -116.7135581772541, 54.118208944906577, 0.0 ], [ -116.713935236493398, 54.118053486007447, 0.0 ], [ -116.714320531322997, 54.117876742706507, 0.0 ], [ -116.715131440160306, 54.117592631079567, 0.0 ], [ -116.716422019554997, 54.117229589228003, 0.0 ], [ -116.717109452108801, 54.117087793065238, 0.0 ], [ -116.717313547538197, 54.117014044055409, 0.0 ], [ -116.717496578057506, 54.116925181128501, 0.0 ], [ -116.717800100113294, 54.116730741474598, 0.0 ], [ -116.717800196909195, 54.116730676245339, 0.0 ], [ -116.718406080796697, 54.116499751830361, 0.0 ], [ -116.719144510513502, 54.116164299070228, 0.0 ], [ -116.719853975169102, 54.115870735860369, 0.0 ], [ -116.719869845923498, 54.115865031631188, 0.0 ], [ -116.720897779987098, 54.115495720018941, 0.0 ], [ -116.721249875060295, 54.115341177510089, 0.0 ], [ -116.721672738938693, 54.115190480142033, 0.0 ], [ -116.722209770147899, 54.114941672805209, 0.0 ], [ -116.723004916901701, 54.114668806312828, 0.0 ], [ -116.724260041322495, 54.114077441633967, 0.0 ], [ -116.724636066913106, 54.113923446262433, 0.0 ], [ -116.725566543508705, 54.113502844420623, 0.0 ], [ -116.726122779884605, 54.113304571916373, 0.0 ], [ -116.726584366082093, 54.113084776829673, 0.0 ], [ -116.726721230697294, 54.113026319461341, 0.0 ], [ -116.727344409886996, 54.112825025748833, 0.0 ], [ -116.727564970417703, 54.112765335328064, 0.0 ], [ -116.727802939029402, 54.112722877093837, 0.0 ], [ -116.728054679248899, 54.112688044192183, 0.0 ], [ -116.728974985211295, 54.112670420343058, 0.0 ], [ -116.729485799608398, 54.112597986353947, 0.0 ], [ -116.729652269294604, 54.112525663307068, 0.0 ], [ -116.730736077340097, 54.112433847878272, 0.0 ], [ -116.731484685460103, 54.11232844403353, 0.0 ], [ -116.731705627390596, 54.112277921044132, 0.0 ], [ -116.731955714336493, 54.112244210721151, 0.0 ], [ -116.732530245753907, 54.11219815720802, 0.0 ], [ -116.733458815992094, 54.112190457115709, 0.0 ], [ -116.733756339793899, 54.112197391579379, 0.0 ], [ -116.734298631884201, 54.112247757207207, 0.0 ], [ -116.734906549235205, 54.112258948332077, 0.0 ], [ -116.735194119295102, 54.112244263281667, 0.0 ], [ -116.735446132019504, 54.112211107826901, 0.0 ], [ -116.735669905045796, 54.112153597069238, 0.0 ], [ -116.735852443641406, 54.112079741321189, 0.0 ], [ -116.736164602283594, 54.111891979456253, 0.0 ], [ -116.736367154853795, 54.111645558592777, 0.0 ], [ -116.736410887078506, 54.111483282160748, 0.0 ], [ -116.736433450591704, 54.110562898188633, 0.0 ], [ -116.736498237634507, 54.110416884079719, 0.0 ], [ -116.736598675429605, 54.110286639273049, 0.0 ], [ -116.737270504988601, 54.109559915657528, 0.0 ], [ -116.7372705954688, 54.10955984690635, 0.0 ], [ -116.737686968870193, 54.109223001460869, 0.0 ], [ -116.737687051551404, 54.109222929224927, 0.0 ], [ -116.737940818962102, 54.108988079437758, 0.0 ], [ -116.737940906343496, 54.108988009831528, 0.0 ], [ -116.738427453730196, 54.108646267775747, 0.0 ], [ -116.738427547415895, 54.108646202574413, 0.0 ], [ -116.738925744021202, 54.108302603100029, 0.0 ], [ -116.738925837554902, 54.108302534303412, 0.0 ], [ -116.739377790697503, 54.10795037654232, 0.0 ], [ -116.739377885871903, 54.107950310419433, 0.0 ], [ -116.739688197869796, 54.107753946212789, 0.0 ], [ -116.739688288417497, 54.107753879257302, 0.0 ], [ -116.739956803585699, 54.107516325322919, 0.0 ], [ -116.739956889431298, 54.107516255737409, 0.0 ], [ -116.740248898193698, 54.107311180048789, 0.0 ], [ -116.740248985567703, 54.107311110440932, 0.0 ], [ -116.740382289765293, 54.107191318378639, 0.0 ], [ -116.740612488889596, 54.106927134147163, 0.0 ], [ -116.740612577866898, 54.106927066314363, 0.0 ], [ -116.741020655349004, 54.106591806332347, 0.0 ], [ -116.741129252052602, 54.106467501392302, 0.0 ], [ -116.741129339385694, 54.10646743088509, 0.0 ], [ -116.741381151084198, 54.106242819243683, 0.0 ], [ -116.741592924277697, 54.105993151251973, 0.0 ], [ -116.741893045368897, 54.105619156473189, 0.0 ], [ -116.742275541240403, 54.105080286475463, 0.0 ], [ -116.742421440848503, 54.104792646972577, 0.0 ], [ -116.742671442078205, 54.104182699974587, 0.0 ], [ -116.742950148422395, 54.103054861201251, 0.0 ], [ -116.742996421493302, 54.102716191881868, 0.0 ], [ -116.743155969908699, 54.10206222460954, 0.0 ], [ -116.743352174850301, 54.101420579080518, 0.0 ], [ -116.743661996544503, 54.100476496359619, 0.0 ], [ -116.743919374254801, 54.100057573734503, 0.0 ], [ -116.744078750380396, 54.099605405400482, 0.0 ], [ -116.7446468409087, 54.098646871369013, 0.0 ], [ -116.744821891125397, 54.098386799847162, 0.0 ], [ -116.745034537274506, 54.098130152993207, 0.0 ], [ -116.745409313803407, 54.097613424661937, 0.0 ], [ -116.745755938841995, 54.097066893588227, 0.0 ], [ -116.746271264042804, 54.096441595572223, 0.0 ], [ -116.746450130237903, 54.096163235222697, 0.0 ], [ -116.746561429792905, 54.096040589755859, 0.0 ], [ -116.746561518699707, 54.096040521020058, 0.0 ], [ -116.746944555004802, 54.095714868911458, 0.0 ], [ -116.746944634585404, 54.095714796713743, 0.0 ], [ -116.7471910445596, 54.095469088751877, 0.0 ], [ -116.747191122610303, 54.095469016576217, 0.0 ], [ -116.747601593556098, 54.095148278505377, 0.0 ], [ -116.747601674701201, 54.095148207183748, 0.0 ], [ -116.747721126314005, 54.09503158325893, 0.0 ], [ -116.748033894508097, 54.094663553253703, 0.0 ], [ -116.748224549738495, 54.09439815975675, 0.0 ], [ -116.748224620123807, 54.094398123662486, 0.0 ], [ -116.748224641772595, 54.094398092772757, 0.0 ], [ -116.748443975502795, 54.094285110917333, 0.0 ], [ -116.748771324574406, 54.094144089479933, 0.0 ], [ -116.748949198084503, 54.094014124175573, 0.0 ], [ -116.748949291683303, 54.094014058067529, 0.0 ], [ -116.749220278310901, 54.093829972281569, 0.0 ], [ -116.749308806199295, 54.093688904596299, 0.0 ], [ -116.749347000629101, 54.093529297453998, 0.0 ], [ -116.749428177259603, 54.093385517359167, 0.0 ], [ -116.749546754597901, 54.093268278342627, 0.0 ], [ -116.749844139997805, 54.092874283947047, 0.0 ], [ -116.749844224268102, 54.092874214376899, 0.0 ], [ -116.749969126544599, 54.092761924213917, 0.0 ], [ -116.750016568349196, 54.092691928372297, 0.0 ], [ -116.750241790074099, 54.092359738129687, 0.0 ], [ -116.750480821006704, 54.092120415375703, 0.0 ], [ -116.750956927874199, 54.091454518731261, 0.0 ], [ -116.751111858182597, 54.091271560054757, 0.0 ], [ -116.751111928499, 54.091271486190443, 0.0 ], [ -116.751120152567594, 54.091263137269003, 0.0 ], [ -116.751190046988498, 54.091192260138683, 0.0 ], [ -116.7512639132988, 54.09111962552565, 0.0 ], [ -116.751410233211104, 54.090975772388447, 0.0 ], [ -116.751573113781802, 54.090769926045112, 0.0 ], [ -116.751894548025703, 54.090312586717488, 0.0 ], [ -116.7518946415736, 54.090312519708533, 0.0 ], [ -116.7520350047471, 54.090210488479187, 0.0 ], [ -116.752035098294499, 54.09021042147009, 0.0 ], [ -116.752276496869797, 54.090211734490254, 0.0 ], [ -116.752468787001007, 54.090159514041702, 0.0 ], [ -116.752574512973794, 54.090035243342278, 0.0 ], [ -116.752995845683301, 54.089329775907082, 0.0 ], [ -116.753398983383406, 54.088806067970161, 0.0 ], [ -116.753742640747006, 54.088261154070921, 0.0 ], [ -116.753821051763097, 54.088119489251007, 0.0 ], [ -116.753984173421301, 54.087643062748619, 0.0 ], [ -116.754063567201101, 54.08749221625925, 0.0 ], [ -116.754541893222694, 54.086788069051657, 0.0 ], [ -116.754850644740998, 54.086431263716022, 0.0 ], [ -116.754850715042707, 54.08643118984957, 0.0 ], [ -116.755328544927096, 54.085956354026223, 0.0 ], [ -116.755328625965404, 54.085956280902053, 0.0 ], [ -116.755864936039302, 54.085508069346567, 0.0 ], [ -116.755865023303997, 54.085507998828973, 0.0 ], [ -116.756161529273996, 54.085291572987558, 0.0 ], [ -116.756161624408307, 54.085291507750469, 0.0 ], [ -116.757076372020407, 54.084703630720561, 0.0 ], [ -116.757076464056894, 54.084703564628683, 0.0 ], [ -116.757482211179294, 54.084380120869348, 0.0 ], [ -116.757482301609897, 54.084380053002093, 0.0 ], [ -116.7577758825514, 54.084177636834077, 0.0 ], [ -116.757775972943193, 54.084177568067879, 0.0 ], [ -116.758543856445101, 54.083488869795012, 0.0 ], [ -116.758543937549007, 54.083488798466171, 0.0 ], [ -116.758671474132001, 54.083381343274802, 0.0 ], [ -116.758671563068006, 54.083381276327707, 0.0 ], [ -116.758974322465903, 54.08317724901277, 0.0 ], [ -116.758974412815405, 54.08317717934699, 0.0 ], [ -116.759621821585895, 54.082615399659957, 0.0 ], [ -116.759621910328605, 54.082615328218608, 0.0 ], [ -116.760187186502094, 54.08220328752445, 0.0 ], [ -116.760187279980499, 54.082203219610477, 0.0 ], [ -116.760367945094401, 54.082115282525017, 0.0 ], [ -116.760613730483797, 54.082042130156083, 0.0 ], [ -116.761601402897099, 54.081909213812111, 0.0 ], [ -116.761852338001006, 54.081865205295621, 0.0 ], [ -116.762069465176907, 54.08180545876472, 0.0 ], [ -116.762237183356007, 54.081716449507681, 0.0 ], [ -116.762237283172297, 54.08171638689484, 0.0 ], [ -116.762527228332104, 54.081505844834233, 0.0 ], [ -116.762615580551497, 54.081373909366341, 0.0 ], [ -116.762710235855096, 54.081050980445127, 0.0 ], [ -116.762749128562803, 54.08070302986296, 0.0 ], [ -116.762758373424305, 54.079973495834317, 0.0 ], [ -116.762829370038006, 54.079834489031732, 0.0 ], [ -116.763086283521005, 54.079561697236727, 0.0 ], [ -116.763086361438397, 54.079561623253589, 0.0 ], [ -116.763310713598102, 54.079368677985713, 0.0 ], [ -116.763310788496099, 54.079368604945927, 0.0 ], [ -116.763528473988899, 54.079131408477792, 0.0 ], [ -116.763528565926705, 54.079131340583658, 0.0 ], [ -116.763913745116497, 54.07882874294183, 0.0 ], [ -116.763913832315595, 54.078828671519801, 0.0 ], [ -116.764195003981797, 54.078581443894841, 0.0 ], [ -116.764516667102299, 54.07821601112132, 0.0 ], [ -116.764716315247696, 54.077951692335432, 0.0 ], [ -116.765060911440798, 54.077586887348517, 0.0 ], [ -116.765244922867396, 54.077325234109573, 0.0 ], [ -116.765689357537596, 54.076774997659307, 0.0 ], [ -116.766281245722695, 54.076040351969837, 0.0 ], [ -116.766371445388998, 54.075907344081429, 0.0 ], [ -116.766505286336397, 54.075609330518617, 0.0 ], [ -116.766763091571093, 54.07519625670551, 0.0 ], [ -116.766943290205305, 54.074740868634628, 0.0 ], [ -116.7670813105468, 54.074071059384842, 0.0 ], [ -116.767260510559794, 54.073415451335613, 0.0 ], [ -116.767681048435605, 54.072334105083947, 0.0 ], [ -116.768029479839498, 54.071631139806144, 0.0 ], [ -116.768077703540598, 54.071466718966711, 0.0 ], [ -116.768240818112503, 54.071176343714853, 0.0 ], [ -116.768339111352802, 54.070849091553661, 0.0 ], [ -116.768382377296803, 54.070310168814608, 0.0 ], [ -116.768427258924604, 54.068854433723523, 0.0 ], [ -116.768578862162997, 54.067992556525233, 0.0 ], [ -116.768751450075499, 54.067348251997153, 0.0 ], [ -116.768778491312702, 54.066986270360012, 0.0 ], [ -116.768842200451701, 54.066833753400047, 0.0 ], [ -116.769153537441497, 54.066272395948197, 0.0 ], [ -116.769540751159099, 54.065738275286321, 0.0 ], [ -116.769765928736405, 54.06548049035073, 0.0 ], [ -116.7698579324191, 54.065344238839707, 0.0 ], [ -116.769883286352695, 54.06517380560463, 0.0 ], [ -116.769850504181605, 54.065048497463678, 0.0 ], [ -116.769768857361498, 54.064776233067342, 0.0 ], [ -116.769762823148298, 54.064756531521013, 0.0 ], [ -116.769703550526501, 54.064535984257631, 0.0 ], [ -116.769688498545804, 54.064367576385251, 0.0 ], [ -116.769730157956602, 54.063823790342312, 0.0 ], [ -116.769787544208299, 54.063074687659757, 0.0 ], [ -116.769774188526497, 54.062680551073171, 0.0 ], [ -116.769523377318393, 54.062030524452702, 0.0 ], [ -116.769414434072402, 54.061512765319478, 0.0 ], [ -116.769225752740894, 54.060898789482742, 0.0 ], [ -116.769103425459207, 54.060399397698383, 0.0 ], [ -116.769028192125802, 54.059826088571441, 0.0 ], [ -116.769029226216503, 54.059476689474202, 0.0 ], [ -116.769182268989994, 54.058638668159134, 0.0 ], [ -116.769438243127198, 54.057836148845887, 0.0 ], [ -116.769573014250398, 54.057490497442572, 0.0 ], [ -116.769743977753706, 54.05701801077425, 0.0 ], [ -116.769738484061406, 54.05667090718098, 0.0 ], [ -116.769870851743605, 54.055997971235158, 0.0 ], [ -116.770046199465099, 54.054586628779717, 0.0 ], [ -116.770082807199003, 54.05294683540442, 0.0 ], [ -116.7700166026451, 54.051196316328237, 0.0 ], [ -116.770084773312504, 54.050262419881683, 0.0 ], [ -116.7700387035581, 54.048627015171611, 0.0 ], [ -116.7700575420522, 54.048443841921383, 0.0 ], [ -116.7701583665486, 54.048281982277253, 0.0 ], [ -116.770158464631905, 54.04828191698455, 0.0 ], [ -116.770944404682695, 54.047787588065219, 0.0 ], [ -116.770944499632805, 54.04778752101948, 0.0 ], [ -116.771081292632303, 54.047683633273977, 0.0 ], [ -116.771081375249693, 54.047683563711942, 0.0 ], [ -116.771328633879605, 54.047448916689902, 0.0 ], [ -116.771328710234499, 54.047448843622817, 0.0 ], [ -116.771453847682693, 54.04731798154701, 0.0 ], [ -116.771536559563202, 54.047192199455303, 0.0 ], [ -116.771665839426205, 54.046899276611327, 0.0 ], [ -116.771662218183494, 54.046076638212128, 0.0 ], [ -116.771630014623895, 54.045774206248048, 0.0 ], [ -116.771565464612706, 54.045618730666568, 0.0 ], [ -116.771382596045001, 54.045311895309453, 0.0 ], [ -116.771184004949404, 54.044869867221053, 0.0 ], [ -116.771163112488907, 54.044649828497491, 0.0 ], [ -116.7712011759278, 54.044512808622549, 0.0 ], [ -116.771304613285494, 54.044387550417518, 0.0 ], [ -116.771304700439103, 54.044387479889117, 0.0 ], [ -116.771435999303904, 54.044277097022551, 0.0 ], [ -116.771436091229404, 54.044277030920149, 0.0 ], [ -116.771776203344899, 54.044070996537172, 0.0 ], [ -116.772060666237493, 54.043702931072801, 0.0 ], [ -116.772060748845604, 54.043702861510113, 0.0 ], [ -116.772539050222207, 54.043241740110737, 0.0 ], [ -116.772704848979302, 54.043034121663347, 0.0 ], [ -116.773040443188606, 54.042597993299736, 0.0 ], [ -116.773040527319793, 54.042597923713863, 0.0 ], [ -116.773289802145797, 54.042369379133333, 0.0 ], [ -116.773289887803202, 54.042369309524759, 0.0 ], [ -116.7737143366693, 54.04205350052441, 0.0 ], [ -116.773714433205498, 54.042053435251432, 0.0 ], [ -116.774192173429498, 54.041767011792523, 0.0 ], [ -116.774192271491302, 54.041766946496637, 0.0 ], [ -116.775203450652498, 54.041018592629648, 0.0 ], [ -116.775203548710905, 54.04101852733293, 0.0 ], [ -116.775659823716296, 54.04074104156922, 0.0 ], [ -116.775659921734999, 54.04074097537346, 0.0 ], [ -116.775841939008401, 54.040600454434731, 0.0 ], [ -116.775842024619607, 54.040600383925678, 0.0 ], [ -116.776120589306203, 54.040343961761778, 0.0 ], [ -116.776120671824202, 54.040343890398937, 0.0 ], [ -116.776380240822306, 54.040136776041173, 0.0 ], [ -116.776380334219496, 54.040136709013787, 0.0 ], [ -116.776986091795195, 54.039746743228747, 0.0 ], [ -116.776986194697002, 54.039746684153933, 0.0 ], [ -116.778734729996998, 54.038846623722627, 0.0 ], [ -116.7797212391268, 54.038471395646482, 0.0 ], [ -116.780383947100901, 54.038280021445352, 0.0 ], [ -116.781065579105402, 54.038110063724567, 0.0 ], [ -116.781434217671503, 54.03797583300716, 0.0 ], [ -116.782145643304702, 54.037475184775502, 0.0 ], [ -116.782145742947606, 54.037475121248072, 0.0 ], [ -116.782324539287004, 54.037378235943628, 0.0 ], [ -116.782324640456295, 54.037378172393403, 0.0 ], [ -116.782519598940993, 54.0373073295601, 0.0 ], [ -116.782991904167801, 54.037190935459051, 0.0 ], [ -116.783428212039098, 54.037048476359537, 0.0 ], [ -116.783862658349506, 54.036930469544878, 0.0 ], [ -116.784331845757094, 54.036836557937313, 0.0 ], [ -116.785093735200704, 54.036710978491868, 0.0 ], [ -116.785832631390093, 54.036531785155013, 0.0 ], [ -116.7865971806186, 54.036418546891532, 0.0 ], [ -116.787555150067107, 54.036241034854463, 0.0 ], [ -116.787834215571607, 54.036214714196802, 0.0 ], [ -116.788065562803794, 54.036209515423309, 0.0 ], [ -116.788349841704004, 54.036206426306883, 0.0 ], [ -116.788602040762996, 54.036206384845599, 0.0 ], [ -116.788917553656702, 54.036291828917072, 0.0 ], [ -116.789216774022293, 54.03638063965343, 0.0 ], [ -116.789486781319198, 54.03642248694274, 0.0 ], [ -116.790650424025898, 54.036470086725593, 0.0 ], [ -116.792009116931894, 54.036455406358023, 0.0 ], [ -116.792066476770998, 54.036454786045603, 0.0 ], [ -116.792156704422894, 54.036453810631393, 0.0 ], [ -116.792792235448402, 54.036429353735059, 0.0 ], [ -116.793020669110803, 54.036457318441691, 0.0 ], [ -116.793433089447603, 54.036596285700249, 0.0 ], [ -116.793954161444105, 54.036687961117252, 0.0 ], [ -116.794150530376101, 54.036746370756433, 0.0 ], [ -116.794328919383304, 54.036845310217608, 0.0 ], [ -116.794564249525607, 54.036916002810358, 0.0 ], [ -116.795580103568497, 54.037027184698687, 0.0 ], [ -116.796198499978203, 54.037031136690587, 0.0 ], [ -116.796548712628805, 54.037026188770938, 0.0 ], [ -116.796774525050395, 54.03700397948402, 0.0 ], [ -116.797219246440505, 54.036883494460803, 0.0 ], [ -116.797765200708199, 54.036643123140138, 0.0 ], [ -116.798364755919593, 54.036439100470183, 0.0 ], [ -116.799501148645504, 54.036007694274844, 0.0 ], [ -116.799890890336002, 54.035888656165127, 0.0 ], [ -116.800864581390996, 54.035687381205818, 0.0 ], [ -116.801486677771607, 54.035616804109672, 0.0 ], [ -116.803215274974093, 54.035539961955159, 0.0 ], [ -116.804148663629903, 54.035527945353508, 0.0 ], [ -116.804744367135697, 54.035499923856399, 0.0 ], [ -116.805354491281307, 54.035443874267827, 0.0 ], [ -116.805824890963805, 54.035370227957799, 0.0 ], [ -116.806268169723893, 54.035265975457548, 0.0 ], [ -116.806685181720596, 54.035144594393707, 0.0 ], [ -116.807071368539496, 54.035008631986543, 0.0 ], [ -116.807258698284897, 54.034919146476753, 0.0 ], [ -116.807548065298604, 54.034716876871173, 0.0 ], [ -116.807548154014, 54.034716808990169, 0.0 ], [ -116.807678478757694, 54.034604464861893, 0.0 ], [ -116.807678558117601, 54.034604392625063, 0.0 ], [ -116.808165476397306, 54.03411795782386, 0.0 ], [ -116.808392875209606, 54.033874235727581, 0.0 ], [ -116.808696755228894, 54.033487786225393, 0.0 ], [ -116.809033686868801, 54.033109836772539, 0.0 ], [ -116.809543862714506, 54.032466555978957, 0.0 ], [ -116.809633938396502, 54.032313522961431, 0.0 ], [ -116.809983151560701, 54.031210906810948, 0.0 ], [ -116.810119578435902, 54.030921782592472, 0.0 ], [ -116.810208096401993, 54.030793631484798, 0.0 ], [ -116.8102081804862, 54.030793562772203, 0.0 ], [ -116.810333031525104, 54.030680627119096, 0.0 ], [ -116.810333115530796, 54.030680556608971, 0.0 ], [ -116.810763806948202, 54.03036420371798, 0.0 ], [ -116.810763906491204, 54.030364139268521, 0.0 ], [ -116.811086350636302, 54.030180024387178, 0.0 ], [ -116.811086450295605, 54.030179962633547, 0.0 ], [ -116.8118480864687, 54.029859613884533, 0.0 ], [ -116.812221641257494, 54.029676658075957, 0.0 ], [ -116.812780459798006, 54.029441757805877, 0.0 ], [ -116.813123478273894, 54.029271396388197, 0.0 ], [ -116.813649973912007, 54.029021820236977, 0.0 ], [ -116.814471128927906, 54.028730979377627, 0.0 ], [ -116.815006051169803, 54.028493795231043, 0.0 ], [ -116.815218245801304, 54.028382453681928, 0.0 ], [ -116.815218348620405, 54.028382394574933, 0.0 ], [ -116.815658142544905, 54.028126532264281, 0.0 ], [ -116.815658249981198, 54.028126473986433, 0.0 ], [ -116.8165337775756, 54.027700247029671, 0.0 ], [ -116.816533883522396, 54.027700189672842, 0.0 ], [ -116.8168598692654, 54.027513359673208, 0.0 ], [ -116.816859968831295, 54.027513296117512, 0.0 ], [ -116.818359384807195, 54.026869027250321, 0.0 ], [ -116.819018890983202, 54.026501558757083, 0.0 ], [ -116.819018998449806, 54.026501501375002, 0.0 ], [ -116.819543414311198, 54.026249818740112, 0.0 ], [ -116.819862973797399, 54.026067278223941, 0.0 ], [ -116.819863071828905, 54.026067214688887, 0.0 ], [ -116.820284609709304, 54.025760531806057, 0.0 ], [ -116.820284706252295, 54.025760469192491, 0.0 ], [ -116.820436231214899, 54.025669545166053, 0.0 ], [ -116.820436335506997, 54.025669485132859, 0.0 ], [ -116.821468508700406, 54.025123691408602, 0.0 ], [ -116.821468611463402, 54.025123631397669, 0.0 ], [ -116.821922258597198, 54.024830295156853, 0.0 ], [ -116.821922362767097, 54.024830232426332, 0.0 ], [ -116.822241997978907, 54.024650393800307, 0.0 ], [ -116.822242096003393, 54.024650330263377, 0.0 ], [ -116.822525766859002, 54.024433412528658, 0.0 ], [ -116.822525844686993, 54.024433341204123, 0.0 ], [ -116.822983742803203, 54.023953353735187, 0.0 ], [ -116.822983820550903, 54.023953280612957, 0.0 ], [ -116.823603309278695, 54.023368695917689, 0.0 ], [ -116.823920954836396, 54.022991627392067, 0.0 ], [ -116.8241577834726, 54.022767065588113, 0.0 ], [ -116.824157864425899, 54.02276699601358, 0.0 ], [ -116.824574744586698, 54.022458716154169, 0.0 ], [ -116.824574833405904, 54.0224586518557, 0.0 ], [ -116.825201566290502, 54.02216354935355, 0.0 ], [ -116.825662114349996, 54.021935075408578, 0.0 ], [ -116.826723049586107, 54.021435145811921, 0.0 ], [ -116.8271473573799, 54.021287964022498, 0.0 ], [ -116.827689959124996, 54.021147837324612, 0.0 ], [ -116.828309567277998, 54.021024078381231, 0.0 ], [ -116.828508069087107, 54.020957658870707, 0.0 ], [ -116.828765905789894, 54.020815712286037, 0.0 ], [ -116.828765936735095, 54.020815686635103, 0.0 ], [ -116.828826063049902, 54.020747084045112, 0.0 ], [ -116.828932058857504, 54.020612660479458, 0.0 ], [ -116.829131667435803, 54.020183593297823, 0.0 ], [ -116.8293839803368, 54.01978383810745, 0.0 ], [ -116.829675584899405, 54.019393103023383, 0.0 ], [ -116.829999723565805, 54.019036102423513, 0.0 ], [ -116.830285663272804, 54.018620380662902, 0.0 ], [ -116.830512113526595, 54.018375894332159, 0.0 ], [ -116.830512188198696, 54.018375821251666, 0.0 ], [ -116.830909531359097, 54.018030517115498, 0.0 ], [ -116.830909609121406, 54.018030444886953, 0.0 ], [ -116.831265577378801, 54.017674498060373, 0.0 ], [ -116.831265658231402, 54.017674426683783, 0.0 ], [ -116.831403568797299, 54.017568698288883, 0.0 ], [ -116.831403665265299, 54.017568634767898, 0.0 ], [ -116.831730120934907, 54.017380139008317, 0.0 ], [ -116.831730221979996, 54.017380075417293, 0.0 ], [ -116.832633226879906, 54.01698886507755, 0.0 ], [ -116.832937013746999, 54.016790246541817, 0.0 ], [ -116.832937100857194, 54.016790178665801, 0.0 ], [ -116.833072223514506, 54.016664827801961, 0.0 ], [ -116.833170717681597, 54.01652262337003, 0.0 ], [ -116.833299884208401, 54.016234517596097, 0.0 ], [ -116.833420608988106, 54.015716981896823, 0.0 ], [ -116.833562985775501, 54.015263726201738, 0.0 ], [ -116.833748526178994, 54.014985240149237, 0.0 ], [ -116.833893485319507, 54.014691758596904, 0.0 ], [ -116.834078947409395, 54.014430791374288, 0.0 ], [ -116.834198618353099, 54.014298212590688, 0.0 ], [ -116.834198710033903, 54.014298144643959, 0.0 ], [ -116.8346910252707, 54.013917553695507, 0.0 ], [ -116.8346911154635, 54.01391748667038, 0.0 ], [ -116.834908538289994, 54.013765139477037, 0.0 ], [ -116.834908628363394, 54.013765069755678, 0.0 ], [ -116.835296606774307, 54.01343633502313, 0.0 ], [ -116.835296696925496, 54.013436267098847, 0.0 ], [ -116.835734058898495, 54.013130918269852, 0.0 ], [ -116.835734150653295, 54.013130852119318, 0.0 ], [ -116.835982565320506, 54.01293261526974, 0.0 ], [ -116.836015306369006, 54.012861330012107, 0.0 ], [ -116.836011972920105, 54.012547721274032, 0.0 ], [ -116.836043880446894, 54.012380235247171, 0.0 ], [ -116.836236736268901, 54.011747137581672, 0.0 ], [ -116.836490881015493, 54.011319839545394, 0.0 ], [ -116.836746058940093, 54.010791686531611, 0.0 ], [ -116.8367945475363, 54.010590051579413, 0.0 ], [ -116.8368147562784, 54.01003889534072, 0.0 ], [ -116.8368011142624, 54.008820316513422, 0.0 ], [ -116.836792209002695, 54.008637290026989, 0.0 ], [ -116.836747841817697, 54.00816359196422, 0.0 ], [ -116.836623814965506, 54.007325715912621, 0.0 ], [ -116.836616554342697, 54.006779267972959, 0.0 ], [ -116.836662060580906, 54.006508060616063, 0.0 ], [ -116.836809702514003, 54.005967426893413, 0.0 ], [ -116.836885990990496, 54.005799462616487, 0.0 ], [ -116.837064448199499, 54.00554850280308, 0.0 ], [ -116.837497781237801, 54.005060932080433, 0.0 ], [ -116.837497855794993, 54.005060857198337, 0.0 ], [ -116.837902355676505, 54.004692451422912, 0.0 ], [ -116.837902436453504, 54.00469237914335, 0.0 ], [ -116.838366719976705, 54.004277171835213, 0.0 ], [ -116.838366806973099, 54.004277102158042, 0.0 ], [ -116.838655687538093, 54.004063451118661, 0.0 ], [ -116.838655782319705, 54.004063384919363, 0.0 ], [ -116.8391008197612, 54.003768396244503, 0.0 ], [ -116.839100920802096, 54.003768333546176, 0.0 ], [ -116.839593489991998, 54.003473687516859, 0.0 ], [ -116.839593589505895, 54.003473624841519, 0.0 ], [ -116.840366744201901, 54.002953986930322, 0.0 ], [ -116.840366842187905, 54.002953924277683, 0.0 ], [ -116.840536462587494, 54.00285697884042, 0.0 ], [ -116.840536560533394, 54.002856915288987, 0.0 ], [ -116.841258058347705, 54.002524166192863, 0.0 ], [ -116.841939708138796, 54.002138057678167, 0.0 ], [ -116.841939806041097, 54.00213799322691, 0.0 ], [ -116.841941750751303, 54.002138787172782, 0.0 ], [ -116.843973537692705, 54.002965389099003, 0.0 ], [ -116.844083825728902, 54.003101644063747, 0.0 ], [ -116.844383788449306, 54.003286643467689, 0.0 ], [ -116.844743804732104, 54.003450961869547, 0.0 ], [ -116.845189737547997, 54.00360743384649, 0.0 ], [ -116.846202575780495, 54.003885391627158, 0.0 ], [ -116.847171467090604, 54.004064468088252, 0.0 ], [ -116.847726314629199, 54.004184742523279, 0.0 ], [ -116.848573797760594, 54.004359596980848, 0.0 ], [ -116.849499539130207, 54.004482949813728, 0.0 ], [ -116.849990767890404, 54.004528168315318, 0.0 ], [ -116.850451150400204, 54.00454315424561, 0.0 ], [ -116.851089289335107, 54.004538955051139, 0.0 ], [ -116.851325560087304, 54.00451528360518, 0.0 ], [ -116.851780162701701, 54.004409031280098, 0.0 ], [ -116.852586355784595, 54.004137219061789, 0.0 ], [ -116.853714482165103, 54.003664958466153, 0.0 ], [ -116.854101908881404, 54.003519146392811, 0.0 ], [ -116.854513336037002, 54.003392621289251, 0.0 ], [ -116.855004449797406, 54.003127969296727, 0.0 ], [ -116.855542157045804, 54.002871229052637, 0.0 ], [ -116.8561516404869, 54.002654545718073, 0.0 ], [ -116.856722624131194, 54.002427792032393, 0.0 ], [ -116.857443086753904, 54.002096549765731, 0.0 ], [ -116.858002101087905, 54.001862854245168, 0.0 ], [ -116.858702121899896, 54.001503709357777, 0.0 ], [ -116.859085734610701, 54.001347680697869, 0.0 ], [ -116.859875003593103, 54.000900495328167, 0.0 ], [ -116.8598751045553, 54.000900431714001, 0.0 ], [ -116.860160326328099, 54.000696967258222, 0.0 ], [ -116.860160424198597, 54.000696902792377, 0.0 ], [ -116.860631877891507, 54.000410864743152, 0.0 ], [ -116.860631983587993, 54.000410804652212, 0.0 ], [ -116.860973130963799, 54.00022960219075, 0.0 ], [ -116.861133892047903, 54.000149254827257, 0.0 ], [ -116.861271414327405, 54.000095385503769, 0.0 ], [ -116.861393589942594, 54.000066835162748, 0.0 ], [ -116.861538712798506, 54.000022874966668, 0.0 ], [ -116.861576758020803, 54.000004660247967, 0.0 ], [ -116.861614300192201, 53.999986666443817, 0.0 ], [ -116.8616782232981, 53.999963914918617, 0.0 ], [ -116.862308142012793, 53.999704970424062, 0.0 ], [ -116.862692535105197, 53.999565884050803, 0.0 ], [ -116.863177964370806, 53.999390200424827, 0.0 ], [ -116.863687729330294, 53.999310850625733, 0.0 ], [ -116.864529899007906, 53.999317013168493, 0.0 ], [ -116.864965166448101, 53.999388831231407, 0.0 ], [ -116.865309089545406, 53.999486459160821, 0.0 ], [ -116.865717377083001, 53.999633812640717, 0.0 ], [ -116.865934094705594, 53.999746056094097, 0.0 ], [ -116.866311556274397, 53.99994154098453, 0.0 ], [ -116.866433401013197, 54.000004639064919, 0.0 ], [ -116.866504950169499, 54.000067050603853, 0.0 ], [ -116.866564731181001, 54.000126537821039, 0.0 ], [ -116.866729714132603, 54.000454852201457, 0.0 ], [ -116.866781703084101, 54.000546251469217, 0.0 ], [ -116.866916603623594, 54.000783423154999, 0.0 ], [ -116.8670802826813, 54.000871548329457, 0.0 ], [ -116.867695595404598, 54.00106700229221, 0.0 ], [ -116.867943151437899, 54.001125768101318, 0.0 ], [ -116.868706523107804, 54.001250934645341, 0.0 ], [ -116.869776058965996, 54.001329495747143, 0.0 ], [ -116.871067510762103, 54.001316187511343, 0.0 ], [ -116.871678777791004, 54.001276724278028, 0.0 ], [ -116.874097799915205, 54.001109400825882, 0.0 ], [ -116.874607698827205, 54.001050191001873, 0.0 ], [ -116.874780836902403, 54.001011314686359, 0.0 ], [ -116.874805707023398, 54.001005733217063, 0.0 ], [ -116.875241177529503, 54.000866455290662, 0.0 ], [ -116.875834380101196, 54.000670403990853, 0.0 ], [ -116.876217032008995, 54.000516471812013, 0.0 ], [ -116.876888089680804, 54.000136212664017, 0.0 ], [ -116.876888195352805, 54.000136152558987, 0.0 ], [ -116.8770103548554, 54.000066938128633, 0.0 ], [ -116.877010457435901, 54.000066877172493, 0.0 ], [ -116.877082580375202, 54.00002249332745, 0.0 ], [ -116.877082687450695, 54.000022430502433, 0.0 ], [ -116.877115766381607, 54.000004244323797, 0.0 ], [ -116.877115873618806, 54.000004185093431, 0.0 ], [ -116.877237999316705, 53.99993708520811, 0.0 ], [ -116.877238105068599, 53.999937026900092, 0.0 ], [ -116.877314586256304, 53.999895000239867, 0.0 ], [ -116.877314695139603, 53.999894943681518, 0.0 ], [ -116.877548449129606, 53.999782681251723, 0.0 ], [ -116.877570971244396, 53.999771859691208, 0.0 ], [ -116.878284877648994, 53.999571977416302, 0.0 ], [ -116.879055250181096, 53.999452814032757, 0.0 ], [ -116.879606973852304, 53.99943992080847, 0.0 ], [ -116.880558054884105, 53.999414550876438, 0.0 ], [ -116.882561969839799, 53.999394814683882, 0.0 ], [ -116.883557110774504, 53.999507039694187, 0.0 ], [ -116.884611142558498, 53.99988819174866, 0.0 ], [ -116.884937995678996, 53.999966006802289, 0.0 ], [ -116.884949184021806, 53.999969207277779, 0.0 ], [ -116.885071106202801, 54.000004068055503, 0.0 ], [ -116.885193088399006, 54.000038934963641, 0.0 ], [ -116.885291573134296, 54.0000670866063, 0.0 ], [ -116.885413520963496, 54.000104257843347, 0.0 ], [ -116.885568785491898, 54.000151570096698, 0.0 ], [ -116.886386405652004, 54.00045867692868, 0.0 ], [ -116.886868821310898, 54.00055154684663, 0.0 ], [ -116.887483244761597, 54.000605175076842, 0.0 ], [ -116.888042337657893, 54.000609137752072, 0.0 ], [ -116.888322505875294, 54.000593394339049, 0.0 ], [ -116.888742683490406, 54.000542401257754, 0.0 ], [ -116.889089257180501, 54.000478351251367, 0.0 ], [ -116.889489575733506, 54.000295453200067, 0.0 ], [ -116.889754388538293, 54.000174463295409, 0.0 ], [ -116.890083970817798, 54.000066944510493, 0.0 ], [ -116.890202382195895, 54.000038412238517, 0.0 ], [ -116.890224318979804, 54.000033133596418, 0.0 ], [ -116.890346441212799, 54.000003698363088, 0.0 ], [ -116.890468564755494, 53.999974262084308, 0.0 ], [ -116.890542630279796, 53.999956415679257, 0.0 ], [ -116.891394581265601, 53.999794076382528, 0.0 ], [ -116.891687004324993, 53.999755203553541, 0.0 ], [ -116.892296225383305, 53.999674219315423, 0.0 ], [ -116.893274378559397, 53.999641010123767, 0.0 ], [ -116.893436534394695, 53.999650320542877, 0.0 ], [ -116.894207867680393, 53.999694625992511, 0.0 ], [ -116.8952263633131, 53.99981722036172, 0.0 ], [ -116.896213638120599, 53.999960479180338, 0.0 ], [ -116.896310509137393, 53.999979630890159, 0.0 ], [ -116.896432484797799, 54.000003736282338, 0.0 ], [ -116.896554485083797, 54.000027842961558, 0.0 ], [ -116.896634505574198, 54.000043659550251, 0.0 ], [ -116.896753027121306, 54.000067089802528, 0.0 ], [ -116.896918958396199, 54.000109651545813, 0.0 ], [ -116.896972881477396, 54.000123483236528, 0.0 ], [ -116.897674394506893, 54.000249276350367, 0.0 ], [ -116.898155507696899, 54.000335545970209, 0.0 ], [ -116.899571535135394, 54.000705777988891, 0.0 ], [ -116.900031873227306, 54.000832152875589, 0.0 ], [ -116.900483877400305, 54.000998979918222, 0.0 ], [ -116.901362929993098, 54.001413138350962, 0.0 ], [ -116.901562948757601, 54.001518475289792, 0.0 ], [ -116.902023592420093, 54.001809540874817, 0.0 ], [ -116.902429157520501, 54.002145931123117, 0.0 ], [ -116.902739809808295, 54.00233640177607, 0.0 ], [ -116.903258705240404, 54.002610278227117, 0.0 ], [ -116.903401538375803, 54.002728823952673, 0.0 ], [ -116.903530766689897, 54.002880756759133, 0.0 ], [ -116.903564596642099, 54.003056615810799, 0.0 ], [ -116.903541186735197, 54.003190455983393, 0.0 ], [ -116.903389669665103, 54.003355637260192, 0.0 ], [ -116.903417639427204, 54.003472906863003, 0.0 ], [ -116.903503432741502, 54.003610614516298, 0.0 ], [ -116.903792959226394, 54.003985835670967, 0.0 ], [ -116.903972942571698, 54.004267097730818, 0.0 ], [ -116.904694033954399, 54.005209393571263, 0.0 ], [ -116.905096612365796, 54.005912807737772, 0.0 ], [ -116.905385879386898, 54.006340009942917, 0.0 ], [ -116.905558727674205, 54.006512108367183, 0.0 ], [ -116.905757832714798, 54.006709014744608, 0.0 ], [ -116.905808136254905, 54.006783291811942, 0.0 ], [ -116.905926053285498, 54.006987154646161, 0.0 ], [ -116.905985233533201, 54.007142992639068, 0.0 ], [ -116.906077163830503, 54.00723324201121, 0.0 ], [ -116.906337148685594, 54.007513353997098, 0.0 ], [ -116.906496947963106, 54.007602142425227, 0.0 ], [ -116.906702769092007, 54.007678072452208, 0.0 ], [ -116.907150036495693, 54.007778324295479, 0.0 ], [ -116.907423120660297, 54.007797175166793, 0.0 ], [ -116.907764943145807, 54.00779181041414, 0.0 ], [ -116.9080955252781, 54.007740291896397, 0.0 ], [ -116.908653823511898, 54.007597738229613, 0.0 ], [ -116.9094834183215, 54.007326852933531, 0.0 ], [ -116.910028646767003, 54.007057706579928, 0.0 ], [ -116.910680259782097, 54.006782993883363, 0.0 ], [ -116.910989654499403, 54.006659765344153, 0.0 ], [ -116.911281037861798, 54.006511802886877, 0.0 ], [ -116.911281143623, 54.006511745447909, 0.0 ], [ -116.911498150403901, 54.006379107811277, 0.0 ], [ -116.911498249773899, 54.006379044178587, 0.0 ], [ -116.912078216690304, 54.005963168047977, 0.0 ], [ -116.912078301998804, 54.005963097444123, 0.0 ], [ -116.912273675610507, 54.005781060186109, 0.0 ], [ -116.912273756300607, 54.005780988756293, 0.0 ], [ -116.912571845284205, 54.005531647380273, 0.0 ], [ -116.912571936899198, 54.0055315811722, 0.0 ], [ -116.912877375643802, 54.005333614461108, 0.0 ], [ -116.912877479709394, 54.005333553450427, 0.0 ], [ -116.913376402104703, 54.00506526074868, 0.0 ], [ -116.914464256307696, 54.004547198711911, 0.0 ], [ -116.914672348737994, 54.004491062625178, 0.0 ], [ -116.914966633315302, 54.00446925423855, 0.0 ], [ -116.915905467088706, 54.004455729606967, 0.0 ], [ -116.916256684304301, 54.004469977224652, 0.0 ], [ -116.916513471239597, 54.004504996596268, 0.0 ], [ -116.917452713605499, 54.004690027388577, 0.0 ], [ -116.918074005796598, 54.004893755190437, 0.0 ], [ -116.918523834311102, 54.004990084689737, 0.0 ], [ -116.918717886661199, 54.005066540938166, 0.0 ], [ -116.919365168453595, 54.005439237852528, 0.0 ], [ -116.919788098776806, 54.005754724328497, 0.0 ], [ -116.920282902031104, 54.006038525825247, 0.0 ], [ -116.920582662366002, 54.006244845878292, 0.0 ], [ -116.921063672437796, 54.006510480136789, 0.0 ], [ -116.921192478644301, 54.006577987756202, 0.0 ], [ -116.921554505727897, 54.006781589589487, 0.0 ], [ -116.922243884248104, 54.007167802711969, 0.0 ], [ -116.922429329267302, 54.007251606784159, 0.0 ], [ -116.922729034352301, 54.007325918623337, 0.0 ], [ -116.923107847357301, 54.0074197018223, 0.0 ], [ -116.923521411466098, 54.007553824493421, 0.0 ], [ -116.924039792501802, 54.00781662578266, 0.0 ], [ -116.924362493710007, 54.008022028808128, 0.0 ], [ -116.924643099125106, 54.008207109050211, 0.0 ], [ -116.924822931737594, 54.008303403511931, 0.0 ], [ -116.925144527629897, 54.008472530646863, 0.0 ], [ -116.925593762179901, 54.008781183446089, 0.0 ], [ -116.926227823586302, 54.009163162289788, 0.0 ], [ -116.926728140983002, 54.009423195770538, 0.0 ], [ -116.927218961073393, 54.009722088390063, 0.0 ], [ -116.927749901135002, 54.009989654723491, 0.0 ], [ -116.928218245612499, 54.010273960077029, 0.0 ], [ -116.928369323983404, 54.010401609981209, 0.0 ], [ -116.928809924300495, 54.010509546332642, 0.0 ], [ -116.929213532971403, 54.010637437004327, 0.0 ], [ -116.930386466291495, 54.011099608565551, 0.0 ], [ -116.931000190346097, 54.011317968959069, 0.0 ], [ -116.931632779090094, 54.011499416728803, 0.0 ], [ -116.932248072452694, 54.011725932003657, 0.0 ], [ -116.932821585218605, 54.011984498371852, 0.0 ], [ -116.933855477384299, 54.012516981722477, 0.0 ], [ -116.934122867361395, 54.012574623111348, 0.0 ], [ -116.934389797507706, 54.012598348513883, 0.0 ], [ -116.934578242303004, 54.012669989255677, 0.0 ], [ -116.934866495132894, 54.012882393231507, 0.0 ], [ -116.935229626042499, 54.013228790100293, 0.0 ], [ -116.935558518049405, 54.013609612467548, 0.0 ], [ -116.935862615476097, 54.013915828353753, 0.0 ], [ -116.936539309008793, 54.01455850493975, 0.0 ], [ -116.936809499972597, 54.014777456385637, 0.0 ], [ -116.9370653508891, 54.014948827547776, 0.0 ], [ -116.937442862914395, 54.015182557298893, 0.0 ], [ -116.938115109327995, 54.015531645807819, 0.0 ], [ -116.938434583167606, 54.01572420191382, 0.0 ], [ -116.938642183669302, 54.015797697478632, 0.0 ], [ -116.938890204773003, 54.015853749621883, 0.0 ], [ -116.939427290421904, 54.015914838695643, 0.0 ], [ -116.939706904949901, 54.015932834108582, 0.0 ], [ -116.939934077644494, 54.015915242576163, 0.0 ], [ -116.940160283320907, 54.015861425888389, 0.0 ], [ -116.940565566974101, 54.015732000217753, 0.0 ], [ -116.940842483919596, 54.015595879745703, 0.0 ], [ -116.941060086314806, 54.015463484678939, 0.0 ], [ -116.941486204841894, 54.01494156223292, 0.0 ], [ -116.941696036549104, 54.014481163334359, 0.0 ], [ -116.941939235788098, 54.014084395941367, 0.0 ], [ -116.941951084888899, 54.013913911313793, 0.0 ], [ -116.941972098500401, 54.013728148617801, 0.0 ], [ -116.942235078294203, 54.013333606842373, 0.0 ], [ -116.9425663070935, 54.012756981583927, 0.0 ], [ -116.942859703491905, 54.012380527273777, 0.0 ], [ -116.942859787318696, 54.012380458470403, 0.0 ], [ -116.943240620843795, 54.012030716402293, 0.0 ], [ -116.943240707720804, 54.012030647549302, 0.0 ], [ -116.943391095553693, 54.011928194544403, 0.0 ], [ -116.943391194845503, 54.011928129987091, 0.0 ], [ -116.943704911626895, 54.011737830215587, 0.0 ], [ -116.943705007908207, 54.011737766606018, 0.0 ], [ -116.943888054466996, 54.011653904972228, 0.0 ], [ -116.944078088158903, 54.011584470065067, 0.0 ], [ -116.944951669522993, 54.011331299655239, 0.0 ], [ -116.945254011303206, 54.011288243986478, 0.0 ], [ -116.945554057451901, 54.01128104513333, 0.0 ], [ -116.945796721357794, 54.011286937785243, 0.0 ], [ -116.946055476925594, 54.011339868589637, 0.0 ], [ -116.946437846112502, 54.01144681845264, 0.0 ], [ -116.946770654840805, 54.011464102943748, 0.0 ], [ -116.947449571690299, 54.011531119302838, 0.0 ], [ -116.947891063347896, 54.011527079477972, 0.0 ], [ -116.948134321195198, 54.011550217359797, 0.0 ], [ -116.948344400447596, 54.011604034838811, 0.0 ], [ -116.948867886176004, 54.011845368159591, 0.0 ], [ -116.949153526677904, 54.012066319707138, 0.0 ], [ -116.949438739829304, 54.012303960633197, 0.0 ], [ -116.949614023266406, 54.012517726954393, 0.0 ], [ -116.949834459619893, 54.0128448478942, 0.0 ], [ -116.950186376279902, 54.013204326218514, 0.0 ], [ -116.950496722386603, 54.013597754510911, 0.0 ], [ -116.950880528576903, 54.013910388010743, 0.0 ], [ -116.951500983011599, 54.014541024950859, 0.0 ], [ -116.951793992664307, 54.014926847233689, 0.0 ], [ -116.951917613273693, 54.015044077337109, 0.0 ], [ -116.952630803245597, 54.015565312127912, 0.0 ], [ -116.952809789592493, 54.015725877983662, 0.0 ], [ -116.953017333354694, 54.015898416984868, 0.0 ], [ -116.953185443107898, 54.015985929973503, 0.0 ], [ -116.954120092238597, 54.016378064326297, 0.0 ], [ -116.9545426660478, 54.016520799475323, 0.0 ], [ -116.954968417964594, 54.016625546730012, 0.0 ], [ -116.955302289142296, 54.016689251733929, 0.0 ], [ -116.956189722692301, 54.016828959822881, 0.0 ], [ -116.956543640307601, 54.016848747305048, 0.0 ], [ -116.957082388248693, 54.016841634831238, 0.0 ], [ -116.957409371730293, 54.016815596886516, 0.0 ], [ -116.957885158899899, 54.016757065567347, 0.0 ], [ -116.958124893665698, 54.016705500900713, 0.0 ], [ -116.958504454411994, 54.016567383683203, 0.0 ], [ -116.958843546005298, 54.01638816441212, 0.0 ], [ -116.959410549343403, 54.015973203526912, 0.0 ], [ -116.959410642347095, 54.015973135461557, 0.0 ], [ -116.9594688843315, 54.015951681595887, 0.0 ], [ -116.9596418143759, 54.015804593542889, 0.0 ], [ -116.959810213188405, 54.015539717111182, 0.0 ], [ -116.959810312547305, 54.015539654337744, 0.0 ], [ -116.959975260669196, 54.015443221072282, 0.0 ], [ -116.959975359985506, 54.015443157400092, 0.0 ], [ -116.960538799741997, 54.015207444171601, 0.0 ], [ -116.961221359601296, 54.014843510200727, 0.0 ], [ -116.961856189701706, 54.0145463204477, 0.0 ], [ -116.962827124545399, 54.013904811611972, 0.0 ], [ -116.962827223938206, 54.013904749734721, 0.0 ], [ -116.962989011241206, 54.013812975502553, 0.0 ], [ -116.962989102793102, 54.013812909256671, 0.0 ], [ -116.963111823962706, 54.013696624561057, 0.0 ], [ -116.963111907673706, 54.013696553946609, 0.0 ], [ -116.963652678936, 54.013267769132113, 0.0 ], [ -116.963652768875207, 54.013267701113399, 0.0 ], [ -116.964096500676206, 54.012958436501428, 0.0 ], [ -116.964096585994497, 54.012958367658612, 0.0 ], [ -116.964460361395695, 54.012622323700192, 0.0 ], [ -116.964460434760895, 54.012622260448353, 0.0 ], [ -116.964856967736097, 54.012489521660449, 0.0 ], [ -116.965347542148294, 54.012206019732517, 0.0 ], [ -116.965347639880505, 54.01220595518231, 0.0 ], [ -116.965921382648403, 54.012054610860893, 0.0 ], [ -116.966021613158105, 54.012035748459979, 0.0 ], [ -116.966137163104193, 54.011921542852853, 0.0 ], [ -116.966190723124598, 54.011764454056419, 0.0 ], [ -116.966202130175006, 54.011591208055528, 0.0 ], [ -116.966266096875302, 54.011443705601629, 0.0 ], [ -116.966378672043106, 54.011320895211611, 0.0 ], [ -116.966378765109894, 54.011320828938267, 0.0 ], [ -116.966526347116002, 54.011218500330862, 0.0 ], [ -116.966526441665593, 54.011218433133813, 0.0 ], [ -116.966760589974399, 54.011173009047049, 0.0 ], [ -116.967705791513495, 54.010783497615009, 0.0 ], [ -116.968731741348506, 54.010419127094053, 0.0 ], [ -116.969195375251701, 54.010311545163198, 0.0 ], [ -116.969624163958699, 54.01018840332614, 0.0 ], [ -116.9698813179414, 54.010159090345063, 0.0 ], [ -116.970349532076298, 54.010054726617653, 0.0 ], [ -116.970866681422393, 54.009982596632703, 0.0 ], [ -116.971293849854504, 54.009958112149832, 0.0 ], [ -116.971732800103794, 54.009914898864523, 0.0 ], [ -116.972455608280498, 54.00978986138422, 0.0 ], [ -116.972696155827293, 54.009737387756488, 0.0 ], [ -116.972896279688001, 54.009673151448943, 0.0 ], [ -116.973377293499297, 54.009578453646633, 0.0 ], [ -116.973944570506603, 54.009406960913189, 0.0 ], [ -116.974404998309794, 54.009256141684283, 0.0 ], [ -116.974925140783, 54.009035713486398, 0.0 ], [ -116.975903649879697, 54.008605419357018, 0.0 ], [ -116.976383991532302, 54.008321363223402, 0.0 ], [ -116.976384098604697, 54.00832130300698, 0.0 ], [ -116.976717072678895, 54.008148753324043, 0.0 ], [ -116.977169733586095, 54.007837792979792, 0.0 ], [ -116.977169826585197, 54.007837725799632, 0.0 ], [ -116.977697359912099, 54.007566562793507, 0.0 ], [ -116.977697465497698, 54.007566503499639, 0.0 ], [ -116.978025327100298, 54.007386382839563, 0.0 ], [ -116.978025426412302, 54.007386320051403, 0.0 ], [ -116.978231925834507, 54.007318819434772, 0.0 ], [ -116.980539072076397, 54.006783255387688, 0.0 ], [ -116.980576696249202, 54.006762589529757, 0.0 ], [ -116.980576794073002, 54.006762527663291, 0.0 ], [ -116.9812991689342, 54.006608265095068, 0.0 ], [ -116.9819387760338, 54.006491764883847, 0.0 ], [ -116.982049739272696, 54.006473073445413, 0.0 ], [ -116.982858714306303, 54.006383404457388, 0.0 ], [ -116.983703833269104, 54.006319920407101, 0.0 ], [ -116.985075921600398, 54.006151589521792, 0.0 ], [ -116.985321192523898, 54.006115392437238, 0.0 ], [ -116.985661121776005, 54.006036491485872, 0.0 ], [ -116.986641955329802, 54.005798928533181, 0.0 ], [ -116.986911511639207, 54.005707995304313, 0.0 ], [ -116.987287826867799, 54.005545220240251, 0.0 ], [ -116.987950240221494, 54.005170284588878, 0.0 ], [ -116.987950345786402, 54.005170225286143, 0.0 ], [ -116.988395692241994, 54.004940518642009, 0.0 ], [ -116.988674461178405, 54.004831231230263, 0.0 ], [ -116.989183088864905, 54.004695570922031, 0.0 ], [ -116.990153400897896, 54.00435984312697, 0.0 ], [ -116.990373820050394, 54.004308601388978, 0.0 ], [ -116.991109551260706, 54.004195667593962, 0.0 ], [ -116.992723618223394, 54.003798929752733, 0.0 ], [ -116.993358098500806, 54.003616631961293, 0.0 ], [ -116.993952125188201, 54.00341821625004, 0.0 ], [ -116.994113672779505, 54.003333099414832, 0.0 ], [ -116.995911470097894, 54.002888933517518, 0.0 ], [ -116.996612116136305, 54.002740974947478, 0.0 ], [ -116.998725308049998, 54.002488822863732, 0.0 ], [ -116.999185677313207, 54.002437952143516, 0.0 ], [ -116.999573059983206, 54.002405617808918, 0.0 ], [ -116.999894512229005, 54.002391019651682, 0.0 ], [ -117.000016563785493, 54.002385468327383, 0.0 ], [ -117.000138615435702, 54.002379919575198, 0.0 ], [ -117.000188667439303, 54.002374021467659, 0.0 ], [ -117.000492474623599, 54.002381333281413, 0.0 ], [ -117.000507667677297, 54.002381700875517, 0.0 ], [ -117.001070734675494, 54.00243978349809, 0.0 ], [ -117.001186436992796, 54.002451722382091, 0.0 ], [ -117.0013148568855, 54.002468269702987, 0.0 ], [ -117.002034618265697, 54.002561942922533, 0.0 ], [ -117.002272227025898, 54.002609834233958, 0.0 ], [ -117.002882751164606, 54.002796994824443, 0.0 ], [ -117.0030747637894, 54.002879339401353, 0.0 ], [ -117.003233892170499, 54.002970685504508, 0.0 ], [ -117.003311836269404, 54.003109186398731, 0.0 ], [ -117.003316719107104, 54.003278075673776, 0.0 ], [ -117.003373667623805, 54.003427957621597, 0.0 ], [ -117.003648559945304, 54.003818506184437, 0.0 ], [ -117.003714661393204, 54.003967285673788, 0.0 ], [ -117.003884109844506, 54.004599324721198, 0.0 ], [ -117.003965746894593, 54.004740510140657, 0.0 ], [ -117.004074288029202, 54.005056461459141, 0.0 ], [ -117.004201485033306, 54.005164072477783, 0.0 ], [ -117.0043770325221, 54.005242952985313, 0.0 ], [ -117.0046237811422, 54.005288206988141, 0.0 ], [ -117.004884158097894, 54.005316681113321, 0.0 ], [ -117.005084316531907, 54.005378781448407, 0.0 ], [ -117.005236204632297, 54.005479308240069, 0.0 ], [ -117.005621611394005, 54.005821551995901, 0.0 ], [ -117.006073482995106, 54.006106963090062, 0.0 ], [ -117.006244520884295, 54.006195019124867, 0.0 ], [ -117.006446593597104, 54.006268976991578, 0.0 ], [ -117.006891735971195, 54.006382790083059, 0.0 ], [ -117.007393461095504, 54.006466776454829, 0.0 ], [ -117.007714905647603, 54.006498977284473, 0.0 ], [ -117.007945337055503, 54.006519335955389, 0.0 ], [ -117.008265107374498, 54.006524459553383, 0.0 ], [ -117.008705249140903, 54.006510060478483, 0.0 ], [ -117.0087670753868, 54.006499304428758, 0.0 ], [ -117.009093586968007, 54.006442468604277, 0.0 ], [ -117.009556313540998, 54.006330655622683, 0.0 ], [ -117.009779419185804, 54.006272350026379, 0.0 ], [ -117.010377025616094, 54.006065200857037, 0.0 ], [ -117.011027116731498, 54.00589569547413, 0.0 ], [ -117.011422943327702, 54.005810296290527, 0.0 ], [ -117.012535885966102, 54.005639784625998, 0.0 ], [ -117.013087874410303, 54.00558600342579, 0.0 ], [ -117.013809249343197, 54.005544792828033, 0.0 ], [ -117.014590786366, 54.005531369186059, 0.0 ], [ -117.015505156692598, 54.005545168982422, 0.0 ], [ -117.016465853311004, 54.005653716800438, 0.0 ], [ -117.018345109540405, 54.005920849391607, 0.0 ], [ -117.018812146993, 54.006016217559562, 0.0 ], [ -117.020314557988499, 54.006259937228542, 0.0 ], [ -117.021050354456506, 54.006398823403167, 0.0 ], [ -117.022162927082206, 54.006502632887234, 0.0 ], [ -117.022721485680094, 54.006537367464418, 0.0 ], [ -117.024547641816895, 54.006581579788012, 0.0 ], [ -117.0248443728469, 54.006571608729779, 0.0 ], [ -117.0252570160375, 54.006503203208517, 0.0 ], [ -117.026567120635505, 54.006272837067193, 0.0 ], [ -117.026793879419898, 54.006217174711303, 0.0 ], [ -117.027406028589397, 54.006006141621931, 0.0 ], [ -117.027786820240706, 54.00585131171313, 0.0 ], [ -117.028296860334194, 54.005585492449313, 0.0 ], [ -117.0285773235004, 54.005380807684212, 0.0 ], [ -117.028767606510897, 54.005188565291697, 0.0 ], [ -117.028873820168897, 54.00506326234995, 0.0 ], [ -117.029030703113193, 54.004898748441313, 0.0 ], [ -117.029030780504996, 54.004898676087862, 0.0 ], [ -117.029165438939899, 54.004792611165968, 0.0 ], [ -117.029165524308098, 54.004792545872327, 0.0 ], [ -117.029342686637506, 54.004720827676692, 0.0 ], [ -117.029683010205602, 54.004545053421232, 0.0 ], [ -117.029946854272893, 54.004325308036663, 0.0 ], [ -117.030095678048298, 54.004144375827863, 0.0 ], [ -117.030166130192896, 54.003901071922343, 0.0 ], [ -117.030168360896596, 54.003718136657611, 0.0 ], [ -117.030054200003804, 54.003413011426453, 0.0 ], [ -117.029594203512602, 54.002574572475339, 0.0 ], [ -117.029230897372798, 54.002033217986103, 0.0 ], [ -117.029023691726593, 54.001775834422723, 0.0 ], [ -117.028770412849894, 54.001364232390607, 0.0 ], [ -117.028704909262203, 54.001219581969792, 0.0 ], [ -117.028433165920404, 54.00063986623082, 0.0 ], [ -117.028191681564607, 54.000213670201113, 0.0 ], [ -117.028163590304999, 54.000137966999787, 0.0 ], [ -117.028136926214998, 54.000066058238623, 0.0 ], [ -117.028120358152293, 54.000001554981303, 0.0 ], [ -117.028118707275496, 53.999995104105693, 0.0 ], [ -117.0281062917187, 53.99993305876098, 0.0 ], [ -117.027838510770806, 53.999275404926991, 0.0 ], [ -117.0277352635336, 53.999021836031567, 0.0 ], [ -117.027488740723996, 53.998590617276278, 0.0 ], [ -117.027408532185802, 53.998341816085599, 0.0 ], [ -117.027403054439802, 53.998293592248992, 0.0 ], [ -117.027398933145903, 53.998257353318728, 0.0 ], [ -117.027401898349396, 53.998242675757147, 0.0 ], [ -117.027380977589104, 53.998099291352482, 0.0 ], [ -117.027439619424996, 53.997623964295308, 0.0 ], [ -117.027468826022798, 53.997553325874868, 0.0 ], [ -117.027527426163701, 53.997411598888696, 0.0 ], [ -117.027657726529, 53.996516930821791, 0.0 ], [ -117.027728185873599, 53.996305028824331, 0.0 ], [ -117.0280879456284, 53.995678163922953, 0.0 ], [ -117.028397569053894, 53.995244697123077, 0.0 ], [ -117.028770677929003, 53.994845376016762, 0.0 ], [ -117.028770770771899, 53.99484530789897, 0.0 ], [ -117.029492621438095, 53.99429320391279, 0.0 ], [ -117.029492714803197, 53.994293146577498, 0.0 ], [ -117.030301846965301, 53.993856401910307, 0.0 ], [ -117.030903698614097, 53.993604525426257, 0.0 ], [ -117.031844532788995, 53.993241047730827, 0.0 ], [ -117.032442048776403, 53.992989263670196, 0.0 ], [ -117.032794636576, 53.992884968124429, 0.0 ], [ -117.033482702769305, 53.992735742063303, 0.0 ], [ -117.034937732882895, 53.992558039832481, 0.0 ], [ -117.035327446312195, 53.992539802249333, 0.0 ], [ -117.035695304293199, 53.992575924841233, 0.0 ], [ -117.036204287506493, 53.992622580716237, 0.0 ], [ -117.038023966813796, 53.992789364296002, 0.0 ], [ -117.039540318256897, 53.99284041811017, 0.0 ], [ -117.0430780648487, 53.993120823949781, 0.0 ], [ -117.044561342160094, 53.99319319458948, 0.0 ], [ -117.045740374752398, 53.993213905318193, 0.0 ], [ -117.046459506779996, 53.993188675931343, 0.0 ], [ -117.047149163658602, 53.993125970256123, 0.0 ], [ -117.047834191052104, 53.993012181137921, 0.0 ], [ -117.048136074891005, 53.992938643135737, 0.0 ], [ -117.048287863648, 53.992906260729782, 0.0 ], [ -117.048748121232606, 53.992808081048572, 0.0 ], [ -117.048784086662096, 53.992800409822081, 0.0 ], [ -117.050092527928101, 53.99242109993807, 0.0 ], [ -117.050395506388497, 53.992311681208079, 0.0 ], [ -117.050646288219994, 53.992155298329124, 0.0 ], [ -117.050646381064993, 53.992155231093321, 0.0 ], [ -117.050770400442303, 53.992048391759347, 0.0 ], [ -117.050770482435794, 53.992048321111383, 0.0 ], [ -117.050843782389293, 53.991985179819537, 0.0 ], [ -117.051102521166101, 53.99158008428833, 0.0 ], [ -117.051316977213204, 53.991166151951063, 0.0 ], [ -117.051396472057903, 53.990940856840552, 0.0 ], [ -117.051454917093594, 53.990531839790798, 0.0 ], [ -117.051410714605495, 53.98994937946776, 0.0 ], [ -117.051262653117007, 53.988701809773552, 0.0 ], [ -117.051265321261397, 53.988061531426403, 0.0 ], [ -117.051380130010301, 53.986598246257998, 0.0 ], [ -117.051484619362896, 53.98616985888323, 0.0 ], [ -117.051629024315901, 53.985750444950519, 0.0 ], [ -117.051789369810706, 53.984820143331149, 0.0 ], [ -117.051808298976397, 53.984710221209603, 0.0 ], [ -117.0518157309088, 53.984505128530927, 0.0 ], [ -117.051870381313293, 53.984293415203233, 0.0 ], [ -117.052039504355207, 53.984098564196479, 0.0 ], [ -117.052139098516406, 53.983903366379927, 0.0 ], [ -117.052456651517801, 53.983094362518997, 0.0 ], [ -117.052588507043197, 53.982680478333833, 0.0 ], [ -117.052823649235407, 53.982112233087477, 0.0 ], [ -117.052948150403395, 53.981665291408447, 0.0 ], [ -117.053036277837904, 53.981439701467529, 0.0 ], [ -117.053178471731798, 53.981235471057211, 0.0 ], [ -117.053409882595204, 53.980626373960973, 0.0 ], [ -117.053625194528195, 53.980222641585591, 0.0 ], [ -117.053910048695698, 53.979819282830832, 0.0 ], [ -117.054273565811997, 53.979421110928683, 0.0 ], [ -117.054654395497593, 53.979022402514623, 0.0 ], [ -117.054654491444694, 53.979022337020929, 0.0 ], [ -117.054913156465602, 53.978858013006707, 0.0 ], [ -117.054913249363096, 53.978857947564983, 0.0 ], [ -117.0560366021612, 53.978026097852407, 0.0 ], [ -117.056036696491006, 53.978026030586577, 0.0 ], [ -117.056528219377299, 53.977682114345853, 0.0 ], [ -117.056528315318403, 53.977682048850703, 0.0 ], [ -117.056784058068104, 53.977503101650278, 0.0 ], [ -117.056784152351199, 53.977503033485299, 0.0 ], [ -117.056957056097403, 53.977410799701218, 0.0 ], [ -117.057819985637295, 53.976950427585649, 0.0 ], [ -117.058102934171501, 53.976813438384539, 0.0 ], [ -117.0583879736771, 53.976699429316859, 0.0 ], [ -117.059703782289802, 53.976312087373728, 0.0 ], [ -117.060043665207303, 53.976275721328911, 0.0 ], [ -117.060344899711595, 53.976435205086212, 0.0 ], [ -117.060970252985001, 53.976671494078737, 0.0 ], [ -117.060985611785398, 53.976674312586432, 0.0 ], [ -117.061314866886093, 53.976734848696097, 0.0 ], [ -117.062563419931294, 53.977135778033272, 0.0 ], [ -117.062870544740093, 53.977264338731501, 0.0 ], [ -117.063193359498499, 53.977374467119468, 0.0 ], [ -117.063235042668794, 53.977410041135663, 0.0 ], [ -117.063395893754006, 53.977547319075839, 0.0 ], [ -117.063616275558104, 53.977681198115917, 0.0 ], [ -117.063924774553698, 53.977868595802057, 0.0 ], [ -117.064161988684305, 53.978040343424198, 0.0 ], [ -117.064768035781995, 53.978540996520927, 0.0 ], [ -117.065008649077299, 53.9787023849074, 0.0 ], [ -117.065235567617194, 53.978856519504809, 0.0 ], [ -117.065998116835601, 53.979262578243997, 0.0 ], [ -117.066289543321602, 53.979409552524181, 0.0 ], [ -117.066604674875407, 53.979530164405944, 0.0 ], [ -117.066855410052497, 53.979531016453329, 0.0 ], [ -117.066990028214093, 53.979458427096752, 0.0 ], [ -117.067090878075504, 53.979275415548123, 0.0 ], [ -117.067126620556095, 53.97905553546407, 0.0 ], [ -117.067128888174494, 53.978827080659407, 0.0 ], [ -117.067021953163703, 53.978208603533332, 0.0 ], [ -117.067137817308193, 53.978038655383813, 0.0 ], [ -117.067137908615607, 53.978038589060468, 0.0 ], [ -117.067314048706095, 53.977913043287259, 0.0 ], [ -117.067314141492801, 53.977912976038994, 0.0 ], [ -117.067744942366403, 53.977686450062428, 0.0 ], [ -117.0677626309662, 53.977680476175422, 0.0 ], [ -117.068265876456294, 53.977510523111988, 0.0 ], [ -117.068838143218102, 53.977409064220957, 0.0 ], [ -117.068869936324205, 53.977403430923992, 0.0 ], [ -117.069237376934296, 53.977405593611437, 0.0 ], [ -117.069270117560507, 53.977408980409542, 0.0 ], [ -117.069582530897307, 53.977441297644802, 0.0 ], [ -117.070210244104402, 53.977553274031983, 0.0 ], [ -117.0705040512849, 53.977619525804208, 0.0 ], [ -117.070629263043401, 53.977663548458672, 0.0 ], [ -117.070675779875103, 53.977679896063073, 0.0 ], [ -117.070759656188798, 53.977709384660812, 0.0 ], [ -117.070963786306194, 53.977831412010133, 0.0 ], [ -117.071093213741193, 53.977977715812393, 0.0 ], [ -117.071270788588507, 53.978344475367663, 0.0 ], [ -117.072905851610102, 53.979260376722607, 0.0 ], [ -117.073069651967103, 53.979334288633481, 0.0 ], [ -117.073529763467903, 53.979541891374637, 0.0 ], [ -117.073575686119895, 53.979562612610948, 0.0 ], [ -117.074648804733599, 53.97997798253234, 0.0 ], [ -117.076332541410906, 53.980768471822387, 0.0 ], [ -117.077508627981004, 53.981426753483071, 0.0 ], [ -117.078560664768801, 53.982099782581507, 0.0 ], [ -117.079008853560595, 53.98241371969894, 0.0 ], [ -117.079364092921097, 53.98253240199665, 0.0 ], [ -117.080032938372796, 53.982594707192959, 0.0 ], [ -117.080392745114096, 53.982607708174399, 0.0 ], [ -117.080730779419795, 53.98264766418886, 0.0 ], [ -117.081058598823503, 53.982731896993343, 0.0 ], [ -117.081701640531705, 53.982983339718857, 0.0 ], [ -117.083727253869597, 53.984061262461069, 0.0 ], [ -117.084320907460295, 53.984410630591867, 0.0 ], [ -117.084875147511198, 53.984813880155762, 0.0 ], [ -117.085767339155296, 53.985462983875209, 0.0 ], [ -117.086454793459694, 53.985963114828962, 0.0 ], [ -117.086744091517104, 53.986131788159391, 0.0 ], [ -117.087049196482297, 53.986263573279139, 0.0 ], [ -117.087674519642903, 53.986459432784827, 0.0 ], [ -117.088011024172701, 53.986543153348023, 0.0 ], [ -117.088333483195399, 53.986594247239182, 0.0 ], [ -117.089085762283204, 53.986659460819681, 0.0 ], [ -117.089489826164296, 53.986649356265808, 0.0 ], [ -117.089814162649702, 53.986605219529679, 0.0 ], [ -117.090188862185897, 53.986522205958273, 0.0 ], [ -117.090507240542095, 53.986388417958167, 0.0 ], [ -117.090689214195905, 53.986221320832101, 0.0 ], [ -117.090807426692805, 53.986037203349618, 0.0 ], [ -117.090881303995303, 53.985822171884983, 0.0 ], [ -117.090843656922402, 53.985405250872873, 0.0 ], [ -117.090797503198203, 53.985176475553111, 0.0 ], [ -117.090630068048, 53.984811847870532, 0.0 ], [ -117.090614576732804, 53.984778099085617, 0.0 ], [ -117.090539680816804, 53.984586962914442, 0.0 ], [ -117.090429814565994, 53.984395246289473, 0.0 ], [ -117.090030619560096, 53.9840348536382, 0.0 ], [ -117.089245886805998, 53.983557552108117, 0.0 ], [ -117.087295067234194, 53.982591181790767, 0.0 ], [ -117.086782562695603, 53.982257792088198, 0.0 ], [ -117.085766003813802, 53.981665439845749, 0.0 ], [ -117.085451930785098, 53.981482399422852, 0.0 ], [ -117.0852560585964, 53.981298142868432, 0.0 ], [ -117.085294143455499, 53.98107743539132, 0.0 ], [ -117.085294236174803, 53.98107736723081, 0.0 ], [ -117.0857650521137, 53.980735611124707, 0.0 ], [ -117.085765144876504, 53.980735543862451, 0.0 ], [ -117.0858205524883, 53.980695313130958, 0.0 ], [ -117.088412008165093, 53.978056797276658, 0.0 ], [ -117.088412085449306, 53.978056725784647, 0.0 ], [ -117.088838094763801, 53.977674788161558, 0.0 ], [ -117.088838176619703, 53.977674716589753, 0.0 ], [ -117.089039661740102, 53.977494078115583, 0.0 ], [ -117.089039746643905, 53.977494006490609, 0.0 ], [ -117.089152750855007, 53.977403469823678, 0.0 ], [ -117.089152838852101, 53.977403399044192, 0.0 ], [ -117.089271040697795, 53.977308660087388, 0.0 ], [ -117.089271136586007, 53.977308594566551, 0.0 ], [ -117.089781839940599, 53.976991676580752, 0.0 ], [ -117.089781943718805, 53.976991616318273, 0.0 ], [ -117.090574562166097, 53.976558379025569, 0.0 ], [ -117.090574661279106, 53.976558317044912, 0.0 ], [ -117.091750183679494, 53.976038982100199, 0.0 ], [ -117.092022278009495, 53.975889880772613, 0.0 ], [ -117.0920223786881, 53.975889819662797, 0.0 ], [ -117.0929391089944, 53.975282407784441, 0.0 ], [ -117.092939212718704, 53.975282346620752, 0.0 ], [ -117.093419836419798, 53.975021040193532, 0.0 ], [ -117.094297918980999, 53.974603434929129, 0.0 ], [ -117.094851090111803, 53.974253220596523, 0.0 ], [ -117.094851182845602, 53.974253153327403, 0.0 ], [ -117.095239582342202, 53.97393545823472, 0.0 ], [ -117.095239673595501, 53.973935391890478, 0.0 ], [ -117.095964195194696, 53.973459726330567, 0.0 ], [ -117.095964290973299, 53.973459659007453, 0.0 ], [ -117.096237691958805, 53.973318126237608, 0.0 ], [ -117.096819155835405, 53.973087065155063, 0.0 ], [ -117.097850570199796, 53.972763550746919, 0.0 ], [ -117.098100931173803, 53.972685024558473, 0.0 ], [ -117.098310624105096, 53.972625910070782, 0.0 ], [ -117.0987637708986, 53.972498165928783, 0.0 ], [ -117.099120469707103, 53.972439295376681, 0.0 ], [ -117.099425864797993, 53.972360204824056, 0.0 ], [ -117.099711514941902, 53.972266806566587, 0.0 ], [ -117.100010504026699, 53.972175226710057, 0.0 ], [ -117.100711626978196, 53.972009310732588, 0.0 ], [ -117.101053536213499, 53.971966696817347, 0.0 ], [ -117.101428047557206, 53.971963371286009, 0.0 ], [ -117.102106790752202, 53.972006988689571, 0.0 ], [ -117.102504688246498, 53.972066584894257, 0.0 ], [ -117.102811850511898, 53.972131363844149, 0.0 ], [ -117.103149800955407, 53.972250953853703, 0.0 ], [ -117.104227695462995, 53.97281429931936, 0.0 ], [ -117.1051535890563, 53.973221747959713, 0.0 ], [ -117.105473170514799, 53.973308957872852, 0.0 ], [ -117.105830526898202, 53.97336057604295, 0.0 ], [ -117.106158211596096, 53.973390761373473, 0.0 ], [ -117.107594257895897, 53.973344897145367, 0.0 ], [ -117.108675558545002, 53.973396386837997, 0.0 ], [ -117.109777767777601, 53.973495508309377, 0.0 ], [ -117.110549078667901, 53.973633946477769, 0.0 ], [ -117.111125822147102, 53.973737454183137, 0.0 ], [ -117.111469945371496, 53.973841230708288, 0.0 ], [ -117.112073709655107, 53.974092180240419, 0.0 ], [ -117.113366972154594, 53.974558329367937, 0.0 ], [ -117.113645882909495, 53.974663263257412, 0.0 ], [ -117.113906933025504, 53.974792345235933, 0.0 ], [ -117.114179011356399, 53.974961935954312, 0.0 ], [ -117.114354342393696, 53.975126768171421, 0.0 ], [ -117.115253901447602, 53.975797897265927, 0.0 ], [ -117.115426456915401, 53.975998870204258, 0.0 ], [ -117.115712884058894, 53.976388759027969, 0.0 ], [ -117.1159289249468, 53.97677494695612, 0.0 ], [ -117.116063139802506, 53.977194091675059, 0.0 ], [ -117.116091190914901, 53.977390282217108, 0.0 ], [ -117.116121823622393, 53.977604676754822, 0.0 ], [ -117.116121662478406, 53.977661474950473, 0.0 ], [ -117.116119981222994, 53.978257840498017, 0.0 ], [ -117.116070206643599, 53.978672052960157, 0.0 ], [ -117.115716783935895, 53.979707785455879, 0.0 ], [ -117.115321951423994, 53.98057105657918, 0.0 ], [ -117.115153378422804, 53.980979181658668, 0.0 ], [ -117.114323960021096, 53.982384021218138, 0.0 ], [ -117.113938862527306, 53.982801939254543, 0.0 ], [ -117.113809070378295, 53.982994455695078, 0.0 ], [ -117.113715915791403, 53.98319774359976, 0.0 ], [ -117.113635316289802, 53.983397736567682, 0.0 ], [ -117.113567385861401, 53.983807846598197, 0.0 ], [ -117.113616259431893, 53.984424673111953, 0.0 ], [ -117.113669990720993, 53.984800652947492, 0.0 ], [ -117.113733978872204, 53.985248417653509, 0.0 ], [ -117.113699663544693, 53.985677165915128, 0.0 ], [ -117.113614715535704, 53.985877409738777, 0.0 ], [ -117.113519069217006, 53.98606541459371, 0.0 ], [ -117.113518982632002, 53.986065482668323, 0.0 ], [ -117.113331104104901, 53.986222685968599, 0.0 ], [ -117.113331016039993, 53.986222754968452, 0.0 ], [ -117.113039603862504, 53.986334495228327, 0.0 ], [ -117.112684338924893, 53.98642931958468, 0.0 ], [ -117.110923540636904, 53.98659914541237, 0.0 ], [ -117.110547946859697, 53.986650372459088, 0.0 ], [ -117.108785687532801, 53.986890699904727, 0.0 ], [ -117.108404898037904, 53.986989539785988, 0.0 ], [ -117.108061448268401, 53.987129937413222, 0.0 ], [ -117.1075076411758, 53.987423729615728, 0.0 ], [ -117.107507600118495, 53.987423762712247, 0.0 ], [ -117.107117442071399, 53.987811006022028, 0.0 ], [ -117.107117367533704, 53.987811071182549, 0.0 ], [ -117.106156190976293, 53.988467396320857, 0.0 ], [ -117.106005976638002, 53.988668782097669, 0.0 ], [ -117.105941784638006, 53.988862697172053, 0.0 ], [ -117.105987817748598, 53.989276577925217, 0.0 ], [ -117.106085301772495, 53.989684955684211, 0.0 ], [ -117.106360807700497, 53.990327449331708, 0.0 ], [ -117.106681848211196, 53.991167883742747, 0.0 ], [ -117.106889509551493, 53.991582839299816, 0.0 ], [ -117.107067373693098, 53.991847656909918, 0.0 ], [ -117.107085967634305, 53.992032562530397, 0.0 ], [ -117.107149154447896, 53.992660737992878, 0.0 ], [ -117.107210750779998, 53.992850055186089, 0.0 ], [ -117.107450920555905, 53.993250308286399, 0.0 ], [ -117.107591579200701, 53.993442829573937, 0.0 ], [ -117.107771560725098, 53.993635693291843, 0.0 ], [ -117.108030182552099, 53.993829205896461, 0.0 ], [ -117.109373476312896, 53.994649953660108, 0.0 ], [ -117.109828599308301, 53.994950531471687, 0.0 ], [ -117.110443382044295, 53.995293434821683, 0.0 ], [ -117.110549162610994, 53.995344785277858, 0.0 ], [ -117.110727835909103, 53.995431482544483, 0.0 ], [ -117.111040473006298, 53.995555066764247, 0.0 ], [ -117.111390352326197, 53.995666243141798, 0.0 ], [ -117.111702443938199, 53.995733300901612, 0.0 ], [ -117.113463862465906, 53.995910545972578, 0.0 ], [ -117.113807363884405, 53.995929530906253, 0.0 ], [ -117.114474378449998, 53.995899206498208, 0.0 ], [ -117.115150882507507, 53.99579377281399, 0.0 ], [ -117.115479315266597, 53.995721045304407, 0.0 ], [ -117.116135582233198, 53.995519059204398, 0.0 ], [ -117.116443492531204, 53.995401234161783, 0.0 ], [ -117.117340621652602, 53.995018380145318, 0.0 ], [ -117.117891910323394, 53.99470930235875, 0.0 ], [ -117.117892014103703, 53.994709242072133, 0.0 ], [ -117.118682442620099, 53.99420911915194, 0.0 ], [ -117.118682537020305, 53.9942090545333, 0.0 ], [ -117.119281332394394, 53.993922907414017, 0.0 ], [ -117.119843052827207, 53.993597805248143, 0.0 ], [ -117.119843151890294, 53.99359774234501, 0.0 ], [ -117.120112876907598, 53.993407573675597, 0.0 ], [ -117.120112964975803, 53.993407504670841, 0.0 ], [ -117.1203312646944, 53.99322285117421, 0.0 ], [ -117.120331341813795, 53.993222776966462, 0.0 ], [ -117.120695860442495, 53.992839506196319, 0.0 ], [ -117.120774219767696, 53.992652487918313, 0.0 ], [ -117.120817716619797, 53.992439173958232, 0.0 ], [ -117.120767252739398, 53.992024730315187, 0.0 ], [ -117.120742780637201, 53.991823830936518, 0.0 ], [ -117.120773431663295, 53.991426133822401, 0.0 ], [ -117.1210118189626, 53.990805739848788, 0.0 ], [ -117.121452945165103, 53.990250921353237, 0.0 ], [ -117.121453030129402, 53.99025085150285, 0.0 ], [ -117.122263431671897, 53.98947445490144, 0.0 ], [ -117.122631706773404, 53.989001069902741, 0.0 ], [ -117.123091919408296, 53.98840948246243, 0.0 ], [ -117.123127894461007, 53.988363225697277, 0.0 ], [ -117.123384391695893, 53.987986046733262, 0.0 ], [ -117.123384476652404, 53.987985976881561, 0.0 ], [ -117.123589745365607, 53.987802059004949, 0.0 ], [ -117.123589833462205, 53.987801990896251, 0.0 ], [ -117.1241005634826, 53.987459211819584, 0.0 ], [ -117.124100657676294, 53.987459143602727, 0.0 ], [ -117.124704063769101, 53.987175274284823, 0.0 ], [ -117.125484095724801, 53.986719395492649, 0.0 ], [ -117.1254841962878, 53.986719332558017, 0.0 ], [ -117.126874240626904, 53.985781209427913, 0.0 ], [ -117.126874339615199, 53.985781145620628, 0.0 ], [ -117.127915408685297, 53.985135492328283, 0.0 ], [ -117.127915506008407, 53.98513542585156, 0.0 ], [ -117.128713390704803, 53.984797846215088, 0.0 ], [ -117.128878093933196, 53.984728165622911, 0.0 ], [ -117.129185752277195, 53.984636019007169, 0.0 ], [ -117.130579315765203, 53.984435499696367, 0.0 ], [ -117.131274298054194, 53.984390600342437, 0.0 ], [ -117.132322990436904, 53.98437433806199, 0.0 ], [ -117.133346134228205, 53.984282393381328, 0.0 ], [ -117.134021716574495, 53.984146032626157, 0.0 ], [ -117.135021491757698, 53.983885710181973, 0.0 ], [ -117.135328807782798, 53.983796317424719, 0.0 ], [ -117.135637628659893, 53.983706478919942, 0.0 ], [ -117.135996872851706, 53.983662781582822, 0.0 ], [ -117.138471174528405, 53.983852831770427, 0.0 ], [ -117.139187965190501, 53.983940341695977, 0.0 ], [ -117.140580356881301, 53.984050887250447, 0.0 ], [ -117.142021499990506, 53.984271740988603, 0.0 ], [ -117.142329525061996, 53.984367235133107, 0.0 ], [ -117.143402438953402, 53.984524316798748, 0.0 ], [ -117.144133222050201, 53.984670149230048, 0.0 ], [ -117.144508126689303, 53.984694947034917, 0.0 ], [ -117.1459228687891, 53.98457016088777, 0.0 ], [ -117.146416936915003, 53.984604736808507, 0.0 ], [ -117.147081957269293, 53.984568966182167, 0.0 ], [ -117.147413003781196, 53.984533469423987, 0.0 ], [ -117.147873185439295, 53.984484130610333, 0.0 ], [ -117.148435708227694, 53.984423809813308, 0.0 ], [ -117.149143359903405, 53.984323736196373, 0.0 ], [ -117.151217817046302, 53.984134581965023, 0.0 ], [ -117.152283110381902, 53.984051392324893, 0.0 ], [ -117.152962698686807, 53.983939893259432, 0.0 ], [ -117.153601170620504, 53.983789274542723, 0.0 ], [ -117.153959518510007, 53.983726054965317, 0.0 ], [ -117.154622856610303, 53.983566345736882, 0.0 ], [ -117.154914397577599, 53.983467972470308, 0.0 ], [ -117.155252599034995, 53.983387766415703, 0.0 ], [ -117.156356104306298, 53.983212073433727, 0.0 ], [ -117.1581791800145, 53.983041511936321, 0.0 ], [ -117.160109764104106, 53.982937449889917, 0.0 ], [ -117.161460688590296, 53.98286460699569, 0.0 ], [ -117.162855820791407, 53.982732551736028, 0.0 ], [ -117.164935992024198, 53.982467938899461, 0.0 ], [ -117.165623812749502, 53.982353326060483, 0.0 ], [ -117.165979815226393, 53.982331538577938, 0.0 ], [ -117.166365071443394, 53.982328831956139, 0.0 ], [ -117.167080324485696, 53.982390969359997, 0.0 ], [ -117.167444314317507, 53.982448823987127, 0.0 ], [ -117.168164716784602, 53.98251584356418, 0.0 ], [ -117.169060801947396, 53.982811029967102, 0.0 ], [ -117.169335569918402, 53.982943426499062, 0.0 ], [ -117.169840087566101, 53.983228752780903, 0.0 ], [ -117.170046144937601, 53.983398446551803, 0.0 ], [ -117.170649767914398, 53.984350034638098, 0.0 ], [ -117.171024364079301, 53.98481258005922, 0.0 ], [ -117.171110763166396, 53.984919265602088, 0.0 ], [ -117.171407017059494, 53.98552837585968, 0.0 ], [ -117.171527765130904, 53.985713021186989, 0.0 ], [ -117.171820869643696, 53.98633005581938, 0.0 ], [ -117.171907876968703, 53.98674899946058, 0.0 ], [ -117.1719371885914, 53.987163293241792, 0.0 ], [ -117.171883118495501, 53.987576939620332, 0.0 ], [ -117.171802737519201, 53.987793092521159, 0.0 ], [ -117.171673355710894, 53.98800415675359, 0.0 ], [ -117.171673267178903, 53.988004215013177, 0.0 ], [ -117.171421413503495, 53.988159838926528, 0.0 ], [ -117.171421316196998, 53.988159904539359, 0.0 ], [ -117.170789608291003, 53.988354173617353, 0.0 ], [ -117.170557911565993, 53.988526773645958, 0.0 ], [ -117.170385389951406, 53.98871432521603, 0.0 ], [ -117.170385312929994, 53.988714399455027, 0.0 ], [ -117.170169433242705, 53.988904212533782, 0.0 ], [ -117.170169346745396, 53.988904280648327, 0.0 ], [ -117.169827670344105, 53.989075130846409, 0.0 ], [ -117.169313583594601, 53.989405054499471, 0.0 ], [ -117.169313487759894, 53.989405119184603, 0.0 ], [ -117.168717452395995, 53.98968784700179, 0.0 ], [ -117.168717421358096, 53.989687866448463, 0.0 ], [ -117.168505461931701, 53.989874886893041, 0.0 ], [ -117.168505377001097, 53.989874955877447, 0.0 ], [ -117.167978453628095, 53.990151369952052, 0.0 ], [ -117.167480940493803, 53.990503638350447, 0.0 ], [ -117.167480841510894, 53.990503701292127, 0.0 ], [ -117.167211564593003, 53.990660250950903, 0.0 ], [ -117.167211467180806, 53.990660314763382, 0.0 ], [ -117.166758178433099, 53.990986936778377, 0.0 ], [ -117.166758081019296, 53.990987000590501, 0.0 ], [ -117.166518039378204, 53.991134220310258, 0.0 ], [ -117.1665179449666, 53.991134283168677, 0.0 ], [ -117.165965266485898, 53.991386252228637, 0.0 ], [ -117.165171245727294, 53.991777812782701, 0.0 ], [ -117.164853207474195, 53.991903443699947, 0.0 ], [ -117.164561987872801, 53.992039551855711, 0.0 ], [ -117.1643096070582, 53.992157505024281, 0.0 ], [ -117.1636885341414, 53.992392488077819, 0.0 ], [ -117.163050124012301, 53.992713629276281, 0.0 ], [ -117.162790691444897, 53.992877390423857, 0.0 ], [ -117.162790589259799, 53.99287745072116, 0.0 ], [ -117.162269545418397, 53.993163851725797, 0.0 ], [ -117.162057914335307, 53.993325022360203, 0.0 ], [ -117.161890107272399, 53.99351488292055, 0.0 ], [ -117.161890036326596, 53.993514957044518, 0.0 ], [ -117.161488067594206, 53.993890448126159, 0.0 ], [ -117.161351512386503, 53.994112204957567, 0.0 ], [ -117.161197739551397, 53.994533793868371, 0.0 ], [ -117.161180922554394, 53.994736178455447, 0.0 ], [ -117.161114481667298, 53.994944221311172, 0.0 ], [ -117.161653517005007, 53.995536785374838, 0.0 ], [ -117.161845892584196, 53.995719189010011, 0.0 ], [ -117.162352745525993, 53.996081455246348, 0.0 ], [ -117.162813340613894, 53.996458514520853, 0.0 ], [ -117.163286348071793, 53.996793879571989, 0.0 ], [ -117.163878970608494, 53.997034119186168, 0.0 ], [ -117.164518759799407, 53.997303266594862, 0.0 ], [ -117.164819256577701, 53.997475979690201, 0.0 ], [ -117.165346935601505, 53.997829638295229, 0.0 ], [ -117.165896718507199, 53.998112859290778, 0.0 ], [ -117.166168029151294, 53.998297094268587, 0.0 ], [ -117.167029790801493, 53.998739659215971, 0.0 ], [ -117.167330004435897, 53.99887376576639, 0.0 ], [ -117.168027607405904, 53.999114732040432, 0.0 ], [ -117.168546253285498, 53.99926856843949, 0.0 ], [ -117.168734550128093, 53.999324408212289, 0.0 ], [ -117.170068980985107, 53.999628692211282, 0.0 ], [ -117.170412681723107, 53.999688889423709, 0.0 ], [ -117.171196382069994, 53.999774347541901, 0.0 ], [ -117.171939686840204, 53.999887243323073, 0.0 ], [ -117.172194306245203, 53.999898571464698, 0.0 ], [ -117.172326263039196, 53.999904447200777, 0.0 ], [ -117.172654642889, 53.999869376072887, 0.0 ], [ -117.172684275557799, 53.999866213225488, 0.0 ], [ -117.173073651025803, 53.999798360101408, 0.0 ], [ -117.174115736347403, 53.999528010862527, 0.0 ], [ -117.174766549286602, 53.999310134560957, 0.0 ], [ -117.174901421166496, 53.999269661465917, 0.0 ], [ -117.175474808909698, 53.999097578343218, 0.0 ], [ -117.176380550920499, 53.998675907456729, 0.0 ], [ -117.176696325362997, 53.998505607478897, 0.0 ], [ -117.1779044776425, 53.997947640371819, 0.0 ], [ -117.178142220655602, 53.997783258469497, 0.0 ], [ -117.178142313351501, 53.997783192035662, 0.0 ], [ -117.178405547113002, 53.997648585498979, 0.0 ], [ -117.178554242443298, 53.997433848158231, 0.0 ], [ -117.178554335231595, 53.997433783521103, 0.0 ], [ -117.178867807572701, 53.997215523638673, 0.0 ], [ -117.178839204213901, 53.997200711094052, 0.0 ], [ -117.178839290666701, 53.997200642074787, 0.0 ], [ -117.179153702915002, 53.996935691558427, 0.0 ], [ -117.179217809960207, 53.996856191582928, 0.0 ], [ -117.179576028160298, 53.996288690878742, 0.0 ], [ -117.179697350986004, 53.996133916465908, 0.0 ], [ -117.179758983123193, 53.995947253706952, 0.0 ], [ -117.180009744628705, 53.995646170177267, 0.0 ], [ -117.180009838794902, 53.995646102815861, 0.0 ], [ -117.180184472421899, 53.995524624988633, 0.0 ], [ -117.180184574587699, 53.995524564676728, 0.0 ], [ -117.180386775990002, 53.995414560273623, 0.0 ], [ -117.180386802263996, 53.995414537312961, 0.0 ], [ -117.180607481014306, 53.99510471976054, 0.0 ], [ -117.180607579987793, 53.995104656808152, 0.0 ], [ -117.181019686297205, 53.99487787088524, 0.0 ], [ -117.181019782172797, 53.994877807089409, 0.0 ], [ -117.181337201893697, 53.994606307068459, 0.0 ], [ -117.181337296149394, 53.994606241503043, 0.0 ], [ -117.181534692682106, 53.994493692616793, 0.0 ], [ -117.181534793130595, 53.994493628737487, 0.0 ], [ -117.182052103300606, 53.994324651307032, 0.0 ], [ -117.182271081769002, 53.994226401041672, 0.0 ], [ -117.182465482462305, 53.994111284282077, 0.0 ], [ -117.182465581383696, 53.994111220429708, 0.0 ], [ -117.182560074242502, 53.994095139391469, 0.0 ], [ -117.182702067610293, 53.993940662546287, 0.0 ], [ -117.182702141616303, 53.993940589253477, 0.0 ], [ -117.182920579319003, 53.993738827473202, 0.0 ], [ -117.182920667282801, 53.993738758423412, 0.0 ], [ -117.1837280145363, 53.993192544107089, 0.0 ], [ -117.183728116597294, 53.993192481995287, 0.0 ], [ -117.184283990668206, 53.992878230658043, 0.0 ], [ -117.184284092539301, 53.99287816495179, 0.0 ], [ -117.184616563812199, 53.992738026995191, 0.0 ], [ -117.184891597545402, 53.992556895059273, 0.0 ], [ -117.184891694887597, 53.992556830334173, 0.0 ], [ -117.185672255634103, 53.992042705489737, 0.0 ], [ -117.185672352973796, 53.992042640764041, 0.0 ], [ -117.186169791302305, 53.991715001650093, 0.0 ], [ -117.186169890353597, 53.99171494049024, 0.0 ], [ -117.187235712984204, 53.991067690519728, 0.0 ], [ -117.187235808841606, 53.991067626719037, 0.0 ], [ -117.187528230716794, 53.990921441044328, 0.0 ], [ -117.188159913891894, 53.99072746901625, 0.0 ], [ -117.188462876606593, 53.990596276432377, 0.0 ], [ -117.189157871098899, 53.99038418030532, 0.0 ], [ -117.189460206924295, 53.990247865750632, 0.0 ], [ -117.1897985559105, 53.990192398983048, 0.0 ], [ -117.190109569476405, 53.990055714135828, 0.0 ], [ -117.190366782948303, 53.989908481435997, 0.0 ], [ -117.190366880322898, 53.989908417605093, 0.0 ], [ -117.190705829697393, 53.989785985658187, 0.0 ], [ -117.191119591227405, 53.98970417111412, 0.0 ], [ -117.191543023761298, 53.989665702140023, 0.0 ], [ -117.192403488897796, 53.98962936115236, 0.0 ], [ -117.192833116589, 53.989642099011668, 0.0 ], [ -117.194086648654107, 53.989748745197069, 0.0 ], [ -117.196099549058403, 53.990029206841797, 0.0 ], [ -117.196963834471902, 53.990167719761217, 0.0 ], [ -117.1969755898524, 53.990170344955871, 0.0 ], [ -117.197435822872706, 53.990273048572092, 0.0 ], [ -117.197691229566004, 53.990330034727712, 0.0 ], [ -117.198437599962304, 53.990540439268067, 0.0 ], [ -117.199325318079005, 53.990732581283218, 0.0 ], [ -117.199659687378798, 53.990846559750047, 0.0 ], [ -117.201147919630998, 53.99112176453886, 0.0 ], [ -117.202596119227906, 53.991456968867993, 0.0 ], [ -117.203358415533003, 53.991569728077103, 0.0 ], [ -117.203665088122094, 53.991658537614043, 0.0 ], [ -117.203945399174998, 53.991817393525359, 0.0 ], [ -117.204172961465105, 53.992042255458287, 0.0 ], [ -117.204307541057702, 53.992175256552542, 0.0 ], [ -117.204544542576897, 53.992340162487643, 0.0 ], [ -117.205424603455, 53.992813301462938, 0.0 ], [ -117.205738894822503, 53.99295599488574, 0.0 ], [ -117.206104448881305, 53.993079596237813, 0.0 ], [ -117.206433212435002, 53.993245147323201, 0.0 ], [ -117.207329312004305, 53.993838889602799, 0.0 ], [ -117.207545602193505, 53.994022229399967, 0.0 ], [ -117.207829694213302, 53.994170697636498, 0.0 ], [ -117.208486688264799, 53.994419450635093, 0.0 ], [ -117.208870515701093, 53.994483479657717, 0.0 ], [ -117.209260869615207, 53.994583391471743, 0.0 ], [ -117.209673225631803, 53.99465094045506, 0.0 ], [ -117.210319532219202, 53.994756812841132, 0.0 ], [ -117.210708990781598, 53.994769243243461, 0.0 ], [ -117.212057844812605, 53.995047230736382, 0.0 ], [ -117.212704967323702, 53.995203523113503, 0.0 ], [ -117.213070865107198, 53.995332253263363, 0.0 ], [ -117.214111314830006, 53.995565206083363, 0.0 ], [ -117.214493281137294, 53.995670426960558, 0.0 ], [ -117.215103122275806, 53.995932994728378, 0.0 ], [ -117.2153885101188, 53.996029946652293, 0.0 ], [ -117.215711272495895, 53.996167291391259, 0.0 ], [ -117.216261582735697, 53.996528910403541, 0.0 ], [ -117.216504881113195, 53.996724532329537, 0.0 ], [ -117.216791656349699, 53.996916664304443, 0.0 ], [ -117.216989017935205, 53.997074650148392, 0.0 ], [ -117.217167825327394, 53.997287069171691, 0.0 ], [ -117.217377110132702, 53.997715029906978, 0.0 ], [ -117.217497607911199, 53.998119097112713, 0.0 ], [ -117.217523522828799, 53.998548333751053, 0.0 ], [ -117.217401008738506, 53.998761926424287, 0.0 ], [ -117.217400915817294, 53.99876198749697, 0.0 ], [ -117.217119421559005, 53.99894540842547, 0.0 ], [ -117.217119317914197, 53.998945468796421, 0.0 ], [ -117.216869547620405, 53.999076819865458, 0.0 ], [ -117.216579416915593, 53.999190999767983, 0.0 ], [ -117.216317172052399, 53.999268752241711, 0.0 ], [ -117.215626747349404, 53.999473488632873, 0.0 ], [ -117.214172525633899, 53.999769046849103, 0.0 ], [ -117.213448447173604, 53.999858854609784, 0.0 ], [ -117.212725521338101, 53.999977722004388, 0.0 ], [ -117.212603611519995, 53.999997776195229, 0.0 ], [ -117.212481637196205, 54.000017825153613, 0.0 ], [ -117.212438271267004, 54.000024954291447, 0.0 ], [ -117.212114341137493, 54.000059897870457, 0.0 ], [ -117.211992448854303, 54.000093560204419, 0.0 ], [ -117.211841261196895, 54.000135319026967, 0.0 ], [ -117.211303938021999, 54.000382595082378, 0.0 ], [ -117.211034368123904, 54.000608736157673, 0.0 ], [ -117.211034280097707, 54.000608803430687, 0.0 ], [ -117.210605004095797, 54.000907063673687, 0.0 ], [ -117.210503563464101, 54.001044853575422, 0.0 ], [ -117.210090148653293, 54.001745094750447, 0.0 ], [ -117.209997401106307, 54.001870377889531, 0.0 ], [ -117.209672802890907, 54.002203676348927, 0.0 ], [ -117.209672722818098, 54.002203749770111, 0.0 ], [ -117.209235883369303, 54.002547321348537, 0.0 ], [ -117.209235797147002, 54.00254739398315, 0.0 ], [ -117.208596237651804, 54.003119693394311, 0.0 ], [ -117.207997515915906, 54.003892342217178, 0.0 ], [ -117.207997431071107, 54.00389241212747, 0.0 ], [ -117.207374144739703, 54.004487706094572, 0.0 ], [ -117.2073740598927, 54.004487776004417, 0.0 ], [ -117.206941570618596, 54.00480117624943, 0.0 ], [ -117.206603008193895, 54.005182560029823, 0.0 ], [ -117.206602934258598, 54.005182634235467, 0.0 ], [ -117.206476936662995, 54.005295825233517, 0.0 ], [ -117.206476854910903, 54.005295895985228, 0.0 ], [ -117.206074292940301, 54.005627272816113, 0.0 ], [ -117.206074201797705, 54.005627339243127, 0.0 ], [ -117.205759163250093, 54.005836208404553, 0.0 ], [ -117.205759070581195, 54.005836274859362, 0.0 ], [ -117.205486299144795, 54.006052720580101, 0.0 ], [ -117.2054862033295, 54.006052785293747, 0.0 ], [ -117.204991261264894, 54.006335095146163, 0.0 ], [ -117.204991162302605, 54.006335158118439, 0.0 ], [ -117.204754954839899, 54.006498777452549, 0.0 ], [ -117.2047548558768, 54.006498840424612, 0.0 ], [ -117.204357997148506, 54.006724923284629, 0.0 ], [ -117.204357899709606, 54.006724986228413, 0.0 ], [ -117.204254169268907, 54.006770091528168, 0.0 ], [ -117.203596955490795, 54.007055906354019, 0.0 ], [ -117.203390347968494, 54.007122634771797, 0.0 ], [ -117.203154799726505, 54.007174601720102, 0.0 ], [ -117.202600650226302, 54.007231513033481, 0.0 ], [ -117.202316785901999, 54.007212273426639, 0.0 ], [ -117.201847680862102, 54.007107851082957, 0.0 ], [ -117.2016236816457, 54.007042557653143, 0.0 ], [ -117.201271241451494, 54.006868156144137, 0.0 ], [ -117.201025204006598, 54.006770355230351, 0.0 ], [ -117.200891481906197, 54.006725409492923, 0.0 ], [ -117.200522796477898, 54.006557136604123, 0.0 ], [ -117.200304156792896, 54.006499192859707, 0.0 ], [ -117.199819155166097, 54.006401549830493, 0.0 ], [ -117.199310834005601, 54.006330521814363, 0.0 ], [ -117.197436095521198, 54.006098621263753, 0.0 ], [ -117.196975674329593, 54.006034597469167, 0.0 ], [ -117.196936453900094, 54.006029353646937, 0.0 ], [ -117.196683860990106, 54.006014088782649, 0.0 ], [ -117.196363286324598, 54.006017966799163, 0.0 ], [ -117.195758779991706, 54.006050071602729, 0.0 ], [ -117.195323734895894, 54.006161651606753, 0.0 ], [ -117.194998127284705, 54.006337745366359, 0.0 ], [ -117.194793533745496, 54.006409305617083, 0.0 ], [ -117.194456868710304, 54.006499398528042, 0.0 ], [ -117.194123422551996, 54.006585233518827, 0.0 ], [ -117.193597803408593, 54.006770617116622, 0.0 ], [ -117.192731949533297, 54.007074810330387, 0.0 ], [ -117.192561023559904, 54.007164288902302, 0.0 ], [ -117.192560988227996, 54.007164313829549, 0.0 ], [ -117.192179816510105, 54.00750670135033, 0.0 ], [ -117.191920151914701, 54.008079808264164, 0.0 ], [ -117.191938588775201, 54.008210822543226, 0.0 ], [ -117.192017286830506, 54.008397628843653, 0.0 ], [ -117.192136925482501, 54.008519261218851, 0.0 ], [ -117.192458055172295, 54.008716728226851, 0.0 ], [ -117.192986378633293, 54.008996441825261, 0.0 ], [ -117.193581423821897, 54.00921921929065, 0.0 ], [ -117.193951825393498, 54.009382619246267, 0.0 ], [ -117.194387566876202, 54.009502056102967, 0.0 ], [ -117.194629930290404, 54.009540701736, 0.0 ], [ -117.1949131100735, 54.009568058207122, 0.0 ], [ -117.195483015398096, 54.009594110307567, 0.0 ], [ -117.196249995701805, 54.009696604906907, 0.0 ], [ -117.196527172683005, 54.009711068937072, 0.0 ], [ -117.196765075496899, 54.009752451216059, 0.0 ], [ -117.196975901757398, 54.009853705250613, 0.0 ], [ -117.197086408784699, 54.009928317858098, 0.0 ], [ -117.197204243544206, 54.010051046739697, 0.0 ], [ -117.197281907642207, 54.010543245341502, 0.0 ], [ -117.197436398850101, 54.010647069304113, 0.0 ], [ -117.197927449113195, 54.01074076240279, 0.0 ], [ -117.198451813156893, 54.010799745004057, 0.0 ], [ -117.198740979114902, 54.0108151457164, 0.0 ], [ -117.200249732703597, 54.010824983074933, 0.0 ], [ -117.201124822765394, 54.010850014066918, 0.0 ], [ -117.201398670667501, 54.010870996074793, 0.0 ], [ -117.201904109280804, 54.010938823664063, 0.0 ], [ -117.202522677142198, 54.01093889301324, 0.0 ], [ -117.203390634379801, 54.010888983461513, 0.0 ], [ -117.204217540035899, 54.010820131058381, 0.0 ], [ -117.204980411690897, 54.010701853806097, 0.0 ], [ -117.2055515415868, 54.010653356588513, 0.0 ], [ -117.207933184522503, 54.010522421969718, 0.0 ], [ -117.209671709371307, 54.010454388268798, 0.0 ], [ -117.210649484939594, 54.010421365946243, 0.0 ], [ -117.211506099913393, 54.010359660966827, 0.0 ], [ -117.212713701522105, 54.010305000954091, 0.0 ], [ -117.213263288944006, 54.010243251848969, 0.0 ], [ -117.2143268449462, 54.010078056178862, 0.0 ], [ -117.215129835586396, 54.009979191430148, 0.0 ], [ -117.215889514405802, 54.0099364961522, 0.0 ], [ -117.216666211703995, 54.009944220293661, 0.0 ], [ -117.217211185026002, 54.009989376492001, 0.0 ], [ -117.217443585345293, 54.010030790750307, 0.0 ], [ -117.218290892752606, 54.010243188587239, 0.0 ], [ -117.218576723958407, 54.010305698931859, 0.0 ], [ -117.219355422316994, 54.010402489827207, 0.0 ], [ -117.220224185001598, 54.01045392889251, 0.0 ], [ -117.220542345604997, 54.010459741549553, 0.0 ], [ -117.221756806162801, 54.010390453352599, 0.0 ], [ -117.222217264492699, 54.010351191510679, 0.0 ], [ -117.222551544871394, 54.010317434713173, 0.0 ], [ -117.223318177264105, 54.010205460654397, 0.0 ], [ -117.224263514826603, 54.010013029520287, 0.0 ], [ -117.224453449429106, 54.009942681279213, 0.0 ], [ -117.224794707205106, 54.009771702346328, 0.0 ], [ -117.22517221455, 54.00961539062277, 0.0 ], [ -117.225321711800902, 54.009517539108579, 0.0 ], [ -117.225321806067498, 54.009517474407609, 0.0 ], [ -117.225756043016403, 54.009206152381907, 0.0 ], [ -117.225756132465605, 54.009206083273043, 0.0 ], [ -117.225895784280397, 54.009089462970287, 0.0 ], [ -117.226010347972405, 54.008960669458688, 0.0 ], [ -117.226274193752204, 54.008544506729443, 0.0 ], [ -117.226600007183194, 54.007626676877663, 0.0 ], [ -117.226861344842604, 54.007218100266968, 0.0 ], [ -117.227272619472302, 54.006765680842413, 0.0 ], [ -117.227272696423796, 54.006765606567832, 0.0 ], [ -117.227573338762497, 54.00649438299687, 0.0 ], [ -117.227573418859507, 54.006494310462479, 0.0 ], [ -117.227821209510793, 54.006274650563029, 0.0 ], [ -117.228256256745397, 54.005778106613427, 0.0 ], [ -117.228441405244197, 54.00552050819784, 0.0 ], [ -117.228664192551705, 54.005291609649298, 0.0 ], [ -117.229052116003601, 54.00473248670712, 0.0 ], [ -117.229275284679304, 54.004282272274523, 0.0 ], [ -117.229392659943201, 54.003974780271413, 0.0 ], [ -117.229561027926295, 54.003684461345607, 0.0 ], [ -117.229696686219597, 54.003375663809479, 0.0 ], [ -117.230184222941205, 54.002526540857772, 0.0 ], [ -117.230408554530996, 54.002083320100589, 0.0 ], [ -117.230581746860807, 54.001619694718038, 0.0 ], [ -117.230839967592303, 54.001202506339958, 0.0 ], [ -117.231383092971001, 54.000578305888979, 0.0 ], [ -117.231383177817605, 54.000578236861053, 0.0 ], [ -117.231901014215893, 54.000121758811552, 0.0 ], [ -117.231901105256995, 54.000121691466887, 0.0 ], [ -117.232001403647601, 54.000059034971827, 0.0 ], [ -117.232001500836503, 54.000058968412283, 0.0 ], [ -117.232108086949395, 54.000014056350118, 0.0 ], [ -117.232147475127306, 53.999997126177448, 0.0 ], [ -117.232269231399798, 53.9999447956924, 0.0 ], [ -117.232482695947994, 53.999853043615417, 0.0 ], [ -117.232913811348695, 53.99965506170139, 0.0 ], [ -117.233560038213696, 53.999363465139297, 0.0 ], [ -117.233867748861002, 53.999263975885107, 0.0 ], [ -117.234266898482701, 53.999134936681948, 0.0 ], [ -117.234454304649304, 53.999100874063423, 0.0 ], [ -117.234651400693593, 53.999065044448173, 0.0 ], [ -117.235842506412496, 53.998970372646987, 0.0 ], [ -117.236187294460606, 53.998965647576071, 0.0 ], [ -117.236935637762897, 53.999060480511083, 0.0 ], [ -117.237862052802299, 53.99926256438772, 0.0 ], [ -117.238688710927207, 53.999442851233447, 0.0 ], [ -117.239008590274693, 53.999531305697772, 0.0 ], [ -117.239813991516797, 53.999807010477177, 0.0 ], [ -117.239985603608204, 53.999865753894937, 0.0 ], [ -117.240192416693901, 53.99990423910802, 0.0 ], [ -117.240569059209605, 53.999974305741297, 0.0 ], [ -117.240691201587694, 53.999997032019422, 0.0 ], [ -117.240813413445196, 54.000019770369022, 0.0 ], [ -117.241022517234597, 54.000058669218369, 0.0 ], [ -117.241144767141705, 54.000086738852517, 0.0 ], [ -117.241620623250896, 54.000196032663503, 0.0 ], [ -117.241858268181602, 54.000231395492428, 0.0 ], [ -117.242143027697693, 54.000252143544287, 0.0 ], [ -117.242751630337196, 54.000234315400292, 0.0 ], [ -117.243005140312604, 54.000200935506008, 0.0 ], [ -117.243531656777193, 54.000076416205843, 0.0 ], [ -117.243605876310397, 54.000058582693747, 0.0 ], [ -117.243726980080595, 54.000015237301866, 0.0 ], [ -117.243778025854198, 53.99999696406141, 0.0 ], [ -117.243879087401794, 53.999960796496197, 0.0 ], [ -117.244160454837797, 53.999777307966852, 0.0 ], [ -117.244334256840403, 53.999547162601381, 0.0 ], [ -117.244403529470105, 53.999260010030049, 0.0 ], [ -117.244435339364003, 53.99912809597042, 0.0 ], [ -117.244393558105997, 53.9986580410866, 0.0 ], [ -117.244310888275905, 53.998448756313692, 0.0 ], [ -117.244141758196804, 53.99825419021974, 0.0 ], [ -117.243939150308094, 53.998083494145099, 0.0 ], [ -117.243755692591705, 53.997868631149252, 0.0 ], [ -117.243442193450605, 53.997383744478697, 0.0 ], [ -117.243249219311593, 53.997156218208239, 0.0 ], [ -117.242805238369996, 53.996823362865598, 0.0 ], [ -117.242614935906403, 53.996639533529581, 0.0 ], [ -117.242219108480001, 53.996308213607811, 0.0 ], [ -117.2420325645068, 53.996114020905623, 0.0 ], [ -117.241889009763298, 53.995908608396668, 0.0 ], [ -117.241800129342295, 53.995238803098601, 0.0 ], [ -117.241804884748404, 53.99503025332946, 0.0 ], [ -117.241850008880604, 53.994838855720467, 0.0 ], [ -117.241878744644794, 53.994593762446982, 0.0 ], [ -117.241879685091504, 53.99417940215654, 0.0 ], [ -117.241996353848506, 53.993729129943723, 0.0 ], [ -117.242013103137396, 53.993502314124562, 0.0 ], [ -117.241983294656904, 53.993299641815923, 0.0 ], [ -117.241879780009, 53.993106241366213, 0.0 ], [ -117.241036260219502, 53.992308321187018, 0.0 ], [ -117.240852854923702, 53.992093465548308, 0.0 ], [ -117.240815119150099, 53.992033241938728, 0.0 ], [ -117.240731897885297, 53.991900438058543, 0.0 ], [ -117.240489780581996, 53.991295642991737, 0.0 ], [ -117.240651099427396, 53.990574218901187, 0.0 ], [ -117.240861220312297, 53.990080792383559, 0.0 ], [ -117.240861306598504, 53.990080722422313, 0.0 ], [ -117.241081703929396, 53.989881335574857, 0.0 ], [ -117.241219891027598, 53.98968575204902, 0.0 ], [ -117.2417618474568, 53.989100381641293, 0.0 ], [ -117.241932641080297, 53.988887679102177, 0.0 ], [ -117.242072845268794, 53.988645504800488, 0.0 ], [ -117.242217636003801, 53.988465104869583, 0.0 ], [ -117.242217722332796, 53.988465035805852, 0.0 ], [ -117.243338217736294, 53.98751726548884, 0.0 ], [ -117.243338296197194, 53.987517192074371, 0.0 ], [ -117.243692326142295, 53.987148039580092, 0.0 ], [ -117.243692403173895, 53.987147967990808, 0.0 ], [ -117.244678018159107, 53.986328410666353, 0.0 ], [ -117.244678109053098, 53.986328341515453, 0.0 ], [ -117.244944247660996, 53.986139294927902, 0.0 ], [ -117.244944341748194, 53.986139228415233, 0.0 ], [ -117.245585127627606, 53.985812360142553, 0.0 ], [ -117.245932800912797, 53.985670793587794, 0.0 ], [ -117.246537974111604, 53.985511782679957, 0.0 ], [ -117.246998157506894, 53.985390857424413, 0.0 ], [ -117.247381125324196, 53.98529023650881, 0.0 ], [ -117.247755501310806, 53.985211905845567, 0.0 ], [ -117.248174011924505, 53.985195935764303, 0.0 ], [ -117.248585797397993, 53.985224229249511, 0.0 ], [ -117.249498051466901, 53.98513681476642, 0.0 ], [ -117.249905356087694, 53.985134327641667, 0.0 ], [ -117.250016993809496, 53.985142743984511, 0.0 ], [ -117.250139054255698, 53.985151955195683, 0.0 ], [ -117.251075305317997, 53.985222559462123, 0.0 ], [ -117.251197273958098, 53.985231756931888, 0.0 ], [ -117.251319436685407, 53.985243051563828, 0.0 ], [ -117.252101592372696, 53.98531530446364, 0.0 ], [ -117.252521707028805, 53.985340585427153, 0.0 ], [ -117.2528483396421, 53.985386081244137, 0.0 ], [ -117.253183793624302, 53.985462131332639, 0.0 ], [ -117.253479456523095, 53.98556603929859, 0.0 ], [ -117.253836046076501, 53.985666850023073, 0.0 ], [ -117.254191756316004, 53.985731551279997, 0.0 ], [ -117.2544967507568, 53.98580913703362, 0.0 ], [ -117.254789574296097, 53.985923508892121, 0.0 ], [ -117.254836331686704, 53.985955842219902, 0.0 ], [ -117.255008904699295, 53.986075185837059, 0.0 ], [ -117.255547913815803, 53.986345034443318, 0.0 ], [ -117.255813003386805, 53.986509897098131, 0.0 ], [ -117.256405870824807, 53.987089648526307, 0.0 ], [ -117.257029980983603, 53.987672966113507, 0.0 ], [ -117.257388356014104, 53.988026874611549, 0.0 ], [ -117.257827066297807, 53.988420638675763, 0.0 ], [ -117.258167073456704, 53.988798727910101, 0.0 ], [ -117.258409416792205, 53.988987984345272, 0.0 ], [ -117.258905339260394, 53.989262596307483, 0.0 ], [ -117.259176010722499, 53.989370819670206, 0.0 ], [ -117.259235637671097, 53.989386605554301, 0.0 ], [ -117.259608548509505, 53.98948537025678, 0.0 ], [ -117.260009553104993, 53.989529676445677, 0.0 ], [ -117.260368684550798, 53.989527011795033, 0.0 ], [ -117.260723562529705, 53.989555551475647, 0.0 ], [ -117.261443801928493, 53.989684457228996, 0.0 ], [ -117.262292608786694, 53.989762928396118, 0.0 ], [ -117.262729074415304, 53.989779590163771, 0.0 ], [ -117.263081585452497, 53.989761751035132, 0.0 ], [ -117.263283404863898, 53.989687128989132, 0.0 ], [ -117.263381081384395, 53.98965101825312, 0.0 ], [ -117.263547363394096, 53.989438544408777, 0.0 ], [ -117.263684202631097, 53.989204268589731, 0.0 ], [ -117.263904126640895, 53.988456814126017, 0.0 ], [ -117.264249633440599, 53.987819263173833, 0.0 ], [ -117.264421550265894, 53.987554793503392, 0.0 ], [ -117.264587258673302, 53.987368126375557, 0.0 ], [ -117.264587332522595, 53.987368053033833, 0.0 ], [ -117.264776949045, 53.987195762836663, 0.0 ], [ -117.264777035333594, 53.987195693757108, 0.0 ], [ -117.265524826471705, 53.986672181066993, 0.0 ], [ -117.265524926819893, 53.986672118017317, 0.0 ], [ -117.266302899103195, 53.986234846404102, 0.0 ], [ -117.266956076312397, 53.985964064338347, 0.0 ], [ -117.267291986731905, 53.985802376475412, 0.0 ], [ -117.267950632185503, 53.98553905835832, 0.0 ], [ -117.268626188535606, 53.985331738486849, 0.0 ], [ -117.268991556144599, 53.985191798335102, 0.0 ], [ -117.269357807022601, 53.985087979793043, 0.0 ], [ -117.2704867893423, 53.98489383109824, 0.0 ], [ -117.270829453842296, 53.984868709024887, 0.0 ], [ -117.271208177309305, 53.984880513227253, 0.0 ], [ -117.271319383392907, 53.984904304404267, 0.0 ], [ -117.271579222923506, 53.984959883720222, 0.0 ], [ -117.271779552133097, 53.985028015356697, 0.0 ], [ -117.271975905800801, 53.985094783759841, 0.0 ], [ -117.273243709220694, 53.985611819350822, 0.0 ], [ -117.274533783097098, 53.986311141038527, 0.0 ], [ -117.274903765048904, 53.986473226907727, 0.0 ], [ -117.275254931114304, 53.986566508122522, 0.0 ], [ -117.275549113963905, 53.986623772255449, 0.0 ], [ -117.276332643440597, 53.986965110331568, 0.0 ], [ -117.2767735680154, 53.98715903394524, 0.0 ], [ -117.277050916217803, 53.987327070833182, 0.0 ], [ -117.277298085511305, 53.987498887270171, 0.0 ], [ -117.277498368301707, 53.987669570347023, 0.0 ], [ -117.277621917452294, 53.987820603310162, 0.0 ], [ -117.278089446638205, 53.988264811393613, 0.0 ], [ -117.278265637078604, 53.988480649820893, 0.0 ], [ -117.278472454434393, 53.98896620900728, 0.0 ], [ -117.2786055537279, 53.989907641481111, 0.0 ], [ -117.278727464321904, 53.990382009901751, 0.0 ], [ -117.278944343727304, 53.990846383368243, 0.0 ], [ -117.278793646318405, 53.99104521525198, 0.0 ], [ -117.278793558079101, 53.991045276284353, 0.0 ], [ -117.278566842362395, 53.991195625673377, 0.0 ], [ -117.278518176381496, 53.991397414489477, 0.0 ], [ -117.278518709971905, 53.991829761327139, 0.0 ], [ -117.278507020970693, 53.992020312641657, 0.0 ], [ -117.278492583565907, 53.992254966418599, 0.0 ], [ -117.278426951515101, 53.992464828619667, 0.0 ], [ -117.278290891885803, 53.992665918367578, 0.0 ], [ -117.278290802314103, 53.992665983022299, 0.0 ], [ -117.278048079720094, 53.99283584994145, 0.0 ], [ -117.278047988770098, 53.992835917320228, 0.0 ], [ -117.277632413247005, 53.993176771288411, 0.0 ], [ -117.277508323330494, 53.99335958545106, 0.0 ], [ -117.277562594381493, 53.993813950738648, 0.0 ], [ -117.277479349691404, 53.994021612681422, 0.0 ], [ -117.277172955498699, 53.994434823416043, 0.0 ], [ -117.277116667759202, 53.994654789242489, 0.0 ], [ -117.277160636560794, 53.995083626053493, 0.0 ], [ -117.277222597939996, 53.995308767618482, 0.0 ], [ -117.277307638742897, 53.996189670991491, 0.0 ], [ -117.2772815730508, 53.996403829610983, 0.0 ], [ -117.277281488338403, 53.996403899568961, 0.0 ], [ -117.277087965027704, 53.99659329323233, 0.0 ], [ -117.276934462260499, 53.996794753125577, 0.0 ], [ -117.276425268263793, 53.997672978922893, 0.0 ], [ -117.276111836672797, 53.998114648128293, 0.0 ], [ -117.275986076414597, 53.998341246432602, 0.0 ], [ -117.275726046787895, 53.999010807074413, 0.0 ], [ -117.275678943337894, 53.99923830020591, 0.0 ], [ -117.275679399625702, 53.999247165653017, 0.0 ], [ -117.275697394832804, 53.999597642285067, 0.0 ], [ -117.275700458561005, 53.999657311453007, 0.0 ], [ -117.275750136734501, 53.999895595845871, 0.0 ], [ -117.2757724780069, 53.999924498438467, 0.0 ], [ -117.275816485687201, 53.999981432313888, 0.0 ], [ -117.275821085496801, 53.999996263941853, 0.0 ], [ -117.275830447190401, 54.00000397319053, 0.0 ], [ -117.275875233298606, 54.000057405440437, 0.0 ], [ -117.276030607848895, 54.000229579474663, 0.0 ], [ -117.276154873111807, 54.000345689531819, 0.0 ], [ -117.276718002127097, 54.000762788333098, 0.0 ], [ -117.276867182910493, 54.000858566533743, 0.0 ], [ -117.2775442229795, 54.001208371285259, 0.0 ], [ -117.277894221986401, 54.001383664403093, 0.0 ], [ -117.278469268446997, 54.001625177137512, 0.0 ], [ -117.278999080309603, 54.001881268701489, 0.0 ], [ -117.279574383784507, 54.002104420604539, 0.0 ], [ -117.2799330444264, 54.002265557444773, 0.0 ], [ -117.281337606272203, 54.002715078303822, 0.0 ], [ -117.282122360977993, 54.003001943920388, 0.0 ], [ -117.282296555494895, 54.003079619929579, 0.0 ], [ -117.282754454373503, 54.003372788775991, 0.0 ], [ -117.283248168850704, 54.00364338730845, 0.0 ], [ -117.283661700248302, 54.003975449214721, 0.0 ], [ -117.283821725246895, 54.004066789416179, 0.0 ], [ -117.2840199112607, 54.004153231804338, 0.0 ], [ -117.284357705934696, 54.004314717270361, 0.0 ], [ -117.284731520755201, 54.004463762982411, 0.0 ], [ -117.285771830007803, 54.004771630254233, 0.0 ], [ -117.286142326899494, 54.004929354347752, 0.0 ], [ -117.286763114477495, 54.005141097833359, 0.0 ], [ -117.287408025792999, 54.005336326012191, 0.0 ], [ -117.287789104516804, 54.005482571829027, 0.0 ], [ -117.288307775198206, 54.005732319319129, 0.0 ], [ -117.289145557329306, 54.006186863882697, 0.0 ], [ -117.289294866295805, 54.006284783951642, 0.0 ], [ -117.289487649450095, 54.006481847893653, 0.0 ], [ -117.289648441519006, 54.006753132991058, 0.0 ], [ -117.289719511634004, 54.007053780700971, 0.0 ], [ -117.289783130623704, 54.007348899818837, 0.0 ], [ -117.289776705620795, 54.007522811564947, 0.0 ], [ -117.289743253626, 54.007684093124908, 0.0 ], [ -117.2896781312581, 54.007831188006833, 0.0 ], [ -117.289431548890903, 54.008251056586793, 0.0 ], [ -117.289153910881197, 54.008648644318953, 0.0 ], [ -117.289153821490302, 54.008648712575493, 0.0 ], [ -117.288757289854999, 54.008976505767578, 0.0 ], [ -117.288757209910401, 54.008976579240091, 0.0 ], [ -117.288383855110894, 54.009336475220763, 0.0 ], [ -117.288383771966394, 54.00933654605587, 0.0 ], [ -117.288120292836396, 54.00954496379503, 0.0 ], [ -117.288120214365605, 54.009545036339681, 0.0 ], [ -117.288002799227101, 54.009664142823262, 0.0 ], [ -117.288002705256204, 54.009664211166132, 0.0 ], [ -117.287867266291201, 54.009765742528963, 0.0 ], [ -117.287867167448098, 54.009765805568257, 0.0 ], [ -117.287707414905498, 54.009854149919327, 0.0 ], [ -117.287707309664796, 54.009854207684072, 0.0 ], [ -117.287535297533296, 54.00993630343897, 0.0 ], [ -117.287322065937204, 54.009993554205913, 0.0 ], [ -117.287072561861194, 54.010036694939593, 0.0 ], [ -117.286873601051994, 54.010108332125853, 0.0 ], [ -117.2865384511082, 54.010289137034817, 0.0 ], [ -117.285166800804603, 54.010967365497883, 0.0 ], [ -117.285021359193493, 54.011071723412527, 0.0 ], [ -117.284721779274193, 54.011447458019227, 0.0 ], [ -117.2847216853432, 54.011447527258049, 0.0 ], [ -117.284019228212898, 54.011985275871382, 0.0 ], [ -117.284019129407994, 54.011985339806039, 0.0 ], [ -117.283711686080196, 54.012164786061327, 0.0 ], [ -117.283711588848902, 54.012164850865162, 0.0 ], [ -117.283570729123198, 54.01226967206852, 0.0 ], [ -117.283570652066302, 54.012269742784447, 0.0 ], [ -117.283350959290701, 54.012499182058207, 0.0 ], [ -117.2831619957485, 54.012768244281112, 0.0 ], [ -117.283107155371994, 54.012921706152888, 0.0 ], [ -117.283106330172501, 54.013098753880058, 0.0 ], [ -117.283131246824396, 54.013278182394913, 0.0 ], [ -117.283218614386001, 54.013410930548417, 0.0 ], [ -117.283339052007307, 54.013521123604143, 0.0 ], [ -117.283677374866599, 54.013699783861469, 0.0 ], [ -117.284019911118094, 54.013813352114497, 0.0 ], [ -117.284247124349903, 54.0138886642955, 0.0 ], [ -117.2842887869392, 54.013902482580058, 0.0 ], [ -117.285257951187901, 54.014287898577798, 0.0 ], [ -117.285875610371505, 54.014684284012908, 0.0 ], [ -117.286223682709107, 54.014853640263723, 0.0 ], [ -117.286387721881098, 54.014952470961887, 0.0 ], [ -117.287116287937494, 54.015473740043632, 0.0 ], [ -117.287228785694197, 54.01559158388153, 0.0 ], [ -117.287314836627701, 54.015912186915187, 0.0 ], [ -117.287436953301196, 54.016216137733252, 0.0 ], [ -117.2874386033386, 54.016385604427029, 0.0 ], [ -117.287265319456395, 54.016657173409833, 0.0 ], [ -117.287265233146002, 54.016657242505453, 0.0 ], [ -117.287141868525396, 54.016765093922587, 0.0 ], [ -117.287141777440596, 54.016765159511507, 0.0 ], [ -117.286984873311098, 54.016857245488389, 0.0 ], [ -117.286984776024994, 54.016857309396457, 0.0 ], [ -117.286561613514195, 54.016989031823563, 0.0 ], [ -117.286105322358296, 54.017092578848271, 0.0 ], [ -117.285919247544101, 54.01716674077803, 0.0 ], [ -117.285750574579396, 54.017262766069699, 0.0 ], [ -117.285750475715602, 54.017262829107352, 0.0 ], [ -117.285462329238499, 54.017474796949898, 0.0 ], [ -117.285462238297299, 54.017474865232863, 0.0 ], [ -117.285297727375195, 54.017562250501932, 0.0 ], [ -117.284378192142498, 54.017780206354203, 0.0 ], [ -117.284206221883693, 54.017864441097601, 0.0 ], [ -117.284061562401106, 54.017965542214363, 0.0 ], [ -117.284020153135401, 54.018033357506518, 0.0 ], [ -117.283978552257807, 54.018101552360953, 0.0 ], [ -117.284020377435496, 54.018480461450828, 0.0 ], [ -117.284327100556794, 54.019030365415631, 0.0 ], [ -117.284561378090501, 54.019269190450537, 0.0 ], [ -117.284841611650194, 54.01986043082448, 0.0 ], [ -117.284972706935505, 54.020359120122421, 0.0 ], [ -117.285018952453399, 54.021117338491827, 0.0 ], [ -117.285039357912197, 54.021646707073771, 0.0 ], [ -117.2850856483401, 54.022007770069123, 0.0 ], [ -117.285074642851797, 54.022181715041029, 0.0 ], [ -117.284921300220603, 54.022647867996803, 0.0 ], [ -117.284850790428493, 54.02279936909914, 0.0 ], [ -117.284649180164294, 54.023050243506901, 0.0 ], [ -117.284296961621706, 54.023886897505953, 0.0 ], [ -117.284020366739796, 54.024420409806687, 0.0 ], [ -117.283689534390305, 54.025097448023011, 0.0 ], [ -117.283151720057006, 54.025704006454447, 0.0 ], [ -117.282973635033002, 54.025971847975462, 0.0 ], [ -117.282973543921798, 54.025971913561371, 0.0 ], [ -117.282687700993307, 54.026173588051861, 0.0 ], [ -117.282687606878596, 54.026173654593968, 0.0 ], [ -117.282170866997504, 54.02643124609429, 0.0 ], [ -117.281383420026003, 54.02673223799458, 0.0 ], [ -117.280946384714298, 54.02686411459927, 0.0 ], [ -117.279613718755201, 54.027222238902887, 0.0 ], [ -117.279000045215099, 54.027412501739541, 0.0 ], [ -117.278818718644402, 54.027493068019531, 0.0 ], [ -117.278657566720796, 54.02759546229386, 0.0 ], [ -117.278657474122497, 54.027595528803971, 0.0 ], [ -117.278249822204799, 54.027926675069743, 0.0 ], [ -117.277938148687198, 54.028342425476161, 0.0 ], [ -117.277837883744098, 54.028443610580759, 0.0 ], [ -117.277750187351302, 54.028577512012347, 0.0 ], [ -117.277688110063906, 54.028734832136102, 0.0 ], [ -117.277535405668999, 54.029196128079803, 0.0 ], [ -117.277268114103805, 54.030159235649982, 0.0 ], [ -117.277205318640995, 54.031047942323703, 0.0 ], [ -117.277290810051198, 54.031379365230293, 0.0 ], [ -117.277346481533002, 54.031722487266236, 0.0 ], [ -117.277393433268003, 54.032253565869482, 0.0 ], [ -117.277268446988401, 54.032546083270532, 0.0 ], [ -117.277161299014494, 54.032674294517847, 0.0 ], [ -117.277161226491899, 54.032674337262762, 0.0 ], [ -117.277161200150701, 54.032674358447267, 0.0 ], [ -117.277000626375795, 54.032768646753162, 0.0 ], [ -117.277000529037593, 54.032768710653507, 0.0 ], [ -117.276396084437806, 54.03298797509435, 0.0 ], [ -117.276143502270799, 54.033026278977722, 0.0 ], [ -117.2749090347356, 54.033067336664352, 0.0 ], [ -117.2737735768211, 54.033007796915292, 0.0 ], [ -117.273221711506196, 54.032960286986672, 0.0 ], [ -117.272788482296804, 54.03284757380402, 0.0 ], [ -117.272316450112797, 54.032751539343103, 0.0 ], [ -117.271780948871495, 54.032587247412131, 0.0 ], [ -117.2715254379345, 54.032482510564478, 0.0 ], [ -117.2713202367148, 54.032355616315932, 0.0 ], [ -117.270803371912706, 54.031966461101042, 0.0 ], [ -117.270601127086493, 54.031700223267713, 0.0 ], [ -117.270283172360905, 54.030926443743233, 0.0 ], [ -117.270185689273603, 54.030591406148609, 0.0 ], [ -117.269984991538095, 54.030141085632607, 0.0 ], [ -117.269193965918305, 54.028661879344632, 0.0 ], [ -117.268978547183295, 54.028341098270829, 0.0 ], [ -117.268918650297493, 54.028251899468962, 0.0 ], [ -117.268571212636502, 54.027522757252598, 0.0 ], [ -117.268250301496906, 54.027143577331451, 0.0 ], [ -117.267950057936702, 54.026929846892223, 0.0 ], [ -117.267405299829804, 54.026672790178957, 0.0 ], [ -117.267196314811201, 54.026597698334349, 0.0 ], [ -117.2667082679489, 54.026513185775713, 0.0 ], [ -117.266452430056304, 54.026486192098453, 0.0 ], [ -117.2658273677837, 54.026490310170672, 0.0 ], [ -117.265525448191795, 54.026507073131263, 0.0 ], [ -117.265284148407005, 54.026552221598003, 0.0 ], [ -117.265113854117402, 54.026633713835793, 0.0 ], [ -117.264981108609803, 54.026737344752853, 0.0 ], [ -117.264892608637695, 54.026875028070272, 0.0 ], [ -117.264733233313805, 54.027333130801111, 0.0 ], [ -117.264698872678494, 54.027497657861169, 0.0 ], [ -117.264775242827, 54.027833506665353, 0.0 ], [ -117.264999110651203, 54.028343465551472, 0.0 ], [ -117.265038749542001, 54.028424459986553, 0.0 ], [ -117.265270600223303, 54.028674150037268, 0.0 ], [ -117.265471845860105, 54.02893933072464, 0.0 ], [ -117.265708968993394, 54.029182470330738, 0.0 ], [ -117.265835484722601, 54.029484763076738, 0.0 ], [ -117.266039232874803, 54.029742898612497, 0.0 ], [ -117.266127006334202, 54.029887524473949, 0.0 ], [ -117.266259871179301, 54.030188122288934, 0.0 ], [ -117.266286553026305, 54.030366988498827, 0.0 ], [ -117.266326942148297, 54.030922971499677, 0.0 ], [ -117.266320223389599, 54.031292799161022, 0.0 ], [ -117.266144153709504, 54.032451747729233, 0.0 ], [ -117.266061980013305, 54.032587185446822, 0.0 ], [ -117.2660618872859, 54.03258725015062, 0.0 ], [ -117.265621953928303, 54.032891771034073, 0.0 ], [ -117.265621862823494, 54.032891837505638, 0.0 ], [ -117.265227491580305, 54.033040391853483, 0.0 ], [ -117.264947934357295, 54.033068212744489, 0.0 ], [ -117.264340331203599, 54.033076422552512, 0.0 ], [ -117.264098605876399, 54.033035203135107, 0.0 ], [ -117.263917722862701, 54.03295219856679, 0.0 ], [ -117.263617884899801, 54.032749789740713, 0.0 ], [ -117.263551024037397, 54.032600581745037, 0.0 ], [ -117.263531734324204, 54.032422700965931, 0.0 ], [ -117.263564243286297, 54.032257657994172, 0.0 ], [ -117.2638070710546, 54.031849231368959, 0.0 ], [ -117.263905943257399, 54.031718982109801, 0.0 ], [ -117.263906026487604, 54.031718911291009, 0.0 ], [ -117.264146144370699, 54.031490876363598, 0.0 ], [ -117.264278054056604, 54.03121069013855, 0.0 ], [ -117.264214589093996, 54.031078703387678, 0.0 ], [ -117.264047433856305, 54.030994983572583, 0.0 ], [ -117.263809956747906, 54.03094400109088, 0.0 ], [ -117.263548523494705, 54.030914923653768, 0.0 ], [ -117.263248858164005, 54.030919233202418, 0.0 ], [ -117.262730521211395, 54.030986228301842, 0.0 ], [ -117.262002325956701, 54.031131417032299, 0.0 ], [ -117.261556132614302, 54.031241212492723, 0.0 ], [ -117.261027700068396, 54.031308316397777, 0.0 ], [ -117.260465642179696, 54.031358037022329, 0.0 ], [ -117.2592367236646, 54.03137457107136, 0.0 ], [ -117.257660978560097, 54.031408940751632, 0.0 ], [ -117.256792081154401, 54.031467338480503, 0.0 ], [ -117.255724512412897, 54.031609749327259, 0.0 ], [ -117.255021007869701, 54.03175458130773, 0.0 ], [ -117.254117926741102, 54.031983971644799, 0.0 ], [ -117.253628178799801, 54.032081863313913, 0.0 ], [ -117.252941241864306, 54.032254020507217, 0.0 ], [ -117.251875219960795, 54.032568010139393, 0.0 ], [ -117.251419013370295, 54.032680591183592, 0.0 ], [ -117.251320083031899, 54.032724426495953, 0.0 ], [ -117.251198369933107, 54.032778364680183, 0.0 ], [ -117.2510860310894, 54.032850485835738, 0.0 ], [ -117.251085930658405, 54.032850549772682, 0.0 ], [ -117.250778571278104, 54.033048021930682, 0.0 ], [ -117.250512393485394, 54.033448073202393, 0.0 ], [ -117.250512308702596, 54.033448144040733, 0.0 ], [ -117.250267656097193, 54.033679442910973, 0.0 ], [ -117.250076327563406, 54.033911610087962, 0.0 ], [ -117.250016973072604, 54.033983639447563, 0.0 ], [ -117.249957534904496, 54.03405576387523, 0.0 ], [ -117.249838051062895, 54.034175993074918, 0.0 ], [ -117.249837969281401, 54.034176062957187, 0.0 ], [ -117.249552043282804, 54.034381456886898, 0.0 ], [ -117.249551956921707, 54.034381526854673, 0.0 ], [ -117.249291577869698, 54.034609246195018, 0.0 ], [ -117.249291491507606, 54.034609316162623, 0.0 ], [ -117.249112827300905, 54.034689818382873, 0.0 ], [ -117.248635045182596, 54.034789693081002, 0.0 ], [ -117.247500097205005, 54.035076980244241, 0.0 ], [ -117.247299974935601, 54.035146940228877, 0.0 ], [ -117.247129674861, 54.0352305711166, 0.0 ], [ -117.246999750351904, 54.035319870194471, 0.0 ], [ -117.246874645404006, 54.035454449968917, 0.0 ], [ -117.246821612751603, 54.035611634148061, 0.0 ], [ -117.246867587260695, 54.035768675452431, 0.0 ], [ -117.246999954591402, 54.035918579637553, 0.0 ], [ -117.247235139479599, 54.036121959324653, 0.0 ], [ -117.247774852315501, 54.036391581205542, 0.0 ], [ -117.248065942503999, 54.036607637172203, 0.0 ], [ -117.248232755871697, 54.036707565864212, 0.0 ], [ -117.248764316174103, 54.036954631530392, 0.0 ], [ -117.248912911978906, 54.037058030802328, 0.0 ], [ -117.249464349018695, 54.037500235363687, 0.0 ], [ -117.249646943567896, 54.037783476688489, 0.0 ], [ -117.2498468334893, 54.038038458077189, 0.0 ], [ -117.249920136973699, 54.038189751569668, 0.0 ], [ -117.249975135380893, 54.038723973897127, 0.0 ], [ -117.250000407149599, 54.038833659931697, 0.0 ], [ -117.250016962013305, 54.038905564206821, 0.0 ], [ -117.250016975429602, 54.039059908628197, 0.0 ], [ -117.250016972611704, 54.039932392746692, 0.0 ], [ -117.250006960166203, 54.040004317655423, 0.0 ], [ -117.249992774354695, 54.040106099405783, 0.0 ], [ -117.249651250155395, 54.04119150376809, 0.0 ], [ -117.249635636848794, 54.0415474021165, 0.0 ], [ -117.249589062587603, 54.041884256730278, 0.0 ], [ -117.249440249169695, 54.042361656443553, 0.0 ], [ -117.249423669266903, 54.042538356398353, 0.0 ], [ -117.249430718537496, 54.042708837581742, 0.0 ], [ -117.249545976629193, 54.042827760628327, 0.0 ], [ -117.249707932084803, 54.04291912020787, 0.0 ], [ -117.249874575990006, 54.042988977158622, 0.0 ], [ -117.249894615656004, 54.042993840851267, 0.0 ], [ -117.250016963477194, 54.043023549143747, 0.0 ], [ -117.250123486263803, 54.043049411087758, 0.0 ], [ -117.250413073531703, 54.043069004802447, 0.0 ], [ -117.250686391634801, 54.043043996483107, 0.0 ], [ -117.250929604330693, 54.042988465794657, 0.0 ], [ -117.251112730330405, 54.042913448332918, 0.0 ], [ -117.251198658377206, 54.042858179681737, 0.0 ], [ -117.251198751053195, 54.042858113192189, 0.0 ], [ -117.251286942465896, 54.042786178310173, 0.0 ], [ -117.251287027314504, 54.042786108369683, 0.0 ], [ -117.251531033358404, 54.042587123485163, 0.0 ], [ -117.251531111905607, 54.04258705006508, 0.0 ], [ -117.251883357379896, 54.042235107199083, 0.0 ], [ -117.251883437598195, 54.042235036445533, 0.0 ], [ -117.252020593501697, 54.042124356593611, 0.0 ], [ -117.252020681449395, 54.04212428749387, 0.0 ], [ -117.252292827690198, 54.041916917855637, 0.0 ], [ -117.252292920508296, 54.041916854060588, 0.0 ], [ -117.252443421369406, 54.041820568844422, 0.0 ], [ -117.252443517142893, 54.04182050319514, 0.0 ], [ -117.252621052322695, 54.041734083492329, 0.0 ], [ -117.2530367822378, 54.041589610756773, 0.0 ], [ -117.253252099545094, 54.041532953173117, 0.0 ], [ -117.253742377913795, 54.041446924883061, 0.0 ], [ -117.254442069923599, 54.041293501946257, 0.0 ], [ -117.254726476741098, 54.041271592277788, 0.0 ], [ -117.255323916524205, 54.041283529340369, 0.0 ], [ -117.256478119002907, 54.041348938815027, 0.0 ], [ -117.257021074772595, 54.041400964786668, 0.0 ], [ -117.2585519447764, 54.041636508611887, 0.0 ], [ -117.258782102309297, 54.041686508942398, 0.0 ], [ -117.259236810730897, 54.04183502902751, 0.0 ], [ -117.259756231683795, 54.042046162210653, 0.0 ], [ -117.260099902868404, 54.042216723299113, 0.0 ], [ -117.260644297969506, 54.042662201220473, 0.0 ], [ -117.260930871082806, 54.042983238545837, 0.0 ], [ -117.261043405205001, 54.043173194145908, 0.0 ], [ -117.261067053346196, 54.043344545494698, 0.0 ], [ -117.261039004688897, 54.043506833263777, 0.0 ], [ -117.260931561940794, 54.043629089899547, 0.0 ], [ -117.260931508203498, 54.043629113394317, 0.0 ], [ -117.260931469327602, 54.043629157294902, 0.0 ], [ -117.2607527135645, 54.043707510838928, 0.0 ], [ -117.260539655176899, 54.043776047811527, 0.0 ], [ -117.260305796598004, 54.043826487332801, 0.0 ], [ -117.259754938502795, 54.043886311715653, 0.0 ], [ -117.2592372394123, 54.043923345583593, 0.0 ], [ -117.257329298386097, 54.043966979589648, 0.0 ], [ -117.256602559120594, 54.044108878885673, 0.0 ], [ -117.256004402401999, 54.044306932417243, 0.0 ], [ -117.2558396312306, 54.044391576917029, 0.0 ], [ -117.255693779889697, 54.044489961841244, 0.0 ], [ -117.255693690368005, 54.044490030073817, 0.0 ], [ -117.255427773235894, 54.044717286857761, 0.0 ], [ -117.255427696218305, 54.044717360251688, 0.0 ], [ -117.255200382975502, 54.044947384401553, 0.0 ], [ -117.254779161425802, 54.046007359134393, 0.0 ], [ -117.254674187377901, 54.046326057705457, 0.0 ], [ -117.254639801175898, 54.046668705184018, 0.0 ], [ -117.254669380564195, 54.047031060352481, 0.0 ], [ -117.2547338131847, 54.047367601278793, 0.0 ], [ -117.254818109077704, 54.047695263440303, 0.0 ], [ -117.254896741947405, 54.047841096547437, 0.0 ], [ -117.255008483434395, 54.047963295708072, 0.0 ], [ -117.255570523299795, 54.048389139995002, 0.0 ], [ -117.255732472296799, 54.048479416176669, 0.0 ], [ -117.256108376332705, 54.048627446817868, 0.0 ], [ -117.256690412000097, 54.048844692560152, 0.0 ], [ -117.257096994556605, 54.048978310285023, 0.0 ], [ -117.257319126116798, 54.049033271487232, 0.0 ], [ -117.257810123517302, 54.049117247956367, 0.0 ], [ -117.258423804266997, 54.049321138142147, 0.0 ], [ -117.259237547401895, 54.049556829000032, 0.0 ], [ -117.261597420320001, 54.050211149144737, 0.0 ], [ -117.2625388937563, 54.050467115681258, 0.0 ], [ -117.262709977442697, 54.050556189042183, 0.0 ], [ -117.263364996836899, 54.051114156286303, 0.0 ], [ -117.263699094454395, 54.051473205243987, 0.0 ], [ -117.264291792434904, 54.051880274327047, 0.0 ], [ -117.264477399215707, 54.051964838401091, 0.0 ], [ -117.264909830038505, 54.052075969123791, 0.0 ], [ -117.265112417435603, 54.052147900953088, 0.0 ], [ -117.265367081197795, 54.052188932968349, 0.0 ], [ -117.265963136966406, 54.052208393853761, 0.0 ], [ -117.267518190187502, 54.052188749183678, 0.0 ], [ -117.268125482359693, 54.052164891763873, 0.0 ], [ -117.268380022377897, 54.052126607676549, 0.0 ], [ -117.2688719354407, 54.052032410587692, 0.0 ], [ -117.269092630845805, 54.05197186145292, 0.0 ], [ -117.271032770659303, 54.051219159296863, 0.0 ], [ -117.271320847587404, 54.051148260282403, 0.0 ], [ -117.271781745608607, 54.051063400482853, 0.0 ], [ -117.271970784677507, 54.05103292981638, 0.0 ], [ -117.272265457477701, 54.051014089413187, 0.0 ], [ -117.272582658206105, 54.051008981993533, 0.0 ], [ -117.272861975080602, 54.051021640124873, 0.0 ], [ -117.273627872848806, 54.051120954635969, 0.0 ], [ -117.273855329358099, 54.051170421031209, 0.0 ], [ -117.274033394232703, 54.051248598159162, 0.0 ], [ -117.274166538449506, 54.05135269277725, 0.0 ], [ -117.274402980970507, 54.051597457670752, 0.0 ], [ -117.274504427772996, 54.05173758564279, 0.0 ], [ -117.274715787565796, 54.052199091799082, 0.0 ], [ -117.274928136472596, 54.052863006752787, 0.0 ], [ -117.274976110403202, 54.05339677599256, 0.0 ], [ -117.274930194244007, 54.053921981026761, 0.0 ], [ -117.274886727814106, 54.054087733312272, 0.0 ], [ -117.274764593401301, 54.054385039166583, 0.0 ], [ -117.274637154788195, 54.054888663847201, 0.0 ], [ -117.274484204956806, 54.055346709191198, 0.0 ], [ -117.274270314133304, 54.055769362404028, 0.0 ], [ -117.274048120208903, 54.056015075047434, 0.0 ], [ -117.273886608221105, 54.056289691748717, 0.0 ], [ -117.273822344733702, 54.0567897991316, 0.0 ], [ -117.273849621992994, 54.056935369447771, 0.0 ], [ -117.273959524198006, 54.057079517293282, 0.0 ], [ -117.274410428328594, 54.057434671423337, 0.0 ], [ -117.274500668474801, 54.057527148219037, 0.0 ], [ -117.274764234466005, 54.057734867252982, 0.0 ], [ -117.274978428285493, 54.057799105666888, 0.0 ], [ -117.275226095817104, 54.05777057048244, 0.0 ], [ -117.2753982302753, 54.057686290043662, 0.0 ], [ -117.275526162606397, 54.057574105033858, 0.0 ], [ -117.275633035247196, 54.057435386171882, 0.0 ], [ -117.275633120083597, 54.057435316214487, 0.0 ], [ -117.275857257299705, 54.057220700742938, 0.0 ], [ -117.2759589261359, 54.05709145953459, 0.0 ], [ -117.276036106698697, 54.056944210712587, 0.0 ], [ -117.276315613865407, 54.056560100694469, 0.0 ], [ -117.277091531531696, 54.055728190264453, 0.0 ], [ -117.277398279198493, 54.055362105525163, 0.0 ], [ -117.277398362500705, 54.055362035595493, 0.0 ], [ -117.278125713804897, 54.054660320641233, 0.0 ], [ -117.278438262341595, 54.054253133694452, 0.0 ], [ -117.278438350269994, 54.054253064575711, 0.0 ], [ -117.278833485445006, 54.053923717059718, 0.0 ], [ -117.279477805018004, 54.05318304996289, 0.0 ], [ -117.279477877427297, 54.053182976640791, 0.0 ], [ -117.280096118817099, 54.052595491857538, 0.0 ], [ -117.280096208462993, 54.052595426302389, 0.0 ], [ -117.282373322819595, 54.051253928456227, 0.0 ], [ -117.2823734296976, 54.051253870666429, 0.0 ], [ -117.282619529947198, 54.051128679491761, 0.0 ], [ -117.2829879127965, 54.050964081180531, 0.0 ], [ -117.283469281748694, 54.050864168363638, 0.0 ], [ -117.283868970904507, 54.050724657614097, 0.0 ], [ -117.284021212112606, 54.050690859406878, 0.0 ], [ -117.2843699732841, 54.050643816924229, 0.0 ], [ -117.2849653478184, 54.050639315508072, 0.0 ], [ -117.285770072476495, 54.050730609995512, 0.0 ], [ -117.286010221699499, 54.050773733337557, 0.0 ], [ -117.286935640623696, 54.050990728975478, 0.0 ], [ -117.287317756205596, 54.051149515418537, 0.0 ], [ -117.287769327382307, 54.051281395536208, 0.0 ], [ -117.287935725524406, 54.051374062555247, 0.0 ], [ -117.288229159441798, 54.05159143231905, 0.0 ], [ -117.288995133785505, 54.052095765673187, 0.0 ], [ -117.289485005845094, 54.052560952910213, 0.0 ], [ -117.289905734489494, 54.052895494822423, 0.0 ], [ -117.290239406400104, 54.053084591630757, 0.0 ], [ -117.290426011328606, 54.053175246080649, 0.0 ], [ -117.290621509731906, 54.053246067039638, 0.0 ], [ -117.290855756894999, 54.0533026219288, 0.0 ], [ -117.291126525681506, 54.053294207996153, 0.0 ], [ -117.291326363417696, 54.053227949077822, 0.0 ], [ -117.291678278657102, 54.053055643422752, 0.0 ], [ -117.291894873635599, 54.052795317074143, 0.0 ], [ -117.292150370166098, 54.05237872823119, 0.0 ], [ -117.292493830436399, 54.051998545963137, 0.0 ], [ -117.292687422075502, 54.051740097504371, 0.0 ], [ -117.292906514133094, 54.051492649947278, 0.0 ], [ -117.293102470270298, 54.051214812963437, 0.0 ], [ -117.293102553488296, 54.051214742124778, 0.0 ], [ -117.293717053218302, 54.050632977343128, 0.0 ], [ -117.293717136483494, 54.050632907402459, 0.0 ], [ -117.294024320287505, 54.050412755339103, 0.0 ], [ -117.294024406654898, 54.050412686238367, 0.0 ], [ -117.294242391538006, 54.050215407736538, 0.0 ], [ -117.294242471599404, 54.050215335158548, 0.0 ], [ -117.2944252460142, 54.050046024990301, 0.0 ], [ -117.294640821151802, 54.049787245272249, 0.0 ], [ -117.294640907467397, 54.049787175272677, 0.0 ], [ -117.294776718852901, 54.049673473103752, 0.0 ], [ -117.294776813, 54.04967340655206, 0.0 ], [ -117.295101979617399, 54.049469587087827, 0.0 ], [ -117.295102073812998, 54.049469521434332, 0.0 ], [ -117.295254364584906, 54.049352738516632, 0.0 ], [ -117.295254447745904, 54.04935266677812, 0.0 ], [ -117.295516808115906, 54.049095942014823, 0.0 ], [ -117.295516888272104, 54.049095871232858, 0.0 ], [ -117.295655140138194, 54.048991392102607, 0.0 ], [ -117.295655232805103, 54.048991326477818, 0.0 ], [ -117.296106832593097, 54.048694625796102, 0.0 ], [ -117.296106934518207, 54.04869456179285, 0.0 ], [ -117.296567703792505, 54.048409851720407, 0.0 ], [ -117.296567801086397, 54.048409786905893, 0.0 ], [ -117.296977310744694, 54.048206236775997, 0.0 ], [ -117.2975537109496, 54.047972689003949, 0.0 ], [ -117.297761984392906, 54.047896758645571, 0.0 ], [ -117.297989003941495, 54.047838835571433, 0.0 ], [ -117.298272428421001, 54.047836975980083, 0.0 ], [ -117.298510624099407, 54.047882253965462, 0.0 ], [ -117.298729043826, 54.047948370294051, 0.0 ], [ -117.299313908852596, 54.048240475370278, 0.0 ], [ -117.299540650440704, 54.048428187650543, 0.0 ], [ -117.299761812389207, 54.049042145280453, 0.0 ], [ -117.299860451651497, 54.049167640307203, 0.0 ], [ -117.300001825349298, 54.04927088297088, 0.0 ], [ -117.300424199523206, 54.04939758944429, 0.0 ], [ -117.3006909032556, 54.049440382213668, 0.0 ], [ -117.300989556247998, 54.049452174073451, 0.0 ], [ -117.301286143281303, 54.049439088617198, 0.0 ], [ -117.301790554243297, 54.049366821761829, 0.0 ], [ -117.302672178889395, 54.049138037857269, 0.0 ], [ -117.303244075216696, 54.048895270118237, 0.0 ], [ -117.303919548516205, 54.048546523978167, 0.0 ], [ -117.304543671572503, 54.048344155914528, 0.0 ], [ -117.304911363433305, 54.048199994705577, 0.0 ], [ -117.305144870625597, 54.048141027077541, 0.0 ], [ -117.305625589573197, 54.048060960886758, 0.0 ], [ -117.305902937747007, 54.048046081632833, 0.0 ], [ -117.306784043765703, 54.048091999609852, 0.0 ], [ -117.307103288711104, 54.048088280617648, 0.0 ], [ -117.308807342996005, 54.047959754789403, 0.0 ], [ -117.309073977372805, 54.047948205581832, 0.0 ], [ -117.309887039265902, 54.047854271326493, 0.0 ], [ -117.310122068034403, 54.047807154388977, 0.0 ], [ -117.310661462896704, 54.047764841709757, 0.0 ], [ -117.311173966619194, 54.0476969366646, 0.0 ], [ -117.311758987805007, 54.047663616001998, 0.0 ], [ -117.312031194394706, 54.047634143690352, 0.0 ], [ -117.312914544402005, 54.047589337546299, 0.0 ], [ -117.313451395876697, 54.04753834271412, 0.0 ], [ -117.314534003164198, 54.047471641107222, 0.0 ], [ -117.314911275887894, 54.04746935262672, 0.0 ], [ -117.315167295259599, 54.047500681170654, 0.0 ], [ -117.315438198794695, 54.047485731279053, 0.0 ], [ -117.315686967214504, 54.047439285763858, 0.0 ], [ -117.31621707107, 54.047512368108087, 0.0 ], [ -117.317479351805204, 54.047534481290327, 0.0 ], [ -117.3177368670828, 54.047579320092893, 0.0 ], [ -117.318022381033003, 54.047649648090719, 0.0 ], [ -117.318491995065898, 54.04771309440946, 0.0 ], [ -117.319046630263898, 54.047758866502818, 0.0 ], [ -117.319296676883397, 54.047809549895533, 0.0 ], [ -117.320397348698705, 54.048100644747663, 0.0 ], [ -117.320894031534095, 54.048216599778307, 0.0 ], [ -117.321354905588805, 54.048343413497747, 0.0 ], [ -117.321542492369403, 54.048394203870537, 0.0 ], [ -117.321987499005502, 54.048515160925341, 0.0 ], [ -117.323183726275005, 54.048763858995841, 0.0 ], [ -117.324434797666498, 54.04916951737512, 0.0 ], [ -117.325318574891, 54.04959473540935, 0.0 ], [ -117.325648406366398, 54.049795044455237, 0.0 ], [ -117.325997601432903, 54.049954520509978, 0.0 ], [ -117.3264804853507, 54.05022351532164, 0.0 ], [ -117.326493434843599, 54.050230722317373, 0.0 ], [ -117.326966711989002, 54.050529388924673, 0.0 ], [ -117.328442803296397, 54.051188430839069, 0.0 ], [ -117.328870761511098, 54.051315633390168, 0.0 ], [ -117.329353598358196, 54.051412000882863, 0.0 ], [ -117.329963263775298, 54.051422519230798, 0.0 ], [ -117.330511079563706, 54.05137369663489, 0.0 ], [ -117.330758974892703, 54.051326135186862, 0.0 ], [ -117.330955252291204, 54.051250621439131, 0.0 ], [ -117.331124506153998, 54.051151173795688, 0.0 ], [ -117.331124601923094, 54.051151109881722, 0.0 ], [ -117.331493365349104, 54.050998241660842, 0.0 ], [ -117.331798905691102, 54.050800656776921, 0.0 ], [ -117.331798996626503, 54.050800588459261, 0.0 ], [ -117.331935794044199, 54.050678776670971, 0.0 ], [ -117.332142975711093, 54.050419282770278, 0.0 ], [ -117.332218325457305, 54.05022419535139, 0.0 ], [ -117.332331862065104, 54.049969679146557, 0.0 ], [ -117.332463662970298, 54.049491007867701, 0.0 ], [ -117.332424481044001, 54.0493298526671, 0.0 ], [ -117.332215371240693, 54.04906632675771, 0.0 ], [ -117.331948559192497, 54.048838506257603, 0.0 ], [ -117.331723216449703, 54.048601285474241, 0.0 ], [ -117.331571860982294, 54.048489380014679, 0.0 ], [ -117.331077252972193, 54.048200279975418, 0.0 ], [ -117.330820815457102, 54.047960103510484, 0.0 ], [ -117.330492861747402, 54.047757105466772, 0.0 ], [ -117.330141918181695, 54.0474071365119, 0.0 ], [ -117.330066370232103, 54.047271034304607, 0.0 ], [ -117.329892013137794, 54.046824299974553, 0.0 ], [ -117.329873865170796, 54.046478188109553, 0.0 ], [ -117.329938833714195, 54.046333578333318, 0.0 ], [ -117.329938916859206, 54.046333507469853, 0.0 ], [ -117.330059034148107, 54.046219105344157, 0.0 ], [ -117.3300591220233, 54.046219037087042, 0.0 ], [ -117.330520618963703, 54.045906168276787, 0.0 ], [ -117.330520714621301, 54.045906102566533, 0.0 ], [ -117.3307398178802, 54.045833489316493, 0.0 ], [ -117.3311855214818, 54.045719598843412, 0.0 ], [ -117.331721013026097, 54.045647460642833, 0.0 ], [ -117.3325694088132, 54.045604391681692, 0.0 ], [ -117.332892163283901, 54.0456065706733, 0.0 ], [ -117.333190613368402, 54.045627413127967, 0.0 ], [ -117.333594555438495, 54.045688966865661, 0.0 ], [ -117.334397071023801, 54.045868564544413, 0.0 ], [ -117.334843380328294, 54.045994288362309, 0.0 ], [ -117.335460222215303, 54.046103544033379, 0.0 ], [ -117.335838129380903, 54.046193669258358, 0.0 ], [ -117.336239030970901, 54.046338451206147, 0.0 ], [ -117.336694005174607, 54.046448019709963, 0.0 ], [ -117.336881960829402, 54.046525146091582, 0.0 ], [ -117.337191058232406, 54.046712342547387, 0.0 ], [ -117.337548444588293, 54.046875068815183, 0.0 ], [ -117.338598192001101, 54.047759254793107, 0.0 ], [ -117.339138597323597, 54.048241391869503, 0.0 ], [ -117.339573733441696, 54.04856507894565, 0.0 ], [ -117.340089711249306, 54.049035681524323, 0.0 ], [ -117.3403050082823, 54.049272769652887, 0.0 ], [ -117.340438119420995, 54.049381317715323, 0.0 ], [ -117.340926828038704, 54.049690299060408, 0.0 ], [ -117.3416534089381, 54.050224583409573, 0.0 ], [ -117.341992208437006, 54.050387295529447, 0.0 ], [ -117.342411530698797, 54.050532212930072, 0.0 ], [ -117.342616426765204, 54.050592726234832, 0.0 ], [ -117.343376959048101, 54.050736703358197, 0.0 ], [ -117.344275102769899, 54.05076414089892, 0.0 ], [ -117.344550185081701, 54.05072864609221, 0.0 ], [ -117.345257135186998, 54.050582311992152, 0.0 ], [ -117.345481547612906, 54.05051995253104, 0.0 ], [ -117.345679211480402, 54.050428156314133, 0.0 ], [ -117.346140010359505, 54.050083375693511, 0.0 ], [ -117.346140099691993, 54.050083306496681, 0.0 ], [ -117.346384606640797, 54.049880442608597, 0.0 ], [ -117.346384683556195, 54.049880370056442, 0.0 ], [ -117.346505951582301, 54.049751915549088, 0.0 ], [ -117.346714473564205, 54.049473007629068, 0.0 ], [ -117.346714556737098, 54.049472937652631, 0.0 ], [ -117.346964295226201, 54.049228437989079, 0.0 ], [ -117.347076706323506, 54.048901251067647, 0.0 ], [ -117.347246886206406, 54.048229112616802, 0.0 ], [ -117.347269714001499, 54.048042563873032, 0.0 ], [ -117.347273945093903, 54.047484011254141, 0.0 ], [ -117.347225525321605, 54.047132273518478, 0.0 ], [ -117.347170810393393, 54.046242411119927, 0.0 ], [ -117.347193302254297, 54.045878820790101, 0.0 ], [ -117.347275566486502, 54.045544371416867, 0.0 ], [ -117.347315341805398, 54.045185801113313, 0.0 ], [ -117.347441037330299, 54.044688163746379, 0.0 ], [ -117.347498863075501, 54.044533214569569, 0.0 ], [ -117.347664655161395, 54.044271751411983, 0.0 ], [ -117.347664753992902, 54.044271688323931, 0.0 ], [ -117.3479872845909, 54.044087168505058, 0.0 ], [ -117.3479873755863, 54.044087101972302, 0.0 ], [ -117.348256937490106, 54.043855697135747, 0.0 ], [ -117.348257029858999, 54.043855627877782, 0.0 ], [ -117.3484022997241, 54.0437603102352, 0.0 ], [ -117.348402400181101, 54.043760248913522, 0.0 ], [ -117.348731319006305, 54.043576811873862, 0.0 ], [ -117.348731419310397, 54.04357674785674, 0.0 ], [ -117.349128068540793, 54.043440799148378, 0.0 ], [ -117.349798876725004, 54.043267712129612, 0.0 ], [ -117.350202849972703, 54.043130730741026, 0.0 ], [ -117.351010848627197, 54.043049462121459, 0.0 ], [ -117.351916719335193, 54.043015918830811, 0.0 ], [ -117.352204146504505, 54.043036649946011, 0.0 ], [ -117.352722951851803, 54.043121347658079, 0.0 ], [ -117.353548202455102, 54.043201536264519, 0.0 ], [ -117.353857970524899, 54.043208943276063, 0.0 ], [ -117.354462769885501, 54.043187472056367, 0.0 ], [ -117.354724731306902, 54.043161564836673, 0.0 ], [ -117.355201876559804, 54.043069987151107, 0.0 ], [ -117.3553264706091, 54.042995714054982, 0.0 ], [ -117.355326567899397, 54.042995650990669, 0.0 ], [ -117.355501110789106, 54.042863659713099, 0.0 ], [ -117.355501192305994, 54.042863587963957, 0.0 ], [ -117.355864758022307, 54.042492621856567, 0.0 ], [ -117.355964141629002, 54.04236337195956, 0.0 ], [ -117.356201754242406, 54.041933578794932, 0.0 ], [ -117.356401508639493, 54.041477549442227, 0.0 ], [ -117.356511091704704, 54.041150853993159, 0.0 ], [ -117.356604330702197, 54.040466773333662, 0.0 ], [ -117.356521401098703, 54.040139035010426, 0.0 ], [ -117.356018637386001, 54.039108412008318, 0.0 ], [ -117.355823130450602, 54.038848290074377, 0.0 ], [ -117.355265725665305, 54.03822951934864, 0.0 ], [ -117.355136259858, 54.038121063589657, 0.0 ], [ -117.354836648006298, 54.037919440414967, 0.0 ], [ -117.354630285956105, 54.037846506157948, 0.0 ], [ -117.354338200846698, 54.037829529277253, 0.0 ], [ -117.353413938805403, 54.03783216166002, 0.0 ], [ -117.352640261784103, 54.037940191510557, 0.0 ], [ -117.352088778184793, 54.03799715367181, 0.0 ], [ -117.350605069506798, 54.038234252007797, 0.0 ], [ -117.349819819971898, 54.038328677188268, 0.0 ], [ -117.3495758558267, 54.038370357949788, 0.0 ], [ -117.348939257903893, 54.038534545776187, 0.0 ], [ -117.348236638818193, 54.038660970772732, 0.0 ], [ -117.347981103726596, 54.038687979691908, 0.0 ], [ -117.3477498845496, 54.038731408855327, 0.0 ], [ -117.347533091791902, 54.038787380061962, 0.0 ], [ -117.347043234544699, 54.038875058506861, 0.0 ], [ -117.346602987716906, 54.038993374180073, 0.0 ], [ -117.346344607990105, 54.039024675698627, 0.0 ], [ -117.346139776822, 54.039083180941567, 0.0 ], [ -117.345935323074201, 54.039152952183137, 0.0 ], [ -117.345679015725594, 54.039217569785393, 0.0 ], [ -117.345288175753097, 54.039337021802858, 0.0 ], [ -117.344909778130997, 54.039476885828009, 0.0 ], [ -117.344470558361095, 54.039592490676817, 0.0 ], [ -117.343898517367606, 54.039816031002708, 0.0 ], [ -117.343474537331701, 54.039945823053984, 0.0 ], [ -117.343297538770599, 54.040023148829583, 0.0 ], [ -117.342869295558003, 54.040138291793816, 0.0 ], [ -117.342580061200707, 54.040155308110428, 0.0 ], [ -117.342344260919702, 54.040199247717673, 0.0 ], [ -117.342078881271604, 54.040215929259503, 0.0 ], [ -117.340869740133598, 54.040203654218331, 0.0 ], [ -117.340582174337598, 54.040189400512112, 0.0 ], [ -117.340345152738195, 54.04013237148736, 0.0 ], [ -117.340136038999702, 54.040058849989947, 0.0 ], [ -117.339767049759899, 54.03988520708608, 0.0 ], [ -117.339613644723002, 54.039782461411903, 0.0 ], [ -117.3393394445133, 54.039556727483728, 0.0 ], [ -117.339008200884095, 54.039188046060069, 0.0 ], [ -117.338600161323299, 54.038847324866943, 0.0 ], [ -117.338495273294299, 54.038711513439907, 0.0 ], [ -117.338367755093998, 54.038600900266751, 0.0 ], [ -117.338024970745394, 54.038405909160971, 0.0 ], [ -117.337608092718398, 54.038089932129992, 0.0 ], [ -117.337425636235196, 54.038014430592177, 0.0 ], [ -117.336645499161904, 54.037895672186572, 0.0 ], [ -117.335976346200894, 54.037737305343079, 0.0 ], [ -117.335444495476395, 54.037663762959482, 0.0 ], [ -117.334750668854298, 54.037503028548471, 0.0 ], [ -117.3344539608905, 54.037488142893032, 0.0 ], [ -117.3342957201898, 54.037434996132113, 0.0 ], [ -117.334042778312394, 54.03739239777456, 0.0 ], [ -117.333591959232095, 54.037281014387041, 0.0 ], [ -117.333210604678897, 54.037114995501419, 0.0 ], [ -117.333001230292197, 54.037053335946403, 0.0 ], [ -117.332834572191302, 54.036969902265852, 0.0 ], [ -117.332693359923098, 54.036856994786831, 0.0 ], [ -117.332643857123301, 54.036706012972083, 0.0 ], [ -117.3326778306688, 54.03617631126572, 0.0 ], [ -117.332788975751299, 54.036055287045947, 0.0 ], [ -117.332789029135498, 54.036055258129139, 0.0 ], [ -117.332789063651404, 54.036055219685387, 0.0 ], [ -117.333150547602401, 54.035858059520628, 0.0 ], [ -117.333150651216698, 54.035857999949123, 0.0 ], [ -117.333442554943503, 54.035683517370131, 0.0 ], [ -117.333442590112895, 54.035683490605393, 0.0 ], [ -117.333536727902697, 54.035586868571841, 0.0 ], [ -117.333536804915795, 54.035586797824578, 0.0 ], [ -117.333593080118007, 54.035540319039569, 0.0 ], [ -117.333593164812299, 54.035540249042512, 0.0 ], [ -117.334123216630601, 54.035102605661343, 0.0 ], [ -117.334123305901699, 54.035102535574993, 0.0 ], [ -117.334727064631906, 54.034662952518161, 0.0 ], [ -117.334896198559406, 54.034381039699348, 0.0 ], [ -117.335013129543299, 54.034058743349689, 0.0 ], [ -117.335037992999105, 54.033487390105783, 0.0 ], [ -117.335039960623703, 54.03329368433824, 0.0 ], [ -117.334930426842902, 54.032972172092933, 0.0 ], [ -117.334852491917104, 54.03282145743151, 0.0 ], [ -117.334659285994107, 54.032547839795477, 0.0 ], [ -117.334581465676493, 54.032392295777917, 0.0 ], [ -117.334481362861794, 54.032060074522889, 0.0 ], [ -117.334298851362007, 54.031761164054338, 0.0 ], [ -117.334028648129006, 54.030771242827939, 0.0 ], [ -117.333594021678806, 54.030059228711814, 0.0 ], [ -117.333320089279198, 54.029487832857697, 0.0 ], [ -117.333145707697994, 54.029006034428349, 0.0 ], [ -117.333100501643301, 54.028829716554142, 0.0 ], [ -117.333062706258602, 54.028358512401077, 0.0 ], [ -117.333055488033096, 54.028268577107873, 0.0 ], [ -117.333007915082803, 54.028113828158503, 0.0 ], [ -117.332857107847104, 54.027794667600389, 0.0 ], [ -117.332826185677604, 54.027633596513517, 0.0 ], [ -117.332806365442096, 54.027242709453112, 0.0 ], [ -117.332818069418906, 54.026649129145348, 0.0 ], [ -117.332842818199794, 54.026460456523168, 0.0 ], [ -117.333338381572105, 54.025382001895018, 0.0 ], [ -117.333421754514902, 54.025232612511097, 0.0 ], [ -117.3335928964038, 54.025025331012877, 0.0 ], [ -117.334004722888693, 54.024590464903717, 0.0 ], [ -117.334533592880106, 54.023912167760699, 0.0 ], [ -117.3345336775497, 54.023912097763109, 0.0 ], [ -117.334804574974896, 54.023661346764257, 0.0 ], [ -117.334804662846096, 54.023661279402397, 0.0 ], [ -117.334967433244998, 54.023559062003933, 0.0 ], [ -117.334967530371003, 54.023558996260903, 0.0 ], [ -117.335342458950805, 54.023406165253277, 0.0 ], [ -117.335711431579099, 54.023317811987567, 0.0 ], [ -117.336040076626006, 54.023250151060623, 0.0 ], [ -117.336351998767, 54.023238172945248, 0.0 ], [ -117.337294824567493, 54.023251478666118, 0.0 ], [ -117.337563675720006, 54.023276952435467, 0.0 ], [ -117.337819424916404, 54.023313640328197, 0.0 ], [ -117.338506719562801, 54.023470492725558, 0.0 ], [ -117.339009623722902, 54.023557836744978, 0.0 ], [ -117.339495299015695, 54.02367575573372, 0.0 ], [ -117.340320124973601, 54.023793289541572, 0.0 ], [ -117.340791524964004, 54.02389491745906, 0.0 ], [ -117.341052845992607, 54.023929521251389, 0.0 ], [ -117.343933334147195, 54.023941651001472, 0.0 ], [ -117.344167803939698, 54.023986783664832, 0.0 ], [ -117.344365732094204, 54.024065614428757, 0.0 ], [ -117.344511892693603, 54.024162363187493, 0.0 ], [ -117.344925289078105, 54.024504727773852, 0.0 ], [ -117.345274706183801, 54.024686802654493, 0.0 ], [ -117.345680132199405, 54.02498587746377, 0.0 ], [ -117.345876312707901, 54.025090637587972, 0.0 ], [ -117.346140738467597, 54.025192448912627, 0.0 ], [ -117.346708303627906, 54.025371172693767, 0.0 ], [ -117.347452549570505, 54.025524681364033, 0.0 ], [ -117.347689217508005, 54.025594659200138, 0.0 ], [ -117.348518992074503, 54.025889723276023, 0.0 ], [ -117.348972013168193, 54.025994409143188, 0.0 ], [ -117.349232419717694, 54.026030581708369, 0.0 ], [ -117.349854970533599, 54.026062194128897, 0.0 ], [ -117.352446667412494, 54.026080925949458, 0.0 ], [ -117.354286401434194, 54.026041041001008, 0.0 ], [ -117.354566522521296, 54.026016907951011, 0.0 ], [ -117.355333101662495, 54.025888312222889, 0.0 ], [ -117.355908094569799, 54.025840124628253, 0.0 ], [ -117.356688603769001, 54.025741883682997, 0.0 ], [ -117.356903634768301, 54.025679392941598, 0.0 ], [ -117.357216869149696, 54.025492610025623, 0.0 ], [ -117.357216899717798, 54.025492583343912, 0.0 ], [ -117.357331822085797, 54.025362953054959, 0.0 ], [ -117.357273609469203, 54.025227005515482, 0.0 ], [ -117.357043532634194, 54.024996851209941, 0.0 ], [ -117.3569050557266, 54.024882891030913, 0.0 ], [ -117.356461829221999, 54.024751869988201, 0.0 ], [ -117.356272531793294, 54.02464648470972, 0.0 ], [ -117.356123137867698, 54.024578569373013, 0.0 ], [ -117.355886850513301, 54.024532901041653, 0.0 ], [ -117.355685925332907, 54.024462147808897, 0.0 ], [ -117.355324442939505, 54.024286454185329, 0.0 ], [ -117.354892340249094, 54.024148001770257, 0.0 ], [ -117.354621904094799, 54.024112274582983, 0.0 ], [ -117.354059278297797, 54.024067189016478, 0.0 ], [ -117.352478717489404, 54.024045516000989, 0.0 ], [ -117.352247291232899, 54.02398585354976, 0.0 ], [ -117.352048441502902, 54.023908088865817, 0.0 ], [ -117.351936880365997, 54.023780896122098, 0.0 ], [ -117.351958382312006, 54.023609996453779, 0.0 ], [ -117.352068448940003, 54.023300045668392, 0.0 ], [ -117.352411556113097, 54.022749722211842, 0.0 ], [ -117.352523732125107, 54.022617846984119, 0.0 ], [ -117.352523801250697, 54.022617772780897, 0.0 ], [ -117.352641936397006, 54.022504940327117, 0.0 ], [ -117.352642025812997, 54.022504873821028, 0.0 ], [ -117.353103204056794, 54.022225935025169, 0.0 ], [ -117.353103301150696, 54.022225869267757, 0.0 ], [ -117.353733627378105, 54.02200552656835, 0.0 ], [ -117.354105608101705, 54.021856888650419, 0.0 ], [ -117.354342558112293, 54.021798408681562, 0.0 ], [ -117.354636564096594, 54.021767934123027, 0.0 ], [ -117.355241314864699, 54.021773999698787, 0.0 ], [ -117.355482159858894, 54.021820229186417, 0.0 ], [ -117.355916089936301, 54.021957629888341, 0.0 ], [ -117.356148703987301, 54.022003288220589, 0.0 ], [ -117.357270373670204, 54.022127431721202, 0.0 ], [ -117.357765933924, 54.022215703997027, 0.0 ], [ -117.358380578433, 54.02224702037369, 0.0 ], [ -117.359289634976406, 54.022274081924913, 0.0 ], [ -117.359543506436296, 54.022235176300327, 0.0 ], [ -117.359912969431704, 54.022076790656811, 0.0 ], [ -117.360784833641802, 54.022065632390813, 0.0 ], [ -117.361033388387298, 54.022021248257303, 0.0 ], [ -117.361373885335695, 54.021846483639862, 0.0 ], [ -117.361640025339597, 54.021832460367293, 0.0 ], [ -117.362303966578693, 54.022010061190542, 0.0 ], [ -117.362481513652, 54.022097820644433, 0.0 ], [ -117.362613431738296, 54.022217652310488, 0.0 ], [ -117.362685321044395, 54.022354239621968, 0.0 ], [ -117.3627116194682, 54.022715524379016, 0.0 ], [ -117.362623939510897, 54.022859435562239, 0.0 ], [ -117.362505411411405, 54.022987456616669, 0.0 ], [ -117.362360038785795, 54.023280924520328, 0.0 ], [ -117.362359954215805, 54.023280995435407, 0.0 ], [ -117.362236256940506, 54.023400801204488, 0.0 ], [ -117.362236173844806, 54.023400871191143, 0.0 ], [ -117.361987669238104, 54.023444727017903, 0.0 ], [ -117.361692502504894, 54.023444470776717, 0.0 ], [ -117.361439579232197, 54.023481795527772, 0.0 ], [ -117.361209929632295, 54.023542551900569, 0.0 ], [ -117.361056574287701, 54.023635641029131, 0.0 ], [ -117.360980787707803, 54.023779104098423, 0.0 ], [ -117.360973529818807, 54.02397009063511, 0.0 ], [ -117.361023076144093, 54.024123278877163, 0.0 ], [ -117.3611200192463, 54.024246561317263, 0.0 ], [ -117.361293078614295, 54.024333224450309, 0.0 ], [ -117.361718143604506, 54.024457071233499, 0.0 ], [ -117.362215457837493, 54.024552874605163, 0.0 ], [ -117.363275618535994, 54.025044909382153, 0.0 ], [ -117.3638712571545, 54.025265239350283, 0.0 ], [ -117.364730994834801, 54.025694644781389, 0.0 ], [ -117.364953390796302, 54.025847435931382, 0.0 ], [ -117.365177491432505, 54.025993847072492, 0.0 ], [ -117.365729866224498, 54.026248034996598, 0.0 ], [ -117.366043512167806, 54.026437297578603, 0.0 ], [ -117.366290660328104, 54.026475790816512, 0.0 ], [ -117.366379319169098, 54.026439190317127, 0.0 ], [ -117.366473571971497, 54.026400281499633, 0.0 ], [ -117.366519914931203, 54.026240177764741, 0.0 ], [ -117.366565741206799, 54.025704974922483, 0.0 ], [ -117.366685258653803, 54.025226661208819, 0.0 ], [ -117.366767154035898, 54.025086596993908, 0.0 ], [ -117.366767241704494, 54.025086526914031, 0.0 ], [ -117.366893605743698, 54.024979576383693, 0.0 ], [ -117.366893691988295, 54.024979508130549, 0.0 ], [ -117.367030127732207, 54.024877452300899, 0.0 ], [ -117.367030224860898, 54.024877387430813, 0.0 ], [ -117.367352430929301, 54.02468952037097, 0.0 ], [ -117.367352535992197, 54.024689460740653, 0.0 ], [ -117.367510870045393, 54.024601479145574, 0.0 ], [ -117.367510968800602, 54.024601416041833, 0.0 ], [ -117.367696799921703, 54.024523703993637, 0.0 ], [ -117.367918052911307, 54.02447416577629, 0.0 ], [ -117.369155257174199, 54.024491824109958, 0.0 ], [ -117.369448558669106, 54.024483503425152, 0.0 ], [ -117.369693560233699, 54.024442668301973, 0.0 ], [ -117.370067835385399, 54.024299681601811, 0.0 ], [ -117.370392796592796, 54.024114511180443, 0.0 ], [ -117.370392895291303, 54.024114447175997, 0.0 ], [ -117.370466010201994, 54.024090336849532, 0.0 ], [ -117.370926622554506, 54.023966898638193, 0.0 ], [ -117.371286538448203, 54.02389470143892, 0.0 ], [ -117.371844775882707, 54.023881211531148, 0.0 ], [ -117.37234481454, 54.023815206048347, 0.0 ], [ -117.372639943302701, 54.023805267519627, 0.0 ], [ -117.372909280171697, 54.023827096632438, 0.0 ], [ -117.373103858363507, 54.023900507191421, 0.0 ], [ -117.373452583814498, 54.024069884773652, 0.0 ], [ -117.373589174996198, 54.024176586589583, 0.0 ], [ -117.373674143709593, 54.024307966286258, 0.0 ], [ -117.373760434264398, 54.024623367622929, 0.0 ], [ -117.3737735694489, 54.024806348320652, 0.0 ], [ -117.373717192957798, 54.024962678057619, 0.0 ], [ -117.373428433699999, 54.025274778101632, 0.0 ], [ -117.373334395220397, 54.025485578994463, 0.0 ], [ -117.3733504219732, 54.025650754102372, 0.0 ], [ -117.373500240814195, 54.025925869356712, 0.0 ], [ -117.373608351161593, 54.026045436389531, 0.0 ], [ -117.373761370344397, 54.026147338224682, 0.0 ], [ -117.374418355641197, 54.026509169798381, 0.0 ], [ -117.3747797802138, 54.026682359839519, 0.0 ], [ -117.375046025206004, 54.026761874538437, 0.0 ], [ -117.375938076286602, 54.02693230346614, 0.0 ], [ -117.376737416257996, 54.02702956492314, 0.0 ], [ -117.377674384209698, 54.027224361922883, 0.0 ], [ -117.378958932241702, 54.027396920962872, 0.0 ], [ -117.379241919084293, 54.027419311328131, 0.0 ], [ -117.379549892280195, 54.027423423603523, 0.0 ], [ -117.380471031716894, 54.027416852569608, 0.0 ], [ -117.380762698659893, 54.027398254105378, 0.0 ], [ -117.381265644514201, 54.027321965016917, 0.0 ], [ -117.381481404891602, 54.027262695633318, 0.0 ], [ -117.381562156745801, 54.027137229877617, 0.0 ], [ -117.381491818833297, 54.026989714780477, 0.0 ], [ -117.381389322305097, 54.026860437019792, 0.0 ], [ -117.381132780463005, 54.026624433078673, 0.0 ], [ -117.380667639477906, 54.026124484146678, 0.0 ], [ -117.380149447043806, 54.025501894095029, 0.0 ], [ -117.380072665412101, 54.025361901495629, 0.0 ], [ -117.380029052180305, 54.025207436461983, 0.0 ], [ -117.380055181323797, 54.025038068781477, 0.0 ], [ -117.3802798265272, 54.024796411262457, 0.0 ], [ -117.380279901914804, 54.024796340516367, 0.0 ], [ -117.380418170443093, 54.024687239219553, 0.0 ], [ -117.380418262921495, 54.024687173531163, 0.0 ], [ -117.380733252105102, 54.02448792326004, 0.0 ], [ -117.380733355468294, 54.024487860953329, 0.0 ], [ -117.380900975432596, 54.024396055633147, 0.0 ], [ -117.381103193648499, 54.024320530607547, 0.0 ], [ -117.381337257273003, 54.024276405007257, 0.0 ], [ -117.3816406001621, 54.024278343298313, 0.0 ], [ -117.382996087840795, 54.024611872291423, 0.0 ], [ -117.383167345758594, 54.024673307712717, 0.0 ], [ -117.384012477137802, 54.024957395816223, 0.0 ], [ -117.384761525997305, 54.025255755885787, 0.0 ], [ -117.385124918943305, 54.025427294939213, 0.0 ], [ -117.385496707148604, 54.025579973368288, 0.0 ], [ -117.386092602760598, 54.025788308251428, 0.0 ], [ -117.386838905602104, 54.026099610971563, 0.0 ], [ -117.387455942238901, 54.026299906886997, 0.0 ], [ -117.387689195597801, 54.026358833491948, 0.0 ], [ -117.3881742924722, 54.026441660657269, 0.0 ], [ -117.389263221019306, 54.026546654664138, 0.0 ], [ -117.389570204176394, 54.026554522125103, 0.0 ], [ -117.389837116145898, 54.02653042809964, 0.0 ], [ -117.3903172688685, 54.026430836299717, 0.0 ], [ -117.390512954800599, 54.026363409197089, 0.0 ], [ -117.390560789901201, 54.026223276165148, 0.0 ], [ -117.389816971509703, 54.025369129130382, 0.0 ], [ -117.389630927083701, 54.024907755111961, 0.0 ], [ -117.389685340254402, 54.024751950149877, 0.0 ], [ -117.389685420254594, 54.0247518802054, 0.0 ], [ -117.390026355402796, 54.024398335774457, 0.0 ], [ -117.390026440133596, 54.024398268433842, 0.0 ], [ -117.390476846246798, 54.024106009973288, 0.0 ], [ -117.390476940233597, 54.024105944246983, 0.0 ], [ -117.390657146539397, 54.024033593850582, 0.0 ], [ -117.390856564455603, 54.023965605241671, 0.0 ], [ -117.391079680574506, 54.023913324802137, 0.0 ], [ -117.391606150830199, 54.023861331616139, 0.0 ], [ -117.392449841287302, 54.023913833235262, 0.0 ], [ -117.393369085893994, 54.023912550724212, 0.0 ], [ -117.393613421135996, 54.02395747181437, 0.0 ], [ -117.393815453486695, 54.024022778854587, 0.0 ], [ -117.3938152459599, 54.024022809070807, 0.0 ], [ -117.393815361082602, 54.024022845451377, 0.0 ], [ -117.393329081793595, 54.024091134521953, 0.0 ], [ -117.3932056946351, 54.024177083162968, 0.0 ], [ -117.393355253556507, 54.024271390829647, 0.0 ], [ -117.393576653715797, 54.024322709262023, 0.0 ], [ -117.393849582973004, 54.024345591899191, 0.0 ], [ -117.395253484994299, 54.0243400332741, 0.0 ], [ -117.395398508491795, 54.024337909781202, 0.0 ], [ -117.395713695486194, 54.024302809333477, 0.0 ], [ -117.396087856538699, 54.024204315002137, 0.0 ], [ -117.396830553094802, 54.024511764256367, 0.0 ], [ -117.397139721102405, 54.024705252535107, 0.0 ], [ -117.397165921215304, 54.025223921604848, 0.0 ], [ -117.397150592375496, 54.025779132068102, 0.0 ], [ -117.397138611654796, 54.026140146586883, 0.0 ], [ -117.397185978692306, 54.026294081418143, 0.0 ], [ -117.397237460819596, 54.026627725155052, 0.0 ], [ -117.397414463489994, 54.027082574353543, 0.0 ], [ -117.3977029210795, 54.027469196031092, 0.0 ], [ -117.397915856415096, 54.027902025524646, 0.0 ], [ -117.3980416694491, 54.028106024308507, 0.0 ], [ -117.398293397745206, 54.028346259607488, 0.0 ], [ -117.398651036273705, 54.028597971265746, 0.0 ], [ -117.399278603534796, 54.028990892240827, 0.0 ], [ -117.400289365326898, 54.0297334414077, 0.0 ], [ -117.400927996939998, 54.030122064179707, 0.0 ], [ -117.402141704382103, 54.03094337671282, 0.0 ], [ -117.402421479475805, 54.031157263792061, 0.0 ], [ -117.402680001674398, 54.031390530713338, 0.0 ], [ -117.403157240137105, 54.031672957443433, 0.0 ], [ -117.403339944818697, 54.031754921548632, 0.0 ], [ -117.403572099990399, 54.031722081063329, 0.0 ], [ -117.4037030427736, 54.031611858955714, 0.0 ], [ -117.403703122710894, 54.031611788103739, 0.0 ], [ -117.403821226993799, 54.031501006887453, 0.0 ], [ -117.403994691376198, 54.031230558968858, 0.0 ], [ -117.404475385471599, 54.0305820944698, 0.0 ], [ -117.404475470035393, 54.030582024424113, 0.0 ], [ -117.404723722665906, 54.030353940571977, 0.0 ], [ -117.404723805702901, 54.030353870556652, 0.0 ], [ -117.405416123462899, 54.02982421502864, 0.0 ], [ -117.405416212756904, 54.029824147585742, 0.0 ], [ -117.406141804115606, 54.02950926850982, 0.0 ], [ -117.406593752501806, 54.029406812593038, 0.0 ], [ -117.406813119459599, 54.02934319721269, 0.0 ], [ -117.406986071371506, 54.029260002198797, 0.0 ], [ -117.407569264681896, 54.028854153215008, 0.0 ], [ -117.407569352392599, 54.028854084902761, 0.0 ], [ -117.407953734185, 54.028532931793038, 0.0 ], [ -117.407953817212899, 54.028532861775581, 0.0 ], [ -117.407959443494093, 54.028528157641077, 0.0 ], [ -117.408060240818997, 54.028408064706333, 0.0 ], [ -117.408076279805101, 54.028341424762552, 0.0 ], [ -117.408119814278294, 54.028160225869513, 0.0 ], [ -117.407953730447403, 54.027963409088059, 0.0 ], [ -117.407884582277504, 54.027881470288612, 0.0 ], [ -117.407633350252894, 54.027648756370581, 0.0 ], [ -117.407546389499402, 54.027515241479428, 0.0 ], [ -117.407392729129, 54.027230457244741, 0.0 ], [ -117.407339813480505, 54.027075445545663, 0.0 ], [ -117.407318252119694, 54.026896754296423, 0.0 ], [ -117.407317743988798, 54.026722452163021, 0.0 ], [ -117.407373936320397, 54.02656340833893, 0.0 ], [ -117.407462995483399, 54.026421181274372, 0.0 ], [ -117.407463083241197, 54.026421113860621, 0.0 ], [ -117.407602223397006, 54.02631360460326, 0.0 ], [ -117.407602309680499, 54.026313538118309, 0.0 ], [ -117.407805426008906, 54.026236898399823, 0.0 ], [ -117.407953813478599, 54.02620504389575, 0.0 ], [ -117.408054453601693, 54.026183804567211, 0.0 ], [ -117.408532130711706, 54.026098379730158, 0.0 ], [ -117.408809329525099, 54.026078686203313, 0.0 ], [ -117.409980857957706, 54.026076848130913, 0.0 ], [ -117.410960283415307, 54.026099895035848, 0.0 ], [ -117.411439894516803, 54.026185856895893, 0.0 ], [ -117.411855108520797, 54.02630455482899, 0.0 ], [ -117.412362719387502, 54.026392967660101, 0.0 ], [ -117.412940344664094, 54.026417968331259, 0.0 ], [ -117.413530794121399, 54.026391413502672, 0.0 ], [ -117.414754284997002, 54.026404785973561, 0.0 ], [ -117.415881052239399, 54.026482649706807, 0.0 ], [ -117.4163900891878, 54.026558954258313, 0.0 ], [ -117.417250901596603, 54.026785082683318, 0.0 ], [ -117.4176651217998, 54.026918343733698, 0.0 ], [ -117.418051680189095, 54.027074186163752, 0.0 ], [ -117.418552094192705, 54.027329613281168, 0.0 ], [ -117.418703551057703, 54.02742443999859, 0.0 ], [ -117.418816370126507, 54.027539141980867, 0.0 ], [ -117.418897816447796, 54.027683425082166, 0.0 ], [ -117.418951657369405, 54.027840590903807, 0.0 ], [ -117.418986246457493, 54.028000945835252, 0.0 ], [ -117.418974325188898, 54.02833497035472, 0.0 ], [ -117.418874068267002, 54.028679001444708, 0.0 ], [ -117.418788426908705, 54.028869871620778, 0.0 ], [ -117.418685661065197, 54.029122645485081, 0.0 ], [ -117.418694462162406, 54.029299134778313, 0.0 ], [ -117.418759422979207, 54.029441225150059, 0.0 ], [ -117.418974873869004, 54.029685138885341, 0.0 ], [ -117.419115292943005, 54.02978802734313, 0.0 ], [ -117.419294313026896, 54.029874820974541, 0.0 ], [ -117.419719620314197, 54.030001630026668, 0.0 ], [ -117.420040199988193, 54.03004931224195, 0.0 ], [ -117.420236182429306, 54.030060124658483, 0.0 ], [ -117.420500885451304, 54.030050142827911, 0.0 ], [ -117.420768225760099, 54.030005341150897, 0.0 ], [ -117.420954767600904, 54.029941592882103, 0.0 ], [ -117.421146002533604, 54.029847918611267, 0.0 ], [ -117.421146109213396, 54.029847861598903, 0.0 ], [ -117.421287733766306, 54.029767100844843, 0.0 ], [ -117.421287827716299, 54.029767035094899, 0.0 ], [ -117.421413187291904, 54.029660034631242, 0.0 ], [ -117.421413265512498, 54.029659961103533, 0.0 ], [ -117.421750329984405, 54.029305249648921, 0.0 ], [ -117.422045414437207, 54.028929852606574, 0.0 ], [ -117.422045503597602, 54.028929783354947, 0.0 ], [ -117.422182769461799, 54.028821724521869, 0.0 ], [ -117.422182860199896, 54.028821656137723, 0.0 ], [ -117.422324650732904, 54.028721696738998, 0.0 ], [ -117.4223247445222, 54.028721628293233, 0.0 ], [ -117.422501337899902, 54.028635183029117, 0.0 ], [ -117.422702602509901, 54.028565531031262, 0.0 ], [ -117.422939361702305, 54.028524567930738, 0.0 ], [ -117.423235445487705, 54.028520985059693, 0.0 ], [ -117.423749097672896, 54.028601053793189, 0.0 ], [ -117.424184495355902, 54.028726251289847, 0.0 ], [ -117.424581255058499, 54.028869686749417, 0.0 ], [ -117.425018603530006, 54.028981407623078, 0.0 ], [ -117.425643312201998, 54.029169112904519, 0.0 ], [ -117.426010647272406, 54.029328672902217, 0.0 ], [ -117.426331072971493, 54.029511858080063, 0.0 ], [ -117.426632148486306, 54.029709565369707, 0.0 ], [ -117.426758780689596, 54.029819422163627, 0.0 ], [ -117.426923747602203, 54.030082633438539, 0.0 ], [ -117.427124553261606, 54.030331889675999, 0.0 ], [ -117.427723689675005, 54.031285284397221, 0.0 ], [ -117.427800179669504, 54.031617348019587, 0.0 ], [ -117.427776993847999, 54.031784586169053, 0.0 ], [ -117.427729097190493, 54.031947437962103, 0.0 ], [ -117.427652025508294, 54.032087559506358, 0.0 ], [ -117.427651936934197, 54.032087612561163, 0.0 ], [ -117.427489129801799, 54.03217836478737, 0.0 ], [ -117.427489032647401, 54.032178427908718, 0.0 ], [ -117.427075560113195, 54.032314480494229, 0.0 ], [ -117.426892548491196, 54.032396598284073, 0.0 ], [ -117.426542903599199, 54.032581384504198, 0.0 ], [ -117.426247320473806, 54.03277971415762, 0.0 ], [ -117.426247231312402, 54.032779783412337, 0.0 ], [ -117.426120960727602, 54.032890027134293, 0.0 ], [ -117.425926598976702, 54.03315073901026, 0.0 ], [ -117.425839442473503, 54.033289221789637, 0.0 ], [ -117.425744282349697, 54.033549545358788, 0.0 ], [ -117.425622333936701, 54.033912499053791, 0.0 ], [ -117.425561198867399, 54.034256104231659, 0.0 ], [ -117.4256095883066, 54.034413253152287, 0.0 ], [ -117.4258665275742, 54.03463514675984, 0.0 ], [ -117.426174127985703, 54.034823157711713, 0.0 ], [ -117.426584719288599, 54.034967163159138, 0.0 ], [ -117.427517403386105, 54.03517451296738, 0.0 ], [ -117.427802414694398, 54.035188704546577, 0.0 ], [ -117.428076808554906, 54.035179723845658, 0.0 ], [ -117.428594173065903, 54.035101599921489, 0.0 ], [ -117.428819173921696, 54.035045482585389, 0.0 ], [ -117.429568589345493, 54.034752302954843, 0.0 ], [ -117.429916200851906, 54.03455282691003, 0.0 ], [ -117.4299162979556, 54.034552762888403, 0.0 ], [ -117.430053582154798, 54.034443064147823, 0.0 ], [ -117.4300536609977, 54.034443001394663, 0.0 ], [ -117.430386719836605, 54.034272200453607, 0.0 ], [ -117.430530333905097, 54.034171700786501, 0.0 ], [ -117.4308784790787, 54.033810989603097, 0.0 ], [ -117.431179722241794, 54.033346615419163, 0.0 ], [ -117.431289359848407, 54.033126633600901, 0.0 ], [ -117.431504468104706, 54.032513576718642, 0.0 ], [ -117.431710093231302, 54.032080208507118, 0.0 ], [ -117.431805820714601, 54.031762048709453, 0.0 ], [ -117.431938969321294, 54.031464485067737, 0.0 ], [ -117.432028821179202, 54.031328169961043, 0.0 ], [ -117.432028904171503, 54.031328099927329, 0.0 ], [ -117.432150675066893, 54.031210290560722, 0.0 ], [ -117.432150757901496, 54.031210217831926, 0.0 ], [ -117.432429855205299, 54.031000489549832, 0.0 ], [ -117.432429944509906, 54.031000422985649, 0.0 ], [ -117.432603826151094, 54.030910190733337, 0.0 ], [ -117.432738089578095, 54.030866616012261, 0.0 ], [ -117.433039218289395, 54.030781183194968, 0.0 ], [ -117.433780741000703, 54.030653985819839, 0.0 ], [ -117.434047694694002, 54.030622784603892, 0.0 ], [ -117.4346253493121, 54.030598264506622, 0.0 ], [ -117.435259632988803, 54.030603011783043, 0.0 ], [ -117.437170391656394, 54.030801278157313, 0.0 ], [ -117.437805029397296, 54.030849572632917, 0.0 ], [ -117.4383000852621, 54.030879486189207, 0.0 ], [ -117.438605296874201, 54.030881825975698, 0.0 ], [ -117.4391766125744, 54.030844856109347, 0.0 ], [ -117.439378237560703, 54.030806421938003, 0.0 ], [ -117.440077236681802, 54.030641361869627, 0.0 ], [ -117.441590299499097, 54.030413921825058, 0.0 ], [ -117.442678172521596, 54.030303136988998, 0.0 ], [ -117.442990752691898, 54.030302238074803, 0.0 ], [ -117.443423333068495, 54.030366494817322, 0.0 ], [ -117.444821639641802, 54.030131874443988, 0.0 ], [ -117.445032801582798, 54.030106873390238, 0.0 ], [ -117.445282915743704, 54.030097859514747, 0.0 ], [ -117.446244608272295, 54.030110254305633, 0.0 ], [ -117.4464893575106, 54.030155221237102, 0.0 ], [ -117.446661395644199, 54.030213240598101, 0.0 ], [ -117.447010125349905, 54.030183940466102, 0.0 ], [ -117.447248459644399, 54.030140320455523, 0.0 ], [ -117.447696141778394, 54.030035093150659, 0.0 ], [ -117.448104192125697, 54.029901516500729, 0.0 ], [ -117.448352690316995, 54.029852044378373, 0.0 ], [ -117.448892088132297, 54.029789564205949, 0.0 ], [ -117.449179854734993, 54.029791103782962, 0.0 ], [ -117.449427261537096, 54.029951928156549, 0.0 ], [ -117.449585994383398, 54.030097347675238, 0.0 ], [ -117.449927291178199, 54.030257926525557, 0.0 ], [ -117.450058861103997, 54.030368985306538, 0.0 ], [ -117.450155938133307, 54.030501900216507, 0.0 ], [ -117.450192014256302, 54.030665679653161, 0.0 ], [ -117.4502320605351, 54.030696842305289, 0.0 ], [ -117.450326429005003, 54.030770266520292, 0.0 ], [ -117.450519279900305, 54.030840749892349, 0.0 ], [ -117.451291311211406, 54.03091917876845, 0.0 ], [ -117.451478671691603, 54.030990145861438, 0.0 ], [ -117.451884851277001, 54.03129691113827, 0.0 ], [ -117.4523926053228, 54.03156500661283, 0.0 ], [ -117.452936822036307, 54.03170272584741, 0.0 ], [ -117.453314977491701, 54.031779976952997, 0.0 ], [ -117.453572726271105, 54.031816361854283, 0.0 ], [ -117.453762887751196, 54.031884115861587, 0.0 ], [ -117.454110445507396, 54.032053914428673, 0.0 ], [ -117.454306092984694, 54.0321271003817, 0.0 ], [ -117.454593557788996, 54.032143196431271, 0.0 ], [ -117.454871660124695, 54.032128465347398, 0.0 ], [ -117.455541192697297, 54.032292482089836, 0.0 ], [ -117.456069919163696, 54.032343764512227, 0.0 ], [ -117.456360741281301, 54.032333981177452, 0.0 ], [ -117.456694526509196, 54.032234400338758, 0.0 ], [ -117.456925445760504, 54.032112984866217, 0.0 ], [ -117.457063371969795, 54.032000162672141, 0.0 ], [ -117.457063465867293, 54.032000096894798, 0.0 ], [ -117.457216555462296, 54.0319068161212, 0.0 ], [ -117.457216652464297, 54.031906751179648, 0.0 ], [ -117.457519575621404, 54.03178306002134, 0.0 ], [ -117.4581192439435, 54.031525728402457, 0.0 ], [ -117.458344255614804, 54.031460957540993, 0.0 ], [ -117.459125873070107, 54.031168103012433, 0.0 ], [ -117.459835594743595, 54.031023680142482, 0.0 ], [ -117.460355659167604, 54.030965870326909, 0.0 ], [ -117.460818844879697, 54.030866101021083, 0.0 ], [ -117.462549356498698, 54.030565956234078, 0.0 ], [ -117.463671837285105, 54.030496770240852, 0.0 ], [ -117.464290462645295, 54.030501714893397, 0.0 ], [ -117.464841204451005, 54.030557971042121, 0.0 ], [ -117.465083240095495, 54.030602323672078, 0.0 ], [ -117.465293789270206, 54.030659936785433, 0.0 ], [ -117.465865189346303, 54.030764108401392, 0.0 ], [ -117.466060105300599, 54.030794365369673, 0.0 ], [ -117.466606548312797, 54.030845459960823, 0.0 ], [ -117.466847528480699, 54.030885214084847, 0.0 ], [ -117.466938690602404, 54.030907244475671, 0.0 ], [ -117.467542198638796, 54.03105307509145, 0.0 ], [ -117.468019372687706, 54.031139595663262, 0.0 ], [ -117.468796370704197, 54.031247631968917, 0.0 ], [ -117.469371225857401, 54.031289473617122, 0.0 ], [ -117.469604331184598, 54.031325027346519, 0.0 ], [ -117.470065014682902, 54.031423554817998, 0.0 ], [ -117.470537746225105, 54.031536778292818, 0.0 ], [ -117.471103069797195, 54.031595285665333, 0.0 ], [ -117.472103326315505, 54.031769624442148, 0.0 ], [ -117.472533719688499, 54.031882756780519, 0.0 ], [ -117.473153563005994, 54.031978632860259, 0.0 ], [ -117.473702001294996, 54.032135437118477, 0.0 ], [ -117.473884799825996, 54.032208507020627, 0.0 ], [ -117.474217683018793, 54.032382996055567, 0.0 ], [ -117.474711127773105, 54.032461471697196, 0.0 ], [ -117.475121786251094, 54.032780613716568, 0.0 ], [ -117.475369224030899, 54.033010633103949, 0.0 ], [ -117.475625687743502, 54.033022147692748, 0.0 ], [ -117.475885867811101, 54.032985662982043, 0.0 ], [ -117.476350113578505, 54.032877195503978, 0.0 ], [ -117.476596460810896, 54.032843845389728, 0.0 ], [ -117.477198781945503, 54.032842120967331, 0.0 ], [ -117.477433484994805, 54.032888009465132, 0.0 ], [ -117.477828728392694, 54.033017602573132, 0.0 ], [ -117.4780494960347, 54.03307149770994, 0.0 ], [ -117.4783158703369, 54.033182910735619, 0.0 ], [ -117.478575939584701, 54.033332607873547, 0.0 ], [ -117.478710457743503, 54.033435542644312, 0.0 ], [ -117.478822604566005, 54.033557220054057, 0.0 ], [ -117.478841580434107, 54.034624779418657, 0.0 ], [ -117.478910522425593, 54.034788838440463, 0.0 ], [ -117.478910388942296, 54.034788803418643, 0.0 ], [ -117.478910431662399, 54.034788905069888, 0.0 ], [ -117.478745360178905, 54.03474619627805, 0.0 ], [ -117.478553676973107, 54.034751326015922, 0.0 ], [ -117.478463099089794, 54.034880692153699, 0.0 ], [ -117.478421390166602, 54.03503960239555, 0.0 ], [ -117.478572453788303, 54.035322377952618, 0.0 ], [ -117.478525511935999, 54.035468300775449, 0.0 ], [ -117.478424642244903, 54.035580650962189, 0.0 ], [ -117.478512312594006, 54.035713218880552, 0.0 ], [ -117.478700400664096, 54.035797656196202, 0.0 ], [ -117.4789073514074, 54.035851926594049, 0.0 ], [ -117.479384697810701, 54.035901705151439, 0.0 ], [ -117.479601413366794, 54.035851995719511, 0.0 ], [ -117.479667753781399, 54.035836791393287, 0.0 ], [ -117.480091198710099, 54.035580908513431, 0.0 ], [ -117.480091298843305, 54.035580845287377, 0.0 ], [ -117.480566605105906, 54.035266734001297, 0.0 ], [ -117.480658630766101, 54.035032132649469, 0.0 ], [ -117.480706448670901, 54.034787395402077, 0.0 ], [ -117.480761337084303, 54.034245946905571, 0.0 ], [ -117.480807854233504, 54.034075733464299, 0.0 ], [ -117.480962024626706, 54.033795092643381, 0.0 ], [ -117.481081967428295, 54.033665323340827, 0.0 ], [ -117.481082066029501, 54.033665260145511, 0.0 ], [ -117.481252572327506, 54.033569369887267, 0.0 ], [ -117.481252670874696, 54.033569305793478, 0.0 ], [ -117.481665960373903, 54.03344103855828, 0.0 ], [ -117.481922397378, 54.033408825469508, 0.0 ], [ -117.482302573265201, 54.033423512720937, 0.0 ], [ -117.482497170431103, 54.033455995645383, 0.0 ], [ -117.482937841640705, 54.033561601701606, 0.0 ], [ -117.483117630085204, 54.033647582381313, 0.0 ], [ -117.483589376664995, 54.03394067233527, 0.0 ], [ -117.483756357274601, 54.034026555201422, 0.0 ], [ -117.483889893191204, 54.034133258738308, 0.0 ], [ -117.484049407174098, 54.034359670681077, 0.0 ], [ -117.484339994020004, 54.034592406658483, 0.0 ], [ -117.484531963203906, 54.034849549924722, 0.0 ], [ -117.484814874157493, 54.035051201632378, 0.0 ], [ -117.484942769191505, 54.03516487236336, 0.0 ], [ -117.485038279318402, 54.035293982684912, 0.0 ], [ -117.485100570766903, 54.035448170883733, 0.0 ], [ -117.485208066674204, 54.035529524686083, 0.0 ], [ -117.485331614808302, 54.035581273395699, 0.0 ], [ -117.485386265722994, 54.03560416372126, 0.0 ], [ -117.485692233759096, 54.035852511481536, 0.0 ], [ -117.485969629236905, 54.036186744017769, 0.0 ], [ -117.486133775256803, 54.036459855526417, 0.0 ], [ -117.4862133974204, 54.036789618865683, 0.0 ], [ -117.486230886212994, 54.037152942777922, 0.0 ], [ -117.486265243013307, 54.037315093320622, 0.0 ], [ -117.486396881684797, 54.0376095768491, 0.0 ], [ -117.486538860050302, 54.037756325353293, 0.0 ], [ -117.486733397882702, 54.037975654956739, 0.0 ], [ -117.487541201953306, 54.038456616878094, 0.0 ], [ -117.487953279301195, 54.038485847113591, 0.0 ], [ -117.488192628308596, 54.038437310405868, 0.0 ], [ -117.488380348133305, 54.038357661333613, 0.0 ], [ -117.488691894845402, 54.038177991595497, 0.0 ], [ -117.488691993391598, 54.038177927495703, 0.0 ], [ -117.488925799219899, 54.038131512461923, 0.0 ], [ -117.489217920811996, 54.038148634029362, 0.0 ], [ -117.489559539780302, 54.038203529201191, 0.0 ], [ -117.489953640471199, 54.03826758669409, 0.0 ], [ -117.490178898444796, 54.038327961361162, 0.0 ], [ -117.490554311340901, 54.038491921928511, 0.0 ], [ -117.490868732492302, 54.03857991405053, 0.0 ], [ -117.491314874178101, 54.038605628733279, 0.0 ], [ -117.491614711446204, 54.038605525477543, 0.0 ], [ -117.491865999938298, 54.038647730744167, 0.0 ], [ -117.492524656856801, 54.038815786760459, 0.0 ], [ -117.492707348614402, 54.038896910167992, 0.0 ], [ -117.492851076723298, 54.038999896653777, 0.0 ], [ -117.492944894666707, 54.039123581126098, 0.0 ], [ -117.493071748254295, 54.039430989814797, 0.0 ], [ -117.493194160215893, 54.04010103171484, 0.0 ], [ -117.493321962921101, 54.040406827602958, 0.0 ], [ -117.493440783276696, 54.040518815168149, 0.0 ], [ -117.4936736721762, 54.040565213786167, 0.0 ], [ -117.494070781551599, 54.040571000203443, 0.0 ], [ -117.494386565342893, 54.040564062818298, 0.0 ], [ -117.494847385904507, 54.040576243129863, 0.0 ], [ -117.495580668888195, 54.040713731296663, 0.0 ], [ -117.496234868491698, 54.040923291263987, 0.0 ], [ -117.496434931754393, 54.041007775501903, 0.0 ], [ -117.4969140860089, 54.04130625413061, 0.0 ], [ -117.497258317982201, 54.041472124532717, 0.0 ], [ -117.497417648176906, 54.04157629255004, 0.0 ], [ -117.497666983292106, 54.041813287488907, 0.0 ], [ -117.497949880155502, 54.042207031582826, 0.0 ], [ -117.498371550043402, 54.042911493289473, 0.0 ], [ -117.498443312706101, 54.042990537466217, 0.0 ], [ -117.498700791312302, 54.043281262735448, 0.0 ], [ -117.498985764393197, 54.043561161650501, 0.0 ], [ -117.499835782787599, 54.044271744430233, 0.0 ], [ -117.499919783872798, 54.044333602717998, 0.0 ], [ -117.500005778109397, 54.044396912513143, 0.0 ], [ -117.500016887703794, 54.044405093621137, 0.0 ], [ -117.500114009954203, 54.044476605651091, 0.0 ], [ -117.500302356159494, 54.044560414472542, 0.0 ], [ -117.500522039139597, 54.044627210799277, 0.0 ], [ -117.500956924955204, 54.04475592084767, 0.0 ], [ -117.501086879145006, 54.044781556265221, 0.0 ], [ -117.501209328274996, 54.044805717990187, 0.0 ], [ -117.501331856148099, 54.044810585593552, 0.0 ], [ -117.5018138155462, 54.04482976574463, 0.0 ], [ -117.502082940994399, 54.044853725492388, 0.0 ], [ -117.5032819588276, 54.044859244170318, 0.0 ], [ -117.503496407119897, 54.044788315676641, 0.0 ], [ -117.503771946970005, 54.044573310183452, 0.0 ], [ -117.503772040712406, 54.044573242573691, 0.0 ], [ -117.504080301412401, 54.044374102988741, 0.0 ], [ -117.504080393735507, 54.044374037207092, 0.0 ], [ -117.504295449271595, 54.044194320678102, 0.0 ], [ -117.504295538487199, 54.04419425406163, 0.0 ], [ -117.504497323769797, 54.044056371848207, 0.0 ], [ -117.504609738257201, 54.043934623509273, 0.0 ], [ -117.504609828998198, 54.043934556860748, 0.0 ], [ -117.504887032969407, 54.04372819331639, 0.0 ], [ -117.505022806228496, 54.043255275349424, 0.0 ], [ -117.5051234572867, 54.043126436949308, 0.0 ], [ -117.505123543338101, 54.043126368599282, 0.0 ], [ -117.505291780202398, 54.042990193331057, 0.0 ], [ -117.505291872520502, 54.042990127548507, 0.0 ], [ -117.505696172249003, 54.042751224376588, 0.0 ], [ -117.505696273831802, 54.042751160199423, 0.0 ], [ -117.5058906920205, 54.042622181267227, 0.0 ], [ -117.505890785863102, 54.042622115452438, 0.0 ], [ -117.5061110980064, 54.042562621795142, 0.0 ], [ -117.506405740798201, 54.042547353265803, 0.0 ], [ -117.506673004749103, 54.042572370363011, 0.0 ], [ -117.507083097968305, 54.042662376226929, 0.0 ], [ -117.507119478106802, 54.042670370440511, 0.0 ], [ -117.507375644844004, 54.04270070364376, 0.0 ], [ -117.507606640254906, 54.042751371025354, 0.0 ], [ -117.507707945498893, 54.042869721082873, 0.0 ], [ -117.507958447929298, 54.04296292593758, 0.0 ], [ -117.508615700160206, 54.042919025357399, 0.0 ], [ -117.509853649997595, 54.042915504928949, 0.0 ], [ -117.510129081343095, 54.042971327696279, 0.0 ], [ -117.510191427737993, 54.04298960672336, 0.0 ], [ -117.510426715346895, 54.043058603558691, 0.0 ], [ -117.511352424617101, 54.043165126803032, 0.0 ], [ -117.511766261770802, 54.043207946228073, 0.0 ], [ -117.512182974625901, 54.043328391843119, 0.0 ], [ -117.5123887600041, 54.043403175844993, 0.0 ], [ -117.512556798863301, 54.043485249541547, 0.0 ], [ -117.512876802869997, 54.043676837023312, 0.0 ], [ -117.5132665474124, 54.04381652179493, 0.0 ], [ -117.513699982415702, 54.043927378294327, 0.0 ], [ -117.514067308790203, 54.044089037938981, 0.0 ], [ -117.514610899146305, 54.044236253715397, 0.0 ], [ -117.515406873351196, 54.044428852986023, 0.0 ], [ -117.516043243556993, 54.044620373881557, 0.0 ], [ -117.516289852257202, 54.044671675583537, 0.0 ], [ -117.516586683059202, 54.044686615158639, 0.0 ], [ -117.516832545999307, 54.044728192516082, 0.0 ], [ -117.5170486087885, 54.044793312313622, 0.0 ], [ -117.5181277103936, 54.044900367900752, 0.0 ], [ -117.518296713474797, 54.044981363904803, 0.0 ], [ -117.518547976875396, 54.045028381214408, 0.0 ], [ -117.518801866446907, 54.044986893657352, 0.0 ], [ -117.519167293826499, 54.044884187684303, 0.0 ], [ -117.519628116595598, 54.044793539575799, 0.0 ], [ -117.519986758744693, 54.044741139063873, 0.0 ], [ -117.520216100116301, 54.04468870282146, 0.0 ], [ -117.520649444165997, 54.044565306300242, 0.0 ], [ -117.520838688022494, 54.044495250167458, 0.0 ], [ -117.521197790565495, 54.044327171572313, 0.0 ], [ -117.5215012439661, 54.044133892990892, 0.0 ], [ -117.521501340894005, 54.04413382799838, 0.0 ], [ -117.522023353979904, 54.043880952667159, 0.0 ], [ -117.522338863154104, 54.043799040853543, 0.0 ], [ -117.522824451885796, 54.043711916002607, 0.0 ], [ -117.524102802794502, 54.043482528984889, 0.0 ], [ -117.525319953610094, 54.043529017501022, 0.0 ], [ -117.525734866585296, 54.043598746152647, 0.0 ], [ -117.526454866919394, 54.043949529439359, 0.0 ], [ -117.526622040430695, 54.044044540040836, 0.0 ], [ -117.526899986002803, 54.044242107028502, 0.0 ], [ -117.527149288590905, 54.044477991764509, 0.0 ], [ -117.527246495393001, 54.04461161491394, 0.0 ], [ -117.527309370854695, 54.044767779723671, 0.0 ], [ -117.527380492727403, 54.04508986989498, 0.0 ], [ -117.527363499631306, 54.045263936871358, 0.0 ], [ -117.527179935907597, 54.045695115527899, 0.0 ], [ -117.527082746529402, 54.045858408096699, 0.0 ], [ -117.526973516149198, 54.045991285439143, 0.0 ], [ -117.526754298028393, 54.04623920860854, 0.0 ], [ -117.526754208953903, 54.046239277037877, 0.0 ], [ -117.526620205220297, 54.046340300342933, 0.0 ], [ -117.526415688096606, 54.046585817274433, 0.0 ], [ -117.5264156020191, 54.046585884741063, 0.0 ], [ -117.526284319299407, 54.046689643139672, 0.0 ], [ -117.526284231640602, 54.046689709740043, 0.0 ], [ -117.526013099614602, 54.046827869589002, 0.0 ], [ -117.525565204956195, 54.047031138103293, 0.0 ], [ -117.524762776011002, 54.047305620200291, 0.0 ], [ -117.524064470051201, 54.047836894248839, 0.0 ], [ -117.524064391871903, 54.047836966044947, 0.0 ], [ -117.523940906243297, 54.047962472282833, 0.0 ], [ -117.5238117242763, 54.048272606702653, 0.0 ], [ -117.523793751288494, 54.048447737733511, 0.0 ], [ -117.523809687126899, 54.048622986933893, 0.0 ], [ -117.523904867106296, 54.048950250748177, 0.0 ], [ -117.523979105032396, 54.049057660519239, 0.0 ], [ -117.524379611682903, 54.049379619403432, 0.0 ], [ -117.524540835643705, 54.049466416776411, 0.0 ], [ -117.525529117912896, 54.049862327946393, 0.0 ], [ -117.526121514221003, 54.050215014329261, 0.0 ], [ -117.526660180929795, 54.050527697934278, 0.0 ], [ -117.527274647834105, 54.050746866116476, 0.0 ], [ -117.527448593794603, 54.050836599513133, 0.0 ], [ -117.527788074798494, 54.051019156555448, 0.0 ], [ -117.5280927511279, 54.051244333170793, 0.0 ], [ -117.528375452015794, 54.051430004847383, 0.0 ], [ -117.528826149948799, 54.051559077916252, 0.0 ], [ -117.529181430252706, 54.051720866703832, 0.0 ], [ -117.529621356090701, 54.051861605865213, 0.0 ], [ -117.530206100267506, 54.052090437487351, 0.0 ], [ -117.530285524873406, 54.052099058526217, 0.0 ], [ -117.531337127289007, 54.052213143055958, 0.0 ], [ -117.531569823603206, 54.052213829667579, 0.0 ], [ -117.531636126006603, 54.052214030626047, 0.0 ], [ -117.531866196238198, 54.052188711384147, 0.0 ], [ -117.532132058093296, 54.052140947407082, 0.0 ], [ -117.532421121254998, 54.05212435888874, 0.0 ], [ -117.532642202600698, 54.052074070847773, 0.0 ], [ -117.533057398351104, 54.051950836178619, 0.0 ], [ -117.533234432095, 54.051869466811063, 0.0 ], [ -117.533389151076804, 54.051774780326767, 0.0 ], [ -117.5333892418424, 54.051774714555208, 0.0 ], [ -117.533520461591095, 54.051656895486481, 0.0 ], [ -117.533723970778595, 54.05139568928103, 0.0 ], [ -117.533721062161206, 54.051248236335013, 0.0 ], [ -117.533519827040095, 54.051123469255799, 0.0 ], [ -117.533196668557295, 54.050992495802603, 0.0 ], [ -117.532767316188298, 54.050858453516042, 0.0 ], [ -117.532604065755706, 54.050773797219989, 0.0 ], [ -117.532301951392895, 54.050580098805668, 0.0 ], [ -117.532162263575302, 54.05046726147787, 0.0 ], [ -117.532070250102294, 54.050340232473033, 0.0 ], [ -117.532047295833095, 54.050213462953657, 0.0 ], [ -117.532052036386901, 54.049642825330757, 0.0 ], [ -117.531963573522702, 54.04931772116533, 0.0 ], [ -117.5319904956051, 54.049145991451347, 0.0 ], [ -117.5321924342975, 54.048696333621848, 0.0 ], [ -117.532294331366501, 54.048563842529937, 0.0 ], [ -117.532364492919399, 54.048423731837097, 0.0 ], [ -117.532585121971707, 54.04816718182029, 0.0 ], [ -117.532585210985701, 54.048167112488457, 0.0 ], [ -117.532982991785403, 54.047842221090697, 0.0 ], [ -117.532983084014901, 54.047842154389038, 0.0 ], [ -117.533596491514203, 54.047450671215877, 0.0 ], [ -117.533596586849399, 54.047450605347699, 0.0 ], [ -117.533984053341996, 54.047294976070212, 0.0 ], [ -117.534348797718906, 54.047120568085823, 0.0 ], [ -117.534667562213897, 54.046928577202713, 0.0 ], [ -117.534667660763006, 54.046928513964119, 0.0 ], [ -117.535234854552002, 54.046508600960948, 0.0 ], [ -117.535234951463593, 54.046508535957571, 0.0 ], [ -117.5353981816545, 54.046409148371737, 0.0 ], [ -117.535398279982502, 54.046409081539529, 0.0 ], [ -117.536119587872605, 54.046073579432779, 0.0 ], [ -117.536242666620694, 54.0459545230296, 0.0 ], [ -117.536251419785302, 54.045893375770561, 0.0 ], [ -117.536287518847601, 54.045641688073196, 0.0 ], [ -117.536391373172705, 54.045521107010217, 0.0 ], [ -117.5363914591221, 54.045521037740109, 0.0 ], [ -117.536758312147001, 54.045190140928931, 0.0 ], [ -117.5367583473558, 54.045190116800953, 0.0 ], [ -117.536758397985693, 54.045190069862038, 0.0 ], [ -117.536926757935404, 54.045098812295663, 0.0 ], [ -117.537805312747096, 54.04487321368687, 0.0 ], [ -117.538278554251306, 54.044775378727898, 0.0 ], [ -117.538661757802004, 54.044614258304577, 0.0 ], [ -117.539336293564602, 54.044460876992147, 0.0 ], [ -117.539764883504006, 54.044324919486932, 0.0 ], [ -117.540038803173999, 54.044299393209798, 0.0 ], [ -117.5402634987216, 54.044250775262647, 0.0 ], [ -117.540513741871194, 54.044271753591509, 0.0 ], [ -117.540720398352903, 54.044332957408663, 0.0 ], [ -117.540911403891201, 54.044412730170457, 0.0 ], [ -117.540911313317906, 54.04441279864227, 0.0 ], [ -117.540785666201799, 54.044512922191757, 0.0 ], [ -117.540785577209206, 54.044512991529459, 0.0 ], [ -117.540549850309304, 54.04456139301071, 0.0 ], [ -117.540391644979493, 54.044655480271011, 0.0 ], [ -117.540357357186593, 54.044794658855082, 0.0 ], [ -117.541307425568206, 54.04536519349795, 0.0 ], [ -117.541994215693506, 54.045704991128709, 0.0 ], [ -117.542387396513604, 54.045845328325854, 0.0 ], [ -117.542605957967595, 54.045906745768328, 0.0 ], [ -117.543037722130705, 54.046030541909957, 0.0 ], [ -117.543558149775095, 54.046109054249989, 0.0 ], [ -117.543823411590907, 54.046123837464997, 0.0 ], [ -117.543949894222294, 54.046064909857982, 0.0 ], [ -117.543994831439306, 54.046043974524309, 0.0 ], [ -117.544224356121404, 54.04605753273156, 0.0 ], [ -117.544411470017394, 54.04609489743941, 0.0 ], [ -117.5444666140653, 54.046105904610123, 0.0 ], [ -117.544738218146705, 54.046087876518961, 0.0 ], [ -117.545268793431305, 54.046017017622283, 0.0 ], [ -117.545490450770103, 54.045956999264469, 0.0 ], [ -117.5456881066591, 54.04588248561776, 0.0 ], [ -117.546042919738696, 54.0457029857129, 0.0 ], [ -117.546501811228794, 54.045414841371262, 0.0 ], [ -117.546501903431206, 54.045414774659513, 0.0 ], [ -117.547529268079103, 54.04459343843741, 0.0 ], [ -117.547529350900305, 54.044593368325998, 0.0 ], [ -117.547734314649006, 54.044407639429338, 0.0 ], [ -117.547931056748396, 54.044133329608421, 0.0 ], [ -117.547931139568007, 54.044133259496753, 0.0 ], [ -117.548553570132299, 54.043523740491501, 0.0 ], [ -117.548848644233402, 54.043112544073978, 0.0 ], [ -117.548969304832099, 54.042978631896091, 0.0 ], [ -117.549577699381899, 54.042333281380429, 0.0 ], [ -117.549577777341497, 54.042333206873508, 0.0 ], [ -117.549844606650595, 54.042116986291063, 0.0 ], [ -117.549844688267001, 54.042116921600012, 0.0 ], [ -117.550376106180707, 54.041861950505933, 0.0 ], [ -117.550683572147605, 54.041656763202411, 0.0 ], [ -117.550683675293399, 54.041656700752128, 0.0 ], [ -117.550856757192193, 54.04156172076965, 0.0 ], [ -117.551436488841105, 54.041311991968932, 0.0 ], [ -117.551750988469493, 54.041129062504083, 0.0 ], [ -117.551751083871395, 54.041128998418408, 0.0 ], [ -117.552328133180097, 54.040911052849133, 0.0 ], [ -117.552667169053095, 54.040745839219809, 0.0 ], [ -117.553233014960298, 54.040469335500248, 0.0 ], [ -117.553911408387705, 54.040089643663968, 0.0 ], [ -117.553911516378605, 54.040089585604981, 0.0 ], [ -117.554274489423094, 54.039910421247477, 0.0 ], [ -117.554274595942005, 54.039910364118839, 0.0 ], [ -117.554792080339098, 54.039621681592948, 0.0 ], [ -117.554792180311296, 54.039621617407597, 0.0 ], [ -117.554981204214201, 54.039537197891228, 0.0 ], [ -117.555992963874303, 54.039186038854531, 0.0 ], [ -117.556347095327894, 54.039017296014151, 0.0 ], [ -117.5566465728607, 54.038914207014471, 0.0 ], [ -117.556937465606396, 54.038789864838989, 0.0 ], [ -117.557154303781402, 54.038732976815403, 0.0 ], [ -117.557408281879503, 54.038701629605811, 0.0 ], [ -117.557628344765206, 54.038636159949803, 0.0 ], [ -117.557871331620305, 54.038604058091167, 0.0 ], [ -117.558121463374107, 54.038642816752187, 0.0 ], [ -117.558330918985604, 54.038704039542488, 0.0 ], [ -117.558501221769205, 54.038793664621693, 0.0 ], [ -117.558631987281004, 54.038901430720543, 0.0 ], [ -117.558973170882197, 54.039253999063959, 0.0 ], [ -117.559040712868494, 54.039394035783829, 0.0 ], [ -117.559042791403201, 54.039573871783091, 0.0 ], [ -117.558990540093006, 54.039866440811508, 0.0 ], [ -117.558997566029703, 54.040450412028413, 0.0 ], [ -117.558946404790902, 54.040614118944973, 0.0 ], [ -117.558791643805307, 54.040910841024647, 0.0 ], [ -117.558791559484305, 54.040910911176063, 0.0 ], [ -117.558669923101306, 54.041022995721789, 0.0 ], [ -117.558565845623804, 54.041164639147993, 0.0 ], [ -117.558608153523906, 54.04131337914977, 0.0 ], [ -117.558694128558201, 54.041452164679818, 0.0 ], [ -117.558830171481702, 54.041575756044317, 0.0 ], [ -117.559567591101001, 54.04188501904396, 0.0 ], [ -117.560177978795707, 54.042096373235687, 0.0 ], [ -117.560342443073495, 54.04219237390609, 0.0 ], [ -117.560707032621806, 54.042469688758622, 0.0 ], [ -117.560939204639993, 54.042602694605407, 0.0 ], [ -117.561204178135, 54.042823684210028, 0.0 ], [ -117.561425871675993, 54.042972337561103, 0.0 ], [ -117.561518845707198, 54.043024571549253, 0.0 ], [ -117.561715934001597, 54.043094174949267, 0.0 ], [ -117.561943036433405, 54.043151942221307, 0.0 ], [ -117.562223678866502, 54.043186953633843, 0.0 ], [ -117.562507116045893, 54.043170731176623, 0.0 ], [ -117.562764229024793, 54.043132410168539, 0.0 ], [ -117.563045550565803, 54.043121548942167, 0.0 ], [ -117.5633042175984, 54.043088648637223, 0.0 ], [ -117.563556409567795, 54.042971152014758, 0.0 ], [ -117.5638277716495, 54.042824820504187, 0.0 ], [ -117.563963411300705, 54.042708140788889, 0.0 ], [ -117.564062643656698, 54.042570717096723, 0.0 ], [ -117.564212577878905, 54.042277672462809, 0.0 ], [ -117.564284475890105, 54.041935645108488, 0.0 ], [ -117.564397701683703, 54.041609511950909, 0.0 ], [ -117.564418186967004, 54.041436044431769, 0.0 ], [ -117.564395334500304, 54.041266612719447, 0.0 ], [ -117.564315739841007, 54.041127962973917, 0.0 ], [ -117.564198697450493, 54.040819062252318, 0.0 ], [ -117.564078497696599, 54.040695011996419, 0.0 ], [ -117.563928545894896, 54.040592575419517, 0.0 ], [ -117.563547600755797, 54.040412577971459, 0.0 ], [ -117.563409885478904, 54.040313864209693, 0.0 ], [ -117.562971378943104, 54.039995636915528, 0.0 ], [ -117.562602259528006, 54.03963336332442, 0.0 ], [ -117.562522421542795, 54.039499571834348, 0.0 ], [ -117.5624623193942, 54.039340231377878, 0.0 ], [ -117.562390958975797, 54.039001421406731, 0.0 ], [ -117.5624013517196, 54.03881102908985, 0.0 ], [ -117.562449557254993, 54.038634308586751, 0.0 ], [ -117.562752834305002, 54.038036417078992, 0.0 ], [ -117.563164146664306, 54.037492400453061, 0.0 ], [ -117.563164238711707, 54.037492331932448, 0.0 ], [ -117.563302749075902, 54.037389740351372, 0.0 ], [ -117.563302846032698, 54.037389677122498, 0.0 ], [ -117.563802385412899, 54.037108720854683, 0.0 ], [ -117.563802485365002, 54.037108656662063, 0.0 ], [ -117.564362217395896, 54.03686981833571, 0.0 ], [ -117.564803990361696, 54.036538628823621, 0.0 ], [ -117.564804079407693, 54.036538561265168, 0.0 ], [ -117.565317280744395, 54.036357045984062, 0.0 ], [ -117.565367250148597, 54.036338367680521, 0.0 ], [ -117.5656269823711, 54.036300376293987, 0.0 ], [ -117.566402813668702, 54.036403613566513, 0.0 ], [ -117.567346176083802, 54.036429010446767, 0.0 ], [ -117.567919719974199, 54.036406931249282, 0.0 ], [ -117.568118684330003, 54.036341045624532, 0.0 ], [ -117.5682730071929, 54.036251162703103, 0.0 ], [ -117.568273097924902, 54.036251097804268, 0.0 ], [ -117.568530066670803, 54.036028170569352, 0.0 ], [ -117.568530161979695, 54.036028105572512, 0.0 ], [ -117.568731867506401, 54.035915325386981, 0.0 ], [ -117.568731973884297, 54.035915266449379, 0.0 ], [ -117.569028200458902, 54.035758910978153, 0.0 ], [ -117.569284596870801, 54.035558692203828, 0.0 ], [ -117.569392759389203, 54.035274807064482, 0.0 ], [ -117.569470065755795, 54.035071357076603, 0.0 ], [ -117.569624010291804, 54.034787573926813, 0.0 ], [ -117.569758869639699, 54.034282044751009, 0.0 ], [ -117.570082282696802, 54.033278496211139, 0.0 ], [ -117.570267550545196, 54.032234535380248, 0.0 ], [ -117.570366018829205, 54.031908105752883, 0.0 ], [ -117.570362222866905, 54.031725545666873, 0.0 ], [ -117.570291793596894, 54.031570346665937, 0.0 ], [ -117.570280046425296, 54.031398961129213, 0.0 ], [ -117.570398057185301, 54.031084254799858, 0.0 ], [ -117.570894700108596, 54.03040198069462, 0.0 ], [ -117.571001418898206, 54.030277661403026, 0.0 ], [ -117.571001506284304, 54.030277592076381, 0.0 ], [ -117.571270799659004, 54.030029523622389, 0.0 ], [ -117.571568682140807, 54.029611297015258, 0.0 ], [ -117.571896037187997, 54.029224409864042, 0.0 ], [ -117.571896123044795, 54.029224340569421, 0.0 ], [ -117.572586791535699, 54.028631116432813, 0.0 ], [ -117.572586878860307, 54.028631046206819, 0.0 ], [ -117.572732809696006, 54.028525885459047, 0.0 ], [ -117.572732901819094, 54.028525818727907, 0.0 ], [ -117.573117434753797, 54.028370015329372, 0.0 ], [ -117.573226453561702, 54.028331286412516, 0.0 ], [ -117.573722966584498, 54.02817787971199, 0.0 ], [ -117.574136299864307, 54.028192715393807, 0.0 ], [ -117.574353052202298, 54.028331605554293, 0.0 ], [ -117.574760603092201, 54.028591055538548, 0.0 ], [ -117.574929016442198, 54.028681698029892, 0.0 ], [ -117.575124142554202, 54.028752869959959, 0.0 ], [ -117.575403765443397, 54.028942665982242, 0.0 ], [ -117.575526566314295, 54.029076309210097, 0.0 ], [ -117.575593061382904, 54.029219573303997, 0.0 ], [ -117.575689763373504, 54.029347202730918, 0.0 ], [ -117.575760684862104, 54.029401845597697, 0.0 ], [ -117.575766161865104, 54.029406071540933, 0.0 ], [ -117.575822671917393, 54.029449588839761, 0.0 ], [ -117.576025548224493, 54.029501359840147, 0.0 ], [ -117.576040682221901, 54.029505217757936, 0.0 ], [ -117.576900063788202, 54.029756589348288, 0.0 ], [ -117.577275749470601, 54.029914307185621, 0.0 ], [ -117.577524456669295, 54.029961639834717, 0.0 ], [ -117.578173257894804, 54.030156360586339, 0.0 ], [ -117.578697604724397, 54.030228324105117, 0.0 ], [ -117.5792532788372, 54.030280356181343, 0.0 ], [ -117.579677848783305, 54.030301966274287, 0.0 ], [ -117.581426525731203, 54.030300710180967, 0.0 ], [ -117.582608807647404, 54.030332643887078, 0.0 ], [ -117.5830837663636, 54.030332016117782, 0.0 ], [ -117.583910418810703, 54.030225897481593, 0.0 ], [ -117.584153366936206, 54.030176458184727, 0.0 ], [ -117.584374596603894, 54.030121761498933, 0.0 ], [ -117.584989292511693, 54.029896808773763, 0.0 ], [ -117.585241928564201, 54.029854589934452, 0.0 ], [ -117.5863287876291, 54.029749729690032, 0.0 ], [ -117.586915971545594, 54.029727803898062, 0.0 ], [ -117.587983456891294, 54.029648621483737, 0.0 ], [ -117.5889770257089, 54.029635247777378, 0.0 ], [ -117.592165195319495, 54.0296949570496, 0.0 ], [ -117.593506833665899, 54.02967364850015, 0.0 ], [ -117.593967511684198, 54.029686969782723, 0.0 ], [ -117.595579621882095, 54.029708052952238, 0.0 ], [ -117.596144659283695, 54.029671629743639, 0.0 ], [ -117.597340275612794, 54.029641598225027, 0.0 ], [ -117.597575749228497, 54.02959469731281, 0.0 ], [ -117.597722941509105, 54.029499243481688, 0.0 ], [ -117.597799397541095, 54.029356518116103, 0.0 ], [ -117.597879075966702, 54.029085288417598, 0.0 ], [ -117.597926347219996, 54.0286834302796, 0.0 ], [ -117.597815419517502, 54.028337409443253, 0.0 ], [ -117.597777573820807, 54.028040308211487, 0.0 ], [ -117.597929372825902, 54.027553427038207, 0.0 ], [ -117.598000889414095, 54.027213539040403, 0.0 ], [ -117.598260175479297, 54.02694178678658, 0.0 ], [ -117.598306953270495, 54.026808357956881, 0.0 ], [ -117.598220266266907, 54.026680938749408, 0.0 ], [ -117.5983168705515, 54.026555858593667, 0.0 ], [ -117.598316924351593, 54.026555839441649, 0.0 ], [ -117.598316962572696, 54.026555790945181, 0.0 ], [ -117.598718694489193, 54.02641696888886, 0.0 ], [ -117.599076062488706, 54.026250861913169, 0.0 ], [ -117.599336579054196, 54.026026868391817, 0.0 ], [ -117.599336671128597, 54.026026801640811, 0.0 ], [ -117.599501505684202, 54.025925732665911, 0.0 ], [ -117.5995016009214, 54.025925667645197, 0.0 ], [ -117.600030529253402, 54.025690407840571, 0.0 ], [ -117.600353009598095, 54.025506438921489, 0.0 ], [ -117.600353107940094, 54.025506374732352, 0.0 ], [ -117.600534396118306, 54.025425514690333, 0.0 ], [ -117.601158704278106, 54.025241169416887, 0.0 ], [ -117.6021480664634, 54.025087907332669, 0.0 ], [ -117.602950675581894, 54.024997573185018, 0.0 ], [ -117.603239912515505, 54.024990008513733, 0.0 ], [ -117.604492415546204, 54.025024669762338, 0.0 ], [ -117.605081534456502, 54.025068571616579, 0.0 ], [ -117.605620104958604, 54.025130415850953, 0.0 ], [ -117.606201267260801, 54.025258812280079, 0.0 ], [ -117.6075414748897, 54.02555396801997, 0.0 ], [ -117.608675708333607, 54.025818340005102, 0.0 ], [ -117.609068859294894, 54.025830692639488, 0.0 ], [ -117.609482968085501, 54.025759259665257, 0.0 ], [ -117.609672857287293, 54.025683252806971, 0.0 ], [ -117.610199063730306, 54.025428463734663, 0.0 ], [ -117.610199170078204, 54.025428405659433, 0.0 ], [ -117.610864985565698, 54.025062012502929, 0.0 ], [ -117.611241558520206, 54.024891072921882, 0.0 ], [ -117.611683677648202, 54.024771465768993, 0.0 ], [ -117.612159792108898, 54.024684555414311, 0.0 ], [ -117.612687301042698, 54.024612427715631, 0.0 ], [ -117.612979853493101, 54.024589932123867, 0.0 ], [ -117.613602358755898, 54.02458529075404, 0.0 ], [ -117.614468154553094, 54.024636260017473, 0.0 ], [ -117.614716683096603, 54.024668714016357, 0.0 ], [ -117.615197241091195, 54.024761004987383, 0.0 ], [ -117.615435167479404, 54.024814422104747, 0.0 ], [ -117.615643078282702, 54.024889697292743, 0.0 ], [ -117.615800063766599, 54.024986095046309, 0.0 ], [ -117.615936359771297, 54.025105519816726, 0.0 ], [ -117.616310388150197, 54.025458078103611, 0.0 ], [ -117.616407982543507, 54.025582005738187, 0.0 ], [ -117.616674140651398, 54.025994583667092, 0.0 ], [ -117.616932576042501, 54.02671342598947, 0.0 ], [ -117.617066026039197, 54.027432136924602, 0.0 ], [ -117.617210166292793, 54.027919711142381, 0.0 ], [ -117.617384983242701, 54.028166623569128, 0.0 ], [ -117.617572247100497, 54.028343160624622, 0.0 ], [ -117.617798768174893, 54.028516529726687, 0.0 ], [ -117.618281780401105, 54.028826198127817, 0.0 ], [ -117.618415042939404, 54.028898774329257, 0.0 ], [ -117.618742459844398, 54.02901891709984, 0.0 ], [ -117.619263644529298, 54.029155726806437, 0.0 ], [ -117.619508042694406, 54.02920380081148, 0.0 ], [ -117.620276554990298, 54.029335888946846, 0.0 ], [ -117.621323315999305, 54.029481804613987, 0.0 ], [ -117.621923171156197, 54.029503351488977, 0.0 ], [ -117.622188748896804, 54.029480901568199, 0.0 ], [ -117.622649354024702, 54.029388404309501, 0.0 ], [ -117.623254049011607, 54.029189246050642, 0.0 ], [ -117.623637566151103, 54.029030745878103, 0.0 ], [ -117.623810417847395, 54.028939452720252, 0.0 ], [ -117.623960850960799, 54.028826989449392, 0.0 ], [ -117.623960935146698, 54.028826919253682, 0.0 ], [ -117.624210630010595, 54.028593366908567, 0.0 ], [ -117.624314835858797, 54.028463139594237, 0.0 ], [ -117.624346219832603, 54.028344478299331, 0.0 ], [ -117.624356416156203, 54.028305908010061, 0.0 ], [ -117.624299947448307, 54.028149972306558, 0.0 ], [ -117.623672175398397, 54.027395235784752, 0.0 ], [ -117.6232928386802, 54.026852143420911, 0.0 ], [ -117.623218523294696, 54.026713297648691, 0.0 ], [ -117.622978299728302, 54.025930190202203, 0.0 ], [ -117.622812578562005, 54.025281589858899, 0.0 ], [ -117.622816114186193, 54.025108371472307, 0.0 ], [ -117.622910281820396, 54.02497752160923, 0.0 ], [ -117.6229103691647, 54.024977453144118, 0.0 ], [ -117.623045220791099, 54.024861604582497, 0.0 ], [ -117.623045250113094, 54.024861585054211, 0.0 ], [ -117.623045308078304, 54.024861535219088, 0.0 ], [ -117.623380016648994, 54.0246772390811, 0.0 ], [ -117.623769767139194, 54.024524746839496, 0.0 ], [ -117.624128715576106, 54.02435847198911, 0.0 ], [ -117.624337005508494, 54.024280986485593, 0.0 ], [ -117.625190489426203, 54.024021975454119, 0.0 ], [ -117.626076375112405, 54.023789147856121, 0.0 ], [ -117.626573634051695, 54.023698580537918, 0.0 ], [ -117.627275178262195, 54.023540740189617, 0.0 ], [ -117.627942214391894, 54.023334556231923, 0.0 ], [ -117.628848783356602, 54.023115928962547, 0.0 ], [ -117.629323283545602, 54.023018675886647, 0.0 ], [ -117.630659624923098, 54.02265866609028, 0.0 ], [ -117.630974185683698, 54.022561516173631, 0.0 ], [ -117.631350925726295, 54.022411732850237, 0.0 ], [ -117.631993407700904, 54.022110784899667, 0.0 ], [ -117.632838621340795, 54.021538972003867, 0.0 ], [ -117.632948497952498, 54.021348589873533, 0.0 ], [ -117.633010665603607, 54.021116955947349, 0.0 ], [ -117.633215717985905, 54.020572130381282, 0.0 ], [ -117.633501288941105, 54.02019037591365, 0.0 ], [ -117.633501383997796, 54.020190309070323, 0.0 ], [ -117.633644899359894, 54.020092875733511, 0.0 ], [ -117.633644994416201, 54.020092808890119, 0.0 ], [ -117.634529951611796, 54.019674250526649, 0.0 ], [ -117.6350804111364, 54.019435696102271, 0.0 ], [ -117.6352809926357, 54.019368379049688, 0.0 ], [ -117.635799273450203, 54.019271198121999, 0.0 ], [ -117.636259380540395, 54.01920267580487, 0.0 ], [ -117.636689623987294, 54.019186497178573, 0.0 ], [ -117.637376923747894, 54.01926110495949, 0.0 ], [ -117.638111241721802, 54.019397101459553, 0.0 ], [ -117.639013397488498, 54.019636575937866, 0.0 ], [ -117.6392186148977, 54.019711779739609, 0.0 ], [ -117.639359781475903, 54.019819340086187, 0.0 ], [ -117.639586601333605, 54.020055575576301, 0.0 ], [ -117.639955004513297, 54.020375694107457, 0.0 ], [ -117.640098687832904, 54.020499402703891, 0.0 ], [ -117.640255698569703, 54.020596858522993, 0.0 ], [ -117.640781592726199, 54.020857840861623, 0.0 ], [ -117.640937764976201, 54.02095204566367, 0.0 ], [ -117.641151280714396, 54.021117343761297, 0.0 ], [ -117.6415036661691, 54.021370974813713, 0.0 ], [ -117.641787070101103, 54.021366553661878, 0.0 ], [ -117.641988666631605, 54.021179918783922, 0.0 ], [ -117.642010255112396, 54.021117429194739, 0.0 ], [ -117.642089023643706, 54.020870995212633, 0.0 ], [ -117.642172261210405, 54.020731944693551, 0.0 ], [ -117.642172348456896, 54.020731875316649, 0.0 ], [ -117.642302413127098, 54.020623503063362, 0.0 ], [ -117.642302488683299, 54.020623442038449, 0.0 ], [ -117.642469679941399, 54.020535324410368, 0.0 ], [ -117.642684001943607, 54.020467574010901, 0.0 ], [ -117.642922529840504, 54.02042163837703, 0.0 ], [ -117.643054064074903, 54.020414102967429, 0.0 ], [ -117.643516886183406, 54.020405777514988, 0.0 ], [ -117.644459481814806, 54.020422126564753, 0.0 ], [ -117.644747428527793, 54.020451090104601, 0.0 ], [ -117.645660243569793, 54.020671188984188, 0.0 ], [ -117.646156407624005, 54.020766731892436, 0.0 ], [ -117.646909474072601, 54.020887728080851, 0.0 ], [ -117.647403671323303, 54.020989729458861, 0.0 ], [ -117.647745243156606, 54.021086340664397, 0.0 ], [ -117.647854720899005, 54.021117259752288, 0.0 ], [ -117.648072080308907, 54.02116070766516, 0.0 ], [ -117.648605349582397, 54.021203138902223, 0.0 ], [ -117.6490933839966, 54.021294281623717, 0.0 ], [ -117.649346434537804, 54.021327252403587, 0.0 ], [ -117.649909045486297, 54.02136884471534, 0.0 ], [ -117.652492117368098, 54.021758845432217, 0.0 ], [ -117.653314793216794, 54.021847479726503, 0.0 ], [ -117.653921841246998, 54.021871091382842, 0.0 ], [ -117.654230697589796, 54.021871610285828, 0.0 ], [ -117.6545179929509, 54.021854139991653, 0.0 ], [ -117.654788875908295, 54.021834353988687, 0.0 ], [ -117.655749593462701, 54.021697348800302, 0.0 ], [ -117.656606472306194, 54.021607203034293, 0.0 ], [ -117.657186262944293, 54.021584688919958, 0.0 ], [ -117.657492162994998, 54.021593272573163, 0.0 ], [ -117.658251818572595, 54.021709933795371, 0.0 ], [ -117.658924085904701, 54.021876028500188, 0.0 ], [ -117.659349603901504, 54.022013009883537, 0.0 ], [ -117.6600505683205, 54.022353139660503, 0.0 ], [ -117.661226108819307, 54.02281176490056, 0.0 ], [ -117.661688345676595, 54.022911275054582, 0.0 ], [ -117.662986255193402, 54.023092988196538, 0.0 ], [ -117.663207517888196, 54.023152101491483, 0.0 ], [ -117.663570044607894, 54.023317124024281, 0.0 ], [ -117.663882386444101, 54.023511404579928, 0.0 ], [ -117.664051655654404, 54.023597066803028, 0.0 ], [ -117.664291311862598, 54.023668871695413, 0.0 ], [ -117.664516432370107, 54.023704680502789, 0.0 ], [ -117.666069503009098, 54.023725002845062, 0.0 ], [ -117.666345054896397, 54.023702009329938, 0.0 ], [ -117.666844510117102, 54.023629637296452, 0.0 ], [ -117.667174052399304, 54.023517700412228, 0.0 ], [ -117.667830823272098, 54.023294488666252, 0.0 ], [ -117.668291406065293, 54.023149830353937, 0.0 ], [ -117.668730051210403, 54.023063413888579, 0.0 ], [ -117.669733796187401, 54.022955545387823, 0.0 ], [ -117.670068479525199, 54.022939369395893, 0.0 ], [ -117.670717255762199, 54.022944899321047, 0.0 ], [ -117.670992415844296, 54.022973685138687, 0.0 ], [ -117.671492743592495, 54.023052971954961, 0.0 ], [ -117.672222231202696, 54.023205987363028, 0.0 ], [ -117.673108163207104, 54.023445061061288, 0.0 ], [ -117.673866198072403, 54.023592379285127, 0.0 ], [ -117.674107770674993, 54.023646243720457, 0.0 ], [ -117.674539117335598, 54.023773491855557, 0.0 ], [ -117.675267725704103, 54.023925398643293, 0.0 ], [ -117.676507818219804, 54.024151275513383, 0.0 ], [ -117.677450931022804, 54.02434006240788, 0.0 ], [ -117.678232668909402, 54.024456238425572, 0.0 ], [ -117.678851821205697, 54.02447550527225, 0.0 ], [ -117.679135464678495, 54.024457399176057, 0.0 ], [ -117.680526311833006, 54.024223645830169, 0.0 ], [ -117.681119695230606, 54.024122798949143, 0.0 ], [ -117.682276982570201, 54.023871881512669, 0.0 ], [ -117.682754722195696, 54.023787380422363, 0.0 ], [ -117.682837825399901, 54.02376500026508, 0.0 ], [ -117.682974295762804, 54.023728252304863, 0.0 ], [ -117.683348855952005, 54.023589459119997, 0.0 ], [ -117.684231665766504, 54.023166189669681, 0.0 ], [ -117.684654038307698, 54.023020788918387, 0.0 ], [ -117.685297513753994, 54.022828660358591, 0.0 ], [ -117.685602685805094, 54.022704532842027, 0.0 ], [ -117.686080530286006, 54.022410379274852, 0.0 ], [ -117.6860806284284, 54.022410314119007, 0.0 ], [ -117.686387443648002, 54.022198425837118, 0.0 ], [ -117.686387530938504, 54.022198358225261, 0.0 ], [ -117.686520343134205, 54.022084968977687, 0.0 ], [ -117.686520424033503, 54.022084897011389, 0.0 ], [ -117.686886262767004, 54.021730565943507, 0.0 ], [ -117.686993740074598, 54.0216024177845, 0.0 ], [ -117.687084352881797, 54.021467536498093, 0.0 ], [ -117.687261752423098, 54.021109261195157, 0.0 ], [ -117.687376003621296, 54.02069921418456, 0.0 ], [ -117.687442107226801, 54.020550176489749, 0.0 ], [ -117.687535868906295, 54.02042495377308, 0.0 ], [ -117.687535960940906, 54.020424888752572, 0.0 ], [ -117.687693275444005, 54.020324026280043, 0.0 ], [ -117.687693370470598, 54.020323960293027, 0.0 ], [ -117.6878961001172, 54.020253057933353, 0.0 ], [ -117.688127980432597, 54.020195677535767, 0.0 ], [ -117.688389008469102, 54.020152931624438, 0.0 ], [ -117.689023051157506, 54.020146532134312, 0.0 ], [ -117.6892804114662, 54.020177273590932, 0.0 ], [ -117.689740686437602, 54.020291495435082, 0.0 ], [ -117.689939985751295, 54.020355618849713, 0.0 ], [ -117.691142664148501, 54.020784986743578, 0.0 ], [ -117.691369884242704, 54.020838900544597, 0.0 ], [ -117.691635785998599, 54.020858692690119, 0.0 ], [ -117.691853642987198, 54.020794532428049, 0.0 ], [ -117.691995195984603, 54.020691779506947, 0.0 ], [ -117.692315608213605, 54.020325716311731, 0.0 ], [ -117.692452159939904, 54.019855866628298, 0.0 ], [ -117.6924536230987, 54.019510311446211, 0.0 ], [ -117.692260630339206, 54.019107459694361, 0.0 ], [ -117.691994670289205, 54.01884324770667, 0.0 ], [ -117.691793387043006, 54.018588581977447, 0.0 ], [ -117.691657847522606, 54.018291788560902, 0.0 ], [ -117.691610666641907, 54.018132233318902, 0.0 ], [ -117.691589094500202, 54.017784910483563, 0.0 ], [ -117.691727035115207, 54.017493204494748, 0.0 ], [ -117.691913814904794, 54.017244930721247, 0.0 ], [ -117.691913899009805, 54.017244861377613, 0.0 ], [ -117.692035473082598, 54.017127872252381, 0.0 ], [ -117.692035560353503, 54.017127804636601, 0.0 ], [ -117.692606923858193, 54.016762281774099, 0.0 ], [ -117.692607021861093, 54.016762214816822, 0.0 ], [ -117.692866373972095, 54.016645651966797, 0.0 ], [ -117.693067534842797, 54.01658084705052, 0.0 ], [ -117.693527911761095, 54.016450879965738, 0.0 ], [ -117.694100609082895, 54.016221981474757, 0.0 ], [ -117.694538587472294, 54.016088755669237, 0.0 ], [ -117.694767915080405, 54.016034123991588, 0.0 ], [ -117.695285235910802, 54.015948141551021, 0.0 ], [ -117.695555246244297, 54.015920885382478, 0.0 ], [ -117.697892135394099, 54.015777543645036, 0.0 ], [ -117.698497829469105, 54.015773196096951, 0.0 ], [ -117.698900232621597, 54.015812144918023, 0.0 ], [ -117.699708016808103, 54.01598207792096, 0.0 ], [ -117.700709736403098, 54.01629598032207, 0.0 ], [ -117.701082747758406, 54.01639314523544, 0.0 ], [ -117.702138111913001, 54.016561590886511, 0.0 ], [ -117.703064874684202, 54.016747720489221, 0.0 ], [ -117.703729045241801, 54.016907025955582, 0.0 ], [ -117.704227566250793, 54.016980041272731, 0.0 ], [ -117.704656757328195, 54.017022603567213, 0.0 ], [ -117.704705886832699, 54.017027475357438, 0.0 ], [ -117.705302336741198, 54.017018431200377, 0.0 ], [ -117.705834792488702, 54.01692943418761, 0.0 ], [ -117.706242520566406, 54.016795072930812, 0.0 ], [ -117.706418168638194, 54.016713251869781, 0.0 ], [ -117.706555945720694, 54.016608918445691, 0.0 ], [ -117.706773625602494, 54.016375756708499, 0.0 ], [ -117.706865266641302, 54.015909889250807, 0.0 ], [ -117.706970776080496, 54.015613852797443, 0.0 ], [ -117.706963222408504, 54.015441762063723, 0.0 ], [ -117.706834106425006, 54.015332750518738, 0.0 ], [ -117.706654131206804, 54.015252131998537, 0.0 ], [ -117.705680375393598, 54.015097061283349, 0.0 ], [ -117.705302532105705, 54.015005891125227, 0.0 ], [ -117.704586426225603, 54.014828494646608, 0.0 ], [ -117.704087014228904, 54.014551947213057, 0.0 ], [ -117.703955739128006, 54.014435954691209, 0.0 ], [ -117.703871139491994, 54.01429917382297, 0.0 ], [ -117.703681907805006, 54.013873546848743, 0.0 ], [ -117.703647391913805, 54.013663229539297, 0.0 ], [ -117.703665321332295, 54.013487462082452, 0.0 ], [ -117.703731548127806, 54.013343263449109, 0.0 ], [ -117.703990449243307, 54.01294203151263, 0.0 ], [ -117.703990534844493, 54.012941962126533, 0.0 ], [ -117.704649890620203, 54.012353659524372, 0.0 ], [ -117.704649982435399, 54.012353591796767, 0.0 ], [ -117.705122085808, 54.012077279917037, 0.0 ], [ -117.705122177796696, 54.012077214883512, 0.0 ], [ -117.7053011895011, 54.011930533190373, 0.0 ], [ -117.705301273514806, 54.011930462939567, 0.0 ], [ -117.7056636350666, 54.0116269648273, 0.0 ], [ -117.705663711338005, 54.011626892951661, 0.0 ], [ -117.705779531126595, 54.011504595990473, 0.0 ], [ -117.706190619761301, 54.010927149293437, 0.0 ], [ -117.706469837003397, 54.010408727269017, 0.0 ], [ -117.706549863512194, 54.010079109750279, 0.0 ], [ -117.706597267398095, 54.009739256427608, 0.0 ], [ -117.706676017037594, 54.009607259195477, 0.0 ], [ -117.706676097994801, 54.009607189012463, 0.0 ], [ -117.706797302845402, 54.00948985156711, 0.0 ], [ -117.706797379110995, 54.009489779690803, 0.0 ], [ -117.707180836290405, 54.009119237556767, 0.0 ], [ -117.707180923519999, 54.009119169930401, 0.0 ], [ -117.707661874882504, 54.008818942699193, 0.0 ], [ -117.707661969792994, 54.008818875798802, 0.0 ], [ -117.707945363085102, 54.008601380969608, 0.0 ], [ -117.707945461161003, 54.008601315796582, 0.0 ], [ -117.708099490606202, 54.008511831785832, 0.0 ], [ -117.708099585690405, 54.008511767579563, 0.0 ], [ -117.708700067488493, 54.008291491955767, 0.0 ], [ -117.7094442808054, 54.007791862182494, 0.0 ], [ -117.709444372544496, 54.007791793553217, 0.0 ], [ -117.709579753892996, 54.00767672023936, 0.0 ], [ -117.709874885484297, 54.007286727907349, 0.0 ], [ -117.710219004850103, 54.00692344991139, 0.0 ], [ -117.710219079522105, 54.006923377169272, 0.0 ], [ -117.710437139752599, 54.006731927876523, 0.0 ], [ -117.710437220697997, 54.006731857691072, 0.0 ], [ -117.710763924621602, 54.006460540644177, 0.0 ], [ -117.710764014889307, 54.006460472946529, 0.0 ], [ -117.711052929020497, 54.006272121469927, 0.0 ], [ -117.711053031893798, 54.006272059783797, 0.0 ], [ -117.711550248469095, 54.006003857648253, 0.0 ], [ -117.711956699087096, 54.005864645397452, 0.0 ], [ -117.712220259599306, 54.005807819654208, 0.0 ], [ -117.712466611638902, 54.005797604353447, 0.0 ], [ -117.7128820941886, 54.005841778704401, 0.0 ], [ -117.713161443041201, 54.005819717425638, 0.0 ], [ -117.714699390248697, 54.005804175291473, 0.0 ], [ -117.715285021704901, 54.005767692768437, 0.0 ], [ -117.7158824447218, 54.005765545825113, 0.0 ], [ -117.716121292802697, 54.005814363415901, 0.0 ], [ -117.716315480794904, 54.005886077037417, 0.0 ], [ -117.716640640649899, 54.00606785145402, 0.0 ], [ -117.716889349031504, 54.006133837472241, 0.0 ], [ -117.717382926736903, 54.006014207027746, 0.0 ], [ -117.7174742177734, 54.005986065562283, 0.0 ], [ -117.717723694696005, 54.005859604888272, 0.0 ], [ -117.717843304871906, 54.005795772155281, 0.0 ], [ -117.718506539923993, 54.005475435523792, 0.0 ], [ -117.7190953438988, 54.005079369361688, 0.0 ], [ -117.719095445173807, 54.005079306805207, 0.0 ], [ -117.719734551195202, 54.004718545918841, 0.0 ], [ -117.719734649536406, 54.004718485227158, 0.0 ], [ -117.720305878675802, 54.004300587699433, 0.0 ], [ -117.720305961241607, 54.004300519269343, 0.0 ], [ -117.721028402648201, 54.00358685072149, 0.0 ], [ -117.721113329066995, 54.003451494993797, 0.0 ], [ -117.721237717751094, 54.003169698392448, 0.0 ], [ -117.721371736051196, 54.002693373948723, 0.0 ], [ -117.721395556666394, 54.002526669902203, 0.0 ], [ -117.721363103581595, 54.001983033863802, 0.0 ], [ -117.721318531337303, 54.001822913553632, 0.0 ], [ -117.721303272525205, 54.001644465454568, 0.0 ], [ -117.721239640668898, 54.001488459313329, 0.0 ], [ -117.721122004550807, 54.001370622939987, 0.0 ], [ -117.721068073311002, 54.001343883892773, 0.0 ], [ -117.720881429438606, 54.001251343771983, 0.0 ], [ -117.720812456829407, 54.00121713976575, 0.0 ], [ -117.720445955133499, 54.001023746635767, 0.0 ], [ -117.719902571722997, 54.000783117946057, 0.0 ], [ -117.719550998808103, 54.000603977029463, 0.0 ], [ -117.719239663209706, 54.000423604020568, 0.0 ], [ -117.718817832781596, 54.000123405925819, 0.0 ], [ -117.718717628472305, 54.000052086085198, 0.0 ], [ -117.718631770936099, 53.999994603519589, 0.0 ], [ -117.718611410176706, 53.999980967038688, 0.0 ], [ -117.718525575793805, 53.999916225199406, 0.0 ], [ -117.718341532039702, 53.999708150079989, 0.0 ], [ -117.718214230020195, 53.99950001303592, 0.0 ], [ -117.718178603721199, 53.999291764869263, 0.0 ], [ -117.718178388873099, 53.999227863697797, 0.0 ], [ -117.718177812803901, 53.999062899702743, 0.0 ], [ -117.718225074453798, 53.99884940911226, 0.0 ], [ -117.718389588680196, 53.998466053652614, 0.0 ], [ -117.718537296951993, 53.998265298980073, 0.0 ], [ -117.718537390414099, 53.998265233902259, 0.0 ], [ -117.718998908462197, 53.997971595748311, 0.0 ], [ -117.7189990064375, 53.997971529668497, 0.0 ], [ -117.719587260260298, 53.997698240818828, 0.0 ], [ -117.719892368777906, 53.997584725949501, 0.0 ], [ -117.720603389467598, 53.997475860715141, 0.0 ], [ -117.720952473379995, 53.99745486533061, 0.0 ], [ -117.721925308985504, 53.997335384716791, 0.0 ], [ -117.722192229651796, 53.997324078332497, 0.0 ], [ -117.7225458158603, 53.997303327944913, 0.0 ], [ -117.723382717598199, 53.997246155278162, 0.0 ], [ -117.724425730119407, 53.99722428588619, 0.0 ], [ -117.724805555195502, 53.997254670951278, 0.0 ], [ -117.725849493966706, 53.997484795002833, 0.0 ], [ -117.726566640835202, 53.997699218620383, 0.0 ], [ -117.727217244895598, 53.997940789093519, 0.0 ], [ -117.728239556275, 53.99822235648579, 0.0 ], [ -117.728558547967793, 53.99832480960518, 0.0 ], [ -117.7292442939018, 53.998465357807049, 0.0 ], [ -117.729983169402203, 53.998676091617419, 0.0 ], [ -117.730077122916299, 53.998703763650397, 0.0 ], [ -117.731179926302204, 53.999028594153692, 0.0 ], [ -117.731781710020002, 53.999231185430887, 0.0 ], [ -117.731826710255802, 53.999246327219907, 0.0 ], [ -117.732193540350295, 53.999299846461511, 0.0 ], [ -117.732547151384694, 53.999319954170822, 0.0 ], [ -117.732922510887406, 53.999319455720133, 0.0 ], [ -117.733276039816403, 53.999318995927077, 0.0 ], [ -117.734291157871795, 53.999231650602937, 0.0 ], [ -117.734299609615306, 53.999230929322543, 0.0 ], [ -117.734702802951304, 53.9991962379329, 0.0 ], [ -117.735448654717999, 53.999066676358048, 0.0 ], [ -117.736421059986398, 53.998836502875193, 0.0 ], [ -117.736713091375506, 53.99873324486633, 0.0 ], [ -117.737009325029504, 53.998591415603549, 0.0 ], [ -117.737518573709096, 53.99826163062307, 0.0 ], [ -117.737518668547395, 53.998261563699877, 0.0 ], [ -117.738050071790994, 53.997985695606538, 0.0 ], [ -117.738276269342407, 53.997820879787277, 0.0 ], [ -117.738276350223401, 53.997820809583757, 0.0 ], [ -117.738450176404896, 53.997643205982747, 0.0 ], [ -117.738523546992397, 53.997437391485747, 0.0 ], [ -117.738508896147394, 53.997046536485513, 0.0 ], [ -117.738433922867202, 53.996851203595973, 0.0 ], [ -117.738297929106693, 53.99666881369177, 0.0 ], [ -117.738009406740005, 53.996548341000107, 0.0 ], [ -117.737017888679503, 53.996343971464732, 0.0 ], [ -117.7368242639171, 53.996277525112923, 0.0 ], [ -117.736659533616503, 53.99622101676264, 0.0 ], [ -117.736423245812006, 53.996064480490411, 0.0 ], [ -117.736221851946794, 53.99590016629076, 0.0 ], [ -117.735937583646702, 53.995751404266173, 0.0 ], [ -117.735546113761004, 53.995603617928317, 0.0 ], [ -117.734993688972807, 53.995436368343142, 0.0 ], [ -117.734718313985198, 53.995323587513802, 0.0 ], [ -117.734429711527298, 53.995177399622818, 0.0 ], [ -117.734140975443097, 53.994997780858057, 0.0 ], [ -117.733913368996298, 53.994820639535327, 0.0 ], [ -117.733601947138098, 53.994412194842063, 0.0 ], [ -117.733422396900096, 53.99425041557317, 0.0 ], [ -117.733251437417294, 53.994050063838358, 0.0 ], [ -117.7332193733005, 53.993656660868567, 0.0 ], [ -117.733271004612106, 53.993463743553143, 0.0 ], [ -117.733409843364598, 53.993247552060282, 0.0 ], [ -117.733732828541704, 53.992620016691887, 0.0 ], [ -117.733732910944894, 53.992619946456713, 0.0 ], [ -117.734039059567294, 53.992320973477803, 0.0 ], [ -117.734039145135498, 53.992320904969311, 0.0 ], [ -117.734517551351104, 53.992003531554943, 0.0 ], [ -117.734517647881304, 53.99200346729387, 0.0 ], [ -117.734543969207394, 53.991986003879518, 0.0 ], [ -117.734544062571402, 53.991985937891528, 0.0 ], [ -117.734809391953405, 53.991785072590027, 0.0 ], [ -117.734978720806296, 53.991563685681527, 0.0 ], [ -117.735056558080501, 53.991375873312599, 0.0 ], [ -117.735103783288096, 53.991177801567673, 0.0 ], [ -117.735251430138504, 53.990992459485383, 0.0 ], [ -117.735251511011896, 53.990992389283917, 0.0 ], [ -117.735438358604299, 53.990804489275362, 0.0 ], [ -117.735499532086905, 53.990693961606681, 0.0 ], [ -117.735542355928303, 53.990616629400343, 0.0 ], [ -117.735585175593798, 53.990405704497867, 0.0 ], [ -117.735516543422904, 53.989585487354702, 0.0 ], [ -117.735524387419602, 53.989361750981168, 0.0 ], [ -117.735474846261994, 53.988963231603833, 0.0 ], [ -117.735543026348196, 53.98853883720637, 0.0 ], [ -117.735542898222405, 53.988507979326663, 0.0 ], [ -117.735993092503307, 53.988036434141691, 0.0 ], [ -117.736105726470797, 53.987834882115813, 0.0 ], [ -117.736157288995798, 53.987633862336033, 0.0 ], [ -117.736326753126093, 53.987436947338011, 0.0 ], [ -117.736326840145693, 53.987436877895142, 0.0 ], [ -117.736972211315404, 53.986916958788797, 0.0 ], [ -117.736972292649597, 53.986916895771301, 0.0 ], [ -117.737515304862598, 53.986654936515087, 0.0 ], [ -117.737733820519395, 53.9865039247113, 0.0 ], [ -117.737733923363606, 53.986503863901341, 0.0 ], [ -117.738572885941494, 53.986049059703603, 0.0 ], [ -117.738572987377395, 53.986049000723931, 0.0 ], [ -117.7391141412011, 53.985720266370159, 0.0 ], [ -117.7391142392337, 53.985720202070823, 0.0 ], [ -117.740768540441906, 53.984905786795402, 0.0 ], [ -117.741070960461798, 53.984776168097149, 0.0 ], [ -117.741781808937404, 53.984611324623572, 0.0 ], [ -117.742156640176205, 53.984535396236119, 0.0 ], [ -117.742445813299796, 53.98447682709309, 0.0 ], [ -117.742616799379107, 53.984434017565469, 0.0 ], [ -117.7428185912526, 53.98438349284897, 0.0 ], [ -117.743079070310301, 53.984343155864863, 0.0 ], [ -117.744178646456803, 53.984173335694841, 0.0 ], [ -117.744518307458605, 53.984149716240758, 0.0 ], [ -117.744862857857001, 53.984146624257733, 0.0 ], [ -117.745212397859106, 53.984166641602158, 0.0 ], [ -117.745913426004606, 53.984283763857967, 0.0 ], [ -117.745975503746706, 53.984283654995707, 0.0 ], [ -117.746266774860402, 53.9842831624008, 0.0 ], [ -117.746615032154594, 53.984254322275838, 0.0 ], [ -117.7470063182855, 53.984201955232201, 0.0 ], [ -117.748102877049902, 53.984094386246497, 0.0 ], [ -117.748285702009596, 53.984060822170918, 0.0 ], [ -117.748441553581799, 53.984032211479743, 0.0 ], [ -117.748726607188402, 53.983921653544172, 0.0 ], [ -117.748779554179706, 53.983886880537867, 0.0 ], [ -117.748779650728295, 53.983886817163842, 0.0 ], [ -117.748992449746197, 53.983747055029177, 0.0 ], [ -117.748992544533607, 53.983746988097387, 0.0 ], [ -117.749290434173204, 53.983626034774304, 0.0 ], [ -117.749602445681305, 53.983546079169798, 0.0 ], [ -117.749943711355897, 53.983584148282667, 0.0 ], [ -117.750015495757296, 53.98359642566988, 0.0 ], [ -117.7501378771899, 53.983617339622981, 0.0 ], [ -117.750272349458697, 53.983640325985192, 0.0 ], [ -117.751096534572596, 53.983468939098643, 0.0 ], [ -117.751218745780093, 53.983443532055297, 0.0 ], [ -117.751338178559905, 53.983393214650917, 0.0 ], [ -117.751895766105505, 53.98315774818191, 0.0 ], [ -117.752234161534304, 53.983085261928977, 0.0 ], [ -117.752600911461101, 53.983097372465338, 0.0 ], [ -117.753187815239698, 53.983354325973288, 0.0 ], [ -117.753475142931194, 53.983498277227618, 0.0 ], [ -117.753757162326096, 53.983606286010513, 0.0 ], [ -117.754004769519597, 53.983732609552668, 0.0 ], [ -117.754268320807896, 53.984124468644332, 0.0 ], [ -117.7545156848132, 53.984298325877297, 0.0 ], [ -117.754844326486406, 53.984355828616962, 0.0 ], [ -117.754851728693595, 53.984357752794189, 0.0 ], [ -117.755212895890494, 53.984451777253661, 0.0 ], [ -117.755547385144197, 53.984607129998771, 0.0 ], [ -117.7557518362851, 53.984780972759793, 0.0 ], [ -117.755773185140299, 53.984799121790907, 0.0 ], [ -117.756089422331897, 53.984903062361667, 0.0 ], [ -117.756473442033894, 53.984864968192653, 0.0 ], [ -117.756846615001706, 53.984781270149107, 0.0 ], [ -117.757179048474498, 53.984706712156772, 0.0 ], [ -117.757541134739299, 53.984663587221362, 0.0 ], [ -117.757880357458603, 53.984558787525053, 0.0 ], [ -117.757977872533701, 53.98436257090718, 0.0 ], [ -117.757958325039894, 53.983937671482963, 0.0 ], [ -117.757788647131406, 53.983701603331923, 0.0 ], [ -117.757781079070199, 53.983490435523073, 0.0 ], [ -117.757781169152594, 53.983490366893292, 0.0 ], [ -117.758053372272599, 53.983290653944813, 0.0 ], [ -117.758276730193302, 53.983034485908462, 0.0 ], [ -117.758382070801801, 53.9827763473331, 0.0 ], [ -117.758308665351706, 53.982547505887418, 0.0 ], [ -117.758048012915594, 53.982363421508254, 0.0 ], [ -117.757735150786601, 53.982192509336507, 0.0 ], [ -117.757510060652393, 53.982046871082318, 0.0 ], [ -117.7572287264137, 53.981937604206188, 0.0 ], [ -117.757077492343797, 53.981763254605873, 0.0 ], [ -117.7571177836533, 53.981538944889152, 0.0 ], [ -117.757271917778098, 53.981041021126373, 0.0 ], [ -117.757417255005194, 53.980826471055217, 0.0 ], [ -117.757417338869104, 53.980826400769438, 0.0 ], [ -117.7578570147693, 53.980432634891187, 0.0 ], [ -117.758277839391894, 53.979943602358773, 0.0 ], [ -117.758277910766196, 53.979943527861849, 0.0 ], [ -117.758898124117593, 53.979353045844213, 0.0 ], [ -117.759104168617895, 53.979109839293869, 0.0 ], [ -117.759431786343498, 53.978528562676757, 0.0 ], [ -117.759942515651204, 53.977920572676723, 0.0 ], [ -117.7599426025523, 53.97792050231925, 0.0 ], [ -117.760258146238002, 53.977644439359388, 0.0 ], [ -117.760258228507794, 53.97764436820863, 0.0 ], [ -117.760568056553595, 53.977373308222781, 0.0 ], [ -117.760568137239304, 53.97737323620877, 0.0 ], [ -117.760576421186599, 53.97736599207704, 0.0 ], [ -117.760576502109998, 53.977365923655462, 0.0 ], [ -117.760955884161504, 53.977314971155117, 0.0 ], [ -117.761292102194702, 53.977300308159791, 0.0 ], [ -117.761662747585405, 53.977249408588669, 0.0 ], [ -117.761949662942399, 53.977152577021009, 0.0 ], [ -117.762342029041704, 53.977093821621906, 0.0 ], [ -117.762583961367099, 53.976920025104441, 0.0 ], [ -117.762815994953499, 53.976663793863622, 0.0 ], [ -117.762816085013199, 53.97666372523026, 0.0 ], [ -117.763023250739394, 53.97650041322872, 0.0 ], [ -117.763023331478706, 53.976500342111223, 0.0 ], [ -117.763272867447498, 53.97625182498242, 0.0 ], [ -117.763387756324207, 53.976050302222639, 0.0 ], [ -117.763547421549305, 53.975634762495737, 0.0 ], [ -117.763666486422593, 53.975420332954933, 0.0 ], [ -117.764164497830507, 53.97427404865013, 0.0 ], [ -117.764287679673899, 53.974044156928827, 0.0 ], [ -117.764635033827005, 53.973617309270708, 0.0 ], [ -117.764635116081493, 53.973617238117143, 0.0 ], [ -117.764833008643507, 53.973420497505543, 0.0 ], [ -117.764833087731503, 53.973420424625772, 0.0 ], [ -117.765488486669597, 53.972858058125553, 0.0 ], [ -117.765488562589496, 53.972857983519297, 0.0 ], [ -117.765845341604205, 53.972482670975729, 0.0 ], [ -117.765845431828495, 53.972482605034557, 0.0 ], [ -117.766139173651993, 53.972269885981611, 0.0 ], [ -117.7661392685051, 53.972269820833048, 0.0 ], [ -117.7664116986887, 53.972093273432158, 0.0 ], [ -117.766411793421796, 53.97209320648718, 0.0 ], [ -117.766932714506595, 53.971963721310843, 0.0 ], [ -117.767047256829301, 53.971935264112957, 0.0 ], [ -117.767392656557703, 53.971718660207401, 0.0 ], [ -117.767392757679602, 53.971718597611734, 0.0 ], [ -117.767631330356394, 53.971569015070997, 0.0 ], [ -117.767631425265094, 53.971568950819403, 0.0 ], [ -117.767969471155396, 53.971394579712047, 0.0 ], [ -117.768175814860996, 53.971179739695721, 0.0 ], [ -117.768175898866403, 53.971179672097122, 0.0 ], [ -117.768426767696994, 53.971021264772979, 0.0 ], [ -117.768426862543606, 53.971021199622669, 0.0 ], [ -117.768695883271903, 53.970901268485711, 0.0 ], [ -117.768924256904995, 53.97070178234862, 0.0 ], [ -117.768924337921106, 53.970701715717887, 0.0 ], [ -117.769264620578696, 53.970668967129633, 0.0 ], [ -117.769575971465102, 53.97074457148107, 0.0 ], [ -117.770239627266093, 53.970434481073887, 0.0 ], [ -117.770679279621504, 53.970331660931123, 0.0 ], [ -117.771115653009602, 53.970298400546703, 0.0 ], [ -117.771530898501098, 53.970311615752458, 0.0 ], [ -117.7718942066398, 53.970356022564268, 0.0 ], [ -117.772273669981402, 53.970315342252867, 0.0 ], [ -117.772600470403603, 53.970259477448373, 0.0 ], [ -117.772909495245301, 53.970185684537853, 0.0 ], [ -117.773050889369301, 53.970147471676768, 0.0 ], [ -117.773570796230203, 53.970006964643567, 0.0 ], [ -117.773970763307503, 53.969881156973507, 0.0 ], [ -117.774665862428805, 53.969630117103769, 0.0 ], [ -117.775584529637598, 53.969148627609833, 0.0 ], [ -117.775817908982404, 53.968992878926692, 0.0 ], [ -117.775817995897995, 53.968992809456303, 0.0 ], [ -117.775994372113402, 53.968821930278871, 0.0 ], [ -117.776033692729101, 53.96854352854384, 0.0 ], [ -117.775956134181499, 53.968332743663389, 0.0 ], [ -117.775791378053498, 53.968132734644961, 0.0 ], [ -117.7753569475273, 53.967728117988912, 0.0 ], [ -117.775157436814297, 53.967541179494432, 0.0 ], [ -117.774880386536495, 53.967143434930939, 0.0 ], [ -117.774781393208698, 53.966958524474748, 0.0 ], [ -117.774751741662598, 53.966737174593533, 0.0 ], [ -117.774801141239394, 53.966543720303527, 0.0 ], [ -117.774484962284802, 53.966437264943423, 0.0 ], [ -117.774376949011199, 53.96623435620517, 0.0 ], [ -117.774478011818502, 53.965991692166071, 0.0 ], [ -117.774478840071694, 53.965765015461479, 0.0 ], [ -117.7755060323978, 53.964404614056868, 0.0 ], [ -117.775748871430693, 53.964011785039602, 0.0 ], [ -117.775911438741801, 53.963791962075319, 0.0 ], [ -117.776000111494994, 53.963595725493171, 0.0 ], [ -117.776000198399302, 53.963595656022733, 0.0 ], [ -117.776189864744495, 53.963437566257603, 0.0 ], [ -117.776189941524393, 53.963437505116453, 0.0 ], [ -117.776506243772204, 53.963273520127572, 0.0 ], [ -117.777279275651495, 53.962985972767363, 0.0 ], [ -117.777484669797801, 53.962919704082083, 0.0 ], [ -117.777587837473405, 53.962886424694759, 0.0 ], [ -117.777895422239197, 53.962730261611753, 0.0 ], [ -117.777895526668601, 53.962730203427647, 0.0 ], [ -117.779355145496993, 53.961878609224819, 0.0 ], [ -117.779355246696994, 53.961878548415719, 0.0 ], [ -117.7796269471812, 53.961702256160713, 0.0 ], [ -117.779627045154996, 53.961702192727643, 0.0 ], [ -117.779792045340201, 53.961595128139187, 0.0 ], [ -117.779792138565199, 53.96159506211746, 0.0 ], [ -117.780055462238096, 53.961394866543777, 0.0 ], [ -117.780055544442703, 53.961394795380102, 0.0 ], [ -117.780301456573696, 53.961155855999181, 0.0 ], [ -117.780301529460104, 53.961155782352662, 0.0 ], [ -117.780498881837005, 53.960929155711987, 0.0 ], [ -117.781204371542501, 53.9600082676291, 0.0 ], [ -117.781589235334707, 53.959547402431163, 0.0 ], [ -117.781589302064702, 53.95954732802695, 0.0 ], [ -117.7819126707371, 53.959214683038567, 0.0 ], [ -117.781912746842707, 53.959214612014847, 0.0 ], [ -117.782488714952606, 53.958730786925059, 0.0 ], [ -117.782488801955907, 53.958730719246333, 0.0 ], [ -117.782773684471294, 53.958523174362711, 0.0 ], [ -117.7827737823132, 53.958523109130972, 0.0 ], [ -117.783279727953499, 53.958208724263287, 0.0 ], [ -117.783279821225307, 53.958208659137057, 0.0 ], [ -117.783551537711304, 53.957996022432731, 0.0 ], [ -117.783551634147699, 53.957995959031891, 0.0 ], [ -117.783893620195002, 53.957803466983123, 0.0 ], [ -117.784219736782006, 53.957711531022852, 0.0 ], [ -117.784532419064902, 53.957599046704907, 0.0 ], [ -117.784840286282801, 53.957458273816513, 0.0 ], [ -117.786060213141496, 53.956995639185642, 0.0 ], [ -117.786482347966398, 53.95690058355634, 0.0 ], [ -117.786892703911207, 53.956888005595793, 0.0 ], [ -117.787281759204404, 53.956911618633541, 0.0 ], [ -117.787676761519293, 53.95703308045502, 0.0 ], [ -117.788579875723102, 53.957522622290227, 0.0 ], [ -117.789018881124093, 53.957937456618531, 0.0 ], [ -117.789296383705206, 53.958085315487523, 0.0 ], [ -117.789601356962507, 53.958209084944258, 0.0 ], [ -117.790016350218096, 53.958442129073852, 0.0 ], [ -117.790460439394295, 53.958755313440413, 0.0 ], [ -117.791707838314906, 53.959113430201683, 0.0 ], [ -117.792167740204206, 53.95924547012207, 0.0 ], [ -117.792232797337306, 53.959264141544701, 0.0 ], [ -117.792629605761505, 53.959223292494592, 0.0 ], [ -117.793011407309606, 53.959064044657197, 0.0 ], [ -117.793240259784397, 53.958905721376418, 0.0 ], [ -117.793240343604296, 53.958905651964777, 0.0 ], [ -117.793481117331694, 53.95867255537145, 0.0 ], [ -117.793481187144707, 53.958672481788128, 0.0 ], [ -117.793708365879397, 53.958408569800852, 0.0 ], [ -117.793708449757702, 53.958408501287018, 0.0 ], [ -117.794125977382507, 53.958032748480584, 0.0 ], [ -117.794811056090793, 53.956905914333802, 0.0 ], [ -117.795169856483696, 53.956133748979553, 0.0 ], [ -117.795467954813802, 53.955691850184188, 0.0 ], [ -117.795877962621503, 53.955084038808799, 0.0 ], [ -117.795878040398904, 53.955083970435389, 0.0 ], [ -117.796277616018401, 53.954679987800759, 0.0 ], [ -117.796277683556397, 53.954679925961983, 0.0 ], [ -117.797137011096098, 53.954345418236031, 0.0 ], [ -117.797431858256203, 53.954214965585592, 0.0 ], [ -117.798408695443896, 53.953856609130924, 0.0 ], [ -117.798830677086499, 53.953756359753562, 0.0 ], [ -117.7991791464203, 53.953700314801637, 0.0 ], [ -117.799562856129, 53.953664663258039, 0.0 ], [ -117.800257171851797, 53.953660764848102, 0.0 ], [ -117.801033866827197, 53.953620319916467, 0.0 ], [ -117.801531904499797, 53.953632969388117, 0.0 ], [ -117.802262635443995, 53.953718992290753, 0.0 ], [ -117.803068400634004, 53.953856096600617, 0.0 ], [ -117.803497721197402, 53.95393866403996, 0.0 ], [ -117.803901386842199, 53.95405486201615, 0.0 ], [ -117.804400701356201, 53.954230414157017, 0.0 ], [ -117.804665650781104, 53.95432356419925, 0.0 ], [ -117.804982631158694, 53.954478888606708, 0.0 ], [ -117.805286564872304, 53.954639427383633, 0.0 ], [ -117.805546998514203, 53.954807943156553, 0.0 ], [ -117.805746534116096, 53.954992277102441, 0.0 ], [ -117.806189917741506, 53.955399295114177, 0.0 ], [ -117.806347615592898, 53.955690670301621, 0.0 ], [ -117.806415065219099, 53.955815277607392, 0.0 ], [ -117.806619079087199, 53.956004728824126, 0.0 ], [ -117.806901748815307, 53.956198871007167, 0.0 ], [ -117.807553721314093, 53.956540304091057, 0.0 ], [ -117.807935000319802, 53.956620560548082, 0.0 ], [ -117.808282684500895, 53.956515554704801, 0.0 ], [ -117.808659638647001, 53.956333105949597, 0.0 ], [ -117.808972464319496, 53.956233445209939, 0.0 ], [ -117.809334655580003, 53.956215916769459, 0.0 ], [ -117.810126695465897, 53.956309271816266, 0.0 ], [ -117.810530152988505, 53.956409987830732, 0.0 ], [ -117.810877101166597, 53.956526496625067, 0.0 ], [ -117.811216570126703, 53.956720298325692, 0.0 ], [ -117.811493485465306, 53.956826901217198, 0.0 ], [ -117.811723525736895, 53.957005886899807, 0.0 ], [ -117.811828356172796, 53.957270584981181, 0.0 ], [ -117.812107291367397, 53.957500793129732, 0.0 ], [ -117.812453657438695, 53.957581237040657, 0.0 ], [ -117.813602585873895, 53.957597825339761, 0.0 ], [ -117.814446203390204, 53.957639338053539, 0.0 ], [ -117.814812655304706, 53.957614042224613, 0.0 ], [ -117.815187372222596, 53.957560383877798, 0.0 ], [ -117.815566893145203, 53.957532429797652, 0.0 ], [ -117.816481878711997, 53.957538920139008, 0.0 ], [ -117.816941770684195, 53.957542174760214, 0.0 ], [ -117.8173708782505, 53.957545201995273, 0.0 ], [ -117.817821471861905, 53.957588965115967, 0.0 ], [ -117.819625012801197, 53.957836097406762, 0.0 ], [ -117.820036668922199, 53.95790325318071, 0.0 ], [ -117.821193546107693, 53.958133511335006, 0.0 ], [ -117.822030015847801, 53.958267739915733, 0.0 ], [ -117.822744569967099, 53.958425847755208, 0.0 ], [ -117.824157418735197, 53.958811715029, 0.0 ], [ -117.824460437359505, 53.958910395717062, 0.0 ], [ -117.824715961564095, 53.959040261417783, 0.0 ], [ -117.824779618616205, 53.959132798532323, 0.0 ], [ -117.825131037323203, 53.959291912706448, 0.0 ], [ -117.825404088279001, 53.959458180833522, 0.0 ], [ -117.825606868397699, 53.959618328832832, 0.0 ], [ -117.825782357361703, 53.959828043243363, 0.0 ], [ -117.826018279795605, 53.96022436690896, 0.0 ], [ -117.826320459968102, 53.960632045289067, 0.0 ], [ -117.826711437796703, 53.961259172274353, 0.0 ], [ -117.827049610431601, 53.961879782456677, 0.0 ], [ -117.827658802273703, 53.962635787240799, 0.0 ], [ -117.827915254320104, 53.962914015929407, 0.0 ], [ -117.828228296678105, 53.963253631861981, 0.0 ], [ -117.829029193498599, 53.963935664007913, 0.0 ], [ -117.829176628375507, 53.964036759698338, 0.0 ], [ -117.829523404523897, 53.964274526492517, 0.0 ], [ -117.830120578795501, 53.964585249747323, 0.0 ], [ -117.830439622720405, 53.964719519710549, 0.0 ], [ -117.830738466591299, 53.964813065555582, 0.0 ], [ -117.831716462938999, 53.96500423582799, 0.0 ], [ -117.832026368383694, 53.965066615476943, 0.0 ], [ -117.833066547361696, 53.965207407044147, 0.0 ], [ -117.833390901758307, 53.965290044298072, 0.0 ], [ -117.833619378747599, 53.965441866884703, 0.0 ], [ -117.833919789444494, 53.965558530857223, 0.0 ], [ -117.834299990800602, 53.965626994610467, 0.0 ], [ -117.8346706789238, 53.965618427709103, 0.0 ], [ -117.835749428638096, 53.965485294042168, 0.0 ], [ -117.836829587155094, 53.965308338836607, 0.0 ], [ -117.837520427459594, 53.965122357964717, 0.0 ], [ -117.837908638275593, 53.965048984523683, 0.0 ], [ -117.838223923315695, 53.964995320099888, 0.0 ], [ -117.838593405598701, 53.964968727409413, 0.0 ], [ -117.838922264414705, 53.964922488474919, 0.0 ], [ -117.839253270654893, 53.964842700591838, 0.0 ], [ -117.839565281274204, 53.964740182812463, 0.0 ], [ -117.840240031276196, 53.964575163254587, 0.0 ], [ -117.840607282644996, 53.964515138699731, 0.0 ], [ -117.841217178088598, 53.964294958062759, 0.0 ], [ -117.8412573383808, 53.964265864203128, 0.0 ], [ -117.841257429928504, 53.964265797272851, 0.0 ], [ -117.841433746141803, 53.964138061560057, 0.0 ], [ -117.841433837627804, 53.964137993731583, 0.0 ], [ -117.841699358026105, 53.964255448817113, 0.0 ], [ -117.841717371265304, 53.964253577871233, 0.0 ], [ -117.842050726271097, 53.964218973069471, 0.0 ], [ -117.842393081690403, 53.964113158715271, 0.0 ], [ -117.842699854600099, 53.963997868625903, 0.0 ], [ -117.843277840637995, 53.963757835214693, 0.0 ], [ -117.844335516858493, 53.963179546269842, 0.0 ], [ -117.844584367699397, 53.962983265384572, 0.0 ], [ -117.844584449795306, 53.962983194178101, 0.0 ], [ -117.844664674780105, 53.962907366306013, 0.0 ], [ -117.844664752184499, 53.962907293411639, 0.0 ], [ -117.844793901936001, 53.96278523326238, 0.0 ], [ -117.844793988844799, 53.962785165539728, 0.0 ], [ -117.845040871812998, 53.9626249623796, 0.0 ], [ -117.845040964935194, 53.96262489630849, 0.0 ], [ -117.845394268661096, 53.962552310113963, 0.0 ], [ -117.846379164371299, 53.962454747213897, 0.0 ], [ -117.847422898544906, 53.962322314855953, 0.0 ], [ -117.847717079817699, 53.962215043236839, 0.0 ], [ -117.848025047169301, 53.962117740409219, 0.0 ], [ -117.848361839838205, 53.96212536579305, 0.0 ], [ -117.848743918432803, 53.962222081495007, 0.0 ], [ -117.849058626617193, 53.962356402623008, 0.0 ], [ -117.849316645109397, 53.962492052174937, 0.0 ], [ -117.849885314306704, 53.962831674801329, 0.0 ], [ -117.849982952112001, 53.962904721649082, 0.0 ], [ -117.850763480409, 53.963488591003333, 0.0 ], [ -117.850995337541093, 53.963624852856192, 0.0 ], [ -117.851713509276607, 53.964174734233239, 0.0 ], [ -117.851996127318301, 53.964351016189603, 0.0 ], [ -117.852311023262104, 53.964487912445733, 0.0 ], [ -117.852642738698407, 53.964549723687227, 0.0 ], [ -117.853036962912199, 53.964566297842559, 0.0 ], [ -117.853433582778194, 53.964618873829032, 0.0 ], [ -117.853740506854706, 53.96470187251991, 0.0 ], [ -117.853951343984406, 53.964782746097143, 0.0 ], [ -117.854063298233498, 53.964825696652078, 0.0 ], [ -117.854401443872703, 53.964918264255488, 0.0 ], [ -117.854781832967404, 53.964989237810407, 0.0 ], [ -117.8551633158323, 53.965011258532222, 0.0 ], [ -117.8554898689368, 53.964995914958877, 0.0 ], [ -117.856114457885795, 53.96486546348482, 0.0 ], [ -117.856444033033497, 53.964765070463791, 0.0 ], [ -117.856766973296104, 53.9646957196545, 0.0 ], [ -117.857190404263704, 53.964624521630768, 0.0 ], [ -117.857356428625707, 53.964624615533502, 0.0 ], [ -117.857550308081798, 53.964778831479997, 0.0 ], [ -117.857653268878806, 53.964950626830863, 0.0 ], [ -117.858565852903993, 53.96527188572712, 0.0 ], [ -117.858886200788305, 53.965424078757387, 0.0 ], [ -117.8594883471157, 53.965675294330012, 0.0 ], [ -117.859761242130702, 53.965836337474073, 0.0 ], [ -117.860256940186204, 53.966193061484987, 0.0 ], [ -117.860493737446404, 53.966336903682993, 0.0 ], [ -117.860818154341501, 53.966290706808707, 0.0 ], [ -117.860874791783303, 53.966093708431238, 0.0 ], [ -117.860848700101997, 53.965705418873142, 0.0 ], [ -117.860934837535694, 53.965492227185379, 0.0 ], [ -117.861088993359203, 53.965316058041523, 0.0 ], [ -117.861089083292299, 53.965315990234778, 0.0 ], [ -117.861305230962799, 53.96515391477039, 0.0 ], [ -117.861305320833594, 53.965153846065419, 0.0 ], [ -117.861891625333399, 53.964843967034838, 0.0 ], [ -117.862192953014599, 53.964713309208378, 0.0 ], [ -117.862544332966706, 53.964612379425489, 0.0 ], [ -117.862897271098902, 53.964534594312653, 0.0 ], [ -117.863592803262605, 53.964420464865313, 0.0 ], [ -117.8638961976215, 53.964320651282463, 0.0 ], [ -117.864429933776194, 53.964073818261411, 0.0 ], [ -117.864733341534404, 53.963973997688832, 0.0 ], [ -117.865085215755201, 53.963880778849557, 0.0 ], [ -117.865799779668706, 53.963724985883367, 0.0 ], [ -117.866031693820304, 53.963660248157822, 0.0 ], [ -117.8664643015141, 53.963539450370853, 0.0 ], [ -117.866491624521998, 53.963533889424227, 0.0 ], [ -117.866821912939898, 53.963466708685807, 0.0 ], [ -117.867149868315195, 53.963407528956097, 0.0 ], [ -117.867502223904594, 53.963386397421367, 0.0 ], [ -117.868250172074596, 53.963402367492918, 0.0 ], [ -117.868624689801294, 53.963385871735767, 0.0 ], [ -117.869413848037894, 53.963300421154017, 0.0 ], [ -117.869746504657996, 53.963246279663373, 0.0 ], [ -117.870090685161102, 53.963168666233862, 0.0 ], [ -117.870740176526297, 53.962955144225887, 0.0 ], [ -117.8708627152551, 53.962905449744959, 0.0 ], [ -117.871016524979495, 53.962843074504143, 0.0 ], [ -117.871726193554906, 53.962357760896168, 0.0 ], [ -117.871726293033902, 53.962357699149322, 0.0 ], [ -117.871974117449497, 53.962212872132262, 0.0 ], [ -117.871974215281398, 53.962212808625601, 0.0 ], [ -117.872249325472495, 53.962082725111017, 0.0 ], [ -117.872576776071597, 53.961951428182488, 0.0 ], [ -117.873211911174494, 53.961784575714532, 0.0 ], [ -117.873506377658003, 53.961682391889482, 0.0 ], [ -117.873754189390695, 53.961537547878542, 0.0 ], [ -117.873754219701596, 53.961537522866372, 0.0 ], [ -117.873903373380401, 53.961353775253123, 0.0 ], [ -117.8741243467679, 53.960939085291407, 0.0 ], [ -117.874204823116003, 53.960707963725497, 0.0 ], [ -117.874327142003494, 53.960061233857658, 0.0 ], [ -117.874396110607094, 53.959853577783591, 0.0 ], [ -117.874495602938197, 53.959645194408168, 0.0 ], [ -117.874495680469494, 53.959645124189343, 0.0 ], [ -117.874682982332601, 53.95944506969014, 0.0 ], [ -117.874683028116394, 53.959445047905213, 0.0 ], [ -117.874683070769905, 53.959445002808067, 0.0 ], [ -117.874958136839098, 53.959314924585243, 0.0 ], [ -117.876979893247395, 53.958857943514111, 0.0 ], [ -117.8771610714887, 53.958696649315797, 0.0 ], [ -117.876967881725605, 53.957840973154717, 0.0 ], [ -117.876965334694106, 53.95760923134776, 0.0 ], [ -117.877025721998393, 53.957404356240318, 0.0 ], [ -117.877142988794503, 53.957200708484301, 0.0 ], [ -117.877143069424207, 53.957200639088903, 0.0 ], [ -117.8775004204889, 53.956867803724073, 0.0 ], [ -117.877500452502503, 53.956867781368551, 0.0 ], [ -117.877500505623502, 53.956867733320919, 0.0 ], [ -117.878074370280501, 53.956570948621668, 0.0 ], [ -117.878300171321797, 53.956424048806603, 0.0 ], [ -117.8783002612697, 53.956423981885457, 0.0 ], [ -117.878708889510406, 53.956074487606678, 0.0 ], [ -117.878708965319703, 53.956074414727688, 0.0 ], [ -117.878724028186397, 53.956058402996312, 0.0 ], [ -117.878879989270104, 53.95589274895422, 0.0 ], [ -117.878993931251998, 53.955704641463967, 0.0 ], [ -117.878994014921005, 53.955704571994353, 0.0 ], [ -117.879003011167896, 53.955695670600853, 0.0 ], [ -117.879003085453405, 53.955695597758222, 0.0 ], [ -117.879178141098805, 53.955522609523491, 0.0 ], [ -117.879178223244494, 53.955522540090278, 0.0 ], [ -117.879183397483899, 53.955696016414642, 0.0 ], [ -117.879185137823001, 53.955754171000862, 0.0 ], [ -117.879185054339999, 53.955754243164691, 0.0 ], [ -117.878988876825105, 53.955951931991542, 0.0 ], [ -117.878988797909301, 53.955952004045677, 0.0 ], [ -117.878778011501097, 53.956126876045211, 0.0 ], [ -117.879085806774697, 53.956222663590033, 0.0 ], [ -117.879754689809602, 53.955975144307658, 0.0 ], [ -117.880035578548402, 53.955803772593868, 0.0 ], [ -117.880035667031393, 53.955803706606048, 0.0 ], [ -117.880153864992096, 53.955698278427953, 0.0 ], [ -117.8801539439674, 53.955698207271091, 0.0 ], [ -117.880257983423306, 53.955605382559227, 0.0 ], [ -117.880258056245793, 53.955605310650412, 0.0 ], [ -117.880432931708, 53.955415838665608, 0.0 ], [ -117.880576849337103, 53.955219281743823, 0.0 ], [ -117.8808013799257, 53.954794189726883, 0.0 ], [ -117.880800715399701, 53.954590740594917, 0.0 ], [ -117.880757156619893, 53.954398598591609, 0.0 ], [ -117.8806391360487, 53.954203081137003, 0.0 ], [ -117.880290897795604, 53.954090204143967, 0.0 ], [ -117.879205519110101, 53.953925146338698, 0.0 ], [ -117.878890074155194, 53.953844999852613, 0.0 ], [ -117.878723125890801, 53.953794435758631, 0.0 ], [ -117.878203546605803, 53.953637057551617, 0.0 ], [ -117.877884115571902, 53.953497768781531, 0.0 ], [ -117.877614373994604, 53.953318674918613, 0.0 ], [ -117.877409181427197, 53.953125175707527, 0.0 ], [ -117.877238498010897, 53.952925721846917, 0.0 ], [ -117.877124693085506, 53.952727514904367, 0.0 ], [ -117.877105919414703, 53.952514178986739, 0.0 ], [ -117.877139167295695, 53.952101324148572, 0.0 ], [ -117.877172345563693, 53.951881623043413, 0.0 ], [ -117.877295045147903, 53.951500150520538, 0.0 ], [ -117.877295127227299, 53.951500080190613, 0.0 ], [ -117.877487616780599, 53.951312764551709, 0.0 ], [ -117.877487695752393, 53.951312693396588, 0.0 ], [ -117.878139215862305, 53.950810672536143, 0.0 ], [ -117.8781393042144, 53.950810604753713, 0.0 ], [ -117.8784730913018, 53.950710044595709, 0.0 ], [ -117.878721800319099, 53.950693087581769, 0.0 ], [ -117.879164155329804, 53.950662903385137, 0.0 ], [ -117.879272142842694, 53.950630743721668, 0.0 ], [ -117.879577367319797, 53.950511572893006, 0.0 ], [ -117.879563969005005, 53.950313592354732, 0.0 ], [ -117.879382152121096, 53.950142740367859, 0.0 ], [ -117.879132306171897, 53.949999230452427, 0.0 ], [ -117.878853848517196, 53.949884730828373, 0.0 ], [ -117.8787213124521, 53.94982099853511, 0.0 ], [ -117.878271701276105, 53.949604805494673, 0.0 ], [ -117.878021502241495, 53.949456155717087, 0.0 ], [ -117.877789651440096, 53.949255564240502, 0.0 ], [ -117.877658052947496, 53.949052623003368, 0.0 ], [ -117.877642987960101, 53.948635733093447, 0.0 ], [ -117.877676847759005, 53.948554476589173, 0.0 ], [ -117.877789739248499, 53.948283525230252, 0.0 ], [ -117.877812049940999, 53.948229990443181, 0.0 ], [ -117.877960325954007, 53.948033336351038, 0.0 ], [ -117.877960418991407, 53.948033270255351, 0.0 ], [ -117.878436424299494, 53.947713078092129, 0.0 ], [ -117.878590602634503, 53.947539497921781, 0.0 ], [ -117.878590676783006, 53.947539423283438, 0.0 ], [ -117.878723482368599, 53.947421233560682, 0.0 ], [ -117.8787235613311, 53.947421162404829, 0.0 ], [ -117.878985967491403, 53.947187649632632, 0.0 ], [ -117.878986042195606, 53.9471875830763, 0.0 ], [ -117.879601238253201, 53.94698768047467, 0.0 ], [ -117.879902736009299, 53.946862113298792, 0.0 ], [ -117.880156714631894, 53.946681069576329, 0.0 ], [ -117.880156796759096, 53.946681000142583, 0.0 ], [ -117.880250557306098, 53.946583579660313, 0.0 ], [ -117.880250628405406, 53.946583505094047, 0.0 ], [ -117.880816634770596, 53.945980475056807, 0.0 ], [ -117.881045635847897, 53.945557854899938, 0.0 ], [ -117.881124486582394, 53.945367992792782, 0.0 ], [ -117.881510945882894, 53.944820610786479, 0.0 ], [ -117.881607573561794, 53.9446354829279, 0.0 ], [ -117.881646652483596, 53.944438820540462, 0.0 ], [ -117.881599131182497, 53.943994371510797, 0.0 ], [ -117.881518108044801, 53.943764487005083, 0.0 ], [ -117.8811716816342, 53.94367734621644, 0.0 ], [ -117.880864635229798, 53.943785016750738, 0.0 ], [ -117.880490843205195, 53.943809261272143, 0.0 ], [ -117.880152809313202, 53.943716770965118, 0.0 ], [ -117.879884688480502, 53.94356081235177, 0.0 ], [ -117.879745773138097, 53.943378649454097, 0.0 ], [ -117.879749302624603, 53.943172521469769, 0.0 ], [ -117.879839826746306, 53.942961782241532, 0.0 ], [ -117.879963706280094, 53.94253390889007, 0.0 ], [ -117.880075847692794, 53.942320072757873, 0.0 ], [ -117.880228092597505, 53.94211818122978, 0.0 ], [ -117.880228181052104, 53.942118115242067, 0.0 ], [ -117.880477421311795, 53.941932040701033, 0.0 ], [ -117.880477511101901, 53.941931971982541, 0.0 ], [ -117.881369531377302, 53.941501469164997, 0.0 ], [ -117.881676881479194, 53.941398946700062, 0.0 ], [ -117.882522545050094, 53.941065403329027, 0.0 ], [ -117.883267093453796, 53.940771723169391, 0.0 ], [ -117.883856889761802, 53.940585278521638, 0.0 ], [ -117.884181325867402, 53.940541573504511, 0.0 ], [ -117.884567824371004, 53.940511866542629, 0.0 ], [ -117.885944741354393, 53.94021671457601, 0.0 ], [ -117.886324787327794, 53.940156250757028, 0.0 ], [ -117.886664200878201, 53.940076129079223, 0.0 ], [ -117.887583298433299, 53.93972480053764, 0.0 ], [ -117.888281484881304, 53.939592427576237, 0.0 ], [ -117.888666749615396, 53.939544707148997, 0.0 ], [ -117.8898610644912, 53.939068397809713, 0.0 ], [ -117.890063178238705, 53.938896283196229, 0.0 ], [ -117.890063260458604, 53.938896215552063, 0.0 ], [ -117.890458125822207, 53.938861140903647, 0.0 ], [ -117.890738436269004, 53.938746353183497, 0.0 ], [ -117.890802680557201, 53.938726483684668, 0.0 ], [ -117.891071913340298, 53.938643179542566, 0.0 ], [ -117.891262338494997, 53.938606660693182, 0.0 ], [ -117.892067301192199, 53.938452271731933, 0.0 ], [ -117.892738081539406, 53.938366885562182, 0.0 ], [ -117.8930760820258, 53.938266182429658, 0.0 ], [ -117.893377476125806, 53.938140583467188, 0.0 ], [ -117.893685315841296, 53.937981351152082, 0.0 ], [ -117.894312307278895, 53.937765639699307, 0.0 ], [ -117.894503972181695, 53.937568016207393, 0.0 ], [ -117.894600319694504, 53.937380292129689, 0.0 ], [ -117.894600398673504, 53.937380221861893, 0.0 ], [ -117.894763130119202, 53.937206468972633, 0.0 ], [ -117.894763205929394, 53.937206396982148, 0.0 ], [ -117.894995466814294, 53.937028413039307, 0.0 ], [ -117.894995562968802, 53.93702834865357, 0.0 ], [ -117.895272578075705, 53.936867318966961, 0.0 ], [ -117.895272672707307, 53.936867254617717, 0.0 ], [ -117.895591313708493, 53.936738667513652, 0.0 ], [ -117.896251603688597, 53.936627765789673, 0.0 ], [ -117.896642775905903, 53.936603058117839, 0.0 ], [ -117.896970841883999, 53.9366133217327, 0.0 ], [ -117.898120306324003, 53.936763820483257, 0.0 ], [ -117.898506599913304, 53.93679589213307, 0.0 ], [ -117.898834317110797, 53.936801009375607, 0.0 ], [ -117.899200382681101, 53.936792332729162, 0.0 ], [ -117.899547091929307, 53.936755797784002, 0.0 ], [ -117.8999354471987, 53.936689934359222, 0.0 ], [ -117.900690053034694, 53.93661796918154, 0.0 ], [ -117.901329415404305, 53.936520408171802, 0.0 ], [ -117.902091872944993, 53.936499760430728, 0.0 ], [ -117.9024813002586, 53.936513702832549, 0.0 ], [ -117.903207341109393, 53.93659951648263, 0.0 ], [ -117.903497802231598, 53.936590625297349, 0.0 ], [ -117.903581956641105, 53.936588053291082, 0.0 ], [ -117.903858376447999, 53.936481047154253, 0.0 ], [ -117.904103638334902, 53.936302733204521, 0.0 ], [ -117.904103723320901, 53.936302661885399, 0.0 ], [ -117.904292027413305, 53.936120560709718, 0.0 ], [ -117.904464432226106, 53.935704383403532, 0.0 ], [ -117.904572942689995, 53.935503490588857, 0.0 ], [ -117.904717032866699, 53.935312062986682, 0.0 ], [ -117.904717119496397, 53.935311993426318, 0.0 ], [ -117.904919359518303, 53.935142423249808, 0.0 ], [ -117.904919451024995, 53.935142358068838, 0.0 ], [ -117.905425919253005, 53.934826484631493, 0.0 ], [ -117.905426015261199, 53.934826418441617, 0.0 ], [ -117.905724917174098, 53.93472918547716, 0.0 ], [ -117.906108892345003, 53.934663407763509, 0.0 ], [ -117.907259318846599, 53.934636093214749, 0.0 ], [ -117.908008629317195, 53.934551330389283, 0.0 ], [ -117.908341729587605, 53.934571748325723, 0.0 ], [ -117.908660925355605, 53.934643993372951, 0.0 ], [ -117.909409090527504, 53.93473440079233, 0.0 ], [ -117.909808285625701, 53.934763544252426, 0.0 ], [ -117.910161782560706, 53.934762868190802, 0.0 ], [ -117.910856710580305, 53.934712861942309, 0.0 ], [ -117.911211053414306, 53.934660656791337, 0.0 ], [ -117.911524608258702, 53.934586236132077, 0.0 ], [ -117.912003901896895, 53.934319886774396, 0.0 ], [ -117.912219919359003, 53.93408113397652, 0.0 ], [ -117.912219990442694, 53.934081060290211, 0.0 ], [ -117.912420424073005, 53.933899273917973, 0.0 ], [ -117.9124205028901, 53.933899201842927, 0.0 ], [ -117.912655707365801, 53.933685860810172, 0.0 ], [ -117.912655798731905, 53.933685793827507, 0.0 ], [ -117.913149755399303, 53.93339249224114, 0.0 ], [ -117.913149848348297, 53.933392426119148, 0.0 ], [ -117.9133871262013, 53.933191885551572, 0.0 ], [ -117.913387215918206, 53.933191816809298, 0.0 ], [ -117.913639058456496, 53.933016753612897, 0.0 ], [ -117.913639151278701, 53.933016685694561, 0.0 ], [ -117.913997203228007, 53.93293992504038, 0.0 ], [ -117.914367964430397, 53.932932488199953, 0.0 ], [ -117.914776600193804, 53.932975838278843, 0.0 ], [ -117.915205646725795, 53.933070309164719, 0.0 ], [ -117.915560825932403, 53.933171425070491, 0.0 ], [ -117.915579800763297, 53.933179703825473, 0.0 ], [ -117.916039425024096, 53.933380039893883, 0.0 ], [ -117.916532914431897, 53.933595165121588, 0.0 ], [ -117.917065102074602, 53.933908236404378, 0.0 ], [ -117.917138660578402, 53.933951520670739, 0.0 ], [ -117.9174005052366, 53.934175608131227, 0.0 ], [ -117.918134862709394, 53.934717505628662, 0.0 ], [ -117.918664636128895, 53.935119182848368, 0.0 ], [ -117.919479748625093, 53.935698101792283, 0.0 ], [ -117.920124473372297, 53.936048495986029, 0.0 ], [ -117.920766484141097, 53.936427296734777, 0.0 ], [ -117.921791301999605, 53.937081863001993, 0.0 ], [ -117.922314131083695, 53.937362565321777, 0.0 ], [ -117.922622865683195, 53.937490349793222, 0.0 ], [ -117.922950167558398, 53.937486349568118, 0.0 ], [ -117.923338298778503, 53.937401227799718, 0.0 ], [ -117.9237384271065, 53.937372569531213, 0.0 ], [ -117.924096721721995, 53.937375658570183, 0.0 ], [ -117.924443031418903, 53.937322296819318, 0.0 ], [ -117.9248260187033, 53.937299130366213, 0.0 ], [ -117.925235496481207, 53.937205840747893, 0.0 ], [ -117.926134031263203, 53.937035702376782, 0.0 ], [ -117.926991437267802, 53.936984930031123, 0.0 ], [ -117.927639380471803, 53.936786330008992, 0.0 ], [ -117.928268120128095, 53.936611639183752, 0.0 ], [ -117.928679496387403, 53.936497349547167, 0.0 ], [ -117.929036610715499, 53.936330392565729, 0.0 ], [ -117.929233549554297, 53.936112573902413, 0.0 ], [ -117.929733507040496, 53.935471117918709, 0.0 ], [ -117.929733592106402, 53.935471048377998, 0.0 ], [ -117.9299329022693, 53.935294440640142, 0.0 ], [ -117.929932987460404, 53.935294372895243, 0.0 ], [ -117.930226124979896, 53.935079780056533, 0.0 ], [ -117.930226217968098, 53.935079714819622, 0.0 ], [ -117.930611025306106, 53.934937954222647, 0.0 ], [ -117.931545719300701, 53.9347902304794, 0.0 ], [ -117.931924622017704, 53.934772275281162, 0.0 ], [ -117.932265153515502, 53.934770546485133, 0.0 ], [ -117.932598443032205, 53.934794738924403, 0.0 ], [ -117.932969460850501, 53.934867131368392, 0.0 ], [ -117.933298240716397, 53.934963573824739, 0.0 ], [ -117.933566531007301, 53.934847372425949, 0.0 ], [ -117.933672312711707, 53.934639109859773, 0.0 ], [ -117.933906724508603, 53.934013308570108, 0.0 ], [ -117.933944174394796, 53.933939645003662, 0.0 ], [ -117.934004703450299, 53.933820629038003, 0.0 ], [ -117.934213981431398, 53.933589629652353, 0.0 ], [ -117.934214024553398, 53.933589614205673, 0.0 ], [ -117.934214072699106, 53.933589561755717, 0.0 ], [ -117.934586064317102, 53.933453189101158, 0.0 ], [ -117.934986761433095, 53.933360048679191, 0.0 ], [ -117.935305813855607, 53.933214428674837, 0.0 ], [ -117.935560729791504, 53.933018650416997, 0.0 ], [ -117.935560815158098, 53.93301858536222, 0.0 ], [ -117.936219061668496, 53.932698593568901, 0.0 ], [ -117.937022758636701, 53.932251982706163, 0.0 ], [ -117.937746707097602, 53.93193580470551, 0.0 ], [ -117.938408540390697, 53.931602865648458, 0.0 ], [ -117.938740793689703, 53.931459557560991, 0.0 ], [ -117.940117748898899, 53.931034795168152, 0.0 ], [ -117.940342606794104, 53.930992333621163, 0.0 ], [ -117.940802142759594, 53.930905556653592, 0.0 ], [ -117.941279586824095, 53.930815398445453, 0.0 ], [ -117.942049903904802, 53.930696704921019, 0.0 ], [ -117.942462759338895, 53.930587827546589, 0.0 ], [ -117.942728259403196, 53.930425295631238, 0.0 ], [ -117.942728355341302, 53.9304252294124, 0.0 ], [ -117.943137750250798, 53.930257162954582, 0.0 ], [ -117.943486524612197, 53.930172770740853, 0.0 ], [ -117.943811665155096, 53.930132667913853, 0.0 ], [ -117.944513097067698, 53.93010554403898, 0.0 ], [ -117.945223534624802, 53.930083390697298, 0.0 ], [ -117.945574097451399, 53.930029881369208, 0.0 ], [ -117.9478400307203, 53.929576677575533, 0.0 ], [ -117.948464600202698, 53.929429982288298, 0.0 ], [ -117.9488990586417, 53.929318055433221, 0.0 ], [ -117.949318638078594, 53.929250251967247, 0.0 ], [ -117.949728142592093, 53.929234194415393, 0.0 ], [ -117.950397573557197, 53.929052112403753, 0.0 ], [ -117.950557658127707, 53.929008568511946, 0.0 ], [ -117.950689187945798, 53.928985211185498, 0.0 ], [ -117.951426284358902, 53.928854316717789, 0.0 ], [ -117.953034769308005, 53.928474176861329, 0.0 ], [ -117.953872530265599, 53.928276195718418, 0.0 ], [ -117.954645775135802, 53.928134154751334, 0.0 ], [ -117.955333309144706, 53.928094374950533, 0.0 ], [ -117.955739464982898, 53.928021662054192, 0.0 ], [ -117.956100519593704, 53.927924103753959, 0.0 ], [ -117.956613160640202, 53.927583847863758, 0.0 ], [ -117.956613251985104, 53.927583781746613, 0.0 ], [ -117.956901498780695, 53.927436157788591, 0.0 ], [ -117.957366614627304, 53.927400902813893, 0.0 ], [ -117.957705580778807, 53.927448101938992, 0.0 ], [ -117.958061264099697, 53.927556803580501, 0.0 ], [ -117.958854430543298, 53.927754505722049, 0.0 ], [ -117.959536337801197, 53.927990551849817, 0.0 ], [ -117.960201671849404, 53.928167657388137, 0.0 ], [ -117.960677174487103, 53.928160524397803, 0.0 ], [ -117.961142902896498, 53.928135540244291, 0.0 ], [ -117.961542954364305, 53.928181483068776, 0.0 ], [ -117.962118979999502, 53.928399063423171, 0.0 ], [ -117.962544901188394, 53.928439315316488, 0.0 ], [ -117.962918938374898, 53.928563100762659, 0.0 ], [ -117.963168071941794, 53.92878994047021, 0.0 ], [ -117.963450728189798, 53.928992889683691, 0.0 ], [ -117.964048333796399, 53.929279611167317, 0.0 ], [ -117.9643596685803, 53.929376311560951, 0.0 ], [ -117.964766448967595, 53.929313875651431, 0.0 ], [ -117.965114340494196, 53.929182929650644, 0.0 ], [ -117.965193641804703, 53.92915307934156, 0.0 ], [ -117.965573843652706, 53.928950658309859, 0.0 ], [ -117.965832926788494, 53.928812711570153, 0.0 ], [ -117.966420050820403, 53.928550701551032, 0.0 ], [ -117.966982704243705, 53.928245464782897, 0.0 ], [ -117.966982805084896, 53.928245403820092, 0.0 ], [ -117.967273294349695, 53.92806426171277, 0.0 ], [ -117.967273387327495, 53.928064197346032, 0.0 ], [ -117.967507194839797, 53.927884235797968, 0.0 ], [ -117.967507279762998, 53.927884165333467, 0.0 ], [ -117.967718543883507, 53.927691787759827, 0.0 ], [ -117.967718621007407, 53.927691714789503, 0.0 ], [ -117.968362454084101, 53.927060094889633, 0.0 ], [ -117.968362532918405, 53.927060024575098, 0.0 ], [ -117.968583106093504, 53.926877754321453, 0.0 ], [ -117.968583195832394, 53.926877687335143, 0.0 ], [ -117.968751623114699, 53.926767427080698, 0.0 ], [ -117.968751720779295, 53.926767364395829, 0.0 ], [ -117.968826932763704, 53.926718127081827, 0.0 ], [ -117.968827033471001, 53.926718064321634, 0.0 ], [ -117.969350383528294, 53.926413611039962, 0.0 ], [ -117.9693504796697, 53.926413548392283, 0.0 ], [ -117.969828092344002, 53.926073947404703, 0.0 ], [ -117.969828183600598, 53.92607388037986, 0.0 ], [ -117.9701295937342, 53.925928540080257, 0.0 ], [ -117.971096404462699, 53.925516986740952, 0.0 ], [ -117.971721841780607, 53.92531345487933, 0.0 ], [ -117.972632140939794, 53.924980356719828, 0.0 ], [ -117.973315455996399, 53.924796238261848, 0.0 ], [ -117.973494347331894, 53.924754655682896, 0.0 ], [ -117.973729412046396, 53.924700776627837, 0.0 ], [ -117.974093367912303, 53.924661714027103, 0.0 ], [ -117.974465405344006, 53.924677250520347, 0.0 ], [ -117.974773281610894, 53.924789479727693, 0.0 ], [ -117.975535188592005, 53.92497482604449, 0.0 ], [ -117.976378600178506, 53.925135290636767, 0.0 ], [ -117.977129567458306, 53.925356930981742, 0.0 ], [ -117.977497656936194, 53.925527179865632, 0.0 ], [ -117.977737920074105, 53.925676859171453, 0.0 ], [ -117.977804681119807, 53.925724992656853, 0.0 ], [ -117.977956826362401, 53.925834712267502, 0.0 ], [ -117.978207091125697, 53.926079541757822, 0.0 ], [ -117.978642676567105, 53.926578255869202, 0.0 ], [ -117.978732066178097, 53.926781839852993, 0.0 ], [ -117.978835085862201, 53.927246903229751, 0.0 ], [ -117.978866714234599, 53.927707557125487, 0.0 ], [ -117.978966404844101, 53.929022374113622, 0.0 ], [ -117.979000107068799, 53.929222692391178, 0.0 ], [ -117.979152454160399, 53.929436032940643, 0.0 ], [ -117.979432452924598, 53.929592621463897, 0.0 ], [ -117.979751309393606, 53.929815416390191, 0.0 ], [ -117.980017016583304, 53.929951688942737, 0.0 ], [ -117.980448314535806, 53.929935070669679, 0.0 ], [ -117.981102676219706, 53.929777274224698, 0.0 ], [ -117.981817153741602, 53.929749654444343, 0.0 ], [ -117.982403116494993, 53.929469567325938, 0.0 ], [ -117.982677288036697, 53.929234623629739, 0.0 ], [ -117.982757872510504, 53.929047401733293, 0.0 ], [ -117.982894784683594, 53.928779145528331, 0.0 ], [ -117.983065430882505, 53.928564309682031, 0.0 ], [ -117.983339005512505, 53.928097364509277, 0.0 ], [ -117.983655357087997, 53.927688831472437, 0.0 ], [ -117.983762098277595, 53.927501076264257, 0.0 ], [ -117.983915249604195, 53.927064959925687, 0.0 ], [ -117.983977282895694, 53.926789168515569, 0.0 ], [ -117.984122519169603, 53.92614325002657, 0.0 ], [ -117.984248412549107, 53.925689664584198, 0.0 ], [ -117.984344148561803, 53.925463484341002, 0.0 ], [ -117.9844887623874, 53.925251756491718, 0.0 ], [ -117.984488844233596, 53.925251686091308, 0.0 ], [ -117.984691130509205, 53.925056884018282, 0.0 ], [ -117.9846912140043, 53.925056815375747, 0.0 ], [ -117.984916981043398, 53.924889864115933, 0.0 ], [ -117.984917064345396, 53.924889792779453, 0.0 ], [ -117.985102679323305, 53.924708215862537, 0.0 ], [ -117.985328611190099, 53.924322144141428, 0.0 ], [ -117.985477566715502, 53.92411032044307, 0.0 ], [ -117.985637386117503, 53.923934353443762, 0.0 ], [ -117.985637480514697, 53.923934288127448, 0.0 ], [ -117.986121271609903, 53.923628004875603, 0.0 ], [ -117.986121367655301, 53.92362794131693, 0.0 ], [ -117.986388583153101, 53.92342405059393, 0.0 ], [ -117.986388668227704, 53.923423982810412, 0.0 ], [ -117.986650753346495, 53.923207320681882, 0.0 ], [ -117.986826649398907, 53.923007833715282, 0.0 ], [ -117.986826726223896, 53.923007757141391, 0.0 ], [ -117.987355865435106, 53.923316385577408, 0.0 ], [ -117.987686638759101, 53.923446130374828, 0.0 ], [ -117.988010933566102, 53.923539940748491, 0.0 ], [ -117.988388366574299, 53.923720266783128, 0.0 ], [ -117.988683666849596, 53.923840437890433, 0.0 ], [ -117.988990054138796, 53.923926880998827, 0.0 ], [ -117.989400478247902, 53.924000859123183, 0.0 ], [ -117.989872027287802, 53.924001411860317, 0.0 ], [ -117.989883344344406, 53.923998166798697, 0.0 ], [ -117.990296982949602, 53.923879235839792, 0.0 ], [ -117.990342769852802, 53.923861643157487, 0.0 ], [ -117.991714035385002, 53.923334502807407, 0.0 ], [ -117.992798707146306, 53.923000229742243, 0.0 ], [ -117.993877675219693, 53.922717593883547, 0.0 ], [ -117.994873714326602, 53.922361933386249, 0.0 ], [ -117.995219992903401, 53.922238795871174, 0.0 ], [ -117.995888445334799, 53.921954344024982, 0.0 ], [ -117.996568136499207, 53.921638734549617, 0.0 ], [ -117.997253860365802, 53.921351337404623, 0.0 ], [ -117.998294417591595, 53.920938027430267, 0.0 ], [ -117.999180366538894, 53.920641311306042, 0.0 ], [ -117.999511494813802, 53.920557121053797, 0.0 ], [ -117.999894080161695, 53.92049591661057, 0.0 ], [ -118.0000154549749, 53.920476501385266, 0.0 ], [ -118.000136789862495, 53.920457083435828, 0.0 ], [ -118.000288895738507, 53.920432742769847, 0.0 ], [ -118.000566597397395, 53.920388312959751, 0.0 ], [ -118.000595190985294, 53.920388170928177, 0.0 ], [ -118.000893913699898, 53.920386661626523, 0.0 ], [ -118.001221496069604, 53.920436120990203, 0.0 ], [ -118.001342890057401, 53.9204399732726, 0.0 ], [ -118.002146837646293, 53.920465549789157, 0.0 ], [ -118.003760849524994, 53.920647436730448, 0.0 ], [ -118.004248669647595, 53.920656612326177, 0.0 ], [ -118.004696142595094, 53.920646511609867, 0.0 ], [ -118.005536045993097, 53.920578768564432, 0.0 ], [ -118.006485703634397, 53.920586612606449, 0.0 ], [ -118.007253007896296, 53.920636254308128, 0.0 ], [ -118.007615233609897, 53.920657674442907, 0.0 ], [ -118.009143099188194, 53.920663017208817, 0.0 ], [ -118.009406922819693, 53.920645727560178, 0.0 ], [ -118.010300697814102, 53.92059912716951, 0.0 ], [ -118.010675667722595, 53.920558536618188, 0.0 ], [ -118.011120777611794, 53.92051495237105, 0.0 ], [ -118.011716507040703, 53.920505039434609, 0.0 ], [ -118.012457313721299, 53.920621839664342, 0.0 ], [ -118.012520719896102, 53.920626877408978, 0.0 ], [ -118.0127325457767, 53.920643718369249, 0.0 ], [ -118.013656995743204, 53.920636691570927, 0.0 ], [ -118.014202043318704, 53.920598190519947, 0.0 ], [ -118.014452018182894, 53.920566862900451, 0.0 ], [ -118.015140477282102, 53.920400413170832, 0.0 ], [ -118.015719948386405, 53.920380073622447, 0.0 ], [ -118.015901436432699, 53.920298385965268, 0.0 ], [ -118.016309778923699, 53.919974903509242, 0.0 ], [ -118.016309873328197, 53.919974839067443, 0.0 ], [ -118.016801471062095, 53.919681418860293, 0.0 ], [ -118.016801557665005, 53.919681351915592, 0.0 ], [ -118.016974569882706, 53.919502147236969, 0.0 ], [ -118.017039587128096, 53.919410358156007, 0.0 ], [ -118.017121866853003, 53.919294245730448, 0.0 ], [ -118.017340589536303, 53.919043652729641, 0.0 ], [ -118.017822323112199, 53.918388754336057, 0.0 ], [ -118.018088394431302, 53.917963927759267, 0.0 ], [ -118.018305422912206, 53.917710069590719, 0.0 ], [ -118.018541213189096, 53.91729254330798, 0.0 ], [ -118.018650387079305, 53.917172393296831, 0.0 ], [ -118.018738370311894, 53.916924250945591, 0.0 ], [ -118.018855570310194, 53.916731353072819, 0.0 ], [ -118.018855652081498, 53.916731282649877, 0.0 ], [ -118.018972086886194, 53.916615576886883, 0.0 ], [ -118.018972120378507, 53.916615555354603, 0.0 ], [ -118.018972167136099, 53.91661550650214, 0.0 ], [ -118.019316251661394, 53.916446028254953, 0.0 ], [ -118.019733504448894, 53.916315031479861, 0.0 ], [ -118.020456841363, 53.916180750378047, 0.0 ], [ -118.0221528349511, 53.916028581765509, 0.0 ], [ -118.022625379541097, 53.915976841758329, 0.0 ], [ -118.0228673219993, 53.915934603506592, 0.0 ], [ -118.023771784721106, 53.915696981857927, 0.0 ], [ -118.024603310089901, 53.91532639648554, 0.0 ], [ -118.024750730358903, 53.915260700316232, 0.0 ], [ -118.025055449634493, 53.915131733601228, 0.0 ], [ -118.025062732669596, 53.915130043231848, 0.0 ], [ -118.025537208166895, 53.915019651715767, 0.0 ], [ -118.026543546604799, 53.914846165484512, 0.0 ], [ -118.027329453223302, 53.914770773909773, 0.0 ], [ -118.027824184251003, 53.91469070496094, 0.0 ], [ -118.028127577104399, 53.914681428040844, 0.0 ], [ -118.028400776075401, 53.914709203882339, 0.0 ], [ -118.029108098150303, 53.914846710393768, 0.0 ], [ -118.030259440873607, 53.91509995988546, 0.0 ], [ -118.0307288100189, 53.91529685930788, 0.0 ], [ -118.031489999318097, 53.915522579214141, 0.0 ], [ -118.032469684853098, 53.915870035107893, 0.0 ], [ -118.033448867199198, 53.916418078486167, 0.0 ], [ -118.033663255711403, 53.91649020822598, 0.0 ], [ -118.033905508276902, 53.91654582251909, 0.0 ], [ -118.034153400665801, 53.916637823545891, 0.0 ], [ -118.034950497810101, 53.916919762334729, 0.0 ], [ -118.035286735560504, 53.917102696392263, 0.0 ], [ -118.036319790719702, 53.917818770139959, 0.0 ], [ -118.036832617506306, 53.918085405963183, 0.0 ], [ -118.037296259259506, 53.918263430405972, 0.0 ], [ -118.037418814812099, 53.918310481516613, 0.0 ], [ -118.037629750546401, 53.918374474350998, 0.0 ], [ -118.037868550842006, 53.918423558313549, 0.0 ], [ -118.038322284831096, 53.918470158829528, 0.0 ], [ -118.038729452856401, 53.918465522827248, 0.0 ], [ -118.039285881137602, 53.918410262324691, 0.0 ], [ -118.041062376443804, 53.918167537612888, 0.0 ], [ -118.041925516592798, 53.918118130474888, 0.0 ], [ -118.042550055434305, 53.918123997603033, 0.0 ], [ -118.042832413713001, 53.918151810906259, 0.0 ], [ -118.043292908181101, 53.918274687646161, 0.0 ], [ -118.044094294245198, 53.91857638208085, 0.0 ], [ -118.044722338705398, 53.918743724005587, 0.0 ], [ -118.045286398090497, 53.918977225120379, 0.0 ], [ -118.045800136578407, 53.919247068324523, 0.0 ], [ -118.046292871871003, 53.919421581771957, 0.0 ], [ -118.046588441068906, 53.919526261392107, 0.0 ], [ -118.046958934335507, 53.919634640985123, 0.0 ], [ -118.0471848263591, 53.919692989446048, 0.0 ], [ -118.049376426359501, 53.92025911300626, 0.0 ], [ -118.049419631483502, 53.920270274083258, 0.0 ], [ -118.049707984943694, 53.920335067020019, 0.0 ], [ -118.049835895755905, 53.920346596387503, 0.0 ], [ -118.050257322809301, 53.920384585556263, 0.0 ], [ -118.050557560781101, 53.920394161068543, 0.0 ], [ -118.050850044291806, 53.920382027058167, 0.0 ], [ -118.051096496103398, 53.920342479535343, 0.0 ], [ -118.0513709408756, 53.920253848777513, 0.0 ], [ -118.051628937982002, 53.920101034197359, 0.0 ], [ -118.051629026050193, 53.92010096718959, 0.0 ], [ -118.051868263232606, 53.919863537638797, 0.0 ], [ -118.051980017427198, 53.91969410477688, 0.0 ], [ -118.052047018942105, 53.91959254543108, 0.0 ], [ -118.052094703077799, 53.919437774019151, 0.0 ], [ -118.052094483875294, 53.919422935145313, 0.0 ], [ -118.052086769272904, 53.918893783075653, 0.0 ], [ -118.052017591372106, 53.918572568467958, 0.0 ], [ -118.051782536454198, 53.917950437804002, 0.0 ], [ -118.051735741955397, 53.917612106404611, 0.0 ], [ -118.051764235389101, 53.91726631878123, 0.0 ], [ -118.051821872678005, 53.917117572246212, 0.0 ], [ -118.051913771029902, 53.916990748914998, 0.0 ], [ -118.051913855918201, 53.91699068018869, 0.0 ], [ -118.052184946027594, 53.916761076975291, 0.0 ], [ -118.052185022313495, 53.916761015664022, 0.0 ], [ -118.052515470848803, 53.916581598155112, 0.0 ], [ -118.0527041309943, 53.916507494646638, 0.0 ], [ -118.052920829388995, 53.916447682877333, 0.0 ], [ -118.053171811719906, 53.91640925237688, 0.0 ], [ -118.053481450660897, 53.916406989338533, 0.0 ], [ -118.054024120798204, 53.916464017227632, 0.0 ], [ -118.056289733844807, 53.91682101775978, 0.0 ], [ -118.056580031383106, 53.916844354140899, 0.0 ], [ -118.056769589089598, 53.916786672379239, 0.0 ], [ -118.056925887948196, 53.9166826173022, 0.0 ], [ -118.0569259728275, 53.916682548572439, 0.0 ], [ -118.057176199865907, 53.916445724587483, 0.0 ], [ -118.057176284744301, 53.916445655857551, 0.0 ], [ -118.057322542648905, 53.916340975416333, 0.0 ], [ -118.057643726162496, 53.915976537501443, 0.0 ], [ -118.057643797744703, 53.915976474507353, 0.0 ], [ -118.057871051651901, 53.91593459168454, 0.0 ], [ -118.058804072008996, 53.915946750287013, 0.0 ], [ -118.059358929065297, 53.915992500232683, 0.0 ], [ -118.060340259245507, 53.916165628560741, 0.0 ], [ -118.060607014483693, 53.916194364690533, 0.0 ], [ -118.060889595681004, 53.916174552182852, 0.0 ], [ -118.061189976661097, 53.916176521014577, 0.0 ], [ -118.061903663095904, 53.916320375761742, 0.0 ], [ -118.062068455285598, 53.916370344169628, 0.0 ], [ -118.062340117437998, 53.916452706998918, 0.0 ], [ -118.062864832224093, 53.91653279336613, 0.0 ], [ -118.063472851866607, 53.916540040705129, 0.0 ], [ -118.063963789144907, 53.916463564800438, 0.0 ], [ -118.064391643987705, 53.916344398427547, 0.0 ], [ -118.064793583447397, 53.916199064966733, 0.0 ], [ -118.065502105018297, 53.916063298299903, 0.0 ], [ -118.065725176935103, 53.916004602845497, 0.0 ], [ -118.065922152163793, 53.915926228526942, 0.0 ], [ -118.066084537398794, 53.915838362327293, 0.0 ], [ -118.066467282675404, 53.915497721978021, 0.0 ], [ -118.066467352985896, 53.915497662609241, 0.0 ], [ -118.066790467227506, 53.915315969805548, 0.0 ], [ -118.066977131174895, 53.915137758839677, 0.0 ], [ -118.067123666349502, 53.914939258377117, 0.0 ], [ -118.067316731459101, 53.914489922525149, 0.0 ], [ -118.067503017339206, 53.914207598149282, 0.0 ], [ -118.0680092076948, 53.913152584835352, 0.0 ], [ -118.068276063206696, 53.91219705896652, 0.0 ], [ -118.068281760733399, 53.912176737033583, 0.0 ], [ -118.068359185814501, 53.911240900673143, 0.0 ], [ -118.068209493950107, 53.910380490581893, 0.0 ], [ -118.068116546454604, 53.909484867740787, 0.0 ], [ -118.068133039320898, 53.908911871628199, 0.0 ], [ -118.068414486006304, 53.907945829802451, 0.0 ], [ -118.068582635919, 53.907464391445806, 0.0 ], [ -118.0688433512953, 53.907017770932228, 0.0 ], [ -118.069046870894795, 53.90655015007416, 0.0 ], [ -118.069131292133093, 53.906199929722007, 0.0 ], [ -118.069152200763597, 53.906015181023818, 0.0 ], [ -118.069217794227697, 53.905849953795979, 0.0 ], [ -118.069217880651607, 53.905849885916957, 0.0 ], [ -118.069767762458795, 53.905395251991678, 0.0 ], [ -118.069767858267696, 53.905395187470333, 0.0 ], [ -118.069928324653802, 53.90530358271279, 0.0 ], [ -118.069928420594096, 53.905303519987072, 0.0 ], [ -118.0701345731418, 53.905223047299991, 0.0 ], [ -118.070544949490596, 53.905102081706211, 0.0 ], [ -118.070852884920399, 53.904969010313017, 0.0 ], [ -118.071357435082007, 53.904750990128903, 0.0 ], [ -118.072416073200301, 53.904124404026263, 0.0 ], [ -118.072416172241006, 53.904124342118607, 0.0 ], [ -118.0730072828419, 53.903678351866567, 0.0 ], [ -118.073007372296104, 53.903678283907063, 0.0 ], [ -118.073532242050504, 53.903402027697247, 0.0 ], [ -118.074113545349903, 53.90298470731981, 0.0 ], [ -118.074113628521204, 53.902984636821763, 0.0 ], [ -118.074150516615603, 53.902949123150457, 0.0 ], [ -118.074150590532099, 53.902949051090417, 0.0 ], [ -118.074245627604498, 53.902857568849242, 0.0 ], [ -118.074421985026305, 53.902566512548617, 0.0 ], [ -118.0744743078005, 53.902405823126891, 0.0 ], [ -118.074511820012205, 53.902062266141911, 0.0 ], [ -118.074563314271998, 53.901900471642477, 0.0 ], [ -118.074609952343394, 53.90182548520108, 0.0 ], [ -118.074776112289996, 53.901558238371003, 0.0 ], [ -118.074945816455099, 53.901333748383337, 0.0 ], [ -118.074945907553698, 53.901333682179263, 0.0 ], [ -118.075244541971799, 53.901132346466007, 0.0 ], [ -118.075244633135497, 53.901132281159562, 0.0 ], [ -118.075429487785499, 53.901057544417533, 0.0 ], [ -118.075670679703705, 53.901004971950726, 0.0 ], [ -118.076259965517806, 53.900980063402471, 0.0 ], [ -118.078038550668097, 53.901036353402972, 0.0 ], [ -118.078663815437096, 53.901039336328282, 0.0 ], [ -118.079473422810395, 53.900952984346709, 0.0 ], [ -118.079932469835796, 53.900862693263029, 0.0 ], [ -118.081666259158297, 53.900375535542437, 0.0 ], [ -118.082697061722499, 53.899932337430258, 0.0 ], [ -118.083111941017805, 53.899718746587332, 0.0 ], [ -118.084813287457294, 53.898618880708213, 0.0 ], [ -118.084813373907195, 53.898618813716283, 0.0 ], [ -118.085064287561593, 53.898381402784679, 0.0 ], [ -118.085064372358005, 53.898381334035982, 0.0 ], [ -118.085632152554695, 53.897985356539657, 0.0 ], [ -118.085632237283093, 53.897985286892713, 0.0 ], [ -118.085876062675197, 53.897740599079029, 0.0 ], [ -118.085876134976004, 53.897740526153328, 0.0 ], [ -118.086221108685095, 53.897394361453102, 0.0 ], [ -118.0863359467306, 53.897223597252072, 0.0 ], [ -118.086449935446893, 53.896968524978178, 0.0 ], [ -118.086637096347701, 53.896331478785008, 0.0 ], [ -118.0867143405885, 53.896199672896962, 0.0 ], [ -118.086714423725198, 53.896199602390567, 0.0 ], [ -118.086843771481796, 53.896075849773311, 0.0 ], [ -118.086843845364498, 53.896075777705818, 0.0 ], [ -118.086962619700003, 53.895962146398823, 0.0 ], [ -118.086962709247601, 53.895962080225047, 0.0 ], [ -118.087277291664293, 53.895776556169693, 0.0 ], [ -118.087277387358, 53.895776490737092, 0.0 ], [ -118.088060008226506, 53.895474662883842, 0.0 ], [ -118.088429202248093, 53.895307909692207, 0.0 ], [ -118.088920650672506, 53.895161325660673, 0.0 ], [ -118.090569424638602, 53.894499108191887, 0.0 ], [ -118.091259890746301, 53.894179768998242, 0.0 ], [ -118.091635915800396, 53.894059600774582, 0.0 ], [ -118.0941835024082, 53.889505770209531, 0.0 ], [ -118.094183596490495, 53.889505703913052, 0.0 ], [ -118.111072785281607, 53.878707022145342, 0.0 ], [ -118.115203447598205, 53.871333532248897, 0.0 ], [ -118.120987020946004, 53.855075748616187, 0.0 ], [ -118.120980927244503, 53.837903092355177, 0.0 ], [ -118.118107727350505, 53.824468950149203, 0.0 ], [ -118.121676810520697, 53.812529225589657, 0.0 ], [ -118.122637287553104, 53.803042183379063, 0.0 ], [ -118.122637369524696, 53.803042182142441, 0.0 ], [ -118.122637376717407, 53.803042115385672, 0.0 ], [ -118.396254895049793, 53.803044197242421, 0.0 ], [ -118.991533616478506, 53.803025944074271, 0.0 ], [ -118.991542128846604, 53.846757893201087, 0.0 ], [ -119.251671521437601, 53.846750465504357, 0.0 ], [ -119.486740711486306, 53.846704008530452, 0.0 ], [ -119.487200209331604, 53.853930875611887, 0.0 ], [ -119.487202481803493, 53.868565853271498, 0.0 ], [ -119.487207932013504, 53.904882063084862, 0.0 ], [ -119.487205341846305, 53.904887507047881, 0.0 ], [ -119.487217401570803, 53.992149918173759, 0.0 ], [ -119.487220254407603, 54.021240670970471, 0.0 ], [ -119.517402837873604, 54.014935865606887, 0.0 ], [ -119.541843067461599, 54.014104513188052, 0.0 ], [ -119.557822262986505, 54.018224533408898, 0.0 ], [ -119.560708246533693, 54.016591460026703, 0.0 ], [ -119.5681852197567, 54.008703558583854, 0.0 ], [ -119.564376612274799, 54.000396736601132, 0.0 ], [ -119.564376686763296, 54.000396663563933, 0.0 ], [ -119.575561820728694, 53.987646233389754, 0.0 ], [ -119.575561885218804, 53.987646167026497, 0.0 ], [ -119.594786851633103, 53.982086279236498, 0.0 ], [ -119.600215979697296, 53.968585584089134, 0.0 ], [ -119.606117653176696, 53.960056934455842, 0.0 ], [ -119.611200103144895, 53.953865346742639, 0.0 ], [ -119.611200144106803, 53.95386533076617, 0.0 ], [ -119.611200188504498, 53.95386527685519, 0.0 ], [ -119.620049624765002, 53.950295740672559, 0.0 ], [ -119.631313542897601, 53.948150794168633, 0.0 ], [ -119.633884184634695, 53.943050771727407, 0.0 ], [ -119.637506873995605, 53.936379374052642, 0.0 ], [ -119.637506936019903, 53.936379341950563, 0.0 ], [ -119.637506959275896, 53.936379304147962, 0.0 ], [ -119.657624660319797, 53.926423856067132, 0.0 ], [ -119.670704761757605, 53.924407580429992, 0.0 ], [ -119.683275065561503, 53.926700562942237, 0.0 ], [ -119.693985237642195, 53.926609191285117, 0.0 ], [ -119.711959698914399, 53.917503534326222, 0.0 ], [ -119.7358865038738, 53.904522535839327, 0.0 ], [ -119.744694753265605, 53.896794193029933, 0.0 ], [ -119.744694832216396, 53.896794123294498, 0.0 ], [ -119.774281417166307, 53.893332319022818, 0.0 ], [ -119.813395897008107, 53.899360460366239, 0.0 ], [ -119.831126480834598, 53.909698740396223, 0.0 ], [ -119.838334694258506, 53.908116137981779, 0.0 ], [ -119.855591979539497, 53.913221039040828, 0.0 ], [ -119.856829812958907, 53.922351745637357, 0.0 ], [ -119.886315861803993, 53.927665550888669, 0.0 ], [ -119.916000966404894, 53.937919890528562, 0.0 ], [ -119.950662403302204, 53.946237950179238, 0.0 ], [ -119.961877842449198, 53.948078202812482, 0.0 ], [ -119.969490578393703, 53.948211836052998, 0.0 ], [ -119.975623042721907, 53.944964540728471, 0.0 ], [ -119.969347370826398, 53.936456660964637, 0.0 ], [ -119.969347503436495, 53.936456659965827, 0.0 ], [ -119.969347452499406, 53.936456590962273, 0.0 ], [ -119.9735411487096, 53.93641553367825, 0.0 ], [ -119.982614018648107, 53.935129420789337, 0.0 ], [ -119.982620278396894, 53.935130381158892, 0.0 ], [ -119.992539377236994, 53.936521830222247, 0.0 ], [ -119.992117113953199, 53.93629656201437, 0.0 ], [ -119.996107236642899, 53.924876431844602, 0.0 ], [ -120.000432445929704, 53.890388943909933, 0.0 ], [ -120.001305185371393, 53.883424739148502, 0.0 ], [ -120.001341426906194, 53.798668453342678, 0.0 ], [ -120.000973923463604, 53.799060587970949, 0.0 ], [ -120.000600324358203, 53.801258693362072, 0.0 ], [ -119.999514788170003, 53.803479667878882, 0.0 ], [ -119.998974546004803, 53.80411932320655, 0.0 ], [ -119.998398661647002, 53.80443031772311, 0.0 ], [ -119.997968089619405, 53.804528952302242, 0.0 ], [ -119.996191388997403, 53.804501745030542, 0.0 ], [ -119.991557988157098, 53.80379077834418, 0.0 ], [ -119.989891476571501, 53.803330394034901, 0.0 ], [ -119.989260539489294, 53.803107331344378, 0.0 ], [ -119.988707788408405, 53.802650595510023, 0.0 ], [ -119.987350359920597, 53.801783733369433, 0.0 ], [ -119.984868017469694, 53.800445666548327, 0.0 ], [ -119.983903588093398, 53.800249648712331, 0.0 ], [ -119.981783753284901, 53.800214978291777, 0.0 ], [ -119.981305219161399, 53.800083041815121, 0.0 ], [ -119.981134859389002, 53.799943389394663, 0.0 ], [ -119.981111144945203, 53.799677723436083, 0.0 ], [ -119.982302970021095, 53.798934010594479, 0.0 ], [ -119.983180264712004, 53.797937675926512, 0.0 ], [ -119.983393831016002, 53.797214152865109, 0.0 ], [ -119.982926242125004, 53.792498255565597, 0.0 ], [ -119.982740582481, 53.791574378018822, 0.0 ], [ -119.9818559502543, 53.790787687670488, 0.0 ], [ -119.981006010362805, 53.790318187620571, 0.0 ], [ -119.979196577064997, 53.789924479169542, 0.0 ], [ -119.977181992004702, 53.789721564198082, 0.0 ], [ -119.975261082464996, 53.789228397095521, 0.0 ], [ -119.974656834453398, 53.788932612781061, 0.0 ], [ -119.9738110438836, 53.788328471576449, 0.0 ], [ -119.972052240432305, 53.786450298552822, 0.0 ], [ -119.970919945281494, 53.78544787979957, 0.0 ], [ -119.969367509379495, 53.784972764878177, 0.0 ], [ -119.964983119388805, 53.782797833026699, 0.0 ], [ -119.964723417778401, 53.782595591911878, 0.0 ], [ -119.964467611748105, 53.782173054451647, 0.0 ], [ -119.964184932258803, 53.781369769097502, 0.0 ], [ -119.963946546032403, 53.78102163821211, 0.0 ], [ -119.963666039699902, 53.780868862514097, 0.0 ], [ -119.963124990718796, 53.780708152444262, 0.0 ], [ -119.962193688470904, 53.780561466726283, 0.0 ], [ -119.959415901400405, 53.780486551900083, 0.0 ], [ -119.958240296988293, 53.780186439020582, 0.0 ], [ -119.957485031818294, 53.779878153284727, 0.0 ], [ -119.953967493585594, 53.777783400300237, 0.0 ], [ -119.949342681171501, 53.7753474493299, 0.0 ], [ -119.948942096058602, 53.77521342682693, 0.0 ], [ -119.946258836550797, 53.775026449395618, 0.0 ], [ -119.941971878607504, 53.775044499551278, 0.0 ], [ -119.935964019577398, 53.77546895267016, 0.0 ], [ -119.933711001395693, 53.775555631580403, 0.0 ], [ -119.932550217291293, 53.775778945576867, 0.0 ], [ -119.930383602217304, 53.776379180124501, 0.0 ], [ -119.929215022174901, 53.777285922003458, 0.0 ], [ -119.928277007218796, 53.777248518195357, 0.0 ], [ -119.923152422757695, 53.77602271003439, 0.0 ], [ -119.913411033633395, 53.776889890995612, 0.0 ], [ -119.905233413025897, 53.77803315965582, 0.0 ], [ -119.902980495335399, 53.778414627120789, 0.0 ], [ -119.901289297393006, 53.778485919205167, 0.0 ], [ -119.898114955491593, 53.778404580402722, 0.0 ], [ -119.896549223603103, 53.778287075653843, 0.0 ], [ -119.888745297386293, 53.776410450306138, 0.0 ], [ -119.889705811684493, 53.774127448342782, 0.0 ], [ -119.889504449189502, 53.772579258825033, 0.0 ], [ -119.889804790243502, 53.769637151977037, 0.0 ], [ -119.889955815038903, 53.76925494716852, 0.0 ], [ -119.890377011080403, 53.768898226592682, 0.0 ], [ -119.892006805011704, 53.768556172579807, 0.0 ], [ -119.894752092582095, 53.768204702861823, 0.0 ], [ -119.895152888027994, 53.768028024252473, 0.0 ], [ -119.895943096930694, 53.767438889019807, 0.0 ], [ -119.896238211578705, 53.766857428519188, 0.0 ], [ -119.895726289819706, 53.76535275025541, 0.0 ], [ -119.895128615594501, 53.764893685457501, 0.0 ], [ -119.894309307126306, 53.764566649977631, 0.0 ], [ -119.891633242467606, 53.764226997209477, 0.0 ], [ -119.891105398268195, 53.763898643715883, 0.0 ], [ -119.890803552937399, 53.763572013959553, 0.0 ], [ -119.890759601094899, 53.763145586605567, 0.0 ], [ -119.890255268175395, 53.761996007011867, 0.0 ], [ -119.890800156498202, 53.761371320267401, 0.0 ], [ -119.891876934681306, 53.760852994906472, 0.0 ], [ -119.893148376742303, 53.760410548212008, 0.0 ], [ -119.893909940064404, 53.759760220841983, 0.0 ], [ -119.895856955211698, 53.757528067433007, 0.0 ], [ -119.897163699159407, 53.757001233109058, 0.0 ], [ -119.897644872962005, 53.756618200997593, 0.0 ], [ -119.897949185787795, 53.755643560436262, 0.0 ], [ -119.897876399372393, 53.755222149205153, 0.0 ], [ -119.897712445017703, 53.75506348111395, 0.0 ], [ -119.897313967990002, 53.754884600740198, 0.0 ], [ -119.896324324503894, 53.754620728363967, 0.0 ], [ -119.896128220854195, 53.754488741687332, 0.0 ], [ -119.895593152761506, 53.753622558424567, 0.0 ], [ -119.894964971897295, 53.753377636459447, 0.0 ], [ -119.891825595067402, 53.752541114348929, 0.0 ], [ -119.890675499172701, 53.752124930220923, 0.0 ], [ -119.890259097994402, 53.751684168425903, 0.0 ], [ -119.890348025684006, 53.751206642538328, 0.0 ], [ -119.890922826293902, 53.749990722849361, 0.0 ], [ -119.891204200487607, 53.749026663303397, 0.0 ], [ -119.891899408826703, 53.747893238750628, 0.0 ], [ -119.893173306758001, 53.746377625832856, 0.0 ], [ -119.894826968979103, 53.745041003350131, 0.0 ], [ -119.895297435199097, 53.744369289309823, 0.0 ], [ -119.895607665612104, 53.743595253357427, 0.0 ], [ -119.8958322551251, 53.742558571849329, 0.0 ], [ -119.896199223287198, 53.742118693941613, 0.0 ], [ -119.897279450445893, 53.741102787244166, 0.0 ], [ -119.899372977047705, 53.740154906994313, 0.0 ], [ -119.900441990326399, 53.73982391719484, 0.0 ], [ -119.901636547162596, 53.739225393273387, 0.0 ], [ -119.9026209084725, 53.738628902821652, 0.0 ], [ -119.903985444243801, 53.737635274683107, 0.0 ], [ -119.904122476926702, 53.737176353269483, 0.0 ], [ -119.904020452797994, 53.736638581805039, 0.0 ], [ -119.903712112486502, 53.73612121893796, 0.0 ], [ -119.902022674725202, 53.73455076218719, 0.0 ], [ -119.900362673005503, 53.733367447914603, 0.0 ], [ -119.900109822814798, 53.733088838298123, 0.0 ], [ -119.900033878631902, 53.732382093353358, 0.0 ], [ -119.899372935190399, 53.731475205879441, 0.0 ], [ -119.898856077999099, 53.731056790698013, 0.0 ], [ -119.897782283206993, 53.729298932470648, 0.0 ], [ -119.897678897869596, 53.728401020305483, 0.0 ], [ -119.897804628576793, 53.72819172407327, 0.0 ], [ -119.899690249313196, 53.72643899651392, 0.0 ], [ -119.900534653085003, 53.725829312333168, 0.0 ], [ -119.901641095456796, 53.725221716081187, 0.0 ], [ -119.9036244048973, 53.723909971814521, 0.0 ], [ -119.905147728490405, 53.722516897854092, 0.0 ], [ -119.905771086235106, 53.722298555385763, 0.0 ], [ -119.908593024921103, 53.721940493845032, 0.0 ], [ -119.910051427401299, 53.721563272709872, 0.0 ], [ -119.915147337491902, 53.719342626114027, 0.0 ], [ -119.916270299706298, 53.718727248875979, 0.0 ], [ -119.916771352134603, 53.718056239704531, 0.0 ], [ -119.916695981971102, 53.717380847208148, 0.0 ], [ -119.9154883955228, 53.7163414309139, 0.0 ], [ -119.913865184056803, 53.715621550734227, 0.0 ], [ -119.913317630879305, 53.715432453618838, 0.0 ], [ -119.912826970962698, 53.713904320065978, 0.0 ], [ -119.911914385977397, 53.713239652116663, 0.0 ], [ -119.910794087449801, 53.712353942218407, 0.0 ], [ -119.910070503148603, 53.711632035995542, 0.0 ], [ -119.908662206979798, 53.710753702093719, 0.0 ], [ -119.907506632646701, 53.709356244485029, 0.0 ], [ -119.906221811646404, 53.708873377565673, 0.0 ], [ -119.904556116625201, 53.708455667063298, 0.0 ], [ -119.902241343582105, 53.708397595095519, 0.0 ], [ -119.899826493629305, 53.708284982620583, 0.0 ], [ -119.897823475300399, 53.708560637434353, 0.0 ], [ -119.895063747404507, 53.709029248320959, 0.0 ], [ -119.892995925964996, 53.709766518653332, 0.0 ], [ -119.891958055224904, 53.710074582009547, 0.0 ], [ -119.890042876679601, 53.71023395787838, 0.0 ], [ -119.888108981240094, 53.710110457607001, 0.0 ], [ -119.886158888976496, 53.709758085942951, 0.0 ], [ -119.884420828738698, 53.709685078996941, 0.0 ], [ -119.8824178125099, 53.709964964448062, 0.0 ], [ -119.880822666989204, 53.710574706638063, 0.0 ], [ -119.8792311215811, 53.711238270376072, 0.0 ], [ -119.877908493852601, 53.711611851924737, 0.0 ], [ -119.876140548036304, 53.712512116779124, 0.0 ], [ -119.875102679860504, 53.712824500786901, 0.0 ], [ -119.873898849085606, 53.713535228121529, 0.0 ], [ -119.872287862740393, 53.713915917820302, 0.0 ], [ -119.870938602627305, 53.713894395661171, 0.0 ], [ -119.869288384999294, 53.713705107511451, 0.0 ], [ -119.867607567282406, 53.71306239532101, 0.0 ], [ -119.865273000132404, 53.712716320007253, 0.0 ], [ -119.863588584329307, 53.71201519746689, 0.0 ], [ -119.860993016777101, 53.712080243556187, 0.0 ], [ -119.857812453910199, 53.712038544887719, 0.0 ], [ -119.854366935185098, 53.712349465265433, 0.0 ], [ -119.852479475326007, 53.712912224748742, 0.0 ], [ -119.851160087543903, 53.713339357167108, 0.0 ], [ -119.848852873957597, 53.713396936816103, 0.0 ], [ -119.846807021623206, 53.713047803851758, 0.0 ], [ -119.845795439288594, 53.712328147053107, 0.0 ], [ -119.844753621869103, 53.711155155699721, 0.0 ], [ -119.844484351802507, 53.710018350248262, 0.0 ], [ -119.844545925834794, 53.708075951748782, 0.0 ], [ -119.844492659926601, 53.705854728539137, 0.0 ], [ -119.845526581549606, 53.704057418323842, 0.0 ], [ -119.846207340146407, 53.702729099782992, 0.0 ], [ -119.846295911241398, 53.701186213650438, 0.0 ], [ -119.845726766667894, 53.699886056338713, 0.0 ], [ -119.843801160974195, 53.698451783936299, 0.0 ], [ -119.838446238852001, 53.696121163535061, 0.0 ], [ -119.837058822662101, 53.695529215106333, 0.0 ], [ -119.835694079914404, 53.695273870042158, 0.0 ], [ -119.834071577939596, 53.69548355904621, 0.0 ], [ -119.833103187645904, 53.69539660810868, 0.0 ], [ -119.829496751092293, 53.696163541907971, 0.0 ], [ -119.827358729760803, 53.697298511893557, 0.0 ], [ -119.825217110201095, 53.698379662818077, 0.0 ], [ -119.823743998286304, 53.699384320964548, 0.0 ], [ -119.822351890976293, 53.700160559270451, 0.0 ], [ -119.821071018627904, 53.701161891046617, 0.0 ], [ -119.820163103383393, 53.701981696239493, 0.0 ], [ -119.819197595623194, 53.701944060030272, 0.0 ], [ -119.817378897004204, 53.702102886392858, 0.0 ], [ -119.815072046519603, 53.702159822760613, 0.0 ], [ -119.813556819784395, 53.702535826163512, 0.0 ], [ -119.811326277744598, 53.703732805425282, 0.0 ], [ -119.809113372620502, 53.705208068661072, 0.0 ], [ -119.809013651379104, 53.705153617104713, 0.0 ], [ -119.806874549066094, 53.706288317671202, 0.0 ], [ -119.8041868190694, 53.70640978130475, 0.0 ], [ -119.801883206368203, 53.706520358793782, 0.0 ], [ -119.800334146410293, 53.706389025055493, 0.0 ], [ -119.798869326674307, 53.706078770331459, 0.0 ], [ -119.797378231522103, 53.705373501265761, 0.0 ], [ -119.795590862067101, 53.704558515678407, 0.0 ], [ -119.793730408177296, 53.704088503051118, 0.0 ], [ -119.791370642755098, 53.703345959612498, 0.0 ], [ -119.7905484221439, 53.702564289723618, 0.0 ], [ -119.7904728357598, 53.70142406492193, 0.0 ], [ -119.790301490490094, 53.700287799473898, 0.0 ], [ -119.790180908205699, 53.698465278213931, 0.0 ], [ -119.789921002989701, 53.697445021693618, 0.0 ], [ -119.789400471769099, 53.695400012271769, 0.0 ], [ -119.7878762636403, 53.694182905408489, 0.0 ], [ -119.785878663008006, 53.693088192064117, 0.0 ], [ -119.783800058401496, 53.692221722303707, 0.0 ], [ -119.780957182277703, 53.691435250982387, 0.0 ], [ -119.778486548559002, 53.690462841978537, 0.0 ], [ -119.777184812861506, 53.689695744219357, 0.0 ], [ -119.776625755089299, 53.688511860245519, 0.0 ], [ -119.776561685082299, 53.68754227886599, 0.0 ], [ -119.777082249651698, 53.686675396922119, 0.0 ], [ -119.777830699566294, 53.684885647142153, 0.0 ], [ -119.7785618562705, 53.684298400428908, 0.0 ], [ -119.778997819505705, 53.683605849893652, 0.0 ], [ -119.778733954204498, 53.682527182981161, 0.0 ], [ -119.777959980961796, 53.681000842994663, 0.0 ], [ -119.777220205356301, 53.679995250503303, 0.0 ], [ -119.775353276212499, 53.679408235406001, 0.0 ], [ -119.774244143821704, 53.678637899069379, 0.0 ], [ -119.773977040200904, 53.677500912272237, 0.0 ], [ -119.773321864944407, 53.676316398332567, 0.0 ], [ -119.772663448565197, 53.675077973057, 0.0 ], [ -119.770985521601006, 53.674433809283741, 0.0 ], [ -119.769935418961893, 53.674151730864871, 0.0 ], [ -119.769222272014304, 53.673959566498063, 0.0 ], [ -119.764636311046502, 53.672981274080321, 0.0 ], [ -119.763246741790098, 53.672330094548208, 0.0 ], [ -119.762311486882396, 53.671269147492403, 0.0 ], [ -119.761760350640301, 53.67019749641684, 0.0 ], [ -119.761877722572194, 53.669049623931997, 0.0 ], [ -119.760920155368296, 53.667647482150223, 0.0 ], [ -119.760768250158193, 53.666793909233263, 0.0 ], [ -119.760427704605704, 53.666001894205451, 0.0 ], [ -119.759799523734699, 53.665221214002571, 0.0 ], [ -119.758225631153294, 53.664685324818826, 0.0 ], [ -119.756374544506698, 53.664326910601758, 0.0 ], [ -119.754036024764204, 53.663870929048308, 0.0 ], [ -119.751242826717402, 53.663819945099831, 0.0 ], [ -119.748147220370598, 53.663546937849382, 0.0 ], [ -119.745147717307404, 53.663274479056, 0.0 ], [ -119.7426208947726, 53.662879714784737, 0.0 ], [ -119.741062104198505, 53.662572527395312, 0.0 ], [ -119.739196240855605, 53.661984895959741, 0.0 ], [ -119.7381731345303, 53.661039876747928, 0.0 ], [ -119.737682472488999, 53.659398524604171, 0.0 ], [ -119.738077400677, 53.658073173397312, 0.0 ], [ -119.738398890782193, 53.657097295347917, 0.0 ], [ -119.739030333759601, 53.656455683353677, 0.0 ], [ -119.738963743785106, 53.655427691619103, 0.0 ], [ -119.738720032872706, 53.654636221548508, 0.0 ], [ -119.738469120643202, 53.653728019019788, 0.0 ], [ -119.737726456168403, 53.652659341789423, 0.0 ], [ -119.737279704134494, 53.651700377666216, 0.0 ], [ -119.737021597903606, 53.650680033763322, 0.0 ], [ -119.737704887709995, 53.649352165847823, 0.0 ], [ -119.739529014780402, 53.647826122075728, 0.0 ], [ -119.740296906692905, 53.646323920638203, 0.0 ], [ -119.740906753640303, 53.645341113775302, 0.0 ], [ -119.740544606098098, 53.644207819051857, 0.0 ], [ -119.740411770346597, 53.64364153085242, 0.0 ], [ -119.737071823073407, 53.63065004675547, 0.0 ], [ -119.7367762647267, 53.63054024386016, 0.0 ], [ -119.735798148864006, 53.630277525541089, 0.0 ], [ -119.733380754222793, 53.630049269433023, 0.0 ], [ -119.731424525791795, 53.629523651454427, 0.0 ], [ -119.729483050846298, 53.629226996362718, 0.0 ], [ -119.728038378401607, 53.628582131758812, 0.0 ], [ -119.727899780618102, 53.628520030033911, 0.0 ], [ -119.726789188652901, 53.627690935814861, 0.0 ], [ -119.725549362044902, 53.626349285259501, 0.0 ], [ -119.724903892197005, 53.625276649688537, 0.0 ], [ -119.723580554369704, 53.622628635276627, 0.0 ], [ -119.721043304765402, 53.619033897643781, 0.0 ], [ -119.720036030204398, 53.618313075589853, 0.0 ], [ -119.7182648377634, 53.617667490084493, 0.0 ], [ -119.716667886613195, 53.616735883408232, 0.0 ], [ -119.716037172325002, 53.615892212099197, 0.0 ], [ -119.715658101896906, 53.61447595710159, 0.0 ], [ -119.715673952202295, 53.613219634925073, 0.0 ], [ -119.715475604140096, 53.611625269713713, 0.0 ], [ -119.716152052593799, 53.610185349292273, 0.0 ], [ -119.716775939007107, 53.609427185225798, 0.0 ], [ -119.718337267538004, 53.608307851498182, 0.0 ], [ -119.720599152662004, 53.607628804733977, 0.0 ], [ -119.723713522092595, 53.606758599391959, 0.0 ], [ -119.726377525189804, 53.606356127256518, 0.0 ], [ -119.729217932999802, 53.605717132105362, 0.0 ], [ -119.731476222112704, 53.604984084596182, 0.0 ], [ -119.734214029234096, 53.604236457019347, 0.0 ], [ -119.736179999567099, 53.603447426498192, 0.0 ], [ -119.738316249223402, 53.602313963622763, 0.0 ], [ -119.7403635814495, 53.601296599795617, 0.0 ], [ -119.741709998294198, 53.599838950261343, 0.0 ], [ -119.743602538135406, 53.597914013731128, 0.0 ], [ -119.744635399445102, 53.596063687249611, 0.0 ], [ -119.746143820233499, 53.59414496044792, 0.0 ], [ -119.748448200763605, 53.592662560634828, 0.0 ], [ -119.750399410254204, 53.591648889707677, 0.0 ], [ -119.754290257643802, 53.590931454120437, 0.0 ], [ -119.7577311061778, 53.590681838566873, 0.0 ], [ -119.761854145549094, 53.590585053637433, 0.0 ], [ -119.7668177796061, 53.590126025582258, 0.0 ], [ -119.769910149153105, 53.590204997906397, 0.0 ], [ -119.771435451017794, 53.59024768124516, 0.0 ], [ -119.774986097158902, 53.59021820800448, 0.0 ], [ -119.778169181555597, 53.590428494891277, 0.0 ], [ -119.781477541252997, 53.591092658719582, 0.0 ], [ -119.783846302207095, 53.592064523065723, 0.0 ], [ -119.785429198870801, 53.592770693842958, 0.0 ], [ -119.787252198059207, 53.594209926797653, 0.0 ], [ -119.788094577060406, 53.59533288320619, 0.0 ], [ -119.788536261056294, 53.597664548800559, 0.0 ], [ -119.790013658722899, 53.599684645943043, 0.0 ], [ -119.7908333590252, 53.60046190657301, 0.0 ], [ -119.793659680412702, 53.601082144811699, 0.0 ], [ -119.796271086511098, 53.601359835148223, 0.0 ], [ -119.798994451940104, 53.601867118984309, 0.0 ], [ -119.800777141320197, 53.602682104424723, 0.0 ], [ -119.803761865473007, 53.602782587480093, 0.0 ], [ -119.807682227155098, 53.602516869430303, 0.0 ], [ -119.811031273271595, 53.60232350327724, 0.0 ], [ -119.813118895828197, 53.601933286860557, 0.0 ], [ -119.815243590572905, 53.60210873012408, 0.0 ], [ -119.818944698164501, 53.602877571550863, 0.0 ], [ -119.826050975531402, 53.605732240497929, 0.0 ], [ -119.830338488181198, 53.608083943296627, 0.0 ], [ -119.831520349912594, 53.608513174741873, 0.0 ], [ -119.832506371309094, 53.608891915320612, 0.0 ], [ -119.833557561618406, 53.608808857996522, 0.0 ], [ -119.835341363708395, 53.608192003858903, 0.0 ], [ -119.8436667075147, 53.60628386368051, 0.0 ], [ -119.845734187031994, 53.605605810342063, 0.0 ], [ -119.848312498111795, 53.605375157898237, 0.0 ], [ -119.850621163842902, 53.605429896551449, 0.0 ], [ -119.853314308874502, 53.605482569004323, 0.0 ], [ -119.856628437139307, 53.606202965560428, 0.0 ], [ -119.860042283059101, 53.606973223239613, 0.0 ], [ -119.863518390126799, 53.608659155239117, 0.0 ], [ -119.867481573012398, 53.610446520142098, 0.0 ], [ -119.868978068968303, 53.611267703128448, 0.0 ], [ -119.869642236751403, 53.612563907382139, 0.0 ], [ -119.873073688902906, 53.614993967746933, 0.0 ], [ -119.875107641372907, 53.616657296709938, 0.0 ], [ -119.876907609478906, 53.617695566002901, 0.0 ], [ -119.878009185655898, 53.618352763653462, 0.0 ], [ -119.879079817244204, 53.618556535423558, 0.0 ], [ -119.879939492582693, 53.618480940084517, 0.0 ], [ -119.880848141793095, 53.617714677023287, 0.0 ], [ -119.881085395656001, 53.616966769458557, 0.0 ], [ -119.88170244762, 53.616153882639168, 0.0 ], [ -119.881775175733196, 53.615808818849352, 0.0 ], [ -119.882803336121995, 53.615384290953472, 0.0 ], [ -119.884057926525401, 53.615468001972403, 0.0 ], [ -119.886678343189601, 53.615860338317297, 0.0 ], [ -119.890708127085304, 53.617189778703157, 0.0 ], [ -119.893248617032995, 53.617814857629753, 0.0 ], [ -119.895804941805906, 53.61866430900038, 0.0 ], [ -119.899044177694805, 53.619670189232508, 0.0 ], [ -119.901250241844494, 53.619615665263431, 0.0 ], [ -119.903567904078301, 53.619786146723747, 0.0 ], [ -119.905308521120105, 53.618548823456052, 0.0 ], [ -119.906964534244594, 53.617481602038183, 0.0 ], [ -119.908892352450195, 53.616178129100639, 0.0 ], [ -119.911297854617203, 53.616232238841881, 0.0 ], [ -119.913822869056801, 53.616627994080368, 0.0 ], [ -119.915549419628306, 53.61658390784352, 0.0 ], [ -119.916984010848907, 53.616493377599767, 0.0 ], [ -119.918193977536504, 53.615943926173443, 0.0 ], [ -119.918847020204396, 53.615646926210829, 0.0 ], [ -119.930430128673393, 53.608116053183252, 0.0 ], [ -119.926720406221307, 53.605865642040342, 0.0 ], [ -119.9219846814768, 53.604044529170871, 0.0 ], [ -119.918134900485796, 53.602636796117032, 0.0 ], [ -119.916861596805205, 53.602171571950556, 0.0 ], [ -119.913180664039302, 53.600320127406903, 0.0 ], [ -119.910590147487596, 53.598954877976468, 0.0 ], [ -119.909353584147595, 53.597731931829699, 0.0 ], [ -119.908987492225705, 53.596599262988271, 0.0 ], [ -119.907348453208499, 53.59510027888966, 0.0 ], [ -119.907215300641894, 53.593161292084488, 0.0 ], [ -119.907109496215, 53.591621819500688, 0.0 ], [ -119.906573510329196, 53.589411385384743, 0.0 ], [ -119.9059046650884, 53.588057042076528, 0.0 ], [ -119.905316101915204, 53.586474365692688, 0.0 ], [ -119.904087813722398, 53.58536355952706, 0.0 ], [ -119.902180928892307, 53.584154558036751, 0.0 ], [ -119.886358313252799, 53.573123348482802, 0.0 ], [ -119.884655883148497, 53.572081220399653, 0.0 ], [ -119.882566453377294, 53.570992019746519, 0.0 ], [ -119.880224302677803, 53.570421577927178, 0.0 ], [ -119.877472113647201, 53.569458373713992, 0.0 ], [ -119.874145010095603, 53.568514063166312, 0.0 ], [ -119.871983577072598, 53.56776515319212, 0.0 ], [ -119.8696871504266, 53.566450050354277, 0.0 ], [ -119.8671610433924, 53.564572714034767, 0.0 ], [ -119.8659878121139, 53.562829216425087, 0.0 ], [ -119.864703702253394, 53.560865129100158, 0.0 ], [ -119.863994150786795, 53.558882147026281, 0.0 ], [ -119.863246443133505, 53.556333601471813, 0.0 ], [ -119.862896889754694, 53.554002860130609, 0.0 ], [ -119.863187419296594, 53.55120052130723, 0.0 ], [ -119.863795463831195, 53.548844227247287, 0.0 ], [ -119.864909307605799, 53.546876919192549, 0.0 ], [ -119.866620746533599, 53.545236315732147, 0.0 ], [ -119.869462219538903, 53.544710825841527, 0.0 ], [ -119.873093530320702, 53.544513122045757, 0.0 ], [ -119.876321640473293, 53.544034706015957, 0.0 ], [ -119.877803040444107, 53.543253963020653, 0.0 ], [ -119.879169597788206, 53.542194399858928, 0.0 ], [ -119.880348239164704, 53.541164985249218, 0.0 ], [ -119.885143440923301, 53.536971994615527, 0.0 ], [ -119.886077276643704, 53.536605160459033, 0.0 ], [ -119.887486315550802, 53.53617388868544, 0.0 ], [ -119.890051309677901, 53.535825696269569, 0.0 ], [ -119.894526816893205, 53.535372129122031, 0.0 ], [ -119.897068411939998, 53.534682744919273, 0.0 ], [ -119.8997468109783, 53.533191009329741, 0.0 ], [ -119.899661135582605, 53.531938743135242, 0.0 ], [ -119.901164526422406, 53.521686812080453, 0.0 ], [ -119.901334092669799, 53.519969425304758, 0.0 ], [ -119.900766018305404, 53.51866945578611, 0.0 ], [ -119.900217382842598, 53.51765676774999, 0.0 ], [ -119.899645708880399, 53.516302978935222, 0.0 ], [ -119.898262955697803, 53.515707075878566, 0.0 ], [ -119.896494282964696, 53.515064099832323, 0.0 ], [ -119.894721649766694, 53.514367124463469, 0.0 ], [ -119.893805815045098, 53.51359005402287, 0.0 ], [ -119.893285259965396, 53.512976787465483, 0.0 ], [ -119.892414426744097, 53.511455145259312, 0.0 ], [ -119.890351273702194, 53.51070704778958, 0.0 ], [ -119.887594763131702, 53.509631792579142, 0.0 ], [ -119.885367452866205, 53.50928644474601, 0.0 ], [ -119.883024578159095, 53.508657685712649, 0.0 ], [ -119.881245108508196, 53.507848389516688, 0.0 ], [ -119.878519557046502, 53.507226197176557, 0.0 ], [ -119.8768354824808, 53.506412941685547, 0.0 ], [ -119.875649288463705, 53.505871761468889, 0.0 ], [ -119.874645974548102, 53.505210610921687, 0.0 ], [ -119.873209941570906, 53.503815505563828, 0.0 ], [ -119.8716864305146, 53.502540998803752, 0.0 ], [ -119.869765479944306, 53.501048599515251, 0.0 ], [ -119.868016244408196, 53.500687955985718, 0.0 ], [ -119.865885412276498, 53.500342789568762, 0.0 ], [ -119.864171456044005, 53.500498207130093, 0.0 ], [ -119.861313062588806, 53.50073623880634, 0.0 ], [ -119.859235505096507, 53.501185504715892, 0.0 ], [ -119.857823946819195, 53.501562505932633, 0.0 ], [ -119.855884629164905, 53.502636195438363, 0.0 ], [ -119.854931708504196, 53.50414225553795, 0.0 ], [ -119.854289464342003, 53.505986807275349, 0.0 ], [ -119.853822898707307, 53.507594569400887, 0.0 ], [ -119.853540294240304, 53.50908686333775, 0.0 ], [ -119.852081936088695, 53.510203936309232, 0.0 ], [ -119.850306419352194, 53.510874694565047, 0.0 ], [ -119.836201638864907, 53.517775546870141, 0.0 ], [ -119.834617649495698, 53.515589338148828, 0.0 ], [ -119.833358737396395, 53.513961582715382, 0.0 ], [ -119.830600430662997, 53.511404293282517, 0.0 ], [ -119.828461680840604, 53.509514990271079, 0.0 ], [ -119.826231128439204, 53.507683377704417, 0.0 ], [ -119.822852899272405, 53.505880196701021, 0.0 ], [ -119.820358469613794, 53.504396706342177, 0.0 ], [ -119.818339233980794, 53.502848956983598, 0.0 ], [ -119.814896203134495, 53.501502800117308, 0.0 ], [ -119.812123128162398, 53.50014287799673, 0.0 ], [ -119.810203253906593, 53.498645072517739, 0.0 ], [ -119.807538178583101, 53.497456233789947, 0.0 ], [ -119.805174426101502, 53.496484838728684, 0.0 ], [ -119.803380910936497, 53.495440817238467, 0.0 ], [ -119.800664716659398, 53.494933555497653, 0.0 ], [ -119.796984803120694, 53.49433448434683, 0.0 ], [ -119.792440892694501, 53.493702560027486, 0.0 ], [ -119.788944581340502, 53.492983341526667, 0.0 ], [ -119.786213988035797, 53.492251259015937, 0.0 ], [ -119.784222474741895, 53.491097975729403, 0.0 ], [ -119.782827480047303, 53.490276260934237, 0.0 ], [ -119.782263003367305, 53.488975658321557, 0.0 ], [ -119.782066808702496, 53.487439795194682, 0.0 ], [ -119.782848729811107, 53.48622020072316, 0.0 ], [ -119.783811013079799, 53.484831407301677, 0.0 ], [ -119.786046251867901, 53.483864092572652, 0.0 ], [ -119.787535209961604, 53.483201155006292, 0.0 ], [ -119.788814289542699, 53.482258676188508, 0.0 ], [ -119.791313409169305, 53.480943060659257, 0.0 ], [ -119.792695448577604, 53.480113442161993, 0.0 ], [ -119.793068410587793, 53.478505131190452, 0.0 ], [ -119.793140056983006, 53.476679467531163, 0.0 ], [ -119.792607263269701, 53.474409915107778, 0.0 ], [ -119.791225950143001, 53.472332062763783, 0.0 ], [ -119.789032480793793, 53.471011470465143, 0.0 ], [ -119.786081929928699, 53.469824704738883, 0.0 ], [ -119.783425858392803, 53.468747563428998, 0.0 ], [ -119.781347227804005, 53.467710204639083, 0.0 ], [ -119.781055270942005, 53.466178212555931, 0.0 ], [ -119.780652796657506, 53.464416537753571, 0.0 ], [ -119.780338164477598, 53.462543351744543, 0.0 ], [ -119.7799792525106, 53.459983281734132, 0.0 ], [ -119.7779888197269, 53.458829823659663, 0.0 ], [ -119.776413469828896, 53.456696621655503, 0.0 ], [ -119.775191635317, 53.45558429903398, 0.0 ], [ -119.774127845804898, 53.453952672106297, 0.0 ], [ -119.774114884686099, 53.453899122133713, 0.0 ], [ -119.773729690256303, 53.452253818211759, 0.0 ], [ -119.7739849360741, 53.450303775517611, 0.0 ], [ -119.773457545344897, 53.448092549147589, 0.0 ], [ -119.772772111392896, 53.446396123834973, 0.0 ], [ -119.771884719777404, 53.444532387530828, 0.0 ], [ -119.770167528029702, 53.44314736222681, 0.0 ], [ -119.769859009789201, 53.442957189887252, 0.0 ], [ -119.768472657531007, 53.442103438928683, 0.0 ], [ -119.766082628663895, 53.440673320036503, 0.0 ], [ -119.764979598019195, 53.439898231755699, 0.0 ], [ -119.762130930227897, 53.438765383309132, 0.0 ], [ -119.759878059144697, 53.437964282086803, 0.0 ], [ -119.758385506593697, 53.43708317144938, 0.0 ], [ -119.764067754836603, 53.428849397747378, 0.0 ], [ -119.762384402559505, 53.427976026825569, 0.0 ], [ -119.760862695322501, 53.426641585201537, 0.0 ], [ -119.758701984481107, 53.425778203925503, 0.0 ], [ -119.757588512534397, 53.424832474856743, 0.0 ], [ -119.757551074899197, 53.42426241063071, 0.0 ], [ -119.758012958291204, 53.422538181315097, 0.0 ], [ -119.7561539255843, 53.421896833866583, 0.0 ], [ -119.753993578297298, 53.421033363747839, 0.0 ], [ -119.752215548302104, 53.420163594310623, 0.0 ], [ -119.750734874783902, 53.419453036309442, 0.0 ], [ -119.749713201230705, 53.418449528036213, 0.0 ], [ -119.748192214762696, 53.417114995425429, 0.0 ], [ -119.747534143078994, 53.415817996406822, 0.0 ], [ -119.747250833553395, 53.414398057963943, 0.0 ], [ -119.745336731666598, 53.412899003042583, 0.0 ], [ -119.742821076074506, 53.410960385229671, 0.0 ], [ -119.740723734638195, 53.409581120438673, 0.0 ], [ -119.738538552625499, 53.408317777123067, 0.0 ], [ -119.736937646642502, 53.407215805216786, 0.0 ], [ -119.735420621567698, 53.405934825660211, 0.0 ], [ -119.733540719633098, 53.404951924831288, 0.0 ], [ -119.732534169966598, 53.404172697662403, 0.0 ], [ -119.7316863824134, 53.402883168427699, 0.0 ], [ -119.732207665086804, 53.402070375978298, 0.0 ], [ -119.733397468382194, 53.401244533472173, 0.0 ], [ -119.733815791405405, 53.400323289657102, 0.0 ], [ -119.733356805253393, 53.399135282627178, 0.0 ], [ -119.732178173063005, 53.398646577073748, 0.0 ], [ -119.731528385355404, 53.397461630111323, 0.0 ], [ -119.730309798885799, 53.396348860028667, 0.0 ], [ -119.729994456304098, 53.394417089249181, 0.0 ], [ -119.729616110170298, 53.392996429665978, 0.0 ], [ -119.729685965032004, 53.39111236111502, 0.0 ], [ -119.729267663071596, 53.389067638905708, 0.0 ], [ -119.728133677168501, 53.387780449766858, 0.0 ], [ -119.725314899547399, 53.387046130010191, 0.0 ], [ -119.721465084494596, 53.386618169999828, 0.0 ], [ -119.716973029732898, 53.386607091220533, 0.0 ], [ -119.712748456166295, 53.386301710847043, 0.0 ], [ -119.708949751492199, 53.386672504003563, 0.0 ], [ -119.705088406141201, 53.387558639360222, 0.0 ], [ -119.702749851069697, 53.388353067681862, 0.0 ], [ -119.701248295635594, 53.388785876930029, 0.0 ], [ -119.700301498799604, 53.388922315332103, 0.0 ], [ -119.699509147547104, 53.388485452530148, 0.0 ], [ -119.697340527146693, 53.387445852635899, 0.0 ], [ -119.695946625713901, 53.386564657110227, 0.0 ], [ -119.694560640093798, 53.385800190231834, 0.0 ], [ -119.6915298291661, 53.384722429032188, 0.0 ], [ -119.688888532528495, 53.383755280443047, 0.0 ], [ -119.686184591116302, 53.383303564215282, 0.0 ], [ -119.683664253342101, 53.382732146312897, 0.0 ], [ -119.682087110828704, 53.381965970658449, 0.0 ], [ -119.680968968300107, 53.380907293898289, 0.0 ], [ -119.680533380724697, 53.380060300176112, 0.0 ], [ -119.679896554163307, 53.379050133890573, 0.0 ], [ -119.679806567519506, 53.377622550401, 0.0 ], [ -119.680137777062399, 53.376817407887927, 0.0 ], [ -119.681206623243298, 53.375591784993063, 0.0 ], [ -119.681116999509598, 53.374168609568628, 0.0 ], [ -119.680645777039999, 53.372751462933323, 0.0 ], [ -119.679365991539697, 53.372153588486682, 0.0 ], [ -119.677908380805505, 53.370244139221107, 0.0 ], [ -119.675480924010898, 53.369614852545674, 0.0 ], [ -119.673586267743005, 53.368343505897712, 0.0 ], [ -119.671628249305797, 53.367587681362053, 0.0 ], [ -119.668419963807295, 53.366687403873669, 0.0 ], [ -119.666035695398904, 53.366740319449242, 0.0 ], [ -119.663661851997801, 53.366963785059731, 0.0 ], [ -119.661588967067601, 53.36741396376781, 0.0 ], [ -119.659762689668199, 53.3672244184188, 0.0 ], [ -119.657537175345297, 53.36676235325762, 0.0 ], [ -119.656198336422904, 53.366733729741057, 0.0 ], [ -119.653923493964299, 53.367011646405359, 0.0 ], [ -119.651744408253407, 53.367290282538228, 0.0 ], [ -119.649462367526098, 53.367455879192057, 0.0 ], [ -119.647537449843497, 53.367211433868931, 0.0 ], [ -119.644637300543195, 53.366649466578778, 0.0 ], [ -119.644496540799693, 53.366623456321307, 0.0 ], [ -119.6420305445873, 53.366193070960797, 0.0 ], [ -119.638056874583398, 53.365254178943133, 0.0 ], [ -119.634672523950698, 53.364584840847463, 0.0 ], [ -119.632553567981404, 53.36428927595081, 0.0 ], [ -119.631006652623199, 53.363980392444617, 0.0 ], [ -119.630392501736594, 53.363311149550867, 0.0 ], [ -119.629964826698895, 53.362576206516543, 0.0 ], [ -119.629827676488702, 53.361897424330827, 0.0 ], [ -119.629283727150394, 53.360824980517592, 0.0 ], [ -119.628817902039003, 53.359465885443321, 0.0 ], [ -119.628560514408903, 53.358386782377927, 0.0 ], [ -119.6265405588817, 53.35814575698258, 0.0 ], [ -119.625230514057705, 53.358574695874033, 0.0 ], [ -119.623354907905295, 53.359129094198792, 0.0 ], [ -119.622916779582994, 53.35976710414684, 0.0 ], [ -119.622209729181506, 53.360694645302068, 0.0 ], [ -119.621107761930702, 53.361403485659231, 0.0 ], [ -119.620079597733607, 53.361767445147471, 0.0 ], [ -119.618567955856406, 53.36202853262435, 0.0 ], [ -119.615446032389698, 53.362500576511607, 0.0 ], [ -119.612401150781807, 53.362681562024953, 0.0 ], [ -119.609727789458205, 53.362681556748093, 0.0 ], [ -119.609155029414097, 53.362762196479572, 0.0 ], [ -119.607361147517906, 53.363020583134769, 0.0 ], [ -119.605184944711894, 53.363352319485458, 0.0 ], [ -119.602634697461994, 53.363806365662143, 0.0 ], [ -119.601507536486494, 53.364115424605757, 0.0 ], [ -119.599918129127801, 53.364667391823353, 0.0 ], [ -119.598910483372805, 53.365372362760937, 0.0 ], [ -119.598185796397203, 53.366016943058213, 0.0 ], [ -119.596980870466496, 53.366612471353307, 0.0 ], [ -119.596979430407302, 53.366617061550919, 0.0 ], [ -119.596124411684002, 53.368229682472922, 0.0 ], [ -119.596374240299696, 53.369196646568653, 0.0 ], [ -119.597348758354201, 53.369514529087219, 0.0 ], [ -119.598429471858395, 53.37000836259142, 0.0 ], [ -119.600251790996793, 53.370136075858881, 0.0 ], [ -119.601448781321395, 53.370967411070303, 0.0 ], [ -119.602564048807594, 53.372026895971707, 0.0 ], [ -119.603976314485095, 53.373254951551857, 0.0 ], [ -119.605151332016007, 53.375284279961811, 0.0 ], [ -119.605994438164203, 53.376574795059383, 0.0 ], [ -119.606318790521897, 53.377196786775379, 0.0 ], [ -119.6065589012277, 53.377993109373477, 0.0 ], [ -119.606222293613499, 53.37873966049014, 0.0 ], [ -119.606649603767906, 53.379474783575468, 0.0 ], [ -119.608524834500301, 53.380459840810289, 0.0 ], [ -119.608662346363204, 53.381143123001067, 0.0 ], [ -119.608428336022698, 53.382002714635732, 0.0 ], [ -119.607063923901407, 53.38311763430476, 0.0 ], [ -119.605579276913403, 53.383836552350033, 0.0 ], [ -119.6035614793973, 53.383648987419171, 0.0 ], [ -119.602109603426896, 53.383340553735778, 0.0 ], [ -119.595810342399801, 53.38187803626294, 0.0 ], [ -119.592974275102605, 53.380799287244791, 0.0 ], [ -119.590127769642393, 53.37954989855799, 0.0 ], [ -119.587973898930102, 53.378683281922328, 0.0 ], [ -119.585141071422697, 53.377658263449547, 0.0 ], [ -119.583280239179103, 53.376901717357043, 0.0 ], [ -119.581532081761694, 53.376424445102977, 0.0 ], [ -119.579858811453207, 53.375606701257972, 0.0 ], [ -119.578556700273296, 53.374608147180929, 0.0 ], [ -119.575941679513306, 53.372435989251407, 0.0 ], [ -119.573826321869802, 53.372197666787933, 0.0 ], [ -119.567207000325894, 53.37171354768477, 0.0 ], [ -119.565578720190302, 53.371632006684948, 0.0 ], [ -119.564597362726204, 53.371197035085309, 0.0 ], [ -119.562256649793596, 53.370391080426543, 0.0 ], [ -119.559770146779996, 53.368735702377442, 0.0 ], [ -119.557589282351401, 53.367410537206489, 0.0 ], [ -119.555820968527996, 53.366632122909238, 0.0 ], [ -119.555235249428193, 53.366375440279427, 0.0 ], [ -119.553256701074005, 53.365222535853171, 0.0 ], [ -119.551798706500705, 53.364796742043147, 0.0 ], [ -119.549203467359305, 53.36450882969833, 0.0 ], [ -119.545078587463394, 53.364198234072518, 0.0 ], [ -119.540668228353297, 53.363893937033033, 0.0 ], [ -119.536866980495006, 53.364200744116587, 0.0 ], [ -119.533124062647204, 53.363884208487939, 0.0 ], [ -119.530828702130094, 53.363818505572397, 0.0 ], [ -119.529241091701905, 53.364423394896932, 0.0 ], [ -119.528130484967505, 53.365014695958173, 0.0 ], [ -119.526849592142597, 53.365958977145169, 0.0 ], [ -119.526250181930294, 53.366638748033679, 0.0 ], [ -119.525776054754701, 53.367178839869737, 0.0 ], [ -119.525162604144199, 53.368106651177747, 0.0 ], [ -119.523864074294593, 53.368759063125431, 0.0 ], [ -119.523118148176806, 53.369061912184563, 0.0 ], [ -119.521895226122894, 53.369373852084877, 0.0 ], [ -119.520164704126501, 53.369182959625888, 0.0 ], [ -119.518723625794095, 53.369039587677179, 0.0 ], [ -119.518042866132106, 53.368826916268013, 0.0 ], [ -119.515798273824402, 53.368016460493713, 0.0 ], [ -119.514419484083405, 53.367303656601543, 0.0 ], [ -119.512425449689403, 53.366636662008538, 0.0 ], [ -119.511692132949406, 53.366394471381852, 0.0 ], [ -119.510435733620895, 53.366135988370367, 0.0 ], [ -119.507994225123099, 53.365215822837932, 0.0 ], [ -119.506332471957506, 53.364563228622529, 0.0 ], [ -119.504170683680599, 53.363524354385007, 0.0 ], [ -119.501934011806597, 53.36283035806472, 0.0 ], [ -119.499904694531097, 53.362416534186629, 0.0 ], [ -119.497013532683496, 53.361963202846717, 0.0 ], [ -119.494715290326596, 53.361842872387967, 0.0 ], [ -119.492439359916503, 53.362117733250017, 0.0 ], [ -119.490634314571395, 53.362271363642257, 0.0 ], [ -119.488171542743004, 53.362607153773531, 0.0 ], [ -119.486073458228205, 53.362650174130749, 0.0 ], [ -119.484827137832596, 53.362562153417848, 0.0 ], [ -119.482310737920102, 53.361986332026369, 0.0 ], [ -119.479696058998499, 53.361355608505377, 0.0 ], [ -119.476588542242496, 53.360450925725551, 0.0 ], [ -119.474634829805495, 53.359691772213992, 0.0 ], [ -119.471612636358202, 53.358612667735073, 0.0 ], [ -119.469077161858394, 53.357695295220978, 0.0 ], [ -119.466627368228302, 53.356603591102051, 0.0 ], [ -119.463792739990694, 53.355463286846764, 0.0 ], [ -119.4629060582552, 53.35528049557567, 0.0 ], [ -119.462537058824594, 53.355204355425059, 0.0 ], [ -119.460012023918793, 53.354457443043003, 0.0 ], [ -119.457210503777404, 53.353887200559392, 0.0 ], [ -119.454632896572704, 53.353884679410953, 0.0 ], [ -119.452144212969401, 53.353766148668328, 0.0 ], [ -119.449096084202196, 53.35388458873669, 0.0 ], [ -119.4461825874385, 53.354686400426331, 0.0 ], [ -119.443367727771303, 53.35554293345659, 0.0 ], [ -119.440701198880603, 53.355655883936478, 0.0 ], [ -119.436794829433396, 53.355792413367212, 0.0 ], [ -119.434499823454502, 53.355724913193967, 0.0 ], [ -119.4319643258752, 53.356462825458351, 0.0 ], [ -119.429835987495906, 53.357649027940518, 0.0 ], [ -119.427036605255793, 53.358788072674251, 0.0 ], [ -119.423970458080603, 53.360279017486732, 0.0 ], [ -119.422719432747598, 53.361788051720097, 0.0 ], [ -119.419057849146498, 53.362886956506188, 0.0 ], [ -119.415603263192807, 53.364270528798528, 0.0 ], [ -119.413757167412697, 53.365392019204343, 0.0 ], [ -119.411684638090406, 53.36589178850263, 0.0 ], [ -119.410361989997597, 53.366147746132903, 0.0 ], [ -119.408646588090306, 53.366139193189653, 0.0 ], [ -119.408606990827906, 53.366138808063411, 0.0 ], [ -119.408606868854406, 53.366138807176938, 0.0 ], [ -119.408179305549595, 53.366051699891507, 0.0 ], [ -119.407753982544307, 53.365949571546359, 0.0 ], [ -119.407068589904995, 53.365830543594988, 0.0 ], [ -119.406883478848997, 53.365799010859817, 0.0 ], [ -119.406883205188507, 53.365798939981318, 0.0 ], [ -119.405935793346998, 53.365550947517868, 0.0 ], [ -119.4030475708865, 53.364927129507187, 0.0 ], [ -119.403047407830499, 53.364927095032897, 0.0 ], [ -119.403008780723297, 53.364907539701683, 0.0 ], [ -119.403008388214502, 53.36490729410405, 0.0 ], [ -119.402529300285195, 53.364606435853368, 0.0 ], [ -119.402528915739694, 53.364606194460052, 0.0 ], [ -119.401500479707295, 53.363768978677953, 0.0 ], [ -119.400647301983696, 53.363376472041018, 0.0 ], [ -119.400647130419699, 53.36337635507661, 0.0 ], [ -119.400160696649493, 53.36304181875267, 0.0 ], [ -119.397922583781394, 53.362287521933183, 0.0 ], [ -119.3977887260193, 53.362255125502081, 0.0 ], [ -119.397788599412706, 53.362255094175332, 0.0 ], [ -119.396908854478198, 53.361614970760471, 0.0 ], [ -119.396458277052801, 53.361341943611301, 0.0 ], [ -119.395932847917095, 53.361118232740381, 0.0 ], [ -119.393282988572807, 53.360319140471113, 0.0 ], [ -119.392836408225804, 53.36018024342043, 0.0 ], [ -119.392269417796001, 53.359973970630143, 0.0 ], [ -119.391530039391199, 53.359664833015771, 0.0 ], [ -119.390972145219607, 53.359380792827757, 0.0 ], [ -119.390554534556102, 53.359106224039429, 0.0 ], [ -119.390376872711101, 53.358890363927912, 0.0 ], [ -119.390083987382198, 53.358342245934288, 0.0 ], [ -119.389661171062201, 53.357676689312683, 0.0 ], [ -119.389180865705498, 53.357086163875621, 0.0 ], [ -119.388549380789101, 53.356646219392807, 0.0 ], [ -119.387074175877999, 53.356280558108573, 0.0 ], [ -119.3858210697815, 53.355936516697128, 0.0 ], [ -119.384917952348204, 53.355722178233997, 0.0 ], [ -119.384381561278801, 53.355527842633769, 0.0 ], [ -119.384077801861295, 53.355351653913701, 0.0 ], [ -119.383867494049596, 53.355157420957291, 0.0 ], [ -119.382430820997797, 53.353366491177823, 0.0 ], [ -119.382184631837205, 53.353068909152768, 0.0 ], [ -119.381874223625303, 53.352756778741202, 0.0 ], [ -119.381175087776299, 53.352035453126263, 0.0 ], [ -119.380253860760305, 53.3514325532662, 0.0 ], [ -119.377753662649695, 53.349883300482958, 0.0 ], [ -119.377494888859005, 53.349738441419127, 0.0 ], [ -119.377202707171193, 53.349625995577341, 0.0 ], [ -119.376073562670001, 53.348776352711702, 0.0 ], [ -119.375742736828897, 53.348629880007323, 0.0 ], [ -119.375350272361004, 53.34852120815092, 0.0 ], [ -119.374362905911099, 53.348334530464342, 0.0 ], [ -119.373005267394404, 53.348181075958053, 0.0 ], [ -119.372638848654802, 53.34781860348992, 0.0 ], [ -119.3724331552866, 53.3474959451027, 0.0 ], [ -119.372249600800302, 53.347018194968904, 0.0 ], [ -119.371986124049897, 53.346925826071697, 0.0 ], [ -119.370252921344004, 53.346742519010661, 0.0 ], [ -119.369616617199895, 53.346812621737932, 0.0 ], [ -119.368880131693501, 53.346808098791023, 0.0 ], [ -119.368215098128701, 53.346648910741642, 0.0 ], [ -119.367757378061896, 53.346476025235233, 0.0 ], [ -119.367147568201403, 53.346015327683808, 0.0 ], [ -119.366647980415607, 53.345461247785387, 0.0 ], [ -119.365803887004802, 53.344943728190643, 0.0 ], [ -119.365222646922902, 53.34446010779407, 0.0 ], [ -119.364473371995004, 53.343470639713672, 0.0 ], [ -119.360988642523196, 53.33942251625966, 0.0 ], [ -119.359471101901704, 53.337746974301851, 0.0 ], [ -119.358122860887704, 53.335992846400472, 0.0 ], [ -119.356492699668095, 53.334429542906882, 0.0 ], [ -119.355237762051303, 53.333046331091467, 0.0 ], [ -119.354413839233999, 53.332068032500302, 0.0 ], [ -119.3542748435829, 53.331944481004392, 0.0 ], [ -119.354274806557697, 53.331944383358113, 0.0 ], [ -119.354121291698604, 53.331545809704913, 0.0 ], [ -119.352310642258999, 53.330616216240131, 0.0 ], [ -119.352310516980097, 53.330616152418457, 0.0 ], [ -119.351790124139896, 53.330043218905089, 0.0 ], [ -119.351509928799103, 53.329424919544977, 0.0 ], [ -119.351117295605206, 53.328727873741983, 0.0 ], [ -119.350725253005095, 53.327772368876758, 0.0 ], [ -119.350410088181505, 53.326041513041517, 0.0 ], [ -119.350769733168093, 53.324727000831167, 0.0 ], [ -119.351184215277897, 53.324053069156292, 0.0 ], [ -119.351504673870195, 53.323446488519522, 0.0 ], [ -119.351525244236399, 53.322648629289802, 0.0 ], [ -119.351639263644103, 53.322030653537738, 0.0 ], [ -119.351641213482495, 53.321165341950064, 0.0 ], [ -119.351492904311698, 53.320356126253976, 0.0 ], [ -119.351119111357704, 53.31965908591215, 0.0 ], [ -119.350782916824599, 53.318950846476497, 0.0 ], [ -119.350034091037202, 53.318129901243871, 0.0 ], [ -119.349454350377897, 53.317252899785238, 0.0 ], [ -119.349324990052693, 53.316376271223483, 0.0 ], [ -119.349626796341198, 53.315713488950358, 0.0 ], [ -119.350097064571301, 53.315230637241719, 0.0 ], [ -119.3502853484501, 53.314961089503242, 0.0 ], [ -119.350598572526707, 53.314810326956326, 0.0 ], [ -119.351244219306807, 53.314428063465513, 0.0 ], [ -119.352012964126402, 53.314163211278647, 0.0 ], [ -119.352553639246807, 53.314118322197217, 0.0 ], [ -119.354047051994698, 53.313825690336202, 0.0 ], [ -119.358344145169994, 53.312584189462427, 0.0 ], [ -119.359653442016494, 53.311971454278122, 0.0 ], [ -119.360000753261303, 53.311800104795552, 0.0 ], [ -119.360286001752598, 53.31149839442508, 0.0 ], [ -119.360252458737193, 53.310890502608039, 0.0 ], [ -119.359497563044798, 53.309145569594243, 0.0 ], [ -119.359283011976601, 53.308738620801897, 0.0 ], [ -119.358933221052695, 53.308367258820411, 0.0 ], [ -119.3579951303184, 53.307777256062877, 0.0 ], [ -119.357125321009605, 53.307332549553173, 0.0 ], [ -119.355113412030803, 53.305679364149917, 0.0 ], [ -119.354653155809899, 53.305293976090198, 0.0 ], [ -119.353085409900203, 53.303730603629667, 0.0 ], [ -119.351844549428407, 53.302620980550238, 0.0 ], [ -119.3506747820051, 53.301805790876159, 0.0 ], [ -119.349556286651804, 53.30092384438381, 0.0 ], [ -119.348569085170396, 53.300433765658262, 0.0 ], [ -119.347901539991497, 53.300125790207503, 0.0 ], [ -119.346751395283903, 53.299817840194727, 0.0 ], [ -119.345158924091805, 53.299136416721531, 0.0 ], [ -119.344805133998307, 53.298969817248377, 0.0 ], [ -119.344010205533394, 53.298704046921692, 0.0 ], [ -119.343385149401399, 53.298594880355182, 0.0 ], [ -119.343385080263602, 53.2985948504775, 0.0 ], [ -119.343152757597593, 53.298493317205427, 0.0 ], [ -119.341302726968294, 53.297786813368063, 0.0 ], [ -119.338921686625199, 53.297833162004267, 0.0 ], [ -119.336753041907798, 53.298276590256201, 0.0 ], [ -119.335041962029607, 53.298365958173108, 0.0 ], [ -119.333327639986607, 53.298401327867268, 0.0 ], [ -119.332270793452096, 53.29806001128069, 0.0 ], [ -119.332270732988107, 53.298059992780978, 0.0 ], [ -119.332762472827199, 53.296693476658042, 0.0 ], [ -119.332987242705599, 53.295709029277667, 0.0 ], [ -119.333164096270707, 53.294922711268008, 0.0 ], [ -119.333295715591902, 53.293750103776539, 0.0 ], [ -119.3334278677344, 53.292776282687058, 0.0 ], [ -119.333441545463998, 53.292746858985609, 0.0 ], [ -119.333441717608693, 53.292746645720747, 0.0 ], [ -119.333582585752893, 53.29257363389992, 0.0 ], [ -119.334669435317196, 53.291526033765187, 0.0 ], [ -119.335239093473703, 53.291030433265767, 0.0 ], [ -119.335239216293303, 53.291030326193699, 0.0 ], [ -119.3356063203845, 53.290822931685703, 0.0 ], [ -119.338009761256799, 53.289723944247868, 0.0 ], [ -119.340142320700593, 53.28845119621851, 0.0 ], [ -119.341823104865995, 53.287791545164531, 0.0 ], [ -119.342943381868096, 53.287120506161067, 0.0 ], [ -119.343900241842803, 53.286259252826831, 0.0 ], [ -119.343870435277694, 53.285647569065191, 0.0 ], [ -119.3436497690126, 53.285025257430021, 0.0 ], [ -119.343236590926196, 53.284294829110017, 0.0 ], [ -119.342389359959597, 53.28350376303132, 0.0 ], [ -119.340572878559101, 53.28257594487139, 0.0 ], [ -119.339577994163605, 53.28212549129529, 0.0 ], [ -119.338460305346601, 53.281476017977987, 0.0 ], [ -119.337874310891905, 53.280995137821861, 0.0 ], [ -119.337193648679403, 53.280195859144243, 0.0 ], [ -119.336821860359393, 53.279328109366141, 0.0 ], [ -119.336575024786399, 53.277777323987912, 0.0 ], [ -119.3364240499141, 53.277249213383982, 0.0 ], [ -119.336070890643896, 53.276666352940353, 0.0 ], [ -119.335178118411704, 53.275957403275967, 0.0 ], [ -119.333927058239198, 53.27498506318112, 0.0 ], [ -119.333308324164506, 53.27390054470127, 0.0 ], [ -119.332752202719703, 53.273047175266811, 0.0 ], [ -119.331958163590997, 53.272168114515416, 0.0 ], [ -119.3313940510007, 53.271743024031778, 0.0 ], [ -119.330495825388496, 53.270985363350391, 0.0 ], [ -119.329528003687699, 53.270359329542607, 0.0 ], [ -119.327132935225094, 53.26969576801222, 0.0 ], [ -119.327132894746896, 53.269695738884039, 0.0 ], [ -119.326502743714698, 53.269260252733879, 0.0 ], [ -119.325413951588502, 53.268825443571536, 0.0 ], [ -119.325411578557194, 53.26882449751794, 0.0 ], [ -119.324156298626406, 53.268305970238728, 0.0 ], [ -119.323166077158206, 53.26766945264135, 0.0 ], [ -119.3218503751431, 53.266916341883118, 0.0 ], [ -119.320890305477107, 53.266309255374892, 0.0 ], [ -119.320031918205402, 53.265867074389703, 0.0 ], [ -119.318734971028405, 53.265030124123157, 0.0 ], [ -119.317420934579104, 53.264304742109218, 0.0 ], [ -119.316143762768405, 53.263861012364771, 0.0 ], [ -119.315791040302898, 53.263738463634013, 0.0 ], [ -119.315646877312702, 53.263643914635473, 0.0 ], [ -119.314156702553404, 53.263088804538732, 0.0 ], [ -119.313272587973799, 53.26280803874544, 0.0 ], [ -119.313272531200099, 53.262807996703479, 0.0 ], [ -119.312299055865793, 53.26205825849474, 0.0 ], [ -119.311637994786906, 53.261925785518883, 0.0 ], [ -119.311637907463805, 53.261925767982632, 0.0 ], [ -119.311476220189704, 53.261744646347232, 0.0 ], [ -119.310556016206505, 53.26101206439747, 0.0 ], [ -119.310381232861303, 53.26077921274775, 0.0 ], [ -119.310133558109797, 53.26048032883449, 0.0 ], [ -119.309728404384302, 53.259846882127377, 0.0 ], [ -119.309129386801402, 53.259052468110092, 0.0 ], [ -119.308839573275904, 53.258404945295553, 0.0 ], [ -119.308496029248005, 53.258050280326152, 0.0 ], [ -119.308015831661507, 53.257739957321341, 0.0 ], [ -119.307353408391606, 53.257488742295749, 0.0 ], [ -119.306298223123306, 53.257259027055653, 0.0 ], [ -119.305205004589993, 53.257122125331477, 0.0 ], [ -119.305204943834994, 53.257122103229648, 0.0 ], [ -119.304008683969698, 53.256683899855418, 0.0 ], [ -119.300920974365894, 53.255945089571419, 0.0 ], [ -119.300539610771494, 53.255800626754151, 0.0 ], [ -119.300539540598194, 53.255800600490431, 0.0 ], [ -119.300439163318202, 53.25554616752428, 0.0 ], [ -119.300228238277199, 53.255331243428117, 0.0 ], [ -119.299937151178597, 53.254982514739183, 0.0 ], [ -119.299380449210702, 53.254359868987812, 0.0 ], [ -119.299028147130699, 53.254057869377718, 0.0 ], [ -119.298725120857597, 53.253694578216823, 0.0 ], [ -119.298744748765401, 53.253290939340857, 0.0 ], [ -119.298972204107898, 53.252560757029237, 0.0 ], [ -119.299011597542105, 53.25202137553034, 0.0 ], [ -119.298881950553195, 53.251594170172631, 0.0 ], [ -119.298526867686107, 53.251324007885358, 0.0 ], [ -119.298096768446001, 53.251076214230011, 0.0 ], [ -119.297404644307406, 53.250738174928088, 0.0 ], [ -119.296977108640903, 53.250361670635918, 0.0 ], [ -119.296658453485605, 53.250001147700893, 0.0 ], [ -119.296361305388302, 53.249639385814838, 0.0 ], [ -119.296205432277105, 53.249274418341393, 0.0 ], [ -119.296084256179697, 53.248890139885802, 0.0 ], [ -119.296098113026403, 53.248159242332633, 0.0 ], [ -119.295724193686098, 53.247346434108707, 0.0 ], [ -119.2950051693647, 53.246559982537477, 0.0 ], [ -119.294095950279896, 53.244868154378203, 0.0 ], [ -119.292465250411198, 53.242763647561787, 0.0 ], [ -119.290775486204197, 53.240361146343041, 0.0 ], [ -119.288715861125993, 53.23793988532929, 0.0 ], [ -119.287008674724703, 53.236306475597011, 0.0 ], [ -119.287008537764095, 53.236306276235553, 0.0 ], [ -119.285677128359495, 53.234382410759942, 0.0 ], [ -119.2841291183979, 53.232129708267891, 0.0 ], [ -119.283964590846495, 53.230821645749892, 0.0 ], [ -119.282916622170205, 53.229014442958999, 0.0 ], [ -119.281804215453406, 53.227780990956497, 0.0 ], [ -119.281414697004706, 53.227615030387682, 0.0 ], [ -119.2790718121921, 53.226520269089129, 0.0 ], [ -119.276322127079098, 53.224918177641626, 0.0 ], [ -119.273985726377703, 53.223935736618166, 0.0 ], [ -119.272109761870496, 53.222657644804343, 0.0 ], [ -119.270708995404704, 53.221371452774548, 0.0 ], [ -119.269454903637794, 53.22023425774141, 0.0 ], [ -119.269454821425398, 53.220234185093652, 0.0 ], [ -119.269304001660998, 53.219548912122107, 0.0 ], [ -119.268973888567999, 53.218636219931852, 0.0 ], [ -119.268277933814502, 53.21765794229281, 0.0 ], [ -119.267760783002402, 53.217014817852572, 0.0 ], [ -119.266773119523194, 53.215848617464133, 0.0 ], [ -119.266570990871799, 53.214950402380943, 0.0 ], [ -119.265852247070796, 53.213538194476627, 0.0 ], [ -119.265832968876694, 53.213208238618833, 0.0 ], [ -119.265911057095707, 53.212754141118452, 0.0 ], [ -119.266352853739505, 53.212344468851242, 0.0 ], [ -119.266464588535896, 53.212173179056997, 0.0 ], [ -119.2665803023514, 53.211728127116288, 0.0 ], [ -119.2662891125116, 53.211137311901147, 0.0 ], [ -119.2656501672285, 53.210472782260197, 0.0 ], [ -119.265064198563394, 53.210048911004499, 0.0 ], [ -119.264400356788798, 53.209674852525332, 0.0 ], [ -119.264201420897905, 53.209480942629362, 0.0 ], [ -119.264097200552598, 53.209269774893869, 0.0 ], [ -119.263973738110806, 53.208837103303047, 0.0 ], [ -119.263707347861995, 53.20798421842423, 0.0 ], [ -119.263309144578699, 53.207303017517283, 0.0 ], [ -119.262180261401298, 53.206021563032451, 0.0 ], [ -119.260861722003895, 53.203875276337087, 0.0 ], [ -119.259906217259598, 53.202555269000889, 0.0 ], [ -119.259446413565499, 53.201021272937957, 0.0 ], [ -119.259384401495694, 53.200643097127568, 0.0 ], [ -119.258855451722397, 53.199504708209432, 0.0 ], [ -119.257603290878507, 53.198416946829418, 0.0 ], [ -119.257042550969601, 53.197555254977779, 0.0 ], [ -119.255844030479594, 53.19525645793334, 0.0 ], [ -119.253918000368898, 53.192234563059387, 0.0 ], [ -119.253843333667803, 53.19208110691185, 0.0 ], [ -119.252833749678302, 53.190006056944419, 0.0 ], [ -119.252779393542895, 53.187513278955443, 0.0 ], [ -119.253154194916505, 53.185637417251037, 0.0 ], [ -119.253587416017993, 53.184968777899478, 0.0 ], [ -119.254677112401097, 53.183907775655747, 0.0 ], [ -119.255557178695199, 53.183217936312381, 0.0 ], [ -119.256905723369201, 53.181999017817049, 0.0 ], [ -119.2578272003867, 53.181614371205917, 0.0 ], [ -119.258680577408796, 53.181094647524837, 0.0 ], [ -119.259463897870106, 53.180707330317269, 0.0 ], [ -119.260168248150293, 53.180128393887152, 0.0 ], [ -119.260697045538507, 53.179704509296421, 0.0 ], [ -119.261073751485398, 53.179064140141882, 0.0 ], [ -119.261260050074497, 53.178404029948872, 0.0 ], [ -119.261437262546707, 53.178062699563448, 0.0 ], [ -119.261478996071901, 53.177818022671538, 0.0 ], [ -119.261441458714501, 53.177597054320742, 0.0 ], [ -119.261326722279605, 53.177237053637093, 0.0 ], [ -119.261324498015796, 53.176652401236097, 0.0 ], [ -119.261246911798594, 53.176599885066388, 0.0 ], [ -119.261124923240601, 53.176557207354648, 0.0 ], [ -119.260527800517906, 53.176586549721449, 0.0 ], [ -119.259507312979594, 53.176533930032228, 0.0 ], [ -119.258468091057495, 53.176409672824548, 0.0 ], [ -119.257105915520398, 53.176120581337543, 0.0 ], [ -119.256633459163695, 53.175958569873131, 0.0 ], [ -119.256405405168806, 53.17589090371704, 0.0 ], [ -119.256059633011702, 53.175861465975927, 0.0 ], [ -119.254610285191902, 53.175906912251747, 0.0 ], [ -119.253600190096407, 53.176052008974331, 0.0 ], [ -119.253092770718595, 53.176089970489443, 0.0 ], [ -119.252629191004502, 53.1760618760878, 0.0 ], [ -119.249025597435207, 53.176244667405861, 0.0 ], [ -119.247597843872398, 53.176214698678898, 0.0 ], [ -119.245998011955393, 53.176532761520782, 0.0 ], [ -119.244315022270399, 53.177078884244132, 0.0 ], [ -119.242254756890105, 53.177687826976502, 0.0 ], [ -119.240865887478904, 53.178398918977152, 0.0 ], [ -119.239019097383604, 53.179459212615797, 0.0 ], [ -119.237659392652105, 53.180740636554091, 0.0 ], [ -119.236311923941699, 53.18225110890527, 0.0 ], [ -119.236186650469307, 53.18350652097044, 0.0 ], [ -119.236231303327003, 53.186186814215553, 0.0 ], [ -119.2370863104736, 53.187996807131952, 0.0 ], [ -119.236620122563906, 53.19000236952467, 0.0 ], [ -119.235848292229903, 53.191618323266347, 0.0 ], [ -119.232768507676695, 53.192758356378121, 0.0 ], [ -119.229552639241604, 53.193106748621972, 0.0 ], [ -119.226235252338995, 53.193337242236339, 0.0 ], [ -119.223070139815107, 53.192828653280237, 0.0 ], [ -119.219821149158193, 53.192543536298579, 0.0 ], [ -119.217687499282405, 53.192303263548297, 0.0 ], [ -119.217687403794898, 53.192303252535012, 0.0 ], [ -119.217323787557703, 53.192131316403461, 0.0 ], [ -119.216638779148695, 53.191807402691722, 0.0 ], [ -119.216274623593193, 53.19154043485937, 0.0 ], [ -119.215842614056101, 53.191420513989542, 0.0 ], [ -119.215842551853299, 53.191420475696077, 0.0 ], [ -119.215471640036398, 53.191199296590057, 0.0 ], [ -119.213399840215303, 53.189756236963177, 0.0 ], [ -119.212096642632304, 53.188465996697182, 0.0 ], [ -119.210431287553703, 53.187526038424373, 0.0 ], [ -119.209045288018999, 53.186468087338071, 0.0 ], [ -119.207959171708893, 53.185687607196222, 0.0 ], [ -119.206698094050296, 53.185201248526063, 0.0 ], [ -119.204554660491695, 53.184210528397031, 0.0 ], [ -119.201983552797799, 53.184143931168293, 0.0 ], [ -119.199777479884304, 53.183785371873661, 0.0 ], [ -119.197001890588894, 53.183437884720803, 0.0 ], [ -119.1938522631349, 53.183211536496813, 0.0 ], [ -119.1908862343886, 53.182866119665839, 0.0 ], [ -119.190601116448605, 53.18287160908406, 0.0 ], [ -119.188222965334901, 53.182856401440539, 0.0 ], [ -119.186037774469497, 53.18289735400905, 0.0 ], [ -119.183481425133294, 53.183117856205492, 0.0 ], [ -119.181645537849604, 53.183203125304807, 0.0 ], [ -119.1816068397751, 53.183199441709561, 0.0 ], [ -119.180809600256595, 53.183190869010559, 0.0 ], [ -119.180093698817799, 53.183265786089891, 0.0 ], [ -119.180047952605804, 53.183277305098933, 0.0 ], [ -119.179496601035396, 53.183302899877013, 0.0 ], [ -119.176741532805806, 53.183354741773663, 0.0 ], [ -119.174175824147795, 53.183399744161427, 0.0 ], [ -119.172068030981805, 53.183095726655928, 0.0 ], [ -119.170254718626595, 53.182961357935049, 0.0 ], [ -119.168466607298299, 53.183334589200939, 0.0 ], [ -119.167372929276496, 53.184268340525371, 0.0 ], [ -119.166454212149205, 53.18491247146379, 0.0 ], [ -119.163995044654001, 53.185183101391821, 0.0 ], [ -119.161055641518999, 53.185353472380903, 0.0 ], [ -119.159454717491798, 53.185665952743761, 0.0 ], [ -119.157384353018998, 53.186102812654227, 0.0 ], [ -119.155219307120504, 53.186542913036988, 0.0 ], [ -119.153713425346893, 53.186856562257773, 0.0 ], [ -119.152221583547799, 53.187453083673873, 0.0 ], [ -119.150718218860106, 53.187820553152939, 0.0 ], [ -119.149975538062407, 53.188179473031383, 0.0 ], [ -119.148754414344907, 53.188483043619563, 0.0 ], [ -119.147720493842797, 53.188730543329079, 0.0 ], [ -119.1472204849143, 53.188679743401522, 0.0 ], [ -119.147220369950503, 53.188679732111098, 0.0 ], [ -119.145438931959106, 53.182429821680962, 0.0 ], [ -119.141715334421605, 53.17685864305983, 0.0 ], [ -119.139112230016806, 53.172763787708078, 0.0 ], [ -119.134864355348697, 53.170084934822327, 0.0 ], [ -119.134864206411606, 53.170084787911463, 0.0 ], [ -119.134004836948407, 53.169233918401268, 0.0 ], [ -119.132765722964393, 53.168761231249732, 0.0 ], [ -119.132765511421098, 53.168761149507759, 0.0 ], [ -119.128518696666404, 53.166082225703363, 0.0 ], [ -119.126685265391501, 53.164345974803872, 0.0 ], [ -119.122201887230403, 53.160095631892062, 0.0 ], [ -119.121013595593794, 53.160226705084028, 0.0 ], [ -119.119172337581503, 53.159570412768993, 0.0 ], [ -119.116331932796001, 53.159790193267781, 0.0 ], [ -119.112823729754496, 53.15996560288923, 0.0 ], [ -119.109910972455694, 53.160646814522082, 0.0 ], [ -119.106508972902802, 53.161047766153317, 0.0 ], [ -119.1036772113236, 53.161442506169692, 0.0 ], [ -119.101422895854398, 53.161992766275823, 0.0 ], [ -119.099747104016899, 53.162707548641293, 0.0 ], [ -119.0981659899725, 53.163419000403778, 0.0 ], [ -119.096965038197894, 53.164126310904692, 0.0 ], [ -119.095451237609694, 53.164268422230272, 0.0 ], [ -119.093828710403699, 53.164126311831659, 0.0 ], [ -119.091523979436801, 53.163652190133448, 0.0 ], [ -119.0894506351883, 53.16346524406076, 0.0 ], [ -119.089450443417306, 53.163465227257682, 0.0 ], [ -119.088028511915596, 53.163164868069913, 0.0 ], [ -119.086724699316207, 53.162847550439217, 0.0 ], [ -119.085952841450293, 53.162483098378218, 0.0 ], [ -119.084843774901401, 53.16181483155453, 0.0 ], [ -119.083762563175398, 53.161550475801967, 0.0 ], [ -119.083155061639999, 53.161334468827683, 0.0 ], [ -119.081673353469199, 53.160586065913073, 0.0 ], [ -119.080180372527295, 53.160253322997903, 0.0 ], [ -119.079184287221807, 53.159798574645038, 0.0 ], [ -119.078489942069197, 53.159735154212122, 0.0 ], [ -119.078017179940801, 53.15970563790858, 0.0 ], [ -119.077575598906193, 53.15957628698925, 0.0 ], [ -119.077575548254103, 53.159576258128872, 0.0 ], [ -119.076469018245106, 53.158949675271693, 0.0 ], [ -119.074238071040099, 53.158018172285729, 0.0 ], [ -119.073989007234104, 53.157919203201423, 0.0 ], [ -119.073988778499995, 53.157919112047011, 0.0 ], [ -119.073779301978206, 53.157807748722618, 0.0 ], [ -119.072076218441396, 53.157051843944487, 0.0 ], [ -119.070318665001196, 53.156440300147729, 0.0 ], [ -119.069001578701901, 53.155839956593873, 0.0 ], [ -119.0684153135429, 53.155583569528289, 0.0 ], [ -119.068414820585602, 53.155583328118453, 0.0 ], [ -119.068126640943802, 53.155442185257058, 0.0 ], [ -119.067721770285203, 53.155350073633848, 0.0 ], [ -119.067721545399394, 53.155350022832373, 0.0 ], [ -119.067274590248203, 53.155208954915892, 0.0 ], [ -119.067062608214499, 53.155097328404921, 0.0 ], [ -119.066916579358207, 53.154950766203903, 0.0 ], [ -119.066742384659193, 53.154594959129597, 0.0 ], [ -119.066708012099895, 53.154257558929913, 0.0 ], [ -119.0665746535078, 53.153703434272977, 0.0 ], [ -119.066488286578107, 53.153539479484721, 0.0 ], [ -119.066276125326596, 53.153305750806332, 0.0 ], [ -119.065729916322994, 53.152866884792147, 0.0 ], [ -119.064177106528604, 53.15236024370558, 0.0 ], [ -119.063734745601195, 53.15219102583724, 0.0 ], [ -119.063734673872105, 53.152190979693223, 0.0 ], [ -119.062614952221097, 53.151486496132627, 0.0 ], [ -119.060663724445902, 53.150432774417609, 0.0 ], [ -119.058042892328103, 53.149280320253609, 0.0 ], [ -119.054866582587806, 53.148421268333948, 0.0 ], [ -119.054755909601596, 53.148386628852613, 0.0 ], [ -119.054755815538797, 53.148386599663468, 0.0 ], [ -119.054720930846599, 53.148365544334091, 0.0 ], [ -119.052733289435395, 53.147714982148401, 0.0 ], [ -119.051707436409203, 53.147090613182968, 0.0 ], [ -119.050844181023706, 53.146319076056052, 0.0 ], [ -119.050359562702994, 53.145679920485037, 0.0 ], [ -119.049771996121194, 53.145122964345788, 0.0 ], [ -119.049358624023796, 53.144659563627592, 0.0 ], [ -119.049096510557206, 53.143637477104519, 0.0 ], [ -119.048675032938306, 53.143003121318579, 0.0 ], [ -119.048673793533695, 53.140736089180322, 0.0 ], [ -119.048548801445094, 53.139604720898632, 0.0 ], [ -119.047639951338098, 53.138444061110512, 0.0 ], [ -119.047546498627995, 53.137975150574484, 0.0 ], [ -119.047525150398201, 53.137526381103463, 0.0 ], [ -119.048742324858097, 53.135452261058191, 0.0 ], [ -119.048966432164093, 53.134750717524653, 0.0 ], [ -119.048909847343197, 53.134205071959393, 0.0 ], [ -119.048926192320295, 53.133591592652557, 0.0 ], [ -119.049094178650606, 53.132019879322563, 0.0 ], [ -119.049298901300105, 53.130744064528628, 0.0 ], [ -119.049495934063899, 53.129544887571058, 0.0 ], [ -119.049659510627293, 53.127830677254202, 0.0 ], [ -119.049483821143895, 53.12671059035609, 0.0 ], [ -119.049311237915802, 53.126293378509672, 0.0 ], [ -119.049015223477696, 53.125878493554637, 0.0 ], [ -119.048938183156096, 53.125782569006347, 0.0 ], [ -119.048793348663807, 53.125667699327607, 0.0 ], [ -119.0484223292368, 53.12551748094937, 0.0 ], [ -119.046526980176296, 53.125336376696808, 0.0 ], [ -119.046523534360901, 53.124880284048757, 0.0 ], [ -119.040687405534001, 53.124797186326752, 0.0 ], [ -119.040687306688497, 53.12479718518712, 0.0 ], [ -119.039880771272294, 53.124690480611463, 0.0 ], [ -119.038563964257307, 53.124657848741229, 0.0 ], [ -119.037162887049604, 53.124746864119253, 0.0 ], [ -119.037162768733495, 53.124746862738043, 0.0 ], [ -119.035852504912, 53.124728128737921, 0.0 ], [ -119.035851995604006, 53.124728121731827, 0.0 ], [ -119.034895573402693, 53.124702231028003, 0.0 ], [ -119.034590484320603, 53.124710070072808, 0.0 ], [ -119.031471216034603, 53.124665379929127, 0.0 ], [ -119.031471055626099, 53.124665376370153, 0.0 ], [ -119.030884904899906, 53.124623534299033, 0.0 ], [ -119.030515560962499, 53.124574639087953, 0.0 ], [ -119.030145344614397, 53.124507353902771, 0.0 ], [ -119.029774245416903, 53.124421689894909, 0.0 ], [ -119.028445330107402, 53.124131553671077, 0.0 ], [ -119.027374516511799, 53.123844211715152, 0.0 ], [ -119.027407287890796, 53.124607030690001, 0.0 ], [ -119.0265696940168, 53.124594987603949, 0.0 ], [ -119.026228850234801, 53.129452475391957, 0.0 ], [ -119.026168740591103, 53.130192456746762, 0.0 ], [ -119.025544871724705, 53.131059518803333, 0.0 ], [ -119.023795281163103, 53.132230151009537, 0.0 ], [ -119.022051810427399, 53.133517513046769, 0.0 ], [ -119.017946011546798, 53.1350692063846, 0.0 ], [ -119.013673901545303, 53.137139299164993, 0.0 ], [ -119.009683672182305, 53.139145672169228, 0.0 ], [ -119.005013032661594, 53.140823995709312, 0.0 ], [ -119.002034398249407, 53.142130168327313, 0.0 ], [ -119.000276165296498, 53.143129709124807, 0.0 ], [ -118.999271766562899, 53.144000370509957, 0.0 ], [ -118.999811810740397, 53.145270946028937, 0.0 ], [ -118.999621540699096, 53.145360860499878, 0.0 ], [ -118.999926760148796, 53.145541379375942, 0.0 ], [ -119.000018447147497, 53.145757082367183, 0.0 ], [ -119.002004605860606, 53.14760703402856, 0.0 ], [ -119.007511947804701, 53.149572277911503, 0.0 ], [ -119.012397221134904, 53.152453723205817, 0.0 ], [ -119.0163896731938, 53.154501226023392, 0.0 ], [ -119.021189267162995, 53.15755619254918, 0.0 ], [ -119.024134834535104, 53.159562295432487, 0.0 ], [ -119.026204511957701, 53.161125598567693, 0.0 ], [ -119.026999407462995, 53.161854599981957, 0.0 ], [ -119.027026414218597, 53.162425111858958, 0.0 ], [ -119.026439639310297, 53.164087323627371, 0.0 ], [ -119.023011383067896, 53.167969388888856, 0.0 ], [ -119.021062694812599, 53.168975677414018, 0.0 ], [ -119.018766244793994, 53.170668669145464, 0.0 ], [ -119.017126077147907, 53.172177429664607, 0.0 ], [ -119.015903870090099, 53.174481880528766, 0.0 ], [ -119.014106384227105, 53.176679863254101, 0.0 ], [ -119.012794178999698, 53.179099874316087, 0.0 ], [ -119.011679615549596, 53.18168872658736, 0.0 ], [ -119.009628326460501, 53.184574488097603, 0.0 ], [ -119.006840834803299, 53.187989090178363, 0.0 ], [ -119.005674790004207, 53.189490650755822, 0.0 ], [ -119.004970987565002, 53.190702232033807, 0.0 ], [ -119.0032847404254, 53.191244931635509, 0.0 ], [ -119.000734846821004, 53.191627700101712, 0.0 ], [ -118.998188177253098, 53.192073287346943, 0.0 ], [ -118.994416407509405, 53.192762411844292, 0.0 ], [ -118.994851300659903, 53.200059438366061, 0.0 ], [ -118.993611447025799, 53.202022337964507, 0.0 ], [ -118.993699289582494, 53.203904599336283, 0.0 ], [ -118.994045546710097, 53.204595701105177, 0.0 ], [ -118.993620569308206, 53.204998779831833, 0.0 ], [ -118.993400425174997, 53.205130856990309, 0.0 ], [ -118.993331709565595, 53.205275515202317, 0.0 ], [ -118.993441586565794, 53.205498921703217, 0.0 ], [ -118.993802131742697, 53.20586420554541, 0.0 ], [ -118.994311501756101, 53.206474523943569, 0.0 ], [ -118.994759876135106, 53.207250887035457, 0.0 ], [ -118.995153015890807, 53.207725042043791, 0.0 ], [ -118.996190703093404, 53.208707825913862, 0.0 ], [ -118.997501287155004, 53.209584054843447, 0.0 ], [ -118.999035285097307, 53.210520999102187, 0.0 ], [ -118.999574846158595, 53.210725600628287, 0.0 ], [ -119.000116787001602, 53.210856221557741, 0.0 ], [ -119.002745828657197, 53.212253108113941, 0.0 ], [ -119.004613878570893, 53.213535611070107, 0.0 ], [ -119.005796711021702, 53.213930116310117, 0.0 ], [ -119.0058003483215, 53.213933891294133, 0.0 ], [ -119.006591072175198, 53.214358369344211, 0.0 ], [ -119.006793830396006, 53.214498072327558, 0.0 ], [ -119.007193788337602, 53.214643331978728, 0.0 ], [ -119.008041623979494, 53.214805395852849, 0.0 ], [ -119.008924414406707, 53.214781812157668, 0.0 ], [ -119.009627264563093, 53.214937094201701, 0.0 ], [ -119.013169322311995, 53.215389076540511, 0.0 ], [ -119.016428778452706, 53.215904508406993, 0.0 ], [ -119.018476826430003, 53.21695580070584, 0.0 ], [ -119.020817558806797, 53.218168012124998, 0.0 ], [ -119.022583369989903, 53.219282755532838, 0.0 ], [ -119.0232997740641, 53.220351867127761, 0.0 ], [ -119.024299140580496, 53.221362028091512, 0.0 ], [ -119.025534668706499, 53.22334050054797, 0.0 ], [ -119.025612525630294, 53.223490737885129, 0.0 ], [ -119.024529198346102, 53.224436084733377, 0.0 ], [ -119.023716330390997, 53.225310265046318, 0.0 ], [ -119.023466067258198, 53.225579395023892, 0.0 ], [ -119.021999307598904, 53.227335472926264, 0.0 ], [ -119.020667667576902, 53.22813708666235, 0.0 ], [ -119.019464959925401, 53.228780382824112, 0.0 ], [ -119.018212391947202, 53.229628880167368, 0.0 ], [ -119.016708758537604, 53.230636731370268, 0.0 ], [ -119.015291158490399, 53.231643105792919, 0.0 ], [ -119.014858413539898, 53.231876732084991, 0.0 ], [ -119.012805730861402, 53.231945940688703, 0.0 ], [ -119.010713038705703, 53.231980499655393, 0.0 ], [ -119.008549789668905, 53.232530309250762, 0.0 ], [ -119.007220663857296, 53.232611037396808, 0.0 ], [ -119.005244972085507, 53.233100547768061, 0.0 ], [ -119.003559084136597, 53.233697157278833, 0.0 ], [ -119.001685996246295, 53.234358566526467, 0.0 ], [ -118.998562972254604, 53.234751501322542, 0.0 ], [ -118.997519323105706, 53.234827099298577, 0.0 ], [ -118.994192889820397, 53.23493878245641, 0.0 ], [ -118.992028909081796, 53.235488317420653, 0.0 ], [ -118.9897652071826, 53.235928682809167, 0.0 ], [ -118.988081830153206, 53.236583520163762, 0.0 ], [ -118.986890221533102, 53.237572796802773, 0.0 ], [ -118.985127643714506, 53.238572243113872, 0.0 ], [ -118.984186958013694, 53.238815151894158, 0.0 ], [ -118.983146184764905, 53.238948978332878, 0.0 ], [ -118.981702933307005, 53.238628305944736, 0.0 ], [ -118.975947913974807, 53.237695801839557, 0.0 ], [ -118.973842252068707, 53.237446676341918, 0.0 ], [ -118.971929193367302, 53.237249572347167, 0.0 ], [ -118.971558186819607, 53.237219011759528, 0.0 ], [ -118.971558136892398, 53.237219007126413, 0.0 ], [ -118.9714248369568, 53.237171395282559, 0.0 ], [ -118.970185145902505, 53.236679140439328, 0.0 ], [ -118.968520322393701, 53.236301240313239, 0.0 ], [ -118.967758391011401, 53.236091418800861, 0.0 ], [ -118.967758333442703, 53.236091380225453, 0.0 ], [ -118.967194780965499, 53.235729190734759, 0.0 ], [ -118.964975356094598, 53.235083255224232, 0.0 ], [ -118.959524899012393, 53.234544773700513, 0.0 ], [ -118.956565668611304, 53.234364226171678, 0.0 ], [ -118.954208725966595, 53.234861021523223, 0.0 ], [ -118.9521419470626, 53.235465096508293, 0.0 ], [ -118.950736136293401, 53.235943713287277, 0.0 ], [ -118.949322043692405, 53.236251600004287, 0.0 ], [ -118.947784465980803, 53.235933626196299, 0.0 ], [ -118.946527331724994, 53.235498383356187, 0.0 ], [ -118.946381861874698, 53.235441391911401, 0.0 ], [ -118.946381749834103, 53.23544134793314, 0.0 ], [ -118.946078936421799, 53.235228905346197, 0.0 ], [ -118.945314713444603, 53.234730503213648, 0.0 ], [ -118.944556460082694, 53.234363843284363, 0.0 ], [ -118.943014421534798, 53.233697710994193, 0.0 ], [ -118.941435989955195, 53.232970346774238, 0.0 ], [ -118.939812935790499, 53.232117499137722, 0.0 ], [ -118.9371920864331, 53.230643996049167, 0.0 ], [ -118.935604784934696, 53.22967851644686, 0.0 ], [ -118.935163329744697, 53.229506889538257, 0.0 ], [ -118.934779545335502, 53.22937563743087, 0.0 ], [ -118.934245731045195, 53.229095610065173, 0.0 ], [ -118.934245624462307, 53.229095527201011, 0.0 ], [ -118.933651761459899, 53.228631177785672, 0.0 ], [ -118.932382384039499, 53.227912705434797, 0.0 ], [ -118.930166557642394, 53.227319961054853, 0.0 ], [ -118.927843085635402, 53.226442817133353, 0.0 ], [ -118.925172922563902, 53.22420478350675, 0.0 ], [ -118.923949257893, 53.222395871322981, 0.0 ], [ -118.923206916978103, 53.220697121465122, 0.0 ], [ -118.9229451830616, 53.21910394129911, 0.0 ], [ -118.922742193587197, 53.218687245321718, 0.0 ], [ -118.922742173122401, 53.218687201902853, 0.0 ], [ -118.922847872251197, 53.218379768493612, 0.0 ], [ -118.9233884273185, 53.217458820913542, 0.0 ], [ -118.923975001697102, 53.216625441671418, 0.0 ], [ -118.924436885785099, 53.215794075639778, 0.0 ], [ -118.924532865089304, 53.215277030710382, 0.0 ], [ -118.9243470993149, 53.214832133473621, 0.0 ], [ -118.924133798255497, 53.214600540773887, 0.0 ], [ -118.923754763426999, 53.214194753263783, 0.0 ], [ -118.923355473896507, 53.213938997013258, 0.0 ], [ -118.922630766166293, 53.213529918792091, 0.0 ], [ -118.921010110542497, 53.212684840629599, 0.0 ], [ -118.921010060947907, 53.212684790071542, 0.0 ], [ -118.920841994435605, 53.212518822356131, 0.0 ], [ -118.920470657108694, 53.212395020975528, 0.0 ], [ -118.920470564237704, 53.212394988940567, 0.0 ], [ -118.920182699565302, 53.212227948745983, 0.0 ], [ -118.918677819951299, 53.211543797631307, 0.0 ], [ -118.917609275593307, 53.211149692407631, 0.0 ], [ -118.916599344424, 53.210761555714903, 0.0 ], [ -118.915224048514901, 53.210331703040112, 0.0 ], [ -118.915026475820497, 53.210273275759732, 0.0 ], [ -118.915026412847396, 53.210273242736939, 0.0 ], [ -118.913766824181295, 53.209606683226667, 0.0 ], [ -118.910491154356293, 53.208688499096667, 0.0 ], [ -118.909405023194907, 53.207792818244833, 0.0 ], [ -118.906715803264007, 53.207210785940681, 0.0 ], [ -118.903288220583306, 53.207147779761591, 0.0 ], [ -118.899368153958804, 53.206700385950818, 0.0 ], [ -118.8951676439236, 53.206365490058843, 0.0 ], [ -118.892201225601497, 53.205958686550488, 0.0 ], [ -118.887625594028094, 53.205743850760967, 0.0 ], [ -118.883898488288096, 53.205348116705032, 0.0 ], [ -118.880358945951599, 53.204887672959707, 0.0 ], [ -118.877862327046302, 53.204357121199607, 0.0 ], [ -118.875746229377697, 53.20381873990749, 0.0 ], [ -118.874612991810807, 53.202927633743393, 0.0 ], [ -118.874710805679101, 53.202787844376338, 0.0 ], [ -118.874696751132305, 53.202466065263373, 0.0 ], [ -118.874926033293093, 53.201903189706798, 0.0 ], [ -118.875460909717305, 53.201233818525708, 0.0 ], [ -118.875730199044298, 53.200941468717701, 0.0 ], [ -118.875831847650602, 53.200685653019747, 0.0 ], [ -118.875791902673797, 53.19977111923567, 0.0 ], [ -118.875690336279007, 53.199382915417921, 0.0 ], [ -118.875513083362094, 53.19919928508957, 0.0 ], [ -118.874812247167299, 53.198651046563498, 0.0 ], [ -118.873912880042099, 53.198274264735844, 0.0 ], [ -118.873676179756103, 53.197803150044521, 0.0 ], [ -118.871663043911099, 53.19743666996883, 0.0 ], [ -118.8689547424365, 53.196395458962279, 0.0 ], [ -118.868172095876901, 53.195894519182708, 0.0 ], [ -118.866729551465696, 53.193345363784253, 0.0 ], [ -118.865622536234696, 53.19193704605955, 0.0 ], [ -118.863832595290205, 53.190137049571938, 0.0 ], [ -118.862325255118193, 53.188278282578288, 0.0 ], [ -118.861779394650299, 53.188019789882013, 0.0 ], [ -118.861779307042397, 53.188019748633117, 0.0 ], [ -118.861751832842302, 53.187995493219731, 0.0 ], [ -118.861685694349703, 53.187975416465228, 0.0 ], [ -118.861685595801106, 53.187975370172303, 0.0 ], [ -118.859995674573895, 53.187175064933349, 0.0 ], [ -118.855656201045903, 53.185759093736067, 0.0 ], [ -118.852106216601399, 53.185014704624201, 0.0 ], [ -118.849229077994295, 53.184432943473617, 0.0 ], [ -118.847028743378402, 53.184121723716821, 0.0 ], [ -118.844439244102304, 53.183593514876641, 0.0 ], [ -118.841576867420201, 53.183353032685048, 0.0 ], [ -118.838626652101993, 53.183281750675192, 0.0 ], [ -118.836528917482894, 53.183142430636607, 0.0 ], [ -118.835676794806105, 53.183214970475049, 0.0 ], [ -118.833874265256298, 53.183300018435581, 0.0 ], [ -118.833053454177204, 53.183312887485243, 0.0 ], [ -118.832893503399902, 53.183040137089321, 0.0 ], [ -118.832357932907598, 53.180969275145152, 0.0 ], [ -118.831957733761698, 53.180102015191252, 0.0 ], [ -118.8312740491982, 53.177696061000802, 0.0 ], [ -118.831053187715497, 53.177058947700672, 0.0 ], [ -118.830667305475401, 53.176526272207802, 0.0 ], [ -118.830436409669403, 53.1756745796459, 0.0 ], [ -118.8297563370012, 53.173855445755308, 0.0 ], [ -118.829032521380995, 53.172774599633939, 0.0 ], [ -118.828824381559798, 53.172436853124807, 0.0 ], [ -118.8286993816901, 53.172344223563513, 0.0 ], [ -118.828514837319304, 53.172274327325049, 0.0 ], [ -118.827623480623501, 53.172161948080984, 0.0 ], [ -118.827215317213302, 53.17211290308606, 0.0 ], [ -118.826920419607603, 53.171821550299263, 0.0 ], [ -118.825210414154199, 53.171845040226998, 0.0 ], [ -118.823691210347306, 53.171871410341517, 0.0 ], [ -118.823204124584507, 53.171590071454169, 0.0 ], [ -118.820642358933796, 53.171690421446648, 0.0 ], [ -118.818710949033303, 53.170974114099643, 0.0 ], [ -118.817541103757506, 53.170564720239597, 0.0 ], [ -118.816994586144801, 53.169971098562527, 0.0 ], [ -118.816365838698601, 53.169015763410449, 0.0 ], [ -118.815761120816006, 53.167995746004507, 0.0 ], [ -118.815302268126203, 53.167262971183497, 0.0 ], [ -118.814751050614902, 53.166242122113708, 0.0 ], [ -118.8143477339447, 53.165556741743387, 0.0 ], [ -118.813833195934805, 53.164586635116969, 0.0 ], [ -118.813659539209496, 53.164457571973792, 0.0 ], [ -118.813416313714001, 53.164396947388553, 0.0 ], [ -118.812300902296002, 53.164230040643908, 0.0 ], [ -118.811821423371498, 53.164110622699219, 0.0 ], [ -118.810790515411796, 53.163448960506543, 0.0 ], [ -118.807820141908394, 53.162864770658267, 0.0 ], [ -118.805327131099304, 53.162332601510847, 0.0 ], [ -118.802563760963693, 53.162146572836058, 0.0 ], [ -118.800901628640204, 53.161029941568707, 0.0 ], [ -118.797970142458894, 53.161362043102493, 0.0 ], [ -118.794748854614198, 53.16158182416811, 0.0 ], [ -118.792997158691094, 53.161359774630981, 0.0 ], [ -118.792948072816799, 53.16127960181614, 0.0 ], [ -118.792661450244296, 53.160196158979659, 0.0 ], [ -118.792617134734897, 53.159133027194542, 0.0 ], [ -118.792459144733797, 53.158375558032112, 0.0 ], [ -118.792130642313097, 53.157705626132007, 0.0 ], [ -118.791770039758205, 53.157061741163062, 0.0 ], [ -118.791371877817596, 53.156489167509747, 0.0 ], [ -118.790685813835296, 53.156065572428972, 0.0 ], [ -118.789402583920094, 53.155425942756366, 0.0 ], [ -118.788856182803698, 53.155144877050887, 0.0 ], [ -118.788252995899001, 53.154784302525627, 0.0 ], [ -118.786557052150897, 53.153861566180638, 0.0 ], [ -118.786003350926094, 53.153403813349151, 0.0 ], [ -118.784943402001502, 53.15234295572575, 0.0 ], [ -118.784362336639603, 53.151869521346747, 0.0 ], [ -118.783420665633699, 53.151080080937597, 0.0 ], [ -118.783184129271206, 53.150796473211948, 0.0 ], [ -118.783243865352503, 53.149940056393277, 0.0 ], [ -118.783573645752895, 53.149643290192962, 0.0 ], [ -118.783883102996896, 53.149533141386478, 0.0 ], [ -118.785354063834504, 53.14893355808762, 0.0 ], [ -118.786979622889106, 53.148199906295687, 0.0 ], [ -118.788177591850697, 53.147574957610033, 0.0 ], [ -118.788696301793607, 53.147164235757458, 0.0 ], [ -118.789252380760004, 53.146578349742747, 0.0 ], [ -118.7895702821003, 53.14617064756002, 0.0 ], [ -118.789645015502899, 53.14582031311123, 0.0 ], [ -118.789613777681396, 53.14560588752277, 0.0 ], [ -118.789415760137103, 53.145138782494868, 0.0 ], [ -118.788975694007107, 53.144755899523659, 0.0 ], [ -118.788160846666102, 53.144238660098317, 0.0 ], [ -118.786771528012395, 53.14332511703536, 0.0 ], [ -118.785757032948894, 53.14248718030899, 0.0 ], [ -118.784618515681004, 53.141128888016191, 0.0 ], [ -118.784752113749406, 53.140835222990603, 0.0 ], [ -118.784787272893695, 53.140606530052267, 0.0 ], [ -118.784654945033793, 53.140350505572293, 0.0 ], [ -118.784075587591104, 53.13912521626856, 0.0 ], [ -118.783908385743203, 53.138139914040593, 0.0 ], [ -118.783501231567499, 53.137462154360243, 0.0 ], [ -118.783207769065299, 53.13647873052647, 0.0 ], [ -118.782702807802593, 53.135213647057562, 0.0 ], [ -118.782435197101805, 53.134579073113443, 0.0 ], [ -118.781889596650601, 53.134224416673852, 0.0 ], [ -118.780952139830902, 53.13373048513445, 0.0 ], [ -118.7800960420374, 53.133453025915991, 0.0 ], [ -118.778722121558999, 53.132907552868929, 0.0 ], [ -118.777248173037094, 53.132276487120023, 0.0 ], [ -118.774656560895394, 53.131458873727958, 0.0 ], [ -118.773456951243404, 53.131041366029869, 0.0 ], [ -118.771857191740395, 53.130281473187132, 0.0 ], [ -118.770768407897194, 53.129867588811457, 0.0 ], [ -118.769149388300903, 53.129083662927421, 0.0 ], [ -118.766768888684894, 53.128262542332607, 0.0 ], [ -118.765066716057405, 53.127748635451283, 0.0 ], [ -118.763333295352695, 53.127237874009623, 0.0 ], [ -118.761487198888105, 53.126773285281601, 0.0 ], [ -118.759880483347601, 53.126282866660937, 0.0 ], [ -118.757410954083596, 53.125584812542627, 0.0 ], [ -118.755211838796697, 53.125081621126682, 0.0 ], [ -118.754487105027906, 53.125071540306507, 0.0 ], [ -118.752862910552395, 53.124708765336202, 0.0 ], [ -118.750072184206203, 53.123780059013043, 0.0 ], [ -118.748653336893099, 53.123294291996139, 0.0 ], [ -118.748240402533199, 53.122760676637292, 0.0 ], [ -118.747939878670195, 53.122601712297701, 0.0 ], [ -118.747617288487405, 53.122456681850302, 0.0 ], [ -118.747428168093606, 53.12239015565801, 0.0 ], [ -118.747428131283201, 53.122390128023859, 0.0 ], [ -118.747355619420105, 53.12233601432203, 0.0 ], [ -118.746466776445104, 53.121491187849813, 0.0 ], [ -118.744085379293793, 53.121296252131671, 0.0 ], [ -118.741795060925497, 53.120990436620758, 0.0 ], [ -118.739414022857702, 53.120795412745089, 0.0 ], [ -118.738644000235396, 53.120730695356812, 0.0 ], [ -118.7377381433908, 53.120368416485839, 0.0 ], [ -118.736917088634002, 53.119788919609988, 0.0 ], [ -118.735840339582495, 53.119004261089977, 0.0 ], [ -118.735276991459799, 53.118495364713503, 0.0 ], [ -118.734165790143607, 53.117300459322728, 0.0 ], [ -118.7331571126428, 53.116403426296259, 0.0 ], [ -118.732041477004003, 53.115657610034233, 0.0 ], [ -118.731256932744699, 53.114904024283391, 0.0 ], [ -118.731218098910603, 53.114866719984597, 0.0 ], [ -118.729978584231304, 53.113850551382562, 0.0 ], [ -118.729506323890902, 53.113353914484406, 0.0 ], [ -118.7290384422393, 53.112966083142361, 0.0 ], [ -118.728958081432594, 53.11265426464778, 0.0 ], [ -118.728998371329894, 53.112531215862589, 0.0 ], [ -118.729195249772303, 53.112365052657303, 0.0 ], [ -118.729871745351502, 53.11205843331372, 0.0 ], [ -118.731147645816804, 53.111339329522359, 0.0 ], [ -118.731256866886199, 53.111295034537108, 0.0 ], [ -118.732352472383894, 53.110850726146957, 0.0 ], [ -118.733384481323, 53.110557888013894, 0.0 ], [ -118.733916921583898, 53.110320642872573, 0.0 ], [ -118.734560767680193, 53.109759995946042, 0.0 ], [ -118.736330580911797, 53.108265089176953, 0.0 ], [ -118.738673477462001, 53.106460017785707, 0.0 ], [ -118.739690752666505, 53.105749442153787, 0.0 ], [ -118.740998740181794, 53.104968356457711, 0.0 ], [ -118.741094484761007, 53.104863301668772, 0.0 ], [ -118.741314995941806, 53.104621381229379, 0.0 ], [ -118.741582110702396, 53.103965946528398, 0.0 ], [ -118.741627435840002, 53.103486567160409, 0.0 ], [ -118.741704847606499, 53.102383611664379, 0.0 ], [ -118.7417272944883, 53.101655844272159, 0.0 ], [ -118.741891933416994, 53.101189625634177, 0.0 ], [ -118.742065940005403, 53.100955177191928, 0.0 ], [ -118.742626737013794, 53.100112478216531, 0.0 ], [ -118.742758306516905, 53.099703023566157, 0.0 ], [ -118.742617536628501, 53.099361235067271, 0.0 ], [ -118.742602100629995, 53.098979406620849, 0.0 ], [ -118.7427217745158, 53.098799361332908, 0.0 ], [ -118.743077139095703, 53.098692273033912, 0.0 ], [ -118.743902848518204, 53.098705645640472, 0.0 ], [ -118.745137543872801, 53.09889130152267, 0.0 ], [ -118.746822050644099, 53.099223486805627, 0.0 ], [ -118.748174875497796, 53.099497441840413, 0.0 ], [ -118.748591035050893, 53.09952830051305, 0.0 ], [ -118.749371895053898, 53.099478618519612, 0.0 ], [ -118.749998520480602, 53.099278370201873, 0.0 ], [ -118.750470925563604, 53.098927580879668, 0.0 ], [ -118.751339354281598, 53.097908724541718, 0.0 ], [ -118.751980816660094, 53.097033294397313, 0.0 ], [ -118.752384355652595, 53.096104497263489, 0.0 ], [ -118.752522429219894, 53.09508721486575, 0.0 ], [ -118.752455445395199, 53.093778426341309, 0.0 ], [ -118.751917206876698, 53.092537615569043, 0.0 ], [ -118.751082274304693, 53.091436232758667, 0.0 ], [ -118.750556565566498, 53.090860741763578, 0.0 ], [ -118.750004647874107, 53.090523250030543, 0.0 ], [ -118.749778095693998, 53.090245761702413, 0.0 ], [ -118.749352975601496, 53.089495986655081, 0.0 ], [ -118.749140868490997, 53.088648626769867, 0.0 ], [ -118.748555260830997, 53.087739539171032, 0.0 ], [ -118.748723197939199, 53.08737000080184, 0.0 ], [ -118.7490999173544, 53.086887267791568, 0.0 ], [ -118.749741146561107, 53.086162029368957, 0.0 ], [ -118.751235921454693, 53.085354572227203, 0.0 ], [ -118.752540758919594, 53.084678692344212, 0.0 ], [ -118.753749019434196, 53.084267635776321, 0.0 ], [ -118.755133974734704, 53.083843435261507, 0.0 ], [ -118.756096137023306, 53.083517223251313, 0.0 ], [ -118.757081000736704, 53.083152465757337, 0.0 ], [ -118.758261895991694, 53.082806132972628, 0.0 ], [ -118.759215041303307, 53.082259786548057, 0.0 ], [ -118.759687340863294, 53.081727639383203, 0.0 ], [ -118.760475064946306, 53.080256727422309, 0.0 ], [ -118.761028083545099, 53.079166720140982, 0.0 ], [ -118.761288695941701, 53.078465818393752, 0.0 ], [ -118.761628081186004, 53.077923497766818, 0.0 ], [ -118.762058473915104, 53.077249127024551, 0.0 ], [ -118.762541764643402, 53.076690155909198, 0.0 ], [ -118.763198398570495, 53.076244769274822, 0.0 ], [ -118.7639349849442, 53.075986980137557, 0.0 ], [ -118.764721513838296, 53.075772009995262, 0.0 ], [ -118.766490783067596, 53.075426285421088, 0.0 ], [ -118.767616280053005, 53.075249818701757, 0.0 ], [ -118.769106937736893, 53.075167190071348, 0.0 ], [ -118.769655808645496, 53.075030720933761, 0.0 ], [ -118.770181129222394, 53.07478639630137, 0.0 ], [ -118.770544249457899, 53.074364019452076, 0.0 ], [ -118.770632280750604, 53.073977095226773, 0.0 ], [ -118.770125226008503, 53.073074738411613, 0.0 ], [ -118.770145419592396, 53.072391918250339, 0.0 ], [ -118.770244084958904, 53.071272281804653, 0.0 ], [ -118.770107587679604, 53.070882218667748, 0.0 ], [ -118.769915796492697, 53.070318739761618, 0.0 ], [ -118.769354123685403, 53.068962052639392, 0.0 ], [ -118.769122212203399, 53.068007072118441, 0.0 ], [ -118.768545133695099, 53.067368488879673, 0.0 ], [ -118.767037811009203, 53.066379647276896, 0.0 ], [ -118.766412028866299, 53.065808076468549, 0.0 ], [ -118.7657818284532, 53.064928796049273, 0.0 ], [ -118.765179957857995, 53.063372206504013, 0.0 ], [ -118.765213267433197, 53.063008663001717, 0.0 ], [ -118.765444414025694, 53.062598978659132, 0.0 ], [ -118.765727297706704, 53.062222650481409, 0.0 ], [ -118.766143449598403, 53.06193193341614, 0.0 ], [ -118.767093374921302, 53.061480042795871, 0.0 ], [ -118.768333114683202, 53.060943812660547, 0.0 ], [ -118.769229128488604, 53.06042680940277, 0.0 ], [ -118.770052043315303, 53.059830856138028, 0.0 ], [ -118.770431665524796, 53.059437162354797, 0.0 ], [ -118.770769909403796, 53.058886843100893, 0.0 ], [ -118.770830048214194, 53.058141115220749, 0.0 ], [ -118.770781423617606, 53.057405453707247, 0.0 ], [ -118.770609724868606, 53.056449583110343, 0.0 ], [ -118.770481760843793, 53.055972268835518, 0.0 ], [ -118.770903584802298, 53.054804253066102, 0.0 ], [ -118.771204479739495, 53.054211638851548, 0.0 ], [ -118.771563892774793, 53.053834075237127, 0.0 ], [ -118.772170696765301, 53.053107915196293, 0.0 ], [ -118.773351534919897, 53.052206422252262, 0.0 ], [ -118.773909811322596, 53.051874767792121, 0.0 ], [ -118.774680885718993, 53.05155285837025, 0.0 ], [ -118.775848351826895, 53.051001754006293, 0.0 ], [ -118.776235897297695, 53.050834013199832, 0.0 ], [ -118.776722619573604, 53.050369552624723, 0.0 ], [ -118.777633912999605, 53.049940680553057, 0.0 ], [ -118.778031113280804, 53.049682366561491, 0.0 ], [ -118.778361626732206, 53.049227489478191, 0.0 ], [ -118.778483571815002, 53.04897167442541, 0.0 ], [ -118.778515117073695, 53.048824845121473, 0.0 ], [ -118.778470426919299, 53.048652562516438, 0.0 ], [ -118.778219760137503, 53.047931065051984, 0.0 ], [ -118.778197919861597, 53.047568660360142, 0.0 ], [ -118.778186602179801, 53.047293653481113, 0.0 ], [ -118.778279846379704, 53.047037933319743, 0.0 ], [ -118.778274586840695, 53.046741993381431, 0.0 ], [ -118.778180628398701, 53.04637307817945, 0.0 ], [ -118.777761337035798, 53.045740919834422, 0.0 ], [ -118.776944514058897, 53.045005255268073, 0.0 ], [ -118.776607146140705, 53.044675378157201, 0.0 ], [ -118.775591008886096, 53.043504890570503, 0.0 ], [ -118.774989628468703, 53.042857201021476, 0.0 ], [ -118.773930968103201, 53.04209667950488, 0.0 ], [ -118.772515041558805, 53.041526040644143, 0.0 ], [ -118.771049772627094, 53.041201300647032, 0.0 ], [ -118.769884600783399, 53.040817350756257, 0.0 ], [ -118.769052705556902, 53.040446673624679, 0.0 ], [ -118.768244042131599, 53.0398258732721, 0.0 ], [ -118.767784591907102, 53.039024493716298, 0.0 ], [ -118.767537203582094, 53.038152617596623, 0.0 ], [ -118.766906545318804, 53.037523560045173, 0.0 ], [ -118.766433756750601, 53.037056318237568, 0.0 ], [ -118.765759805225301, 53.03684744546338, 0.0 ], [ -118.764700314381699, 53.036695868786488, 0.0 ], [ -118.763965981375506, 53.03661869633715, 0.0 ], [ -118.762998724196905, 53.036633037986512, 0.0 ], [ -118.762094881213301, 53.036719401867927, 0.0 ], [ -118.761270134149299, 53.036976328648912, 0.0 ], [ -118.761178376019501, 53.037022971266232, 0.0 ], [ -118.760572415831206, 53.0368713551862, 0.0 ], [ -118.758870338288105, 53.03695217954867, 0.0 ], [ -118.758129100671894, 53.037362580846953, 0.0 ], [ -118.758147820636495, 53.037820948786347, 0.0 ], [ -118.757887181791602, 53.038396047782292, 0.0 ], [ -118.757822381454005, 53.039135935878939, 0.0 ], [ -118.757852621301694, 53.03988185274158, 0.0 ], [ -118.757709703100105, 53.041024668963793, 0.0 ], [ -118.757838581924801, 53.041875435690621, 0.0 ], [ -118.757970705887701, 53.042789113141637, 0.0 ], [ -118.758088425772101, 53.043356741049443, 0.0 ], [ -118.758208305931802, 53.043982868851771, 0.0 ], [ -118.757199228768698, 53.04479763704618, 0.0 ], [ -118.756192309819397, 53.045666316875298, 0.0 ], [ -118.754998192179897, 53.046599347553183, 0.0 ], [ -118.753050956036802, 53.047655228244288, 0.0 ], [ -118.750267438145698, 53.049124390926551, 0.0 ], [ -118.746920171721598, 53.050714694825153, 0.0 ], [ -118.744124782339696, 53.051896128539042, 0.0 ], [ -118.742345666521004, 53.052433613509997, 0.0 ], [ -118.741317512951895, 53.05279442526038, 0.0 ], [ -118.739801917678093, 53.052815128219507, 0.0 ], [ -118.738187321752804, 53.052726484313652, 0.0 ], [ -118.736121649491096, 53.053209878597222, 0.0 ], [ -118.735571571803007, 53.053677067629827, 0.0 ], [ -118.7351186938089, 53.054195197809548, 0.0 ], [ -118.734859855784805, 53.054828706857492, 0.0 ], [ -118.733484298466095, 53.055987727271237, 0.0 ], [ -118.732945742121103, 53.056737965217813, 0.0 ], [ -118.732197304969901, 53.056977457843509, 0.0 ], [ -118.730699708629402, 53.057456439543152, 0.0 ], [ -118.729474991824404, 53.057643373833173, 0.0 ], [ -118.727564478984803, 53.057271410383983, 0.0 ], [ -118.726768193357699, 53.05720141295054, 0.0 ], [ -118.726768078993103, 53.057201403040217, 0.0 ], [ -118.726152165200105, 53.057092078971998, 0.0 ], [ -118.725536518746495, 53.056959755595891, 0.0 ], [ -118.724693201875198, 53.056729999602346, 0.0 ], [ -118.724021476884403, 53.056388361388187, 0.0 ], [ -118.723339488885003, 53.055791983830368, 0.0 ], [ -118.722688269422306, 53.055017066795813, 0.0 ], [ -118.721802634124501, 53.05405401758145, 0.0 ], [ -118.721390312616194, 53.053603354108198, 0.0 ], [ -118.721065123841001, 53.053389790891302, 0.0 ], [ -118.7200332222627, 53.052930464323261, 0.0 ], [ -118.719018058653504, 53.052231510954492, 0.0 ], [ -118.717367040929801, 53.051799347854633, 0.0 ], [ -118.716364163172102, 53.051360882223371, 0.0 ], [ -118.715812120826797, 53.051119520003589, 0.0 ], [ -118.715374009798794, 53.050965294528559, 0.0 ], [ -118.715373973458199, 53.050965271369797, 0.0 ], [ -118.714982517829995, 53.050718929550342, 0.0 ], [ -118.712858168167401, 53.04972353986367, 0.0 ], [ -118.711202892087798, 53.048605477642987, 0.0 ], [ -118.710730964451699, 53.048456344635362, 0.0 ], [ -118.710730926140698, 53.048456333234448, 0.0 ], [ -118.710482713233901, 53.04833250916149, 0.0 ], [ -118.709391321767001, 53.047976792338311, 0.0 ], [ -118.707981048510703, 53.047507569404083, 0.0 ], [ -118.707844960380299, 53.047457121077088, 0.0 ], [ -118.707844648790797, 53.047456987730087, 0.0 ], [ -118.707069387071201, 53.047123824969951, 0.0 ], [ -118.706556654762494, 53.046978991203261, 0.0 ], [ -118.706556607287396, 53.046978977387482, 0.0 ], [ -118.705912135462299, 53.046735835266539, 0.0 ], [ -118.705107654431202, 53.04656966611384, 0.0 ], [ -118.705107484587302, 53.046569618321222, 0.0 ], [ -118.704961233433707, 53.046528302817599, 0.0 ], [ -118.7034143187864, 53.045748640569307, 0.0 ], [ -118.7028840377357, 53.045574214231507, 0.0 ], [ -118.702460642546399, 53.045153288118783, 0.0 ], [ -118.701841579516696, 53.044219012865831, 0.0 ], [ -118.701455358241503, 53.042007014430887, 0.0 ], [ -118.701613852835905, 53.040618220330643, 0.0 ], [ -118.702010721073805, 53.039584430842417, 0.0 ], [ -118.702167012024205, 53.038253596446893, 0.0 ], [ -118.702092131656499, 53.037247865963103, 0.0 ], [ -118.702120603513507, 53.036792938745172, 0.0 ], [ -118.701747973284796, 53.035574552760579, 0.0 ], [ -118.701445776609106, 53.034898644382253, 0.0 ], [ -118.701334641545003, 53.0344317237589, 0.0 ], [ -118.701013790779598, 53.034090753487853, 0.0 ], [ -118.700750399277894, 53.033726832299521, 0.0 ], [ -118.699634659277507, 53.03322396510228, 0.0 ], [ -118.698113150923902, 53.032407950523307, 0.0 ], [ -118.696932551109001, 53.031946415136282, 0.0 ], [ -118.6949091704967, 53.031309982575742, 0.0 ], [ -118.694282620496097, 53.031246947061092, 0.0 ], [ -118.693634047167507, 53.031263182063107, 0.0 ], [ -118.692974151376006, 53.031286546513627, 0.0 ], [ -118.692547957808699, 53.031338295565909, 0.0 ], [ -118.691941192629798, 53.031552859248272, 0.0 ], [ -118.691348831523499, 53.031861357366132, 0.0 ], [ -118.690270769432303, 53.031900152831398, 0.0 ], [ -118.688293659028204, 53.032213536980542, 0.0 ], [ -118.686988303866997, 53.03274444889788, 0.0 ], [ -118.685968786923297, 53.033329449891163, 0.0 ], [ -118.685244467259395, 53.034193269801868, 0.0 ], [ -118.685290906640802, 53.035393056436057, 0.0 ], [ -118.685339867577696, 53.036646751705923, 0.0 ], [ -118.684437350225096, 53.037804060352073, 0.0 ], [ -118.683523311618302, 53.038669230957353, 0.0 ], [ -118.682122918090101, 53.039203023237249, 0.0 ], [ -118.679766724361599, 53.039523518188602, 0.0 ], [ -118.676930654426002, 53.039678776656253, 0.0 ], [ -118.674303024771405, 53.040340461687983, 0.0 ], [ -118.672146990266299, 53.04094247638659, 0.0 ], [ -118.670742274906104, 53.041363859892378, 0.0 ], [ -118.669416399642799, 53.041382312856591, 0.0 ], [ -118.668180885420099, 53.041285477015393, 0.0 ], [ -118.667112769756997, 53.040616601629893, 0.0 ], [ -118.666612732526502, 53.0399346751854, 0.0 ], [ -118.665247615137602, 53.03892857061134, 0.0 ], [ -118.664886914920103, 53.038618428299053, 0.0 ], [ -118.6644830189217, 53.038114259317503, 0.0 ], [ -118.663981865452101, 53.037350793980217, 0.0 ], [ -118.663747724162704, 53.037198126433957, 0.0 ], [ -118.663695718133297, 53.037177184684438, 0.0 ], [ -118.663662181201602, 53.037123900271297, 0.0 ], [ -118.662581464909195, 53.036113386064223, 0.0 ], [ -118.661998269107599, 53.035721978476268, 0.0 ], [ -118.660934472372006, 53.035165423471838, 0.0 ], [ -118.659595634906907, 53.034842236926309, 0.0 ], [ -118.658547678252802, 53.034685549890483, 0.0 ], [ -118.657290563111502, 53.03401793360549, 0.0 ], [ -118.656205168438703, 53.032890599954371, 0.0 ], [ -118.656040666089595, 53.032716271244873, 0.0 ], [ -118.652357249863798, 53.02640687580358, 0.0 ], [ -118.657663812209293, 53.020307334889353, 0.0 ], [ -118.656651336625302, 53.017532136903228, 0.0 ], [ -118.655049257554097, 53.013139960401958, 0.0 ], [ -118.652266188448095, 53.011271891472077, 0.0 ], [ -118.652148002627698, 53.010925280646163, 0.0 ], [ -118.650494170577701, 53.00975240763951, 0.0 ], [ -118.649119335446201, 53.008458395890877, 0.0 ], [ -118.647157096053107, 53.007490529164947, 0.0 ], [ -118.641276751629405, 53.000197307229492, 0.0 ], [ -118.6411362910127, 53.00000754407931, 0.0 ], [ -118.640175000542598, 52.998708728224521, 0.0 ], [ -118.642577071944203, 52.998845245060757, 0.0 ], [ -118.642993237668904, 52.998924107511172, 0.0 ], [ -118.644794672454296, 52.999012842385618, 0.0 ], [ -118.646029109662905, 52.999114449212307, 0.0 ], [ -118.6473596661031, 52.999266996787441, 0.0 ], [ -118.647735965739898, 52.999138268972473, 0.0 ], [ -118.6509283191252, 52.999319480636892, 0.0 ], [ -118.648170559468298, 52.993698260977482, 0.0 ], [ -118.648181150228993, 52.993532453983711, 0.0 ], [ -118.648300550303304, 52.993206938439997, 0.0 ], [ -118.660790922506607, 52.9862553780657, 0.0 ], [ -118.661227440151706, 52.986008924111168, 0.0 ], [ -118.662072752553797, 52.985681426340903, 0.0 ], [ -118.664603904274102, 52.985076886200602, 0.0 ], [ -118.666193658774503, 52.984595919378933, 0.0 ], [ -118.666933267051306, 52.984265815367038, 0.0 ], [ -118.667517825799194, 52.984254649255099, 0.0 ], [ -118.669192813179805, 52.984066561330287, 0.0 ], [ -118.669885861677201, 52.983852785214921, 0.0 ], [ -118.670296424274298, 52.983607745968023, 0.0 ], [ -118.670204365980595, 52.98308741112956, 0.0 ], [ -118.670339270702001, 52.982230600957386, 0.0 ], [ -118.670460818181198, 52.981649300800619, 0.0 ], [ -118.670736281326896, 52.981291249581673, 0.0 ], [ -118.671347520855406, 52.980811420391049, 0.0 ], [ -118.671588363724098, 52.980366405954911, 0.0 ], [ -118.671910675733102, 52.980014114108201, 0.0 ], [ -118.672549605999293, 52.979160408206432, 0.0 ], [ -118.672912641332402, 52.978634700246317, 0.0 ], [ -118.672879717494993, 52.978392101975103, 0.0 ], [ -118.6727009746742, 52.978117077046562, 0.0 ], [ -118.671206007230296, 52.977145275325832, 0.0 ], [ -118.6701482040462, 52.976533328609761, 0.0 ], [ -118.668591244825507, 52.975918896529564, 0.0 ], [ -118.667100078019303, 52.975343497932307, 0.0 ], [ -118.665582004693405, 52.974969912947351, 0.0 ], [ -118.664622145748993, 52.974875521781946, 0.0 ], [ -118.664425399964998, 52.9748867791103, 0.0 ], [ -118.664111013980204, 52.974753234546696, 0.0 ], [ -118.663200262440796, 52.974939260955907, 0.0 ], [ -118.662892030825304, 52.97489167225411, 0.0 ], [ -118.662696310897701, 52.974792984781281, 0.0 ], [ -118.662475502951693, 52.974665668648292, 0.0 ], [ -118.662308002163499, 52.974503000818572, 0.0 ], [ -118.662025085409198, 52.973556240327532, 0.0 ], [ -118.661679487483795, 52.972677185136192, 0.0 ], [ -118.661638287607403, 52.972228579384769, 0.0 ], [ -118.661508958116499, 52.971984064210481, 0.0 ], [ -118.661040636384399, 52.971657343775462, 0.0 ], [ -118.660247868560603, 52.971001888750457, 0.0 ], [ -118.659571975504505, 52.970115907955559, 0.0 ], [ -118.659348889117098, 52.969801100731708, 0.0 ], [ -118.6590262271136, 52.969344994528733, 0.0 ], [ -118.659059470858296, 52.968835290108828, 0.0 ], [ -118.658850666964298, 52.968324360661782, 0.0 ], [ -118.658736544137398, 52.967810460800443, 0.0 ], [ -118.659048543748199, 52.967592615924772, 0.0 ], [ -118.660330797122398, 52.966866401899168, 0.0 ], [ -118.660772410507803, 52.966497984530058, 0.0 ], [ -118.660836435758, 52.966381735823333, 0.0 ], [ -118.661412052261696, 52.96606336494348, 0.0 ], [ -118.661570088411807, 52.965262093385363, 0.0 ], [ -118.662222767583003, 52.96502151920734, 0.0 ], [ -118.661761116420905, 52.964795623943147, 0.0 ], [ -118.661835080488501, 52.964676016778213, 0.0 ], [ -118.662794457209102, 52.963521795751653, 0.0 ], [ -118.662789457370707, 52.963391525668072, 0.0 ], [ -118.662766871069607, 52.963302583138777, 0.0 ], [ -118.662536963676303, 52.963061974966912, 0.0 ], [ -118.662224502859999, 52.962919164677551, 0.0 ], [ -118.660983456222098, 52.962652017687347, 0.0 ], [ -118.659725246024493, 52.962290316425651, 0.0 ], [ -118.659165589813597, 52.962080901271797, 0.0 ], [ -118.658233372632495, 52.961602578124818, 0.0 ], [ -118.655897631624796, 52.95972641985486, 0.0 ], [ -118.654980522814597, 52.959257419311882, 0.0 ], [ -118.654528425247506, 52.958934238327252, 0.0 ], [ -118.654328238391599, 52.958764919836007, 0.0 ], [ -118.653659288431598, 52.957803339043373, 0.0 ], [ -118.652908462539102, 52.956945991713077, 0.0 ], [ -118.652764546667598, 52.956675548678938, 0.0 ], [ -118.652692134700601, 52.956465281071623, 0.0 ], [ -118.652068064235806, 52.955928439966463, 0.0 ], [ -118.651467351169103, 52.955502884826331, 0.0 ], [ -118.650928821907996, 52.954955383966023, 0.0 ], [ -118.650591346324305, 52.954425275533858, 0.0 ], [ -118.650087364460603, 52.95390755954746, 0.0 ], [ -118.649736973065998, 52.953284912683969, 0.0 ], [ -118.649497742162296, 52.952702977592153, 0.0 ], [ -118.649409683964905, 52.952583113618942, 0.0 ], [ -118.649256788303504, 52.95251459843017, 0.0 ], [ -118.6489377719967, 52.95246858314583, 0.0 ], [ -118.647583626264904, 52.952426823468848, 0.0 ], [ -118.647180768102203, 52.952371869474348, 0.0 ], [ -118.646708112189899, 52.952237154153451, 0.0 ], [ -118.646382030967999, 52.951565600601278, 0.0 ], [ -118.645806402707805, 52.950917687360473, 0.0 ], [ -118.644747946061003, 52.950306723560978, 0.0 ], [ -118.644274168020004, 52.95014174037366, 0.0 ], [ -118.643496540384902, 52.949890144833347, 0.0 ], [ -118.6431672098485, 52.949872497787567, 0.0 ], [ -118.641973679465096, 52.949800210558067, 0.0 ], [ -118.641154027157398, 52.949761086105489, 0.0 ], [ -118.640465980833, 52.949669676511682, 0.0 ], [ -118.640011585064897, 52.949575053611163, 0.0 ], [ -118.639473096317602, 52.949411081272473, 0.0 ], [ -118.638043104857502, 52.948990271097117, 0.0 ], [ -118.636764897144602, 52.948635755145219, 0.0 ], [ -118.635344835796701, 52.948170968165478, 0.0 ], [ -118.634833534419499, 52.947895462642563, 0.0 ], [ -118.634317945170594, 52.947702003806548, 0.0 ], [ -118.632837398379394, 52.947206493450047, 0.0 ], [ -118.631374958922606, 52.946944043934216, 0.0 ], [ -118.630057793683804, 52.946825527974049, 0.0 ], [ -118.629465370490806, 52.946778539009728, 0.0 ], [ -118.629201364927894, 52.946708209562253, 0.0 ], [ -118.628907431850493, 52.946439790816648, 0.0 ], [ -118.628761429753197, 52.946108802463051, 0.0 ], [ -118.628420901951102, 52.945043870309107, 0.0 ], [ -118.628494406525505, 52.944401213616992, 0.0 ], [ -118.628452036507497, 52.944094928302903, 0.0 ], [ -118.628187411861802, 52.943725015556687, 0.0 ], [ -118.627654551771101, 52.943308696102079, 0.0 ], [ -118.626528066197693, 52.942801214257138, 0.0 ], [ -118.625282315844501, 52.94252157919405, 0.0 ], [ -118.624040179489199, 52.94232390826955, 0.0 ], [ -118.622935507347293, 52.942248195548473, 0.0 ], [ -118.621881288549403, 52.942181864718513, 0.0 ], [ -118.620977235804403, 52.942113480897248, 0.0 ], [ -118.620556699685594, 52.942028408328852, 0.0 ], [ -118.620374526601907, 52.941875671736547, 0.0 ], [ -118.620015009268002, 52.940561681910019, 0.0 ], [ -118.620005731825501, 52.940239790150088, 0.0 ], [ -118.619786292626898, 52.939728170699432, 0.0 ], [ -118.619642645126603, 52.939422348779893, 0.0 ], [ -118.619557835252095, 52.938939429917987, 0.0 ], [ -118.619374425115296, 52.938498192328019, 0.0 ], [ -118.619268286703004, 52.938338275676571, 0.0 ], [ -118.619096931345894, 52.938219596143249, 0.0 ], [ -118.618386033624603, 52.937956997287422, 0.0 ], [ -118.617289915642701, 52.937659297186357, 0.0 ], [ -118.616569486976502, 52.937588422060102, 0.0 ], [ -118.615515763506707, 52.937532159170878, 0.0 ], [ -118.614793107166705, 52.937400804253883, 0.0 ], [ -118.613548790133507, 52.936964522256439, 0.0 ], [ -118.612582859798096, 52.936793613450597, 0.0 ], [ -118.611976882892506, 52.936632261966778, 0.0 ], [ -118.611347824959694, 52.936400106106838, 0.0 ], [ -118.610983675011497, 52.936109988977677, 0.0 ], [ -118.610721187471697, 52.935809674037152, 0.0 ], [ -118.610618480062897, 52.935647441204459, 0.0 ], [ -118.610669949838993, 52.935471426340477, 0.0 ], [ -118.610928331590699, 52.935140667096512, 0.0 ], [ -118.6112257836201, 52.934821065506789, 0.0 ], [ -118.612078838846401, 52.934365361604797, 0.0 ], [ -118.612107998261706, 52.934347519170693, 0.0 ], [ -118.612277974151695, 52.934271597088767, 0.0 ], [ -118.613117492140901, 52.933976031252392, 0.0 ], [ -118.614331048660105, 52.933561215877539, 0.0 ], [ -118.614569711212297, 52.933368719384177, 0.0 ], [ -118.615676351781303, 52.933369770562088, 0.0 ], [ -118.6162885765944, 52.933197816884018, 0.0 ], [ -118.616837616514601, 52.932886462431199, 0.0 ], [ -118.617197768058105, 52.932694555404247, 0.0 ], [ -118.617432049165103, 52.932454902652317, 0.0 ], [ -118.617784787574607, 52.932064414341802, 0.0 ], [ -118.618174418528596, 52.931626657292803, 0.0 ], [ -118.618356310685698, 52.93132029918894, 0.0 ], [ -118.618404253036005, 52.931050825421252, 0.0 ], [ -118.618359497517503, 52.930887813753102, 0.0 ], [ -118.618292160485595, 52.930272193504258, 0.0 ], [ -118.618291273487998, 52.930264067421781, 0.0 ], [ -118.618198821598995, 52.929171904467708, 0.0 ], [ -118.618588569816396, 52.928219894729047, 0.0 ], [ -118.618634329036297, 52.927892010792164, 0.0 ], [ -118.618561542124198, 52.927495628503927, 0.0 ], [ -118.6183446593176, 52.926909874029299, 0.0 ], [ -118.618565700150597, 52.926581554939148, 0.0 ], [ -118.618746828963396, 52.925737574936321, 0.0 ], [ -118.618849238762394, 52.925373864275663, 0.0 ], [ -118.618920409572695, 52.925209262058409, 0.0 ], [ -118.619089913623895, 52.925090073179931, 0.0 ], [ -118.620128470562193, 52.924433088030582, 0.0 ], [ -118.620939101288599, 52.923884392407103, 0.0 ], [ -118.621513983725805, 52.923404028393414, 0.0 ], [ -118.621797611494699, 52.92306621800288, 0.0 ], [ -118.622437776747304, 52.92156461759965, 0.0 ], [ -118.622548302869404, 52.920765922025943, 0.0 ], [ -118.622826905365102, 52.919863061398317, 0.0 ], [ -118.622773236375096, 52.919165411765171, 0.0 ], [ -118.622867401898503, 52.91806608756972, 0.0 ], [ -118.622878523973696, 52.917330018449597, 0.0 ], [ -118.622708277595507, 52.916911834655622, 0.0 ], [ -118.622362465918897, 52.916449314852933, 0.0 ], [ -118.622185243262507, 52.916276134815277, 0.0 ], [ -118.621834654763703, 52.915569035429129, 0.0 ], [ -118.621632461106202, 52.914733175990293, 0.0 ], [ -118.621222707834093, 52.913690322852197, 0.0 ], [ -118.621175765705402, 52.913394509758213, 0.0 ], [ -118.621035077079995, 52.913150586191918, 0.0 ], [ -118.620292137465796, 52.912612713617747, 0.0 ], [ -118.619829410834598, 52.912391935544584, 0.0 ], [ -118.619191165789999, 52.912233311503471, 0.0 ], [ -118.618476141084699, 52.91213548953732, 0.0 ], [ -118.617741635250496, 52.911953436181257, 0.0 ], [ -118.617034104638194, 52.911617292173759, 0.0 ], [ -118.615235581068504, 52.911243407939963, 0.0 ], [ -118.614701311414194, 52.910559877078519, 0.0 ], [ -118.613257343527707, 52.909834573134248, 0.0 ], [ -118.612009215630593, 52.909283148002508, 0.0 ], [ -118.610940726524106, 52.908496910214147, 0.0 ], [ -118.609801320569005, 52.908342566570717, 0.0 ], [ -118.608694250745501, 52.907604585052937, 0.0 ], [ -118.608694203445694, 52.90760455319878, 0.0 ], [ -118.608693113769306, 52.907603530870823, 0.0 ], [ -118.607913482272707, 52.906825250789517, 0.0 ], [ -118.607579376911602, 52.906339737743117, 0.0 ], [ -118.607426539961907, 52.905947385109798, 0.0 ], [ -118.607443256773706, 52.90532222605836, 0.0 ], [ -118.607731332018503, 52.904565343201369, 0.0 ], [ -118.607779409744595, 52.90396566118082, 0.0 ], [ -118.608103098352501, 52.903400945970091, 0.0 ], [ -118.608443926199598, 52.903001909468877, 0.0 ], [ -118.608767653894702, 52.90267481756856, 0.0 ], [ -118.609691548807703, 52.902016877187449, 0.0 ], [ -118.609959784427602, 52.901839911739707, 0.0 ], [ -118.610405347523297, 52.901715110115212, 0.0 ], [ -118.611239829759498, 52.901302813501403, 0.0 ], [ -118.6114160844119, 52.901127056107917, 0.0 ], [ -118.611927250370002, 52.901042322964727, 0.0 ], [ -118.6132224437048, 52.900809584784653, 0.0 ], [ -118.614119180244202, 52.900486643115343, 0.0 ], [ -118.6147483578589, 52.900406369415869, 0.0 ], [ -118.615118172250703, 52.900257914328897, 0.0 ], [ -118.615560294376095, 52.899929198170327, 0.0 ], [ -118.616149307480796, 52.899527538684922, 0.0 ], [ -118.616745666741807, 52.899097303756989, 0.0 ], [ -118.616970612397793, 52.898871781365607, 0.0 ], [ -118.617162503505597, 52.898518361781598, 0.0 ], [ -118.617170264560798, 52.898347136670147, 0.0 ], [ -118.617168684465, 52.898183323724979, 0.0 ], [ -118.617056996951405, 52.897963654183918, 0.0 ], [ -118.616980588068202, 52.897810687849571, 0.0 ], [ -118.616545215276702, 52.897263647149522, 0.0 ], [ -118.616136106468403, 52.896910062788358, 0.0 ], [ -118.615736947296298, 52.896633291775501, 0.0 ], [ -118.615152867269003, 52.896322460522747, 0.0 ], [ -118.614971335469704, 52.896199039020942, 0.0 ], [ -118.614882559015001, 52.896093356999494, 0.0 ], [ -118.614881848928206, 52.895883854214752, 0.0 ], [ -118.614832291001505, 52.895697478364362, 0.0 ], [ -118.614827679624199, 52.894933342164713, 0.0 ], [ -118.614866490416702, 52.894618144216423, 0.0 ], [ -118.614853807413795, 52.894241813165273, 0.0 ], [ -118.6149272419445, 52.893853116725609, 0.0 ], [ -118.615215204750598, 52.893275500202272, 0.0 ], [ -118.615453211234495, 52.892588023627852, 0.0 ], [ -118.615745386497693, 52.891171710080883, 0.0 ], [ -118.615764407632994, 52.889379785217777, 0.0 ], [ -118.616065298289797, 52.887599192637211, 0.0 ], [ -118.6163319204191, 52.886797206116789, 0.0 ], [ -118.616467392069197, 52.886256034929403, 0.0 ], [ -118.616405561240995, 52.885734668219342, 0.0 ], [ -118.616128478864397, 52.885130619546857, 0.0 ], [ -118.615826641272804, 52.884621078535737, 0.0 ], [ -118.615729402469697, 52.884288533889013, 0.0 ], [ -118.615652740287999, 52.883242555880592, 0.0 ], [ -118.615509733617898, 52.882439788024151, 0.0 ], [ -118.615618420387406, 52.88166142392388, 0.0 ], [ -118.615508876125503, 52.881275528450487, 0.0 ], [ -118.615086600964403, 52.881024691917837, 0.0 ], [ -118.614261985499795, 52.88075384752873, 0.0 ], [ -118.611757161598504, 52.880329747387371, 0.0 ], [ -118.611406890253704, 52.880284507091041, 0.0 ], [ -118.610346133501693, 52.879802073127607, 0.0 ], [ -118.608457556315003, 52.879774005423968, 0.0 ], [ -118.606559615439593, 52.879512295951642, 0.0 ], [ -118.603764162075194, 52.879786738059472, 0.0 ], [ -118.603764051474897, 52.879786749517862, 0.0 ], [ -118.603740213471397, 52.879786030452479, 0.0 ], [ -118.602859053668993, 52.879669519872188, 0.0 ], [ -118.6019257783977, 52.87967355566574, 0.0 ], [ -118.601421618914003, 52.879808772495217, 0.0 ], [ -118.600875990193202, 52.879970221871098, 0.0 ], [ -118.600813794714497, 52.879983167590602, 0.0 ], [ -118.600630366230604, 52.879993927485941, 0.0 ], [ -118.598273785511097, 52.880083492319393, 0.0 ], [ -118.598036523565597, 52.880109141587809, 0.0 ], [ -118.597626307431199, 52.880056818645059, 0.0 ], [ -118.597244000802107, 52.880044843602903, 0.0 ], [ -118.596878362112193, 52.880101125758507, 0.0 ], [ -118.596536516060894, 52.880232186948177, 0.0 ], [ -118.596225104970799, 52.88030494129945, 0.0 ], [ -118.596225034202206, 52.880304948843794, 0.0 ], [ -118.595265241981593, 52.8804086844697, 0.0 ], [ -118.595056167176395, 52.880475504066332, 0.0 ], [ -118.595056120814604, 52.880475518968481, 0.0 ], [ -118.594553186414899, 52.880523803002397, 0.0 ], [ -118.593550980025299, 52.880751907307513, 0.0 ], [ -118.592643021703907, 52.880821753692359, 0.0 ], [ -118.592243855720994, 52.88087862829088, 0.0 ], [ -118.591958893142902, 52.880967049280862, 0.0 ], [ -118.591364893822202, 52.881402914121622, 0.0 ], [ -118.590312692618198, 52.881786892013558, 0.0 ], [ -118.589980999714598, 52.882017319977187, 0.0 ], [ -118.589530713783006, 52.882146982144327, 0.0 ], [ -118.589170590671202, 52.88228871896542, 0.0 ], [ -118.588766029442894, 52.882535635166832, 0.0 ], [ -118.587609801539401, 52.882737044575642, 0.0 ], [ -118.586026516364697, 52.883329257573202, 0.0 ], [ -118.5846131445346, 52.883403517027602, 0.0 ], [ -118.582923295788007, 52.883657056132577, 0.0 ], [ -118.580566371401204, 52.883741659069393, 0.0 ], [ -118.579264255908996, 52.884275903835523, 0.0 ], [ -118.577957818294905, 52.884693237440892, 0.0 ], [ -118.577209018678502, 52.884873239502333, 0.0 ], [ -118.575516657858401, 52.885068272253903, 0.0 ], [ -118.5746778586727, 52.88536347496958, 0.0 ], [ -118.572907743740501, 52.886015169533877, 0.0 ], [ -118.571518867356204, 52.886772344912032, 0.0 ], [ -118.570417998815202, 52.887646790663879, 0.0 ], [ -118.569591082544207, 52.888283544025811, 0.0 ], [ -118.568861010298704, 52.888975827672539, 0.0 ], [ -118.567952739774199, 52.88996142267878, 0.0 ], [ -118.567404824459302, 52.890481806471151, 0.0 ], [ -118.566776996254504, 52.891400530959011, 0.0 ], [ -118.566147363403104, 52.892265255331473, 0.0 ], [ -118.565324770383398, 52.893018829743241, 0.0 ], [ -118.564692978287795, 52.89382514279739, 0.0 ], [ -118.563876868017502, 52.894749448781951, 0.0 ], [ -118.562419961411905, 52.896250835672276, 0.0 ], [ -118.561794651163396, 52.897232380316822, 0.0 ], [ -118.561919581661499, 52.89808342310824, 0.0 ], [ -118.561468506867698, 52.898663837717933, 0.0 ], [ -118.561501637058001, 52.899576170539817, 0.0 ], [ -118.561243164136798, 52.900263323035333, 0.0 ], [ -118.560691288412798, 52.9006712958588, 0.0 ], [ -118.559383771079794, 52.901088358555249, 0.0 ], [ -118.557895893030604, 52.901731413124118, 0.0 ], [ -118.556311534718006, 52.902323257478209, 0.0 ], [ -118.555197335027998, 52.902851560665567, 0.0 ], [ -118.554452497977707, 52.90314829147971, 0.0 ], [ -118.552868495745102, 52.903740136250427, 0.0 ], [ -118.551380258502306, 52.904387510822367, 0.0 ], [ -118.550635061440204, 52.904679742244653, 0.0 ], [ -118.5494204206733, 52.905040014492442, 0.0 ], [ -118.5489603410456, 52.905386696215373, 0.0 ], [ -118.548512867702897, 52.906079428982842, 0.0 ], [ -118.548336471582104, 52.906422150628963, 0.0 ], [ -118.547620080909695, 52.90751880510706, 0.0 ], [ -118.547494608130194, 52.907678739724503, 0.0 ], [ -118.543416472637801, 52.907534894348402, 0.0 ], [ -118.543416428629399, 52.907534883965383, 0.0 ], [ -118.542413600913704, 52.907263508385491, 0.0 ], [ -118.539721035230897, 52.904190327249189, 0.0 ], [ -118.5340845919457, 52.9021570176712, 0.0 ], [ -118.528539846392107, 52.89964036835002, 0.0 ], [ -118.522183896427194, 52.896584826420423, 0.0 ], [ -118.520055991376196, 52.896743207621391, 0.0 ], [ -118.520046493306594, 52.897324599447487, 0.0 ], [ -118.519765955144905, 52.89709202657486, 0.0 ], [ -118.519011034189603, 52.897105436240921, 0.0 ], [ -118.518267994766106, 52.897455898338812, 0.0 ], [ -118.518095199291906, 52.897915440940857, 0.0 ], [ -118.518297882151799, 52.898309822364148, 0.0 ], [ -118.518336053557803, 52.899392974337871, 0.0 ], [ -118.517713260522996, 52.900486659705066, 0.0 ], [ -118.516526347205001, 52.901642083888547, 0.0 ], [ -118.515042069166498, 52.902405827577617, 0.0 ], [ -118.513300037734894, 52.903910634183248, 0.0 ], [ -118.511254877962799, 52.904848438736273, 0.0 ], [ -118.5108330406524, 52.905137033909753, 0.0 ], [ -118.507945971908697, 52.905849959406943, 0.0 ], [ -118.507946020749301, 52.906322299447048, 0.0 ], [ -118.507062676523503, 52.906502017975548, 0.0 ], [ -118.506394874761597, 52.906598228261601, 0.0 ], [ -118.503651663002202, 52.906202410186431, 0.0 ], [ -118.5007306134289, 52.906410132701843, 0.0 ], [ -118.498460810180703, 52.906324086955607, 0.0 ], [ -118.497793368897007, 52.906159293508573, 0.0 ], [ -118.497597168741706, 52.905935642550283, 0.0 ], [ -118.496454165639605, 52.905663385354572, 0.0 ], [ -118.494829483248694, 52.905112848125583, 0.0 ], [ -118.493295158795803, 52.90444719783018, 0.0 ], [ -118.492334674874101, 52.904003134916778, 0.0 ], [ -118.491186633145603, 52.903564557841612, 0.0 ], [ -118.489856790868899, 52.903351701943564, 0.0 ], [ -118.487958869879606, 52.903088083779942, 0.0 ], [ -118.485399630129805, 52.902834812084762, 0.0 ], [ -118.483234233452393, 52.903033433384657, 0.0 ], [ -118.481615672353499, 52.902653536226623, 0.0 ], [ -118.479336150932795, 52.902283985608953, 0.0 ], [ -118.478291788526406, 52.902125672005141, 0.0 ], [ -118.476856106683698, 52.901573875266713, 0.0 ], [ -118.475890582438296, 52.900958809533627, 0.0 ], [ -118.474834699161093, 52.900458856268592, 0.0 ], [ -118.473196692068299, 52.899508086963237, 0.0 ], [ -118.471656965943794, 52.898671351411807, 0.0 ], [ -118.470597118667698, 52.898058986771282, 0.0 ], [ -118.469722314312904, 52.897324312179506, 0.0 ], [ -118.468178987289207, 52.8963751647184, 0.0 ], [ -118.466460344316801, 52.895827059877533, 0.0 ], [ -118.4647071330198, 52.89424962262099, 0.0 ], [ -118.464410128690304, 52.893853441638647, 0.0 ], [ -118.461907759306499, 52.892459872649141, 0.0 ], [ -118.460361191402598, 52.891393726062653, 0.0 ], [ -118.459208825433294, 52.890837973674621, 0.0 ], [ -118.457849097324498, 52.889712427681893, 0.0 ], [ -118.455730488258197, 52.888483021709973, 0.0 ], [ -118.454213326125995, 52.887323589697132, 0.0 ], [ -118.453598195841295, 52.886853476100981, 0.0 ], [ -118.452075754847101, 52.88613929758607, 0.0 ], [ -118.452063149355695, 52.886133382216613, 0.0 ], [ -118.449942738974102, 52.884845385766361, 0.0 ], [ -118.4480304147162, 52.884127181649369, 0.0 ], [ -118.447144804166797, 52.883055190975078, 0.0 ], [ -118.446620990875502, 52.88151835081144, 0.0 ], [ -118.446860741595899, 52.880206692241622, 0.0 ], [ -118.448229808423307, 52.878817277411528, 0.0 ], [ -118.449423917605202, 52.877833310964519, 0.0 ], [ -118.450997111074102, 52.876901364450212, 0.0 ], [ -118.451251160773097, 52.876732356080382, 0.0 ], [ -118.452567059733695, 52.875856919999492, 0.0 ], [ -118.453279758532801, 52.874712739513818, 0.0 ], [ -118.453283449630106, 52.874706812378683, 0.0 ], [ -118.4536203979264, 52.873504863727923, 0.0 ], [ -118.453766549525398, 52.872245404434402, 0.0 ], [ -118.454781380102006, 52.871550066091118, 0.0 ], [ -118.456362135807893, 52.870842669519099, 0.0 ], [ -118.456557879723405, 52.870809306951813, 0.0 ], [ -118.458145212037905, 52.870538743592377, 0.0 ], [ -118.460311328410597, 52.870394657763249, 0.0 ], [ -118.461431647709304, 52.870042490440987, 0.0 ], [ -118.461970559993802, 52.869235010192547, 0.0 ], [ -118.462012569963207, 52.868914737882051, 0.0 ], [ -118.462045795080201, 52.868661440675247, 0.0 ], [ -118.461716383764298, 52.867298930111239, 0.0 ], [ -118.461394893165604, 52.866161150397872, 0.0 ], [ -118.461088887799804, 52.865481738843741, 0.0 ], [ -118.460795843691102, 52.865197878959513, 0.0 ], [ -118.459455922642405, 52.864643116545373, 0.0 ], [ -118.4582121150993, 52.864143974398182, 0.0 ], [ -118.457155873012397, 52.863589933905423, 0.0 ], [ -118.456470427246401, 52.862854092118042, 0.0 ], [ -118.455671215963307, 52.861550261851008, 0.0 ], [ -118.455169008824797, 52.860647111632332, 0.0 ], [ -118.454564556847203, 52.859513021324908, 0.0 ], [ -118.454150908833398, 52.858431851974508, 0.0 ], [ -118.453550421894207, 52.857414580634646, 0.0 ], [ -118.452592094537593, 52.856970070291041, 0.0 ], [ -118.4515354932241, 52.856411530818683, 0.0 ], [ -118.449805323297397, 52.855463109418849, 0.0 ], [ -118.447803719994795, 52.854859928193072, 0.0 ], [ -118.445607713051501, 52.854087007288811, 0.0 ], [ -118.443697187441998, 52.853368717868619, 0.0 ], [ -118.441693420816605, 52.852707036076978, 0.0 ], [ -118.439873616552205, 52.851873545360299, 0.0 ], [ -118.438158930767003, 52.851383406423707, 0.0 ], [ -118.436638647299205, 52.851058595779293, 0.0 ], [ -118.434839005108699, 52.850849795258988, 0.0 ], [ -118.432385606750103, 52.850826303640787, 0.0 ], [ -118.431888403309202, 52.85081701493943, 0.0 ], [ -118.430497766171399, 52.850791023137923, 0.0 ], [ -118.429084768034102, 52.850863381988489, 0.0 ], [ -118.427210250433902, 52.851227970391562, 0.0 ], [ -118.425167260480407, 52.852222736983023, 0.0 ], [ -118.424566144327301, 52.852290916652962, 0.0 ], [ -118.422347743670798, 52.852542504318791, 0.0 ], [ -118.421123743437903, 52.852613873468847, 0.0 ], [ -118.419969937724602, 52.851945264617797, 0.0 ], [ -118.418919455329601, 52.851557185955663, 0.0 ], [ -118.416556055460902, 52.85141390377153, 0.0 ], [ -118.414579314228902, 52.851551776365838, 0.0 ], [ -118.411382185260706, 52.851873152921193, 0.0 ], [ -118.409603443827805, 52.852297764836287, 0.0 ], [ -118.407066910154001, 52.85261356435997, 0.0 ], [ -118.405369164280103, 52.852630837424527, 0.0 ], [ -118.403407545778094, 52.853226988492978, 0.0 ], [ -118.401517562684404, 52.853132751417391, 0.0 ], [ -118.400385732316707, 52.853147148277152, 0.0 ], [ -118.399516695740402, 52.852528755933371, 0.0 ], [ -118.398924493406597, 52.851735946403672, 0.0 ], [ -118.397763858039696, 52.850837924616442, 0.0 ], [ -118.396706181502793, 52.850224931932367, 0.0 ], [ -118.394909078455598, 52.850073906270111, 0.0 ], [ -118.393666365811299, 52.84957413232393, 0.0 ], [ -118.390158915909097, 52.849044650810498, 0.0 ], [ -118.387224580161103, 52.848737021317092, 0.0 ], [ -118.385606751876594, 52.848297365125049, 0.0 ], [ -118.384275842165493, 52.847970931509991, 0.0 ], [ -118.384083604205102, 52.847859510508989, 0.0 ], [ -118.384261440649496, 52.847516972832061, 0.0 ], [ -118.384735357652303, 52.847366462357137, 0.0 ], [ -118.385008431215795, 52.847279736253959, 0.0 ], [ -118.3858551439411, 52.847210619569957, 0.0 ], [ -118.387835124405299, 52.847190017447659, 0.0 ], [ -118.390747494837896, 52.846814369405919, 0.0 ], [ -118.392437318348001, 52.846563636370007, 0.0 ], [ -118.394877732909606, 52.846192397348013, 0.0 ], [ -118.396848710390998, 52.845884065794692, 0.0 ], [ -118.397073074354196, 52.845799660328048, 0.0 ], [ -118.397780738927807, 52.845533430984929, 0.0 ], [ -118.398707007124997, 52.84500756454802, 0.0 ], [ -118.399316477685105, 52.844333290078183, 0.0 ], [ -118.400163542539204, 52.843391266917273, 0.0 ], [ -118.400647094381497, 52.842893274331807, 0.0 ], [ -118.402529668032201, 52.842892685911288, 0.0 ], [ -118.402787086437101, 52.842303881356912, 0.0 ], [ -118.403116489092, 52.841606581909858, 0.0 ], [ -118.403149824818598, 52.841351703313613, 0.0 ], [ -118.403000778590496, 52.840822510435693, 0.0 ], [ -118.403049504073493, 52.840245475192752, 0.0 ], [ -118.403167269684403, 52.839740174768266, 0.0 ], [ -118.403139067956701, 52.839438309649672, 0.0 ], [ -118.4028742673473, 52.838960175831907, 0.0 ], [ -118.402644205558801, 52.838699873534047, 0.0 ], [ -118.4024659293745, 52.83853783558726, 0.0 ], [ -118.4016455775065, 52.838043536104067, 0.0 ], [ -118.401251907971897, 52.837805446041862, 0.0 ], [ -118.400790816891401, 52.837572682117667, 0.0 ], [ -118.400564552954606, 52.837429848966913, 0.0 ], [ -118.400387772824402, 52.83724924545163, 0.0 ], [ -118.400165179719096, 52.837081110447912, 0.0 ], [ -118.399732001351197, 52.836708563240109, 0.0 ], [ -118.399315931643002, 52.836268192675973, 0.0 ], [ -118.399184812299694, 52.836030339843226, 0.0 ], [ -118.399072069046198, 52.835852122312552, 0.0 ], [ -118.399050663458695, 52.835697761959253, 0.0 ], [ -118.399093447058803, 52.835492782342342, 0.0 ], [ -118.399198351139304, 52.835348314823669, 0.0 ], [ -118.399114095729004, 52.83483730054936, 0.0 ], [ -118.399010450069198, 52.834429554530381, 0.0 ], [ -118.398713239299695, 52.833889425642937, 0.0 ], [ -118.398532298275498, 52.833637199488678, 0.0 ], [ -118.398298120156198, 52.833257956051703, 0.0 ], [ -118.3979902669833, 52.832897695619693, 0.0 ], [ -118.397718206502304, 52.832626738931843, 0.0 ], [ -118.397432725923196, 52.832450659382857, 0.0 ], [ -118.397021899296007, 52.832290224105321, 0.0 ], [ -118.396901889938206, 52.832173450175162, 0.0 ], [ -118.396807397406604, 52.832040056403443, 0.0 ], [ -118.396712355776899, 52.831889864560047, 0.0 ], [ -118.396663327346403, 52.831755005501257, 0.0 ], [ -118.396602861136003, 52.831504455080683, 0.0 ], [ -118.396588706908304, 52.831118058330418, 0.0 ], [ -118.396593376674105, 52.830793450233188, 0.0 ], [ -118.396722915784196, 52.8305116566519, 0.0 ], [ -118.396882175586398, 52.830244632157537, 0.0 ], [ -118.397090458084605, 52.829995560337117, 0.0 ], [ -118.397614532503994, 52.829570663139037, 0.0 ], [ -118.397699589607896, 52.829500988986119, 0.0 ], [ -118.397781633613704, 52.829372375315977, 0.0 ], [ -118.397914222169206, 52.82902847987441, 0.0 ], [ -118.398045484286897, 52.828565070762011, 0.0 ], [ -118.398104319475095, 52.828076095653522, 0.0 ], [ -118.398184211113403, 52.827799240998189, 0.0 ], [ -118.398394120990105, 52.827596641845538, 0.0 ], [ -118.398521598503706, 52.827392176101931, 0.0 ], [ -118.398456906470599, 52.827094917049862, 0.0 ], [ -118.398286943211602, 52.826585135712598, 0.0 ], [ -118.398150792177304, 52.826128902280111, 0.0 ], [ -118.397987855322697, 52.825823354630032, 0.0 ], [ -118.397907108693502, 52.824797481847952, 0.0 ], [ -118.397796167953302, 52.824027777415033, 0.0 ], [ -118.398053708761395, 52.823473317950203, 0.0 ], [ -118.398341119695402, 52.822835859305641, 0.0 ], [ -118.398466328003906, 52.82256188558879, 0.0 ], [ -118.398869816860994, 52.822012115016243, 0.0 ], [ -118.398996102352001, 52.821181616315563, 0.0 ], [ -118.398887620321204, 52.820486624406307, 0.0 ], [ -118.399005763904995, 52.820029315471487, 0.0 ], [ -118.399245207307004, 52.819614190565183, 0.0 ], [ -118.399817227762099, 52.819064134286577, 0.0 ], [ -118.400348036199802, 52.818700426214413, 0.0 ], [ -118.400758671343596, 52.81826664611679, 0.0 ], [ -118.401482529541099, 52.817671903318477, 0.0 ], [ -118.401722515857799, 52.817433156660243, 0.0 ], [ -118.401844368680301, 52.817188655737233, 0.0 ], [ -118.401834954378899, 52.816895656861007, 0.0 ], [ -118.401764770201893, 52.816546196238619, 0.0 ], [ -118.401762069602498, 52.816276094310908, 0.0 ], [ -118.401943712676797, 52.815863623037004, 0.0 ], [ -118.402120406620895, 52.814959240721308, 0.0 ], [ -118.402134469385999, 52.814473578511937, 0.0 ], [ -118.402125810500493, 52.814203966896358, 0.0 ], [ -118.402178918823296, 52.814009274628219, 0.0 ], [ -118.402313025101805, 52.813778927262362, 0.0 ], [ -118.402580807510304, 52.813587228134473, 0.0 ], [ -118.402969515799299, 52.813292195946048, 0.0 ], [ -118.403407458379903, 52.812993067772197, 0.0 ], [ -118.404314113255595, 52.812119244247747, 0.0 ], [ -118.404721632339502, 52.811811721497108, 0.0 ], [ -118.405404206064503, 52.81141407231955, 0.0 ], [ -118.405633462279994, 52.811200425178043, 0.0 ], [ -118.406491356900403, 52.810746032817868, 0.0 ], [ -118.406532986983095, 52.810574062171924, 0.0 ], [ -118.406477546844201, 52.810317509519138, 0.0 ], [ -118.406549004995298, 52.809973709366311, 0.0 ], [ -118.406633157841, 52.809658333087008, 0.0 ], [ -118.406903048338506, 52.809121695662853, 0.0 ], [ -118.407214867010396, 52.808806483805171, 0.0 ], [ -118.407712991618098, 52.808473765555057, 0.0 ], [ -118.407812155202507, 52.808341364868923, 0.0 ], [ -118.408005756122094, 52.808179952020851, 0.0 ], [ -118.408637002303905, 52.807781935583037, 0.0 ], [ -118.409400536429104, 52.807437799387031, 0.0 ], [ -118.409811486831799, 52.807345953530692, 0.0 ], [ -118.410370611523405, 52.807156556472528, 0.0 ], [ -118.410613202761695, 52.807056942560628, 0.0 ], [ -118.410927177808901, 52.806934168584142, 0.0 ], [ -118.411276371738794, 52.80678847113159, 0.0 ], [ -118.411483404880798, 52.806685790051567, 0.0 ], [ -118.411600028482098, 52.806575077950832, 0.0 ], [ -118.411740219730405, 52.806385065387047, 0.0 ], [ -118.412055020695604, 52.806153144121573, 0.0 ], [ -118.412380513622495, 52.80599984312763, 0.0 ], [ -118.412611710836103, 52.805910404441263, 0.0 ], [ -118.412776554614197, 52.805860273213717, 0.0 ], [ -118.413198303650503, 52.805743553530263, 0.0 ], [ -118.413990025942297, 52.805503680935267, 0.0 ], [ -118.414304208372897, 52.805384282960333, 0.0 ], [ -118.414473679054296, 52.805278019333912, 0.0 ], [ -118.415138845134095, 52.804860731883672, 0.0 ], [ -118.415713586038095, 52.80441319206426, 0.0 ], [ -118.415956176180401, 52.803808030485413, 0.0 ], [ -118.416267749572199, 52.803158848779049, 0.0 ], [ -118.417233845721796, 52.802179111222443, 0.0 ], [ -118.417940458393105, 52.801404164460372, 0.0 ], [ -118.418679838088494, 52.800842025080698, 0.0 ], [ -118.4200238141309, 52.800007623143429, 0.0 ], [ -118.420933758341107, 52.799351251600108, 0.0 ], [ -118.421966163777796, 52.798370672046758, 0.0 ], [ -118.422924145919396, 52.797148938916223, 0.0 ], [ -118.423231608815598, 52.79665524927519, 0.0 ], [ -118.423351554730502, 52.796117833716337, 0.0 ], [ -118.423121633506796, 52.795691801565042, 0.0 ], [ -118.422638101210595, 52.79531646447893, 0.0 ], [ -118.422218872329296, 52.795107094182697, 0.0 ], [ -118.4213061839137, 52.794820270399192, 0.0 ], [ -118.420984343306799, 52.794585915536963, 0.0 ], [ -118.420894976165599, 52.794253494998003, 0.0 ], [ -118.4209494774734, 52.793703186688553, 0.0 ], [ -118.421064075065203, 52.793137031009628, 0.0 ], [ -118.421031261597903, 52.792128877573198, 0.0 ], [ -118.421007637495407, 52.791403003210966, 0.0 ], [ -118.420778001225202, 52.790477883858742, 0.0 ], [ -118.420868853107606, 52.789775063262198, 0.0 ], [ -118.420846393791606, 52.789084908205652, 0.0 ], [ -118.420775898519693, 52.788728633527803, 0.0 ], [ -118.420589567626095, 52.788433268800389, 0.0 ], [ -118.420179985908405, 52.787914396560367, 0.0 ], [ -118.4197476085142, 52.787424231798127, 0.0 ], [ -118.4193330154298, 52.786945081188527, 0.0 ], [ -118.418917126309793, 52.786425618410952, 0.0 ], [ -118.4187658082556, 52.78608620255293, 0.0 ], [ -118.418724622771606, 52.785749204631308, 0.0 ], [ -118.4186888461454, 52.785560826919649, 0.0 ], [ -118.418636495466998, 52.7853187091766, 0.0 ], [ -118.418628609548804, 52.785076055704508, 0.0 ], [ -118.418554634938403, 52.784738161643389, 0.0 ], [ -118.418561320953998, 52.78446836301832, 0.0 ], [ -118.418936656334097, 52.783992756261028, 0.0 ], [ -118.419274200365706, 52.783599297466637, 0.0 ], [ -118.419613514121295, 52.78332400681861, 0.0 ], [ -118.420406257271296, 52.78228566440913, 0.0 ], [ -118.420740137320905, 52.782065884323877, 0.0 ], [ -118.421174369980605, 52.781780308333779, 0.0 ], [ -118.421285355244194, 52.781655682875488, 0.0 ], [ -118.421361653234598, 52.781489647247149, 0.0 ], [ -118.421181467229701, 52.781204494864333, 0.0 ], [ -118.420581742193207, 52.780716045472388, 0.0 ], [ -118.420101051431402, 52.780296974526173, 0.0 ], [ -118.419496737590606, 52.779666956202107, 0.0 ], [ -118.4190805688648, 52.779361586575291, 0.0 ], [ -118.418725644877597, 52.778820749005106, 0.0 ], [ -118.418674508068605, 52.778666917238247, 0.0 ], [ -118.418697830498601, 52.778437424919822, 0.0 ], [ -118.418800753909906, 52.778011375015708, 0.0 ], [ -118.418932678351098, 52.777547245220568, 0.0 ], [ -118.418993955325405, 52.777132705101756, 0.0 ], [ -118.4190632981486, 52.7765477170827, 0.0 ], [ -118.418872976800898, 52.776199372635858, 0.0 ], [ -118.4188571367484, 52.775969926635803, 0.0 ], [ -118.418903417468002, 52.775779788994292, 0.0 ], [ -118.419161966506294, 52.775271806843712, 0.0 ], [ -118.419064948643097, 52.774488389672918, 0.0 ], [ -118.418913307236593, 52.77421194006196, 0.0 ], [ -118.418933604539603, 52.773923997784458, 0.0 ], [ -118.418907087447906, 52.773784921923948, 0.0 ], [ -118.418821998269195, 52.773682585298943, 0.0 ], [ -118.418594817529396, 52.77344228247334, 0.0 ], [ -118.418106549875105, 52.773106751165336, 0.0 ], [ -118.417588687098004, 52.772837121820302, 0.0 ], [ -118.417380383827805, 52.772656905850212, 0.0 ], [ -118.417225856610699, 52.772318894442073, 0.0 ], [ -118.417093849635506, 52.772176982741641, 0.0 ], [ -118.415980985861907, 52.771558776171503, 0.0 ], [ -118.415767200730599, 52.771111138516083, 0.0 ], [ -118.415836238928605, 52.770751341217803, 0.0 ], [ -118.415531361122902, 52.770010191404403, 0.0 ], [ -118.415417895277201, 52.76931618049894, 0.0 ], [ -118.415382900156402, 52.768797832228373, 0.0 ], [ -118.415256260742396, 52.768258499063379, 0.0 ], [ -118.415179915514997, 52.768149038278032, 0.0 ], [ -118.415054380825197, 52.768097997905613, 0.0 ], [ -118.413791395064806, 52.767912404919088, 0.0 ], [ -118.41278835144, 52.767609166142478, 0.0 ], [ -118.411858031845597, 52.767453888144573, 0.0 ], [ -118.410989257605195, 52.767183314299153, 0.0 ], [ -118.410223806702007, 52.76690451161749, 0.0 ], [ -118.409370594278997, 52.766530782703953, 0.0 ], [ -118.408972686439597, 52.76630596882783, 0.0 ], [ -118.4085504021632, 52.766142254238183, 0.0 ], [ -118.408111615464705, 52.766061864035407, 0.0 ], [ -118.4072345243531, 52.766016694592622, 0.0 ], [ -118.406594125940103, 52.765802673382353, 0.0 ], [ -118.405444947263604, 52.765523599536969, 0.0 ], [ -118.404527940358406, 52.765152242913302, 0.0 ], [ -118.403634239837402, 52.764674786412137, 0.0 ], [ -118.4030880989352, 52.764217176139169, 0.0 ], [ -118.402689144160405, 52.763858820766778, 0.0 ], [ -118.401368709972701, 52.762993916550727, 0.0 ], [ -118.401080037006807, 52.762659871919489, 0.0 ], [ -118.400775749040704, 52.762458583165497, 0.0 ], [ -118.399639758388503, 52.761900409342729, 0.0 ], [ -118.398242203295496, 52.761271496434098, 0.0 ], [ -118.396891559074703, 52.760769079861177, 0.0 ], [ -118.395680892439501, 52.760141278003331, 0.0 ], [ -118.394052969211401, 52.759348402528573, 0.0 ], [ -118.392670057672007, 52.758735299047203, 0.0 ], [ -118.392052024103705, 52.758593133758637, 0.0 ], [ -118.390402676181907, 52.758267408311767, 0.0 ], [ -118.389523890708602, 52.757886098329038, 0.0 ], [ -118.388656638953606, 52.757415767224423, 0.0 ], [ -118.387874647580304, 52.757087378684311, 0.0 ], [ -118.386507965515094, 52.756561023081737, 0.0 ], [ -118.385090397805698, 52.756171793195321, 0.0 ], [ -118.384205135260302, 52.755937106142802, 0.0 ], [ -118.383314502729306, 52.755705409146557, 0.0 ], [ -118.382953292730207, 52.755611446424169, 0.0 ], [ -118.382303376349, 52.755442364865843, 0.0 ], [ -118.380833682796194, 52.754977936649119, 0.0 ], [ -118.379698380841702, 52.754629995026043, 0.0 ], [ -118.378156471392799, 52.75424795680086, 0.0 ], [ -118.377097892779702, 52.754043323889967, 0.0 ], [ -118.376105592214998, 52.753949404225551, 0.0 ], [ -118.374515144273005, 52.753847463301959, 0.0 ], [ -118.372530560432807, 52.753830310053623, 0.0 ], [ -118.371707246395701, 52.753774347929713, 0.0 ], [ -118.371135925189805, 52.753645792390238, 0.0 ], [ -118.369928345136898, 52.753097950674778, 0.0 ], [ -118.368725815700799, 52.752710541890387, 0.0 ], [ -118.367727899954602, 52.752521410910497, 0.0 ], [ -118.366864708450905, 52.752410977226802, 0.0 ], [ -118.366561207454197, 52.752315857131372, 0.0 ], [ -118.365934425596507, 52.751709108260883, 0.0 ], [ -118.365934845311898, 52.751371691518749, 0.0 ], [ -118.365124597578699, 52.750851036454009, 0.0 ], [ -118.364972171758893, 52.750419169206332, 0.0 ], [ -118.364880785691597, 52.750034779576417, 0.0 ], [ -118.3618040836201, 52.749178670566117, 0.0 ], [ -118.359766505283503, 52.747838820596442, 0.0 ], [ -118.359424040597304, 52.747377921636406, 0.0 ], [ -118.357302274864196, 52.745746480731498, 0.0 ], [ -118.3567928968655, 52.744496737087722, 0.0 ], [ -118.354877757894698, 52.743435358298242, 0.0 ], [ -118.351553620539406, 52.742449665598237, 0.0 ], [ -118.349745037009299, 52.741785548448902, 0.0 ], [ -118.348368143102903, 52.741435257138249, 0.0 ], [ -118.3473421310958, 52.74090980304981, 0.0 ], [ -118.345662234815194, 52.740287535360878, 0.0 ], [ -118.3456619196227, 52.740287407499267, 0.0 ], [ -118.343174877535205, 52.739289823676359, 0.0 ], [ -118.340394326661794, 52.737609241822241, 0.0 ], [ -118.338030993984404, 52.737239423172149, 0.0 ], [ -118.3351201139766, 52.737442905803853, 0.0 ], [ -118.331915103144595, 52.737249668525472, 0.0 ], [ -118.330130244127801, 52.73732679884349, 0.0 ], [ -118.329437294487306, 52.737335241733938, 0.0 ], [ -118.335333344413002, 52.733985671412107, 0.0 ], [ -118.340940838114605, 52.726861710082929, 0.0 ], [ -118.340011136755805, 52.72563494899142, 0.0 ], [ -118.344466401976405, 52.709587615041343, 0.0 ], [ -118.344248643957698, 52.709559911352891, 0.0 ], [ -118.343651072864901, 52.709448763619179, 0.0 ], [ -118.3432555714801, 52.709317697621152, 0.0 ], [ -118.342946699514798, 52.709331566855951, 0.0 ], [ -118.342898560081593, 52.708939866053313, 0.0 ], [ -118.342235095593594, 52.70877417357061, 0.0 ], [ -118.341203001056599, 52.70884374172811, 0.0 ], [ -118.339514644130801, 52.708976847075263, 0.0 ], [ -118.337626132435702, 52.70871071211225, 0.0 ], [ -118.335737258498099, 52.708448986045951, 0.0 ], [ -118.333848387777394, 52.708182759115957, 0.0 ], [ -118.333374778645506, 52.708093928642207, 0.0 ], [ -118.333374668818706, 52.708093906540093, 0.0 ], [ -118.332231010572301, 52.707750752756311, 0.0 ], [ -118.331111314937104, 52.707296058466291, 0.0 ], [ -118.330328605870804, 52.706974486725827, 0.0 ], [ -118.329845673925405, 52.7067845834815, 0.0 ], [ -118.329308100058199, 52.706498577780167, 0.0 ], [ -118.328818601365299, 52.706212019309838, 0.0 ], [ -118.327966476973202, 52.70569361207307, 0.0 ], [ -118.327639406866396, 52.705378313844768, 0.0 ], [ -118.327145503438203, 52.70494578798214, 0.0 ], [ -118.326649824775302, 52.704454863995593, 0.0 ], [ -118.325962817230703, 52.70399528962762, 0.0 ], [ -118.325573922722796, 52.703853623071318, 0.0 ], [ -118.324700874752196, 52.703600539468482, 0.0 ], [ -118.323828739114703, 52.703376646920027, 0.0 ], [ -118.323050065673598, 52.703064093427443, 0.0 ], [ -118.322365754116802, 52.702692075903492, 0.0 ], [ -118.321342411951804, 52.702236220797367, 0.0 ], [ -118.320735956549399, 52.701952414888908, 0.0 ], [ -118.320486229808097, 52.701603017646789, 0.0 ], [ -118.319125831387893, 52.700134033411913, 0.0 ], [ -118.3181517031, 52.699005159913597, 0.0 ], [ -118.317184052447999, 52.698101017623003, 0.0 ], [ -118.316608789083503, 52.697707806188113, 0.0 ], [ -118.314877960285102, 52.696415580718991, 0.0 ], [ -118.312976492556601, 52.69569503795713, 0.0 ], [ -118.311542655149793, 52.694911855329138, 0.0 ], [ -118.309171039979304, 52.694195361313071, 0.0 ], [ -118.306988057635493, 52.693478057408221, 0.0 ], [ -118.305941211634604, 52.693034895701409, 0.0 ], [ -118.304706481291703, 52.692354641084577, 0.0 ], [ -118.3047010441108, 52.692348319133181, 0.0 ], [ -118.304664742788702, 52.692331644908343, 0.0 ], [ -118.304316940838305, 52.692140021620141, 0.0 ], [ -118.302887066183601, 52.691473570003247, 0.0 ], [ -118.301168838962099, 52.690576806256487, 0.0 ], [ -118.3000125604961, 52.689619292717808, 0.0 ], [ -118.299479918005403, 52.68921247928764, 0.0 ], [ -118.300094639491405, 52.688482288920021, 0.0 ], [ -118.300197581303607, 52.688345988695303, 0.0 ], [ -118.300274136694, 52.688171219099452, 0.0 ], [ -118.300271582642907, 52.688079879665949, 0.0 ], [ -118.300160747303806, 52.68802335761108, 0.0 ], [ -118.299898547747006, 52.687910266614153, 0.0 ], [ -118.299467699686303, 52.687796889522389, 0.0 ], [ -118.298300483343098, 52.687351162388367, 0.0 ], [ -118.297456798881598, 52.686838948746427, 0.0 ], [ -118.296668372450398, 52.686351737958567, 0.0 ], [ -118.296465227190495, 52.686246220608552, 0.0 ], [ -118.296465207565106, 52.686246195962021, 0.0 ], [ -118.295555940608594, 52.68510514713946, 0.0 ], [ -118.295377022344397, 52.68539359644852, 0.0 ], [ -118.295070905802206, 52.685130768718111, 0.0 ], [ -118.294590440783296, 52.684357345946417, 0.0 ], [ -118.294226382824604, 52.683927972105863, 0.0 ], [ -118.293365796516696, 52.683253405238283, 0.0 ], [ -118.293087932508598, 52.683093905351562, 0.0 ], [ -118.293087902805098, 52.683093864789313, 0.0 ], [ -118.292759572325494, 52.682681706625267, 0.0 ], [ -118.292063734578903, 52.681378412618663, 0.0 ], [ -118.290704793380598, 52.679909068038171, 0.0 ], [ -118.2902083838962, 52.679000604316201, 0.0 ], [ -118.289049606600202, 52.677453853219831, 0.0 ], [ -118.289049581741295, 52.677453817920558, 0.0 ], [ -118.289040770582403, 52.677408039832763, 0.0 ], [ -118.289105016863999, 52.677223592701523, 0.0 ], [ -118.289258908060901, 52.676898674081293, 0.0 ], [ -118.289287875366398, 52.676796727297287, 0.0 ], [ -118.289273374863498, 52.676694599700802, 0.0 ], [ -118.289184964938698, 52.676547250821251, 0.0 ], [ -118.288928101446899, 52.675980048176321, 0.0 ], [ -118.288622898336797, 52.675635666053722, 0.0 ], [ -118.288596220740402, 52.675355556190858, 0.0 ], [ -118.288966215633096, 52.674768299233939, 0.0 ], [ -118.289280569681907, 52.674170423917069, 0.0 ], [ -118.290054137004603, 52.673511470457463, 0.0 ], [ -118.290220177029497, 52.673416307199162, 0.0 ], [ -118.290652581332495, 52.673168475600747, 0.0 ], [ -118.291220180529194, 52.672513186632472, 0.0 ], [ -118.291999809671594, 52.671953673698418, 0.0 ], [ -118.292915481733402, 52.671113694563758, 0.0 ], [ -118.293193342359203, 52.670629094734522, 0.0 ], [ -118.293367292242806, 52.670293578914077, 0.0 ], [ -118.293849777265706, 52.669772376461758, 0.0 ], [ -118.294286877008304, 52.669588137337414, 0.0 ], [ -118.294643646549304, 52.669321284867721, 0.0 ], [ -118.294730200307797, 52.669129763968911, 0.0 ], [ -118.294795134076693, 52.668868971195607, 0.0 ], [ -118.294412427006705, 52.668359766629507, 0.0 ], [ -118.2944073251536, 52.668350248905959, 0.0 ], [ -118.294269398508604, 52.668092524818071, 0.0 ], [ -118.294521600325993, 52.667685983766553, 0.0 ], [ -118.295003380690204, 52.667142641992449, 0.0 ], [ -118.295810723852, 52.666509600442367, 0.0 ], [ -118.296345467439906, 52.665932967851113, 0.0 ], [ -118.296629978570607, 52.665441706284312, 0.0 ], [ -118.2968826893093, 52.66495323333573, 0.0 ], [ -118.297062803888494, 52.664485196595052, 0.0 ], [ -118.2973313530387, 52.663052833588551, 0.0 ], [ -118.297547931380507, 52.662199118167862, 0.0 ], [ -118.297704356381104, 52.661380991042947, 0.0 ], [ -118.297672947329403, 52.661125340484951, 0.0 ], [ -118.297590649199705, 52.660899754464438, 0.0 ], [ -118.297495383884694, 52.660494551108421, 0.0 ], [ -118.297496731787106, 52.660107762131688, 0.0 ], [ -118.297776511204901, 52.659248884368367, 0.0 ], [ -118.297985601556405, 52.658531345159027, 0.0 ], [ -118.297973521294594, 52.65790623668331, 0.0 ], [ -118.297572734122099, 52.656825862838687, 0.0 ], [ -118.2976230661708, 52.656368924341614, 0.0 ], [ -118.297623149343394, 52.656008553731553, 0.0 ], [ -118.2977054782789, 52.655377595063342, 0.0 ], [ -118.297913045695907, 52.655108288064142, 0.0 ], [ -118.298299258180407, 52.654877330020589, 0.0 ], [ -118.298730702084896, 52.654599848408509, 0.0 ], [ -118.299503397775695, 52.654153192033618, 0.0 ], [ -118.300138082727997, 52.653891425466718, 0.0 ], [ -118.300716268815904, 52.653607614986299, 0.0 ], [ -118.301221485408604, 52.653375563849863, 0.0 ], [ -118.301763017557803, 52.653207141055347, 0.0 ], [ -118.303242652133605, 52.652851012514297, 0.0 ], [ -118.304072191269498, 52.65255866772781, 0.0 ], [ -118.304898354009396, 52.65215307771264, 0.0 ], [ -118.305819285886898, 52.65180307345215, 0.0 ], [ -118.306252272771204, 52.651786587645631, 0.0 ], [ -118.306553961930703, 52.651917421148823, 0.0 ], [ -118.306799720719397, 52.65202203285353, 0.0 ], [ -118.307031862019002, 52.652039596526969, 0.0 ], [ -118.307475484158303, 52.652121899698031, 0.0 ], [ -118.308505298335703, 52.652362187802922, 0.0 ], [ -118.309318671163098, 52.652902428213423, 0.0 ], [ -118.310203657742406, 52.653290165511208, 0.0 ], [ -118.311276213246998, 52.653781454257988, 0.0 ], [ -118.311811510633802, 52.653915872163779, 0.0 ], [ -118.312966578027002, 52.654103116290337, 0.0 ], [ -118.314368328926406, 52.65425751028355, 0.0 ], [ -118.315120018549194, 52.654475742776718, 0.0 ], [ -118.315876816785604, 52.654863856567161, 0.0 ], [ -118.316976452042297, 52.655543322231672, 0.0 ], [ -118.317867927642595, 52.656031241351961, 0.0 ], [ -118.318343722599707, 52.65636580962299, 0.0 ], [ -118.318529682822998, 52.656648904101587, 0.0 ], [ -118.318712981636693, 52.656709946192983, 0.0 ], [ -118.318997563331493, 52.656691014373003, 0.0 ], [ -118.319684904115405, 52.656273265227988, 0.0 ], [ -118.320463062026803, 52.655428626092487, 0.0 ], [ -118.321373816898003, 52.654915965996068, 0.0 ], [ -118.322194733968104, 52.65434038065203, 0.0 ], [ -118.322792988641197, 52.654004669850899, 0.0 ], [ -118.324631247490998, 52.653268306643419, 0.0 ], [ -118.325987203197499, 52.652906776543261, 0.0 ], [ -118.326798804054803, 52.652589608337919, 0.0 ], [ -118.327673537021298, 52.652172065325537, 0.0 ], [ -118.328400349069994, 52.651504918239539, 0.0 ], [ -118.329145307582394, 52.650158850969568, 0.0 ], [ -118.329390673749103, 52.648992016490389, 0.0 ], [ -118.329642482285706, 52.648082901028829, 0.0 ], [ -118.330423104851903, 52.647040883687197, 0.0 ], [ -118.331203345863798, 52.646032049042837, 0.0 ], [ -118.331856357847599, 52.645346469617948, 0.0 ], [ -118.332101535768203, 52.644886299576093, 0.0 ], [ -118.332262319176806, 52.644332035432527, 0.0 ], [ -118.332546803241499, 52.643335532808251, 0.0 ], [ -118.332573201475896, 52.642499261170961, 0.0 ], [ -118.332348705709904, 52.641933961381127, 0.0 ], [ -118.332362643558795, 52.641539485498342, 0.0 ], [ -118.332966639807097, 52.64102173933771, 0.0 ], [ -118.334366815363893, 52.640358794255732, 0.0 ], [ -118.3355713973923, 52.63991958722282, 0.0 ], [ -118.336987994508704, 52.639635616627587, 0.0 ], [ -118.337951609135501, 52.639606105176952, 0.0 ], [ -118.340515829806293, 52.639753407370478, 0.0 ], [ -118.341739613531701, 52.639944483698557, 0.0 ], [ -118.342883618483995, 52.640090508327731, 0.0 ], [ -118.343511405845902, 52.640083396935772, 0.0 ], [ -118.344100542496406, 52.639963775710058, 0.0 ], [ -118.345887658373201, 52.638963515712973, 0.0 ], [ -118.346602173332201, 52.638649714648018, 0.0 ], [ -118.347461707462699, 52.638234897038693, 0.0 ], [ -118.3485417726653, 52.637904254821159, 0.0 ], [ -118.349746087194106, 52.637562046748343, 0.0 ], [ -118.3511458638703, 52.637216631478537, 0.0 ], [ -118.352847081094396, 52.636666620798003, 0.0 ], [ -118.353501139749596, 52.636008872947407, 0.0 ], [ -118.353749280763097, 52.635574897371121, 0.0 ], [ -118.3539031818448, 52.635311917904872, 0.0 ], [ -118.354626360612997, 52.634644730232537, 0.0 ], [ -118.355534383358204, 52.634061553129072, 0.0 ], [ -118.355865715681404, 52.6337797315662, 0.0 ], [ -118.356088113810102, 52.633526943684807, 0.0 ], [ -118.356049662420403, 52.633347214505967, 0.0 ], [ -118.355761008106398, 52.633164148803758, 0.0 ], [ -118.3549560466423, 52.632692447225232, 0.0 ], [ -118.353887720124106, 52.632223763586722, 0.0 ], [ -118.353144154060004, 52.631746093006193, 0.0 ], [ -118.352442117287893, 52.631373738586639, 0.0 ], [ -118.351966492005104, 52.630878683194872, 0.0 ], [ -118.351800977958405, 52.630310030093952, 0.0 ], [ -118.351736350381103, 52.629279775583363, 0.0 ], [ -118.351746755224397, 52.628294138750533, 0.0 ], [ -118.351903400601302, 52.627485943301053, 0.0 ], [ -118.351934918462405, 52.627203850721827, 0.0 ], [ -118.352099968653604, 52.626691477234807, 0.0 ], [ -118.352352117458807, 52.626338259242253, 0.0 ], [ -118.352724941435596, 52.625633329175123, 0.0 ], [ -118.353148403464701, 52.625339311035688, 0.0 ], [ -118.353996633527103, 52.624771571262222, 0.0 ], [ -118.354609999555294, 52.624390611522387, 0.0 ], [ -118.355538060842306, 52.623582818731172, 0.0 ], [ -118.355710166572905, 52.623300574018593, 0.0 ], [ -118.355796793047901, 52.622957963689878, 0.0 ], [ -118.355778632626894, 52.622370399545183, 0.0 ], [ -118.355571742232897, 52.621357533666227, 0.0 ], [ -118.3554350848745, 52.620781293228383, 0.0 ], [ -118.355446012787297, 52.620130009594618, 0.0 ], [ -118.355686202501303, 52.619379187317307, 0.0 ], [ -118.356098601282895, 52.618519535908902, 0.0 ], [ -118.356230596372995, 52.61784682834864, 0.0 ], [ -118.356379142170596, 52.617334630210287, 0.0 ], [ -118.356589949396295, 52.616108831254373, 0.0 ], [ -118.356687327948407, 52.615537167851713, 0.0 ], [ -118.356661924107698, 52.615247179086658, 0.0 ], [ -118.356469441987599, 52.61486901330688, 0.0 ], [ -118.356096235510407, 52.61449292192043, 0.0 ], [ -118.355542636652402, 52.614128898365323, 0.0 ], [ -118.354940050369393, 52.613866397179827, 0.0 ], [ -118.353642203553804, 52.613259769010853, 0.0 ], [ -118.352761574303102, 52.612949522184657, 0.0 ], [ -118.352294160227899, 52.612714622852863, 0.0 ], [ -118.351960069586497, 52.612421985227357, 0.0 ], [ -118.351423436212698, 52.611580289366131, 0.0 ], [ -118.350692610768604, 52.610845113374729, 0.0 ], [ -118.350388172424601, 52.610421011016022, 0.0 ], [ -118.350230131946304, 52.609604659661557, 0.0 ], [ -118.350053545791894, 52.609253650592223, 0.0 ], [ -118.349680389148602, 52.608924792427217, 0.0 ], [ -118.349025256133402, 52.608667207517023, 0.0 ], [ -118.348493382666803, 52.60835676714418, 0.0 ], [ -118.346922539150199, 52.607620699346079, 0.0 ], [ -118.346093765314805, 52.607161328513342, 0.0 ], [ -118.345425719590196, 52.607037467823147, 0.0 ], [ -118.344665472931894, 52.606896037841111, 0.0 ], [ -118.343792711235494, 52.60683591289763, 0.0 ], [ -118.342889848988705, 52.606866155829223, 0.0 ], [ -118.342012336972701, 52.606982873822133, 0.0 ], [ -118.341069431253203, 52.607056490321654, 0.0 ], [ -118.339665343788496, 52.607282829448948, 0.0 ], [ -118.338993052933304, 52.607330445695517, 0.0 ], [ -118.338092533514498, 52.607260975580047, 0.0 ], [ -118.335698847139497, 52.607256435136868, 0.0 ], [ -118.334908187865693, 52.607067866999493, 0.0 ], [ -118.334473693388404, 52.606753371393317, 0.0 ], [ -118.334202836109895, 52.6063170611326, 0.0 ], [ -118.333754715142007, 52.605934329281553, 0.0 ], [ -118.333625414692804, 52.605567167465367, 0.0 ], [ -118.333072663489602, 52.605061736303277, 0.0 ], [ -118.332493712719398, 52.604285256529678, 0.0 ], [ -118.3326311372779, 52.604006522891723, 0.0 ], [ -118.332871198143494, 52.603484127875667, 0.0 ], [ -118.332906289819206, 52.602953656065331, 0.0 ], [ -118.333107510741897, 52.602615081888523, 0.0 ], [ -118.333729669434604, 52.601740832873233, 0.0 ], [ -118.334767916632501, 52.600752915787993, 0.0 ], [ -118.334847011944902, 52.600622750917474, 0.0 ], [ -118.3347911007058, 52.600467472836357, 0.0 ], [ -118.334560553193995, 52.600179039874178, 0.0 ], [ -118.333937352590198, 52.599786060736172, 0.0 ], [ -118.333274185955304, 52.599393201139058, 0.0 ], [ -118.332678246120295, 52.598869818717098, 0.0 ], [ -118.331664937015603, 52.598238843283923, 0.0 ], [ -118.330821073617003, 52.597821809030542, 0.0 ], [ -118.330533009465697, 52.597573303294332, 0.0 ], [ -118.329770674094405, 52.596746604649567, 0.0 ], [ -118.329901117099098, 52.596547666064048, 0.0 ], [ -118.331566043706999, 52.596096223277108, 0.0 ], [ -118.332402334419996, 52.595771182169933, 0.0 ], [ -118.333563859690599, 52.59525920981136, 0.0 ], [ -118.3342389597329, 52.595064297672749, 0.0 ], [ -118.335717657765997, 52.594480938995602, 0.0 ], [ -118.336208400904397, 52.594350739670347, 0.0 ], [ -118.336544076785799, 52.594170362398621, 0.0 ], [ -118.336727225679098, 52.594022857111732, 0.0 ], [ -118.336707332579195, 52.593929586215623, 0.0 ], [ -118.336272806022194, 52.59366440793189, 0.0 ], [ -118.335774553921098, 52.593335441957827, 0.0 ], [ -118.335540503228401, 52.593142873531256, 0.0 ], [ -118.335393436954604, 52.592860956770991, 0.0 ], [ -118.335496215830503, 52.592221425472459, 0.0 ], [ -118.335673126756603, 52.591333846043483, 0.0 ], [ -118.335569855078006, 52.59074290054334, 0.0 ], [ -118.335641628475898, 52.590113154325749, 0.0 ], [ -118.335763776663995, 52.588962708174734, 0.0 ], [ -118.335768264597803, 52.588146108011138, 0.0 ], [ -118.335885436231493, 52.587309504775227, 0.0 ], [ -118.336026482260706, 52.586929457185668, 0.0 ], [ -118.336543810358904, 52.585981196707202, 0.0 ], [ -118.336540867953303, 52.585867994743673, 0.0 ], [ -118.3363644147325, 52.58580615200237, 0.0 ], [ -118.335944773892706, 52.5856986529637, 0.0 ], [ -118.335120085817096, 52.585276404678829, 0.0 ], [ -118.334238474337795, 52.584787433335123, 0.0 ], [ -118.333689649730601, 52.584348501278583, 0.0 ], [ -118.332841262689399, 52.58362980402967, 0.0 ], [ -118.332444848480606, 52.583241392433528, 0.0 ], [ -118.3321382265664, 52.582885318970689, 0.0 ], [ -118.331567321884407, 52.58201681932244, 0.0 ], [ -118.330981549331895, 52.581113855476161, 0.0 ], [ -118.330915544344094, 52.581012109750752, 0.0 ], [ -118.330290062085595, 52.579955176523363, 0.0 ], [ -118.329711721918002, 52.579302012377987, 0.0 ], [ -118.329434865539895, 52.578805056063402, 0.0 ], [ -118.329195163124893, 52.578382163128609, 0.0 ], [ -118.329057852783194, 52.57809808669144, 0.0 ], [ -118.328890922022595, 52.577815079402477, 0.0 ], [ -118.328783664647105, 52.57773116877965, 0.0 ], [ -118.328453880678495, 52.577646341305908, 0.0 ], [ -118.327908638645397, 52.577655871140628, 0.0 ], [ -118.326841036511397, 52.577561437645457, 0.0 ], [ -118.3256797774077, 52.577255259901101, 0.0 ], [ -118.324784104836993, 52.577073777216881, 0.0 ], [ -118.323700356708301, 52.577022051052602, 0.0 ], [ -118.322617880633004, 52.577012874020042, 0.0 ], [ -118.320341202698401, 52.576888883718468, 0.0 ], [ -118.319938944313904, 52.576734218278432, 0.0 ], [ -118.3192472740498, 52.576369539769892, 0.0 ], [ -118.318640625157599, 52.575929427618711, 0.0 ], [ -118.318263008084401, 52.575827351917411, 0.0 ], [ -118.317012966760103, 52.575678554663249, 0.0 ], [ -118.315855099622794, 52.575637194166561, 0.0 ], [ -118.3143447154509, 52.575708201566037, 0.0 ], [ -118.313882446498397, 52.575615713368812, 0.0 ], [ -118.313408095176101, 52.575348539442061, 0.0 ], [ -118.312952290890294, 52.574987169232692, 0.0 ], [ -118.312666147942807, 52.574629631679649, 0.0 ], [ -118.312486284863397, 52.574450854619393, 0.0 ], [ -118.312165551362895, 52.574231100366141, 0.0 ], [ -118.311917480664306, 52.574106253761947, 0.0 ], [ -118.311458773542299, 52.573941188081399, 0.0 ], [ -118.310878552237199, 52.573798744342419, 0.0 ], [ -118.310387809104199, 52.573729748798229, 0.0 ], [ -118.309252126513101, 52.573689138510858, 0.0 ], [ -118.307705023378105, 52.573829282609758, 0.0 ], [ -118.306889343991301, 52.574055518653068, 0.0 ], [ -118.306089266137803, 52.574149416311421, 0.0 ], [ -118.305402282611297, 52.574180101132647, 0.0 ], [ -118.304066600688998, 52.574140583649907, 0.0 ], [ -118.302730914479199, 52.574101049412711, 0.0 ], [ -118.301754194578507, 52.574166032890908, 0.0 ], [ -118.301392008454698, 52.574073532452807, 0.0 ], [ -118.301239029473194, 52.573914709026162, 0.0 ], [ -118.301044321816505, 52.5735272642967, 0.0 ], [ -118.300171377497406, 52.57234507969973, 0.0 ], [ -118.299842890181793, 52.571828459461933, 0.0 ], [ -118.299363175086597, 52.571399851981617, 0.0 ], [ -118.298861837923596, 52.571078781870199, 0.0 ], [ -118.297743859076306, 52.571040911613977, 0.0 ], [ -118.296461519323898, 52.57129901574644, 0.0 ], [ -118.295399122697901, 52.571473341232448, 0.0 ], [ -118.294620944255698, 52.571481851901098, 0.0 ], [ -118.293660527711197, 52.571343207477213, 0.0 ], [ -118.291629735003198, 52.571107772616969, 0.0 ], [ -118.290026161358597, 52.571030350959468, 0.0 ], [ -118.288913915224995, 52.571128177345429, 0.0 ], [ -118.288478078598999, 52.571228207059782, 0.0 ], [ -118.287892534995095, 52.571240477435857, 0.0 ], [ -118.286693695986799, 52.571265586221351, 0.0 ], [ -118.285168552335506, 52.571476361092778, 0.0 ], [ -118.284501936347198, 52.5714971599458, 0.0 ], [ -118.284062830247805, 52.571392463720208, 0.0 ], [ -118.283268427106904, 52.571144454045928, 0.0 ], [ -118.282861509630195, 52.570918370313997, 0.0 ], [ -118.281326489011406, 52.569375758539657, 0.0 ], [ -118.280633066727106, 52.568820145999311, 0.0 ], [ -118.279336388206701, 52.567987856881572, 0.0 ], [ -118.278555919912307, 52.5674607881772, 0.0 ], [ -118.2772001472824, 52.566949483512801, 0.0 ], [ -118.275540494375093, 52.566465702474837, 0.0 ], [ -118.274046595165004, 52.566124833137323, 0.0 ], [ -118.273023597026594, 52.565443557090063, 0.0 ], [ -118.272016035949406, 52.564551194589157, 0.0 ], [ -118.271785012276595, 52.563937448068558, 0.0 ], [ -118.271153069727404, 52.563350918520698, 0.0 ], [ -118.270544638127802, 52.562686681788342, 0.0 ], [ -118.270492936600306, 52.562436547905129, 0.0 ], [ -118.270553982256004, 52.562179507614488, 0.0 ], [ -118.2706203964579, 52.561459515122792, 0.0 ], [ -118.270805064271897, 52.560934807060889, 0.0 ], [ -118.271614014328804, 52.560656540750948, 0.0 ], [ -118.272486301627495, 52.560352543369568, 0.0 ], [ -118.273267797097105, 52.559858875634923, 0.0 ], [ -118.274018368923507, 52.55927888322212, 0.0 ], [ -118.274874540572696, 52.5584204529018, 0.0 ], [ -118.2753473808487, 52.557946315081573, 0.0 ], [ -118.276381602224504, 52.5574683545345, 0.0 ], [ -118.276992324005604, 52.557273316897742, 0.0 ], [ -118.277589771152094, 52.557051019649897, 0.0 ], [ -118.278006757029999, 52.556670936583188, 0.0 ], [ -118.278470615139, 52.556007356351927, 0.0 ], [ -118.278850211878193, 52.555379344351913, 0.0 ], [ -118.279174784882997, 52.554741274923998, 0.0 ], [ -118.279837676217298, 52.55415551803371, 0.0 ], [ -118.279886854616905, 52.553997771380388, 0.0 ], [ -118.279904008356993, 52.553862755283831, 0.0 ], [ -118.279865453574004, 52.5536369431466, 0.0 ], [ -118.279824466458706, 52.553241805144538, 0.0 ], [ -118.279642418884194, 52.552560469927613, 0.0 ], [ -118.279410927849199, 52.551976969117973, 0.0 ], [ -118.279308221020599, 52.551445807802857, 0.0 ], [ -118.279627273066595, 52.551162914987223, 0.0 ], [ -118.279993228788101, 52.550907042035647, 0.0 ], [ -118.280451190081905, 52.550235825104522, 0.0 ], [ -118.280752432949299, 52.54934099886534, 0.0 ], [ -118.280887306684704, 52.548727431547192, 0.0 ], [ -118.280800979638897, 52.548009794062203, 0.0 ], [ -118.280605048117394, 52.547623161628422, 0.0 ], [ -118.280621618055804, 52.547093555495842, 0.0 ], [ -118.280844739841299, 52.546711444120163, 0.0 ], [ -118.281076517444802, 52.546429496801579, 0.0 ], [ -118.281507652665198, 52.546251835303572, 0.0 ], [ -118.282316321101504, 52.54612116449735, 0.0 ], [ -118.284553440315406, 52.545965995551441, 0.0 ], [ -118.286163728967495, 52.545828740137452, 0.0 ], [ -118.286485416443298, 52.545638948589684, 0.0 ], [ -118.286673133705705, 52.54534415191339, 0.0 ], [ -118.286636992505095, 52.544107001653423, 0.0 ], [ -118.286752906958995, 52.542980770787651, 0.0 ], [ -118.287201951009706, 52.541925226986137, 0.0 ], [ -118.287448856512896, 52.541417167485967, 0.0 ], [ -118.287873314751494, 52.54101356983994, 0.0 ], [ -118.287891333792899, 52.541004362785522, 0.0 ], [ -118.2900009299034, 52.539926442679388, 0.0 ], [ -118.290427684430796, 52.539602599885583, 0.0 ], [ -118.290656229319396, 52.539214423005959, 0.0 ], [ -118.290515674428704, 52.538883474454323, 0.0 ], [ -118.290088257716604, 52.5385531275913, 0.0 ], [ -118.288451496906703, 52.537700143033177, 0.0 ], [ -118.287891236407106, 52.537426819499132, 0.0 ], [ -118.287249482868205, 52.537113740121391, 0.0 ], [ -118.285894322297594, 52.536229265818513, 0.0 ], [ -118.284924005605902, 52.535657961342828, 0.0 ], [ -118.284509791549496, 52.53532745318013, 0.0 ], [ -118.284519669145496, 52.5346749837232, 0.0 ], [ -118.284798211727704, 52.533458597463188, 0.0 ], [ -118.285050410186699, 52.53242249430788, 0.0 ], [ -118.285470173449994, 52.531596775118018, 0.0 ], [ -118.285628576950202, 52.531083728341621, 0.0 ], [ -118.285334150920207, 52.529905609614723, 0.0 ], [ -118.285224768484497, 52.528717712565658, 0.0 ], [ -118.285492018156305, 52.528198126084042, 0.0 ], [ -118.286172638358707, 52.527329598063297, 0.0 ], [ -118.286274254847001, 52.526487292915533, 0.0 ], [ -118.286039592808905, 52.526366420584459, 0.0 ], [ -118.284391735666603, 52.526331426484283, 0.0 ], [ -118.281792791736194, 52.526377241407999, 0.0 ], [ -118.2784423723039, 52.526413485473597, 0.0 ], [ -118.277232629976794, 52.525544974091972, 0.0 ], [ -118.276695385858901, 52.524951294092332, 0.0 ], [ -118.275453788318401, 52.523977319198238, 0.0 ], [ -118.274032136155896, 52.523311289323907, 0.0 ], [ -118.272911626968195, 52.522822861588963, 0.0 ], [ -118.271534409535704, 52.521970584262178, 0.0 ], [ -118.270289940827098, 52.520890802618297, 0.0 ], [ -118.269518276572299, 52.520176187687802, 0.0 ], [ -118.268360548884502, 52.519095448196794, 0.0 ], [ -118.268177647867304, 52.518762402836153, 0.0 ], [ -118.268227801421006, 52.518497393345349, 0.0 ], [ -118.268400239402595, 52.518135059866033, 0.0 ], [ -118.269173114523298, 52.517217782654512, 0.0 ], [ -118.269606879219594, 52.516543881843447, 0.0 ], [ -118.269689798041696, 52.516101449351453, 0.0 ], [ -118.269621833886802, 52.515527772613282, 0.0 ], [ -118.2696420862205, 52.514444592833399, 0.0 ], [ -118.269543878043905, 52.513730998944553, 0.0 ], [ -118.268102543671702, 52.512406302316649, 0.0 ], [ -118.267614158561798, 52.511718521772892, 0.0 ], [ -118.267164593062702, 52.51115030408279, 0.0 ], [ -118.266614999566201, 52.510618421332978, 0.0 ], [ -118.265763280357604, 52.510125048637278, 0.0 ], [ -118.265347102094196, 52.509846474766327, 0.0 ], [ -118.264806976883307, 52.509509349984249, 0.0 ], [ -118.264539294750904, 52.509238920754292, 0.0 ], [ -118.264296698962994, 52.508835988491633, 0.0 ], [ -118.264167510470998, 52.508363411844662, 0.0 ], [ -118.264168832384698, 52.507549454101337, 0.0 ], [ -118.264202066920703, 52.506693955131503, 0.0 ], [ -118.2641322817164, 52.506020416928038, 0.0 ], [ -118.263804936023007, 52.505394563492167, 0.0 ], [ -118.263212491861296, 52.504584615816441, 0.0 ], [ -118.262777791738699, 52.504355347545882, 0.0 ], [ -118.262356190090799, 52.504249299551269, 0.0 ], [ -118.261589519881397, 52.50417748833862, 0.0 ], [ -118.260221654236204, 52.504338539000692, 0.0 ], [ -118.259201101541507, 52.504499271663583, 0.0 ], [ -118.257935396076107, 52.504671428823407, 0.0 ], [ -118.257011093726405, 52.504663620837533, 0.0 ], [ -118.255777386575502, 52.504438696768567, 0.0 ], [ -118.255005084283596, 52.504191237264813, 0.0 ], [ -118.254681010505905, 52.503965460005922, 0.0 ], [ -118.2544908267419, 52.503758496092722, 0.0 ], [ -118.2542556501798, 52.503490792695658, 0.0 ], [ -118.254171455118794, 52.503068760173477, 0.0 ], [ -118.254205684083004, 52.50253878302572, 0.0 ], [ -118.254357410500404, 52.501991860766893, 0.0 ], [ -118.254433489891198, 52.501621000099547, 0.0 ], [ -118.254382928619904, 52.501366018686568, 0.0 ], [ -118.2541911909085, 52.500716048091327, 0.0 ], [ -118.254002967547507, 52.500189385407751, 0.0 ], [ -118.253341738888594, 52.498675659537952, 0.0 ], [ -118.252848144713596, 52.497900452605663, 0.0 ], [ -118.251593356382699, 52.496811683000409, 0.0 ], [ -118.250902039478603, 52.496488367878932, 0.0 ], [ -118.250193795119998, 52.496275448010422, 0.0 ], [ -118.248405973133501, 52.496058456581082, 0.0 ], [ -118.244768129175299, 52.493828899520679, 0.0 ], [ -118.241494561611105, 52.491822304178783, 0.0 ], [ -118.238598662920495, 52.488544648904401, 0.0 ], [ -118.235414069948604, 52.48738926826821, 0.0 ], [ -118.229949584023203, 52.489796653091602, 0.0 ], [ -118.220181882640404, 52.489664067741892, 0.0 ], [ -118.204901495922002, 52.487910605016587, 0.0 ], [ -118.204465689689499, 52.488209399564013, 0.0 ], [ -118.203087652436594, 52.488633880602258, 0.0 ], [ -118.202552125064599, 52.488721415451273, 0.0 ], [ -118.202015238203103, 52.488657982455393, 0.0 ], [ -118.200855343579605, 52.487585151958029, 0.0 ], [ -118.199154764018701, 52.485773224322237, 0.0 ], [ -118.198375127903006, 52.485124385070819, 0.0 ], [ -118.198045101555493, 52.484525720887433, 0.0 ], [ -118.198057940854, 52.483348936374988, 0.0 ], [ -118.197282368897305, 52.480916515045223, 0.0 ], [ -118.196593776400107, 52.479345872810107, 0.0 ], [ -118.196043919484097, 52.478498516743038, 0.0 ], [ -118.195172628202101, 52.477768495123613, 0.0 ], [ -118.194301371592701, 52.47703846189502, 0.0 ], [ -118.1939790075525, 52.476475655183542, 0.0 ], [ -118.193921306992607, 52.475444077821471, 0.0 ], [ -118.194612394906301, 52.474322249257831, 0.0 ], [ -118.195881739820805, 52.473600012639629, 0.0 ], [ -118.1974749619379, 52.472266237560873, 0.0 ], [ -118.198472953852303, 52.471241569434603, 0.0 ], [ -118.199211796385597, 52.470930989597207, 0.0 ], [ -118.200403920354901, 52.470713935562131, 0.0 ], [ -118.201647930921894, 52.470642736790147, 0.0 ], [ -118.204916122155296, 52.470683111494957, 0.0 ], [ -118.206530256365696, 52.470666659137891, 0.0 ], [ -118.208108212417997, 52.470313406173787, 0.0 ], [ -118.209570078758901, 52.469649607447508, 0.0 ], [ -118.210327717494707, 52.469119465697098, 0.0 ], [ -118.210670184156996, 52.468553740028447, 0.0 ], [ -118.210955822134693, 52.467561134129546, 0.0 ], [ -118.211149417178802, 52.465577966182572, 0.0 ], [ -118.211347288166195, 52.464931747068889, 0.0 ], [ -118.211523222566797, 52.464358960115533, 0.0 ], [ -118.212140737979894, 52.463312818264839, 0.0 ], [ -118.213084656177202, 52.462415733087226, 0.0 ], [ -118.213477096645803, 52.462230673513851, 0.0 ], [ -118.2142062120693, 52.462108414050313, 0.0 ], [ -118.215410119093605, 52.461961934786039, 0.0 ], [ -118.217134438317501, 52.461944208905336, 0.0 ], [ -118.218161813406496, 52.461845791545827, 0.0 ], [ -118.219185545530294, 52.461615632965788, 0.0 ], [ -118.220951486117201, 52.460855773162841, 0.0 ], [ -118.222707525809696, 52.460147418654827, 0.0 ], [ -118.224140742870603, 52.459442389698879, 0.0 ], [ -118.226300071962001, 52.458594561643409, 0.0 ], [ -118.227821696550606, 52.458183688988342, 0.0 ], [ -118.228725958841807, 52.457969448121318, 0.0 ], [ -118.229223962402799, 52.457788692602954, 0.0 ], [ -118.229577859738995, 52.457594787269542, 0.0 ], [ -118.229784826058406, 52.457285358409017, 0.0 ], [ -118.229701977399998, 52.456891144673783, 0.0 ], [ -118.229560251906705, 52.45610246583675, 0.0 ], [ -118.229495928125701, 52.455658426543224, 0.0 ], [ -118.229752116571305, 52.455251779921412, 0.0 ], [ -118.229997570320194, 52.454605409570128, 0.0 ], [ -118.230421655416905, 52.454352242258899, 0.0 ], [ -118.231485926203902, 52.453739102778357, 0.0 ], [ -118.2324481104298, 52.453130899210763, 0.0 ], [ -118.233665619638202, 52.452520009189023, 0.0 ], [ -118.234551159029195, 52.45206444490961, 0.0 ], [ -118.236154276505602, 52.45125305689686, 0.0 ], [ -118.236492138312698, 52.451134178481603, 0.0 ], [ -118.2373233797626, 52.450770938225801, 0.0 ], [ -118.2381004746901, 52.450526012785147, 0.0 ], [ -118.2395263570167, 52.450190532630138, 0.0 ], [ -118.241545555917796, 52.449891256365248, 0.0 ], [ -118.242412843506401, 52.449831583570251, 0.0 ], [ -118.243571127038507, 52.449819409844153, 0.0 ], [ -118.246351995264106, 52.450118797197668, 0.0 ], [ -118.248015258673604, 52.450404645270773, 0.0 ], [ -118.2493012334117, 52.450517476270598, 0.0 ], [ -118.249500572203502, 52.450514517189163, 0.0 ], [ -118.249731795981404, 52.450482520166887, 0.0 ], [ -118.250038679350197, 52.45039058979372, 0.0 ], [ -118.250257034985907, 52.450246375043299, 0.0 ], [ -118.250480342740303, 52.4495936678696, 0.0 ], [ -118.250776202034402, 52.448379628725867, 0.0 ], [ -118.251216501876101, 52.447560742780787, 0.0 ], [ -118.251458124373301, 52.447227780690078, 0.0 ], [ -118.251800217842003, 52.446350935630008, 0.0 ], [ -118.251989505684605, 52.44553471023081, 0.0 ], [ -118.252104570696403, 52.444825476307379, 0.0 ], [ -118.252484204143101, 52.443862348476593, 0.0 ], [ -118.252595572099395, 52.443022872706948, 0.0 ], [ -118.252685624558197, 52.442112790002447, 0.0 ], [ -118.252676479935005, 52.441109299636068, 0.0 ], [ -118.252511333930599, 52.440733219619212, 0.0 ], [ -118.252242858900004, 52.440172540343262, 0.0 ], [ -118.252001969887303, 52.439794060263303, 0.0 ], [ -118.251426786585597, 52.439257037082747, 0.0 ], [ -118.250914214430594, 52.438884636963323, 0.0 ], [ -118.249106868708196, 52.438094865943853, 0.0 ], [ -118.246494623566505, 52.437436847219118, 0.0 ], [ -118.244693332439894, 52.436959168009153, 0.0 ], [ -118.243674442357005, 52.436457359909177, 0.0 ], [ -118.243015105746196, 52.436007058097253, 0.0 ], [ -118.242405464007405, 52.435213045947208, 0.0 ], [ -118.241920292139, 52.434212013328462, 0.0 ], [ -118.240794780362094, 52.433189757157372, 0.0 ], [ -118.240085182145606, 52.432330819228341, 0.0 ], [ -118.239661109026599, 52.428618192883739, 0.0 ], [ -118.239438416965299, 52.42719517596656, 0.0 ], [ -118.239022316686103, 52.425992959489832, 0.0 ], [ -118.238631883214694, 52.424737347163301, 0.0 ], [ -118.238226337296496, 52.42392224879633, 0.0 ], [ -118.237793451594001, 52.42272789160338, 0.0 ], [ -118.237752222312295, 52.422459788595923, 0.0 ], [ -118.2377920270891, 52.422249875195398, 0.0 ], [ -118.237937222642501, 52.422140286111578, 0.0 ], [ -118.239538389679893, 52.421219642880317, 0.0 ], [ -118.239910499283098, 52.420861339140991, 0.0 ], [ -118.240003371313406, 52.420420124759183, 0.0 ], [ -118.240040540436993, 52.420044759298783, 0.0 ], [ -118.239642384867196, 52.418976742805711, 0.0 ], [ -118.239127243160596, 52.418144689282443, 0.0 ], [ -118.238284588054597, 52.417060861695013, 0.0 ], [ -118.238081606668203, 52.416352893496118, 0.0 ], [ -118.238067274882496, 52.415840949695799, 0.0 ], [ -118.238234531077893, 52.415273415329558, 0.0 ], [ -118.239021492055102, 52.414371186053927, 0.0 ], [ -118.240241570069202, 52.413213821805549, 0.0 ], [ -118.240696307855899, 52.412375071650573, 0.0 ], [ -118.241093771539099, 52.411200408788609, 0.0 ], [ -118.241453265123496, 52.410377281891613, 0.0 ], [ -118.241958926912304, 52.409650881656979, 0.0 ], [ -118.242440783525495, 52.40887204659662, 0.0 ], [ -118.242564099481797, 52.407480108620838, 0.0 ], [ -118.242945586405497, 52.406540649493962, 0.0 ], [ -118.243171737101093, 52.405983738658612, 0.0 ], [ -118.243462965189096, 52.404788687888328, 0.0 ], [ -118.243715487417404, 52.403760043933758, 0.0 ], [ -118.243702736699106, 52.403637146486773, 0.0 ], [ -118.243605894283704, 52.403594287218169, 0.0 ], [ -118.2433281294728, 52.403555761182751, 0.0 ], [ -118.241207384587199, 52.403198349510227, 0.0 ], [ -118.238662765239397, 52.402892614133833, 0.0 ], [ -118.236136424769299, 52.402740956262122, 0.0 ], [ -118.234420967678602, 52.402679730731798, 0.0 ], [ -118.232537294103295, 52.402382770372057, 0.0 ], [ -118.231106742613605, 52.402100849631637, 0.0 ], [ -118.230118326003904, 52.401795458966852, 0.0 ], [ -118.227354023528704, 52.400609163971048, 0.0 ], [ -118.225584867851197, 52.399488434210888, 0.0 ], [ -118.225381386661198, 52.3993092053922, 0.0 ], [ -118.223999513799797, 52.398092031105662, 0.0 ], [ -118.222423326349897, 52.397394859154922, 0.0 ], [ -118.220674960852904, 52.395949695000013, 0.0 ], [ -118.220153063177506, 52.394609471672403, 0.0 ], [ -118.219937873606696, 52.393839952912458, 0.0 ], [ -118.219943906202801, 52.393016008702389, 0.0 ], [ -118.220423282284102, 52.391316849615073, 0.0 ], [ -118.2202303711029, 52.389899548156308, 0.0 ], [ -118.220213831009502, 52.388410129572947, 0.0 ], [ -118.220274775692701, 52.387103477471939, 0.0 ], [ -118.220132003595097, 52.386331415258582, 0.0 ], [ -118.219700675585401, 52.385081289936913, 0.0 ], [ -118.219655837349706, 52.38462661277584, 0.0 ], [ -118.219900159701496, 52.384109603191327, 0.0 ], [ -118.220910472438803, 52.383057985388987, 0.0 ], [ -118.221997729237202, 52.381983595816848, 0.0 ], [ -118.223206893616194, 52.380831999405324, 0.0 ], [ -118.224672519865607, 52.379981496607748, 0.0 ], [ -118.225774315610195, 52.379438495443537, 0.0 ], [ -118.225405522349703, 52.37868115219819, 0.0 ], [ -118.224866027497299, 52.378005063126572, 0.0 ], [ -118.223249803373704, 52.376686206549799, 0.0 ], [ -118.219935967731402, 52.374714725904397, 0.0 ], [ -118.217911602387204, 52.373292744207127, 0.0 ], [ -118.216770238332501, 52.372393236303303, 0.0 ], [ -118.216369050001205, 52.372070016578157, 0.0 ], [ -118.215914264243693, 52.371672950924882, 0.0 ], [ -118.212948622461894, 52.371689058206172, 0.0 ], [ -118.196171795809093, 52.371790408533712, 0.0 ], [ -118.186831484269504, 52.371847155202794, 0.0 ], [ -118.184933075511196, 52.372568486779457, 0.0 ], [ -118.182469652393294, 52.375553236299041, 0.0 ], [ -118.185899215373198, 52.380764653195769, 0.0 ], [ -118.1811704849584, 52.384390503042177, 0.0 ], [ -118.173119331686195, 52.390562739069757, 0.0 ], [ -118.171267739285497, 52.390482242062561, 0.0 ], [ -118.168271081603393, 52.390455781740691, 0.0 ], [ -118.165638067140705, 52.390712901809678, 0.0 ], [ -118.163454853877894, 52.391191154952473, 0.0 ], [ -118.161102306706695, 52.391912847774243, 0.0 ], [ -118.158258981096907, 52.392343754085253, 0.0 ], [ -118.155757740813499, 52.392421969124072, 0.0 ], [ -118.152097962954898, 52.392418723648788, 0.0 ], [ -118.150707117461295, 52.392417491323549, 0.0 ], [ -118.146095559142594, 52.392408539853839, 0.0 ], [ -118.144118369592803, 52.392373954454172, 0.0 ], [ -118.143987038883907, 52.392397654428187, 0.0 ], [ -118.143331530467904, 52.392515906564341, 0.0 ], [ -118.1429865214903, 52.39276105751307, 0.0 ], [ -118.142819906442995, 52.393111955599061, 0.0 ], [ -118.143281267015695, 52.394444343548138, 0.0 ], [ -118.143986993009193, 52.395332555863241, 0.0 ], [ -118.144253932385993, 52.39566849454588, 0.0 ], [ -118.145405690108404, 52.397425772238982, 0.0 ], [ -118.145692265069101, 52.398197600632507, 0.0 ], [ -118.145819598763794, 52.399025039726247, 0.0 ], [ -118.145800072398401, 52.399786548881693, 0.0 ], [ -118.145597462329505, 52.400970814206353, 0.0 ], [ -118.145375837581994, 52.401421415068761, 0.0 ], [ -118.145087583185102, 52.401872669526163, 0.0 ], [ -118.144740880603607, 52.402245790315909, 0.0 ], [ -118.143986912975606, 52.402781734844829, 0.0 ], [ -118.142477394726697, 52.403854687364792, 0.0 ], [ -118.141064740301204, 52.404942352006827, 0.0 ], [ -118.140550471915205, 52.405316008179938, 0.0 ], [ -118.138875849205306, 52.406082259051637, 0.0 ], [ -118.138376836782697, 52.406121103152557, 0.0 ], [ -118.1375793588726, 52.405905687416848, 0.0 ], [ -118.135285280848507, 52.405380908318079, 0.0 ], [ -118.133196075751897, 52.404821027763532, 0.0 ], [ -118.131646541428907, 52.404391642939608, 0.0 ], [ -118.129120590507597, 52.403950915560777, 0.0 ], [ -118.1275872063473, 52.403845204571738, 0.0 ], [ -118.126353109660002, 52.404072152731892, 0.0 ], [ -118.125202043408507, 52.404131203719487, 0.0 ], [ -118.123917181566398, 52.404079293538452, 0.0 ], [ -118.122737183531498, 52.40388236417953, 0.0 ], [ -118.120167796065104, 52.403398207221187, 0.0 ], [ -118.117944268613499, 52.403271436045401, 0.0 ], [ -118.115922905073802, 52.403342168322339, 0.0 ], [ -118.112320525997205, 52.403456741597182, 0.0 ], [ -118.109944621645596, 52.403511916248462, 0.0 ], [ -118.105037273311694, 52.403833304644152, 0.0 ], [ -118.103273018251798, 52.40383083668528, 0.0 ], [ -118.102226676970105, 52.403888685099417, 0.0 ], [ -118.101105750082297, 52.404107518818719, 0.0 ], [ -118.099778445698902, 52.404574614063627, 0.0 ], [ -118.0989754889344, 52.404797852952427, 0.0 ], [ -118.096898470982197, 52.405081060291188, 0.0 ], [ -118.095646597023503, 52.405158451595447, 0.0 ], [ -118.094200574809804, 52.405163198838387, 0.0 ], [ -118.092576545806494, 52.405216791850719, 0.0 ], [ -118.091039427557703, 52.405131980842441, 0.0 ], [ -118.089351442953799, 52.405337481008843, 0.0 ], [ -118.087928715267495, 52.40566405925086, 0.0 ], [ -118.0855291291264, 52.405959735225913, 0.0 ], [ -118.081832549703705, 52.405959065009277, 0.0 ], [ -118.079175594386697, 52.405776132634429, 0.0 ], [ -118.077008862827, 52.405510583269127, 0.0 ], [ -118.074711547836102, 52.405038060486177, 0.0 ], [ -118.069336959799998, 52.403758262525301, 0.0 ], [ -118.065342673557495, 52.402938818196461, 0.0 ], [ -118.060934556420804, 52.402448670882713, 0.0 ], [ -118.056915573730294, 52.402109126392631, 0.0 ], [ -118.052183378622402, 52.40195120903806, 0.0 ], [ -118.048148782323594, 52.401904799209291, 0.0 ], [ -118.0460499721584, 52.402070206320261, 0.0 ], [ -118.045451437396395, 52.402260013538843, 0.0 ], [ -118.045429198508003, 52.402478267555473, 0.0 ], [ -118.0455427616957, 52.402645017456507, 0.0 ], [ -118.046152810027607, 52.402941558200077, 0.0 ], [ -118.046899858375795, 52.403236887778291, 0.0 ], [ -118.047980951295202, 52.403747322957038, 0.0 ], [ -118.048427374690604, 52.404078843814247, 0.0 ], [ -118.048708587247702, 52.404378292127639, 0.0 ], [ -118.048895347585201, 52.404937993230988, 0.0 ], [ -118.049666678725501, 52.406545479027422, 0.0 ], [ -118.049823254668198, 52.406871754849092, 0.0 ], [ -118.050430454400797, 52.407812825618329, 0.0 ], [ -118.050897592480695, 52.408777235529548, 0.0 ], [ -118.051263748755403, 52.40970326185559, 0.0 ], [ -118.051397274866105, 52.410707972229439, 0.0 ], [ -118.051971956494697, 52.411967029166092, 0.0 ], [ -118.052801565575507, 52.412797139666203, 0.0 ], [ -118.052944785643703, 52.41403189173149, 0.0 ], [ -118.052868247080099, 52.415145857544573, 0.0 ], [ -118.052611651400198, 52.415863152894467, 0.0 ], [ -118.051918949045998, 52.416500893766063, 0.0 ], [ -118.051176664339195, 52.416873941619869, 0.0 ], [ -118.050195360411493, 52.417233252749433, 0.0 ], [ -118.0480620879718, 52.417541391945143, 0.0 ], [ -118.047604957025797, 52.4175361496089, 0.0 ], [ -118.047153240954202, 52.417467388841793, 0.0 ], [ -118.0467335271276, 52.417343621839663, 0.0 ], [ -118.046216552789403, 52.417225068616609, 0.0 ], [ -118.045938906671296, 52.417274105906792, 0.0 ], [ -118.045199994368105, 52.417484665588631, 0.0 ], [ -118.044015559485899, 52.418068826437967, 0.0 ], [ -118.043324040110093, 52.418568942181317, 0.0 ], [ -118.042248974641197, 52.419375212361537, 0.0 ], [ -118.041250505239205, 52.420117065575489, 0.0 ], [ -118.039363124570599, 52.422176450043011, 0.0 ], [ -118.038789091416405, 52.423461360451711, 0.0 ], [ -118.038592196473203, 52.424126551793471, 0.0 ], [ -118.037764070290805, 52.426101455720143, 0.0 ], [ -118.0371577141443, 52.427390062217491, 0.0 ], [ -118.037247294132598, 52.427872723281133, 0.0 ], [ -118.037449001190694, 52.428342902601273, 0.0 ], [ -118.037729300914094, 52.429005756335187, 0.0 ], [ -118.037742256349901, 52.431198989738419, 0.0 ], [ -118.037444599982905, 52.431839032227018, 0.0 ], [ -118.037276435942502, 52.432446079742547, 0.0 ], [ -118.036617036982307, 52.433216774457108, 0.0 ], [ -118.035788888225596, 52.434375461225088, 0.0 ], [ -118.035337096145994, 52.435112466498339, 0.0 ], [ -118.0349336676869, 52.435689690086747, 0.0 ], [ -118.034769668366494, 52.436404060938337, 0.0 ], [ -118.034155765561096, 52.437829962468243, 0.0 ], [ -118.034261963584598, 52.438165625295341, 0.0 ], [ -118.034501682095794, 52.438386637555162, 0.0 ], [ -118.034867405798096, 52.438679440937548, 0.0 ], [ -118.035641317702897, 52.4394535318932, 0.0 ], [ -118.036128638631396, 52.440230120216462, 0.0 ], [ -118.037578218360906, 52.440918594395043, 0.0 ], [ -118.038285133107493, 52.441055805405597, 0.0 ], [ -118.038782089799497, 52.441131133204948, 0.0 ], [ -118.040114372158399, 52.441262843115673, 0.0 ], [ -118.041571086145893, 52.441612915714167, 0.0 ], [ -118.045279141443004, 52.441843787023842, 0.0 ], [ -118.047217059685707, 52.4418376186714, 0.0 ], [ -118.048392673238396, 52.441954692153182, 0.0 ], [ -118.049417621410697, 52.442312123452609, 0.0 ], [ -118.050156698422199, 52.442703962066958, 0.0 ], [ -118.0506285129254, 52.443241048352547, 0.0 ], [ -118.050952250849704, 52.443466204742649, 0.0 ], [ -118.051121388336796, 52.443651639673021, 0.0 ], [ -118.051189030360803, 52.443919360497617, 0.0 ], [ -118.051758275550995, 52.444435814431728, 0.0 ], [ -118.053067314554099, 52.445383362392398, 0.0 ], [ -118.054509550624701, 52.446633590629332, 0.0 ], [ -118.055243620278802, 52.447901192465253, 0.0 ], [ -118.055600190430098, 52.448097106169463, 0.0 ], [ -118.055876693614493, 52.4482140861979, 0.0 ], [ -118.055987687086002, 52.448318021980199, 0.0 ], [ -118.056017984286498, 52.448569933548328, 0.0 ], [ -118.0565219542477, 52.449393527774959, 0.0 ], [ -118.057060787290894, 52.450235065313173, 0.0 ], [ -118.057352289656194, 52.450948259228767, 0.0 ], [ -118.057813264022698, 52.451500684105987, 0.0 ], [ -118.058075520327293, 52.452116169097643, 0.0 ], [ -118.058451609959107, 52.45262246540014, 0.0 ], [ -118.059116691467395, 52.453235387258943, 0.0 ], [ -118.059658947080194, 52.453874715452173, 0.0 ], [ -118.060126199811705, 52.454546886936022, 0.0 ], [ -118.060231567179301, 52.454736503317328, 0.0 ], [ -118.060267028682802, 52.454950847480838, 0.0 ], [ -118.060271779187701, 52.455174805944061, 0.0 ], [ -118.060175902608805, 52.455446150859181, 0.0 ], [ -118.060069308870695, 52.45574946028276, 0.0 ], [ -118.059701910529697, 52.45606120121716, 0.0 ], [ -118.059300193103198, 52.456144118461253, 0.0 ], [ -118.058750513240895, 52.456069722335521, 0.0 ], [ -118.056925084561996, 52.456203600804777, 0.0 ], [ -118.055083497760606, 52.456049095274672, 0.0 ], [ -118.053107279372995, 52.4558292589711, 0.0 ], [ -118.050896272304001, 52.45575774477679, 0.0 ], [ -118.050030132984901, 52.455824337482547, 0.0 ], [ -118.049209930876202, 52.455781514692333, 0.0 ], [ -118.048543593092703, 52.455819542155737, 0.0 ], [ -118.047100946418993, 52.456222993726307, 0.0 ], [ -118.046236100066196, 52.456574870832952, 0.0 ], [ -118.044984334178395, 52.457207538396531, 0.0 ], [ -118.043707557663595, 52.457662821152411, 0.0 ], [ -118.042552452536896, 52.457769324990558, 0.0 ], [ -118.041772487921307, 52.457741908716052, 0.0 ], [ -118.039911048642594, 52.457766028947027, 0.0 ], [ -118.039187366107399, 52.457695014390048, 0.0 ], [ -118.038430811485199, 52.457607973690251, 0.0 ], [ -118.037547716973506, 52.457606731837579, 0.0 ], [ -118.035032184124404, 52.456797815182391, 0.0 ], [ -118.032532516755197, 52.456068671231051, 0.0 ], [ -118.030789500519901, 52.455506312405703, 0.0 ], [ -118.029837143265596, 52.455147729944613, 0.0 ], [ -118.028719849542696, 52.455090139855429, 0.0 ], [ -118.027584967339706, 52.455160785389097, 0.0 ], [ -118.026170029409897, 52.455407529054789, 0.0 ], [ -118.0253743328214, 52.455627029610397, 0.0 ], [ -118.024996979948199, 52.455855068268477, 0.0 ], [ -118.024441907606601, 52.456238780694989, 0.0 ], [ -118.023335872886904, 52.456943038887587, 0.0 ], [ -118.022278771925002, 52.457677512968807, 0.0 ], [ -118.021299930931093, 52.458354619281742, 0.0 ], [ -118.020143554980507, 52.458729308277029, 0.0 ], [ -118.018153388613698, 52.459118919254017, 0.0 ], [ -118.018053234162096, 52.459268330651092, 0.0 ], [ -118.018101857956694, 52.459528425784271, 0.0 ], [ -118.018440481085605, 52.460002441507918, 0.0 ], [ -118.018772345029305, 52.460877311457537, 0.0 ], [ -118.019598899148406, 52.461599620057413, 0.0 ], [ -118.019946569294106, 52.46202429004196, 0.0 ], [ -118.021399053025903, 52.462775933287169, 0.0 ], [ -118.022150855585394, 52.463308590722527, 0.0 ], [ -118.022902431122802, 52.463910844371533, 0.0 ], [ -118.024058094022294, 52.465436254104922, 0.0 ], [ -118.025249669097605, 52.466571553807867, 0.0 ], [ -118.0256119227532, 52.46712401224282, 0.0 ], [ -118.025520837877707, 52.467844988646227, 0.0 ], [ -118.024904611637993, 52.469629543844867, 0.0 ], [ -118.024799622872493, 52.47058910667279, 0.0 ], [ -118.0247368412616, 52.471914618138278, 0.0 ], [ -118.024853656438395, 52.472506987912823, 0.0 ], [ -118.024852678653204, 52.47289225196004, 0.0 ], [ -118.024676039208202, 52.473282576289577, 0.0 ], [ -118.024545496474403, 52.473372800528303, 0.0 ], [ -118.024374413591204, 52.473430984231364, 0.0 ], [ -118.023912321470206, 52.473524076553993, 0.0 ], [ -118.022973571462401, 52.473653694839278, 0.0 ], [ -118.021053068952895, 52.473775581048614, 0.0 ], [ -118.020599721263395, 52.473820429408107, 0.0 ], [ -118.0201942492277, 52.473920680177031, 0.0 ], [ -118.019267616873293, 52.474001561320158, 0.0 ], [ -118.018780483073797, 52.474159657723362, 0.0 ], [ -118.018572415355607, 52.474339647439812, 0.0 ], [ -118.018404496720507, 52.474535485477652, 0.0 ], [ -118.018196175304197, 52.474818255149742, 0.0 ], [ -118.017378372135695, 52.47690220114216, 0.0 ], [ -118.017083178581302, 52.478065405482177, 0.0 ], [ -118.016203630385107, 52.478876587489573, 0.0 ], [ -118.014972915842705, 52.479969124069932, 0.0 ], [ -118.013290685514306, 52.481036019755329, 0.0 ], [ -118.012548957803602, 52.48165242234893, 0.0 ], [ -118.011979628055101, 52.482282606825713, 0.0 ], [ -118.010884138228604, 52.483267110850107, 0.0 ], [ -118.009879753235595, 52.484351592235612, 0.0 ], [ -118.008886408148797, 52.485274828586469, 0.0 ], [ -118.008277166524707, 52.486096414483107, 0.0 ], [ -118.008041877076195, 52.486409324172932, 0.0 ], [ -118.007420270910103, 52.487266449423792, 0.0 ], [ -118.007119110788096, 52.487443513535652, 0.0 ], [ -118.006977416385993, 52.488552606494807, 0.0 ], [ -118.006747708440699, 52.489220655056727, 0.0 ], [ -118.006142615435095, 52.489894916728332, 0.0 ], [ -118.005431587699803, 52.490941461529623, 0.0 ], [ -118.003117494815598, 52.492008402191487, 0.0 ], [ -118.001357547344696, 52.492806894981349, 0.0 ], [ -118.000087009971693, 52.49377265711766, 0.0 ], [ -118.000035853305505, 52.493811535705333, 0.0 ], [ -118.000025985433595, 52.49381903408662, 0.0 ], [ -117.999117180040201, 52.494323880129187, 0.0 ], [ -117.997386534689099, 52.49516734149001, 0.0 ], [ -117.995836520355098, 52.496211569158618, 0.0 ], [ -117.992641347536704, 52.499296031058392, 0.0 ], [ -117.991957835168904, 52.500055098459868, 0.0 ], [ -117.991812635757498, 52.499903612961923, 0.0 ], [ -117.991733741606495, 52.498987822700691, 0.0 ], [ -117.991646147519106, 52.498368205846553, 0.0 ], [ -117.991541800880498, 52.497783308333602, 0.0 ], [ -117.991480768012806, 52.497309703069547, 0.0 ], [ -117.991306885706194, 52.496623616062422, 0.0 ], [ -117.991020056283304, 52.496091714400791, 0.0 ], [ -117.9908232001372, 52.495824370745922, 0.0 ], [ -117.990539958847407, 52.495510041718497, 0.0 ], [ -117.990081767378598, 52.495117549257138, 0.0 ], [ -117.989252229026206, 52.494439679225039, 0.0 ], [ -117.988417268955203, 52.493976167324547, 0.0 ], [ -117.9880108983442, 52.493828480813008, 0.0 ], [ -117.987062406688807, 52.493483780865283, 0.0 ], [ -117.986184089190203, 52.493244257697462, 0.0 ], [ -117.985515611037698, 52.4930434071889, 0.0 ], [ -117.984702970751101, 52.492878983822493, 0.0 ], [ -117.984127828851499, 52.492847808023782, 0.0 ], [ -117.983956461758098, 52.492805015506512, 0.0 ], [ -117.983874066072104, 52.492697076781532, 0.0 ], [ -117.983723117015003, 52.492579557208657, 0.0 ], [ -117.983691846074194, 52.492470687936581, 0.0 ], [ -117.983721538809306, 52.49236693240919, 0.0 ], [ -117.984524766674099, 52.491738906898547, 0.0 ], [ -117.985969400510797, 52.490708285438387, 0.0 ], [ -117.987728288194106, 52.488834432574038, 0.0 ], [ -117.988090859775596, 52.488440258771107, 0.0 ], [ -117.988210258880898, 52.488015527609697, 0.0 ], [ -117.988193380027994, 52.487261903796423, 0.0 ], [ -117.987944436359896, 52.4865713340103, 0.0 ], [ -117.987909514897694, 52.485444012642553, 0.0 ], [ -117.987518799465093, 52.484679182518633, 0.0 ], [ -117.986414436991794, 52.483733673304911, 0.0 ], [ -117.985494658265196, 52.483259510500652, 0.0 ], [ -117.984193307984299, 52.482667633517281, 0.0 ], [ -117.983457596434107, 52.482450509466823, 0.0 ], [ -117.982180274011498, 52.482115120470873, 0.0 ], [ -117.980916593508994, 52.48157610279064, 0.0 ], [ -117.980222303324297, 52.481589714758726, 0.0 ], [ -117.9793168738546, 52.48194295052123, 0.0 ], [ -117.978149330014205, 52.482182116745342, 0.0 ], [ -117.977512402649893, 52.482358609446372, 0.0 ], [ -117.976058733019599, 52.482582425763958, 0.0 ], [ -117.974397094569795, 52.483092625066909, 0.0 ], [ -117.973975269396306, 52.483181060683251, 0.0 ], [ -117.973616546542402, 52.483246877113828, 0.0 ], [ -117.973333256830998, 52.483233489812463, 0.0 ], [ -117.973259996126501, 52.483080612027202, 0.0 ], [ -117.973243895652601, 52.482886344711147, 0.0 ], [ -117.9726442176825, 52.482319806100399, 0.0 ], [ -117.972054756236801, 52.481837474597313, 0.0 ], [ -117.971553372450401, 52.48113097615758, 0.0 ], [ -117.970989546413094, 52.480059104795977, 0.0 ], [ -117.970778655763993, 52.479437120163787, 0.0 ], [ -117.970886589911103, 52.478945123209733, 0.0 ], [ -117.970991951341404, 52.478336334854554, 0.0 ], [ -117.971209875239296, 52.477849676527498, 0.0 ], [ -117.971470062123103, 52.477375143047126, 0.0 ], [ -117.971839709105794, 52.47660444044724, 0.0 ], [ -117.972080569031903, 52.476130063817287, 0.0 ], [ -117.972664979098198, 52.475507516350632, 0.0 ], [ -117.973491144452595, 52.474402375260887, 0.0 ], [ -117.974191548602704, 52.473114758067013, 0.0 ], [ -117.974357406629693, 52.472436562265472, 0.0 ], [ -117.9743971134193, 52.471755484811851, 0.0 ], [ -117.974527404199506, 52.471430153643347, 0.0 ], [ -117.974567105551998, 52.471161085632637, 0.0 ], [ -117.974535193873393, 52.470955996879503, 0.0 ], [ -117.974375651071199, 52.470762090314857, 0.0 ], [ -117.973847935735293, 52.470415998592003, 0.0 ], [ -117.972685199786497, 52.469764888081492, 0.0 ], [ -117.972053688212497, 52.469290138798641, 0.0 ], [ -117.971333226092995, 52.468923179172741, 0.0 ], [ -117.970983936427103, 52.468670490760687, 0.0 ], [ -117.970536909237893, 52.468300157396378, 0.0 ], [ -117.970253771163897, 52.467883920350552, 0.0 ], [ -117.969711915710207, 52.467330287830897, 0.0 ], [ -117.968205328071505, 52.466413716337151, 0.0 ], [ -117.967211462720897, 52.465651698713557, 0.0 ], [ -117.966422343412901, 52.465248750755812, 0.0 ], [ -117.9645366795298, 52.464733043116951, 0.0 ], [ -117.964038310247105, 52.464531212511837, 0.0 ], [ -117.963559489565895, 52.464247173139363, 0.0 ], [ -117.963111706241605, 52.463822442294543, 0.0 ], [ -117.962589836367599, 52.462922600225468, 0.0 ], [ -117.962449210741994, 52.462697344491737, 0.0 ], [ -117.962133643917497, 52.462331512606291, 0.0 ], [ -117.961589325497897, 52.461789099899178, 0.0 ], [ -117.961310464276096, 52.461562558094222, 0.0 ], [ -117.960047238973701, 52.46087135014595, 0.0 ], [ -117.958703071753206, 52.460231861624329, 0.0 ], [ -117.957097351694003, 52.459502099133253, 0.0 ], [ -117.956324379600204, 52.459136278731059, 0.0 ], [ -117.955480193160994, 52.458566756874973, 0.0 ], [ -117.955281811104499, 52.458462898804683, 0.0 ], [ -117.955011998217202, 52.458382189627358, 0.0 ], [ -117.954603123146697, 52.458323276857541, 0.0 ], [ -117.954197451790407, 52.458293880707508, 0.0 ], [ -117.953309293864805, 52.458178270007927, 0.0 ], [ -117.952322733719896, 52.458158304596239, 0.0 ], [ -117.951669237225701, 52.458104339648138, 0.0 ], [ -117.951046420034004, 52.458014481063742, 0.0 ], [ -117.950602344212299, 52.457744594575622, 0.0 ], [ -117.950197915531007, 52.457197399650468, 0.0 ], [ -117.949567323187296, 52.456318661313013, 0.0 ], [ -117.949196328664996, 52.455624049905438, 0.0 ], [ -117.948656974470097, 52.454594676252867, 0.0 ], [ -117.948378131269195, 52.453724951174657, 0.0 ], [ -117.948190716044806, 52.45312186547843, 0.0 ], [ -117.9480022400232, 52.45266707437694, 0.0 ], [ -117.947880676037002, 52.452488234773512, 0.0 ], [ -117.947834136059996, 52.452416651914561, 0.0 ], [ -117.947730836146704, 52.452363567253563, 0.0 ], [ -117.945993406463799, 52.451631250577748, 0.0 ], [ -117.945516558949095, 52.451331665783059, 0.0 ], [ -117.944926588638594, 52.451084047370642, 0.0 ], [ -117.944468937585, 52.450951933690902, 0.0 ], [ -117.943321388853605, 52.450714929713108, 0.0 ], [ -117.942036529313398, 52.450249698524779, 0.0 ], [ -117.941255361859504, 52.450110915146958, 0.0 ], [ -117.9404243296906, 52.449940461147122, 0.0 ], [ -117.939627168191294, 52.449820926171768, 0.0 ], [ -117.939177966490405, 52.449455873403373, 0.0 ], [ -117.938777891044197, 52.448920346580771, 0.0 ], [ -117.938567346773397, 52.448688556722331, 0.0 ], [ -117.938289121077304, 52.448482954201822, 0.0 ], [ -117.937745181597407, 52.448012657619657, 0.0 ], [ -117.937284224976196, 52.44774693618681, 0.0 ], [ -117.936264507485603, 52.4474497163081, 0.0 ], [ -117.935053691529006, 52.447145018997958, 0.0 ], [ -117.934227738175593, 52.446980938532441, 0.0 ], [ -117.933343619341599, 52.446844246803003, 0.0 ], [ -117.931916935757897, 52.446747746798778, 0.0 ], [ -117.931203747303201, 52.446722833048042, 0.0 ], [ -117.930027955550102, 52.446786026570898, 0.0 ], [ -117.9292041035241, 52.446792501369863, 0.0 ], [ -117.928592925541594, 52.446514891921488, 0.0 ], [ -117.928194093946601, 52.446341902386578, 0.0 ], [ -117.927799293351299, 52.446139501594367, 0.0 ], [ -117.927253053864206, 52.446004607287648, 0.0 ], [ -117.926965309818101, 52.445982923764838, 0.0 ], [ -117.926067164462793, 52.445953995876827, 0.0 ], [ -117.925651168325302, 52.446053225120863, 0.0 ], [ -117.925083076013905, 52.446277663020219, 0.0 ], [ -117.924071991335396, 52.446739011396431, 0.0 ], [ -117.923346189475595, 52.44706283128636, 0.0 ], [ -117.922775882482696, 52.447278920300221, 0.0 ], [ -117.9225346126956, 52.447330184681938, 0.0 ], [ -117.922087622706798, 52.447365089607452, 0.0 ], [ -117.921373690471995, 52.447375195641762, 0.0 ], [ -117.919207123338197, 52.447203249941602, 0.0 ], [ -117.917082848176094, 52.446941025773363, 0.0 ], [ -117.916406982664398, 52.446802654063937, 0.0 ], [ -117.915693665699294, 52.44675433718556, 0.0 ], [ -117.915588631587198, 52.446719216419723, 0.0 ], [ -117.915580375434601, 52.446602654303838, 0.0 ], [ -117.915702371222693, 52.44635834131352, 0.0 ], [ -117.916096353449902, 52.445800567916002, 0.0 ], [ -117.916882881462001, 52.445057021475499, 0.0 ], [ -117.9177953709288, 52.444105964009623, 0.0 ], [ -117.918501878046499, 52.44349828587233, 0.0 ], [ -117.918887453054793, 52.443150961558338, 0.0 ], [ -117.919165385128693, 52.442744471192242, 0.0 ], [ -117.919318212215501, 52.442409631473133, 0.0 ], [ -117.919412899124495, 52.441839259118908, 0.0 ], [ -117.919377628570999, 52.44142450529386, 0.0 ], [ -117.9193187926695, 52.441156411433163, 0.0 ], [ -117.919109978846706, 52.440602785440767, 0.0 ], [ -117.918868978625298, 52.440139251748903, 0.0 ], [ -117.918753423978004, 52.439920415696839, 0.0 ], [ -117.918545386326201, 52.439681947336659, 0.0 ], [ -117.917869540117493, 52.439082856169087, 0.0 ], [ -117.917029380636095, 52.438393970232838, 0.0 ], [ -117.916340315754297, 52.437665296432321, 0.0 ], [ -117.916022638298003, 52.437361444896013, 0.0 ], [ -117.915667396603993, 52.437137850267568, 0.0 ], [ -117.9144557010124, 52.436595179920737, 0.0 ], [ -117.913092329916495, 52.436111224696702, 0.0 ], [ -117.910755744188606, 52.435434257415828, 0.0 ], [ -117.909183530357595, 52.43486187061864, 0.0 ], [ -117.908292194398896, 52.434457946238631, 0.0 ], [ -117.907733929785294, 52.434177317731091, 0.0 ], [ -117.907474312361899, 52.434059264154818, 0.0 ], [ -117.907161034910104, 52.433966467278793, 0.0 ], [ -117.906773847717005, 52.433899071236723, 0.0 ], [ -117.906441577253801, 52.433878757765058, 0.0 ], [ -117.905140502481402, 52.433597336643231, 0.0 ], [ -117.903861072368997, 52.433309649217243, 0.0 ], [ -117.902498851744596, 52.432997633563232, 0.0 ], [ -117.9007028407907, 52.432620245787618, 0.0 ], [ -117.899287555055096, 52.432180197950267, 0.0 ], [ -117.898840375250003, 52.43188160498201, 0.0 ], [ -117.898547452500395, 52.431672108113943, 0.0 ], [ -117.898231237663595, 52.431262815780187, 0.0 ], [ -117.897958317704095, 52.43078400110462, 0.0 ], [ -117.897695033174898, 52.430443507266979, 0.0 ], [ -117.897381936889403, 52.430187103360353, 0.0 ], [ -117.896588927916099, 52.429665327328998, 0.0 ], [ -117.895745355927701, 52.429135452870817, 0.0 ], [ -117.894032891427102, 52.428248126428038, 0.0 ], [ -117.892984696460701, 52.427797295587197, 0.0 ], [ -117.891985647235103, 52.427497428872996, 0.0 ], [ -117.890551074523998, 52.427345145487422, 0.0 ], [ -117.8887624890273, 52.42735626839297, 0.0 ], [ -117.886836594217101, 52.427268448492391, 0.0 ], [ -117.885626744321897, 52.427213265889243, 0.0 ], [ -117.881977447197102, 52.427269990649748, 0.0 ], [ -117.880686671396006, 52.42718408726315, 0.0 ], [ -117.879004412852098, 52.427053335235158, 0.0 ], [ -117.877480658170896, 52.426716947741703, 0.0 ], [ -117.877068291557194, 52.426586946866237, 0.0 ], [ -117.876805608481902, 52.426419244649288, 0.0 ], [ -117.876274346547206, 52.425948682635493, 0.0 ], [ -117.875635287775594, 52.424789669201317, 0.0 ], [ -117.874692594078098, 52.423691349106711, 0.0 ], [ -117.873836743764798, 52.423030373845613, 0.0 ], [ -117.872870523891805, 52.422515378268542, 0.0 ], [ -117.872171914298093, 52.422089180257203, 0.0 ], [ -117.871107357570196, 52.421032874333712, 0.0 ], [ -117.870727905319498, 52.420790099478303, 0.0 ], [ -117.870270101934196, 52.420646125126787, 0.0 ], [ -117.869841314265202, 52.420616533128062, 0.0 ], [ -117.868347118003697, 52.420301805270213, 0.0 ], [ -117.866311661096802, 52.419885345859917, 0.0 ], [ -117.865474273209102, 52.419751730785713, 0.0 ], [ -117.864131750745599, 52.419505154961357, 0.0 ], [ -117.863436302089397, 52.419315041377743, 0.0 ], [ -117.862883025021802, 52.419139064001449, 0.0 ], [ -117.862590701356794, 52.419065274800637, 0.0 ], [ -117.862220854976101, 52.419018092399732, 0.0 ], [ -117.861915922629194, 52.41902464601138, 0.0 ], [ -117.861054904294605, 52.418894283885891, 0.0 ], [ -117.859842923759004, 52.418590780536029, 0.0 ], [ -117.858891419323299, 52.418251152415323, 0.0 ], [ -117.857917563746398, 52.417869859812711, 0.0 ], [ -117.857171260853605, 52.417432563125097, 0.0 ], [ -117.856679319723796, 52.416941348932554, 0.0 ], [ -117.8562975750812, 52.416584091114032, 0.0 ], [ -117.855852767586697, 52.416177042456937, 0.0 ], [ -117.855532985075797, 52.415778623992232, 0.0 ], [ -117.855159641905601, 52.41540731083083, 0.0 ], [ -117.8543087771464, 52.414604372630237, 0.0 ], [ -117.853293353884197, 52.413733917186349, 0.0 ], [ -117.853210902711794, 52.413687567853167, 0.0 ], [ -117.852995838581094, 52.413678820100252, 0.0 ], [ -117.852494632791206, 52.413691364993362, 0.0 ], [ -117.849805120183305, 52.414092975260132, 0.0 ], [ -117.849028360268207, 52.414270296929722, 0.0 ], [ -117.848532219718393, 52.414436051739713, 0.0 ], [ -117.847216528244999, 52.414989323837737, 0.0 ], [ -117.846255813718102, 52.415339682645232, 0.0 ], [ -117.845578079218996, 52.415673990241757, 0.0 ], [ -117.845258287422496, 52.416215071056037, 0.0 ], [ -117.845059379069895, 52.416999320187401, 0.0 ], [ -117.844785811403, 52.417621001195791, 0.0 ], [ -117.844595636528794, 52.418437365209883, 0.0 ], [ -117.842006900316804, 52.418372557425883, 0.0 ], [ -117.840748419066799, 52.418405607830273, 0.0 ], [ -117.839656988913802, 52.418562570852373, 0.0 ], [ -117.839105491677898, 52.418615067251473, 0.0 ], [ -117.838170492362906, 52.418675714195707, 0.0 ], [ -117.836923359782205, 52.418565389469528, 0.0 ], [ -117.835774914905002, 52.418520560699477, 0.0 ], [ -117.833398752415704, 52.418246064331967, 0.0 ], [ -117.832715898070305, 52.418204540486919, 0.0 ], [ -117.831135904812896, 52.417933134976991, 0.0 ], [ -117.828804321241506, 52.417724316020028, 0.0 ], [ -117.825513597274394, 52.417572917414446, 0.0 ], [ -117.821971755750496, 52.417514329985053, 0.0 ], [ -117.819384603380797, 52.417532284135163, 0.0 ], [ -117.818035645177304, 52.417595092612189, 0.0 ], [ -117.817543200886007, 52.41696425840604, 0.0 ], [ -117.816950595870793, 52.416274665152152, 0.0 ], [ -117.8164361933555, 52.415723262802963, 0.0 ], [ -117.815732536962599, 52.41502954983909, 0.0 ], [ -117.814473800487903, 52.414162191155562, 0.0 ], [ -117.813831804073601, 52.413640205507512, 0.0 ], [ -117.813613811944705, 52.413380770940798, 0.0 ], [ -117.813391317403102, 52.413247569696807, 0.0 ], [ -117.812567225694195, 52.413208276729108, 0.0 ], [ -117.811635629270498, 52.41291798713349, 0.0 ], [ -117.810556125136799, 52.412590104850139, 0.0 ], [ -117.809305019472106, 52.412356418594293, 0.0 ], [ -117.806982440853602, 52.411634159661318, 0.0 ], [ -117.806191781112503, 52.411252728176592, 0.0 ], [ -117.805588111801001, 52.410947752059251, 0.0 ], [ -117.805349631340505, 52.410805137989492, 0.0 ], [ -117.804965346247599, 52.410519263703698, 0.0 ], [ -117.804205583981897, 52.409968068573001, 0.0 ], [ -117.803641022760203, 52.409619730632834, 0.0 ], [ -117.803321748389095, 52.409541356165747, 0.0 ], [ -117.802924927330196, 52.409492533128663, 0.0 ], [ -117.801985258311603, 52.40937862575003, 0.0 ], [ -117.800789134359107, 52.409148839180439, 0.0 ], [ -117.7987498477532, 52.408917306996813, 0.0 ], [ -117.796300556889804, 52.408745666921092, 0.0 ], [ -117.795378892344601, 52.408794631784573, 0.0 ], [ -117.794916929337106, 52.408734094577802, 0.0 ], [ -117.794144647585497, 52.408563441046439, 0.0 ], [ -117.793513856205706, 52.408374908307763, 0.0 ], [ -117.792878782079796, 52.408315291299331, 0.0 ], [ -117.792175403840702, 52.408338925406547, 0.0 ], [ -117.791442440099203, 52.40850454239326, 0.0 ], [ -117.790669553401997, 52.408807531213881, 0.0 ], [ -117.790350828096507, 52.409213203755201, 0.0 ], [ -117.790020954141994, 52.409468062305329, 0.0 ], [ -117.789918982826293, 52.409585729205688, 0.0 ], [ -117.788922434633903, 52.409763211453722, 0.0 ], [ -117.787880341776798, 52.40986006405592, 0.0 ], [ -117.786910624942905, 52.409893493944828, 0.0 ], [ -117.784521386194598, 52.410295973503239, 0.0 ], [ -117.783562665050994, 52.410301869384718, 0.0 ], [ -117.782725902828702, 52.410190988426201, 0.0 ], [ -117.781633804614202, 52.409955475147349, 0.0 ], [ -117.778975423661706, 52.409526362392128, 0.0 ], [ -117.778665902175405, 52.409479524137573, 0.0 ], [ -117.777405667941295, 52.409288802591803, 0.0 ], [ -117.776490716275006, 52.409261129038143, 0.0 ], [ -117.775799840943804, 52.40938483323982, 0.0 ], [ -117.775461392696798, 52.409485234798758, 0.0 ], [ -117.774827913893404, 52.409758774064521, 0.0 ], [ -117.774238113765506, 52.409914233636641, 0.0 ], [ -117.772440074901596, 52.410070500701757, 0.0 ], [ -117.771644695611997, 52.41028645574675, 0.0 ], [ -117.771261745573298, 52.410449141645763, 0.0 ], [ -117.770401881814806, 52.410918427687278, 0.0 ], [ -117.769805528532402, 52.411487153752468, 0.0 ], [ -117.769679337650501, 52.412153998210229, 0.0 ], [ -117.769461538923693, 52.412307151981338, 0.0 ], [ -117.769079298244804, 52.412511977401543, 0.0 ], [ -117.768462390361094, 52.412693025524241, 0.0 ], [ -117.767359380421894, 52.412940715195539, 0.0 ], [ -117.7652264838175, 52.413344367839159, 0.0 ], [ -117.764433555230298, 52.413403438479527, 0.0 ], [ -117.763421592070202, 52.413460135522961, 0.0 ], [ -117.763025713424199, 52.413478809931362, 0.0 ], [ -117.762523755744198, 52.413411053568211, 0.0 ], [ -117.761945395247807, 52.413156997406688, 0.0 ], [ -117.761437085962598, 52.412814368020094, 0.0 ], [ -117.761092760414201, 52.412454316834697, 0.0 ], [ -117.760796999854605, 52.412105029663977, 0.0 ], [ -117.760155041395194, 52.411285950758312, 0.0 ], [ -117.759922738684494, 52.410919057075468, 0.0 ], [ -117.759506536240494, 52.410082739951868, 0.0 ], [ -117.759317742078494, 52.409535152504148, 0.0 ], [ -117.759036455445894, 52.408823498261803, 0.0 ], [ -117.7588040723045, 52.408360039387922, 0.0 ], [ -117.757860913239597, 52.407368134154773, 0.0 ], [ -117.757485981073003, 52.40673608883727, 0.0 ], [ -117.757421177211995, 52.406644427218787, 0.0 ], [ -117.7571081037689, 52.40620159011781, 0.0 ], [ -117.756486872127098, 52.405511634920693, 0.0 ], [ -117.7559100838901, 52.405043077035351, 0.0 ], [ -117.754639991565, 52.40437374009749, 0.0 ], [ -117.753405228647594, 52.40383634978943, 0.0 ], [ -117.7525149418165, 52.403358760208143, 0.0 ], [ -117.750598465981, 52.402452018032278, 0.0 ], [ -117.749233900338197, 52.401971045848661, 0.0 ], [ -117.747376716989905, 52.40121263057074, 0.0 ], [ -117.745886974166595, 52.40081823371834, 0.0 ], [ -117.745264558233501, 52.400569237789611, 0.0 ], [ -117.744178449981305, 52.399972390799263, 0.0 ], [ -117.743574764622906, 52.399608353547933, 0.0 ], [ -117.742933676165507, 52.399281014196831, 0.0 ], [ -117.742805380097707, 52.39921550653321, 0.0 ], [ -117.742147557881196, 52.39873549908453, 0.0 ], [ -117.741517986588605, 52.398255316482562, 0.0 ], [ -117.741282722883795, 52.397970206388287, 0.0 ], [ -117.741137174524098, 52.397445039468948, 0.0 ], [ -117.741212940036505, 52.396908560969983, 0.0 ], [ -117.741263059129494, 52.396527845939481, 0.0 ], [ -117.741088957332593, 52.396252289344268, 0.0 ], [ -117.740818954973605, 52.396073556549418, 0.0 ], [ -117.7403980317996, 52.395754589584541, 0.0 ], [ -117.739645905645204, 52.395311957213302, 0.0 ], [ -117.739009574506994, 52.394842731483919, 0.0 ], [ -117.738518229546102, 52.394556601702917, 0.0 ], [ -117.738034889910693, 52.394375618946732, 0.0 ], [ -117.737468249032801, 52.394269220044123, 0.0 ], [ -117.736590632926294, 52.394153655387022, 0.0 ], [ -117.73556465339, 52.394095270905289, 0.0 ], [ -117.734160832300802, 52.393985686447309, 0.0 ], [ -117.733081365484395, 52.393760491390928, 0.0 ], [ -117.731972962881301, 52.393352381809073, 0.0 ], [ -117.731201791618801, 52.392838438124087, 0.0 ], [ -117.730561280417305, 52.392647534420249, 0.0 ], [ -117.729955624790804, 52.392638647156588, 0.0 ], [ -117.729453955133096, 52.392709456759107, 0.0 ], [ -117.728690651416997, 52.392670941580398, 0.0 ], [ -117.728179982265601, 52.39253576786642, 0.0 ], [ -117.7277249620372, 52.392348372096713, 0.0 ], [ -117.726910785122399, 52.39179143231339, 0.0 ], [ -117.726190013223601, 52.391402740590571, 0.0 ], [ -117.7253600715743, 52.390905057333853, 0.0 ], [ -117.724386577948493, 52.390496981344079, 0.0 ], [ -117.723681485246402, 52.390275433283172, 0.0 ], [ -117.7227723955519, 52.390044523476327, 0.0 ], [ -117.721910368111494, 52.389831899099107, 0.0 ], [ -117.722963122817802, 52.389174823753272, 0.0 ], [ -117.723631571371996, 52.388667947819108, 0.0 ], [ -117.724396684022196, 52.38816049659254, 0.0 ], [ -117.724967969733001, 52.387624642780672, 0.0 ], [ -117.725840713891003, 52.387040677854401, 0.0 ], [ -117.726242555790193, 52.386571368752513, 0.0 ], [ -117.726287977747603, 52.385896757004119, 0.0 ], [ -117.726292595589896, 52.385317491458167, 0.0 ], [ -117.726225963182401, 52.384701876963582, 0.0 ], [ -117.725957935695604, 52.383856749626652, 0.0 ], [ -117.726250973636198, 52.38332838206405, 0.0 ], [ -117.726383860943997, 52.383136989828138, 0.0 ], [ -117.726480959291393, 52.382617171781277, 0.0 ], [ -117.726522501196101, 52.382202869322498, 0.0 ], [ -117.726718276474998, 52.38200303464388, 0.0 ], [ -117.727040307722007, 52.381836871987289, 0.0 ], [ -117.727385094740995, 52.381753935627309, 0.0 ], [ -117.728166664915307, 52.381639855072763, 0.0 ], [ -117.729369382598193, 52.381678990659537, 0.0 ], [ -117.722046366259093, 52.371168966985991, 0.0 ], [ -117.720138122283501, 52.365676199338843, 0.0 ], [ -117.706383078505198, 52.362133555948454, 0.0 ], [ -117.704762935573797, 52.356372333843133, 0.0 ], [ -117.717095450052994, 52.353595435517683, 0.0 ], [ -117.718581780757603, 52.351728339146547, 0.0 ], [ -117.7253036125704, 52.35281018532212, 0.0 ], [ -117.738545621871097, 52.343137069496962, 0.0 ], [ -117.738136441640606, 52.341620735318692, 0.0 ], [ -117.737878072445199, 52.340337407186347, 0.0 ], [ -117.738026438236602, 52.339371727846618, 0.0 ], [ -117.738178837958699, 52.338947261633379, 0.0 ], [ -117.738591865136002, 52.338211675116092, 0.0 ], [ -117.738820714749906, 52.337591252048483, 0.0 ], [ -117.738983958199896, 52.336221951246287, 0.0 ], [ -117.739360731681799, 52.335141671907131, 0.0 ], [ -117.739508512991193, 52.334440303912373, 0.0 ], [ -117.739625070509007, 52.333462235947422, 0.0 ], [ -117.739754940163493, 52.333282240244991, 0.0 ], [ -117.739964532580302, 52.333101750935427, 0.0 ], [ -117.740729953820903, 52.332787463389238, 0.0 ], [ -117.741418098438004, 52.33262025928218, 0.0 ], [ -117.742319091229504, 52.332468002530383, 0.0 ], [ -117.742935977481807, 52.332233083093122, 0.0 ], [ -117.743797810265207, 52.331904879222847, 0.0 ], [ -117.744628318862297, 52.331450102501201, 0.0 ], [ -117.745483037824201, 52.330982069646787, 0.0 ], [ -117.745927897840701, 52.330572034325158, 0.0 ], [ -117.746289999501101, 52.329983348522752, 0.0 ], [ -117.746522553318599, 52.329590939009712, 0.0 ], [ -117.746807959007995, 52.329181903320134, 0.0 ], [ -117.746856988242598, 52.328937264196789, 0.0 ], [ -117.746981053282695, 52.328415234737292, 0.0 ], [ -117.746954831172602, 52.327719895039444, 0.0 ], [ -117.746489044267094, 52.325906960730947, 0.0 ], [ -117.746570928626795, 52.32547567614143, 0.0 ], [ -117.746757959364999, 52.325079339731907, 0.0 ], [ -117.746736295370297, 52.323793159593023, 0.0 ], [ -117.746580249836398, 52.323275108255288, 0.0 ], [ -117.7467146325464, 52.32250697921738, 0.0 ], [ -117.747108690503396, 52.321850034969401, 0.0 ], [ -117.747721383769203, 52.321056322429783, 0.0 ], [ -117.748660259957205, 52.319926672741921, 0.0 ], [ -117.749685488962797, 52.319107552861588, 0.0 ], [ -117.750004270633497, 52.318852852265138, 0.0 ], [ -117.751111550511098, 52.318207795723673, 0.0 ], [ -117.751799771801799, 52.31783841852306, 0.0 ], [ -117.7527084115017, 52.317617036418689, 0.0 ], [ -117.753780705999006, 52.317643304241543, 0.0 ], [ -117.755144386351802, 52.317919791131878, 0.0 ], [ -117.757053318992902, 52.317989838057308, 0.0 ], [ -117.758921704464996, 52.318289445792843, 0.0 ], [ -117.760278729598397, 52.3184018826474, 0.0 ], [ -117.761183506001998, 52.318482613118363, 0.0 ], [ -117.762344441830294, 52.318682851261251, 0.0 ], [ -117.763279856206196, 52.318901838058757, 0.0 ], [ -117.764245420884393, 52.319110656860843, 0.0 ], [ -117.764408306705604, 52.319145879252318, 0.0 ], [ -117.764603586734907, 52.319110709114383, 0.0 ], [ -117.765257640522194, 52.318992899951219, 0.0 ], [ -117.766157668026594, 52.318796666943001, 0.0 ], [ -117.767363105939495, 52.318304156264283, 0.0 ], [ -117.767833681211201, 52.31776447718962, 0.0 ], [ -117.768546343872202, 52.31749173091378, 0.0 ], [ -117.768949041290398, 52.317421975166667, 0.0 ], [ -117.769259841788397, 52.317437266131257, 0.0 ], [ -117.769515100521701, 52.317504837527153, 0.0 ], [ -117.769970494780097, 52.317718257154667, 0.0 ], [ -117.770286116462898, 52.31801046754304, 0.0 ], [ -117.770957740866905, 52.318482120391472, 0.0 ], [ -117.771457121477894, 52.318659877085899, 0.0 ], [ -117.772240040263299, 52.318820106151392, 0.0 ], [ -117.773704476984506, 52.318957502585441, 0.0 ], [ -117.7740975576083, 52.318833759878729, 0.0 ], [ -117.774278618509399, 52.318694094967462, 0.0 ], [ -117.774357348677697, 52.318406793644442, 0.0 ], [ -117.774578397596699, 52.318077614203617, 0.0 ], [ -117.774820132515998, 52.31752579440677, 0.0 ], [ -117.775688109199805, 52.316308390260403, 0.0 ], [ -117.776266162176597, 52.315611879139652, 0.0 ], [ -117.776850670868299, 52.314999715868133, 0.0 ], [ -117.7773375779215, 52.314583849021673, 0.0 ], [ -117.7779805990656, 52.314193338632677, 0.0 ], [ -117.778492949135995, 52.314028850633314, 0.0 ], [ -117.779408351046598, 52.3137661996142, 0.0 ], [ -117.780081908326196, 52.313559122759138, 0.0 ], [ -117.7809902169042, 52.313172818443697, 0.0 ], [ -117.781687458276096, 52.312692176793583, 0.0 ], [ -117.782804971999298, 52.312035650403857, 0.0 ], [ -117.783809871047495, 52.311397166091758, 0.0 ], [ -117.784170363785705, 52.311031252941703, 0.0 ], [ -117.7845406997981, 52.310513095342721, 0.0 ], [ -117.784891377700205, 52.309593334075778, 0.0 ], [ -117.785334378306402, 52.308309429716509, 0.0 ], [ -117.785656838428096, 52.307786119903867, 0.0 ], [ -117.785476623544994, 52.307056649810903, 0.0 ], [ -117.785447739493193, 52.30645382564088, 0.0 ], [ -117.785699002458102, 52.306239985858873, 0.0 ], [ -117.786403861660901, 52.305922614874277, 0.0 ], [ -117.787272650866299, 52.305604160189858, 0.0 ], [ -117.788015123843294, 52.30535352613316, 0.0 ], [ -117.789064050186795, 52.304922186520074, 0.0 ], [ -117.789844117932702, 52.30473830450655, 0.0 ], [ -117.790567334910193, 52.304431945931903, 0.0 ], [ -117.791136338076697, 52.304144279578267, 0.0 ], [ -117.791803380076402, 52.303717246166869, 0.0 ], [ -117.792669397274295, 52.303184883670923, 0.0 ], [ -117.7931299442144, 52.302773146465221, 0.0 ], [ -117.793436185362296, 52.302375850299313, 0.0 ], [ -117.793760243516203, 52.301775027225347, 0.0 ], [ -117.793900364817603, 52.301346341271433, 0.0 ], [ -117.793906147801806, 52.300935630483117, 0.0 ], [ -117.793913960024994, 52.300637637404357, 0.0 ], [ -117.793918598194693, 52.300162523158967, 0.0 ], [ -117.793312546233295, 52.297853715185717, 0.0 ], [ -117.792794900108603, 52.296823698062973, 0.0 ], [ -117.792499716417296, 52.295687722189058, 0.0 ], [ -117.792095312214002, 52.294598697254912, 0.0 ], [ -117.7917747474864, 52.293890573282702, 0.0 ], [ -117.791705601806299, 52.293763397351029, 0.0 ], [ -117.791756123058406, 52.293650262342886, 0.0 ], [ -117.792263934804694, 52.293365831118983, 0.0 ], [ -117.792742289629302, 52.293240465321382, 0.0 ], [ -117.794334757068398, 52.2926839240437, 0.0 ], [ -117.796353159261002, 52.292217456647663, 0.0 ], [ -117.797305078493196, 52.291823537799992, 0.0 ], [ -117.799139161760607, 52.291119551092223, 0.0 ], [ -117.800332475484794, 52.290625077507578, 0.0 ], [ -117.800787718859695, 52.290439592895233, 0.0 ], [ -117.801330784596203, 52.290314312189899, 0.0 ], [ -117.801923975909304, 52.290219090198001, 0.0 ], [ -117.802652909662797, 52.290225409516722, 0.0 ], [ -117.805682849635602, 52.290413572578068, 0.0 ], [ -117.808722165584896, 52.290567927963593, 0.0 ], [ -117.8109110381899, 52.290818554589933, 0.0 ], [ -117.812198696744105, 52.290908880118913, 0.0 ], [ -117.813383026598899, 52.291035349962748, 0.0 ], [ -117.814618971235305, 52.290839439200219, 0.0 ], [ -117.818139433058406, 52.290716983832922, 0.0 ], [ -117.820059237355295, 52.290430620091492, 0.0 ], [ -117.823138221108707, 52.290541805703967, 0.0 ], [ -117.823249063369602, 52.290498241703652, 0.0 ], [ -117.823289663325994, 52.290429494363813, 0.0 ], [ -117.824177449237894, 52.289379096244197, 0.0 ], [ -117.824587543742098, 52.288914058908652, 0.0 ], [ -117.824734225393996, 52.288544990979723, 0.0 ], [ -117.824786240865294, 52.288339209381938, 0.0 ], [ -117.824738009053306, 52.287997183895023, 0.0 ], [ -117.824514693120506, 52.287245550017033, 0.0 ], [ -117.824490098085107, 52.286672271826298, 0.0 ], [ -117.824512547160495, 52.286500953297583, 0.0 ], [ -117.824372245686604, 52.286006471557329, 0.0 ], [ -117.823995526976105, 52.285428165642003, 0.0 ], [ -117.823615002405006, 52.284745027284863, 0.0 ], [ -117.8228322237822, 52.283646076116398, 0.0 ], [ -117.829313502057204, 52.280859205379357, 0.0 ], [ -117.833337117743, 52.278741498626253, 0.0 ], [ -117.834835116498297, 52.277648471540523, 0.0 ], [ -117.844379275848098, 52.272797505949903, 0.0 ], [ -117.843330263466399, 52.272073276940112, 0.0 ], [ -117.842438018721694, 52.27130650900407, 0.0 ], [ -117.842260145455, 52.271091974493949, 0.0 ], [ -117.842113573704196, 52.270811801761788, 0.0 ], [ -117.842042945459895, 52.269459305618589, 0.0 ], [ -117.841875504593901, 52.268935870026787, 0.0 ], [ -117.840327084046905, 52.267474859306219, 0.0 ], [ -117.839332856731403, 52.266251882556688, 0.0 ], [ -117.838712289983206, 52.265354726457467, 0.0 ], [ -117.837869003848397, 52.263592532121322, 0.0 ], [ -117.837454149177404, 52.263070550227212, 0.0 ], [ -117.836950990855698, 52.26269575302215, 0.0 ], [ -117.835036501691604, 52.260623440411493, 0.0 ], [ -117.834578887516599, 52.259487552331628, 0.0 ], [ -117.834161960014995, 52.257743570389898, 0.0 ], [ -117.833636460855502, 52.257208838996817, 0.0 ], [ -117.833316179174403, 52.25686443344555, 0.0 ], [ -117.833142318924004, 52.256519004786519, 0.0 ], [ -117.833187119986903, 52.255952719987746, 0.0 ], [ -117.833313649817597, 52.255210234352091, 0.0 ], [ -117.833357214886902, 52.254537321451849, 0.0 ], [ -117.833309425807897, 52.254235855080402, 0.0 ], [ -117.833235182805495, 52.254020797058452, 0.0 ], [ -117.833020678470504, 52.253815359344941, 0.0 ], [ -117.832648385359207, 52.253591502094451, 0.0 ], [ -117.832311099741304, 52.253350245290342, 0.0 ], [ -117.831729444701395, 52.253035471062461, 0.0 ], [ -117.830948970749404, 52.252601431081253, 0.0 ], [ -117.830056670575601, 52.252194022178507, 0.0 ], [ -117.829434373582899, 52.251957082409277, 0.0 ], [ -117.828797401403094, 52.251685773114723, 0.0 ], [ -117.828119265580696, 52.25146644719019, 0.0 ], [ -117.826007372501493, 52.250412571662267, 0.0 ], [ -117.825611723258305, 52.250056275172263, 0.0 ], [ -117.8253400328759, 52.249840924100731, 0.0 ], [ -117.825057836121601, 52.249544976893503, 0.0 ], [ -117.822574378342594, 52.24778159608659, 0.0 ], [ -117.820317534683198, 52.246381472220961, 0.0 ], [ -117.819418970823406, 52.245673936450792, 0.0 ], [ -117.818229791935295, 52.244209314172053, 0.0 ], [ -117.817218108698697, 52.243281754447331, 0.0 ], [ -117.816910610900607, 52.242933936213547, 0.0 ], [ -117.8167715973333, 52.242588522376209, 0.0 ], [ -117.816631665564302, 52.242202005464158, 0.0 ], [ -117.816524947233901, 52.241815245064849, 0.0 ], [ -117.8164990666439, 52.241293800631752, 0.0 ], [ -117.816446376626203, 52.240433573692073, 0.0 ], [ -117.816571659192704, 52.239221096854997, 0.0 ], [ -117.816616804142996, 52.238665930912227, 0.0 ], [ -117.816423267087799, 52.238151993847111, 0.0 ], [ -117.816154941337004, 52.237422853766027, 0.0 ], [ -117.816115822880107, 52.237080445039553, 0.0 ], [ -117.816205425975198, 52.236596055309889, 0.0 ], [ -117.816334243418495, 52.236317176726928, 0.0 ], [ -117.816356987795402, 52.235909666585933, 0.0 ], [ -117.816359271340403, 52.235671206560482, 0.0 ], [ -117.816169446372697, 52.235377948364288, 0.0 ], [ -117.815782653003595, 52.235026730448062, 0.0 ], [ -117.815178454512903, 52.234305244071621, 0.0 ], [ -117.814871204367705, 52.233662341530277, 0.0 ], [ -117.814763600445303, 52.233049914014458, 0.0 ], [ -117.814812157820995, 52.232231594683363, 0.0 ], [ -117.814889098190207, 52.231648424901209, 0.0 ], [ -117.814908608361307, 52.231500564680587, 0.0 ], [ -117.815020118626293, 52.231040883628779, 0.0 ], [ -117.814978057962193, 52.230537251547617, 0.0 ], [ -117.814642536038207, 52.229591964801692, 0.0 ], [ -117.814637554385698, 52.229320086298301, 0.0 ], [ -117.814688505525595, 52.229081799023, 0.0 ], [ -117.814811551667603, 52.228752388822052, 0.0 ], [ -117.815226927673095, 52.228273669097661, 0.0 ], [ -117.815697165454793, 52.227771902432337, 0.0 ], [ -117.815985530618093, 52.227407353517577, 0.0 ], [ -117.816308675692795, 52.226929271637367, 0.0 ], [ -117.8165033826143, 52.22648606099483, 0.0 ], [ -117.816641301212499, 52.22596393474187, 0.0 ], [ -117.816672354331601, 52.225646473612329, 0.0 ], [ -117.816667480877101, 52.225381105229609, 0.0 ], [ -117.816661540054895, 52.225057398393751, 0.0 ], [ -117.816542307691293, 52.224588880867742, 0.0 ], [ -117.816387535486598, 52.224193406813903, 0.0 ], [ -117.816143075627494, 52.22393451335649, 0.0 ], [ -117.815955398585899, 52.223754530610393, 0.0 ], [ -117.815599701364206, 52.2234624167086, 0.0 ], [ -117.815301193698701, 52.223271865907343, 0.0 ], [ -117.814610962834607, 52.222834772139493, 0.0 ], [ -117.813347995335207, 52.222333637087651, 0.0 ], [ -117.811274560045206, 52.221855510958697, 0.0 ], [ -117.809608596051504, 52.2214703564877, 0.0 ], [ -117.805626144653502, 52.220686426305058, 0.0 ], [ -117.804035248205295, 52.22029909043696, 0.0 ], [ -117.803596486678998, 52.220126637840117, 0.0 ], [ -117.802811656015393, 52.219934758435869, 0.0 ], [ -117.801684940161095, 52.219778075906689, 0.0 ], [ -117.800956120070495, 52.219723850358989, 0.0 ], [ -117.800558950350094, 52.219660813231727, 0.0 ], [ -117.798734251380097, 52.219391055043147, 0.0 ], [ -117.797324899420502, 52.21906089497481, 0.0 ], [ -117.795395702046093, 52.218593815104093, 0.0 ], [ -117.793570834532801, 52.218296951371592, 0.0 ], [ -117.792430562183895, 52.217975731390602, 0.0 ], [ -117.791894813766305, 52.217647075482667, 0.0 ], [ -117.790890180897307, 52.217127605220689, 0.0 ], [ -117.790434741311401, 52.216795201557417, 0.0 ], [ -117.788928818732103, 52.216371156745403, 0.0 ], [ -117.787529114981197, 52.216085964667471, 0.0 ], [ -117.786178165012004, 52.21595026328454, 0.0 ], [ -117.785587209621198, 52.215973946936273, 0.0 ], [ -117.784746360222698, 52.216084765838367, 0.0 ], [ -117.783676678972597, 52.216118179307223, 0.0 ], [ -117.783055414538595, 52.216089422025057, 0.0 ], [ -117.782357155796504, 52.215942767472477, 0.0 ], [ -117.7816729293164, 52.215648225641473, 0.0 ], [ -117.780177956858495, 52.215202174328347, 0.0 ], [ -117.777548795821403, 52.214186838633957, 0.0 ], [ -117.776559003562497, 52.213659048958498, 0.0 ], [ -117.775731452431003, 52.213205965288537, 0.0 ], [ -117.7734670344405, 52.212609451100377, 0.0 ], [ -117.771287052321597, 52.211814538184797, 0.0 ], [ -117.769228355701003, 52.211023498735493, 0.0 ], [ -117.767625339807395, 52.210448363835773, 0.0 ], [ -117.767390092496399, 52.210325675879297, 0.0 ], [ -117.767151212374202, 52.210102495172983, 0.0 ], [ -117.766697608835301, 52.209632710034512, 0.0 ], [ -117.764873695984306, 52.208250959793503, 0.0 ], [ -117.764154628909296, 52.207284610197782, 0.0 ], [ -117.763275555174104, 52.206373237472981, 0.0 ], [ -117.762067510373797, 52.205904528158591, 0.0 ], [ -117.760667355207204, 52.205417648396818, 0.0 ], [ -117.758490786106506, 52.204978305894898, 0.0 ], [ -117.756534542917095, 52.204737523846077, 0.0 ], [ -117.754674665295298, 52.204514022957689, 0.0 ], [ -117.752977372390802, 52.204191523545568, 0.0 ], [ -117.751672487037794, 52.203986498492178, 0.0 ], [ -117.750803861890304, 52.203925359164771, 0.0 ], [ -117.748282972988093, 52.203343502666961, 0.0 ], [ -117.745124841983397, 52.202854643651378, 0.0 ], [ -117.740614548414499, 52.202324590802327, 0.0 ], [ -117.738109833643307, 52.201994967154441, 0.0 ], [ -117.737935008554103, 52.201916095710168, 0.0 ], [ -117.737929836116507, 52.201809088206623, 0.0 ], [ -117.739417641298502, 52.200971706640431, 0.0 ], [ -117.747066613527906, 52.195391261188583, 0.0 ], [ -117.747104317630402, 52.195176175574737, 0.0 ], [ -117.746971639891399, 52.195080411252093, 0.0 ], [ -117.746457472345199, 52.194837688308937, 0.0 ], [ -117.743603604673794, 52.193030561054492, 0.0 ], [ -117.742393341104901, 52.192210139158981, 0.0 ], [ -117.741871691122697, 52.191839761858823, 0.0 ], [ -117.740728998428693, 52.191276977338028, 0.0 ], [ -117.738494874708707, 52.19045385374617, 0.0 ], [ -117.737970255727404, 52.19033269079609, 0.0 ], [ -117.736714587064299, 52.189896055423951, 0.0 ], [ -117.735847937754698, 52.189438193059217, 0.0 ], [ -117.735172056169503, 52.189015000311599, 0.0 ], [ -117.734234653448198, 52.18824313885613, 0.0 ], [ -117.733553627642095, 52.187846596043322, 0.0 ], [ -117.732768754601096, 52.187534498228317, 0.0 ], [ -117.732527720283102, 52.187468437555722, 0.0 ], [ -117.732318109456401, 52.187456020406792, 0.0 ], [ -117.731817037191902, 52.187524146214237, 0.0 ], [ -117.7313577459512, 52.18764961839787, 0.0 ], [ -117.730995327237906, 52.18784965972764, 0.0 ], [ -117.730339036284605, 52.187970604799581, 0.0 ], [ -117.729463046038603, 52.188074922067713, 0.0 ], [ -117.7278591869905, 52.188020480581052, 0.0 ], [ -117.726666740136295, 52.187962637025322, 0.0 ], [ -117.726005972475306, 52.188055872957669, 0.0 ], [ -117.724783104281499, 52.188348073505097, 0.0 ], [ -117.723114445957606, 52.188951615355457, 0.0 ], [ -117.722562832001699, 52.189166300910749, 0.0 ], [ -117.722113838993593, 52.189236873055627, 0.0 ], [ -117.721242407775406, 52.189220451314917, 0.0 ], [ -117.720039065527402, 52.188962603619252, 0.0 ], [ -117.718439163045801, 52.188439226398017, 0.0 ], [ -117.716519414395407, 52.188693781016838, 0.0 ], [ -117.714944695496797, 52.188684719490062, 0.0 ], [ -117.714101596327097, 52.18857900776365, 0.0 ], [ -117.713245572051306, 52.188471669351848, 0.0 ], [ -117.7118783537491, 52.188182148884728, 0.0 ], [ -117.710294457140805, 52.187596150629624, 0.0 ], [ -117.7091914520133, 52.186783917115157, 0.0 ], [ -117.708788393130007, 52.186190797469187, 0.0 ], [ -117.708582582185898, 52.185326942824759, 0.0 ], [ -117.708303856035002, 52.185085717649329, 0.0 ], [ -117.707836656146199, 52.184930923179927, 0.0 ], [ -117.706807087484805, 52.1848693078949, 0.0 ], [ -117.705504539424197, 52.184967473954977, 0.0 ], [ -117.704406507031806, 52.185222582207537, 0.0 ], [ -117.703214436970399, 52.18601941559767, 0.0 ], [ -117.701703744462094, 52.188194560530533, 0.0 ], [ -117.698175939719405, 52.191144363612388, 0.0 ], [ -117.6958084825485, 52.192431990412523, 0.0 ], [ -117.6944849529892, 52.193210252743008, 0.0 ], [ -117.690639016162194, 52.194910820501818, 0.0 ], [ -117.6887171146345, 52.195837315884042, 0.0 ], [ -117.685382247374505, 52.197009598154693, 0.0 ], [ -117.681066567119998, 52.197752063366487, 0.0 ], [ -117.676952302702404, 52.198197786813083, 0.0 ], [ -117.674448079653402, 52.198380945677947, 0.0 ], [ -117.673141582317001, 52.19828289037325, 0.0 ], [ -117.672302549046904, 52.198063353838123, 0.0 ], [ -117.671519040244902, 52.197722351524867, 0.0 ], [ -117.669948968110901, 52.198364360185451, 0.0 ], [ -117.669079610875201, 52.198498008716001, 0.0 ], [ -117.667640206164407, 52.198573445219523, 0.0 ], [ -117.666420265987696, 52.198675812155862, 0.0 ], [ -117.664497070329901, 52.198753017709727, 0.0 ], [ -117.663952201760793, 52.19868972347524, 0.0 ], [ -117.663486850342494, 52.198595408660559, 0.0 ], [ -117.662840689385106, 52.198452601243297, 0.0 ], [ -117.662269446240501, 52.198190194072509, 0.0 ], [ -117.661806018956, 52.197910578932166, 0.0 ], [ -117.661449181928901, 52.197530765320828, 0.0 ], [ -117.661082726443396, 52.19650355631147, 0.0 ], [ -117.659040084374993, 52.193560043998133, 0.0 ], [ -117.658885645321902, 52.192554554085298, 0.0 ], [ -117.6590518129114, 52.191304683256362, 0.0 ], [ -117.658816267118794, 52.190767572116563, 0.0 ], [ -117.657991263585401, 52.189775572709692, 0.0 ], [ -117.656976640063704, 52.18822468887339, 0.0 ], [ -117.656487292386203, 52.186694464858597, 0.0 ], [ -117.656132577889807, 52.186223751304077, 0.0 ], [ -117.656002995564705, 52.184986319344091, 0.0 ], [ -117.655941544611693, 52.184647374841553, 0.0 ], [ -117.655696683185894, 52.184380892083027, 0.0 ], [ -117.655365494442194, 52.184159678273218, 0.0 ], [ -117.654914426577704, 52.183987347317668, 0.0 ], [ -117.654447015496899, 52.183947277351542, 0.0 ], [ -117.654015648754907, 52.183871291016303, 0.0 ], [ -117.653376491349505, 52.183682929152823, 0.0 ], [ -117.651562768416397, 52.182758459072687, 0.0 ], [ -117.651139381758, 52.182434699187588, 0.0 ], [ -117.650633890280901, 52.182251101940068, 0.0 ], [ -117.650254840185099, 52.182206606263406, 0.0 ], [ -117.648786513382703, 52.182060179426998, 0.0 ], [ -117.647318545117301, 52.18193949364904, 0.0 ], [ -117.645514373738905, 52.18174335842199, 0.0 ], [ -117.643625320224601, 52.181470418695511, 0.0 ], [ -117.641227342121297, 52.180762432309173, 0.0 ], [ -117.637516968259504, 52.179082958618878, 0.0 ], [ -117.635285653348802, 52.178296710737769, 0.0 ], [ -117.630935358329793, 52.176743920211749, 0.0 ], [ -117.627389946681902, 52.175247411673134, 0.0 ], [ -117.625125378204004, 52.173918484515099, 0.0 ], [ -117.6229918954255, 52.172507545104388, 0.0 ], [ -117.622526593776598, 52.171946512479337, 0.0 ], [ -117.622316671545093, 52.171454610410677, 0.0 ], [ -117.621764494320203, 52.169750866449967, 0.0 ], [ -117.621708420100106, 52.167958676180127, 0.0 ], [ -117.620944735769001, 52.166607497913112, 0.0 ], [ -117.619794825603506, 52.165147687552583, 0.0 ], [ -117.619679693652799, 52.164692680155277, 0.0 ], [ -117.619666141269406, 52.164126804524059, 0.0 ], [ -117.619997375754593, 52.163244415922108, 0.0 ], [ -117.621014541871403, 52.162287965757052, 0.0 ], [ -117.622424555801302, 52.160356769087223, 0.0 ], [ -117.622534741495997, 52.159944198862718, 0.0 ], [ -117.622483924157706, 52.159474814084248, 0.0 ], [ -117.622156995880999, 52.158899863617847, 0.0 ], [ -117.621725971655593, 52.158433559620512, 0.0 ], [ -117.620219044098306, 52.157339931167797, 0.0 ], [ -117.617344655825704, 52.155843023411833, 0.0 ], [ -117.616633080765794, 52.15532041254653, 0.0 ], [ -117.615893102240904, 52.154528147309392, 0.0 ], [ -117.614815327789401, 52.152767553908227, 0.0 ], [ -117.614651743777003, 52.152450499251763, 0.0 ], [ -117.614234093190205, 52.151841300549187, 0.0 ], [ -117.613920983164405, 52.151393384260459, 0.0 ], [ -117.613550664078502, 52.151035678161868, 0.0 ], [ -117.6127957830914, 52.150347304582958, 0.0 ], [ -117.6123884138254, 52.149994198365697, 0.0 ], [ -117.611771632670099, 52.149609470037831, 0.0 ], [ -117.611441642674706, 52.149235013639917, 0.0 ], [ -117.611303908340204, 52.14876487807792, 0.0 ], [ -117.611027669280503, 52.148022362344634, 0.0 ], [ -117.610086085444195, 52.146160776487683, 0.0 ], [ -117.610065668255004, 52.144667138440191, 0.0 ], [ -117.609991612981702, 52.144562052084758, 0.0 ], [ -117.609836306577193, 52.144482628344477, 0.0 ], [ -117.609430896650807, 52.144356736524813, 0.0 ], [ -117.609008726315594, 52.144225639104008, 0.0 ], [ -117.608395266961196, 52.144075912171573, 0.0 ], [ -117.607818415218205, 52.143808361929111, 0.0 ], [ -117.607410484201296, 52.143416233978797, 0.0 ], [ -117.606656591610601, 52.142651831066708, 0.0 ], [ -117.605736710465095, 52.142182674041443, 0.0 ], [ -117.605313671013604, 52.141817651515638, 0.0 ], [ -117.604715367480296, 52.140832399090918, 0.0 ], [ -117.604593424004307, 52.140427766871433, 0.0 ], [ -117.604168494125005, 52.140129886223178, 0.0 ], [ -117.603504634225203, 52.13987590728798, 0.0 ], [ -117.603214804587395, 52.139804148958532, 0.0 ], [ -117.602625763952304, 52.139718565109902, 0.0 ], [ -117.601888719201, 52.139755814453473, 0.0 ], [ -117.601012035614403, 52.139826409035699, 0.0 ], [ -117.599919380755694, 52.139820955397163, 0.0 ], [ -117.599193174541995, 52.139816964635052, 0.0 ], [ -117.598521971052193, 52.139794975381051, 0.0 ], [ -117.597729749575507, 52.139653560960781, 0.0 ], [ -117.596577382051507, 52.139317774329747, 0.0 ], [ -117.593854063631198, 52.138480899008862, 0.0 ], [ -117.590668668619998, 52.137520252168223, 0.0 ], [ -117.586296236581802, 52.13577781914077, 0.0 ], [ -117.583878269758003, 52.135263456481077, 0.0 ], [ -117.582734201570403, 52.134780605179103, 0.0 ], [ -117.581950889746096, 52.134238559789537, 0.0 ], [ -117.581640530460703, 52.133600286034422, 0.0 ], [ -117.581405949110803, 52.132201858245587, 0.0 ], [ -117.581541868239597, 52.131191420951481, 0.0 ], [ -117.580877070574601, 52.130541709579951, 0.0 ], [ -117.580103539182005, 52.130072950381212, 0.0 ], [ -117.579659888348203, 52.12939778493589, 0.0 ], [ -117.579471160327103, 52.129013385819228, 0.0 ], [ -117.579434246426302, 52.128838695233533, 0.0 ], [ -117.579363727750803, 52.128745215623077, 0.0 ], [ -117.5792661662163, 52.128703044360059, 0.0 ], [ -117.579176045868493, 52.128696352907888, 0.0 ], [ -117.578193925335796, 52.128790646134689, 0.0 ], [ -117.577375600206807, 52.128810406497131, 0.0 ], [ -117.576633943244104, 52.128681840467387, 0.0 ], [ -117.573819768915399, 52.12831747468573, 0.0 ], [ -117.571777379593101, 52.128175026282022, 0.0 ], [ -117.571342362018697, 52.128243410897859, 0.0 ], [ -117.570217008804207, 52.128420331021012, 0.0 ], [ -117.568412407020404, 52.128928540483372, 0.0 ], [ -117.566376898007803, 52.128957563397847, 0.0 ], [ -117.564180379062606, 52.128144311407837, 0.0 ], [ -117.562698779664899, 52.127409986253298, 0.0 ], [ -117.561758101817503, 52.127112416553622, 0.0 ], [ -117.5603889545675, 52.127001232839199, 0.0 ], [ -117.559392245285196, 52.127013830008352, 0.0 ], [ -117.558100195007398, 52.127157238742463, 0.0 ], [ -117.557795545032207, 52.127234052113828, 0.0 ], [ -117.5575675848564, 52.127379433043323, 0.0 ], [ -117.557616654001194, 52.127736175090106, 0.0 ], [ -117.558457463705196, 52.128967876653448, 0.0 ], [ -117.558074344241902, 52.130169113960868, 0.0 ], [ -117.558050478409498, 52.130920056863857, 0.0 ], [ -117.558539169923407, 52.131486885287757, 0.0 ], [ -117.558632540609693, 52.131815957889849, 0.0 ], [ -117.558460931981401, 52.132365961700451, 0.0 ], [ -117.558064865846504, 52.132807181755318, 0.0 ], [ -117.557221574392599, 52.133168140045171, 0.0 ], [ -117.556549426899593, 52.133252298460853, 0.0 ], [ -117.554907281191106, 52.133076436220897, 0.0 ], [ -117.554009004537804, 52.133183275181011, 0.0 ], [ -117.553475622754704, 52.133350537377218, 0.0 ], [ -117.553125177672698, 52.133635595556967, 0.0 ], [ -117.5519529626458, 52.135293413238578, 0.0 ], [ -117.550786329740902, 52.137410179173671, 0.0 ], [ -117.549881801319103, 52.138639549112781, 0.0 ], [ -117.548687740400595, 52.139523812788021, 0.0 ], [ -117.5471356270277, 52.14032734440999, 0.0 ], [ -117.545906691293297, 52.140737526252217, 0.0 ], [ -117.541292285280207, 52.14140136829797, 0.0 ], [ -117.538384448213293, 52.141586161672578, 0.0 ], [ -117.536074670573498, 52.141517000299523, 0.0 ], [ -117.533180382513706, 52.141459972856573, 0.0 ], [ -117.530779443582702, 52.141676820520402, 0.0 ], [ -117.5290656751081, 52.142115310341509, 0.0 ], [ -117.527689399676603, 52.142795731092129, 0.0 ], [ -117.526091202809198, 52.144010927872102, 0.0 ], [ -117.525569095209306, 52.144360550233273, 0.0 ], [ -117.524005403991396, 52.145407648926927, 0.0 ], [ -117.523526853337501, 52.145724458272781, 0.0 ], [ -117.5222645682653, 52.146802625803943, 0.0 ], [ -117.519529217015304, 52.148863371159031, 0.0 ], [ -117.519299596283105, 52.149168647679119, 0.0 ], [ -117.519024645520105, 52.14940361964549, 0.0 ], [ -117.518889985505695, 52.149580514146308, 0.0 ], [ -117.518822930320098, 52.149702480814057, 0.0 ], [ -117.518801640802806, 52.14983360677325, 0.0 ], [ -117.518944616484902, 52.150352436967822, 0.0 ], [ -117.519201742324697, 52.151986864817623, 0.0 ], [ -117.519212922821396, 52.152947016051741, 0.0 ], [ -117.5190585228477, 52.153685751589137, 0.0 ], [ -117.519063620871094, 52.15413338062033, 0.0 ], [ -117.5191818893245, 52.154560698174777, 0.0 ], [ -117.519482099406503, 52.155907645041971, 0.0 ], [ -117.519613807719793, 52.156222242471948, 0.0 ], [ -117.518117316653999, 52.156852003843611, 0.0 ], [ -117.516674180324102, 52.15722225368426, 0.0 ], [ -117.512714710828803, 52.157510936942757, 0.0 ], [ -117.510292306913797, 52.157740320923907, 0.0 ], [ -117.5091985869865, 52.157893877324383, 0.0 ], [ -117.508438157254901, 52.157946061221438, 0.0 ], [ -117.508108728402206, 52.15781978171502, 0.0 ], [ -117.506800699809205, 52.156640453162588, 0.0 ], [ -117.505325450928197, 52.155660440417513, 0.0 ], [ -117.504837803783104, 52.154985571820447, 0.0 ], [ -117.504202272923706, 52.154367919507983, 0.0 ], [ -117.503441766318602, 52.153665208050448, 0.0 ], [ -117.502926379091605, 52.151969374958497, 0.0 ], [ -117.502722587131402, 52.151443245436347, 0.0 ], [ -117.502475548122504, 52.150980280032726, 0.0 ], [ -117.502244410454907, 52.150666082731057, 0.0 ], [ -117.502024085361199, 52.150508458986643, 0.0 ], [ -117.501822388232696, 52.150333289578803, 0.0 ], [ -117.500611292789003, 52.149474019385643, 0.0 ], [ -117.500259879481803, 52.149189892472691, 0.0 ], [ -117.500066383663196, 52.148940796059406, 0.0 ], [ -117.500016140673793, 52.148895111624228, 0.0 ], [ -117.499930186420599, 52.148802815556827, 0.0 ], [ -117.499445087853104, 52.148553134808033, 0.0 ], [ -117.4975942959842, 52.147848571940379, 0.0 ], [ -117.4948344179125, 52.147020873642127, 0.0 ], [ -117.492721764849094, 52.146576258259323, 0.0 ], [ -117.490473558812994, 52.146056188672468, 0.0 ], [ -117.488998709858805, 52.146024503025281, 0.0 ], [ -117.487785977395205, 52.14622840204882, 0.0 ], [ -117.484732877542797, 52.146348897207211, 0.0 ], [ -117.482496286260698, 52.146295143796593, 0.0 ], [ -117.480418411745603, 52.14605189686403, 0.0 ], [ -117.478950349988096, 52.145490592116012, 0.0 ], [ -117.477509400902704, 52.144861593484507, 0.0 ], [ -117.476367160639896, 52.144360781759893, 0.0 ], [ -117.475161112336195, 52.143831967112362, 0.0 ], [ -117.471986416268507, 52.143334785635908, 0.0 ], [ -117.467058050850895, 52.142118587740697, 0.0 ], [ -117.465335953583704, 52.142085577601563, 0.0 ], [ -117.463641582991499, 52.142355594506277, 0.0 ], [ -117.462314613106997, 52.142770581428437, 0.0 ], [ -117.459176006828997, 52.143555829515712, 0.0 ], [ -117.457513279318306, 52.143692679632139, 0.0 ], [ -117.455712382551695, 52.143634469910147, 0.0 ], [ -117.453106691322006, 52.143281318951608, 0.0 ], [ -117.451315017696999, 52.143222556954079, 0.0 ], [ -117.450590379952303, 52.143374249048023, 0.0 ], [ -117.449442353939105, 52.143546173202793, 0.0 ], [ -117.448096061450698, 52.143560614846812, 0.0 ], [ -117.444350755246504, 52.143430482873818, 0.0 ], [ -117.442474893601002, 52.143282433039282, 0.0 ], [ -117.442453604202498, 52.143941877581511, 0.0 ], [ -117.442396486602604, 52.144348391621641, 0.0 ], [ -117.442388591284896, 52.144404533198532, 0.0 ], [ -117.441483303719096, 52.145752335263538, 0.0 ], [ -117.440748086354404, 52.147349071077137, 0.0 ], [ -117.434872374444296, 52.144344327383841, 0.0 ], [ -117.430858196971897, 52.142291134733952, 0.0 ], [ -117.430011961839398, 52.142031405705723, 0.0 ], [ -117.428902324362994, 52.141952106810827, 0.0 ], [ -117.428594410189902, 52.141968829270091, 0.0 ], [ -117.427198269671507, 52.142044645161498, 0.0 ], [ -117.425851907590399, 52.142434976977057, 0.0 ], [ -117.424718563207406, 52.142595651836217, 0.0 ], [ -117.423344270340706, 52.142665268756687, 0.0 ], [ -117.421900932655305, 52.142593727145439, 0.0 ], [ -117.420146263847101, 52.142395867250869, 0.0 ], [ -117.418461181657506, 52.142090323402307, 0.0 ], [ -117.416943032972299, 52.14156466848582, 0.0 ], [ -117.416182345068606, 52.140934868640002, 0.0 ], [ -117.415185790633103, 52.140472971274512, 0.0 ], [ -117.414049631673194, 52.14018867264793, 0.0 ], [ -117.412677352018903, 52.140016376518048, 0.0 ], [ -117.407290062145194, 52.139918772082929, 0.0 ], [ -117.401180911152395, 52.140074659586347, 0.0 ], [ -117.392741415427807, 52.140664829946992, 0.0 ], [ -117.388289853618204, 52.140613090758173, 0.0 ], [ -117.3847982458568, 52.14117690513563, 0.0 ], [ -117.382058556077794, 52.141273047419411, 0.0 ], [ -117.379930881660002, 52.141105495922602, 0.0 ], [ -117.377189941014095, 52.141056167210188, 0.0 ], [ -117.3745890750385, 52.140802813321997, 0.0 ], [ -117.372412239339596, 52.140402706545331, 0.0 ], [ -117.368309047485596, 52.139339445010577, 0.0 ], [ -117.363959030955399, 52.137667813543921, 0.0 ], [ -117.3598409544216, 52.136416587071643, 0.0 ], [ -117.357539508440397, 52.135855448098063, 0.0 ], [ -117.355040711537598, 52.13544814586303, 0.0 ], [ -117.353945330009594, 52.135401158719937, 0.0 ], [ -117.353235371145701, 52.135501525381969, 0.0 ], [ -117.351531250138194, 52.135875106851699, 0.0 ], [ -117.346598898689507, 52.137571689019097, 0.0 ], [ -117.342207767952701, 52.138755722266787, 0.0 ], [ -117.3376427934313, 52.140916645983019, 0.0 ], [ -117.335980641511398, 52.142308499408948, 0.0 ], [ -117.334683692365701, 52.14392299605904, 0.0 ], [ -117.3344068495567, 52.144358050465762, 0.0 ], [ -117.332886554644801, 52.146747026071303, 0.0 ], [ -117.331636718674901, 52.149138112342833, 0.0 ], [ -117.329839571378997, 52.153075209739058, 0.0 ], [ -117.330546307827106, 52.15602224860978, 0.0 ], [ -117.332172740842694, 52.159809286461737, 0.0 ], [ -117.332417358625307, 52.161845464662377, 0.0 ], [ -117.332205162987904, 52.164162509882068, 0.0 ], [ -117.331954439974993, 52.167050529105843, 0.0 ], [ -117.331202296581296, 52.169936244967943, 0.0 ], [ -117.330490529965502, 52.171597702562551, 0.0 ], [ -117.327500497455503, 52.17653347173335, 0.0 ], [ -117.325012494333905, 52.179910657500422, 0.0 ], [ -117.321155411877697, 52.183572393691492, 0.0 ], [ -117.318943366094999, 52.185630923604279, 0.0 ], [ -117.318398703392404, 52.186161655463543, 0.0 ], [ -117.317136251433496, 52.187391760389147, 0.0 ], [ -117.318100724359098, 52.188802721997519, 0.0 ], [ -117.319346584968102, 52.190625196734253, 0.0 ], [ -117.317762830808803, 52.190837719935573, 0.0 ], [ -117.315365264445404, 52.191159403798771, 0.0 ], [ -117.311822013108795, 52.189455718901257, 0.0 ], [ -117.306838494187502, 52.180846305482909, 0.0 ], [ -117.305061273444494, 52.179080731829423, 0.0 ], [ -117.299715527919105, 52.171556929165668, 0.0 ], [ -117.295139436183206, 52.167856776434213, 0.0 ], [ -117.289543896032001, 52.16438736092779, 0.0 ], [ -117.287404377148505, 52.163878639695483, 0.0 ], [ -117.285845558929907, 52.163860354400342, 0.0 ], [ -117.279323083750796, 52.163783630834111, 0.0 ], [ -117.2657728321241, 52.165584702968509, 0.0 ], [ -117.263357803059705, 52.165590065948869, 0.0 ], [ -117.261034312655397, 52.165366779246071, 0.0 ], [ -117.255634894882206, 52.16326579757893, 0.0 ], [ -117.253498583331194, 52.163270367182633, 0.0 ], [ -117.252385614225801, 52.163558218573783, 0.0 ], [ -117.251741819182101, 52.164701583008117, 0.0 ], [ -117.250754409878098, 52.170813452964119, 0.0 ], [ -117.249646409047898, 52.172014931606483, 0.0 ], [ -117.242964065173197, 52.173170940032591, 0.0 ], [ -117.240366886512604, 52.17391858475947, 0.0 ], [ -117.237217368836596, 52.175638019418443, 0.0 ], [ -117.234155722184497, 52.176443562878262, 0.0 ], [ -117.232483724633099, 52.176503981899273, 0.0 ], [ -117.2298784866978, 52.175766768633302, 0.0 ], [ -117.227462938432396, 52.175771467271908, 0.0 ], [ -117.225235525703596, 52.176232563459067, 0.0 ], [ -117.223468582210401, 52.175893317314497, 0.0 ], [ -117.217253092678305, 52.177789297890797, 0.0 ], [ -117.210950176723799, 52.180941358678929, 0.0 ], [ -117.203422605429097, 52.180669090938288, 0.0 ], [ -117.201565826722998, 52.181014886175149, 0.0 ], [ -117.200176229969998, 52.181930897328883, 0.0 ], [ -117.199347169045595, 52.183531157264248, 0.0 ], [ -117.199738713292803, 52.187927385774252, 0.0 ], [ -117.198634569387806, 52.190384646085342, 0.0 ], [ -117.198008488497706, 52.195867558130338, 0.0 ], [ -117.195707456850997, 52.201010673789092, 0.0 ], [ -117.193761321679403, 52.20238437998934, 0.0 ], [ -117.189306809189603, 52.204161839660422, 0.0 ], [ -117.179460098468994, 52.206004561450968, 0.0 ], [ -117.168964857151295, 52.208646849805483, 0.0 ], [ -117.156338670152707, 52.213632460813017, 0.0 ], [ -117.1544837073331, 52.21494833782635, 0.0 ], [ -117.145013010466101, 52.219014895977523, 0.0 ], [ -117.138603098452506, 52.221021351614588, 0.0 ], [ -117.137769208306594, 52.221993138635902, 0.0 ], [ -117.139539897619997, 52.223190241489789, 0.0 ], [ -117.143357187200195, 52.224556141658979, 0.0 ], [ -117.146434482199297, 52.227064949958198, 0.0 ], [ -117.157050629685202, 52.230934246793034, 0.0 ], [ -117.158468173802603, 52.231632918498363, 0.0 ], [ -117.162827759547497, 52.233781535377041, 0.0 ], [ -117.169072424579795, 52.237084705953968, 0.0 ], [ -117.174108800544204, 52.240389436650233, 0.0 ], [ -117.176655370391103, 52.24923695803399, 0.0 ], [ -117.182076299844795, 52.255053542317867, 0.0 ], [ -117.186644140338501, 52.256873773328977, 0.0 ], [ -117.192233395066907, 52.258063952409337, 0.0 ], [ -117.1952183861452, 52.25960088894881, 0.0 ], [ -117.196900996252197, 52.261254167001333, 0.0 ], [ -117.197654437965994, 52.263251645073822, 0.0 ], [ -117.196369345936205, 52.267365567699287, 0.0 ], [ -117.194790806456794, 52.26828193051788, 0.0 ], [ -117.192000318343105, 52.2688005423338, 0.0 ], [ -117.189302370881506, 52.269204706015998, 0.0 ], [ -117.185855340028098, 52.268582081107127, 0.0 ], [ -117.175975003117102, 52.265399362819949, 0.0 ], [ -117.169736143054394, 52.264837529561362, 0.0 ], [ -117.159963724802594, 52.2651370081377, 0.0 ], [ -117.155211650961604, 52.263715810327, 0.0 ], [ -117.151296528684696, 52.262007769295657, 0.0 ], [ -117.148875269758307, 52.261611166423918, 0.0 ], [ -117.145241277082405, 52.26035942410433, 0.0 ], [ -117.143189263204505, 52.258991407478078, 0.0 ], [ -117.133132951886594, 52.257347321592292, 0.0 ], [ -117.131455737061899, 52.256663947768253, 0.0 ], [ -117.129589399094598, 52.254952828008634, 0.0 ], [ -117.123146980927004, 52.247364614676272, 0.0 ], [ -117.118299717667099, 52.244000364693683, 0.0 ], [ -117.115132436660801, 52.242461669937548, 0.0 ], [ -117.110664829536205, 52.241666505146497, 0.0 ], [ -117.108432479203699, 52.241839926195922, 0.0 ], [ -117.104529875097498, 52.243842240736491, 0.0 ], [ -117.101553230823896, 52.24407330216642, 0.0 ], [ -117.097922256689898, 52.242934267801559, 0.0 ], [ -117.091126681057602, 52.240998121897697, 0.0 ], [ -117.088045970670393, 52.235746606586218, 0.0 ], [ -117.083111452286104, 52.233465893141528, 0.0 ], [ -117.081993368507895, 52.232495861020453, 0.0 ], [ -117.076408933430898, 52.230557953661659, 0.0 ], [ -117.075384480009902, 52.229816213679378, 0.0 ], [ -117.074265836115799, 52.228389238974373, 0.0 ], [ -117.075187125874706, 52.223477394284473, 0.0 ], [ -117.071554350828606, 52.220053202472059, 0.0 ], [ -117.064017837174504, 52.217259184288068, 0.0 ], [ -117.060295630016995, 52.215319438773477, 0.0 ], [ -117.055826182982997, 52.210695850081137, 0.0 ], [ -117.047640501977497, 52.20710148028224, 0.0 ], [ -117.045035724940405, 52.205503430126868, 0.0 ], [ -117.040758529960598, 52.204476949051518, 0.0 ], [ -117.038248857311601, 52.204591943616919, 0.0 ], [ -117.0369479721966, 52.205106322236283, 0.0 ], [ -117.033790289313899, 52.208248175073322, 0.0 ], [ -117.027749585864498, 52.210705305586053, 0.0 ], [ -117.027006595168103, 52.211733425554641, 0.0 ], [ -117.027042195100194, 52.213395984618089, 0.0 ], [ -117.027046135411297, 52.215497577309833, 0.0 ], [ -117.027300791244699, 52.217090856351263, 0.0 ], [ -117.027361219353907, 52.21746899076031, 0.0 ], [ -117.028174388814094, 52.218839167634002, 0.0 ], [ -117.029080927992794, 52.220219408625432, 0.0 ], [ -117.027774172543303, 52.224320279343083, 0.0 ], [ -117.027449994705606, 52.225337476574232, 0.0 ], [ -117.029122732412702, 52.226820735648147, 0.0 ], [ -117.031200905850298, 52.229200366427108, 0.0 ], [ -117.033209045324099, 52.230198933352717, 0.0 ], [ -117.033990602540598, 52.23071288251856, 0.0 ], [ -117.0345015257341, 52.231447821681932, 0.0 ], [ -117.034613841166703, 52.231551771533397, 0.0 ], [ -117.034906798773804, 52.23182295697395, 0.0 ], [ -117.035849831454399, 52.232695867867513, 0.0 ], [ -117.036006676895497, 52.232863547570403, 0.0 ], [ -117.036566517884793, 52.23346204204811, 0.0 ], [ -117.0366046065879, 52.234478057428859, 0.0 ], [ -117.036136013398405, 52.23586700336385, 0.0 ], [ -117.036006629479303, 52.23606657983224, 0.0 ], [ -117.035485579196504, 52.236870265677261, 0.0 ], [ -117.035220707203095, 52.237742216236811, 0.0 ], [ -117.0354322886962, 52.238961812963943, 0.0 ], [ -117.035434161271198, 52.238972665348378, 0.0 ], [ -117.035457502272294, 52.240091691308251, 0.0 ], [ -117.035290493477007, 52.241590428556329, 0.0 ], [ -117.034969829071699, 52.242463204146929, 0.0 ], [ -117.035442847700395, 52.242182129443343, 0.0 ], [ -117.036006558356107, 52.242213910508802, 0.0 ], [ -117.036728825450297, 52.242254629558829, 0.0 ], [ -117.037521478881501, 52.242562798852482, 0.0 ], [ -117.0399407620435, 52.24309832207404, 0.0 ], [ -117.042002604717197, 52.243524846960867, 0.0 ], [ -117.043455494632695, 52.243583401124731, 0.0 ], [ -117.045503198172796, 52.243633140674667, 0.0 ], [ -117.046372118559702, 52.243494655884639, 0.0 ], [ -117.047609255976596, 52.243529959152617, 0.0 ], [ -117.047954689081493, 52.243539815067479, 0.0 ], [ -117.048050873493096, 52.243559078586401, 0.0 ], [ -117.048910447139505, 52.243731284038759, 0.0 ], [ -117.049893433242801, 52.244150779098511, 0.0 ], [ -117.052520872023905, 52.244283195856859, 0.0 ], [ -117.054606662308004, 52.244355062129223, 0.0 ], [ -117.056251103787702, 52.24455909223564, 0.0 ], [ -117.057043962609001, 52.244867127863031, 0.0 ], [ -117.058722576195294, 52.244990664809329, 0.0 ], [ -117.059800743865196, 52.245159733236143, 0.0 ], [ -117.059920066044796, 52.245178439332079, 0.0 ], [ -117.062449429270004, 52.245175038072752, 0.0 ], [ -117.063661192197102, 52.245248344555982, 0.0 ], [ -117.065428549092701, 52.245747383771707, 0.0 ], [ -117.066591956030607, 52.246015568701708, 0.0 ], [ -117.0687150592194, 52.246086624492548, 0.0 ], [ -117.069180687849794, 52.246195925188118, 0.0 ], [ -117.069447011064597, 52.246258435488123, 0.0 ], [ -117.071083921854495, 52.246747921695473, 0.0 ], [ -117.071403445160698, 52.246771908311089, 0.0 ], [ -117.071845080242895, 52.246805059568878, 0.0 ], [ -117.073620819018998, 52.246938347358743, 0.0 ], [ -117.076377327685904, 52.24703402559178, 0.0 ], [ -117.0781962963609, 52.247417884715382, 0.0 ], [ -117.079030031668594, 52.247816531708942, 0.0 ], [ -117.080389276332298, 52.247853190088868, 0.0 ], [ -117.081563953491894, 52.247926877151869, 0.0 ], [ -117.082559334272602, 52.248174578595894, 0.0 ], [ -117.083299762276894, 52.248563201940577, 0.0 ], [ -117.083595047334896, 52.248618746323352, 0.0 ], [ -117.084704996742602, 52.248827543604541, 0.0 ], [ -117.085863199407299, 52.249438276508201, 0.0 ], [ -117.086777857722495, 52.250015964919299, 0.0 ], [ -117.087611737796607, 52.250754676434447, 0.0 ], [ -117.087836443088406, 52.25127031872983, 0.0 ], [ -117.087568533388605, 52.25204077900613, 0.0 ], [ -117.087433786639806, 52.253280013012642, 0.0 ], [ -117.087412005359894, 52.253423590316388, 0.0 ], [ -117.087242446066099, 52.254541224501217, 0.0 ], [ -117.087917824211502, 52.25605401778644, 0.0 ], [ -117.088230925418003, 52.257265538506573, 0.0 ], [ -117.088642105472402, 52.258330455654111, 0.0 ], [ -117.089219767539703, 52.258873951627379, 0.0 ], [ -117.090703012981905, 52.259624039749689, 0.0 ], [ -117.092329074190602, 52.260651676434847, 0.0 ], [ -117.092380778005506, 52.26068435049563, 0.0 ], [ -117.091027973796301, 52.260651921591908, 0.0 ], [ -117.088826626116997, 52.260599118317487, 0.0 ], [ -117.087561697266807, 52.260652478161582, 0.0 ], [ -117.083996380556997, 52.260802803142731, 0.0 ], [ -117.083718054779993, 52.260924067953972, 0.0 ], [ -117.083595679515, 52.260977385785708, 0.0 ], [ -117.078987302835998, 52.262985057635291, 0.0 ], [ -117.076075221750003, 52.265379696991843, 0.0 ], [ -117.072973400577794, 52.266769451853527, 0.0 ], [ -117.0718460949481, 52.26743997068904, 0.0 ], [ -117.071404253562605, 52.267702760514567, 0.0 ], [ -117.070797907628503, 52.268063383649327, 0.0 ], [ -117.069665485562496, 52.268736884500797, 0.0 ], [ -117.066785884182707, 52.270699060718343, 0.0 ], [ -117.063375352525597, 52.272926721347282, 0.0 ], [ -117.061913610175296, 52.273725228515872, 0.0 ], [ -117.059802079953698, 52.275120742022906, 0.0 ], [ -117.059543286119407, 52.275291776029661, 0.0 ], [ -117.0594356719415, 52.275362892692762, 0.0 ], [ -117.057146928496493, 52.276912169966742, 0.0 ], [ -117.054727631128301, 52.278459499080917, 0.0 ], [ -117.052570083929993, 52.27997645460723, 0.0 ], [ -117.050480812944798, 52.282519449664498, 0.0 ], [ -117.048077341410206, 52.285444456754597, 0.0 ], [ -117.048052852921202, 52.285470087170367, 0.0 ], [ -117.047610831132502, 52.285932687443378, 0.0 ], [ -117.046027963055096, 52.287589179559532, 0.0 ], [ -117.044318922807804, 52.289747097181781, 0.0 ], [ -117.044104257745502, 52.290018135026187, 0.0 ], [ -117.043514106932506, 52.290763224329709, 0.0 ], [ -117.042134092159003, 52.292940536534509, 0.0 ], [ -117.0396953007984, 52.295546268331037, 0.0 ], [ -117.038558867683307, 52.297155234564357, 0.0 ], [ -117.037323251204995, 52.298904477455139, 0.0 ], [ -117.036009136814002, 52.300586062465037, 0.0 ], [ -117.034904078579402, 52.302000037317633, 0.0 ], [ -117.032116654758795, 52.304382116023191, 0.0 ], [ -117.031695242338998, 52.304742216222081, 0.0 ], [ -117.029131441385502, 52.307687485762123, 0.0 ], [ -117.028681238586898, 52.308330978024443, 0.0 ], [ -117.026442628416902, 52.311530414329333, 0.0 ], [ -117.026383073251296, 52.311608905592358, 0.0 ], [ -117.024260115520903, 52.314407073194133, 0.0 ], [ -117.023817831656899, 52.314989986850172, 0.0 ], [ -117.0223761346125, 52.316889945187818, 0.0 ], [ -117.021311967963697, 52.319004379878983, 0.0 ], [ -117.021181185383796, 52.319264203055162, 0.0 ], [ -117.019509064082698, 52.322586139579151, 0.0 ], [ -117.017924384688399, 52.326662380968301, 0.0 ], [ -117.017519669514598, 52.32770328730188, 0.0 ], [ -117.013552560295096, 52.333872513618992, 0.0 ], [ -117.013545385272593, 52.333893612432121, 0.0 ], [ -117.011476757421306, 52.339966126690143, 0.0 ], [ -117.011283226970704, 52.340534153266361, 0.0 ], [ -117.011064404162894, 52.341123885192097, 0.0 ], [ -117.008871130678301, 52.347033901461252, 0.0 ], [ -117.008559985804993, 52.34787216626637, 0.0 ], [ -117.008510050974394, 52.348354134670821, 0.0 ], [ -117.008481960930098, 52.348625229699408, 0.0 ], [ -117.007742079751296, 52.355764201875111, 0.0 ], [ -117.007623211061599, 52.356910947524788, 0.0 ], [ -117.0083656290021, 52.359131255772098, 0.0 ], [ -117.009514854310694, 52.362992279862787, 0.0 ], [ -117.009516396479398, 52.362997444878637, 0.0 ], [ -117.009996445570295, 52.366830765947682, 0.0 ], [ -117.0105774519335, 52.369925429275121, 0.0 ], [ -117.010471574275897, 52.370220749921501, 0.0 ], [ -117.009769351481694, 52.37217934839834, 0.0 ], [ -117.007305453869094, 52.373736525311273, 0.0 ], [ -117.004834417914594, 52.374439508628463, 0.0 ], [ -117.001161292763697, 52.375018913959018, 0.0 ], [ -117.000255922062095, 52.375241063947122, 0.0 ], [ -116.999863537844007, 52.375418472572839, 0.0 ], [ -116.999634020502597, 52.375528852538501, 0.0 ], [ -116.999191092077993, 52.375741883213387, 0.0 ], [ -116.998525368967194, 52.376062053036918, 0.0 ], [ -116.997769532215003, 52.376488989460071, 0.0 ], [ -116.997267194270805, 52.376859130087503, 0.0 ], [ -116.996940105425296, 52.377238523328927, 0.0 ], [ -116.996810853807403, 52.377456010982677, 0.0 ], [ -116.996649687416294, 52.377727155440617, 0.0 ], [ -116.996589782129305, 52.377827962339822, 0.0 ], [ -116.996171989212797, 52.378557382639343, 0.0 ], [ -116.995674701124699, 52.379159618241417, 0.0 ], [ -116.995166496479897, 52.379635445104789, 0.0 ], [ -116.994722840974404, 52.379950126416823, 0.0 ], [ -116.994216124291498, 52.380212751840958, 0.0 ], [ -116.993734934159505, 52.380350089634021, 0.0 ], [ -116.992021139059204, 52.38066020416511, 0.0 ], [ -116.991509079010498, 52.380796802874848, 0.0 ], [ -116.991340399284994, 52.380881403665491, 0.0 ], [ -116.990879930736298, 52.381175178497557, 0.0 ], [ -116.989803807216703, 52.382065185306359, 0.0 ], [ -116.989476604238305, 52.382298150474789, 0.0 ], [ -116.989059048286705, 52.382577503607088, 0.0 ], [ -116.988430999279402, 52.382964312784843, 0.0 ], [ -116.987904291564007, 52.383275371136563, 0.0 ], [ -116.987620402761195, 52.38342476503405, 0.0 ], [ -116.987495381954005, 52.383475972668741, 0.0 ], [ -116.987427146773499, 52.383503926508119, 0.0 ], [ -116.986748603978697, 52.383769624978527, 0.0 ], [ -116.986098134479903, 52.383999334907273, 0.0 ], [ -116.985254450870301, 52.384280653717283, 0.0 ], [ -116.983336886622098, 52.38487065263589, 0.0 ], [ -116.982181767481904, 52.385226044459728, 0.0 ], [ -116.981647855491204, 52.385390302240189, 0.0 ], [ -116.980436779804805, 52.385810940808973, 0.0 ], [ -116.979617260340802, 52.386162958780147, 0.0 ], [ -116.979096447220599, 52.386456492093927, 0.0 ], [ -116.978936108995498, 52.386598748067989, 0.0 ], [ -116.978745833597401, 52.386913181001638, 0.0 ], [ -116.986106420948104, 52.392098751181109, 0.0 ], [ -116.987072053003303, 52.392778918553361, 0.0 ], [ -116.986943400939793, 52.392937104935051, 0.0 ], [ -116.986862092064996, 52.393394831338433, 0.0 ], [ -116.986744156139494, 52.393600828292321, 0.0 ], [ -116.986463328616097, 52.393760698965536, 0.0 ], [ -116.986111556877901, 52.393811606302322, 0.0 ], [ -116.985349411489906, 52.393738056124263, 0.0 ], [ -116.984880621510001, 52.393781030818189, 0.0 ], [ -116.984555366873494, 52.39385635929527, 0.0 ], [ -116.984317498767496, 52.393985505724459, 0.0 ], [ -116.984261961560307, 52.394015654195279, 0.0 ], [ -116.984051816789005, 52.394217411704631, 0.0 ], [ -116.983771926128696, 52.394369588927177, 0.0 ], [ -116.983250883062794, 52.394701480766528, 0.0 ], [ -116.982912724119899, 52.394778794188461, 0.0 ], [ -116.982535688937801, 52.394898162520363, 0.0 ], [ -116.982207173613602, 52.395068718656077, 0.0 ], [ -116.982031191964396, 52.395266894961658, 0.0 ], [ -116.981587007857598, 52.395659028049216, 0.0 ], [ -116.9814004395746, 52.395874759841483, 0.0 ], [ -116.981286357874296, 52.396083501064481, 0.0 ], [ -116.980830018729193, 52.3964028819994, 0.0 ], [ -116.980374299929807, 52.396820255611502, 0.0 ], [ -116.980206997805595, 52.397016250652428, 0.0 ], [ -116.980120360808201, 52.39724171183741, 0.0 ], [ -116.980159249000806, 52.398540224162033, 0.0 ], [ -116.980018752467899, 52.398964304668347, 0.0 ], [ -116.979719006557602, 52.399071737115158, 0.0 ], [ -116.979351798247805, 52.399042014655642, 0.0 ], [ -116.978429459557802, 52.399330113306277, 0.0 ], [ -116.978418321203705, 52.399333592955749, 0.0 ], [ -116.978365760387106, 52.39935000775921, 0.0 ], [ -116.977698051133103, 52.399714570662738, 0.0 ], [ -116.977571278692196, 52.399780198981013, 0.0 ], [ -116.977354594047895, 52.399966194709982, 0.0 ], [ -116.9770273694607, 52.400366238633801, 0.0 ], [ -116.976919742391999, 52.400590753016203, 0.0 ], [ -116.976642933273098, 52.400717268660259, 0.0 ], [ -116.976274965189702, 52.400762273292273, 0.0 ], [ -116.975961051593103, 52.400881931786351, 0.0 ], [ -116.975661171444102, 52.401058943684298, 0.0 ], [ -116.975652275799405, 52.401078433202237, 0.0 ], [ -116.975563180243597, 52.401273581633191, 0.0 ], [ -116.975652277946807, 52.401442562255411, 0.0 ], [ -116.975676010308504, 52.401487564826148, 0.0 ], [ -116.975871925491802, 52.401677013929579, 0.0 ], [ -116.976186434849794, 52.402067826683449, 0.0 ], [ -116.976211571988301, 52.402275224895511, 0.0 ], [ -116.976139659265797, 52.402483319393653, 0.0 ], [ -116.975949288071106, 52.402626693365271, 0.0 ], [ -116.975696399268699, 52.402714837533523, 0.0 ], [ -116.975652301887806, 52.402759461900352, 0.0 ], [ -116.975531260739203, 52.402881896401418, 0.0 ], [ -116.975209114795902, 52.403111272033932, 0.0 ], [ -116.975138128824099, 52.403161815630703, 0.0 ], [ -116.974867984801506, 52.403284878275457, 0.0 ], [ -116.974207164080696, 52.403239751263477, 0.0 ], [ -116.974046277789199, 52.403399081958, 0.0 ], [ -116.9740230580108, 52.403787921962618, 0.0 ], [ -116.974144034406393, 52.403989042113921, 0.0 ], [ -116.974222876637398, 52.404197801357768, 0.0 ], [ -116.974230221680102, 52.404390969668157, 0.0 ], [ -116.973983840405396, 52.404779344494678, 0.0 ], [ -116.973843888483799, 52.40495675744382, 0.0 ], [ -116.973611264264804, 52.405139125223002, 0.0 ], [ -116.973437711254405, 52.405303587832073, 0.0 ], [ -116.972943242703494, 52.405624491909713, 0.0 ], [ -116.972656434221804, 52.405714031267763, 0.0 ], [ -116.972377822402606, 52.405839658982877, 0.0 ], [ -116.972195817690405, 52.406006679581999, 0.0 ], [ -116.972227136458997, 52.406423942518501, 0.0 ], [ -116.972055535217393, 52.406560736883478, 0.0 ], [ -116.972024116483297, 52.406585781397581, 0.0 ], [ -116.971840060266501, 52.406831878172163, 0.0 ], [ -116.9718373816536, 52.406835467007468, 0.0 ], [ -116.971756820070098, 52.406943197493803, 0.0 ], [ -116.971553671630303, 52.407123056137443, 0.0 ], [ -116.971354996572998, 52.407259130777582, 0.0 ], [ -116.971122731587798, 52.407377118043122, 0.0 ], [ -116.970844430446107, 52.407446074590702, 0.0 ], [ -116.9705075622349, 52.407442804177677, 0.0 ], [ -116.969859570782006, 52.407356465039271, 0.0 ], [ -116.969552228649803, 52.407350675849663, 0.0 ], [ -116.969261497334799, 52.407380985141529, 0.0 ], [ -116.969075286289794, 52.40754540915124, 0.0 ], [ -116.968774290790094, 52.407900177357973, 0.0 ], [ -116.968575498015397, 52.408051711185941, 0.0 ], [ -116.968300931877394, 52.408203078150287, 0.0 ], [ -116.967752308468803, 52.408407967120468, 0.0 ], [ -116.967406739892894, 52.408453595210503, 0.0 ], [ -116.967266673098393, 52.408646455822833, 0.0 ], [ -116.967193830593899, 52.408865191322668, 0.0 ], [ -116.967175835164596, 52.409066031702451, 0.0 ], [ -116.967252450656602, 52.409655952601469, 0.0 ], [ -116.967153383496907, 52.41004204009171, 0.0 ], [ -116.967164924424594, 52.410230066194273, 0.0 ], [ -116.967210154697298, 52.410420740181713, 0.0 ], [ -116.967249971712505, 52.410820007683157, 0.0 ], [ -116.967202589757093, 52.411002752871241, 0.0 ], [ -116.9670289948168, 52.411164632750612, 0.0 ], [ -116.966132901108494, 52.411739621969957, 0.0 ], [ -116.965496685945496, 52.411792363563393, 0.0 ], [ -116.965312221859307, 52.411647755482043, 0.0 ], [ -116.965034933960794, 52.411536425743407, 0.0 ], [ -116.964416336465405, 52.411455279771971, 0.0 ], [ -116.964198395298297, 52.411465188628739, 0.0 ], [ -116.964091978283093, 52.411470043351912, 0.0 ], [ -116.963800425081899, 52.411636819963142, 0.0 ], [ -116.963513535202196, 52.411870272301712, 0.0 ], [ -116.963402686702494, 52.411960464425611, 0.0 ], [ -116.963380486629902, 52.412156137705637, 0.0 ], [ -116.963146625100705, 52.412539370046957, 0.0 ], [ -116.962989852567304, 52.412701280135053, 0.0 ], [ -116.962946545856497, 52.41290464397774, 0.0 ], [ -116.962865414977998, 52.413095044089673, 0.0 ], [ -116.962712771505295, 52.413272420039853, 0.0 ], [ -116.9626724951667, 52.413676660810921, 0.0 ], [ -116.962675470197098, 52.413890428107671, 0.0 ], [ -116.962696664959594, 52.413972537610732, 0.0 ], [ -116.962697465559799, 52.41397562588589, 0.0 ], [ -116.962782523259605, 52.414305284383232, 0.0 ], [ -116.962969819175697, 52.414686828849867, 0.0 ], [ -116.963027710979304, 52.414869811675608, 0.0 ], [ -116.963021355312407, 52.415235493099402, 0.0 ], [ -116.962700718493494, 52.416048626202787, 0.0 ], [ -116.962581737023797, 52.416228645181697, 0.0 ], [ -116.962251169872005, 52.416578183558613, 0.0 ], [ -116.961637537826405, 52.417076466516278, 0.0 ], [ -116.961476498503202, 52.417243517580843, 0.0 ], [ -116.961213046980106, 52.417639533061653, 0.0 ], [ -116.961092654846198, 52.418053888753107, 0.0 ], [ -116.961095621218107, 52.41826764704777, 0.0 ], [ -116.961304127110097, 52.41862090185802, 0.0 ], [ -116.961522320255995, 52.418763013458047, 0.0 ], [ -116.961829227968707, 52.418856373170136, 0.0 ], [ -116.962140527411194, 52.418923995703238, 0.0 ], [ -116.962763508164699, 52.418992289228257, 0.0 ], [ -116.962990050382601, 52.41914471291259, 0.0 ], [ -116.963031083860201, 52.419330214541333, 0.0 ], [ -116.962107818763798, 52.419472455429613, 0.0 ], [ -116.961740853443004, 52.419561796574733, 0.0 ], [ -116.961364181101899, 52.419867443875802, 0.0 ], [ -116.9611149580156, 52.419985369071163, 0.0 ], [ -116.960786208392804, 52.420023285917807, 0.0 ], [ -116.960423957189903, 52.420025083807559, 0.0 ], [ -116.959779719274906, 52.419987641342267, 0.0 ], [ -116.959484605728505, 52.420035935110519, 0.0 ], [ -116.959197662010496, 52.420122863184858, 0.0 ], [ -116.9586150348281, 52.420348231246408, 0.0 ], [ -116.957488613154794, 52.420649644662682, 0.0 ], [ -116.957226845914207, 52.420752089648708, 0.0 ], [ -116.956948310529398, 52.420839051969253, 0.0 ], [ -116.956690723953599, 52.420949207428961, 0.0 ], [ -116.9563496304296, 52.421202428657018, 0.0 ], [ -116.956345827077001, 52.421205252247503, 0.0 ], [ -116.955819129249505, 52.421596264579733, 0.0 ], [ -116.955341385679503, 52.421888784371909, 0.0 ], [ -116.954821883135907, 52.422116841980802, 0.0 ], [ -116.954407251890004, 52.422419792995008, 0.0 ], [ -116.954166428828501, 52.422537724495498, 0.0 ], [ -116.953495793526002, 52.422683034705038, 0.0 ], [ -116.953414543529107, 52.422883721081192, 0.0 ], [ -116.953514561786307, 52.423059048764401, 0.0 ], [ -116.953698623937598, 52.423273205079852, 0.0 ], [ -116.953760679209594, 52.423458766917157, 0.0 ], [ -116.953666885137693, 52.423643972164967, 0.0 ], [ -116.953484716191497, 52.423816109613092, 0.0 ], [ -116.953196012510901, 52.424186302251798, 0.0 ], [ -116.9526510241502, 52.424445182206227, 0.0 ], [ -116.952519400362405, 52.424614864901223, 0.0 ], [ -116.952248846202494, 52.424771343190223, 0.0 ], [ -116.951928100409802, 52.424868489469681, 0.0 ], [ -116.9516703662201, 52.424909228832583, 0.0 ], [ -116.951590775179895, 52.424921813918623, 0.0 ], [ -116.951257542302898, 52.42499318626102, 0.0 ], [ -116.951226918152699, 52.425018086856937, 0.0 ], [ -116.951071267971301, 52.425144699466927, 0.0 ], [ -116.950788084921101, 52.425298576269412, 0.0 ], [ -116.950483255291005, 52.425393837665723, 0.0 ], [ -116.950276887491995, 52.425536928758547, 0.0 ], [ -116.949633302888302, 52.426071126424183, 0.0 ], [ -116.949448863037205, 52.426158768431179, 0.0 ], [ -116.949063103624795, 52.426311912851382, 0.0 ], [ -116.948729931333602, 52.426372976509597, 0.0 ], [ -116.948102725595007, 52.426416264017497, 0.0 ], [ -116.947831744225297, 52.426513927273668, 0.0 ], [ -116.947346296757701, 52.426783270982192, 0.0 ], [ -116.946984311117603, 52.42711318696346, 0.0 ], [ -116.946288709034704, 52.427559331728837, 0.0 ], [ -116.946115832985697, 52.427712641108073, 0.0 ], [ -116.945884142042203, 52.427869058348954, 0.0 ], [ -116.945579139481197, 52.427951606650787, 0.0 ], [ -116.945367711573098, 52.428076988641912, 0.0 ], [ -116.945195579927898, 52.428430840173156, 0.0 ], [ -116.9451926841041, 52.428431913279802, 0.0 ], [ -116.945185894413896, 52.428434452815623, 0.0 ], [ -116.944920498601505, 52.428533665254783, 0.0 ], [ -116.944649545996796, 52.428434452844058, 0.0 ], [ -116.944642604822903, 52.428431914336358, 0.0 ], [ -116.944619139968793, 52.428423331197607, 0.0 ], [ -116.944396005907294, 52.428245415829018, 0.0 ], [ -116.944236266694205, 52.428079761353217, 0.0 ], [ -116.943984612970993, 52.427938114380517, 0.0 ], [ -116.943659540476801, 52.427889695223797, 0.0 ], [ -116.943323300588702, 52.42790052950852, 0.0 ], [ -116.943000890566907, 52.427960087536903, 0.0 ], [ -116.942932753938507, 52.427985431584737, 0.0 ], [ -116.942717460556494, 52.428065554372587, 0.0 ], [ -116.942592229211598, 52.428274987367388, 0.0 ], [ -116.942530419922505, 52.428431880397881, 0.0 ], [ -116.942529428537696, 52.428434433341849, 0.0 ], [ -116.942517010001396, 52.42846594978181, 0.0 ], [ -116.942374510326303, 52.428657531905799, 0.0 ], [ -116.941797595400203, 52.428801720479854, 0.0 ], [ -116.940879196125593, 52.428915631382289, 0.0 ], [ -116.9405403991844, 52.428993324264717, 0.0 ], [ -116.940213507037498, 52.429042631557522, 0.0 ], [ -116.939902760557203, 52.429063500862569, 0.0 ], [ -116.939571607247302, 52.429110265884198, 0.0 ], [ -116.939531421051399, 52.429161288553821, 0.0 ], [ -116.939424761531797, 52.429296742489157, 0.0 ], [ -116.939429242362195, 52.429479262913091, 0.0 ], [ -116.939531429924202, 52.429606981693368, 0.0 ], [ -116.939568110277904, 52.429652822189738, 0.0 ], [ -116.9403803958987, 52.430012999674183, 0.0 ], [ -116.940636711513307, 52.430172623059171, 0.0 ], [ -116.941032290112204, 52.430521222001829, 0.0 ], [ -116.941015769711598, 52.430703924389363, 0.0 ], [ -116.940885494564199, 52.430879966996073, 0.0 ], [ -116.940823256050294, 52.431086249800522, 0.0 ], [ -116.940861452208296, 52.431271012346947, 0.0 ], [ -116.940597266251501, 52.43164628338819, 0.0 ], [ -116.940501449293507, 52.431855438851812, 0.0 ], [ -116.940481143275306, 52.43205617479186, 0.0 ], [ -116.940494002782998, 52.432236047933323, 0.0 ], [ -116.940687740512899, 52.432416809920021, 0.0 ], [ -116.940806356285293, 52.432621409887467, 0.0 ], [ -116.940810979359696, 52.432809064140862, 0.0 ], [ -116.940672023780394, 52.432974903520197, 0.0 ], [ -116.940546644922705, 52.433179191192771, 0.0 ], [ -116.940310193561501, 52.433315067156997, 0.0 ], [ -116.940274773927797, 52.433927347310309, 0.0 ], [ -116.940191151960207, 52.434118391888269, 0.0 ], [ -116.940077870460797, 52.434301989358488, 0.0 ], [ -116.939914032929494, 52.434456084455832, 0.0 ], [ -116.939686343174003, 52.434632139948363, 0.0 ], [ -116.939577564009994, 52.434828553167883, 0.0 ], [ -116.939531546205004, 52.435021328016028, 0.0 ], [ -116.939482216427905, 52.43522797381614, 0.0 ], [ -116.939242599145103, 52.435577291008798, 0.0 ], [ -116.939113854983603, 52.435660638529178, 0.0 ], [ -116.939110335973098, 52.435662918066029, 0.0 ], [ -116.938795344604102, 52.435866814496841, 0.0 ], [ -116.9387339028832, 52.435931705175932, 0.0 ], [ -116.9387315533139, 52.435934172413127, 0.0 ], [ -116.938286867176501, 52.43640375203784, 0.0 ], [ -116.938148669253195, 52.436600430257919, 0.0 ], [ -116.937797377562205, 52.437372450840307, 0.0 ], [ -116.937621058249803, 52.437559200944818, 0.0 ], [ -116.937352461469601, 52.437929354993379, 0.0 ], [ -116.937094897432601, 52.438062862608341, 0.0 ], [ -116.936793619634798, 52.438129909616762, 0.0 ], [ -116.936168709439798, 52.438210225293552, 0.0 ], [ -116.935828061081494, 52.438215929556691, 0.0 ], [ -116.935523263080398, 52.438311293866583, 0.0 ], [ -116.934864097212596, 52.438710735616432, 0.0 ], [ -116.934598160419398, 52.438846885280668, 0.0 ], [ -116.934281235436401, 52.438962934934551, 0.0 ], [ -116.933704295458995, 52.439112211266163, 0.0 ], [ -116.933029132876598, 52.439203244824299, 0.0 ], [ -116.932732060900094, 52.439270249486633, 0.0 ], [ -116.932427372279307, 52.43937074826691, 0.0 ], [ -116.931931699940193, 52.439575842059533, 0.0 ], [ -116.931393590717704, 52.439765895316263, 0.0 ], [ -116.930954173015493, 52.440034759348222, 0.0 ], [ -116.930866450279495, 52.440233536680118, 0.0 ], [ -116.9309059778152, 52.440315097274521, 0.0 ], [ -116.930959482716702, 52.440425529014867, 0.0 ], [ -116.931041403969004, 52.44085158763329, 0.0 ], [ -116.931029307757797, 52.441044541356739, 0.0 ], [ -116.9306296493519, 52.4415649977499, 0.0 ], [ -116.930520776009303, 52.441758830957731, 0.0 ], [ -116.930361912519899, 52.442145966516371, 0.0 ], [ -116.930180765668197, 52.442309594273297, 0.0 ], [ -116.929902286894603, 52.442450993106881, 0.0 ], [ -116.929554841445693, 52.442523586470998, 0.0 ], [ -116.928861728376503, 52.442571065978271, 0.0 ], [ -116.928194361990705, 52.442638862610757, 0.0 ], [ -116.927859575294704, 52.442713898988252, 0.0 ], [ -116.927688445966496, 52.442799417116277, 0.0 ], [ -116.927618476707906, 52.442834379807067, 0.0 ], [ -116.927433850939593, 52.443028905353749, 0.0 ], [ -116.927244820425599, 52.443156893065883, 0.0 ], [ -116.927214452216305, 52.443177456340543, 0.0 ], [ -116.926910736948201, 52.443319059677812, 0.0 ], [ -116.926823181152798, 52.443525557885771, 0.0 ], [ -116.926795696812704, 52.443952627476698, 0.0 ], [ -116.926524133552505, 52.444551613539574, 0.0 ], [ -116.926469795581099, 52.44473979477398, 0.0 ], [ -116.926196027394099, 52.445076544345902, 0.0 ], [ -116.925939792433894, 52.445441405412282, 0.0 ], [ -116.925759865619398, 52.445828725300508, 0.0 ], [ -116.925608200813599, 52.445994663042988, 0.0 ], [ -116.924920489967803, 52.446440586584082, 0.0 ], [ -116.924730955016898, 52.44660686174106, 0.0 ], [ -116.9246223669617, 52.44681353857257, 0.0 ], [ -116.9245003843549, 52.446989489915303, 0.0 ], [ -116.924416830895495, 52.447188220188607, 0.0 ], [ -116.924427553957997, 52.447977476454412, 0.0 ], [ -116.924364545058495, 52.448155455015971, 0.0 ], [ -116.924103880260404, 52.448512647963277, 0.0 ], [ -116.923859205398898, 52.448661431859179, 0.0 ], [ -116.923751095197602, 52.448703218511042, 0.0 ], [ -116.923579875364993, 52.448769394060072, 0.0 ], [ -116.922688427854993, 52.448972887460108, 0.0 ], [ -116.922117158903603, 52.449188909812499, 0.0 ], [ -116.921905683663994, 52.449319386210917, 0.0 ], [ -116.921758766612399, 52.449508404132089, 0.0 ], [ -116.9217345216544, 52.449724610234803, 0.0 ], [ -116.921768395380298, 52.449906839662717, 0.0 ], [ -116.921916191565799, 52.450275747958223, 0.0 ], [ -116.9219171632745, 52.450296744871693, 0.0 ], [ -116.921924947383403, 52.450463369833059, 0.0 ], [ -116.921896266762104, 52.450669328785459, 0.0 ], [ -116.921627338601397, 52.451034287113401, 0.0 ], [ -116.921172216143901, 52.451357240442803, 0.0 ], [ -116.920569915757696, 52.4518589220217, 0.0 ], [ -116.920283130401799, 52.452008077290643, 0.0 ], [ -116.9198602101565, 52.452271593098409, 0.0 ], [ -116.9195298000094, 52.452356860572813, 0.0 ], [ -116.919201851268994, 52.452370099799147, 0.0 ], [ -116.918885715448994, 52.452349827438077, 0.0 ], [ -116.918240266066306, 52.452382930443221, 0.0 ], [ -116.917881539406196, 52.452418028812509, 0.0 ], [ -116.917577759325894, 52.452387343938383, 0.0 ], [ -116.917243978442301, 52.452333792417221, 0.0 ], [ -116.916632192689207, 52.452095049564178, 0.0 ], [ -116.916340084803295, 52.452023118432599, 0.0 ], [ -116.916003105692198, 52.452010733023258, 0.0 ], [ -116.915659499354803, 52.452072960896459, 0.0 ], [ -116.915549652663302, 52.452133451887647, 0.0 ], [ -116.915426892689297, 52.452201051245609, 0.0 ], [ -116.915241201732201, 52.452354412282162, 0.0 ], [ -116.915279741429003, 52.452557193643358, 0.0 ], [ -116.915192178559394, 52.452766228206833, 0.0 ], [ -116.9150106288525, 52.452917004026489, 0.0 ], [ -116.914723750873193, 52.453063556507587, 0.0 ], [ -116.914460697030407, 52.453150786304441, 0.0 ], [ -116.914154829958505, 52.453207523303398, 0.0 ], [ -116.913921854038094, 52.453320171003462, 0.0 ], [ -116.913735897884195, 52.453463262313143, 0.0 ], [ -116.913465475552101, 52.45359424459275, 0.0 ], [ -116.9133645443126, 52.453772568706817, 0.0 ], [ -116.912994478081202, 52.454135841941593, 0.0 ], [ -116.912500469781506, 52.454420540157798, 0.0 ], [ -116.912186600429905, 52.454495346726851, 0.0 ], [ -116.911840623760099, 52.454459887362418, 0.0 ], [ -116.910575255154896, 52.454170413972413, 0.0 ], [ -116.910267897998807, 52.454165448310022, 0.0 ], [ -116.909284432631296, 52.454223105940947, 0.0 ], [ -116.908946746523299, 52.45418242290814, 0.0 ], [ -116.908601653595596, 52.454182937489193, 0.0 ], [ -116.908261498783105, 52.454214261588042, 0.0 ], [ -116.907960690860506, 52.454306935338288, 0.0 ], [ -116.907520267643307, 52.454605463903697, 0.0 ], [ -116.907192116761607, 52.45490516724518, 0.0 ], [ -116.906468577009306, 52.455274156283437, 0.0 ], [ -116.906291245660498, 52.455427449069788, 0.0 ], [ -116.9060508505234, 52.455583854018748, 0.0 ], [ -116.905928717469905, 52.455757206130563, 0.0 ], [ -116.905738885181094, 52.45591573772252, 0.0 ], [ -116.905080962837403, 52.45638955029613, 0.0 ], [ -116.904632797798698, 52.456658374501217, 0.0 ], [ -116.904307488410396, 52.456923994252932, 0.0 ], [ -116.904063820427098, 52.457157095259532, 0.0 ], [ -116.903979615115404, 52.457332685958662, 0.0 ], [ -116.903922827596901, 52.457520266405261, 0.0 ], [ -116.903921087074806, 52.457526033324022, 0.0 ], [ -116.903716200450802, 52.457936665799679, 0.0 ], [ -116.903706487042299, 52.457941598593827, 0.0 ], [ -116.903479132455601, 52.458057050110327, 0.0 ], [ -116.903294100841805, 52.458241242583213, 0.0 ], [ -116.903262741023795, 52.458318169965288, 0.0 ], [ -116.903222519535106, 52.458416710443217, 0.0 ], [ -116.903143250230698, 52.458800520342983, 0.0 ], [ -116.903056109625396, 52.45903012921049, 0.0 ], [ -116.9029004101222, 52.459208928603317, 0.0 ], [ -116.902816431696706, 52.459394788047668, 0.0 ], [ -116.902797312100105, 52.459829476725623, 0.0 ], [ -116.9028401823454, 52.460039928604402, 0.0 ], [ -116.903143197349095, 52.460392040926607, 0.0 ], [ -116.903262754371497, 52.460489943719118, 0.0 ], [ -116.903525284592206, 52.460704900432738, 0.0 ], [ -116.903706558452896, 52.460890538125533, 0.0 ], [ -116.903848871871006, 52.461036260877933, 0.0 ], [ -116.9039754441322, 52.461225395532793, 0.0 ], [ -116.903979851421198, 52.46141048026508, 0.0 ], [ -116.903883443953106, 52.461604175591347, 0.0 ], [ -116.903748602377703, 52.461775068078097, 0.0 ], [ -116.903706593825206, 52.461870085250411, 0.0 ], [ -116.903580831655603, 52.462154509958253, 0.0 ], [ -116.903556202369302, 52.462357852642938, 0.0 ], [ -116.903706602781, 52.462520995771257, 0.0 ], [ -116.903716058800796, 52.462531268892072, 0.0 ], [ -116.903925795950599, 52.462675951075319, 0.0 ], [ -116.904436577842603, 52.462913084402857, 0.0 ], [ -116.904973489256406, 52.463185992812527, 0.0 ], [ -116.905286773479602, 52.463260335715482, 0.0 ], [ -116.905611931393295, 52.463303715026782, 0.0 ], [ -116.905967814267299, 52.463398247357517, 0.0 ], [ -116.906265176656703, 52.463511290379287, 0.0 ], [ -116.907084886713307, 52.464167326519522, 0.0 ], [ -116.907311637903007, 52.464319563153701, 0.0 ], [ -116.907807549278203, 52.464750370258159, 0.0 ], [ -116.908102652570307, 52.465006710568993, 0.0 ], [ -116.908104001301297, 52.465021548757292, 0.0 ], [ -116.908119761588097, 52.465194251867587, 0.0 ], [ -116.908005976868296, 52.465364961406543, 0.0 ], [ -116.907790292973502, 52.465500587677823, 0.0 ], [ -116.907057667680903, 52.466201328665697, 0.0 ], [ -116.906673900234495, 52.466526141205399, 0.0 ], [ -116.906321443122295, 52.466575574762189, 0.0 ], [ -116.905642247917697, 52.466517349926093, 0.0 ], [ -116.904695146401096, 52.466523217175158, 0.0 ], [ -116.904379907388901, 52.466544016679308, 0.0 ], [ -116.903772410417304, 52.466667694264522, 0.0 ], [ -116.903706721160404, 52.466689521477427, 0.0 ], [ -116.9032628587738, 52.466836961893911, 0.0 ], [ -116.903191810622801, 52.466860557150852, 0.0 ], [ -116.902395510785794, 52.467189015645033, 0.0 ], [ -116.9021965915164, 52.467321915138022, 0.0 ], [ -116.902188202520804, 52.467393165465673, 0.0 ], [ -116.902172056806407, 52.467530383908681, 0.0 ], [ -116.901969479029901, 52.467686459291727, 0.0 ], [ -116.901805138602299, 52.467857616774403, 0.0 ], [ -116.9016923552131, 52.46824942086657, 0.0 ], [ -116.901744968874993, 52.469045996147429, 0.0 ], [ -116.901457018288596, 52.469153962192493, 0.0 ], [ -116.901156040444803, 52.469244065771093, 0.0 ], [ -116.900888970997599, 52.469344128935823, 0.0 ], [ -116.900399637928402, 52.469659579351578, 0.0 ], [ -116.899722329155907, 52.470393197802757, 0.0 ], [ -116.899436219591706, 52.47075569799842, 0.0 ], [ -116.899226703352994, 52.471153495664552, 0.0 ], [ -116.898758267317902, 52.471641021587921, 0.0 ], [ -116.898449857710801, 52.471774880765423, 0.0 ], [ -116.898307214286305, 52.471974109323369, 0.0 ], [ -116.898204328358801, 52.472156290700902, 0.0 ], [ -116.898097075637196, 52.472346206792068, 0.0 ], [ -116.897826899346498, 52.472672566523329, 0.0 ], [ -116.897598899653502, 52.472823698897479, 0.0 ], [ -116.897340273634498, 52.47292626287701, 0.0 ], [ -116.896767787683302, 52.473111300202788, 0.0 ], [ -116.896260476325494, 52.473380597462587, 0.0 ], [ -116.896182898843605, 52.473461303124992, 0.0 ], [ -116.896108424646698, 52.473538785508637, 0.0 ], [ -116.896029207604997, 52.473750314193559, 0.0 ], [ -116.896000562076296, 52.473963956385731, 0.0 ], [ -116.896018109436696, 52.474172072624597, 0.0 ], [ -116.896136162844201, 52.474356144633518, 0.0 ], [ -116.896422079908305, 52.474695575109642, 0.0 ], [ -116.896219381058799, 52.474849061367017, 0.0 ], [ -116.895639732045694, 52.475088150526723, 0.0 ], [ -116.895325764835505, 52.475165484200417, 0.0 ], [ -116.894859773090801, 52.475403557528153, 0.0 ], [ -116.894265729390895, 52.475568202181883, 0.0 ], [ -116.894024043440396, 52.475675758506597, 0.0 ], [ -116.893554009959502, 52.475921573123728, 0.0 ], [ -116.893257268448806, 52.476016741551661, 0.0 ], [ -116.893037055253998, 52.476142096078974, 0.0 ], [ -116.892847208922603, 52.476305741119802, 0.0 ], [ -116.892788414061201, 52.476491387303227, 0.0 ], [ -116.892772152600003, 52.476694637975967, 0.0 ], [ -116.892595071964095, 52.47686332331179, 0.0 ], [ -116.892345354990795, 52.47698893184004, 0.0 ], [ -116.892075724731797, 52.477340976060617, 0.0 ], [ -116.892104638558294, 52.477449362170361, 0.0 ], [ -116.892131145080597, 52.477548746720672, 0.0 ], [ -116.892261578326995, 52.477722423969027, 0.0 ], [ -116.892363117440397, 52.477922080661671, 0.0 ], [ -116.892650012691107, 52.478302649722274, 0.0 ], [ -116.892721982451704, 52.478497410124596, 0.0 ], [ -116.892684963536595, 52.478713721849957, 0.0 ], [ -116.892405601282903, 52.478831880136809, 0.0 ], [ -116.891894154799203, 52.479108905786987, 0.0 ], [ -116.891567836864795, 52.479243250522643, 0.0 ], [ -116.891364453087206, 52.479326963278233, 0.0 ], [ -116.891160244326898, 52.479381842530408, 0.0 ], [ -116.891038048650202, 52.479414676489142, 0.0 ], [ -116.890753496612106, 52.479382093196612, 0.0 ], [ -116.890749691421803, 52.479381650303267, 0.0 ], [ -116.890704476977504, 52.479376472335851, 0.0 ], [ -116.890681830289196, 52.479381620648859, 0.0 ], [ -116.890398682473901, 52.479445999055329, 0.0 ], [ -116.890062180502994, 52.47946181132982, 0.0 ], [ -116.889776892617803, 52.479508017287607, 0.0 ], [ -116.889501313173795, 52.479608136895109, 0.0 ], [ -116.888394217995994, 52.480345456396741, 0.0 ], [ -116.888246507838701, 52.480511308367589, 0.0 ], [ -116.887918916366402, 52.481087525755399, 0.0 ], [ -116.887614188200899, 52.481203324894047, 0.0 ], [ -116.886965194353607, 52.48136325903544, 0.0 ], [ -116.886676829061201, 52.481458340764441, 0.0 ], [ -116.886383348895507, 52.481514895593108, 0.0 ], [ -116.886198980588105, 52.481512492891483, 0.0 ], [ -116.885705156948802, 52.48150797194166, 0.0 ], [ -116.885388773253993, 52.48148502308063, 0.0 ], [ -116.885137291532104, 52.481356085316442, 0.0 ], [ -116.884811522701398, 52.481292087065412, 0.0 ], [ -116.884497296646003, 52.481361688640291, 0.0 ], [ -116.883841379893497, 52.481548142467567, 0.0 ], [ -116.883096611839207, 52.481795555547308, 0.0 ], [ -116.882811929050007, 52.481867451808057, 0.0 ], [ -116.882536468432207, 52.481975269923879, 0.0 ], [ -116.882279077088697, 52.482134341577449, 0.0 ], [ -116.881815586376504, 52.482485461565624, 0.0 ], [ -116.881613398652902, 52.482664630798773, 0.0 ], [ -116.880876261429805, 52.483563218509367, 0.0 ], [ -116.880504593616493, 52.483880104768353, 0.0 ], [ -116.880242376591696, 52.484013513665907, 0.0 ], [ -116.879957527660494, 52.48408026126949, 0.0 ], [ -116.879724713476605, 52.484117431212233, 0.0 ], [ -116.879668006113903, 52.484126490938273, 0.0 ], [ -116.879365197984697, 52.484144542591054, 0.0 ], [ -116.879280708817902, 52.484140928760979, 0.0 ], [ -116.879065878059805, 52.484131713769543, 0.0 ], [ -116.878460568454699, 52.484000690883583, 0.0 ], [ -116.878160705350297, 52.483964742101307, 0.0 ], [ -116.877881814987802, 52.484105993306507, 0.0 ], [ -116.877459997677306, 52.484441313408382, 0.0 ], [ -116.876820371038406, 52.484827375313898, 0.0 ], [ -116.876406862290295, 52.48515746848355, 0.0 ], [ -116.876232710174804, 52.485355693733489, 0.0 ], [ -116.875877826178595, 52.485455535038859, 0.0 ], [ -116.875538533459604, 52.485519141519809, 0.0 ], [ -116.875204541614195, 52.48561355020199, 0.0 ], [ -116.874873053078801, 52.485659040020643, 0.0 ], [ -116.874536193093704, 52.485671125445528, 0.0 ], [ -116.874128957316003, 52.485599204827189, 0.0 ], [ -116.873866354465093, 52.485443047493497, 0.0 ], [ -116.873477243891102, 52.485044031001657, 0.0 ], [ -116.873264504702306, 52.484866636773653, 0.0 ], [ -116.872971068345393, 52.484672269087682, 0.0 ], [ -116.872556955851607, 52.484281290422267, 0.0 ], [ -116.8722781392771, 52.484143358424717, 0.0 ], [ -116.871913203050497, 52.48407410774734, 0.0 ], [ -116.871703406593596, 52.484225440564877, 0.0 ], [ -116.871579916176699, 52.484432939722758, 0.0 ], [ -116.871380225916198, 52.484631129160661, 0.0 ], [ -116.871341818130304, 52.484860677985289, 0.0 ], [ -116.871491060182393, 52.485273102778713, 0.0 ], [ -116.871524830011595, 52.485517160973011, 0.0 ], [ -116.871473472795799, 52.485981090942452, 0.0 ], [ -116.871387914408601, 52.486188089472662, 0.0 ], [ -116.871175308729704, 52.48637872816375, 0.0 ], [ -116.870816003569701, 52.486473452819943, 0.0 ], [ -116.870439431705606, 52.486434577021548, 0.0 ], [ -116.870035573268396, 52.48646040104903, 0.0 ], [ -116.869364415489798, 52.486559161664339, 0.0 ], [ -116.869234951399704, 52.48661049155384, 0.0 ], [ -116.869069142976599, 52.48667622009981, 0.0 ], [ -116.868851133263703, 52.486833452256228, 0.0 ], [ -116.868897085400803, 52.487064501535571, 0.0 ], [ -116.869386165133207, 52.487428769289217, 0.0 ], [ -116.869560965411097, 52.4876066711251, 0.0 ], [ -116.869698492605394, 52.487803071024949, 0.0 ], [ -116.869948631936097, 52.487964544678739, 0.0 ], [ -116.870210790754399, 52.488107846671952, 0.0 ], [ -116.870491776855104, 52.488307535343047, 0.0 ], [ -116.871093578745203, 52.488639459168532, 0.0 ], [ -116.871791760366904, 52.489196627155422, 0.0 ], [ -116.8721928338352, 52.489574906054642, 0.0 ], [ -116.872852298511205, 52.490109402403398, 0.0 ], [ -116.872985887108896, 52.490313559771479, 0.0 ], [ -116.873069439327793, 52.490533801812127, 0.0 ], [ -116.872988616313606, 52.490756196942293, 0.0 ], [ -116.872642924312601, 52.490879064605132, 0.0 ], [ -116.871570951791398, 52.491093694941988, 0.0 ], [ -116.870802437369505, 52.491183434414282, 0.0 ], [ -116.869382273041396, 52.491206966423491, 0.0 ], [ -116.869202907955795, 52.491384294824137, 0.0 ], [ -116.868709904976697, 52.491758702371982, 0.0 ], [ -116.868339033213999, 52.492128948033169, 0.0 ], [ -116.868249204597504, 52.492336011373467, 0.0 ], [ -116.868289827401995, 52.492778147756049, 0.0 ], [ -116.868272567497598, 52.493010004771371, 0.0 ], [ -116.868306329472503, 52.493254063644862, 0.0 ], [ -116.868503039427097, 52.493839221102, 0.0 ], [ -116.868532012682394, 52.493925456687471, 0.0 ], [ -116.868642784728806, 52.494110227004832, 0.0 ], [ -116.868648367438396, 52.494119547620542, 0.0 ], [ -116.869042092203102, 52.494528815094071, 0.0 ], [ -116.869259184080505, 52.494708738639019, 0.0 ], [ -116.869341035184505, 52.494755981486598, 0.0 ], [ -116.869528748155901, 52.495186520740212, 0.0 ], [ -116.869506918656796, 52.495408142696768, 0.0 ], [ -116.869547250409894, 52.495625165320419, 0.0 ], [ -116.869687201906999, 52.495863920436868, 0.0 ], [ -116.869855221647697, 52.496088226445913, 0.0 ], [ -116.869967390321605, 52.496282374166128, 0.0 ], [ -116.870134718078404, 52.496486101089637, 0.0 ], [ -116.870442132986696, 52.496595368730112, 0.0 ], [ -116.870824710244307, 52.496683074039339, 0.0 ], [ -116.871471135240398, 52.496960373408079, 0.0 ], [ -116.871675742168406, 52.497387537844638, 0.0 ], [ -116.872208499804302, 52.497939512251421, 0.0 ], [ -116.872466411604293, 52.498175120756528, 0.0 ], [ -116.872783700432095, 52.498567352916538, 0.0 ], [ -116.873179807127798, 52.498922544055752, 0.0 ], [ -116.873531284564294, 52.499327186617023, 0.0 ], [ -116.873479816456907, 52.49955291268256, 0.0 ], [ -116.873255042929998, 52.499734509171319, 0.0 ], [ -116.872935050522202, 52.500025302250087, 0.0 ], [ -116.872723893563801, 52.500337399706403, 0.0 ], [ -116.872745959362206, 52.500546588756173, 0.0 ], [ -116.872974401508301, 52.500704972614422, 0.0 ], [ -116.873250526197396, 52.500846688776598, 0.0 ], [ -116.873233713108803, 52.501067655316852, 0.0 ], [ -116.873173408708595, 52.501245794350822, 0.0 ], [ -116.873162934397499, 52.501276778082101, 0.0 ], [ -116.872815490607806, 52.50190548900413, 0.0 ], [ -116.872865442519497, 52.502136067451303, 0.0 ], [ -116.8730871557716, 52.502327730409817, 0.0 ], [ -116.873023430534303, 52.502555089413548, 0.0 ], [ -116.873034913003295, 52.502792295429749, 0.0 ], [ -116.873140390244203, 52.503014133843102, 0.0 ], [ -116.873404884485296, 52.503142657339147, 0.0 ], [ -116.873438013379896, 52.503372746356987, 0.0 ], [ -116.8733764597076, 52.503793275341259, 0.0 ], [ -116.873217471561105, 52.504218766120722, 0.0 ], [ -116.873053865988098, 52.504427845537357, 0.0 ], [ -116.872811638442798, 52.504616654186563, 0.0 ], [ -116.872525615203003, 52.504770777209288, 0.0 ], [ -116.872226081937598, 52.50488072378235, 0.0 ], [ -116.872066102146903, 52.505097624025332, 0.0 ], [ -116.871933335041305, 52.50528953792579, 0.0 ], [ -116.871837077081693, 52.505500527231909, 0.0 ], [ -116.871833089059507, 52.505719268353182, 0.0 ], [ -116.871878047360397, 52.505959999615811, 0.0 ], [ -116.8719854723536, 52.506156164233794, 0.0 ], [ -116.872149915391404, 52.5063796780262, 0.0 ], [ -116.872334718513798, 52.506557427408673, 0.0 ], [ -116.872459184456204, 52.50675149411267, 0.0 ], [ -116.872448249310807, 52.507006100402918, 0.0 ], [ -116.872204618849395, 52.50721289198966, 0.0 ], [ -116.871995471941901, 52.507631805795242, 0.0 ], [ -116.8718129448702, 52.507812021711317, 0.0 ], [ -116.8716671493886, 52.508008736862223, 0.0 ], [ -116.871606455646003, 52.508251618123602, 0.0 ], [ -116.871690863122296, 52.508472873515657, 0.0 ], [ -116.871691546428295, 52.508475111460108, 0.0 ], [ -116.8717653111609, 52.508714443357128, 0.0 ], [ -116.871714996085799, 52.509153304021801, 0.0 ], [ -116.871512706352107, 52.509593014493873, 0.0 ], [ -116.871370150521201, 52.510024114163812, 0.0 ], [ -116.871421076517393, 52.510241851544947, 0.0 ], [ -116.871783638510806, 52.510246971978248, 0.0 ], [ -116.872141692634898, 52.510311197835428, 0.0 ], [ -116.872364402649296, 52.510490020389142, 0.0 ], [ -116.872497108995205, 52.510686879976802, 0.0 ], [ -116.872693596846801, 52.510877846447173, 0.0 ], [ -116.872826692033598, 52.511069572355602, 0.0 ], [ -116.872878230422103, 52.511279598800861, 0.0 ], [ -116.872824091649093, 52.511491776664563, 0.0 ], [ -116.872802666904406, 52.51171774501686, 0.0 ], [ -116.872786620448395, 52.511928428441777, 0.0 ], [ -116.872807320783707, 52.512155601813063, 0.0 ], [ -116.873019083627796, 52.512367581175333, 0.0 ], [ -116.873516834738894, 52.512703533610413, 0.0 ], [ -116.873803542250002, 52.512873873285763, 0.0 ], [ -116.874325391267206, 52.51322595555434, 0.0 ], [ -116.875128003846797, 52.513660647908701, 0.0 ], [ -116.875414108582305, 52.513838693923439, 0.0 ], [ -116.875716180514203, 52.513973408075373, 0.0 ], [ -116.876302821731102, 52.514306717236877, 0.0 ], [ -116.8771736978874, 52.514676385693242, 0.0 ], [ -116.877450679595796, 52.515085894686372, 0.0 ], [ -116.877570203032107, 52.51529010981308, 0.0 ], [ -116.877736266324305, 52.515493072585087, 0.0 ], [ -116.877920545142302, 52.515678511550298, 0.0 ], [ -116.877946611408206, 52.515699937716782, 0.0 ], [ -116.878381370541504, 52.516057180576851, 0.0 ], [ -116.878514122916201, 52.516254042694207, 0.0 ], [ -116.878689023368295, 52.51645209648057, 0.0 ], [ -116.878891309495202, 52.516622614028421, 0.0 ], [ -116.879079436574401, 52.51681331515708, 0.0 ], [ -116.879285892830694, 52.517125337499557, 0.0 ], [ -116.879352027539099, 52.517225265085408, 0.0 ], [ -116.879543749237996, 52.51742379702057, 0.0 ], [ -116.879730401455504, 52.517574690621807, 0.0 ], [ -116.880028912245706, 52.517816014490244, 0.0 ], [ -116.880543300767101, 52.518378995551139, 0.0 ], [ -116.880737203920603, 52.51854926454628, 0.0 ], [ -116.881048653331504, 52.518727990769513, 0.0 ], [ -116.881365481511693, 52.518891429974907, 0.0 ], [ -116.881858489701997, 52.5192915838483, 0.0 ], [ -116.882011781652096, 52.519496750639, 0.0 ], [ -116.882125175755405, 52.519726540724257, 0.0 ], [ -116.882467548801998, 52.520109551937573, 0.0 ], [ -116.882733644781794, 52.520552206688137, 0.0 ], [ -116.882915428834096, 52.520771058212318, 0.0 ], [ -116.883393980581303, 52.521139890329373, 0.0 ], [ -116.883828666699998, 52.521530666088601, 0.0 ], [ -116.883959536867295, 52.521753214050932, 0.0 ], [ -116.884023762665393, 52.521963592300651, 0.0 ], [ -116.8841287446417, 52.522193136644873, 0.0 ], [ -116.884266162278294, 52.52238497086244, 0.0 ], [ -116.884837532511298, 52.522930203631383, 0.0 ], [ -116.8851217698017, 52.523201444689647, 0.0 ], [ -116.885364435497905, 52.523433012036897, 0.0 ], [ -116.885620389657205, 52.523620482235152, 0.0 ], [ -116.886115738086701, 52.524213785360132, 0.0 ], [ -116.886669499605006, 52.524538382386261, 0.0 ], [ -116.887217266782997, 52.524885982775587, 0.0 ], [ -116.887405633458201, 52.525074113380853, 0.0 ], [ -116.887710874419597, 52.525224326231942, 0.0 ], [ -116.888136454887302, 52.525625126220532, 0.0 ], [ -116.888414855802793, 52.525795184919943, 0.0 ], [ -116.888732745078897, 52.525945760895503, 0.0 ], [ -116.8890506994845, 52.526039693354683, 0.0 ], [ -116.889233718302805, 52.526243116154752, 0.0 ], [ -116.889373414434999, 52.526460749958858, 0.0 ], [ -116.889548974144205, 52.526651086696063, 0.0 ], [ -116.889716826061303, 52.526887546799507, 0.0 ], [ -116.889914627227199, 52.527063063804427, 0.0 ], [ -116.890285818656096, 52.527011727646617, 0.0 ], [ -116.890636397622501, 52.526898016287859, 0.0 ], [ -116.890901811339006, 52.526738125310409, 0.0 ], [ -116.891239568639307, 52.526794000468598, 0.0 ], [ -116.891375651485902, 52.527003810080629, 0.0 ], [ -116.891574803961504, 52.527100065615848, 0.0 ], [ -116.891681105807393, 52.527151454821869, 0.0 ], [ -116.8920304672817, 52.527277159472817, 0.0 ], [ -116.892388105592104, 52.527349031352877, 0.0 ], [ -116.892809854308496, 52.527299109463769, 0.0 ], [ -116.893146040131299, 52.527208152516017, 0.0 ], [ -116.893225377723397, 52.526996678441257, 0.0 ], [ -116.893528063644297, 52.526902209520458, 0.0 ], [ -116.893904697487301, 52.526946292135257, 0.0 ], [ -116.894153826743107, 52.527112939047093, 0.0 ], [ -116.894209523190298, 52.527325643288897, 0.0 ], [ -116.893970677629895, 52.527524900562867, 0.0 ], [ -116.893691248830507, 52.527702409227629, 0.0 ], [ -116.893554500994995, 52.527891677033701, 0.0 ], [ -116.893247841500795, 52.528763611447893, 0.0 ], [ -116.893232285546304, 52.528969152797522, 0.0 ], [ -116.893298261259602, 52.529213048668304, 0.0 ], [ -116.893473079912695, 52.529413646764901, 0.0 ], [ -116.893678343244403, 52.529602233867408, 0.0 ], [ -116.894003612679796, 52.529711803507432, 0.0 ], [ -116.894183415792696, 52.529902254463067, 0.0 ], [ -116.894111130486195, 52.530131948047163, 0.0 ], [ -116.894124019728395, 52.530344076366553, 0.0 ], [ -116.894126180517205, 52.530379546020569, 0.0 ], [ -116.8945882796463, 52.530745286800887, 0.0 ], [ -116.894870502072706, 52.531144606388153, 0.0 ], [ -116.895340468586596, 52.531518296724727, 0.0 ], [ -116.895412230517195, 52.531741752010333, 0.0 ], [ -116.895422296520195, 52.531999503165807, 0.0 ], [ -116.895362272550102, 52.532234694906592, 0.0 ], [ -116.8952155372573, 52.532444280467367, 0.0 ], [ -116.895147264796506, 52.532676662809479, 0.0 ], [ -116.895130153719094, 52.532902764867522, 0.0 ], [ -116.895200764534493, 52.533141621057098, 0.0 ], [ -116.895325030273, 52.533340810623159, 0.0 ], [ -116.895379175822598, 52.533574057576729, 0.0 ], [ -116.895374450382604, 52.534027075533011, 0.0 ], [ -116.895350487036495, 52.534232391912653, 0.0 ], [ -116.895211518837996, 52.534673906363807, 0.0 ], [ -116.895258584066994, 52.534888942084002, 0.0 ], [ -116.895344145368597, 52.535097334542833, 0.0 ], [ -116.895509200629803, 52.535315688389183, 0.0 ], [ -116.895738434449896, 52.535522966447893, 0.0 ], [ -116.895853920737906, 52.535727048160197, 0.0 ], [ -116.895917065868005, 52.535780005681637, 0.0 ], [ -116.896328536456707, 52.536095712046837, 0.0 ], [ -116.8965139457341, 52.53626827753579, 0.0 ], [ -116.8967273212794, 52.536462243381429, 0.0 ], [ -116.896864058578302, 52.536664345513607, 0.0 ], [ -116.896974546546303, 52.536878588782763, 0.0 ], [ -116.897205542102796, 52.537062736609457, 0.0 ], [ -116.897531180899904, 52.537223805375731, 0.0 ], [ -116.897830252576995, 52.53734550538352, 0.0 ], [ -116.898539240278893, 52.537463273406203, 0.0 ], [ -116.898880764729896, 52.537470296742313, 0.0 ], [ -116.899610673132102, 52.537367219712081, 0.0 ], [ -116.899886826294804, 52.53723335620932, 0.0 ], [ -116.900418321169695, 52.536905841440337, 0.0 ], [ -116.900907329841502, 52.536525639249433, 0.0 ], [ -116.901218742786099, 52.536372174486303, 0.0 ], [ -116.901529294572001, 52.536285634890561, 0.0 ], [ -116.901865498908293, 52.536251303969323, 0.0 ], [ -116.902222323126693, 52.536279335037811, 0.0 ], [ -116.902556801848206, 52.536435489603193, 0.0 ], [ -116.902587974466201, 52.536693838185528, 0.0 ], [ -116.9023993042303, 52.536899672314853, 0.0 ], [ -116.901993971480195, 52.537513971512418, 0.0 ], [ -116.901946978928805, 52.537575892039918, 0.0 ], [ -116.901848595630099, 52.537705562331752, 0.0 ], [ -116.901632676857901, 52.537936380482591, 0.0 ], [ -116.901404966357902, 52.538099925039589, 0.0 ], [ -116.901073048145804, 52.53824508617231, 0.0 ], [ -116.900412144945804, 52.538496875103839, 0.0 ], [ -116.900073088317299, 52.538513096514627, 0.0 ], [ -116.899696920235698, 52.538461343703972, 0.0 ], [ -116.899288293041195, 52.538503918783967, 0.0 ], [ -116.899020365041906, 52.538640589277229, 0.0 ], [ -116.898676544267403, 52.538999114636539, 0.0 ], [ -116.898647970300502, 52.539209443850517, 0.0 ], [ -116.898724173426601, 52.539430434031019, 0.0 ], [ -116.898248721419407, 52.539798140036758, 0.0 ], [ -116.898103808079298, 52.540262680338436, 0.0 ], [ -116.897700209728498, 52.540238463037937, 0.0 ], [ -116.897360492649895, 52.540319027575613, 0.0 ], [ -116.897181366673294, 52.540509679213322, 0.0 ], [ -116.897029791580195, 52.540726846064302, 0.0 ], [ -116.897011871409205, 52.541187218151798, 0.0 ], [ -116.897099532121501, 52.541423990856643, 0.0 ], [ -116.8975241899727, 52.541840162029366, 0.0 ], [ -116.897673793333794, 52.542040060005853, 0.0 ], [ -116.897817379280497, 52.542486947485379, 0.0 ], [ -116.897757156165795, 52.542724706828793, 0.0 ], [ -116.897660563222104, 52.542940848754817, 0.0 ], [ -116.897636558696703, 52.543370159680457, 0.0 ], [ -116.897419685408096, 52.543557171143092, 0.0 ], [ -116.897290545989605, 52.543756950905937, 0.0 ], [ -116.897264226742294, 52.543993086072931, 0.0 ], [ -116.897345820083302, 52.544198789017081, 0.0 ], [ -116.897071008910501, 52.544649371981833, 0.0 ], [ -116.897004816423603, 52.544802241710187, 0.0 ], [ -116.896881617868999, 52.545086911415787, 0.0 ], [ -116.896785164183896, 52.545524479339157, 0.0 ], [ -116.896499058047397, 52.545956722010978, 0.0 ], [ -116.896287161851404, 52.54613356715447, 0.0 ], [ -116.896090555248193, 52.546331450013177, 0.0 ], [ -116.895957388926107, 52.546528531194532, 0.0 ], [ -116.895851363216593, 52.546757281494003, 0.0 ], [ -116.895834465691294, 52.546980807168708, 0.0 ], [ -116.895852233028094, 52.54719244473192, 0.0 ], [ -116.895949714499906, 52.547411466571923, 0.0 ], [ -116.896329598120303, 52.547805789889239, 0.0 ], [ -116.896487236004305, 52.548011048393803, 0.0 ], [ -116.896609434897002, 52.548238488707923, 0.0 ], [ -116.896687005944997, 52.548441503096193, 0.0 ], [ -116.896721234871904, 52.548658749530958, 0.0 ], [ -116.896708949818006, 52.548877254120463, 0.0 ], [ -116.896471577200899, 52.54955804765298, 0.0 ], [ -116.896362265534293, 52.549997835759328, 0.0 ], [ -116.896004150524504, 52.550878631641801, 0.0 ], [ -116.895713504361893, 52.551035248861979, 0.0 ], [ -116.895379658906194, 52.551092793712819, 0.0 ], [ -116.895034002661504, 52.551083073277432, 0.0 ], [ -116.894698146225707, 52.551055610638592, 0.0 ], [ -116.893659806934096, 52.550877067161863, 0.0 ], [ -116.893287325181603, 52.550887173040977, 0.0 ], [ -116.892903019010404, 52.550830014332412, 0.0 ], [ -116.892580251761501, 52.550741106559677, 0.0 ], [ -116.8916040289715, 52.55041237891318, 0.0 ], [ -116.891579546378694, 52.550408209753321, 0.0 ], [ -116.8912411807718, 52.55035067122197, 0.0 ], [ -116.890876811932301, 52.550309513281832, 0.0 ], [ -116.890489196870305, 52.550296016341179, 0.0 ], [ -116.890109832214705, 52.55028533582751, 0.0 ], [ -116.889702778212794, 52.55036140400783, 0.0 ], [ -116.889444844195296, 52.550531803419069, 0.0 ], [ -116.888819311717299, 52.551093503616819, 0.0 ], [ -116.888696181082096, 52.551324336094353, 0.0 ], [ -116.888625203428006, 52.551536041310257, 0.0 ], [ -116.888589261268294, 52.55178735810496, 0.0 ], [ -116.888476064490504, 52.552026604909948, 0.0 ], [ -116.888372910159802, 52.552244723157557, 0.0 ], [ -116.888355865713706, 52.552297633740153, 0.0 ], [ -116.888295580920499, 52.552484566825058, 0.0 ], [ -116.888252167712906, 52.552722788133529, 0.0 ], [ -116.888235718804395, 52.553886134821937, 0.0 ], [ -116.888150151175907, 52.554123185476541, 0.0 ], [ -116.8879715148651, 52.554306096632203, 0.0 ], [ -116.887904356047997, 52.554523064476669, 0.0 ], [ -116.887992979305807, 52.554746993015378, 0.0 ], [ -116.887802476528194, 52.554919289298887, 0.0 ], [ -116.887574610660394, 52.555082792179817, 0.0 ], [ -116.887261146510298, 52.555205264413907, 0.0 ], [ -116.886949420632902, 52.55530462878135, 0.0 ], [ -116.886347749270499, 52.555550292677673, 0.0 ], [ -116.885706323109304, 52.555874637133947, 0.0 ], [ -116.885178507530497, 52.556204786380512, 0.0 ], [ -116.885052514522101, 52.556417499409328, 0.0 ], [ -116.885030536275195, 52.55665118710877, 0.0 ], [ -116.885102767492498, 52.557090933327792, 0.0 ], [ -116.8850638051305, 52.557548154777102, 0.0 ], [ -116.885097706344098, 52.557991974468123, 0.0 ], [ -116.885151618615097, 52.55822780045149, 0.0 ], [ -116.885016783236594, 52.558445421504551, 0.0 ], [ -116.884686710027296, 52.559064358585452, 0.0 ], [ -116.884660130771394, 52.559303057599891, 0.0 ], [ -116.884676093536797, 52.559433733273472, 0.0 ], [ -116.884712244358099, 52.559729361011883, 0.0 ], [ -116.884700050544893, 52.560390756275972, 0.0 ], [ -116.884543223793898, 52.560842055328337, 0.0 ], [ -116.884278544793602, 52.561267152529382, 0.0 ], [ -116.884175624395596, 52.561954277298717, 0.0 ], [ -116.884070901172194, 52.562165040277947, 0.0 ], [ -116.883872283132007, 52.562331946787083, 0.0 ], [ -116.883485012175697, 52.562424011719102, 0.0 ], [ -116.882765315643596, 52.562553035653742, 0.0 ], [ -116.882422089832502, 52.562677237971187, 0.0 ], [ -116.882132287519198, 52.562820970587083, 0.0 ], [ -116.881891911517002, 52.562981538690408, 0.0 ], [ -116.881172688332697, 52.563437565981431, 0.0 ], [ -116.880857375386299, 52.563861237086677, 0.0 ], [ -116.8808184916182, 52.564094436618902, 0.0 ], [ -116.880884255734301, 52.564340895937747, 0.0 ], [ -116.881297581919299, 52.564684716026733, 0.0 ], [ -116.8813977276385, 52.564788742183062, 0.0 ], [ -116.881509058296899, 52.564904391850277, 0.0 ], [ -116.881758373261206, 52.565071062960847, 0.0 ], [ -116.882065431284104, 52.565200752878333, 0.0 ], [ -116.882398793674795, 52.565318305069887, 0.0 ], [ -116.883432535745897, 52.565561183113687, 0.0 ], [ -116.884081479024601, 52.565751999142307, 0.0 ], [ -116.885159439318898, 52.565913725460732, 0.0 ], [ -116.885533555456703, 52.56593971588498, 0.0 ], [ -116.885862585172205, 52.56600306891972, 0.0 ], [ -116.886166218534399, 52.566122342621078, 0.0 ], [ -116.886399431374301, 52.566334891194813, 0.0 ], [ -116.886661210150393, 52.566504491826002, 0.0 ], [ -116.886830754866594, 52.566663292111457, 0.0 ], [ -116.886862436008698, 52.566692965200907, 0.0 ], [ -116.886990205593506, 52.566902552880549, 0.0 ], [ -116.8869993134591, 52.567116513825582, 0.0 ], [ -116.886935576342907, 52.567343878134807, 0.0 ], [ -116.886574282131804, 52.567761093310303, 0.0 ], [ -116.886329176748703, 52.567983342185123, 0.0 ], [ -116.886137641617395, 52.568168470186592, 0.0 ], [ -116.885900467435803, 52.568342028882412, 0.0 ], [ -116.885348000989396, 52.568661174308069, 0.0 ], [ -116.884889175917294, 52.569026722380357, 0.0 ], [ -116.884608918310505, 52.569155279949612, 0.0 ], [ -116.884021503795495, 52.569488871712572, 0.0 ], [ -116.883577452918402, 52.569826520801968, 0.0 ], [ -116.883459056879701, 52.570049761425203, 0.0 ], [ -116.883399305342095, 52.570279804524809, 0.0 ], [ -116.883297203358097, 52.570511231068963, 0.0 ], [ -116.883146829478207, 52.570710396885559, 0.0 ], [ -116.882829398828406, 52.570827604258049, 0.0 ], [ -116.882094772990797, 52.570984528950817, 0.0 ], [ -116.881814125807495, 52.571118221135848, 0.0 ], [ -116.881580758452301, 52.571297009284628, 0.0 ], [ -116.881397600054797, 52.571482382028883, 0.0 ], [ -116.881285185278699, 52.571682615128722, 0.0 ], [ -116.881259156628204, 52.571913605226342, 0.0 ], [ -116.881280950441095, 52.572349359016187, 0.0 ], [ -116.881210950004302, 52.572769644882221, 0.0 ], [ -116.881092734448899, 52.572990315580199, 0.0 ], [ -116.880222818946606, 52.573480706773708, 0.0 ], [ -116.8798215524412, 52.573865891525998, 0.0 ], [ -116.879812524541705, 52.573887811638322, 0.0 ], [ -116.879743371882398, 52.574055612974547, 0.0 ], [ -116.879733447615905, 52.57407967011909, 0.0 ], [ -116.879569392250701, 52.574291335429272, 0.0 ], [ -116.8794335122289, 52.574521801449308, 0.0 ], [ -116.879349215712494, 52.574740845155723, 0.0 ], [ -116.879341411004305, 52.574954337111713, 0.0 ], [ -116.879470250913997, 52.575593942905428, 0.0 ], [ -116.879341123717097, 52.575791120106878, 0.0 ], [ -116.879298770311607, 52.575807488640123, 0.0 ], [ -116.879005810112403, 52.575920699809991, 0.0 ], [ -116.877649436284599, 52.576247996670631, 0.0 ], [ -116.877299390396701, 52.576348814467188, 0.0 ], [ -116.876601772319702, 52.576184907580647, 0.0 ], [ -116.876252678689596, 52.57616216086803, 0.0 ], [ -116.875897125706899, 52.576173023407399, 0.0 ], [ -116.875507153242097, 52.576238920584842, 0.0 ], [ -116.875203676046894, 52.576338480750181, 0.0 ], [ -116.874911184497506, 52.576515591337518, 0.0 ], [ -116.874745597470195, 52.576648163514172, 0.0 ], [ -116.874434057516297, 52.576841972300542, 0.0 ], [ -116.874206019678496, 52.577005459536572, 0.0 ], [ -116.874149855357103, 52.577243328204041, 0.0 ], [ -116.874065697042298, 52.577459800307579, 0.0 ], [ -116.873815600040103, 52.577635545235161, 0.0 ], [ -116.8736948529817, 52.577832951257093, 0.0 ], [ -116.873569971888998, 52.57795113408541, 0.0 ], [ -116.873550165465502, 52.57824328704973, 0.0 ], [ -116.873387169901306, 52.57836997850147, 0.0 ], [ -116.872941513653103, 52.57856071537455, 0.0 ], [ -116.871625015781305, 52.579214213833119, 0.0 ], [ -116.871369557296404, 52.57928708229651, 0.0 ], [ -116.870222134880905, 52.579276074569393, 0.0 ], [ -116.869899630147501, 52.579303296473213, 0.0 ], [ -116.869651971641105, 52.579381533001467, 0.0 ], [ -116.869214238377396, 52.579572320300798, 0.0 ], [ -116.869023251573395, 52.579685370508358, 0.0 ], [ -116.868719346757302, 52.579708428605947, 0.0 ], [ -116.868462458400799, 52.579628669550821, 0.0 ], [ -116.868254535872396, 52.579525055362517, 0.0 ], [ -116.867985007360005, 52.57946023742565, 0.0 ], [ -116.867668426387596, 52.579410130300332, 0.0 ], [ -116.867601151193398, 52.57938923502936, 0.0 ], [ -116.867416789496303, 52.579332004176713, 0.0 ], [ -116.867108833389196, 52.579291626938257, 0.0 ], [ -116.867022596067898, 52.579303277174681, 0.0 ], [ -116.866807236476802, 52.579332399703567, 0.0 ], [ -116.8666144876061, 52.579444376399969, 0.0 ], [ -116.865952235015996, 52.579747385909769, 0.0 ], [ -116.865479494987596, 52.579922330372177, 0.0 ], [ -116.864923882704304, 52.580051006122432, 0.0 ], [ -116.864669068872004, 52.580134561893288, 0.0 ], [ -116.8643926118378, 52.580197005988559, 0.0 ], [ -116.864029888996697, 52.580205120242667, 0.0 ], [ -116.863763800568407, 52.580278382389082, 0.0 ], [ -116.863478413026598, 52.580569685704212, 0.0 ], [ -116.863293512589095, 52.580685994816207, 0.0 ], [ -116.863173857771002, 52.580849526412329, 0.0 ], [ -116.863076793197905, 52.581125208896978, 0.0 ], [ -116.862981323102304, 52.581396350747568, 0.0 ], [ -116.862838380822595, 52.581802400330638, 0.0 ], [ -116.862670436323398, 52.582623252806471, 0.0 ], [ -116.862618746464307, 52.583052160605533, 0.0 ], [ -116.862384152003401, 52.583139090071811, 0.0 ], [ -116.862092972714393, 52.583186387922822, 0.0 ], [ -116.860179195036494, 52.583378691689063, 0.0 ], [ -116.859855169201595, 52.583346769287189, 0.0 ], [ -116.859616050783401, 52.583260658312, 0.0 ], [ -116.859294247467801, 52.58325023236506, 0.0 ], [ -116.859070126179006, 52.583341534954222, 0.0 ], [ -116.858895618388999, 52.583465985087031, 0.0 ], [ -116.858742883679696, 52.583604565911031, 0.0 ], [ -116.858215519688002, 52.584217525521609, 0.0 ], [ -116.857811574156599, 52.58487813487919, 0.0 ], [ -116.857793224990999, 52.585091314022392, 0.0 ], [ -116.857887004911603, 52.585255878303137, 0.0 ], [ -116.858199440209603, 52.585294185566973, 0.0 ], [ -116.858530284155705, 52.585293929745291, 0.0 ], [ -116.858742620145193, 52.585397041022283, 0.0 ], [ -116.858728938791302, 52.585597895988641, 0.0 ], [ -116.858651113301207, 52.585785393108416, 0.0 ], [ -116.858565367854098, 52.586193648501776, 0.0 ], [ -116.858488416597993, 52.586381149752107, 0.0 ], [ -116.858300820909093, 52.586498510346537, 0.0 ], [ -116.858308817461804, 52.586674279105331, 0.0 ], [ -116.858532680388805, 52.586774249631283, 0.0 ], [ -116.859259226727005, 52.587019770639152, 0.0 ], [ -116.859853651774202, 52.587119243824738, 0.0 ], [ -116.859984752647094, 52.587271724717397, 0.0 ], [ -116.859981923148794, 52.587502758100896, 0.0 ], [ -116.859881861038701, 52.587922195993933, 0.0 ], [ -116.859884762965507, 52.588536149124643, 0.0 ], [ -116.859885093619397, 52.588605683458738, 0.0 ], [ -116.859781708593005, 52.589014352516593, 0.0 ], [ -116.859771075543904, 52.589238338574361, 0.0 ], [ -116.859813861941902, 52.589439610830773, 0.0 ], [ -116.859945869931494, 52.589589945718032, 0.0 ], [ -116.860236058582402, 52.589639894855168, 0.0 ], [ -116.860494064330098, 52.589711110122693, 0.0 ], [ -116.860556524015493, 52.589898013057272, 0.0 ], [ -116.860474466862399, 52.5900768787915, 0.0 ], [ -116.860425592673707, 52.590272088475743, 0.0 ], [ -116.860444128904305, 52.590494141960733, 0.0 ], [ -116.860516423146194, 52.590675746186939, 0.0 ], [ -116.860417630880605, 52.59085287795736, 0.0 ], [ -116.860283032455598, 52.591010397582572, 0.0 ], [ -116.860194692521304, 52.591194049023919, 0.0 ], [ -116.860042393679393, 52.591577104593952, 0.0 ], [ -116.860025468861494, 52.592030478174472, 0.0 ], [ -116.859941554180395, 52.592213088411, 0.0 ], [ -116.859643940759995, 52.592492458118713, 0.0 ], [ -116.859461415564297, 52.592620605580812, 0.0 ], [ -116.859181440832103, 52.59267764926178, 0.0 ], [ -116.858856136546095, 52.592707501800177, 0.0 ], [ -116.858499486736207, 52.592715619998003, 0.0 ], [ -116.858237010942503, 52.59278033014099, 0.0 ], [ -116.858094527915895, 52.592935092521707, 0.0 ], [ -116.857994164628494, 52.593100923104338, 0.0 ], [ -116.857982847750307, 52.593315223040953, 0.0 ], [ -116.858021860896798, 52.593528292428758, 0.0 ], [ -116.858024580516201, 52.593746465660239, 0.0 ], [ -116.857932135536899, 52.593913421287873, 0.0 ], [ -116.857311969558097, 52.594215674581733, 0.0 ], [ -116.857141706751406, 52.594346585305892, 0.0 ], [ -116.856939772782297, 52.594695434766621, 0.0 ], [ -116.856877688749293, 52.594887872577651, 0.0 ], [ -116.856855633440006, 52.595109609478847, 0.0 ], [ -116.856789927361405, 52.595307932710497, 0.0 ], [ -116.856626368916494, 52.595464786671798, 0.0 ], [ -116.856458287929499, 52.595566095960173, 0.0 ], [ -116.856211141709693, 52.595657760716833, 0.0 ], [ -116.855940509109899, 52.595732603875227, 0.0 ], [ -116.855781471994106, 52.595766651535051, 0.0 ], [ -116.855756565827505, 52.595771989974153, 0.0 ], [ -116.8553777358037, 52.59585310595164, 0.0 ], [ -116.855311353006897, 52.595913529421843, 0.0 ], [ -116.855223147120697, 52.595993814573312, 0.0 ], [ -116.855030227882096, 52.596110065576013, 0.0 ], [ -116.854328669090094, 52.596375690618054, 0.0 ], [ -116.854078057882603, 52.596531692391842, 0.0 ], [ -116.853954953483907, 52.59661847763406, 0.0 ], [ -116.853452338992099, 52.597040857110571, 0.0 ], [ -116.853196421040096, 52.597350598550157, 0.0 ], [ -116.853096706110307, 52.597527171503913, 0.0 ], [ -116.852924770860994, 52.597651634791283, 0.0 ], [ -116.852669883479507, 52.597732494263759, 0.0 ], [ -116.852444553664895, 52.597836141609719, 0.0 ], [ -116.851866839967897, 52.598173050370818, 0.0 ], [ -116.851202477973601, 52.59847385629876, 0.0 ], [ -116.851007682255698, 52.598592774389488, 0.0 ], [ -116.850881808659494, 52.598753572519463, 0.0 ], [ -116.850802909227795, 52.599167795268237, 0.0 ], [ -116.850706712411295, 52.59934439293356, 0.0 ], [ -116.850558982565602, 52.599494289601637, 0.0 ], [ -116.850444349996295, 52.599665363571511, 0.0 ], [ -116.850318018305401, 52.600068499787497, 0.0 ], [ -116.850194881370399, 52.60114864376969, 0.0 ], [ -116.850023802561694, 52.601273656822947, 0.0 ], [ -116.849478482515707, 52.601401231485028, 0.0 ], [ -116.849260339125394, 52.601495801411801, 0.0 ], [ -116.849133604239498, 52.601653364721287, 0.0 ], [ -116.849082859655198, 52.601852322947238, 0.0 ], [ -116.8490789864139, 52.602309554462202, 0.0 ], [ -116.849151216627405, 52.602491704917163, 0.0 ], [ -116.849300314099295, 52.6026271417904, 0.0 ], [ -116.849683174690895, 52.602857266212027, 0.0 ], [ -116.849835918203993, 52.602986286101569, 0.0 ], [ -116.849856668320896, 52.602997691243758, 0.0 ], [ -116.850233123960805, 52.603204698233782, 0.0 ], [ -116.850377671790596, 52.603346005647488, 0.0 ], [ -116.850454359543406, 52.603527115123747, 0.0 ], [ -116.850454921543204, 52.603983827606477, 0.0 ], [ -116.850396253818602, 52.604181129177711, 0.0 ], [ -116.850290552797105, 52.604346378473593, 0.0 ], [ -116.850260665387495, 52.604560535460372, 0.0 ], [ -116.850283612561896, 52.604678747143588, 0.0 ], [ -116.850300671765496, 52.604766630209078, 0.0 ], [ -116.850413127819294, 52.604923811240567, 0.0 ], [ -116.850311949029802, 52.605084258563473, 0.0 ], [ -116.850117216440196, 52.605200474519812, 0.0 ], [ -116.849608222533803, 52.605361664086907, 0.0 ], [ -116.848709774358994, 52.605753127208118, 0.0 ], [ -116.848439943606806, 52.605828497777381, 0.0 ], [ -116.848160770792703, 52.605884450618682, 0.0 ], [ -116.847550059272606, 52.605975978563201, 0.0 ], [ -116.846951363655705, 52.605893166571917, 0.0 ], [ -116.846672026366903, 52.60595825632295, 0.0 ], [ -116.846521857038397, 52.606095224028188, 0.0 ], [ -116.846108274318595, 52.606557998374349, 0.0 ], [ -116.845824394808304, 52.606847623397229, 0.0 ], [ -116.845443450016106, 52.60731171248689, 0.0 ], [ -116.844881807409706, 52.607893192816327, 0.0 ], [ -116.844781389563494, 52.608057931841131, 0.0 ], [ -116.844528956425293, 52.608626127904863, 0.0 ], [ -116.844383172983498, 52.609026419597953, 0.0 ], [ -116.844348621119195, 52.609251280186918, 0.0 ], [ -116.844311945914896, 52.609932326687961, 0.0 ], [ -116.844239254457406, 52.610121989806409, 0.0 ], [ -116.844142505500798, 52.610228323294884, 0.0 ], [ -116.843971122983504, 52.610416581755644, 0.0 ], [ -116.843924425228096, 52.610499485772621, 0.0 ], [ -116.843872256510494, 52.610592080546503, 0.0 ], [ -116.843795058582401, 52.610787095292238, 0.0 ], [ -116.843613924379, 52.6111928833703, 0.0 ], [ -116.843611455346704, 52.611198407762252, 0.0 ], [ -116.843550031360905, 52.611336003734984, 0.0 ], [ -116.843443160811901, 52.611732280064473, 0.0 ], [ -116.843102222739105, 52.612222433852978, 0.0 ], [ -116.843052041790799, 52.612433226348557, 0.0 ], [ -116.843058887592306, 52.612662704081757, 0.0 ], [ -116.843126618034404, 52.612849659189919, 0.0 ], [ -116.843259575849999, 52.612997343977383, 0.0 ], [ -116.843614104286004, 52.613262163382437, 0.0 ], [ -116.843776183911899, 52.613383238143378, 0.0 ], [ -116.844223360599301, 52.613577856716361, 0.0 ], [ -116.844413599394301, 52.613687815221951, 0.0 ], [ -116.844725887543106, 52.613960961807443, 0.0 ], [ -116.844841936504693, 52.614117103435341, 0.0 ], [ -116.844976355993794, 52.61449959992089, 0.0 ], [ -116.845001231052393, 52.614710949997509, 0.0 ], [ -116.844959897752602, 52.614921803309343, 0.0 ], [ -116.844815641279993, 52.615289859839599, 0.0 ], [ -116.844704437228799, 52.615681805211047, 0.0 ], [ -116.844573339505303, 52.615835032409358, 0.0 ], [ -116.8444232800869, 52.615885879609557, 0.0 ], [ -116.844075652016301, 52.615997881024512, 0.0 ], [ -116.843614370461395, 52.616173760973389, 0.0 ], [ -116.843596089076698, 52.616180738620351, 0.0 ], [ -116.843329705335606, 52.616256124242838, 0.0 ], [ -116.842992109367898, 52.616272937662409, 0.0 ], [ -116.842360765800507, 52.616191365360251, 0.0 ], [ -116.842202560691604, 52.616140199209113, 0.0 ], [ -116.842110769050606, 52.616110514798571, 0.0 ], [ -116.841932226732894, 52.61598989170583, 0.0 ], [ -116.841622178128901, 52.615692578885877, 0.0 ], [ -116.841293684243297, 52.615434894552273, 0.0 ], [ -116.841069820030398, 52.615328980680452, 0.0 ], [ -116.840784354503896, 52.615261288599598, 0.0 ], [ -116.840436891319698, 52.615240946580343, 0.0 ], [ -116.840155699947502, 52.615305464563868, 0.0 ], [ -116.839685354236806, 52.615470100540833, 0.0 ], [ -116.838810489440405, 52.615640306501959, 0.0 ], [ -116.838476109876098, 52.615675928274143, 0.0 ], [ -116.837726342866702, 52.615684804733696, 0.0 ], [ -116.837004510224801, 52.615714291036291, 0.0 ], [ -116.836395058551801, 52.615813935003317, 0.0 ], [ -116.8358605361408, 52.615962497483139, 0.0 ], [ -116.835578706444906, 52.616015168225687, 0.0 ], [ -116.834929322659306, 52.61608172800301, 0.0 ], [ -116.834669232844902, 52.616153912203579, 0.0 ], [ -116.834262181517204, 52.616373286780828, 0.0 ], [ -116.834081869201398, 52.616512152131762, 0.0 ], [ -116.833651914403802, 52.616942519969662, 0.0 ], [ -116.833487793623803, 52.617069683275517, 0.0 ], [ -116.833273941335705, 52.617164245406222, 0.0 ], [ -116.8331237975449, 52.617253845338702, 0.0 ], [ -116.833085457393594, 52.617276718948233, 0.0 ], [ -116.832765150220993, 52.617308683226277, 0.0 ], [ -116.8320229990576, 52.617293373160308, 0.0 ], [ -116.8317666243248, 52.617271116198602, 0.0 ], [ -116.831358439129104, 52.617235670464929, 0.0 ], [ -116.831321173945398, 52.617228025449172, 0.0 ], [ -116.830779940704602, 52.617116820849589, 0.0 ], [ -116.830515879095998, 52.617037446001277, 0.0 ], [ -116.830390756505494, 52.616964614078093, 0.0 ], [ -116.830314436724194, 52.616920935560962, 0.0 ], [ -116.829947346637198, 52.61682538693475, 0.0 ], [ -116.829243579484, 52.616571067812828, 0.0 ], [ -116.828965685966807, 52.616506835475917, 0.0 ], [ -116.828724034356895, 52.616420068536819, 0.0 ], [ -116.8284275580301, 52.616370881481622, 0.0 ], [ -116.828094837442194, 52.616338821612658, 0.0 ], [ -116.827338283480003, 52.616345560210789, 0.0 ], [ -116.827067958684594, 52.616415102545183, 0.0 ], [ -116.826849633026796, 52.616514281494517, 0.0 ], [ -116.826663900040302, 52.616637107499017, 0.0 ], [ -116.825823311991897, 52.617314792526848, 0.0 ], [ -116.825699966889701, 52.617382201449217, 0.0 ], [ -116.825402500444696, 52.617522794553402, 0.0 ], [ -116.824879285989795, 52.617641946392567, 0.0 ], [ -116.824845978732299, 52.617649529531093, 0.0 ], [ -116.824528924885996, 52.617691622349049, 0.0 ], [ -116.823982966040006, 52.617819441684432, 0.0 ], [ -116.823668611851801, 52.617849734394241, 0.0 ], [ -116.823395952508093, 52.617817204137012, 0.0 ], [ -116.823044765967595, 52.617746439846329, 0.0 ], [ -116.822836282631101, 52.617642177165408, 0.0 ], [ -116.822412724121506, 52.61743036200911, 0.0 ], [ -116.822044418634903, 52.617187085986487, 0.0 ], [ -116.821523857790993, 52.616794309398912, 0.0 ], [ -116.821295502191404, 52.616692518333707, 0.0 ], [ -116.821014088138995, 52.616628256780032, 0.0 ], [ -116.820718196696305, 52.616680583816077, 0.0 ], [ -116.8206715697645, 52.616716155503518, 0.0 ], [ -116.820553632428698, 52.616806123910798, 0.0 ], [ -116.8202637736333, 52.616965817976023, 0.0 ], [ -116.8201495602856, 52.617016278424579, 0.0 ], [ -116.820015807858496, 52.617170325452911, 0.0 ], [ -116.819952514679798, 52.61737067509808, 0.0 ], [ -116.819968784044406, 52.617642453079938, 0.0 ], [ -116.820006347072905, 52.618270124033202, 0.0 ], [ -116.820079024621805, 52.61846629910201, 0.0 ], [ -116.820291640870906, 52.618811992799188, 0.0 ], [ -116.820334335596399, 52.618994741462998, 0.0 ], [ -116.820313135057205, 52.619016608964422, 0.0 ], [ -116.820056246268194, 52.619288832364973, 0.0 ], [ -116.819971812734707, 52.619475168205533, 0.0 ], [ -116.819957195214101, 52.619942570996152, 0.0 ], [ -116.819820053902603, 52.620330875402033, 0.0 ], [ -116.819713621186594, 52.620495728558843, 0.0 ], [ -116.819622061948195, 52.620592352429803, 0.0 ], [ -116.819475509957599, 52.620747045072399, 0.0 ], [ -116.818940834870205, 52.621172878170803, 0.0 ], [ -116.818807921308405, 52.621332299527133, 0.0 ], [ -116.818733184479001, 52.621522408984958, 0.0 ], [ -116.818692834151605, 52.621730275873041, 0.0 ], [ -116.818692113709403, 52.621966677327187, 0.0 ], [ -116.818730311774203, 52.622181110410089, 0.0 ], [ -116.818809212032505, 52.622368708498783, 0.0 ], [ -116.819083774326899, 52.622666105216219, 0.0 ], [ -116.819441475931498, 52.622918512147422, 0.0 ], [ -116.819622108236302, 52.623000829678212, 0.0 ], [ -116.819663672719102, 52.623019764663752, 0.0 ], [ -116.819833719045207, 52.623141919654373, 0.0 ], [ -116.819810272936806, 52.623301450882849, 0.0 ], [ -116.819622115039294, 52.623407949227477, 0.0 ], [ -116.819611267726003, 52.623414079427718, 0.0 ], [ -116.819322591167605, 52.623703851446223, 0.0 ], [ -116.818511452566895, 52.623900153047522, 0.0 ], [ -116.817208179604705, 52.62429483522768, 0.0 ], [ -116.816972737461498, 52.62439697269317, 0.0 ], [ -116.816783438694799, 52.624507963341053, 0.0 ], [ -116.816617052608706, 52.624632950732867, 0.0 ], [ -116.816358416828706, 52.624871451968957, 0.0 ], [ -116.816200880349697, 52.625023206444403, 0.0 ], [ -116.816044809834693, 52.625241021117787, 0.0 ], [ -116.815956837794303, 52.625420392066481, 0.0 ], [ -116.815896218843307, 52.625611036795327, 0.0 ], [ -116.815924887808904, 52.626048957207672, 0.0 ], [ -116.815987842031902, 52.626247810231739, 0.0 ], [ -116.816181025904299, 52.626594574333183, 0.0 ], [ -116.816318329084496, 52.626736566201593, 0.0 ], [ -116.816720223140194, 52.626987395132574, 0.0 ], [ -116.817163738396999, 52.627193664431019, 0.0 ], [ -116.817407178339707, 52.627283144042117, 0.0 ], [ -116.817664049455104, 52.627351424109072, 0.0 ], [ -116.818224231359096, 52.627479642115382, 0.0 ], [ -116.818635928455393, 52.627701477755437, 0.0 ], [ -116.818960070237097, 52.62796993457853, 0.0 ], [ -116.819253262256098, 52.628252323010422, 0.0 ], [ -116.819389661740402, 52.62841096471314, 0.0 ], [ -116.819477442714302, 52.628581380732847, 0.0 ], [ -116.819474972490397, 52.628811864195903, 0.0 ], [ -116.819383677558804, 52.62922705009828, 0.0 ], [ -116.8193106884885, 52.629416096575561, 0.0 ], [ -116.819206004786494, 52.629575562037381, 0.0 ], [ -116.819073110514594, 52.629725294752213, 0.0 ], [ -116.818971051281395, 52.629891760798799, 0.0 ], [ -116.818813811588399, 52.630428002313998, 0.0 ], [ -116.818797959875496, 52.630482033626798, 0.0 ], [ -116.818665036328198, 52.63063336825666, 0.0 ], [ -116.818471297358599, 52.630744376460051, 0.0 ], [ -116.818320745702295, 52.630889818098026, 0.0 ], [ -116.817966901990104, 52.631375636512281, 0.0 ], [ -116.817788279917096, 52.631742373281767, 0.0 ], [ -116.817807945130696, 52.631956775968277, 0.0 ], [ -116.817854599279698, 52.632100111351868, 0.0 ], [ -116.817872689932997, 52.632155637317908, 0.0 ], [ -116.818073884558402, 52.632499199120197, 0.0 ], [ -116.8184220994942, 52.632992256334838, 0.0 ], [ -116.818574458261494, 52.633130506525333, 0.0 ], [ -116.818761299938302, 52.633258603537122, 0.0 ], [ -116.818971174975403, 52.633361980591928, 0.0 ], [ -116.819227052066594, 52.633435344868012, 0.0 ], [ -116.819560801005196, 52.633466345986719, 0.0 ], [ -116.819622284135704, 52.633468054958037, 0.0 ], [ -116.820288416067299, 52.633486504310873, 0.0 ], [ -116.821303350270298, 52.63341884461834, 0.0 ], [ -116.821599027262295, 52.633472893463193, 0.0 ], [ -116.821743451254207, 52.63361380718991, 0.0 ], [ -116.821966128262105, 52.634167474056447, 0.0 ], [ -116.822031161511504, 52.634582318655617, 0.0 ], [ -116.822090343195399, 52.635478535129103, 0.0 ], [ -116.822233180296607, 52.635856394281092, 0.0 ], [ -116.822265205585296, 52.636072423044602, 0.0 ], [ -116.822201936390698, 52.63626901301852, 0.0 ], [ -116.821458827941797, 52.63697791076445, 0.0 ], [ -116.821292411887995, 52.637107212330783, 0.0 ], [ -116.820670496748605, 52.637449299968416, 0.0 ], [ -116.820519070851006, 52.637582921364881, 0.0 ], [ -116.8203986193802, 52.63799217824581, 0.0 ], [ -116.8200634126392, 52.638738606463463, 0.0 ], [ -116.819932378446893, 52.639138193166808, 0.0 ], [ -116.819832644723803, 52.639328694777788, 0.0 ], [ -116.819744049116906, 52.63949794953983, 0.0 ], [ -116.819720509015795, 52.639599798269828, 0.0 ], [ -116.819648301316604, 52.639912106785268, 0.0 ], [ -116.819622386101202, 52.639959204823278, 0.0 ], [ -116.819619773663106, 52.639963984297701, 0.0 ], [ -116.819548836293805, 52.640093050642321, 0.0 ], [ -116.818342315956002, 52.641246819402269, 0.0 ], [ -116.818148515136002, 52.641370697254423, 0.0 ], [ -116.817533586232599, 52.641706346996372, 0.0 ], [ -116.816424464271904, 52.642465874253418, 0.0 ], [ -116.815896800659502, 52.642856951169371, 0.0 ], [ -116.815438638861707, 52.643055194038809, 0.0 ], [ -116.814909946001293, 52.643200736043191, 0.0 ], [ -116.814265731086294, 52.643287021829032, 0.0 ], [ -116.813175631505302, 52.643309948086241, 0.0 ], [ -116.812851332279195, 52.643341801224011, 0.0 ], [ -116.812562324480197, 52.643395735298029, 0.0 ], [ -116.8123305945754, 52.643484079712991, 0.0 ], [ -116.812128878770693, 52.643587012765558, 0.0 ], [ -116.811898024433304, 52.643680235173157, 0.0 ], [ -116.811454854669506, 52.64387365569543, 0.0 ], [ -116.811393338100004, 52.643941254685132, 0.0 ], [ -116.810808661626993, 52.644863173522829, 0.0 ], [ -116.810522314482398, 52.645163633186357, 0.0 ], [ -116.810427368808902, 52.645568080577348, 0.0 ], [ -116.810340200207904, 52.645751175926982, 0.0 ], [ -116.810060110713806, 52.646045818085838, 0.0 ], [ -116.809714745853995, 52.646306521131628, 0.0 ], [ -116.809598518017594, 52.646463282436507, 0.0 ], [ -116.809518436345002, 52.646640494238639, 0.0 ], [ -116.809437574665395, 52.646738690035903, 0.0 ], [ -116.809395158218194, 52.646790220287322, 0.0 ], [ -116.8090771138436, 52.647067072419837, 0.0 ], [ -116.808720300998502, 52.647311655971997, 0.0 ], [ -116.807812671308795, 52.647692552322233, 0.0 ], [ -116.807773768058695, 52.647713877971903, 0.0 ], [ -116.807617091387598, 52.647799790322722, 0.0 ], [ -116.807328010059095, 52.647993336085378, 0.0 ], [ -116.806894622385201, 52.648283534208637, 0.0 ], [ -116.806576536753496, 52.648561458491393, 0.0 ], [ -116.806507032500903, 52.64874132215072, 0.0 ], [ -116.806562082382399, 52.648841179714061, 0.0 ], [ -116.806602762999006, 52.648914981841529, 0.0 ], [ -116.806743596690296, 52.649069882264143, 0.0 ], [ -116.807085571703794, 52.649318537521907, 0.0 ], [ -116.807327964308001, 52.649483790803117, 0.0 ], [ -116.807441679842896, 52.649561300500842, 0.0 ], [ -116.807656894717795, 52.64966630722197, 0.0 ], [ -116.807773738907599, 52.649704516713221, 0.0 ], [ -116.808159925913898, 52.649830805287102, 0.0 ], [ -116.808909206751594, 52.650073451213657, 0.0 ], [ -116.809132428434296, 52.650165587476067, 0.0 ], [ -116.809569941319893, 52.650376745528717, 0.0 ], [ -116.810261632419298, 52.650674130352208, 0.0 ], [ -116.810752345928805, 52.650831070253979, 0.0 ], [ -116.810987970888405, 52.650917842400219, 0.0 ], [ -116.811262538841603, 52.650976755626417, 0.0 ], [ -116.811423979948998, 52.651029967443158, 0.0 ], [ -116.811506119633407, 52.65105705392655, 0.0 ], [ -116.811647903121596, 52.651205000947577, 0.0 ], [ -116.811740094677205, 52.651382937331832, 0.0 ], [ -116.811859750307505, 52.651538335541503, 0.0 ], [ -116.812014787411698, 52.651679819988992, 0.0 ], [ -116.812680463675207, 52.652104988524961, 0.0 ], [ -116.813295922773605, 52.652513015257298, 0.0 ], [ -116.813427974333806, 52.652660379662791, 0.0 ], [ -116.813488319029105, 52.652854390074943, 0.0 ], [ -116.813482298144507, 52.653083818546627, 0.0 ], [ -116.813355592451302, 52.653476396133932, 0.0 ], [ -116.813159085115402, 52.653594397033267, 0.0 ], [ -116.813073762180395, 52.653610300390937, 0.0 ], [ -116.812861158211106, 52.65364990608424, 0.0 ], [ -116.8121136494631, 52.653658164194859, 0.0 ], [ -116.810880562519998, 52.653829710585377, 0.0 ], [ -116.810624977989903, 52.653900308457068, 0.0 ], [ -116.810447186161994, 52.653967433245107, 0.0 ], [ -116.810385232917199, 52.653990829036239, 0.0 ], [ -116.810173714855097, 52.654101283728913, 0.0 ], [ -116.809786333799494, 52.654266914317823, 0.0 ], [ -116.809484529648799, 52.654379850571893, 0.0 ], [ -116.809281812996801, 52.654497229181104, 0.0 ], [ -116.809106441655402, 52.654623869109237, 0.0 ], [ -116.808706312191106, 52.654860325526727, 0.0 ], [ -116.8081389525899, 52.655430234803553, 0.0 ], [ -116.807861396940396, 52.655735049284992, 0.0 ], [ -116.807864168452895, 52.655881467339277, 0.0 ], [ -116.807865174652207, 52.655933846307093, 0.0 ], [ -116.808115064940694, 52.656252199039088, 0.0 ], [ -116.808605877135307, 52.656669209473243, 0.0 ], [ -116.809523626777704, 52.657314457820689, 0.0 ], [ -116.809715010683604, 52.657424861973993, 0.0 ], [ -116.810250951438107, 52.657825733302957, 0.0 ], [ -116.811265360090104, 52.658377639012173, 0.0 ], [ -116.812217675120905, 52.658737667594707, 0.0 ], [ -116.812664163118995, 52.658935905673772, 0.0 ], [ -116.813709441343605, 52.659245496738137, 0.0 ], [ -116.814795492591202, 52.659518055123847, 0.0 ], [ -116.8151116961144, 52.659567859720802, 0.0 ], [ -116.815403986993104, 52.6596332031055, 0.0 ], [ -116.815917752740305, 52.659803037965318, 0.0 ], [ -116.816399668689598, 52.659991626321869, 0.0 ], [ -116.816884285081997, 52.660158197179364, 0.0 ], [ -116.817342318126293, 52.66035533139523, 0.0 ], [ -116.817949266005996, 52.660691257025547, 0.0 ], [ -116.818306397927003, 52.660944191101478, 0.0 ], [ -116.818612215819599, 52.661195688266353, 0.0 ], [ -116.818638726320799, 52.661217483061129, 0.0 ], [ -116.819064192939507, 52.661667663101873, 0.0 ], [ -116.819600272326298, 52.662069588869883, 0.0 ], [ -116.819622740267107, 52.66209226135485, 0.0 ], [ -116.820043450556994, 52.662516562956363, 0.0 ], [ -116.820150758801404, 52.66268482696038, 0.0 ], [ -116.820163401425901, 52.662891159168581, 0.0 ], [ -116.8200559895119, 52.663052256255888, 0.0 ], [ -116.819907998575303, 52.663187433062838, 0.0 ], [ -116.819729110499495, 52.663311380259472, 0.0 ], [ -116.8196227754826, 52.66336453252066, 0.0 ], [ -116.819521105288601, 52.663415347273421, 0.0 ], [ -116.819274303704901, 52.663499949401007, 0.0 ], [ -116.818964849386504, 52.663544748718117, 0.0 ], [ -116.818590148230697, 52.66354059103454, 0.0 ], [ -116.817947884698995, 52.663465201475447, 0.0 ], [ -116.817665278723496, 52.663403656237122, 0.0 ], [ -116.817480062374599, 52.663286855825831, 0.0 ], [ -116.817381580071199, 52.663121801036972, 0.0 ], [ -116.817253902264298, 52.662970137385372, 0.0 ], [ -116.816922435582995, 52.662703827172948, 0.0 ], [ -116.816722152077503, 52.6625998942515, 0.0 ], [ -116.816405855926007, 52.662573724415623, 0.0 ], [ -116.815810771597398, 52.662679978216403, 0.0 ], [ -116.815502221173105, 52.662719401887372, 0.0 ], [ -116.814908687540793, 52.662612866845642, 0.0 ], [ -116.814199184497298, 52.662570148481187, 0.0 ], [ -116.813429428361502, 52.662580029116533, 0.0 ], [ -116.813108516170502, 52.662617801718049, 0.0 ], [ -116.811479464906398, 52.662999500654678, 0.0 ], [ -116.811219371285105, 52.663082489292201, 0.0 ], [ -116.810768007807695, 52.663290393434487, 0.0 ], [ -116.810615551282297, 52.663432057013381, 0.0 ], [ -116.810529208982302, 52.663621623451611, 0.0 ], [ -116.810410247781505, 52.663789103371393, 0.0 ], [ -116.810221643717597, 52.663903857834967, 0.0 ], [ -116.810005713827593, 52.663994948751743, 0.0 ], [ -116.809565815996706, 52.66419859932374, 0.0 ], [ -116.807873264932894, 52.665051896239852, 0.0 ], [ -116.807773427468007, 52.665122478294087, 0.0 ], [ -116.807339118078403, 52.665429481629772, 0.0 ], [ -116.807327475180699, 52.665435946533457, 0.0 ], [ -116.806940671868801, 52.665650874252123, 0.0 ], [ -116.806195647958603, 52.666168546265247, 0.0 ], [ -116.806037038962501, 52.666302570155651, 0.0 ], [ -116.805798186671296, 52.666639170703327, 0.0 ], [ -116.805825776204202, 52.666841744770963, 0.0 ], [ -116.806052726143903, 52.66716868770591, 0.0 ], [ -116.805783995375705, 52.667717504331087, 0.0 ], [ -116.805658875442106, 52.667866177850676, 0.0 ], [ -116.805502839372707, 52.668010004647662, 0.0 ], [ -116.805162600501404, 52.668265886539423, 0.0 ], [ -116.805021553735898, 52.668417751355683, 0.0 ], [ -116.804967354195696, 52.668499520408922, 0.0 ], [ -116.804906972006506, 52.668590639171292, 0.0 ], [ -116.804757146938002, 52.668723738579423, 0.0 ], [ -116.804674350528003, 52.668767948490547, 0.0 ], [ -116.804553481512599, 52.668832517545667, 0.0 ], [ -116.804119753553906, 52.669027060393539, 0.0 ], [ -116.803839370516798, 52.669080968227377, 0.0 ], [ -116.803229837990102, 52.668988323190362, 0.0 ], [ -116.801885907964007, 52.66912206073463, 0.0 ], [ -116.801278390662503, 52.669213167470097, 0.0 ], [ -116.800732580754598, 52.669347354299227, 0.0 ], [ -116.799983047789496, 52.669611313099317, 0.0 ], [ -116.799437210523905, 52.669752969807831, 0.0 ], [ -116.798949522198598, 52.669944741133989, 0.0 ], [ -116.798125984421503, 52.670382664506391, 0.0 ], [ -116.797944397300995, 52.670497412066346, 0.0 ], [ -116.797786603962805, 52.670627745044243, 0.0 ], [ -116.797507885793706, 52.670799020314519, 0.0 ], [ -116.797200248633899, 52.670974115537881, 0.0 ], [ -116.797056510696706, 52.67112758546493, 0.0 ], [ -116.796537237801203, 52.67200382018698, 0.0 ], [ -116.796490562743202, 52.672207369027767, 0.0 ], [ -116.796493281757705, 52.672437333872999, 0.0 ], [ -116.796463346205897, 52.672653330308002, 0.0 ], [ -116.796157481580096, 52.673412636271841, 0.0 ], [ -116.795734299895003, 52.674096092305447, 0.0 ], [ -116.795676104569907, 52.674301793235237, 0.0 ], [ -116.795881203070707, 52.675799032852133, 0.0 ], [ -116.795930448038604, 52.67606947193525, 0.0 ], [ -116.795993928730795, 52.676418129826722, 0.0 ], [ -116.796071070680199, 52.6765987648945, 0.0 ], [ -116.7961969794775, 52.676748835233973, 0.0 ], [ -116.796326195171105, 52.6768359725395, 0.0 ], [ -116.796677788638306, 52.676890301344933, 0.0 ], [ -116.796896154584203, 52.676902149071857, 0.0 ], [ -116.797611735002803, 52.676847637664878, 0.0 ], [ -116.797932407249206, 52.676864563267642, 0.0 ], [ -116.798418573324, 52.677016625871047, 0.0 ], [ -116.798614318178096, 52.677126560862369, 0.0 ], [ -116.798865000071302, 52.677390651829313, 0.0 ], [ -116.799017622055402, 52.677611084849403, 0.0 ], [ -116.799047070227601, 52.677829563181518, 0.0 ], [ -116.798998909563807, 52.678018492060197, 0.0 ], [ -116.798789985545199, 52.678573932214007, 0.0 ], [ -116.798649832329701, 52.679534589448998, 0.0 ], [ -116.798651048443304, 52.679747477969727, 0.0 ], [ -116.798685737895497, 52.679972173047169, 0.0 ], [ -116.798755411759799, 52.680179490039649, 0.0 ], [ -116.798915147180793, 52.680318178494034, 0.0 ], [ -116.799159228117801, 52.680398200101813, 0.0 ], [ -116.799458951785496, 52.680430181171417, 0.0 ], [ -116.799804297452695, 52.680439377645179, 0.0 ], [ -116.800034284812796, 52.680342208352812, 0.0 ], [ -116.800196355623797, 52.680215529777669, 0.0 ], [ -116.800482790782098, 52.680148973605711, 0.0 ], [ -116.800737086355099, 52.680061372729867, 0.0 ], [ -116.8013035961269, 52.679914529787091, 0.0 ], [ -116.801771510537804, 52.679707378900048, 0.0 ], [ -116.801976826737999, 52.679592023030573, 0.0 ], [ -116.802345967490098, 52.679126168746109, 0.0 ], [ -116.802546218994195, 52.678795948958843, 0.0 ], [ -116.802714841831801, 52.678671641602328, 0.0 ], [ -116.803001239673506, 52.678650900582959, 0.0 ], [ -116.803350249996598, 52.678904132536587, 0.0 ], [ -116.803788208789101, 52.67909955976728, 0.0 ], [ -116.803952866369301, 52.679235296397273, 0.0 ], [ -116.804819028892695, 52.680105896039613, 0.0 ], [ -116.804931944200007, 52.680278721952057, 0.0 ], [ -116.804981095365605, 52.680498373051897, 0.0 ], [ -116.804975577928104, 52.680707289636103, 0.0 ], [ -116.804835463727699, 52.681272784803241, 0.0 ], [ -116.804736083845, 52.682093964079719, 0.0 ], [ -116.804783765878199, 52.682295901845002, 0.0 ], [ -116.804706259647105, 52.682681454197628, 0.0 ], [ -116.804510135431002, 52.683016310712908, 0.0 ], [ -116.804349316765197, 52.683145628618888, 0.0 ], [ -116.804285104365704, 52.683292653976842, 0.0 ], [ -116.804191394220396, 52.683507156814343, 0.0 ], [ -116.803999477371093, 52.683622924939051, 0.0 ], [ -116.803434840053896, 52.68377129004061, 0.0 ], [ -116.802839706543807, 52.683896919058711, 0.0 ], [ -116.802490520031995, 52.683932105607703, 0.0 ], [ -116.802206398116596, 52.683884271025143, 0.0 ], [ -116.802062157337005, 52.68373565594738, 0.0 ], [ -116.801844719043004, 52.683642985261798, 0.0 ], [ -116.801574869238394, 52.683589039758893, 0.0 ], [ -116.801219113485999, 52.683588965224097, 0.0 ], [ -116.800472416537403, 52.683630488314648, 0.0 ], [ -116.799931486615506, 52.683776570482188, 0.0 ], [ -116.799720152464701, 52.683886842021963, 0.0 ], [ -116.799365593281706, 52.68410770533194, 0.0 ], [ -116.799329768836202, 52.684130019996608, 0.0 ], [ -116.798870008149905, 52.684536208907389, 0.0 ], [ -116.798654920470398, 52.68484882046225, 0.0 ], [ -116.7984866430686, 52.685199533262548, 0.0 ], [ -116.798440764719402, 52.685444959464263, 0.0 ], [ -116.798488393968299, 52.685487385041483, 0.0 ], [ -116.799024923055697, 52.685947959762302, 0.0 ], [ -116.799237218017197, 52.686061923169213, 0.0 ], [ -116.799474454880894, 52.686156844420957, 0.0 ], [ -116.799856847080903, 52.686380401005927, 0.0 ], [ -116.800490267669602, 52.686676619252211, 0.0 ], [ -116.800742510456203, 52.686750847114268, 0.0 ], [ -116.801312481126402, 52.686845911896476, 0.0 ], [ -116.802110474945906, 52.687046588923323, 0.0 ], [ -116.802609894205702, 52.68720392012461, 0.0 ], [ -116.8031345970942, 52.68733142405727, 0.0 ], [ -116.803344640284493, 52.687441717635032, 0.0 ], [ -116.803473022797803, 52.687604055529668, 0.0 ], [ -116.803557694390094, 52.687797686299241, 0.0 ], [ -116.803794467295901, 52.688151942577981, 0.0 ], [ -116.803843636238895, 52.688371602629303, 0.0 ], [ -116.803933106037604, 52.688567686702548, 0.0 ], [ -116.804192256902297, 52.688877159736663, 0.0 ], [ -116.804366052779898, 52.689014591629842, 0.0 ], [ -116.8044840383767, 52.689093382213059, 0.0 ], [ -116.805133362023895, 52.689469800260177, 0.0 ], [ -116.805766753520501, 52.689844047875603, 0.0 ], [ -116.806212844591002, 52.690107629415287, 0.0 ], [ -116.806494005964694, 52.690273771759408, 0.0 ], [ -116.806708459904897, 52.69037561008907, 0.0 ], [ -116.806996553512107, 52.6904184966521, 0.0 ], [ -116.8073108502671, 52.690369301906607, 0.0 ], [ -116.8076493069061, 52.690374262712169, 0.0 ], [ -116.808443357466203, 52.690515924684547, 0.0 ], [ -116.808790701935294, 52.690577899756242, 0.0 ], [ -116.809421933183202, 52.690641759771921, 0.0 ], [ -116.810123542859699, 52.690662373546097, 0.0 ], [ -116.810830320884406, 52.690619384603302, 0.0 ], [ -116.811476725549298, 52.690672108383701, 0.0 ], [ -116.812189544122006, 52.690688069143881, 0.0 ], [ -116.812729645160303, 52.690813540641109, 0.0 ], [ -116.812983381201704, 52.690895527229742, 0.0 ], [ -116.813347790123004, 52.6911375274587, 0.0 ], [ -116.813795087172906, 52.691572000148348, 0.0 ], [ -116.813913369854504, 52.691738789078087, 0.0 ], [ -116.814008965914297, 52.691922871132839, 0.0 ], [ -116.814056021025195, 52.69213407663387, 0.0 ], [ -116.8140526441899, 52.692356803601797, 0.0 ], [ -116.8139452946088, 52.692733976816697, 0.0 ], [ -116.813549718755795, 52.693632460261647, 0.0 ], [ -116.813361487258803, 52.693980053731437, 0.0 ], [ -116.813281118377105, 52.694153776290882, 0.0 ], [ -116.813324390596506, 52.694336561798778, 0.0 ], [ -116.8134962227263, 52.694461067194062, 0.0 ], [ -116.813632221806699, 52.694604792751583, 0.0 ], [ -116.813591116882606, 52.69479521145189, 0.0 ], [ -116.813491373896298, 52.694958678021713, 0.0 ], [ -116.813567973788196, 52.695333650246923, 0.0 ], [ -116.813416292664598, 52.695464613132309, 0.0 ], [ -116.813230942981804, 52.695581932373877, 0.0 ], [ -116.813084166717999, 52.695719762776243, 0.0 ], [ -116.812897609249404, 52.695833349171572, 0.0 ], [ -116.812335609737602, 52.69595804214898, 0.0 ], [ -116.812113451464697, 52.696056457047597, 0.0 ], [ -116.811929276370805, 52.696387796423892, 0.0 ], [ -116.811742885978802, 52.696515923698932, 0.0 ], [ -116.811429726949996, 52.696789407504568, 0.0 ], [ -116.811226900030604, 52.697118546429508, 0.0 ], [ -116.810323442256902, 52.697714823179119, 0.0 ], [ -116.810296869184199, 52.697739937435202, 0.0 ], [ -116.810171769011404, 52.697858176294822, 0.0 ], [ -116.810115641965695, 52.697920459049513, 0.0 ], [ -116.810034204885, 52.698010840004528, 0.0 ], [ -116.809786525169997, 52.698285748749477, 0.0 ], [ -116.809693838271301, 52.698461400774526, 0.0 ], [ -116.809573797954798, 52.698626486938728, 0.0 ], [ -116.809176914296003, 52.699066188913761, 0.0 ], [ -116.808441936320506, 52.699775751896659, 0.0 ], [ -116.808165086459894, 52.700062236621932, 0.0 ], [ -116.807871319732698, 52.700556751124211, 0.0 ], [ -116.807581270622407, 52.701053886736538, 0.0 ], [ -116.807151424364406, 52.70150201747618, 0.0 ], [ -116.806558246215303, 52.702301379179453, 0.0 ], [ -116.806208146265902, 52.702806137293308, 0.0 ], [ -116.805910362246394, 52.703235485564477, 0.0 ], [ -116.805870828129699, 52.703292511431947, 0.0 ], [ -116.805761061536401, 52.703530313484407, 0.0 ], [ -116.805539856429206, 52.704009585542153, 0.0 ], [ -116.8053411339516, 52.704337015779522, 0.0 ], [ -116.805220632349901, 52.704495646934163, 0.0 ], [ -116.804985750289006, 52.705070353500282, 0.0 ], [ -116.804979504143205, 52.70514788455877, 0.0 ], [ -116.804951592494803, 52.70549343834837, 0.0 ], [ -116.804963987427598, 52.705937879085397, 0.0 ], [ -116.805004890726707, 52.706162143427349, 0.0 ], [ -116.805078589532997, 52.706348957368178, 0.0 ], [ -116.805318658495295, 52.706683021976048, 0.0 ], [ -116.805464251708798, 52.706823830340198, 0.0 ], [ -116.805672640214397, 52.706925321537511, 0.0 ], [ -116.805759221042507, 52.706935552635869, 0.0 ], [ -116.805908330804897, 52.70695318797938, 0.0 ], [ -116.8062059023747, 52.706988358244168, 0.0 ], [ -116.806898676672603, 52.707070244288623, 0.0 ], [ -116.807222033551099, 52.707035293224763, 0.0 ], [ -116.8080538098679, 52.706843251536881, 0.0 ], [ -116.808294317352605, 52.70675297310887, 0.0 ], [ -116.808706272983599, 52.706546252504047, 0.0 ], [ -116.809361433481598, 52.706238424029181, 0.0 ], [ -116.809634567822798, 52.706169855324283, 0.0 ], [ -116.810638158230802, 52.706065191638551, 0.0 ], [ -116.811252949265594, 52.705957960272947, 0.0 ], [ -116.812215434848696, 52.705836065840877, 0.0 ], [ -116.812579098830597, 52.705821018647747, 0.0 ], [ -116.812894456382494, 52.705847051167368, 0.0 ], [ -116.813181100263407, 52.705905568298483, 0.0 ], [ -116.813378572221396, 52.706015946858138, 0.0 ], [ -116.813551961445398, 52.706150087802193, 0.0 ], [ -116.813825954189895, 52.706462269500697, 0.0 ], [ -116.814044431215095, 52.706790429239803, 0.0 ], [ -116.814108677074401, 52.70722704125825, 0.0 ], [ -116.8143290450151, 52.708281210528099, 0.0 ], [ -116.814780538668003, 52.709200681647182, 0.0 ], [ -116.814921437997697, 52.70959492397661, 0.0 ], [ -116.814956030528194, 52.709804295713226, 0.0 ], [ -116.814940015334798, 52.710011770889139, 0.0 ], [ -116.814792169528999, 52.710368517034993, 0.0 ], [ -116.814549564116604, 52.710675622043873, 0.0 ], [ -116.814375455081404, 52.711023917973087, 0.0 ], [ -116.814330891059598, 52.711216565129277, 0.0 ], [ -116.814340159419501, 52.711442739850938, 0.0 ], [ -116.8143938647261, 52.71164728673466, 0.0 ], [ -116.814447226844507, 52.712387043880867, 0.0 ], [ -116.814460200891105, 52.712566802438701, 0.0 ], [ -116.814504751072604, 52.712779134847601, 0.0 ], [ -116.814598478049902, 52.713194517345038, 0.0 ], [ -116.814697309134701, 52.714109947347232, 0.0 ], [ -116.814665487065497, 52.714307085686613, 0.0 ], [ -116.814593282683006, 52.71449725067427, 0.0 ], [ -116.814390177440998, 52.714836644728017, 0.0 ], [ -116.814152330976398, 52.715161351104307, 0.0 ], [ -116.813680396300001, 52.71557943234302, 0.0 ], [ -116.813430080776598, 52.715891563624318, 0.0 ], [ -116.813253394446505, 52.716019436005411, 0.0 ], [ -116.813030856290993, 52.716126467179294, 0.0 ], [ -116.812486569900599, 52.716267333740298, 0.0 ], [ -116.812113263229904, 52.71628479412292, 0.0 ], [ -116.811385399323797, 52.716286397388068, 0.0 ], [ -116.811219758012996, 52.71631005674071, 0.0 ], [ -116.811070656620998, 52.716331348530041, 0.0 ], [ -116.810814010962702, 52.716407540299322, 0.0 ], [ -116.810609006142002, 52.716512483018882, 0.0 ], [ -116.810439741495102, 52.716633158975803, 0.0 ], [ -116.810334272455094, 52.716792455825207, 0.0 ], [ -116.810384749017601, 52.717000866420662, 0.0 ], [ -116.810543850557593, 52.717145069206893, 0.0 ], [ -116.811404297139802, 52.717556211349198, 0.0 ], [ -116.811979301916793, 52.717903951196412, 0.0 ], [ -116.812183396103606, 52.718007708629898, 0.0 ], [ -116.812339588052296, 52.718146593608083, 0.0 ], [ -116.812334293522198, 52.718343577409648, 0.0 ], [ -116.8122508090906, 52.71851251581171, 0.0 ], [ -116.812135211146, 52.718666185511047, 0.0 ], [ -116.812008484263501, 52.719045487844213, 0.0 ], [ -116.8117345380914, 52.719615477933012, 0.0 ], [ -116.811668873378807, 52.719752067705961, 0.0 ], [ -116.811571610425304, 52.719926755927077, 0.0 ], [ -116.811551897979299, 52.720119814303906, 0.0 ], [ -116.8117207778199, 52.72025085175742, 0.0 ], [ -116.812350463943602, 52.720570247692123, 0.0 ], [ -116.813720989505697, 52.721372789362484, 0.0 ], [ -116.814150640351897, 52.721570019718861, 0.0 ], [ -116.814604294655595, 52.721755863580988, 0.0 ], [ -116.815426717301605, 52.722204561259609, 0.0 ], [ -116.8155991994944, 52.722336571591867, 0.0 ], [ -116.815696749542894, 52.722509845481667, 0.0 ], [ -116.815700642124796, 52.722736156068557, 0.0 ], [ -116.8155685705172, 52.722894029978868, 0.0 ], [ -116.815375897300399, 52.723009953328997, 0.0 ], [ -116.815230691205201, 52.723157953959777, 0.0 ], [ -116.815137122156798, 52.723322326503251, 0.0 ], [ -116.815080878612704, 52.723512596962188, 0.0 ], [ -116.815218757541402, 52.723668120757182, 0.0 ], [ -116.815268232598299, 52.72386202632439, 0.0 ], [ -116.815022404051106, 52.724162750286133, 0.0 ], [ -116.814856589358598, 52.724295172364997, 0.0 ], [ -116.814482969195893, 52.724518624690702, 0.0 ], [ -116.814155266567695, 52.724788722793079, 0.0 ], [ -116.813223391049405, 52.725390051334443, 0.0 ], [ -116.813003256290003, 52.725494338749769, 0.0 ], [ -116.812813621471193, 52.725616085708083, 0.0 ], [ -116.812680182746305, 52.725767527951831, 0.0 ], [ -116.812577447616803, 52.725928367743059, 0.0 ], [ -116.812397970400298, 52.726276813494103, 0.0 ], [ -116.812164039592204, 52.726595502304278, 0.0 ], [ -116.812052617066598, 52.726846726614987, 0.0 ], [ -116.812003286566195, 52.726957962659419, 0.0 ], [ -116.8119809207614, 52.727027412117117, 0.0 ], [ -116.811951811833296, 52.727117894256658, 0.0 ], [ -116.811883851875606, 52.727329003620873, 0.0 ], [ -116.811925487315506, 52.728250785616687, 0.0 ], [ -116.811837751082194, 52.72842199200678, 0.0 ], [ -116.811978244940505, 52.72861010127496, 0.0 ], [ -116.812234801487506, 52.728865894764517, 0.0 ], [ -116.812511907312597, 52.729170457301308, 0.0 ], [ -116.812989099703799, 52.72960899482328, 0.0 ], [ -116.8131161810051, 52.729773948787731, 0.0 ], [ -116.813639625748394, 52.730153158338297, 0.0 ], [ -116.814055415196606, 52.730390572642577, 0.0 ], [ -116.814465793912504, 52.730601767989228, 0.0 ], [ -116.8148685660084, 52.730830923736157, 0.0 ], [ -116.815312835059004, 52.731033142449782, 0.0 ], [ -116.815795059058601, 52.731197252599721, 0.0 ], [ -116.816667919316004, 52.731335363753153, 0.0 ], [ -116.817202723503001, 52.73146632681491, 0.0 ], [ -116.817809259441503, 52.731547516795871, 0.0 ], [ -116.818131661571798, 52.731642144852763, 0.0 ], [ -116.818311589951605, 52.73169494635917, 0.0 ], [ -116.8185290664441, 52.731786505256942, 0.0 ], [ -116.818896070848695, 52.732034868964838, 0.0 ], [ -116.819198566795194, 52.732334448357889, 0.0 ], [ -116.8193259769062, 52.73250368929169, 0.0 ], [ -116.819488018918094, 52.732894649963548, 0.0 ], [ -116.819600076019199, 52.73332946277236, 0.0 ], [ -116.819645402077597, 52.73379722070262, 0.0 ], [ -116.819643950591598, 52.734265695601202, 0.0 ], [ -116.819642579698794, 52.73470191534765, 0.0 ], [ -116.819663503296297, 52.734929924076589, 0.0 ], [ -116.819730002358398, 52.73513897510265, 0.0 ], [ -116.819831810015899, 52.7353094377292, 0.0 ], [ -116.820264520199004, 52.735767417183261, 0.0 ], [ -116.820780583860099, 52.736153255323792, 0.0 ], [ -116.821052099908002, 52.736477311596637, 0.0 ], [ -116.821216661236804, 52.736620821007392, 0.0 ], [ -116.821584026319996, 52.736861121725497, 0.0 ], [ -116.821734048650598, 52.736999645897107, 0.0 ], [ -116.822205024536302, 52.737679784511712, 0.0 ], [ -116.822114960486701, 52.737941412312807, 0.0 ], [ -116.822078065778797, 52.738802898437598, 0.0 ], [ -116.822015490179993, 52.739444579544241, 0.0 ], [ -116.821815897191101, 52.739759681145692, 0.0 ], [ -116.821764184770203, 52.739951442601779, 0.0 ], [ -116.8218209523544, 52.740380715478302, 0.0 ], [ -116.821782705040405, 52.74058719123353, 0.0 ], [ -116.821693353697, 52.7407606053034, 0.0 ], [ -116.821702986725398, 52.74121210849556, 0.0 ], [ -116.821756189291406, 52.7414983926353, 0.0 ], [ -116.821784243245901, 52.741649333208393, 0.0 ], [ -116.821885491207397, 52.742791633182883, 0.0 ], [ -116.8218803160363, 52.743013900803618, 0.0 ], [ -116.821907979158595, 52.743249262846589, 0.0 ], [ -116.821963486591002, 52.743453209636471, 0.0 ], [ -116.822065222411993, 52.743634436188543, 0.0 ], [ -116.822474272858997, 52.744094641217451, 0.0 ], [ -116.822637539345493, 52.744232269926087, 0.0 ], [ -116.822812338321398, 52.744345406844253, 0.0 ], [ -116.822919586083401, 52.744345763943322, 0.0 ], [ -116.823075658887106, 52.744408296733511, 0.0 ], [ -116.823611013361102, 52.744532241680822, 0.0 ], [ -116.823906004945698, 52.744579756545228, 0.0 ], [ -116.824230457708296, 52.744605517252097, 0.0 ], [ -116.824583638189594, 52.744612235031937, 0.0 ], [ -116.824930195538499, 52.744588462041968, 0.0 ], [ -116.8252627742567, 52.744543019264867, 0.0 ], [ -116.825558177731295, 52.744473836289842, 0.0 ], [ -116.825802933195206, 52.744390383517157, 0.0 ], [ -116.8259961477102, 52.744280874948203, 0.0 ], [ -116.826137027735797, 52.744145897812061, 0.0 ], [ -116.826258663590096, 52.743989919390742, 0.0 ], [ -116.826574334602299, 52.743748063751887, 0.0 ], [ -116.826712991466493, 52.743827186222617, 0.0 ], [ -116.826686133177304, 52.744043562122769, 0.0 ], [ -116.826721633523306, 52.744252376200549, 0.0 ], [ -116.826823578809098, 52.744423917330089, 0.0 ], [ -116.826844630292101, 52.74462878944972, 0.0 ], [ -116.826391185495893, 52.745293267988536, 0.0 ], [ -116.826262144900994, 52.745456979892587, 0.0 ], [ -116.826099082900399, 52.745591453233253, 0.0 ], [ -116.825866189874304, 52.745691831698828, 0.0 ], [ -116.825312785876804, 52.745832961374717, 0.0 ], [ -116.825093579434395, 52.745938874287241, 0.0 ], [ -116.824744848021197, 52.74618963548415, 0.0 ], [ -116.824610725191505, 52.746344339140677, 0.0 ], [ -116.82443579788, 52.746914794234968, 0.0 ], [ -116.824412635786103, 52.747121389369248, 0.0 ], [ -116.824469764134193, 52.747567312339889, 0.0 ], [ -116.824564429219706, 52.747761130096997, 0.0 ], [ -116.824953860975796, 52.748243350592247, 0.0 ], [ -116.825285144489996, 52.748522231050877, 0.0 ], [ -116.825596864093797, 52.748729131850759, 0.0 ], [ -116.825814900953802, 52.748873853505913, 0.0 ], [ -116.826219228250693, 52.749096424662923, 0.0 ], [ -116.826555302908901, 52.749343494790629, 0.0 ], [ -116.827120823205604, 52.749674716661239, 0.0 ], [ -116.827553338737502, 52.749870250984927, 0.0 ], [ -116.827706080765694, 52.750028181205188, 0.0 ], [ -116.827787668110403, 52.750596491540193, 0.0 ], [ -116.827779609054502, 52.751267895724737, 0.0 ], [ -116.827767469414098, 52.751711914677408, 0.0 ], [ -116.827787481180707, 52.751926477999817, 0.0 ], [ -116.827853645527597, 52.752130185796062, 0.0 ], [ -116.827969105000903, 52.752304573951967, 0.0 ], [ -116.827988924519801, 52.752516992275623, 0.0 ], [ -116.827702814156893, 52.753241001171212, 0.0 ], [ -116.827694149631398, 52.753451519906548, 0.0 ], [ -116.827789926612297, 52.753635575873773, 0.0 ], [ -116.827929698304899, 52.753778675697951, 0.0 ], [ -116.828415399192295, 52.754181449105722, 0.0 ], [ -116.828571232080407, 52.754325695617197, 0.0 ], [ -116.828705031724198, 52.754484024583533, 0.0 ], [ -116.828686293738599, 52.755142288343983, 0.0 ], [ -116.828643012737004, 52.755327895115592, 0.0 ], [ -116.828681886307393, 52.755533875214667, 0.0 ], [ -116.828764420788701, 52.755730691089177, 0.0 ], [ -116.828817009658295, 52.755957570016328, 0.0 ], [ -116.818113324808905, 52.755964278952327, 0.0 ], [ -116.806179164090807, 52.755970627992973, 0.0 ], [ -116.805881254037303, 52.755970776414898, 0.0 ], [ -116.793947104370702, 52.755975876739107, 0.0 ], [ -116.782012939187297, 52.755979792936948, 0.0 ], [ -116.781566095803598, 52.755979914421047, 0.0 ], [ -116.769780892588997, 52.755982574863921, 0.0 ], [ -116.757846696013701, 52.755984039793383, 0.0 ], [ -116.757548804270101, 52.755984229282767, 0.0 ], [ -116.745611444873603, 52.755991110441009, 0.0 ], [ -116.733674155318397, 52.755996909049671, 0.0 ], [ -116.733227314511794, 52.75599710013794, 0.0 ], [ -116.721438954875396, 52.756001612756982, 0.0 ], [ -116.709501662568698, 52.756004984567141, 0.0 ], [ -116.709054835889106, 52.756005086139687, 0.0 ], [ -116.697266460866501, 52.756007194445267, 0.0 ], [ -116.686059000868497, 52.756004853470422, 0.0 ], [ -116.685500428047007, 52.756008126951933, 0.0 ], [ -116.685329198665002, 52.756008132754438, 0.0 ], [ -116.684882356849698, 52.756008151531312, 0.0 ], [ -116.673081310747094, 52.756007855127201, 0.0 ], [ -116.661131140427102, 52.756006334881377, 0.0 ], [ -116.660684312306003, 52.756006246073561, 0.0 ], [ -116.648882931129904, 52.756003532191173, 0.0 ], [ -116.636932609739503, 52.755999579441088, 0.0 ], [ -116.636485813082302, 52.756003491442179, 0.0 ], [ -116.624684666815398, 52.7561063070168, 0.0 ], [ -116.612734524738798, 52.756209202968002, 0.0 ], [ -116.612734713699098, 52.756480296435321, 0.0 ], [ -116.612740117550302, 52.763600947638707, 0.0 ], [ -116.612745566257502, 52.770811956362259, 0.0 ], [ -116.612751000703696, 52.778022956267229, 0.0 ], [ -116.612756431655896, 52.785233958000958, 0.0 ], [ -116.612756636629697, 52.785505050922318, 0.0 ], [ -116.612761548381698, 52.792027083383957, 0.0 ], [ -116.612761612704602, 52.792193231530632, 0.0 ], [ -116.6127617597691, 52.792302655092541, 0.0 ], [ -116.612762002475307, 52.792625679391669, 0.0 ], [ -116.612767428676804, 52.799836646774907, 0.0 ], [ -116.612772837650397, 52.80704760628165, 0.0 ], [ -116.612778257873899, 52.81425856562025, 0.0 ], [ -116.612778468460206, 52.814529657238019, 0.0 ], [ -116.612783809560298, 52.821650263701628, 0.0 ], [ -116.612789209846497, 52.828861180806157, 0.0 ], [ -116.612794578713505, 52.836071988594448, 0.0 ], [ -116.612799909206203, 52.843282580130499, 0.0 ], [ -116.612501426420906, 52.843282758740543, 0.0 ], [ -116.600557487128796, 52.843289152011486, 0.0 ], [ -116.588619520479199, 52.84329434318925, 0.0 ], [ -116.588171780593896, 52.843294515301437, 0.0 ], [ -116.576380208446807, 52.843298463646441, 0.0 ], [ -116.564740924103603, 52.84330127551015, 0.0 ], [ -116.564442437101803, 52.843301335089301, 0.0 ], [ -116.563994723772296, 52.843301426421682, 0.0 ], [ -116.561173425804299, 52.843301989681038, 0.0 ], [ -116.552213992038801, 52.843303237140873, 0.0 ], [ -116.540272092820899, 52.843303892962773, 0.0 ], [ -116.539824350948393, 52.843304064364069, 0.0 ], [ -116.528028210055098, 52.843308134145452, 0.0 ], [ -116.517517137148801, 52.843310770713458, 0.0 ], [ -116.517212603148295, 52.843310832871779, 0.0 ], [ -116.516085830392697, 52.843311058092127, 0.0 ], [ -116.515638117683395, 52.843311136966797, 0.0 ], [ -116.503850942056204, 52.843312807720388, 0.0 ], [ -116.494650477016094, 52.843313236543658, 0.0 ], [ -116.494356890950897, 52.843313238012612, 0.0 ], [ -116.491911435829607, 52.843313228328547, 0.0 ], [ -116.491463707688197, 52.843313209899136, 0.0 ], [ -116.479673438673998, 52.84331238678223, 0.0 ], [ -116.477975413349, 52.843312174174947, 0.0 ], [ -116.467733904688401, 52.843310369905943, 0.0 ], [ -116.4672861821346, 52.843310565091137, 0.0 ], [ -116.456517211544707, 52.84331470085008, 0.0 ], [ -116.456198110450998, 52.843314804958673, 0.0 ], [ -116.455496572821801, 52.843315030789597, 0.0 ], [ -116.443561899613798, 52.843318373367268, 0.0 ], [ -116.4431141766255, 52.843318477364953, 0.0 ], [ -116.431323060484303, 52.843320542830753, 0.0 ], [ -116.419383036943799, 52.84332144644447, 0.0 ], [ -116.418935312166099, 52.843321459246702, 0.0 ], [ -116.407144204338493, 52.843321155642059, 0.0 ], [ -116.396173957827401, 52.84332329695345, 0.0 ], [ -116.395201405746803, 52.843323434985649, 0.0 ], [ -116.394902816635906, 52.843323419212098, 0.0 ], [ -116.3947536890539, 52.843323615493787, 0.0 ], [ -116.388466591704102, 52.843325995768417, 0.0 ], [ -116.3829619882505, 52.843327798508881, 0.0 ], [ -116.371023149778097, 52.843330873377496, 0.0 ], [ -116.3705754327233, 52.843330961779493, 0.0 ], [ -116.358786151199496, 52.843332759825842, 0.0 ], [ -116.346848234940296, 52.843333392276577, 0.0 ], [ -116.346400496922399, 52.843333390619243, 0.0 ], [ -116.334613313856295, 52.84333279067976, 0.0 ], [ -116.322671889364898, 52.843331324003977, 0.0 ], [ -116.322224129101997, 52.843331528189189, 0.0 ], [ -116.310442401745803, 52.843336470654982, 0.0 ], [ -116.303278911288999, 52.84333889363969, 0.0 ], [ -116.298502797867002, 52.84334026982085, 0.0 ], [ -116.298055052178995, 52.843340382665417, 0.0 ], [ -116.286265882921299, 52.843342908529337, 0.0 ], [ -116.278096015032801, 52.84334398361618, 0.0 ], [ -116.277618886890593, 52.843344029910142, 0.0 ], [ -116.275845009366506, 52.84334417814577, 0.0 ], [ -116.274327499096302, 52.843344289502568, 0.0 ], [ -116.273879750584001, 52.843344321070667, 0.0 ], [ -116.262091503412293, 52.843344452030458, 0.0 ], [ -116.250153954270004, 52.843343375557687, 0.0 ], [ -116.249706178491493, 52.843343505091319, 0.0 ], [ -116.237915231561601, 52.8433463817085, 0.0 ], [ -116.231641940801097, 52.84334893038443, 0.0 ], [ -116.231430028472701, 52.84334865004854, 0.0 ], [ -116.231133145477898, 52.843348587710757, 0.0 ], [ -116.225975040243497, 52.84334811738956, 0.0 ], [ -116.225527263130502, 52.843348164713483, 0.0 ], [ -116.213736930594195, 52.843348651089357, 0.0 ], [ -116.201796164878402, 52.843347960318553, 0.0 ], [ -116.201348400904493, 52.843347907299872, 0.0 ], [ -116.189558102095305, 52.843345991564142, 0.0 ], [ -116.1883092221628, 52.84334572336661, 0.0 ], [ -116.187880439510195, 52.843345627406237, 0.0 ], [ -116.177608999223594, 52.843342852169322, 0.0 ], [ -116.177161207843199, 52.843342951911019, 0.0 ], [ -116.165369356606007, 52.843344951695833, 0.0 ], [ -116.153430181856194, 52.843346114244447, 0.0 ], [ -116.152982427998595, 52.84334613679534, 0.0 ], [ -116.141190998898097, 52.843346054276218, 0.0 ], [ -116.1346953188649, 52.843347687940529, 0.0 ], [ -116.129253063282107, 52.843348793270003, 0.0 ], [ -116.128954562994394, 52.843348852296337, 0.0 ], [ -116.128805298610104, 52.843348876716853, 0.0 ], [ -116.127822780726504, 52.843349047440263, 0.0 ], [ -116.117015732899006, 52.843350360050323, 0.0 ], [ -116.105816604833507, 52.84335069720759, 0.0 ], [ -116.105079930006198, 52.843350682884193, 0.0 ], [ -116.104632177811595, 52.843350811732208, 0.0 ], [ -116.093255247818007, 52.843353307923003, 0.0 ], [ -116.0928422088801, 52.843353474643777, 0.0 ], [ -116.080903363915994, 52.84335488309322, 0.0 ], [ -116.080455593532903, 52.843354902922719, 0.0 ], [ -116.068667511364396, 52.843354833636504, 0.0 ], [ -116.056730205927494, 52.843353555005343, 0.0 ], [ -116.056282420918905, 52.843353483778927, 0.0 ], [ -116.050928664741903, 52.843341332067773, 0.0 ], [ -116.050756841130905, 52.843340972382322, 0.0 ], [ -116.050587729416904, 52.843340842071399, 0.0 ], [ -116.044491393370805, 52.843351003859873, 0.0 ], [ -116.032553833955504, 52.843347287206363, 0.0 ], [ -116.032106038496806, 52.843347420762512, 0.0 ], [ -116.030273788374998, 52.843347920363428, 0.0 ], [ -116.0301250573891, 52.843347960865543, 0.0 ], [ -116.029976565496497, 52.843347999107003, 0.0 ], [ -116.029753817384503, 52.8433480616062, 0.0 ], [ -116.020317434201104, 52.843350137086688, 0.0 ], [ -116.008378360141506, 52.843351700813542, 0.0 ], [ -116.007930576537007, 52.843351734976508, 0.0 ], [ -115.9961432086847, 52.843352065245327, 0.0 ], [ -115.984203119108201, 52.843351215918432, 0.0 ], [ -115.984060947908603, 52.843351054387739, 0.0 ], [ -115.983838315919201, 52.843350831905433, 0.0 ], [ -115.983755335819794, 52.843351159784547, 0.0 ], [ -115.971966290557603, 52.843349104131917, 0.0 ], [ -115.960028814589194, 52.8433458369378, 0.0 ], [ -115.959581063293598, 52.843345841348643, 0.0 ], [ -115.959048689096306, 52.843345836985613, 0.0 ], [ -115.947791365757197, 52.843345348221533, 0.0 ], [ -115.947394991014306, 52.84334530121572, 0.0 ], [ -115.935855984003695, 52.843343653610063, 0.0 ], [ -115.935408215487598, 52.843343576873572, 0.0 ], [ -115.923618473391898, 52.843340673462507, 0.0 ], [ -115.911680064201605, 52.843336602285618, 0.0 ], [ -115.911232328663502, 52.843336424213241, 0.0 ], [ -115.899443446301404, 52.843331217598219, 0.0 ], [ -115.887506156770101, 52.843325622405096, 0.0 ], [ -115.887058357693505, 52.843325848278873, 0.0 ], [ -115.879046020094407, 52.843330662530327, 0.0 ], [ -115.878670458123295, 52.84333087049437, 0.0 ], [ -115.877172450738996, 52.843331689716848, 0.0 ], [ -115.877056631458302, 52.843331753942181, 0.0 ], [ -115.875271160264205, 52.843332711835401, 0.0 ], [ -115.866513494525194, 52.843336960024651, 0.0 ], [ -115.863329751698402, 52.843337527226332, 0.0 ], [ -115.862882011819394, 52.843337715433798, 0.0 ], [ -115.859895282113001, 52.843338936713273, 0.0 ], [ -115.851092533558003, 52.84334210937147, 0.0 ], [ -115.842624961077803, 52.843344554155237, 0.0 ], [ -115.842037104576605, 52.843344696705607, 0.0 ], [ -115.841890157891797, 52.84334473153983, 0.0 ], [ -115.841543003126304, 52.843344819360688, 0.0 ], [ -115.841311586381806, 52.843344875704908, 0.0 ], [ -115.839155263148101, 52.843345370811562, 0.0 ], [ -115.838707505591003, 52.843345459872801, 0.0 ], [ -115.836260379026101, 52.843345951711683, 0.0 ], [ -115.834999303844498, 52.84334618577968, 0.0 ], [ -115.834473608542893, 52.843346275471568, 0.0 ], [ -115.826918302899799, 52.843347372865338, 0.0 ], [ -115.814978464981905, 52.843348043922248, 0.0 ], [ -115.814530691676396, 52.843348049997587, 0.0 ], [ -115.802740372252899, 52.84334750036566, 0.0 ], [ -115.790798386473995, 52.843345745934371, 0.0 ], [ -115.790384402384703, 52.843345659806843, 0.0 ], [ -115.790350625596602, 52.843345659825069, 0.0 ], [ -115.790117247048897, 52.843345613245191, 0.0 ], [ -115.778560833820094, 52.843342705286261, 0.0 ], [ -115.773000191693697, 52.843340915492007, 0.0 ], [ -115.769010208884595, 52.843339466464514, 0.0 ], [ -115.768394334588805, 52.84333921897381, 0.0 ], [ -115.7666220495651, 52.843338533885223, 0.0 ], [ -115.766174305576399, 52.843338348387917, 0.0 ], [ -115.762180800603502, 52.843336666479587, 0.0 ], [ -115.754384758391495, 52.843332999449217, 0.0 ], [ -115.754137313033098, 52.843332880684443, 0.0 ], [ -115.751762000102701, 52.84333167460003, 0.0 ], [ -115.751376192202599, 52.843331472789302, 0.0 ], [ -115.742445253091006, 52.843326483153987, 0.0 ], [ -115.741997485245193, 52.843326762420148, 0.0 ], [ -115.730208802283002, 52.843333537093969, 0.0 ], [ -115.726959020345404, 52.843335200679341, 0.0 ], [ -115.726650695849699, 52.843335351503057, 0.0 ], [ -115.718270518522701, 52.843339200012437, 0.0 ], [ -115.717963070166903, 52.843339331966433, 0.0 ], [ -115.717822764403095, 52.843339388915091, 0.0 ], [ -115.717650690386094, 52.843339457858107, 0.0 ], [ -115.706031632880595, 52.843343777604439, 0.0 ], [ -115.694093884296507, 52.843347014246341, 0.0 ], [ -115.693646114328402, 52.84334711295768, 0.0 ], [ -115.683871002509406, 52.843348819897443, 0.0 ], [ -115.683722529960093, 52.84334883861883, 0.0 ], [ -115.681857600537001, 52.84334907461146, 0.0 ], [ -115.669918017001706, 52.843349882721057, 0.0 ], [ -115.669470246139099, 52.843349889355459, 0.0 ], [ -115.660480340069995, 52.843349720757303, 0.0 ], [ -115.660235124357996, 52.843349708640908, 0.0 ], [ -115.657679643733701, 52.843349534851441, 0.0 ], [ -115.645740643723499, 52.843348005380449, 0.0 ], [ -115.645292903312097, 52.843347921561083, 0.0 ], [ -115.633506734989894, 52.843345167456661, 0.0 ], [ -115.633348752768796, 52.843345119961391, 0.0 ], [ -115.621568014400395, 52.843341197542358, 0.0 ], [ -115.621120258630896, 52.84334103073472, 0.0 ], [ -115.609332515438595, 52.843335894874443, 0.0 ], [ -115.604179315095294, 52.843333277577763, 0.0 ], [ -115.6038958748494, 52.84333313135992, 0.0 ], [ -115.5973940629993, 52.843329491772167, 0.0 ], [ -115.5969462952187, 52.84332958549691, 0.0 ], [ -115.585160407563507, 52.843331491487852, 0.0 ], [ -115.573222699934306, 52.843336232351533, 0.0 ], [ -115.572774921470696, 52.843336386953297, 0.0 ], [ -115.5609903342568, 52.8433398326668, 0.0 ], [ -115.549574881477199, 52.843342052645298, 0.0 ], [ -115.549426565889902, 52.843342073566561, 0.0 ], [ -115.549047785901806, 52.843342128737227, 0.0 ], [ -115.548600038057899, 52.843342210006448, 0.0 ], [ -115.536812897027403, 52.843343879215773, 0.0 ], [ -115.524873801234406, 52.843344375533881, 0.0 ], [ -115.524426049730295, 52.843344365651888, 0.0 ], [ -115.520229236841402, 52.843344304155458, 0.0 ], [ -115.520002918806597, 52.843344261343532, 0.0 ], [ -115.519851997255401, 52.843344209067723, 0.0 ], [ -115.512640067548602, 52.843343620850938, 0.0 ], [ -115.512025577111302, 52.843343645486179, 0.0 ], [ -115.503694537559497, 52.843341702252587, 0.0 ], [ -115.502939798268301, 52.843342339517413, 0.0 ], [ -115.502705746319094, 52.843342551905337, 0.0 ], [ -115.502634565932695, 52.843342621234953, 0.0 ], [ -115.501704887362905, 52.843342288670051, 0.0 ], [ -115.500718791416801, 52.843341666051721, 0.0 ], [ -115.500703598144, 52.843341675265691, 0.0 ], [ -115.500405093345407, 52.843341611709889, 0.0 ], [ -115.500409923875296, 52.857985097855043, 0.0 ], [ -115.283132867827504, 52.857981339628182, 0.0 ], [ -115.283132868716194, 52.857981247894649, 0.0 ], [ -115.2831327141824, 52.857981246464448, 0.0 ], [ -115.283133377699002, 52.843342738540962, 0.0 ], [ -115.282834843515801, 52.843342812437101, 0.0 ], [ -115.270896810311697, 52.843344851977747, 0.0 ], [ -115.266865313370403, 52.843345258206647, 0.0 ], [ -115.266610833432793, 52.843345298404863, 0.0 ], [ -115.265834979061793, 52.843345367080033, 0.0 ], [ -115.258956961508204, 52.843345705935633, 0.0 ], [ -115.2585091694055, 52.843345710456383, 0.0 ], [ -115.254453559938796, 52.843345718963242, 0.0 ], [ -115.2541349454997, 52.843345718762492, 0.0 ], [ -115.253453987436004, 52.843345701231677, 0.0 ], [ -115.253230673638299, 52.843345701077467, 0.0 ], [ -115.246718854712498, 52.843345356097657, 0.0 ], [ -115.234779611994, 52.8433438503167, 0.0 ], [ -115.234331837416093, 52.843343755524607, 0.0 ], [ -115.230898884267205, 52.843343111207929, 0.0 ], [ -115.222543039573097, 52.843341064004001, 0.0 ], [ -115.210603762865802, 52.843337137136963, 0.0 ], [ -115.210155986720906, 52.843336959266779, 0.0 ], [ -115.204931889474395, 52.843334848444307, 0.0 ], [ -115.198364128022305, 52.84333185446782, 0.0 ], [ -115.197993424833598, 52.843331673711397, 0.0 ], [ -115.197725594503694, 52.843331544460852, 0.0 ], [ -115.186430790170306, 52.843325486925842, 0.0 ], [ -115.185983031854306, 52.843325217863722, 0.0 ], [ -115.174192344481298, 52.843317711510963, 0.0 ], [ -115.162255698676105, 52.843308961339659, 0.0 ], [ -115.161808372707497, 52.843320984263578, 0.0 ], [ -115.155829278612401, 52.843481548416221, 0.0 ], [ -115.149776756970198, 52.843643792682109, 0.0 ], [ -115.145943869389697, 52.843746362294759, 0.0 ], [ -115.145963381954004, 52.843926598615482, 0.0 ], [ -115.145969991776298, 52.84398819532209, 0.0 ], [ -115.146041374128004, 52.844124626354358, 0.0 ], [ -115.146591119201304, 52.84490384743382, 0.0 ], [ -115.146702196480604, 52.845023374741693, 0.0 ], [ -115.146834309309, 52.845126346295601, 0.0 ], [ -115.147164820383793, 52.845289686625563, 0.0 ], [ -115.148118201074098, 52.845629481985249, 0.0 ], [ -115.148340000040406, 52.84568681599707, 0.0 ], [ -115.148794744579504, 52.845781045087392, 0.0 ], [ -115.149392498860394, 52.845973001444577, 0.0 ], [ -115.149750744556798, 52.846136606333467, 0.0 ], [ -115.149781558574105, 52.846147188520987, 0.0 ], [ -115.150149854055996, 52.84627406808972, 0.0 ], [ -115.151261971191502, 52.846525664255182, 0.0 ], [ -115.151772770165607, 52.846592290202203, 0.0 ], [ -115.152717109256201, 52.846775738211591, 0.0 ], [ -115.153147142979705, 52.84689085668834, 0.0 ], [ -115.153694521327196, 52.847122183908269, 0.0 ], [ -115.154854816319002, 52.847743588041602, 0.0 ], [ -115.155005582885707, 52.847836948309471, 0.0 ], [ -115.155394667073395, 52.847982473363629, 0.0 ], [ -115.155939220472206, 52.848222500288117, 0.0 ], [ -115.156503334529603, 52.848435186369912, 0.0 ], [ -115.156991200818396, 52.848691920707907, 0.0 ], [ -115.157195866951596, 52.848753442683098, 0.0 ], [ -115.157441264072702, 52.848796367084553, 0.0 ], [ -115.157852577208402, 52.84891882103431, 0.0 ], [ -115.158202596106193, 52.849088220959871, 0.0 ], [ -115.158468498859804, 52.849299567924447, 0.0 ], [ -115.158709173386299, 52.849517639901002, 0.0 ], [ -115.158994669764695, 52.849715667434758, 0.0 ], [ -115.159318623576198, 52.849891860989963, 0.0 ], [ -115.159611363546404, 52.850095373097751, 0.0 ], [ -115.159932665762796, 52.850275804362319, 0.0 ], [ -115.1604948536108, 52.850670669512162, 0.0 ], [ -115.1606550423991, 52.850759818975263, 0.0 ], [ -115.160661492553501, 52.850764603659037, 0.0 ], [ -115.161065857210801, 52.851064476803259, 0.0 ], [ -115.161503515935706, 52.851535939746867, 0.0 ], [ -115.161720347127698, 52.851778696613223, 0.0 ], [ -115.1618083220241, 52.851857601481093, 0.0 ], [ -115.161839803012199, 52.851885859483133, 0.0 ], [ -115.1620886715274, 52.852277241444327, 0.0 ], [ -115.162043280303294, 52.852439281972259, 0.0 ], [ -115.162015578236193, 52.852600163394413, 0.0 ], [ -115.161839723829601, 52.852866767474268, 0.0 ], [ -115.161808324199697, 52.852924502048253, 0.0 ], [ -115.161685606054306, 52.85315078771562, 0.0 ], [ -115.161267133403598, 52.853644477136037, 0.0 ], [ -115.1610550814394, 52.853895614880301, 0.0 ], [ -115.160788358439106, 52.854104521973731, 0.0 ], [ -115.160626081653405, 52.854193280249582, 0.0 ], [ -115.160266694084498, 52.854349395122561, 0.0 ], [ -115.159892965489107, 52.854493369325297, 0.0 ], [ -115.159561655622895, 52.854658850294221, 0.0 ], [ -115.159262778356606, 52.854840366787187, 0.0 ], [ -115.159168437277202, 52.85496655270066, 0.0 ], [ -115.159046605125397, 52.855083278478268, 0.0 ], [ -115.158900200452294, 52.85517976530646, 0.0 ], [ -115.158714959261701, 52.855252031060253, 0.0 ], [ -115.158504387344806, 52.855308368202692, 0.0 ], [ -115.158022495972901, 52.855382000644539, 0.0 ], [ -115.157192710223896, 52.855520978526997, 0.0 ], [ -115.156581034100597, 52.855601952567149, 0.0 ], [ -115.155508298544007, 52.855672386390758, 0.0 ], [ -115.153751782068596, 52.855707967619139, 0.0 ], [ -115.152664266314403, 52.855785490561473, 0.0 ], [ -115.152160150991605, 52.855774151377027, 0.0 ], [ -115.150853476820998, 52.855587624715831, 0.0 ], [ -115.150317125990497, 52.855534292262298, 0.0 ], [ -115.149799461203997, 52.855539721842007, 0.0 ], [ -115.149730897455598, 52.855540455829598, 0.0 ], [ -115.1492511959122, 52.855611747628558, 0.0 ], [ -115.149044948766999, 52.855668637218891, 0.0 ], [ -115.148553160254593, 52.855928934663297, 0.0 ], [ -115.148135516567606, 52.856241586257539, 0.0 ], [ -115.147713403275503, 52.856570754440213, 0.0 ], [ -115.147353041514606, 52.856953524332347, 0.0 ], [ -115.147153021892706, 52.857184971863937, 0.0 ], [ -115.147076927623104, 52.857331791985587, 0.0 ], [ -115.146982721428898, 52.857835396866349, 0.0 ], [ -115.146980005071697, 52.858359537833422, 0.0 ], [ -115.146976446074504, 52.858743349086467, 0.0 ], [ -115.147070668974806, 52.85942287137005, 0.0 ], [ -115.147284215353395, 52.860036478828697, 0.0 ], [ -115.147747269870393, 52.860704777494931, 0.0 ], [ -115.148192825101404, 52.861187143620491, 0.0 ], [ -115.148833591482401, 52.861750669528753, 0.0 ], [ -115.149136144284498, 52.861942053885542, 0.0 ], [ -115.149518563859303, 52.862274844787812, 0.0 ], [ -115.149812739868295, 52.862487038435113, 0.0 ], [ -115.150076588773999, 52.862677318060832, 0.0 ], [ -115.150358377068997, 52.862884750585188, 0.0 ], [ -115.150517067260694, 52.862971838910063, 0.0 ], [ -115.150645087277098, 52.863088498853223, 0.0 ], [ -115.152394750921701, 52.864267693863241, 0.0 ], [ -115.152567120396796, 52.864401012336693, 0.0 ], [ -115.152829940108504, 52.864570773528271, 0.0 ], [ -115.153468807483193, 52.865125058532143, 0.0 ], [ -115.153747437726494, 52.865330095723962, 0.0 ], [ -115.153890135630306, 52.865407486614927, 0.0 ], [ -115.154555549600602, 52.86576818683475, 0.0 ], [ -115.154882756922802, 52.865931816181593, 0.0 ], [ -115.156207748937106, 52.866468129370283, 0.0 ], [ -115.157525607684804, 52.867184176121619, 0.0 ], [ -115.158068628303994, 52.867427791971508, 0.0 ], [ -115.158277878406096, 52.867489764491339, 0.0 ], [ -115.1585371757308, 52.867526317898992, 0.0 ], [ -115.159092868857698, 52.867554784838717, 0.0 ], [ -115.1605150342549, 52.867502201477492, 0.0 ], [ -115.161425884871406, 52.867518962377872, 0.0 ], [ -115.161808332991498, 52.86757367840714, 0.0 ], [ -115.161933790368707, 52.867592599160702, 0.0 ], [ -115.162255957678795, 52.867681229397917, 0.0 ], [ -115.162348685221602, 52.867707039180523, 0.0 ], [ -115.163173333654399, 52.867958943728908, 0.0 ], [ -115.163914954644895, 52.868255976428927, 0.0 ], [ -115.164600764604302, 52.868588587163742, 0.0 ], [ -115.165171194079903, 52.868822015128309, 0.0 ], [ -115.165597879887201, 52.868940384411317, 0.0 ], [ -115.166449043029104, 52.869157829174583, 0.0 ], [ -115.166948084661797, 52.869230395729012, 0.0 ], [ -115.167143095148703, 52.869290196274633, 0.0 ], [ -115.167869902636994, 52.869413636697189, 0.0 ], [ -115.168175096765196, 52.869503137306779, 0.0 ], [ -115.168420472001401, 52.869634766265428, 0.0 ], [ -115.168978508329999, 52.870038479558637, 0.0 ], [ -115.169194027253695, 52.87026891312189, 0.0 ], [ -115.169266215034995, 52.870414033058573, 0.0 ], [ -115.169276518395705, 52.870770070521758, 0.0 ], [ -115.169254813955007, 52.870951630836423, 0.0 ], [ -115.169128216508696, 52.871246286613129, 0.0 ], [ -115.168952913849296, 52.871525308446827, 0.0 ], [ -115.168873281501504, 52.871721043459253, 0.0 ], [ -115.168859066683197, 52.872006554817368, 0.0 ], [ -115.168954499985801, 52.872308018010692, 0.0 ], [ -115.1690129868377, 52.87242336295747, 0.0 ], [ -115.169150471170596, 52.87269457404026, 0.0 ], [ -115.169239858045202, 52.872871002764633, 0.0 ], [ -115.169447858523199, 52.873116384239822, 0.0 ], [ -115.169825787049007, 52.873443297052248, 0.0 ], [ -115.1700292447088, 52.873593488819857, 0.0 ], [ -115.170329143513499, 52.873692326407287, 0.0 ], [ -115.170682023659296, 52.873754942408958, 0.0 ], [ -115.172815319340003, 52.873957908650397, 0.0 ], [ -115.174165558177705, 52.874063709406492, 0.0 ], [ -115.174195469254101, 52.874065086471248, 0.0 ], [ -115.175321057070406, 52.87411674035387, 0.0 ], [ -115.175584790898498, 52.874141342044702, 0.0 ], [ -115.176527855111502, 52.874320707177738, 0.0 ], [ -115.1767371561141, 52.874384572513051, 0.0 ], [ -115.177088044226196, 52.874545280516188, 0.0 ], [ -115.177238588737794, 52.874637496488489, 0.0 ], [ -115.177790196395506, 52.875062141842612, 0.0 ], [ -115.178144325033102, 52.875380224304322, 0.0 ], [ -115.178312898835898, 52.875641323619568, 0.0 ], [ -115.178421453796304, 52.875758117557012, 0.0 ], [ -115.178936054388501, 52.876196150971431, 0.0 ], [ -115.179412761927694, 52.876658915897728, 0.0 ], [ -115.1796211109707, 52.876909198215998, 0.0 ], [ -115.179750959777806, 52.877201687296953, 0.0 ], [ -115.179907444855701, 52.877659007825422, 0.0 ], [ -115.180022231809204, 52.878484109074833, 0.0 ], [ -115.180021354459498, 52.878674290161257, 0.0 ], [ -115.179980070390997, 52.878820303791933, 0.0 ], [ -115.1799367904582, 52.878876371083223, 0.0 ], [ -115.179444343367607, 52.879219885685721, 0.0 ], [ -115.179245219696995, 52.879482186876501, 0.0 ], [ -115.179169213676303, 52.879842391163443, 0.0 ], [ -115.179164034648906, 52.879866951377217, 0.0 ], [ -115.178936518774194, 52.880303305626661, 0.0 ], [ -115.178741681799593, 52.880504138875693, 0.0 ], [ -115.178039644942899, 52.880743111673723, 0.0 ], [ -115.177735622494694, 52.88081539496568, 0.0 ], [ -115.177322791969502, 52.880945174458162, 0.0 ], [ -115.1769957811794, 52.881118962493098, 0.0 ], [ -115.1767069030968, 52.881319295745818, 0.0 ], [ -115.176590141416497, 52.881431875672597, 0.0 ], [ -115.176406908505697, 52.881685955538792, 0.0 ], [ -115.176151303633802, 52.881914179932537, 0.0 ], [ -115.175830631965994, 52.882290878344207, 0.0 ], [ -115.175647809256603, 52.882556854419761, 0.0 ], [ -115.175538278920598, 52.882671734748129, 0.0 ], [ -115.175283023765402, 52.882864270719089, 0.0 ], [ -115.175183947944106, 52.882988506219647, 0.0 ], [ -115.175112840191801, 52.883128221801833, 0.0 ], [ -115.175072281903596, 52.883297525868628, 0.0 ], [ -115.174923207010195, 52.884148648694413, 0.0 ], [ -115.174717965405407, 52.884772804809749, 0.0 ], [ -115.1744400102139, 52.885913375863289, 0.0 ], [ -115.174196158512999, 52.886489831813378, 0.0 ], [ -115.174053662499304, 52.886826649474138, 0.0 ], [ -115.173985165725995, 52.887071375102053, 0.0 ], [ -115.173916502429194, 52.887315921059439, 0.0 ], [ -115.173845449595106, 52.887836392088587, 0.0 ], [ -115.173771746088804, 52.888356264360901, 0.0 ], [ -115.1737578837634, 52.889280231735817, 0.0 ], [ -115.173841958680399, 52.889679605050112, 0.0 ], [ -115.173989716640705, 52.890056007197167, 0.0 ], [ -115.174196387528795, 52.890409435047253, 0.0 ], [ -115.174236827640897, 52.890478875244817, 0.0 ], [ -115.1744219841502, 52.890754263305297, 0.0 ], [ -115.174494607273203, 52.890899029117968, 0.0 ], [ -115.175112935712207, 52.891651642890928, 0.0 ], [ -115.175227375836698, 52.89195083096844, 0.0 ], [ -115.1756453770913, 52.892646100637293, 0.0 ], [ -115.175837903686102, 52.893069233842198, 0.0 ], [ -115.176178464241204, 52.893602359855393, 0.0 ], [ -115.176629410957204, 52.894071540980953, 0.0 ], [ -115.176901255029804, 52.894305041567343, 0.0 ], [ -115.177281193249996, 52.89463142302364, 0.0 ], [ -115.177532504842304, 52.894860176498383, 0.0 ], [ -115.178021379354107, 52.895502513603532, 0.0 ], [ -115.178190184126606, 52.895764745050322, 0.0 ], [ -115.178747669283496, 52.89636408848024, 0.0 ], [ -115.1791409407451, 52.896674695842258, 0.0 ], [ -115.180075188435396, 52.897241383689398, 0.0 ], [ -115.180446729779305, 52.897389612374397, 0.0 ], [ -115.180691215456704, 52.89743177768672, 0.0 ], [ -115.180962229965004, 52.897455826659673, 0.0 ], [ -115.181529447876699, 52.897481130573922, 0.0 ], [ -115.182101884873504, 52.897512458215729, 0.0 ], [ -115.182694834323897, 52.897520251430528, 0.0 ], [ -115.1829698395115, 52.897509800773108, 0.0 ], [ -115.183149253683098, 52.897432892366517, 0.0 ], [ -115.183592230623404, 52.897327257979889, 0.0 ], [ -115.184354727882905, 52.897051044448787, 0.0 ], [ -115.184650073402807, 52.896865540787211, 0.0 ], [ -115.184849763241502, 52.896822817406189, 0.0 ], [ -115.185017383174298, 52.896611224375583, 0.0 ], [ -115.1854210441264, 52.896366265961923, 0.0 ], [ -115.185987492419699, 52.896079027086572, 0.0 ], [ -115.1864358021611, 52.895851729876647, 0.0 ], [ -115.186580019890798, 52.895778604568029, 0.0 ], [ -115.187338903628898, 52.895506560192949, 0.0 ], [ -115.188078867380099, 52.89541812813124, 0.0 ], [ -115.190127945763507, 52.895408584545699, 0.0 ], [ -115.190690087789093, 52.895393581278881, 0.0 ], [ -115.190808459250903, 52.895420128898117, 0.0 ], [ -115.191253721525896, 52.895345595776519, 0.0 ], [ -115.191838024502601, 52.89533465139732, 0.0 ], [ -115.193067142389694, 52.895347622157459, 0.0 ], [ -115.193645039624201, 52.89534091599824, 0.0 ], [ -115.1939215150894, 52.895363352698382, 0.0 ], [ -115.1941560375286, 52.895408520200853, 0.0 ], [ -115.194514798273403, 52.895558028957112, 0.0 ], [ -115.195170848717197, 52.895902723567943, 0.0 ], [ -115.195535059252805, 52.896045485273213, 0.0 ], [ -115.195689104205002, 52.896140118890159, 0.0 ], [ -115.195949430253506, 52.896352244095667, 0.0 ], [ -115.196096838394297, 52.896448793786831, 0.0 ], [ -115.196328616086404, 52.896648581636633, 0.0 ], [ -115.196429057841698, 52.896707303978353, 0.0 ], [ -115.196520438718494, 52.896831771630232, 0.0 ], [ -115.196793447001397, 52.897031544308753, 0.0 ], [ -115.197526289445904, 52.897689773338058, 0.0 ], [ -115.197830008592305, 52.897881289847881, 0.0 ], [ -115.197943197575, 52.897995216909322, 0.0 ], [ -115.198255395804196, 52.898173292249318, 0.0 ], [ -115.198375994960301, 52.898268462902259, 0.0 ], [ -115.198777663021602, 52.898585522103289, 0.0 ], [ -115.1987743380176, 52.898707160675222, 0.0 ], [ -115.198566637735297, 52.898765631959208, 0.0 ], [ -115.1983760483254, 52.898781031962173, 0.0 ], [ -115.198306562056004, 52.898786669797502, 0.0 ], [ -115.198006161309607, 52.898783411710887, 0.0 ], [ -115.197734529989106, 52.898801581638992, 0.0 ], [ -115.197286843944099, 52.898894328161532, 0.0 ], [ -115.197144864835707, 52.898990422353698, 0.0 ], [ -115.196906478262704, 52.899209659080043, 0.0 ], [ -115.1967159216357, 52.8994689887381, 0.0 ], [ -115.196373695784402, 52.899820462260656, 0.0 ], [ -115.196235795847301, 52.900109200848618, 0.0 ], [ -115.1957716667075, 52.900576887007588, 0.0 ], [ -115.195616190110599, 52.900672849595949, 0.0 ], [ -115.195441022843497, 52.900746342501407, 0.0 ], [ -115.195030175744805, 52.900861664725483, 0.0 ], [ -115.1945790870341, 52.900948532224078, 0.0 ], [ -115.194418942272904, 52.901025867883519, 0.0 ], [ -115.1945522669497, 52.901126525380548, 0.0 ], [ -115.194357694114302, 52.901191649714221, 0.0 ], [ -115.194097536207494, 52.901214297227163, 0.0 ], [ -115.193023836664906, 52.901278507013217, 0.0 ], [ -115.192883314441204, 52.901315022780999, 0.0 ], [ -115.193364538930098, 52.901390655666141, 0.0 ], [ -115.193640114284705, 52.901413093590612, 0.0 ], [ -115.1942296026577, 52.901409791264612, 0.0 ], [ -115.194486169037901, 52.901387626882183, 0.0 ], [ -115.195387926906804, 52.901202233707373, 0.0 ], [ -115.196004520328202, 52.901012862760197, 0.0 ], [ -115.196190305405906, 52.900939369479687, 0.0 ], [ -115.196486702861804, 52.900748437942873, 0.0 ], [ -115.196676510154902, 52.900489596485947, 0.0 ], [ -115.196924905005503, 52.900265065578353, 0.0 ], [ -115.197138157137999, 52.900014770298711, 0.0 ], [ -115.197395525460706, 52.899789278309441, 0.0 ], [ -115.197542805010798, 52.899694352228011, 0.0 ], [ -115.197933687042493, 52.899565187934734, 0.0 ], [ -115.198376188149794, 52.899494903660269, 0.0 ], [ -115.198867152743006, 52.899416957152127, 0.0 ], [ -115.199033406361394, 52.899435653477703, 0.0 ], [ -115.199116570406602, 52.899445001940521, 0.0 ], [ -115.199293532510097, 52.899525661967743, 0.0 ], [ -115.199559425440597, 52.899723731448653, 0.0 ], [ -115.199791320264495, 52.899947856841997, 0.0 ], [ -115.200207143098297, 52.900599847907273, 0.0 ], [ -115.200420313161302, 52.901018546196539, 0.0 ], [ -115.200617752382698, 52.901221629123967, 0.0 ], [ -115.200893624490305, 52.901227250436378, 0.0 ], [ -115.201115979319397, 52.901186251963722, 0.0 ], [ -115.201398060138104, 52.901176996742002, 0.0 ], [ -115.2019601294339, 52.901214280728482, 0.0 ], [ -115.202448683676494, 52.901286509006461, 0.0 ], [ -115.202672125763399, 52.901341714967657, 0.0 ], [ -115.203195696689605, 52.901548139835782, 0.0 ], [ -115.203883956021599, 52.901819471540158, 0.0 ], [ -115.204172910623996, 52.90193337771904, 0.0 ], [ -115.204616117101494, 52.902047098560878, 0.0 ], [ -115.2050476664988, 52.902158552698367, 0.0 ], [ -115.206011100332105, 52.902444613294051, 0.0 ], [ -115.206942894799795, 52.902703210110928, 0.0 ], [ -115.207414013236601, 52.902790808714329, 0.0 ], [ -115.207813943069695, 52.902917543367991, 0.0 ], [ -115.208404245464493, 52.903122921098188, 0.0 ], [ -115.208771166001995, 52.903275268181773, 0.0 ], [ -115.209160786843796, 52.9034153713039, 0.0 ], [ -115.209830691752003, 52.903753151531568, 0.0 ], [ -115.209976862261101, 52.903846386503673, 0.0 ], [ -115.210167595876399, 52.904001812231137, 0.0 ], [ -115.210240470585205, 52.904061173256707, 0.0 ], [ -115.210616035174496, 52.904189864324699, 0.0 ], [ -115.210632081026105, 52.904195358596731, 0.0 ], [ -115.211464524982802, 52.904618447492851, 0.0 ], [ -115.211839309752904, 52.904774594087179, 0.0 ], [ -115.212680418237397, 52.905206427350663, 0.0 ], [ -115.213151488189894, 52.905476269169142, 0.0 ], [ -115.213676730426499, 52.905730012809158, 0.0 ], [ -115.214136865286903, 52.906005724039382, 0.0 ], [ -115.214981049740999, 52.90642778769913, 0.0 ], [ -115.215272155505005, 52.906624499208789, 0.0 ], [ -115.216365662834605, 52.907263519404047, 0.0 ], [ -115.216839114579898, 52.907542524249031, 0.0 ], [ -115.2171689640941, 52.907731588104603, 0.0 ], [ -115.217575698633397, 52.908025991357363, 0.0 ], [ -115.218192066139196, 52.908415982792661, 0.0 ], [ -115.218781328682894, 52.908814339625494, 0.0 ], [ -115.218968949708895, 52.908964064178583, 0.0 ], [ -115.219323796441898, 52.909247270574618, 0.0 ], [ -115.219751935063201, 52.909544665607932, 0.0 ], [ -115.220027816515696, 52.909769300304312, 0.0 ], [ -115.220509305805805, 52.910050595801863, 0.0 ], [ -115.220938056430995, 52.910356645833588, 0.0 ], [ -115.221246410088995, 52.910547070171248, 0.0 ], [ -115.221638802248094, 52.91087104581807, 0.0 ], [ -115.221929141635002, 52.911065565995337, 0.0 ], [ -115.222052903783407, 52.911276269864103, 0.0 ], [ -115.222066331295295, 52.91171028363523, 0.0 ], [ -115.222144529706597, 52.912040045139243, 0.0 ], [ -115.222414690432501, 52.912982754434942, 0.0 ], [ -115.2225589579283, 52.913323182820292, 0.0 ], [ -115.2226672056387, 52.913578620131283, 0.0 ], [ -115.222913520187703, 52.913883990215091, 0.0 ], [ -115.223009276281502, 52.914275626236858, 0.0 ], [ -115.223320012625706, 52.914817088425387, 0.0 ], [ -115.223600555715507, 52.915404634560211, 0.0 ], [ -115.223633974755103, 52.915578625606742, 0.0 ], [ -115.223627266687302, 52.916195922644441, 0.0 ], [ -115.223626022619698, 52.916309670670032, 0.0 ], [ -115.223471044178197, 52.917180027626138, 0.0 ], [ -115.223452297577495, 52.917729251717283, 0.0 ], [ -115.223518016900599, 52.918240571648838, 0.0 ], [ -115.223710059913202, 52.91885297979951, 0.0 ], [ -115.223976717167005, 52.920158668043648, 0.0 ], [ -115.224023295722105, 52.920681094162262, 0.0 ], [ -115.223980890420194, 52.92103576754581, 0.0 ], [ -115.223802375747397, 52.921782899252243, 0.0 ], [ -115.223741800281203, 52.922036496530247, 0.0 ], [ -115.223356157868196, 52.923135948594783, 0.0 ], [ -115.223248077616105, 52.923427099467602, 0.0 ], [ -115.223127518260995, 52.92375177409523, 0.0 ], [ -115.222952206538295, 52.924011872490937, 0.0 ], [ -115.222561763693193, 52.924776828122127, 0.0 ], [ -115.222506220217994, 52.924885624398613, 0.0 ], [ -115.222379271436196, 52.925196586578487, 0.0 ], [ -115.222242208425399, 52.925488537992322, 0.0 ], [ -115.221787445850296, 52.926173985704239, 0.0 ], [ -115.221385520637696, 52.926674074979857, 0.0 ], [ -115.221223401373507, 52.926966223798551, 0.0 ], [ -115.221022186547401, 52.927223830435643, 0.0 ], [ -115.220623358563898, 52.927920808357563, 0.0 ], [ -115.220376633337395, 52.928278870961563, 0.0 ], [ -115.220095414374896, 52.928592050025088, 0.0 ], [ -115.219706912858598, 52.928888709424662, 0.0 ], [ -115.218872464295998, 52.9293178405254, 0.0 ], [ -115.218648728776202, 52.929369721120892, 0.0 ], [ -115.218374435232306, 52.929356555893349, 0.0 ], [ -115.218141532115396, 52.929310912623372, 0.0 ], [ -115.217866735906597, 52.929285858196337, 0.0 ], [ -115.217578186250407, 52.929296846800511, 0.0 ], [ -115.217355565092902, 52.92934270649959, 0.0 ], [ -115.217182921034905, 52.929418394677867, 0.0 ], [ -115.217041718633595, 52.929517253600743, 0.0 ], [ -115.216265309017999, 52.93018296189544, 0.0 ], [ -115.215631723864703, 52.930657443559113, 0.0 ], [ -115.215576370125902, 52.930698894501397, 0.0 ], [ -115.215228548087197, 52.930871349925539, 0.0 ], [ -115.215008454853006, 52.930921597380667, 0.0 ], [ -115.2149358876392, 52.930928446537337, 0.0 ], [ -115.214745383995606, 52.93094644539898, 0.0 ], [ -115.214524786881398, 52.93092838178665, 0.0 ], [ -115.214464247748097, 52.930923418919477, 0.0 ], [ -115.2141878039495, 52.930928334033069, 0.0 ], [ -115.214002271919796, 52.931006881725793, 0.0 ], [ -115.213696754881298, 52.931198249995347, 0.0 ], [ -115.212630173638999, 52.931921769072119, 0.0 ], [ -115.212378714905995, 52.932151868698547, 0.0 ], [ -115.211838389276096, 52.932796081570388, 0.0 ], [ -115.211438712683403, 52.933433250119208, 0.0 ], [ -115.211129672935698, 52.933869691102068, 0.0 ], [ -115.2106678967492, 52.934430867236593, 0.0 ], [ -115.210622496080703, 52.934476111287303, 0.0 ], [ -115.210317071944502, 52.93478040737908, 0.0 ], [ -115.210173867379496, 52.934973915319773, 0.0 ], [ -115.210037601378701, 52.935158030967983, 0.0 ], [ -115.209822766353099, 52.935396712606163, 0.0 ], [ -115.209681783121198, 52.935496047899022, 0.0 ], [ -115.2094199255109, 52.935707679434223, 0.0 ], [ -115.209196300866296, 52.935936177177069, 0.0 ], [ -115.209060495377301, 52.936217955491458, 0.0 ], [ -115.208661082551799, 52.93671174604237, 0.0 ], [ -115.2080896476714, 52.93727675554058, 0.0 ], [ -115.207903907786104, 52.937530778917818, 0.0 ], [ -115.207706315908496, 52.937968318737177, 0.0 ], [ -115.207643455875797, 52.938067812669608, 0.0 ], [ -115.207537039758193, 52.938236243105742, 0.0 ], [ -115.207329091652696, 52.93865431219303, 0.0 ], [ -115.207238657869894, 52.939048766887097, 0.0 ], [ -115.207086833657598, 52.939792974457312, 0.0 ], [ -115.207088291197607, 52.939973545114327, 0.0 ], [ -115.207084748443805, 52.940990049050761, 0.0 ], [ -115.207174016396607, 52.941960437050433, 0.0 ], [ -115.207311200985401, 52.942617427710879, 0.0 ], [ -115.207495814163806, 52.94306206865604, 0.0 ], [ -115.207692944391496, 52.943501507367188, 0.0 ], [ -115.207816721206498, 52.943791392332862, 0.0 ], [ -115.208476633133998, 52.944888984017183, 0.0 ], [ -115.208636152288094, 52.945299044403242, 0.0 ], [ -115.208651709127807, 52.945339036517389, 0.0 ], [ -115.208870119784706, 52.946507871049313, 0.0 ], [ -115.208889029797206, 52.946804945549196, 0.0 ], [ -115.209008822111898, 52.947906639285613, 0.0 ], [ -115.2090646182981, 52.948621551210607, 0.0 ], [ -115.209200923870696, 52.94928349574419, 0.0 ], [ -115.209261371830493, 52.950004828409433, 0.0 ], [ -115.209254466115297, 52.951454609879121, 0.0 ], [ -115.209305387600097, 52.952530208753842, 0.0 ], [ -115.209306273157395, 52.952547393043048, 0.0 ], [ -115.209273638499496, 52.953075393274489, 0.0 ], [ -115.209172952606195, 52.953622381680972, 0.0 ], [ -115.209118505131897, 52.953893019195988, 0.0 ], [ -115.208948351305906, 52.954508314427393, 0.0 ], [ -115.208809456384202, 52.954788318117863, 0.0 ], [ -115.208724660430704, 52.955102742219132, 0.0 ], [ -115.2086463119699, 52.955247139211266, 0.0 ], [ -115.208236827504095, 52.95610896854398, 0.0 ], [ -115.207914553808905, 52.956654096190952, 0.0 ], [ -115.207716829630201, 52.95689902932056, 0.0 ], [ -115.207365467188197, 52.957235086729241, 0.0 ], [ -115.207133342035206, 52.957387099100309, 0.0 ], [ -115.206942123083905, 52.957535765413532, 0.0 ], [ -115.206824319997295, 52.957650057935297, 0.0 ], [ -115.206101522967202, 52.958144283245836, 0.0 ], [ -115.205230423956706, 52.958560187459732, 0.0 ], [ -115.204923065984303, 52.958754070444279, 0.0 ], [ -115.204305228793302, 52.959303204488243, 0.0 ], [ -115.204008125446606, 52.959501483965177, 0.0 ], [ -115.203716162139202, 52.959760015787893, 0.0 ], [ -115.203633583101904, 52.959833460987177, 0.0 ], [ -115.203257610789805, 52.960031000416024, 0.0 ], [ -115.203167074679001, 52.960078414858543, 0.0 ], [ -115.202291671815104, 52.960699546242239, 0.0 ], [ -115.202056189176901, 52.960922168150923, 0.0 ], [ -115.201783628829205, 52.961130813392963, 0.0 ], [ -115.201547367782396, 52.96135685297449, 0.0 ], [ -115.201279765109206, 52.961584805821758, 0.0 ], [ -115.200841516765294, 52.96187992909438, 0.0 ], [ -115.200713556477893, 52.961996769570497, 0.0 ], [ -115.200443311338105, 52.962200371645579, 0.0 ], [ -115.200108621802798, 52.962371608407523, 0.0 ], [ -115.199152943016202, 52.962916112449072, 0.0 ], [ -115.198902172140393, 52.963149859197152, 0.0 ], [ -115.198694688269299, 52.963407896267647, 0.0 ], [ -115.198643544681801, 52.963567493250842, 0.0 ], [ -115.1985157912315, 52.964421200317339, 0.0 ], [ -115.198387188584306, 52.964875758006002, 0.0 ], [ -115.198386707477596, 52.9648780340626, 0.0 ], [ -115.1981892752449, 52.965710911922542, 0.0 ], [ -115.198057975438701, 52.966186354715987, 0.0 ], [ -115.197931704897897, 52.967036272199813, 0.0 ], [ -115.197934180292194, 52.967170248094597, 0.0 ], [ -115.1979375721222, 52.968323007709529, 0.0 ], [ -115.198021284317505, 52.969016329205409, 0.0 ], [ -115.198192371213295, 52.969860471035602, 0.0 ], [ -115.198282593626402, 52.970383377568552, 0.0 ], [ -115.198387706313397, 52.970718610253748, 0.0 ], [ -115.198494109101603, 52.971029431634037, 0.0 ], [ -115.198554783314506, 52.971360529559739, 0.0 ], [ -115.1992633566351, 52.973199505792387, 0.0 ], [ -115.199412877669403, 52.973502089130427, 0.0 ], [ -115.199755385376704, 52.974069276329388, 0.0 ], [ -115.1999790032786, 52.974401807266567, 0.0 ], [ -115.200018650077894, 52.974460258564548, 0.0 ], [ -115.200440319254, 52.975138662848927, 0.0 ], [ -115.200633338294494, 52.975424345164683, 0.0 ], [ -115.200979993859207, 52.976130284914127, 0.0 ], [ -115.201402912774498, 52.976654155408397, 0.0 ], [ -115.201600006804298, 52.976913037903977, 0.0 ], [ -115.202015607678007, 52.977799844156522, 0.0 ], [ -115.202296009218003, 52.978207985880204, 0.0 ], [ -115.202506799892504, 52.978553997220949, 0.0 ], [ -115.202739609694802, 52.978886038550058, 0.0 ], [ -115.203380597448103, 52.979633348527479, 0.0 ], [ -115.203574504844994, 52.979880893719987, 0.0 ], [ -115.204399566957903, 52.980719451167907, 0.0 ], [ -115.205152938532805, 52.981606949911061, 0.0 ], [ -115.205180856635096, 52.981634114775588, 0.0 ], [ -115.205751944405193, 52.982188207313442, 0.0 ], [ -115.206422575842595, 52.982697303718552, 0.0 ], [ -115.206672680132002, 52.982851712850689, 0.0 ], [ -115.207434632934095, 52.983413334237582, 0.0 ], [ -115.207992212965806, 52.983834027256478, 0.0 ], [ -115.209105626680895, 52.984465015598943, 0.0 ], [ -115.210017849748496, 52.984849030622961, 0.0 ], [ -115.210183954304497, 52.984897407601913, 0.0 ], [ -115.210633234611706, 52.985028414070307, 0.0 ], [ -115.211059824407101, 52.98515373053511, 0.0 ], [ -115.211966715061294, 52.985352113226718, 0.0 ], [ -115.212770985328305, 52.985602418796532, 0.0 ], [ -115.213170016778804, 52.985733145860543, 0.0 ], [ -115.213692274716905, 52.985966809667502, 0.0 ], [ -115.214560737112294, 52.986566164264872, 0.0 ], [ -115.214739402952802, 52.986720107901171, 0.0 ], [ -115.214955695352501, 52.98689415559798, 0.0 ], [ -115.215166377790098, 52.987135787849986, 0.0 ], [ -115.215420573687993, 52.987526364990458, 0.0 ], [ -115.215648060701994, 52.988124514878344, 0.0 ], [ -115.215712957956498, 52.988452734854519, 0.0 ], [ -115.215705485434995, 52.988867006717037, 0.0 ], [ -115.215703223891893, 52.988999676496107, 0.0 ], [ -115.215673930018298, 52.989138106801533, 0.0 ], [ -115.215601079856299, 52.98949317893122, 0.0 ], [ -115.215312781635106, 52.99025763947936, 0.0 ], [ -115.215072479808001, 52.991038027261347, 0.0 ], [ -115.2149447946165, 52.991321928037003, 0.0 ], [ -115.214510392897495, 52.992521582580842, 0.0 ], [ -115.214435513432704, 52.992647854269023, 0.0 ], [ -115.214382047253693, 52.992812183694163, 0.0 ], [ -115.214197960609198, 52.993236305169809, 0.0 ], [ -115.214069684402304, 52.993590325715957, 0.0 ], [ -115.213867922530994, 52.993976879371402, 0.0 ], [ -115.213534103401699, 52.994719805633302, 0.0 ], [ -115.212976380117695, 52.995502548635429, 0.0 ], [ -115.212724205389193, 52.995904155829088, 0.0 ], [ -115.212533059189397, 52.99615659176014, 0.0 ], [ -115.212440049625897, 52.996278228012223, 0.0 ], [ -115.212243621170998, 52.996535350182249, 0.0 ], [ -115.211948690987498, 52.996908263184537, 0.0 ], [ -115.211463078044602, 52.997493813600357, 0.0 ], [ -115.211018335035803, 52.997962550676817, 0.0 ], [ -115.210636204529294, 52.998306179875676, 0.0 ], [ -115.210186904462006, 52.998711827511563, 0.0 ], [ -115.210159313120997, 52.998736769032838, 0.0 ], [ -115.2098881235503, 52.998933360280027, 0.0 ], [ -115.2096594625975, 52.999171145021492, 0.0 ], [ -115.209166963928197, 52.999620831888393, 0.0 ], [ -115.208476171308803, 53.000068589225407, 0.0 ], [ -115.208303727976102, 53.000266614305858, 0.0 ], [ -115.207977726034002, 53.000615973852007, 0.0 ], [ -115.207712140200002, 53.000999436509581, 0.0 ], [ -115.207515221329004, 53.001434759433288, 0.0 ], [ -115.207321262085003, 53.002204916586479, 0.0 ], [ -115.207250026939207, 53.00248305345206, 0.0 ], [ -115.207234106044297, 53.002545421861718, 0.0 ], [ -115.207156753514994, 53.002701559822903, 0.0 ], [ -115.206963932568399, 53.003095965217447, 0.0 ], [ -115.206925248453203, 53.003248500546192, 0.0 ], [ -115.206829084894494, 53.003318391773632, 0.0 ], [ -115.206650972039498, 53.003447644522687, 0.0 ], [ -115.206604566678806, 53.003507970427002, 0.0 ], [ -115.206557120173301, 53.00357132877533, 0.0 ], [ -115.206309623351302, 53.003794113101343, 0.0 ], [ -115.206208097455402, 53.003915489279187, 0.0 ], [ -115.205830071975598, 53.004241030285563, 0.0 ], [ -115.205499237938696, 53.004606469781663, 0.0 ], [ -115.205003026200799, 53.005058611218992, 0.0 ], [ -115.204800051953995, 53.005302395258219, 0.0 ], [ -115.204645498166499, 53.005579423822248, 0.0 ], [ -115.204270601227705, 53.006086893387817, 0.0 ], [ -115.204027602423295, 53.006307938461738, 0.0 ], [ -115.203710309976998, 53.006487967173989, 0.0 ], [ -115.203477011258897, 53.006560177746543, 0.0 ], [ -115.203657178678696, 53.006833582263042, 0.0 ], [ -115.203787956336399, 53.007122998700339, 0.0 ], [ -115.203892438427999, 53.007249432547738, 0.0 ], [ -115.204840176124804, 53.008782572056631, 0.0 ], [ -115.205233346912706, 53.009886414706187, 0.0 ], [ -115.205306615836605, 53.010216037477413, 0.0 ], [ -115.2055119584777, 53.010738450322599, 0.0 ], [ -115.205549261887398, 53.010832031166977, 0.0 ], [ -115.205912271280397, 53.011369017264528, 0.0 ], [ -115.206343189589205, 53.012438716763718, 0.0 ], [ -115.207377221565196, 53.013924137198011, 0.0 ], [ -115.207701207010203, 53.01431188344565, 0.0 ], [ -115.208705581251905, 53.015245123589743, 0.0 ], [ -115.209533352851196, 53.016435150050093, 0.0 ], [ -115.210138660922397, 53.017019583546137, 0.0 ], [ -115.210191584947793, 53.017065390404902, 0.0 ], [ -115.210641263614903, 53.017453904508272, 0.0 ], [ -115.211048271486902, 53.017806159019081, 0.0 ], [ -115.211410990858496, 53.018075360284023, 0.0 ], [ -115.212207543104597, 53.018667177043987, 0.0 ], [ -115.212721953713896, 53.019092959762389, 0.0 ], [ -115.213150007237402, 53.019420718253819, 0.0 ], [ -115.214898544073804, 53.020658601015548, 0.0 ], [ -115.215245823204597, 53.020836710152032, 0.0 ], [ -115.215549704574002, 53.021047594627262, 0.0 ], [ -115.216326831105903, 53.021776948954887, 0.0 ], [ -115.216708851997097, 53.022122368577151, 0.0 ], [ -115.218072925141001, 53.022984401758293, 0.0 ], [ -115.218960159163004, 53.02374038182532, 0.0 ], [ -115.220083812413506, 53.024759053484438, 0.0 ], [ -115.220262736604695, 53.024872582797208, 0.0 ], [ -115.220312446219907, 53.024904118254057, 0.0 ], [ -115.220625087198499, 53.025175236491833, 0.0 ], [ -115.220712323564996, 53.025235741497497, 0.0 ], [ -115.221060210334301, 53.025477052395971, 0.0 ], [ -115.221221435065701, 53.025561692531568, 0.0 ], [ -115.221362836303001, 53.025669696306338, 0.0 ], [ -115.2219722825117, 53.026411070120588, 0.0 ], [ -115.2223375313026, 53.026759066666678, 0.0 ], [ -115.223117369516402, 53.027652925058838, 0.0 ], [ -115.223387367675102, 53.028052823814747, 0.0 ], [ -115.224008230483804, 53.028787476517628, 0.0 ], [ -115.224605035160295, 53.029558834010757, 0.0 ], [ -115.225357561058303, 53.030968508173792, 0.0 ], [ -115.225687121386002, 53.03157943713137, 0.0 ], [ -115.225820136505405, 53.031872133486488, 0.0 ], [ -115.225844688417297, 53.032008375793033, 0.0 ], [ -115.225700962917998, 53.032377661027603, 0.0 ], [ -115.225474801324594, 53.032959051132742, 0.0 ], [ -115.224942431356496, 53.034026492716187, 0.0 ], [ -115.2246184717863, 53.034407160572258, 0.0 ], [ -115.224052872761703, 53.034892091713012, 0.0 ], [ -115.2232557175236, 53.035426062036379, 0.0 ], [ -115.222254364872995, 53.036036778923368, 0.0 ], [ -115.221875457957793, 53.036236494861832, 0.0 ], [ -115.221410398980694, 53.036545517907847, 0.0 ], [ -115.221033672002207, 53.03676178408152, 0.0 ], [ -115.220709808081196, 53.036972949085907, 0.0 ], [ -115.220556199926193, 53.037073093048022, 0.0 ], [ -115.220259981138994, 53.037235491423012, 0.0 ], [ -115.217694854117795, 53.038641625702191, 0.0 ], [ -115.216435108958393, 53.039561677507848, 0.0 ], [ -115.216383556072003, 53.039608822593749, 0.0 ], [ -115.215153704806596, 53.040733453327533, 0.0 ], [ -115.2139733978469, 53.041751304522002, 0.0 ], [ -115.213726263179197, 53.04200493899252, 0.0 ], [ -115.2133329794692, 53.042351357594953, 0.0 ], [ -115.212064131250401, 53.043724753510887, 0.0 ], [ -115.211942311435905, 53.044022820773613, 0.0 ], [ -115.211877805969394, 53.044378753681329, 0.0 ], [ -115.211841070478997, 53.04512352313656, 0.0 ], [ -115.211659057170394, 53.046378510334208, 0.0 ], [ -115.211528287787203, 53.046840464745777, 0.0 ], [ -115.211471181276096, 53.047042153687947, 0.0 ], [ -115.211433125404497, 53.047111558057878, 0.0 ], [ -115.210919947809003, 53.048047574533889, 0.0 ], [ -115.210839122734797, 53.048136263503523, 0.0 ], [ -115.210654105091393, 53.048488247038293, 0.0 ], [ -115.210455392765098, 53.048765026477817, 0.0 ], [ -115.210322402515303, 53.048889239654201, 0.0 ], [ -115.210020446859701, 53.049118199024058, 0.0 ], [ -115.209769159889106, 53.049387928757127, 0.0 ], [ -115.209456619226899, 53.049620167983257, 0.0 ], [ -115.208364025421702, 53.050534738848647, 0.0 ], [ -115.207935503673994, 53.050893440152677, 0.0 ], [ -115.207454852815303, 53.051232005605122, 0.0 ], [ -115.207028946604595, 53.051594187402372, 0.0 ], [ -115.206655378089195, 53.051801785681768, 0.0 ], [ -115.206216852788202, 53.05211805037338, 0.0 ], [ -115.205713642254594, 53.052366880015043, 0.0 ], [ -115.205412721616796, 53.052566362077627, 0.0 ], [ -115.204870402886598, 53.052812835629958, 0.0 ], [ -115.204370105801601, 53.053109820849649, 0.0 ], [ -115.202871071794902, 53.053813901217467, 0.0 ], [ -115.202249311652594, 53.054046595050941, 0.0 ], [ -115.201866872424105, 53.054217862586377, 0.0 ], [ -115.201754930713307, 53.054252630391652, 0.0 ], [ -115.200784786511903, 53.054553941220433, 0.0 ], [ -115.200259488519393, 53.054655217616762, 0.0 ], [ -115.199471007068794, 53.054747986992759, 0.0 ], [ -115.197930080916194, 53.054758209684877, 0.0 ], [ -115.196318272709902, 53.054624776913499, 0.0 ], [ -115.196018321420496, 53.054599949056751, 0.0 ], [ -115.195868365303497, 53.05458753391342, 0.0 ], [ -115.195152443995994, 53.054528253299829, 0.0 ], [ -115.193796763290607, 53.054332439588443, 0.0 ], [ -115.193320028272396, 53.054249240644111, 0.0 ], [ -115.191749571028296, 53.053975126014997, 0.0 ], [ -115.191087113039202, 53.053825660374791, 0.0 ], [ -115.189589810737402, 53.05359005237959, 0.0 ], [ -115.187497862456397, 53.053308071902002, 0.0 ], [ -115.186644794090498, 53.053234397443497, 0.0 ], [ -115.184760562542195, 53.053198584870671, 0.0 ], [ -115.183983110323894, 53.053100033353168, 0.0 ], [ -115.181830218841597, 53.052827121363492, 0.0 ], [ -115.179804458644, 53.052494021398758, 0.0 ], [ -115.175356756327403, 53.051923793428543, 0.0 ], [ -115.171964110073702, 53.051603958049739, 0.0 ], [ -115.171664145824394, 53.051575676680997, 0.0 ], [ -115.171297311210296, 53.051541089657327, 0.0 ], [ -115.169765771150495, 53.051523352747751, 0.0 ], [ -115.167136397716007, 53.051371191342362, 0.0 ], [ -115.165251567057496, 53.051405184336787, 0.0 ], [ -115.162535351555505, 53.051566310749983, 0.0 ], [ -115.161162829907099, 53.051721391739207, 0.0 ], [ -115.159618190656502, 53.051813305527432, 0.0 ], [ -115.157409557816806, 53.051944538843131, 0.0 ], [ -115.156710225120904, 53.052155920615917, 0.0 ], [ -115.156533083030297, 53.052237982530507, 0.0 ], [ -115.155907510043804, 53.052624958842721, 0.0 ], [ -115.154760954390994, 53.053478354981742, 0.0 ], [ -115.154541907841406, 53.05358918291703, 0.0 ], [ -115.154459083118496, 53.0536794016909, 0.0 ], [ -115.154151273934701, 53.053890689303273, 0.0 ], [ -115.153804615839803, 53.054078257951041, 0.0 ], [ -115.153421082853299, 53.054230566789343, 0.0 ], [ -115.153059456927096, 53.054374176998117, 0.0 ], [ -115.152229674950306, 53.054661836206201, 0.0 ], [ -115.151320117278502, 53.054923539398587, 0.0 ], [ -115.149718330002401, 53.055338193892077, 0.0 ], [ -115.148767096178503, 53.055538723015893, 0.0 ], [ -115.147949879119295, 53.055670469823347, 0.0 ], [ -115.147603154327498, 53.055711235632707, 0.0 ], [ -115.147153183548198, 53.055764144545392, 0.0 ], [ -115.146135532192005, 53.055883808046353, 0.0 ], [ -115.144983935373304, 53.055969604886123, 0.0 ], [ -115.138753233038699, 53.056039169647477, 0.0 ], [ -115.137140037879604, 53.056038982297309, 0.0 ], [ -115.136913354348806, 53.056033713581598, 0.0 ], [ -115.135877798043893, 53.055911163027638, 0.0 ], [ -115.135271245685601, 53.055805605112212, 0.0 ], [ -115.134436825825105, 53.055481079693969, 0.0 ], [ -115.133974619456197, 53.055372122620227, 0.0 ], [ -115.133551830210607, 53.05524194021293, 0.0 ], [ -115.133096072982397, 53.055141498703627, 0.0 ], [ -115.132637718219698, 53.055010570436373, 0.0 ], [ -115.132153512864306, 53.054908259510647, 0.0 ], [ -115.1315149805244, 53.054743552420177, 0.0 ], [ -115.130880065217497, 53.054632589700738, 0.0 ], [ -115.130471803138093, 53.054572545177869, 0.0 ], [ -115.130021092521702, 53.054457543847569, 0.0 ], [ -115.128592399814394, 53.054235825725783, 0.0 ], [ -115.127462561091207, 53.054060380254427, 0.0 ], [ -115.125447106474894, 53.053848913514031, 0.0 ], [ -115.124376141639104, 53.053776769534323, 0.0 ], [ -115.123284845359294, 53.05365572251079, 0.0 ], [ -115.123239777146395, 53.053647442623507, 0.0 ], [ -115.123025023788102, 53.053607943886227, 0.0 ], [ -115.122789871523494, 53.05355342060281, 0.0 ], [ -115.121170072006805, 53.053178443683763, 0.0 ], [ -115.120871839956095, 53.053173371032983, 0.0 ], [ -115.120622007869301, 53.053210218694822, 0.0 ], [ -115.120425883975301, 53.053276653160196, 0.0 ], [ -115.120253110063501, 53.053357064834323, 0.0 ], [ -115.119632186698098, 53.053579499258788, 0.0 ], [ -115.119254035027893, 53.053749732371251, 0.0 ], [ -115.118390202213803, 53.054031201227858, 0.0 ], [ -115.117655849143105, 53.054186093126702, 0.0 ], [ -115.116892058049203, 53.054236896206483, 0.0 ], [ -115.115311929125099, 53.054342245484207, 0.0 ], [ -115.115074473560995, 53.054373413823228, 0.0 ], [ -115.114589169952296, 53.054367571830319, 0.0 ], [ -115.113631086028505, 53.05423687341154, 0.0 ], [ -115.113333097661297, 53.054196277456612, 0.0 ], [ -115.112872389764306, 53.054103326279261, 0.0 ], [ -115.111924412001599, 53.053911965053217, 0.0 ], [ -115.111356525737506, 53.053857453823497, 0.0 ], [ -115.110906614812606, 53.05373526592588, 0.0 ], [ -115.110723548951398, 53.053685526435522, 0.0 ], [ -115.1100318627783, 53.05353764318108, 0.0 ], [ -115.109401211665499, 53.053355425858832, 0.0 ], [ -115.108491276114705, 53.053168436709413, 0.0 ], [ -115.108242569549205, 53.053134491800179, 0.0 ], [ -115.107672593102805, 53.053103679305167, 0.0 ], [ -115.106783538879597, 53.05307983622847, 0.0 ], [ -115.105937735249896, 53.053036981870761, 0.0 ], [ -115.104961485864294, 53.052888783478473, 0.0 ], [ -115.104681867586194, 53.052871305603212, 0.0 ], [ -115.103757904132095, 53.052876015160543, 0.0 ], [ -115.103002604544002, 53.05298552840619, 0.0 ], [ -115.102737399015197, 53.053009859707451, 0.0 ], [ -115.101501740789104, 53.053211869548583, 0.0 ], [ -115.101051481072801, 53.05331368700503, 0.0 ], [ -115.100630035572394, 53.053432890542929, 0.0 ], [ -115.100462661082901, 53.053514411000762, 0.0 ], [ -115.100396800624296, 53.053695605321671, 0.0 ], [ -115.100261175907093, 53.053766423165342, 0.0 ], [ -115.099339403717806, 53.053759630543432, 0.0 ], [ -115.098873492178498, 53.053711809201907, 0.0 ], [ -115.098573527920607, 53.053681286904371, 0.0 ], [ -115.097412054305295, 53.053665235092858, 0.0 ], [ -115.096864597054903, 53.05360607854881, 0.0 ], [ -115.096618402164296, 53.053644456495668, 0.0 ], [ -115.096047354041303, 53.053674653122847, 0.0 ], [ -115.095534670130903, 53.053741077726848, 0.0 ], [ -115.095056976449001, 53.053649150368273, 0.0 ], [ -115.092943546348494, 53.053675788043869, 0.0 ], [ -115.092389581268506, 53.053711332453403, 0.0 ], [ -115.091081977641593, 53.053858449066972, 0.0 ], [ -115.090338294400297, 53.053965048306367, 0.0 ], [ -115.089910401544302, 53.054080189902507, 0.0 ], [ -115.089717704941805, 53.054154906697129, 0.0 ], [ -115.089400111118096, 53.054235428508221, 0.0 ], [ -115.089278159840404, 53.054266754387591, 0.0 ], [ -115.089082960412398, 53.054336705765792, 0.0 ], [ -115.088091183042593, 53.054667288460337, 0.0 ], [ -115.0879128267688, 53.054742505202377, 0.0 ], [ -115.087366723955199, 53.05517397543953, 0.0 ], [ -115.086558140426106, 53.055984845376308, 0.0 ], [ -115.086278871798498, 53.056199507504992, 0.0 ], [ -115.085833867739893, 53.056672335835977, 0.0 ], [ -115.085360462761102, 53.05731763425316, 0.0 ], [ -115.085215415092193, 53.057570219640333, 0.0 ], [ -115.084726858844903, 53.058042374345348, 0.0 ], [ -115.084472639030494, 53.05826160970873, 0.0 ], [ -115.084050187909, 53.058762985757888, 0.0 ], [ -115.0834401319417, 53.059353273881833, 0.0 ], [ -115.082600961741406, 53.060895946333133, 0.0 ], [ -115.0823432182099, 53.061464333024503, 0.0 ], [ -115.082002259432301, 53.062214229672833, 0.0 ], [ -115.081847996502503, 53.06249056833088, 0.0 ], [ -115.081798335958496, 53.062626981264067, 0.0 ], [ -115.081756826830897, 53.062803238073172, 0.0 ], [ -115.081717537325005, 53.063534903344461, 0.0 ], [ -115.081451998590197, 53.065283118414342, 0.0 ], [ -115.081224138627505, 53.066257887650217, 0.0 ], [ -115.081019507430895, 53.066706213233523, 0.0 ], [ -115.080861340848301, 53.067190048723063, 0.0 ], [ -115.080604756805201, 53.067780067225073, 0.0 ], [ -115.080336738178801, 53.068183209896183, 0.0 ], [ -115.080200715431701, 53.068290912820927, 0.0 ], [ -115.080047727759606, 53.068381530545587, 0.0 ], [ -115.079838692056995, 53.068440630403437, 0.0 ], [ -115.079737905699503, 53.068501221280499, 0.0 ], [ -115.079574207337402, 53.068693449461449, 0.0 ], [ -115.079528722303706, 53.06874653903764, 0.0 ], [ -115.0791594106731, 53.069035246894693, 0.0 ], [ -115.078601595677696, 53.069292217205891, 0.0 ], [ -115.0784154184242, 53.06936195517104, 0.0 ], [ -115.077792509206901, 53.06954400671173, 0.0 ], [ -115.077100728864593, 53.069698321376833, 0.0 ], [ -115.076599332777306, 53.069770591267122, 0.0 ], [ -115.075379311452494, 53.069801374295047, 0.0 ], [ -115.075106646749703, 53.069820352697633, 0.0 ], [ -115.074526794090204, 53.069821527505113, 0.0 ], [ -115.074485422214096, 53.06982160736456, 0.0 ], [ -115.074105037558397, 53.069775954841212, 0.0 ], [ -115.074076743435796, 53.069775891520422, 0.0 ], [ -115.073320597330394, 53.069774041418441, 0.0 ], [ -115.073029214057399, 53.069760957820627, 0.0 ], [ -115.072787696810295, 53.069719378612618, 0.0 ], [ -115.072358520774401, 53.06960151736304, 0.0 ], [ -115.070809119121506, 53.069391621909269, 0.0 ], [ -115.070102234771895, 53.069242551907031, 0.0 ], [ -115.069477990086298, 53.069044092492987, 0.0 ], [ -115.068567371020706, 53.06882675802003, 0.0 ], [ -115.068185415939098, 53.06869423289131, 0.0 ], [ -115.068178529190007, 53.068691834826268, 0.0 ], [ -115.0680022412445, 53.068604300520903, 0.0 ], [ -115.065183797891507, 53.067762618086029, 0.0 ], [ -115.063352355590496, 53.06715293247499, 0.0 ], [ -115.062283143274001, 53.066645087927391, 0.0 ], [ -115.062212408936304, 53.066616104743737, 0.0 ], [ -115.061539273841603, 53.06633615232036, 0.0 ], [ -115.060441594084693, 53.065685669008481, 0.0 ], [ -115.059075729528999, 53.064968111960333, 0.0 ], [ -115.058168367910895, 53.064541590714477, 0.0 ], [ -115.056817224109693, 53.064029465570151, 0.0 ], [ -115.056247424077796, 53.063839103162763, 0.0 ], [ -115.056100711382598, 53.063776149941233, 0.0 ], [ -115.054644358663296, 53.063267439958707, 0.0 ], [ -115.054001968132596, 53.063090914137298, 0.0 ], [ -115.052946856866399, 53.062843256122228, 0.0 ], [ -115.052865683718295, 53.06282411927468, 0.0 ], [ -115.052698223616602, 53.062770326771592, 0.0 ], [ -115.052450180723994, 53.062689894734042, 0.0 ], [ -115.051919532399594, 53.062453154606871, 0.0 ], [ -115.051521778533797, 53.062325465928957, 0.0 ], [ -115.051165484063802, 53.062249251650123, 0.0 ], [ -115.050899583385601, 53.062149400209293, 0.0 ], [ -115.050727914592201, 53.062065514566036, 0.0 ], [ -115.050585337054102, 53.061965097186523, 0.0 ], [ -115.050225417575902, 53.06179723371681, 0.0 ], [ -115.049925602488599, 53.061657545801317, 0.0 ], [ -115.049516472753098, 53.061466921706867, 0.0 ], [ -115.048128552414596, 53.060820231686591, 0.0 ], [ -115.047746280747603, 53.060670725213392, 0.0 ], [ -115.046403487709597, 53.059992169967977, 0.0 ], [ -115.046117823212498, 53.05979921880855, 0.0 ], [ -115.045907253669995, 53.059739975609617, 0.0 ], [ -115.045418423615402, 53.059666826672647, 0.0 ], [ -115.045225583777395, 53.059602230993853, 0.0 ], [ -115.045386579631, 53.059423082496217, 0.0 ], [ -115.045450345082799, 53.059334215105878, 0.0 ], [ -115.045557248494902, 53.059132145127784, 0.0 ], [ -115.045406904800998, 53.059092426818012, 0.0 ], [ -115.045236316496599, 53.059022149011511, 0.0 ], [ -115.045010217882606, 53.058980670278913, 0.0 ], [ -115.044637144330494, 53.058836769984381, 0.0 ], [ -115.044398017660299, 53.058798433510233, 0.0 ], [ -115.044010733043194, 53.05865046364643, 0.0 ], [ -115.043382414582993, 53.058462238305367, 0.0 ], [ -115.043004299475299, 53.05829715634119, 0.0 ], [ -115.042550781801907, 53.058212894544873, 0.0 ], [ -115.042348461853607, 53.058149413602862, 0.0 ], [ -115.0416844614616, 53.057816791406353, 0.0 ], [ -115.041248336714901, 53.057712382448877, 0.0 ], [ -115.040962664456103, 53.05770555836714, 0.0 ], [ -115.040450313366804, 53.057760295619367, 0.0 ], [ -115.038973733707195, 53.057758626506832, 0.0 ], [ -115.038741449005499, 53.057714197189547, 0.0 ], [ -115.038472874752799, 53.0576979630384, 0.0 ], [ -115.0382517958504, 53.05764790765307, 0.0 ], [ -115.037873088625105, 53.057611167620827, 0.0 ], [ -115.037732780913402, 53.057597497958703, 0.0 ], [ -115.037209044617796, 53.057590660081097, 0.0 ], [ -115.0366187049475, 53.057547686986638, 0.0 ], [ -115.0364081516353, 53.057496915392207, 0.0 ], [ -115.036129920452296, 53.057478727438188, 0.0 ], [ -115.035817971799005, 53.057482177014478, 0.0 ], [ -115.035276322196907, 53.057526415034488, 0.0 ], [ -115.035065754316804, 53.057582487116733, 0.0 ], [ -115.034928779264206, 53.057683312205953, 0.0 ], [ -115.034600025347899, 53.057857299377702, 0.0 ], [ -115.034323538221301, 53.058061603762688, 0.0 ], [ -115.034238885134698, 53.058151890304558, 0.0 ], [ -115.0339968583027, 53.058410052615507, 0.0 ], [ -115.033867435781403, 53.05861191989208, 0.0 ], [ -115.033776779473797, 53.058644285173827, 0.0 ], [ -115.033547269000493, 53.058690439820083, 0.0 ], [ -115.033353702891503, 53.058758500648771, 0.0 ], [ -115.0330210008633, 53.058939920793271, 0.0 ], [ -115.031811876223898, 53.059766300242437, 0.0 ], [ -115.031162516977801, 53.060336866277147, 0.0 ], [ -115.030352818156601, 53.061479840461587, 0.0 ], [ -115.029466539055306, 53.062730725125462, 0.0 ], [ -115.029203782051695, 53.063320031208427, 0.0 ], [ -115.029121709324897, 53.063457978638063, 0.0 ], [ -115.029000376889897, 53.063580978535732, 0.0 ], [ -115.028168140777694, 53.064229326967578, 0.0 ], [ -115.027599872027807, 53.064832730253237, 0.0 ], [ -115.027124843776207, 53.065120115057518, 0.0 ], [ -115.026946609976093, 53.065200220510363, 0.0 ], [ -115.026813313166898, 53.065307412176963, 0.0 ], [ -115.026533323812004, 53.065686054807827, 0.0 ], [ -115.026394615821403, 53.065930507185222, 0.0 ], [ -115.026281078115801, 53.066077666528983, 0.0 ], [ -115.026141306998397, 53.066175910891772, 0.0 ], [ -115.025961289759707, 53.066254972965233, 0.0 ], [ -115.025814163153598, 53.066338533092477, 0.0 ], [ -115.025814177258596, 53.061482446681133, 0.0 ], [ -115.025814136236505, 53.054253535289916, 0.0 ], [ -115.025814406701897, 53.053439846122643, 0.0 ], [ -115.0258131917073, 53.053304833451939, 0.0 ], [ -115.025812948027607, 53.049654866131107, 0.0 ], [ -115.025812790299497, 53.049518261391697, 0.0 ], [ -115.025814060102206, 53.047115005089793, 0.0 ], [ -115.025811676479094, 53.047024382669093, 0.0 ], [ -115.025814045873005, 53.046843900676691, 0.0 ], [ -115.025809953425806, 53.041916222333981, 0.0 ], [ -115.025809938151298, 53.041820690958922, 0.0 ], [ -115.025813960961599, 53.039614981292168, 0.0 ], [ -115.025813815324895, 53.032386053082838, 0.0 ], [ -115.025811026260499, 53.030657975809497, 0.0 ], [ -115.025810735435599, 53.0304781746635, 0.0 ], [ -115.0258105590665, 53.030370150985249, 0.0 ], [ -115.025810630886596, 53.030243079212489, 0.0 ], [ -115.025813655231502, 53.025157116037903, 0.0 ], [ -115.0258121719108, 53.023659132008461, 0.0 ], [ -115.025811732872, 53.023523290234692, 0.0 ], [ -115.025811846021199, 53.023338033633792, 0.0 ], [ -115.025811760840398, 53.023247796149469, 0.0 ], [ -115.0258099022887, 53.021498166084541, 0.0 ], [ -115.0258098032009, 53.021407102118722, 0.0 ], [ -115.025813475371905, 53.018389048023543, 0.0 ], [ -115.025811339348394, 53.018158357305047, 0.0 ], [ -115.018513020000995, 53.018194732292777, 0.0 ], [ -115.018149173349897, 53.018196542900498, 0.0 ], [ -115.0165974795556, 53.018204306574667, 0.0 ], [ -115.016597719243507, 53.015937419450218, 0.0 ], [ -115.016597744631198, 53.015735415860647, 0.0 ], [ -115.016597891468905, 53.014419700305922, 0.0 ], [ -115.016597906213207, 53.014228821916028, 0.0 ], [ -115.016598208505201, 53.011433291653759, 0.0 ], [ -115.016598279763599, 53.010806725073301, 0.0 ], [ -115.016598304240404, 53.010602348052288, 0.0 ], [ -115.016598999151, 53.004205105956942, 0.0 ], [ -115.016599111432001, 53.004070290630658, 0.0 ], [ -115.016599245711703, 53.001998881319047, 0.0 ], [ -115.016599255773698, 53.00190850949447, 0.0 ], [ -115.016599882188999, 52.996976851154407, 0.0 ], [ -115.016600853472099, 52.98983889745638, 0.0 ], [ -115.016600897071996, 52.989567789512513, 0.0 ], [ -115.016601304735403, 52.983521389624357, 0.0 ], [ -115.016601770102994, 52.983297109068417, 0.0 ], [ -115.016601782668602, 52.983252143791717, 0.0 ], [ -115.016601803670099, 52.983116454774553, 0.0 ], [ -115.016601906654302, 52.982339437651042, 0.0 ], [ -115.016602236153602, 52.980567352876747, 0.0 ], [ -115.016602195636295, 52.980387787569263, 0.0 ], [ -115.016602901274695, 52.975111102130413, 0.0 ], [ -115.016603940511104, 52.967882749667389, 0.0 ], [ -115.016604999392001, 52.960744760812673, 0.0 ], [ -115.016605028083603, 52.960473652435283, 0.0 ], [ -115.016606082039303, 52.953245282062298, 0.0 ], [ -115.0166062684781, 52.948825544608297, 0.0 ], [ -115.016606333656497, 52.948645824539213, 0.0 ], [ -115.016607180575093, 52.946016910932457, 0.0 ], [ -115.016608279005496, 52.938788522863817, 0.0 ], [ -115.016608445940193, 52.937599339623738, 0.0 ], [ -115.016608491458697, 52.937329427166731, 0.0 ], [ -115.016609378825706, 52.931560135841742, 0.0 ], [ -115.0166094372766, 52.931289025221467, 0.0 ], [ -115.016616557450405, 52.923970533052447, 0.0 ], [ -115.016623620822202, 52.916742386962937, 0.0 ], [ -115.016630848702903, 52.909514202325397, 0.0 ], [ -115.016633529920199, 52.906843790040838, 0.0 ], [ -115.016633688105102, 52.906674240857662, 0.0 ], [ -115.016633808434904, 52.906561205665888, 0.0 ], [ -115.016633994732501, 52.906375736757496, 0.0 ], [ -115.016638006443003, 52.902376409176142, 0.0 ], [ -115.016638259555606, 52.90210529988677, 0.0 ], [ -115.016641822242704, 52.898554539616462, 0.0 ], [ -115.016643391392705, 52.896982750063827, 0.0 ], [ -115.016644640008096, 52.895727416052338, 0.0 ], [ -115.016645491498494, 52.894875729466079, 0.0 ], [ -115.0166456806204, 52.894740562698118, 0.0 ], [ -115.0166455517315, 52.894605973334428, 0.0 ], [ -115.016648301907196, 52.891817048280259, 0.0 ], [ -115.016652765476195, 52.887648913797094, 0.0 ], [ -115.016660032312203, 52.880420712421582, 0.0 ], [ -115.016667239484207, 52.87328287509682, 0.0 ], [ -115.016667522008305, 52.873011756373387, 0.0 ], [ -115.016674827574207, 52.865783528075518, 0.0 ], [ -115.016682145841898, 52.858555308010857, 0.0 ], [ -115.016689476792394, 52.851327062004472, 0.0 ], [ -115.016709101462297, 52.844095693744912, 0.0 ], [ -115.016709581652805, 52.843914946096348, 0.0 ], [ -115.016411063408796, 52.843915096548429, 0.0 ], [ -115.004467542529994, 52.843920606321191, 0.0 ], [ -114.992536582315196, 52.843921882044107, 0.0 ], [ -114.9922380476293, 52.843921890780258, 0.0 ], [ -114.980307097574894, 52.843921917835921, 0.0 ], [ -114.968376119925097, 52.843920746000741, 0.0 ], [ -114.968077600122399, 52.84392070208753, 0.0 ], [ -114.967973777160196, 52.84392068312102, 0.0 ], [ -114.967296247616602, 52.843920580270151, 0.0 ], [ -114.964891128302796, 52.843920163228447, 0.0 ], [ -114.958031137004696, 52.843918758524943, 0.0 ], [ -114.956146607652997, 52.843918302259993, 0.0 ], [ -114.944215602670795, 52.843914702634528, 0.0 ], [ -114.943917084470399, 52.84391459887695, 0.0 ], [ -114.9437632936489, 52.843914535127439, 0.0 ], [ -114.931985876674005, 52.843908583131203, 0.0 ], [ -114.925919491829305, 52.843905659972357, 0.0 ], [ -114.925696761109904, 52.843905546875412, 0.0 ], [ -114.924860627501502, 52.843905118700093, 0.0 ], [ -114.9200566914609, 52.843902548827472, 0.0 ], [ -114.919758084253999, 52.843902438229208, 0.0 ], [ -114.907825481056804, 52.843896259126183, 0.0 ], [ -114.907527924211195, 52.843896061028239, 0.0 ], [ -114.895894437878496, 52.84388776340861, 0.0 ], [ -114.895595917246993, 52.843887520173567, 0.0 ], [ -114.883664908824997, 52.843872899648147, 0.0 ], [ -114.878310698538797, 52.843868881809051, 0.0 ], [ -114.878088292826206, 52.843868949534858, 0.0 ], [ -114.877952354452404, 52.843868845851652, 0.0 ], [ -114.877725890066898, 52.843868654216919, 0.0 ], [ -114.877048114700997, 52.843867461457869, 0.0 ], [ -114.871995795072607, 52.843864994546543, 0.0 ], [ -114.871736128279196, 52.843864609097061, 0.0 ], [ -114.871438368509004, 52.843865321287062, 0.0 ], [ -114.871105433729994, 52.84386485150489, 0.0 ], [ -114.859513771531695, 52.84386914973831, 0.0 ], [ -114.847614592455599, 52.843871210653077, 0.0 ], [ -114.8473160579493, 52.843871177865793, 0.0 ], [ -114.841903990023596, 52.843870305628329, 0.0 ], [ -114.835389086907199, 52.843868920106949, 0.0 ], [ -114.823462014224702, 52.843862622228258, 0.0 ], [ -114.823163493787703, 52.843862411821398, 0.0 ], [ -114.811226406628506, 52.843853453476243, 0.0 ], [ -114.805695487673205, 52.843848510525987, 0.0 ], [ -114.799289362702595, 52.843842470389227, 0.0 ], [ -114.798990844345099, 52.843842162337673, 0.0 ], [ -114.787049625251299, 52.843828896605707, 0.0 ], [ -114.776175942564706, 52.843815686303543, 0.0 ], [ -114.775950665859597, 52.843815396316451, 0.0 ], [ -114.775216430008697, 52.843814465392413, 0.0 ], [ -114.775108417654494, 52.843814331901548, 0.0 ], [ -114.774809914888607, 52.843813927109998, 0.0 ], [ -114.762872246111101, 52.84379695946469, 0.0 ], [ -114.7509346462747, 52.843779727906707, 0.0 ], [ -114.750636111496704, 52.843779263171747, 0.0 ], [ -114.738694879895306, 52.843760203398098, 0.0 ], [ -114.726753829949402, 52.843743434258649, 0.0 ], [ -114.726455353665401, 52.843743644509978, 0.0 ], [ -114.720897719127905, 52.843747305621093, 0.0 ], [ -114.714537367522993, 52.843751167979292, 0.0 ], [ -114.702599215948894, 52.843745952102317, 0.0 ], [ -114.702300680734297, 52.843746047524277, 0.0 ], [ -114.690487147476304, 52.843749189295153, 0.0 ], [ -114.678673677508996, 52.843750893204941, 0.0 ], [ -114.678375157317305, 52.843750929408898, 0.0 ], [ -114.666309721717596, 52.843751666422833, 0.0 ], [ -114.654244371681102, 52.843750988730577, 0.0 ], [ -114.653945838746793, 52.843750918508917, 0.0 ], [ -114.642006435403502, 52.843747115884973, 0.0 ], [ -114.630071187799402, 52.84374169300807, 0.0 ], [ -114.629772670347506, 52.843741535973173, 0.0 ], [ -114.617842400975604, 52.843734162767781, 0.0 ], [ -114.609866148512694, 52.843729566597418, 0.0 ], [ -114.605907357885599, 52.843727219802773, 0.0 ], [ -114.605608839377496, 52.843727011003047, 0.0 ], [ -114.601377914263793, 52.843723950662607, 0.0 ], [ -114.600826626834603, 52.843723544642792, 0.0 ], [ -114.600275309789595, 52.843723128768787, 0.0 ], [ -114.593664739506906, 52.843717988886162, 0.0 ], [ -114.581720265028807, 52.843707781854228, 0.0 ], [ -114.581421745038398, 52.843707728075593, 0.0 ], [ -114.577671910656704, 52.843705383142492, 0.0 ], [ -114.577385671954204, 52.843705422256022, 0.0 ], [ -114.577176136062803, 52.843705280594158, 0.0 ], [ -114.569502238904306, 52.843703454041751, 0.0 ], [ -114.561776223638603, 52.843701559681413, 0.0 ], [ -114.561356444567807, 52.843701441313193, 0.0 ], [ -114.557578212065494, 52.843700313783529, 0.0 ], [ -114.557278202744101, 52.843700343939418, 0.0 ], [ -114.545348534024996, 52.843695638729557, 0.0 ], [ -114.533423636995394, 52.843689218478339, 0.0 ], [ -114.533424046309804, 52.843869968388631, 0.0 ], [ -114.533440725873902, 52.851095065518102, 0.0 ], [ -114.533457434680898, 52.858320162957313, 0.0 ], [ -114.533474140353803, 52.865545232700278, 0.0 ], [ -114.533490875185805, 52.872770312646523, 0.0 ], [ -114.533491284298194, 52.872951062569427, 0.0 ], [ -114.533506977759899, 52.880174643716877, 0.0 ], [ -114.533523554413804, 52.88740161270637, 0.0 ], [ -114.533224732608204, 52.887401678981263, 0.0 ], [ -114.521258729009105, 52.88740168297808, 0.0 ], [ -114.521014794464904, 52.887401643862653, 0.0 ], [ -114.520652563153206, 52.887401627841207, 0.0 ], [ -114.520593663994106, 52.887401623063496, 0.0 ], [ -114.520314936048194, 52.887401460964547, 0.0 ], [ -114.519498048128298, 52.887401255647248, 0.0 ], [ -114.514937989770104, 52.887400619083003, 0.0 ], [ -114.514843562646902, 52.887400630942338, 0.0 ], [ -114.514245187548497, 52.887403643437153, 0.0 ], [ -114.509293076509806, 52.887400903832123, 0.0 ], [ -114.508994256551503, 52.887400515249873, 0.0 ], [ -114.497074459669605, 52.887389349819031, 0.0 ], [ -114.495723422261605, 52.887387452934938, 0.0 ], [ -114.495348570529501, 52.887386922151883, 0.0 ], [ -114.494899304180905, 52.887386289611143, 0.0 ], [ -114.492656426842103, 52.887383090091483, 0.0 ], [ -114.485158171262498, 52.887372091250327, 0.0 ], [ -114.484859350123003, 52.887372062830408, 0.0 ], [ -114.472924702459395, 52.887370521630942, 0.0 ], [ -114.471857658861495, 52.887370207583949, 0.0 ], [ -114.460994989788801, 52.887368652609148, 0.0 ], [ -114.4606956008829, 52.887368226270262, 0.0 ], [ -114.457657497431896, 52.887371636316111, 0.0 ], [ -114.4574155741862, 52.887372427261759, 0.0 ], [ -114.4487317474332, 52.887380365291271, 0.0 ], [ -114.446528346252705, 52.887380893647183, 0.0 ], [ -114.446306103719095, 52.887381109746997, 0.0 ], [ -114.436763322852599, 52.887391188549763, 0.0 ], [ -114.436464305825993, 52.887391417865459, 0.0 ], [ -114.4246004789523, 52.887399101544602, 0.0 ], [ -114.424379624994302, 52.887399182619482, 0.0 ], [ -114.424154947906203, 52.887399299608632, 0.0 ], [ -114.412729564448398, 52.887402780848383, 0.0 ], [ -114.412430987811803, 52.887402068693369, 0.0 ], [ -114.406060770422002, 52.887387814605177, 0.0 ], [ -114.4056096068785, 52.887386708035457, 0.0 ], [ -114.400448769719404, 52.887379494613661, 0.0 ], [ -114.395012429906899, 52.887368746552212, 0.0 ], [ -114.394747931365202, 52.887368172504218, 0.0 ], [ -114.388469064108605, 52.887355311864241, 0.0 ], [ -114.388170392074699, 52.887354114643998, 0.0 ], [ -114.376237437468205, 52.887306211893552, 0.0 ], [ -114.375699592917499, 52.887304033749913, 0.0 ], [ -114.375020477386201, 52.887301298794348, 0.0 ], [ -114.374426375781397, 52.8872988989066, 0.0 ], [ -114.374203573238105, 52.887297995970513, 0.0 ], [ -114.371211593852493, 52.887285845311077, 0.0 ], [ -114.364598930562707, 52.887258721670868, 0.0 ], [ -114.364304199886405, 52.887257504403237, 0.0 ], [ -114.364005401018503, 52.887256912142803, 0.0 ], [ -114.3636934440582, 52.887256293609767, 0.0 ], [ -114.352072340930704, 52.887231519473723, 0.0 ], [ -114.340139702754598, 52.887201278906723, 0.0 ], [ -114.339840884535207, 52.887201003467567, 0.0 ], [ -114.327908867681202, 52.887189041450327, 0.0 ], [ -114.315973395107406, 52.88717918746233, 0.0 ], [ -114.315674551768495, 52.88717851832314, 0.0 ], [ -114.303755787592607, 52.88715295365855, 0.0 ], [ -114.2927422261277, 52.887131619604347, 0.0 ], [ -114.292430163549, 52.887133603012643, 0.0 ], [ -114.291841719419594, 52.887136928432227, 0.0 ], [ -114.291539372268105, 52.887133862776601, 0.0 ], [ -114.288191725210794, 52.887126897748217, 0.0 ], [ -114.287779104527999, 52.887125806582389, 0.0 ], [ -114.279585054144604, 52.887116733996073, 0.0 ], [ -114.267624430798904, 52.887092222412548, 0.0 ], [ -114.267325642893795, 52.887093145202407, 0.0 ], [ -114.263457462900604, 52.887103174345683, 0.0 ], [ -114.263151200222595, 52.887103495282808, 0.0 ], [ -114.255379461360903, 52.887111494290721, 0.0 ], [ -114.243432413832906, 52.887120428021532, 0.0 ], [ -114.243133657719596, 52.887120825196718, 0.0 ], [ -114.231208655061806, 52.887135539893308, 0.0 ], [ -114.219278572405798, 52.887144886012997, 0.0 ], [ -114.218979331545498, 52.887144824432717, 0.0 ], [ -114.206978096561201, 52.887139976137057, 0.0 ], [ -114.201871351434093, 52.887137604844817, 0.0 ], [ -114.201646719359005, 52.887137505371491, 0.0 ], [ -114.195775234374295, 52.887134862777238, 0.0 ], [ -114.195402472314498, 52.887134685543778, 0.0 ], [ -114.194982799257701, 52.887134484191591, 0.0 ], [ -114.194684174055894, 52.887134798155436, 0.0 ], [ -114.185086782725904, 52.887145983098179, 0.0 ], [ -114.1848648198483, 52.887146170578433, 0.0 ], [ -114.184642040987399, 52.887146421291931, 0.0 ], [ -114.1832116205739, 52.887148003330978, 0.0 ], [ -114.182935797046596, 52.887147931926883, 0.0 ], [ -114.182780987179797, 52.887147901132991, 0.0 ], [ -114.170872935934398, 52.887156276946321, 0.0 ], [ -114.170574118289395, 52.887156582007208, 0.0 ], [ -114.158633259479998, 52.88716812776245, 0.0 ], [ -114.154523234532405, 52.887171821868193, 0.0 ], [ -114.154272591730503, 52.887172051999748, 0.0 ], [ -114.146692449458598, 52.887178481431853, 0.0 ], [ -114.146721529820496, 52.879937235394443, 0.0 ], [ -114.146750514652297, 52.872699586397353, 0.0 ], [ -114.146751237632301, 52.872518840365942, 0.0 ], [ -114.146452512083101, 52.872518788305747, 0.0 ], [ -114.134663370716098, 52.872516113491002, 0.0 ], [ -114.129588113841805, 52.872513925882018, 0.0 ], [ -114.129365250792105, 52.872513902080932, 0.0 ], [ -114.123827542502795, 52.872512518943587, 0.0 ], [ -114.123570775125103, 52.872512449067727, 0.0 ], [ -114.123468144791602, 52.872512410195618, 0.0 ], [ -114.122895381971105, 52.872512191550499, 0.0 ], [ -114.122596663515694, 52.872511692808843, 0.0 ], [ -114.110660881152398, 52.87249280861225, 0.0 ], [ -114.098724885447396, 52.87247274012428, 0.0 ], [ -114.098710393912796, 52.865257394441237, 0.0 ], [ -114.098411691393594, 52.865257156786747, 0.0 ], [ -114.086507572609193, 52.865254280707873, 0.0 ], [ -114.081234984034396, 52.865253785606463, 0.0 ], [ -114.081006851969306, 52.865253764160123, 0.0 ], [ -114.074855425183003, 52.865253070243021, 0.0 ], [ -114.074751501954793, 52.8652530519837, 0.0 ], [ -114.074680837887101, 52.865253031989859, 0.0 ], [ -114.074603887280801, 52.865253025918427, 0.0 ], [ -114.074305245451399, 52.865252711903928, 0.0 ], [ -114.074228309733698, 52.865252634656102, 0.0 ], [ -114.074157633465603, 52.86525255939511, 0.0 ], [ -114.062355929915498, 52.865239568672649, 0.0 ], [ -114.062402878539103, 52.858047696062492, 0.0 ], [ -114.062403185195095, 52.858002514784232, 0.0 ], [ -114.054933635883899, 52.857997113119133, 0.0 ], [ -114.054702019861594, 52.857997095115181, 0.0 ], [ -114.050487710656, 52.857996128018733, 0.0 ], [ -114.050436474300795, 52.854480539968023, 0.0 ], [ -114.050434924128695, 52.854343942002807, 0.0 ], [ -114.050425427833702, 52.853751070985787, 0.0 ], [ -114.050423273663398, 52.85361641708333, 0.0 ], [ -114.050408690322698, 52.852705929166987, 0.0 ], [ -114.0504066429679, 52.852571080934098, 0.0 ], [ -114.050405610939805, 52.852481541518358, 0.0 ], [ -114.050403503367804, 52.852346593869314, 0.0 ], [ -114.050401217301101, 52.852211860635698, 0.0 ], [ -114.050401524339904, 52.852076554561457, 0.0 ], [ -114.050393459143095, 52.851551013573982, 0.0 ], [ -114.050390529583197, 52.851378851952383, 0.0 ], [ -114.050389761755397, 52.851232960801767, 0.0 ], [ -114.050383415974594, 52.850772887940039, 0.0 ], [ -114.050382657601503, 52.85067156008936, 0.0 ], [ -114.050381603524997, 52.850534633241629, 0.0 ], [ -114.050373660233902, 52.849985888728092, 0.0 ], [ -114.050373019607505, 52.849884543818668, 0.0 ], [ -114.050372221966796, 52.849834640994381, 0.0 ], [ -114.050370048223698, 52.849690546273223, 0.0 ], [ -114.050281246546902, 52.843583293019712, 0.0 ], [ -114.050280436038605, 52.843536708677988, 0.0 ], [ -114.050277225210493, 52.843358403742073, 0.0 ], [ -114.050271971471901, 52.843358403984247, 0.0 ], [ -114.047816405076304, 52.843355851632722, 0.0 ], [ -114.0380631721425, 52.843350451240632, 0.0 ], [ -114.026124793113496, 52.843339896348141, 0.0 ], [ -114.025825897180297, 52.843339701513599, 0.0 ], [ -114.013928208408103, 52.843332493469127, 0.0 ], [ -114.001997740004398, 52.843317141408512, 0.0 ], [ -114.0016992098153, 52.843317176694541, 0.0 ], [ -113.994910833670204, 52.843317715011644, 0.0 ], [ -113.994612305162903, 52.843317669533832, 0.0 ], [ -113.9880582697824, 52.84331663180771, 0.0 ], [ -113.801203668718102, 52.843401953605643, 0.0 ], [ -113.801203669252104, 52.843402527415392, 0.0 ], [ -113.801202171718401, 52.844819395167129, 0.0 ], [ -113.801148320259998, 52.900680860870082, 0.0 ], [ -113.8010898100612, 52.959848598059402, 0.0 ], [ -113.801069040800598, 52.980504978001449, 0.0 ], [ -113.801054849274294, 52.994520504883312, 0.0 ], [ -113.801047898990404, 53.001355274686283, 0.0 ], [ -113.801033958130503, 53.015003238195163, 0.0 ], [ -113.801032955267601, 53.015983524831292, 0.0 ], [ -113.801032074591603, 53.016940884397833, 0.0 ], [ -113.805150185394098, 53.019939026319257, 0.0 ], [ -113.805150656855403, 53.020379153203017, 0.0 ], [ -113.8051632559403, 53.030012116968877, 0.0 ], [ -113.805241786150205, 53.090572078695693, 0.0 ], [ -113.805269322431897, 53.112022067952353, 0.0 ], [ -113.805318005850197, 53.150213169895679, 0.0 ], [ -113.805330145901905, 53.159790062535507, 0.0 ], [ -113.805354745790595, 53.179273530763027, 0.0 ], [ -113.805370172928306, 53.191529024110167, 0.0 ], [ -113.805371177870597, 53.192327022087312, 0.0 ], [ -113.805371831529001, 53.192843551765847, 0.0 ], [ -113.8053998277733, 53.215088097920422, 0.0 ], [ -113.805405892345405, 53.219946380034933, 0.0 ], [ -113.805409103349604, 53.22253005010171, 0.0 ], [ -113.805442112866004, 53.249043967869113, 0.0 ], [ -113.805453450743897, 53.258197920405863, 0.0 ], [ -113.805454683827804, 53.259194942147431, 0.0 ], [ -113.805454861978802, 53.259340161463513, 0.0 ], [ -113.805457406610401, 53.261395505461962, 0.0 ], [ -113.805458840884398, 53.262554424021218, 0.0 ], [ -113.805459264266403, 53.26289626281087, 0.0 ], [ -113.805460631658207, 53.264001860737203, 0.0 ], [ -113.805461905743201, 53.265033834852417, 0.0 ], [ -113.805464157739706, 53.266857431506963, 0.0 ], [ -113.805465091757299, 53.267612263487322, 0.0 ], [ -113.805549093008807, 53.33643605431682, 0.0 ], [ -113.805568750726593, 53.352720220164812, 0.0 ], [ -113.805603284329294, 53.381504732232763, 0.0 ], [ -113.805617849768495, 53.393690357037862, 0.0 ], [ -113.805632687823703, 53.406128655138367, 0.0 ], [ -113.805640549797303, 53.412742230789497, 0.0 ], [ -113.8056411717386, 53.413178965142677, 0.0 ], [ -113.805689891573095, 53.45398363251347, 0.0 ], [ -114.222892173195305, 53.4541440843334, 0.0 ], [ -114.222881670651006, 53.464226418998777, 0.0 ], [ -114.222851087236904, 53.495729391637042, 0.0 ], [ -114.222848665318807, 53.495729391177619, 0.0 ], [ -114.222831163584303, 53.51233428558222, 0.0 ], [ -114.221661662757995, 53.514996951049703, 0.0 ], [ -114.216366762921595, 53.521717911710113, 0.0 ], [ -114.215818962441304, 53.523749588631652, 0.0 ], [ -114.216369459544794, 53.526266229647923, 0.0 ], [ -114.2217919397483, 53.532328985324419, 0.0 ], [ -114.222750933758903, 53.534400418033059, 0.0 ], [ -114.222741221224695, 53.53798024977106, 0.0 ], [ -114.2227187529041, 53.546364247933447, 0.0 ], [ -114.222718486828498, 53.54646315318459, 0.0 ], [ -114.222658348149196, 53.568840030202367, 0.0 ], [ -114.222654973716701, 53.570093907049198, 0.0 ], [ -114.222654382770202, 53.570313692938697, 0.0 ], [ -114.222651937742498, 53.57122122671381, 0.0 ], [ -114.222605915170107, 53.588278143834494, 0.0 ], [ -114.222593873289995, 53.592793414392951, 0.0 ], [ -114.222584350744597, 53.596319443940857, 0.0 ], [ -114.222730702632703, 53.599269249776128, 0.0 ], [ -114.222640057957307, 53.621441437010397, 0.0 ], [ -114.222289837893996, 53.708118236150867, 0.0 ], [ -114.2222809602534, 53.710297559978322, 0.0 ], [ -114.222274566314795, 53.711866780363771, 0.0 ], [ -114.222265352245799, 53.714128414312277, 0.0 ], [ -114.2222594257926, 53.715607808341801, 0.0 ], [ -114.222259324239204, 53.715607807682623, 0.0 ], [ -114.222259324577294, 53.715607871529357, 0.0 ], [ -114.173602588129498, 53.715497711733001, 0.0 ], [ -114.173669005623495, 53.718737416291738, 0.0 ], [ -114.174322010017207, 53.750488065582957, 0.0 ], [ -114.175302145518401, 53.798084164408444, 0.0 ], [ -114.175402063629903, 53.802919306949931, 0.0 ], [ -114.175401961866896, 53.802919306250253, 0.0 ], [ -114.175401963652106, 53.80291937010638, 0.0 ], [ -114.125922050955197, 53.802937281372323, 0.0 ], [ -114.125921933310906, 53.802963679605703, 0.0 ], [ -114.1259219320184, 53.802964033886127, 0.0 ], [ -114.125914883831399, 53.815560077429112, 0.0 ], [ -114.125903498105103, 53.8357190495556, 0.0 ], [ -114.125933835020604, 53.853838791508053, 0.0 ], [ -114.125698334692402, 53.853839460612861, 0.0 ], [ -114.125698305222201, 53.853846493083317, 0.0 ], [ -114.051684370250399, 53.854042959187822, 0.0 ], [ -114.051557889933903, 53.868473493392067, 0.0 ], [ -114.051644066626295, 53.890199082366188, 0.0 ], [ -114.051654951310795, 53.923130803322387, 0.0 ], [ -114.051655365482603, 53.923131148289308, 0.0 ], [ -114.051655675584698, 53.924347618255361, 0.0 ], [ -114.051655850341703, 53.924864345259827, 0.0 ], [ -114.0516560373635, 53.925412855457921, 0.0 ], [ -114.051656374067903, 53.926402634982523, 0.0 ], [ -114.051656450931304, 53.926629902175812, 0.0 ], [ -114.051656258996999, 53.926629900660203, 0.0 ], [ -114.051700740135601, 54.064887055063402, 0.0 ], [ -114.151909891852497, 54.065094260234289, 0.0 ], [ -114.152020297070607, 54.131870983326792, 0.0 ], [ -114.152698791635402, 54.181221920765722, 0.0 ], [ -114.189410669977406, 54.181406052061881, 0.0 ], [ -114.189401740912501, 54.215314882180458, 0.0 ], [ -114.189667619399302, 54.23943713225318, 0.0 ], [ -114.276653902647396, 54.239425098936621, 0.0 ], [ -114.277063487023796, 54.414066843002438, 0.0 ], [ -114.286483730747506, 54.414126817173731, 0.0 ], [ -114.304387523253496, 54.414126116201643, 0.0 ], [ -114.304387518340903, 54.414238773847387, 0.0 ], [ -114.304511528146904, 54.414239540096332, 0.0 ], [ -114.304529550715699, 54.457827489158518, 0.0 ], [ -114.304516078166898, 54.501367086213811, 0.0 ], [ -114.347378171708399, 54.501368379683022, 0.0 ], [ -114.347354379510804, 54.50137508708837, 0.0 ], [ -114.347407488344302, 54.50137484955912, 0.0 ], [ -114.342740702785406, 54.502675669123768, 0.0 ], [ -114.339440271914796, 54.503605892910443, 0.0 ], [ -114.334379544217896, 54.507946320636393, 0.0 ], [ -114.331619156339897, 54.510877712501419, 0.0 ], [ -114.329813659661696, 54.512872527818608, 0.0 ], [ -114.329216058010601, 54.513598626618723, 0.0 ], [ -114.326440083275102, 54.515747216244918, 0.0 ], [ -114.3254195292335, 54.516545643812968, 0.0 ], [ -114.321004507724197, 54.52152862814102, 0.0 ], [ -114.319669771654006, 54.523041530220617, 0.0 ], [ -114.319142029301901, 54.523894784525467, 0.0 ], [ -114.317463343900499, 54.526667518515673, 0.0 ], [ -114.315819248958107, 54.530304892219263, 0.0 ], [ -114.3158192477227, 54.532151542407377, 0.0 ], [ -114.315859548031895, 54.534022075996774, 0.0 ], [ -114.319683541733298, 54.542896131635047, 0.0 ], [ -114.3195498638391, 54.547160881772292, 0.0 ], [ -114.319531310593405, 54.5479728490984, 0.0 ], [ -114.318350784143604, 54.549782375220047, 0.0 ], [ -114.312608128221896, 54.558476102531777, 0.0 ], [ -114.310779782378006, 54.560460595948733, 0.0 ], [ -114.3102828933647, 54.561007999809583, 0.0 ], [ -114.309685394172206, 54.564634026640228, 0.0 ], [ -114.309765061548603, 54.566573935398267, 0.0 ], [ -114.309765058963507, 54.567415454637363, 0.0 ], [ -114.3097662839496, 54.56747062245806, 0.0 ], [ -114.309970425932207, 54.567752381166549, 0.0 ], [ -114.310437812741597, 54.568384619783693, 0.0 ], [ -114.311094302101793, 54.569074197138477, 0.0 ], [ -114.311716892545903, 54.569714543571223, 0.0 ], [ -114.313310222043995, 54.570799844749359, 0.0 ], [ -114.315226605999598, 54.571279101878602, 0.0 ], [ -114.319417953922695, 54.572324420841191, 0.0 ], [ -114.3211042292115, 54.572398892543497, 0.0 ], [ -114.327229985088593, 54.572666103222808, 0.0 ], [ -114.327247077120902, 54.572669979793702, 0.0 ], [ -114.327251866336098, 54.572670190729362, 0.0 ], [ -114.327691654310598, 54.572770827452523, 0.0 ], [ -114.330331930603293, 54.573369703739388, 0.0 ], [ -114.331410869311597, 54.573805259441073, 0.0 ], [ -114.333183408449102, 54.57501139054817, 0.0 ], [ -114.336083053798305, 54.578210813537588, 0.0 ], [ -114.336221390147699, 54.578786203321947, 0.0 ], [ -114.336254186339602, 54.578904055363658, 0.0 ], [ -114.336094853492995, 54.579388870478468, 0.0 ], [ -114.336055996317498, 54.57943391184002, 0.0 ], [ -114.336054154503799, 54.579439145196631, 0.0 ], [ -114.335756721448703, 54.579784607423797, 0.0 ], [ -114.335541177517598, 54.580030965594432, 0.0 ], [ -114.335540002617805, 54.580032019164783, 0.0 ], [ -114.335537188235605, 54.580035282674579, 0.0 ], [ -114.335510661290499, 54.580058344204929, 0.0 ], [ -114.334763282245206, 54.580728855798966, 0.0 ], [ -114.333827889336106, 54.581267792738849, 0.0 ], [ -114.333784524108495, 54.581293447675542, 0.0 ], [ -114.332649276612003, 54.5817320658402, 0.0 ], [ -114.332476355515993, 54.581798877159592, 0.0 ], [ -114.330808783232399, 54.582444215647293, 0.0 ], [ -114.329328842179507, 54.582888320246177, 0.0 ], [ -114.328575890179195, 54.583114283455728, 0.0 ], [ -114.327951627388899, 54.583346387970089, 0.0 ], [ -114.326275952775802, 54.583971248667012, 0.0 ], [ -114.32504112286, 54.584432920547137, 0.0 ], [ -114.324204622204604, 54.585056168105247, 0.0 ], [ -114.323852423572603, 54.585473932380239, 0.0 ], [ -114.322947950028905, 54.586566231259631, 0.0 ], [ -114.322319083363794, 54.588650474178522, 0.0 ], [ -114.322108896664204, 54.588650370749761, 0.0 ], [ -114.321973262787395, 54.588650303372283, 0.0 ], [ -114.321856517503903, 54.588650246363322, 0.0 ], [ -114.005771078529094, 54.588644039009907, 0.0 ], [ -113.924991532809003, 54.587106857747862, 0.0 ], [ -113.773776265586804, 54.587113087724127, 0.0 ], [ -113.685716969754097, 54.58711833228314, 0.0 ], [ -113.685474005185299, 54.761868802551419, 0.0 ], [ -113.667244994833695, 54.761868391322061, 0.0 ], [ -113.666959783745, 54.878425617739687, 0.0 ], [ -113.666628221613294, 54.936597860298342, 0.0 ], [ -113.361607414355902, 54.93654446487065, 0.0 ], [ -113.361580311747204, 55.023838203563841, 0.0 ], [ -113.514088312129999, 55.02387913847685, 0.0 ], [ -113.514076848917995, 55.111442810051393, 0.0 ], [ -113.544981558245098, 55.111418330919513, 0.0 ], [ -113.545141081355496, 55.460740794110393, 0.0 ], [ -113.576856449189293, 55.460758105376243, 0.0 ], [ -113.576866681590502, 55.635288271465811, 0.0 ], [ -114.312005508990893, 55.63564643561844, 0.0 ], [ -114.312013652451995, 55.810397751612669, 0.0 ], [ -114.924831281603403, 55.810424766187708, 0.0 ], [ -114.932899069583797, 55.810404759468561, 0.0 ], [ -114.932890922704303, 55.740402830880619, 0.0 ], [ -114.930552272891603, 55.634172420515057, 0.0 ], [ -115.062472957980503, 55.635806779760799, 0.0 ], [ -115.235402922803502, 55.63773419909883, 0.0 ], [ -115.243342883758004, 55.63573505647085, 0.0 ], [ -115.243339971538802, 55.461333778938112, 0.0 ], [ -115.232490147285603, 55.461310422281137, 0.0 ], [ -115.232476389250607, 55.286918666155302, 0.0 ], [ -115.078681265205105, 55.286863779540241, 0.0 ], [ -115.078669078352505, 55.112238900794139, 0.0 ], [ -115.069493447254104, 55.112224090180071, 0.0 ], [ -115.069473915493305, 54.850438339024642, 0.0 ] ] ] ] } }
]
}
