{"type": "FeatureCollection", "features": [{"type": "Feature", "geometry": {"type": "Point", "coordinates": [-111.038056, 56.448889]}, "properties": {"N_calm": 0.0, "N_calm_n": 0, "N_low": 0.0, "N_low_n": 0, "N_med": 0.0, "N_med_n": 0, "N_high": 0.0, "N_high_n": 0, "N_mean": 0, "N_n": 0, "overall_mean": 1.12, "n_total": 160, "station": "Anzac", "pollutant": "Sulphur Dioxide", "period": "Last 7 Days", "start_date": "2026-10-02 20:00", "end_date": "2026-10-09 18:00", "dominant_dir": "SE", "dominant_value": 3.67, "dominant_percent": 1.9, "NNE_calm": 0.0, "NNE_calm_n": 0, "NNE_low": 1.0, "NNE_low_n": 7, "NNE_med": 0.0, "NNE_med_n": 0, "NNE_high": 0.0, "NNE_high_n": 0, "NNE_mean": 1.0, "NNE_n": 7, "NE_calm": 0.0, "NE_calm_n": 0, "NE_low": 1.0, "NE_low_n": 1, "NE_med": 0.0, "NE_med_n": 0, "NE_high": 0.0, "NE_high_n": 0, "NE_mean": 1.0, "NE_n": 1, "ENE_calm": 0.0, "ENE_calm_n": 0, "ENE_low": 3.0, "ENE_low_n": 2, "ENE_med": 0.0, "ENE_med_n": 0, "ENE_high": 0.0, "ENE_high_n": 0, "ENE_mean": 3.0, "ENE_n": 2, "E_calm": 0.0, "E_calm_n": 0, "E_low": 1.33, "E_low_n": 3, "E_med": 1.0, "E_med_n": 7, "E_high": 0.0, "E_high_n": 0, "E_mean": 1.1, "E_n": 10, "ESE_calm": 0.0, "ESE_calm_n": 0, "ESE_low": 1.0, "ESE_low_n": 2, "ESE_med": 0.0, "ESE_med_n": 0, "ESE_high": 0.0, "ESE_high_n": 0, "ESE_mean": 1.0, "ESE_n": 2, "SE_calm": 0.0, "SE_calm_n": 0, "SE_low": 5.0, "SE_low_n": 1, "SE_med": 3.0, "SE_med_n": 2, "SE_high": 0.0, "SE_high_n": 0, "SE_mean": 3.67, "SE_n": 3, "SSE_calm": 0.0, "SSE_calm_n": 0, "SSE_low": 1.0, "SSE_low_n": 2, "SSE_med": 1.42, "SSE_med_n": 12, "SSE_high": 0.0, "SSE_high_n": 0, "SSE_mean": 1.36, "SSE_n": 14, "S_calm": 0.0, "S_calm_n": 0, "S_low": 0.0, "S_low_n": 0, "S_med": 0.0, "S_med_n": 0, "S_high": 0.0, "S_high_n": 0, "S_mean": 0, "S_n": 0, "SSW_calm": 0.0, "SSW_calm_n": 0, "SSW_low": 1.0, "SSW_low_n": 1, "SSW_med": 0.0, "SSW_med_n": 0, "SSW_high": 0.0, "SSW_high_n": 0, "SSW_mean": 1.0, "SSW_n": 1, "SW_calm": 0.0, "SW_calm_n": 0, "SW_low": 1.0, "SW_low_n": 3, "SW_med": 0.0, "SW_med_n": 0, "SW_high": 0.0, "SW_high_n": 0, "SW_mean": 1.0, "SW_n": 3, "WSW_calm": 0.0, "WSW_calm_n": 0, "WSW_low": 1.0, "WSW_low_n": 7, "WSW_med": 1.0, "WSW_med_n": 6, "WSW_high": 0.0, "WSW_high_n": 0, "WSW_mean": 1.0, "WSW_n": 13, "W_calm": 0.0, "W_calm_n": 0, "W_low": 1.0, "W_low_n": 18, "W_med": 1.03, "W_med_n": 35, "W_high": 0.0, "W_high_n": 0, "W_mean": 1.02, "W_n": 53, "WNW_calm": 0.0, "WNW_calm_n": 0, "WNW_low": 1.0, "WNW_low_n": 9, "WNW_med": 1.0, "WNW_med_n": 31, "WNW_high": 0.0, "WNW_high_n": 0, "WNW_mean": 1.0, "WNW_n": 40, "NW_calm": 0.0, "NW_calm_n": 0, "NW_low": 1.0, "NW_low_n": 3, "NW_med": 1.0, "NW_med_n": 4, "NW_high": 0.0, "NW_high_n": 0, "NW_mean": 1.0, "NW_n": 7, "NNW_calm": 1.0, "NNW_calm_n": 1, "NNW_low": 1.0, "NNW_low_n": 2, "NNW_med": 1.0, "NNW_med_n": 1, "NNW_high": 0.0, "NNW_high_n": 0, "NNW_mean": 1.0, "NNW_n": 4, "calm_percent": 0.6}}, {"type": "Feature", "geometry": {"type": "Point", "coordinates": [-113.144105, 53.554691]}, "properties": {"N_calm": 0.0, "N_calm_n": 0, "N_low": 0.0, "N_low_n": 1, "N_med": 0.0, "N_med_n": 0, "N_high": 0.0, "N_high_n": 0, "N_mean": 0.0, "N_n": 1, "overall_mean": 1.24, "n_total": 161, "station": "Ardrossan", "pollutant": "Sulphur Dioxide", "period": "Last 7 Days", "start_date": "2026-10-02 20:00", "end_date": "2026-10-09 18:00", "dominant_dir": "WSW", "dominant_value": 3.78, "dominant_percent": 11.2, "NNE_calm": 0.0, "NNE_calm_n": 0, "NNE_low": 0.0, "NNE_low_n": 0, "NNE_med": 0.0, "NNE_med_n": 0, "NNE_high": 0.0, "NNE_high_n": 0, "NNE_mean": 0, "NNE_n": 0, "NE_calm": 0.0, "NE_calm_n": 0, "NE_low": 0.0, "NE_low_n": 0, "NE_med": 0.0, "NE_med_n": 0, "NE_high": 0.0, "NE_high_n": 0, "NE_mean": 0, "NE_n": 0, "ENE_calm": 0.0, "ENE_calm_n": 0, "ENE_low": 0.0, "ENE_low_n": 1, "ENE_med": 0.0, "ENE_med_n": 0, "ENE_high": 0.0, "ENE_high_n": 0, "ENE_mean": 0.0, "ENE_n": 1, "E_calm": 0.0, "E_calm_n": 0, "E_low": 0.0, "E_low_n": 1, "E_med": 0.0, "E_med_n": 0, "E_high": 0.0, "E_high_n": 0, "E_mean": 0.0, "E_n": 1, "ESE_calm": 0.0, "ESE_calm_n": 0, "ESE_low": 0.0, "ESE_low_n": 3, "ESE_med": 0.0, "ESE_med_n": 4, "ESE_high": 0.0, "ESE_high_n": 0, "ESE_mean": 0.0, "ESE_n": 7, "SE_calm": 0.0, "SE_calm_n": 0, "SE_low": 0.0, "SE_low_n": 14, "SE_med": 0.0, "SE_med_n": 5, "SE_high": 0.0, "SE_high_n": 0, "SE_mean": 0.0, "SE_n": 19, "SSE_calm": 0.0, "SSE_calm_n": 0, "SSE_low": 0.07, "SSE_low_n": 15, "SSE_med": 0.0, "SSE_med_n": 7, "SSE_high": 0.0, "SSE_high_n": 0, "SSE_mean": 0.05, "SSE_n": 22, "S_calm": 0.25, "S_calm_n": 4, "S_low": 1.0, "S_low_n": 10, "S_med": 0.0, "S_med_n": 0, "S_high": 0.0, "S_high_n": 0, "S_mean": 0.79, "S_n": 14, "SSW_calm": 0.0, "SSW_calm_n": 0, "SSW_low": 0.46, "SSW_low_n": 13, "SSW_med": 0.0, "SSW_med_n": 0, "SSW_high": 0.0, "SSW_high_n": 0, "SSW_mean": 0.46, "SSW_n": 13, "SW_calm": 0.0, "SW_calm_n": 0, "SW_low": 1.0, "SW_low_n": 9, "SW_med": 0.0, "SW_med_n": 2, "SW_high": 0.0, "SW_high_n": 0, "SW_mean": 0.82, "SW_n": 11, "WSW_calm": 0.0, "WSW_calm_n": 1, "WSW_low": 4.53, "WSW_low_n": 15, "WSW_med": 0.0, "WSW_med_n": 2, "WSW_high": 0.0, "WSW_high_n": 0, "WSW_mean": 3.78, "WSW_n": 18, "W_calm": 0.0, "W_calm_n": 0, "W_low": 2.0, "W_low_n": 12, "W_med": 5.75, "W_med_n": 4, "W_high": 0.0, "W_high_n": 0, "W_mean": 2.94, "W_n": 16, "WNW_calm": 0.0, "WNW_calm_n": 0, "WNW_low": 1.83, "WNW_low_n": 12, "WNW_med": 3.11, "WNW_med_n": 9, "WNW_high": 0.0, "WNW_high_n": 0, "WNW_mean": 2.38, "WNW_n": 21, "NW_calm": 0.0, "NW_calm_n": 1, "NW_low": 0.71, "NW_low_n": 7, "NW_med": 0.2, "NW_med_n": 5, "NW_high": 0.0, "NW_high_n": 0, "NW_mean": 0.46, "NW_n": 13, "NNW_calm": 0.0, "NNW_calm_n": 0, "NNW_low": 0.0, "NNW_low_n": 1, "NNW_med": 0.67, "NNW_med_n": 3, "NNW_high": 0.0, "NNW_high_n": 0, "NNW_mean": 0.5, "NNW_n": 4, "calm_percent": 3.7}}, {"type": "Feature", "geometry": {"type": "Point", "coordinates": [-111.5996, 57.1982]}, "properties": {"N_calm": 0.0, "N_calm_n": 0, "N_low": 0.0, "N_low_n": 2, "N_med": 0.0, "N_med_n": 7, "N_high": 0.0, "N_high_n": 0, "N_mean": 0.0, "N_n": 9, "overall_mean": 0.24, "n_total": 155, "station": "Barge Landing", "pollutant": "Sulphur Dioxide", "period": "Last 7 Days", "start_date": "2026-10-02 20:00", "end_date": "2026-10-09 18:00", "dominant_dir": "S", "dominant_value": 1.67, "dominant_percent": 5.8, "NNE_calm": 0.0, "NNE_calm_n": 0, "NNE_low": 0.0, "NNE_low_n": 3, "NNE_med": 0.0, "NNE_med_n": 3, "NNE_high": 0.0, "NNE_high_n": 0, "NNE_mean": 0.0, "NNE_n": 6, "NE_calm": 0.0, "NE_calm_n": 0, "NE_low": 0.0, "NE_low_n": 2, "NE_med": 0.0, "NE_med_n": 0, "NE_high": 0.0, "NE_high_n": 0, "NE_mean": 0.0, "NE_n": 2, "ENE_calm": 0.0, "ENE_calm_n": 1, "ENE_low": 0.0, "ENE_low_n": 2, "ENE_med": 0.0, "ENE_med_n": 0, "ENE_high": 0.0, "ENE_high_n": 0, "ENE_mean": 0.0, "ENE_n": 3, "E_calm": 0.0, "E_calm_n": 0, "E_low": 0.0, "E_low_n": 1, "E_med": 0.0, "E_med_n": 1, "E_high": 0.0, "E_high_n": 0, "E_mean": 0.0, "E_n": 2, "ESE_calm": 0.0, "ESE_calm_n": 0, "ESE_low": 0.0, "ESE_low_n": 3, "ESE_med": 0.0, "ESE_med_n": 0, "ESE_high": 0.0, "ESE_high_n": 0, "ESE_mean": 0.0, "ESE_n": 3, "SE_calm": 0.0, "SE_calm_n": 0, "SE_low": 0.0, "SE_low_n": 0, "SE_med": 1.33, "SE_med_n": 3, "SE_high": 0.0, "SE_high_n": 0, "SE_mean": 1.33, "SE_n": 3, "SSE_calm": 0.0, "SSE_calm_n": 0, "SSE_low": 0.88, "SSE_low_n": 8, "SSE_med": 1.1, "SSE_med_n": 10, "SSE_high": 0.0, "SSE_high_n": 0, "SSE_mean": 1.0, "SSE_n": 18, "S_calm": 0.0, "S_calm_n": 0, "S_low": 1.2, "S_low_n": 5, "S_med": 2.25, "S_med_n": 4, "S_high": 0.0, "S_high_n": 0, "S_mean": 1.67, "S_n": 9, "SSW_calm": 0.0, "SSW_calm_n": 0, "SSW_low": 0.0, "SSW_low_n": 14, "SSW_med": 0.0, "SSW_med_n": 1, "SSW_high": 0.0, "SSW_high_n": 0, "SSW_mean": 0.0, "SSW_n": 15, "SW_calm": 0.0, "SW_calm_n": 0, "SW_low": 0.0, "SW_low_n": 10, "SW_med": 0.0, "SW_med_n": 4, "SW_high": 0.0, "SW_high_n": 0, "SW_mean": 0.0, "SW_n": 14, "WSW_calm": 0.0, "WSW_calm_n": 0, "WSW_low": 0.0, "WSW_low_n": 8, "WSW_med": 0.0, "WSW_med_n": 7, "WSW_high": 0.0, "WSW_high_n": 0, "WSW_mean": 0.0, "WSW_n": 15, "W_calm": 0.0, "W_calm_n": 1, "W_low": 0.0, "W_low_n": 11, "W_med": 0.0, "W_med_n": 13, "W_high": 0.0, "W_high_n": 1, "W_mean": 0.0, "W_n": 26, "WNW_calm": 0.0, "WNW_calm_n": 0, "WNW_low": 0.0, "WNW_low_n": 10, "WNW_med": 0.0, "WNW_med_n": 6, "WNW_high": 0.0, "WNW_high_n": 0, "WNW_mean": 0.0, "WNW_n": 16, "NW_calm": 0.0, "NW_calm_n": 0, "NW_low": 0.0, "NW_low_n": 1, "NW_med": 0.0, "NW_med_n": 3, "NW_high": 0.0, "NW_high_n": 0, "NW_mean": 0.0, "NW_n": 4, "NNW_calm": 0.0, "NNW_calm_n": 0, "NNW_low": 0.0, "NNW_low_n": 5, "NNW_med": 0.0, "NNW_med_n": 5, "NNW_high": 0.0, "NNW_high_n": 0, "NNW_mean": 0.0, "NNW_n": 10, "calm_percent": 1.3}}, {"type": "Feature", "geometry": {"type": "Point", "coordinates": [-119.3968, 55.1963]}, "properties": {"N_calm": 0.0, "N_calm_n": 0, "N_low": 0.0, "N_low_n": 2, "N_med": 0.25, "N_med_n": 4, "N_high": 0.0, "N_high_n": 0, "N_mean": 0.17, "N_n": 6, "overall_mean": 0.16, "n_total": 160, "station": "Beaverlodge", "pollutant": "Sulphur Dioxide", "period": "Last 7 Days", "start_date": "2026-10-02 20:00", "end_date": "2026-10-09 18:00", "dominant_dir": "E", "dominant_value": 0.78, "dominant_percent": 5.6, "NNE_calm": 0.0, "NNE_calm_n": 2, "NNE_low": 0.0, "NNE_low_n": 1, "NNE_med": 0.0, "NNE_med_n": 2, "NNE_high": 0.0, "NNE_high_n": 0, "NNE_mean": 0.0, "NNE_n": 5, "NE_calm": 0.0, "NE_calm_n": 0, "NE_low": 0.2, "NE_low_n": 5, "NE_med": 0.0, "NE_med_n": 1, "NE_high": 0.0, "NE_high_n": 0, "NE_mean": 0.17, "NE_n": 6, "ENE_calm": 0.0, "ENE_calm_n": 0, "ENE_low": 1.0, "ENE_low_n": 7, "ENE_med": 0.0, "ENE_med_n": 6, "ENE_high": 0.0, "ENE_high_n": 0, "ENE_mean": 0.54, "ENE_n": 13, "E_calm": 0.0, "E_calm_n": 1, "E_low": 0.86, "E_low_n": 7, "E_med": 1.0, "E_med_n": 1, "E_high": 0.0, "E_high_n": 0, "E_mean": 0.78, "E_n": 9, "ESE_calm": 0.0, "ESE_calm_n": 4, "ESE_low": 0.33, "ESE_low_n": 3, "ESE_med": 0.0, "ESE_med_n": 0, "ESE_high": 0.0, "ESE_high_n": 0, "ESE_mean": 0.14, "ESE_n": 7, "SE_calm": 0.0, "SE_calm_n": 0, "SE_low": 0.33, "SE_low_n": 3, "SE_med": 0.0, "SE_med_n": 0, "SE_high": 0.0, "SE_high_n": 0, "SE_mean": 0.33, "SE_n": 3, "SSE_calm": 0.5, "SSE_calm_n": 2, "SSE_low": 0.22, "SSE_low_n": 9, "SSE_med": 0.0, "SSE_med_n": 0, "SSE_high": 0.0, "SSE_high_n": 0, "SSE_mean": 0.27, "SSE_n": 11, "S_calm": 1.0, "S_calm_n": 1, "S_low": 0.17, "S_low_n": 6, "S_med": 0.0, "S_med_n": 0, "S_high": 0.0, "S_high_n": 0, "S_mean": 0.29, "S_n": 7, "SSW_calm": 0.0, "SSW_calm_n": 0, "SSW_low": 0.0, "SSW_low_n": 8, "SSW_med": 0.0, "SSW_med_n": 1, "SSW_high": 0.0, "SSW_high_n": 0, "SSW_mean": 0.0, "SSW_n": 9, "SW_calm": 0.0, "SW_calm_n": 0, "SW_low": 0.0, "SW_low_n": 12, "SW_med": 0.0, "SW_med_n": 9, "SW_high": 0.0, "SW_high_n": 6, "SW_mean": 0.0, "SW_n": 27, "WSW_calm": 0.0, "WSW_calm_n": 0, "WSW_low": 0.17, "WSW_low_n": 6, "WSW_med": 0.0, "WSW_med_n": 19, "WSW_high": 0.0, "WSW_high_n": 15, "WSW_mean": 0.03, "WSW_n": 40, "W_calm": 0.0, "W_calm_n": 1, "W_low": 0.0, "W_low_n": 3, "W_med": 0.0, "W_med_n": 5, "W_high": 0.0, "W_high_n": 0, "W_mean": 0.0, "W_n": 9, "WNW_calm": 0.0, "WNW_calm_n": 0, "WNW_low": 1.0, "WNW_low_n": 1, "WNW_med": 0.0, "WNW_med_n": 2, "WNW_high": 0.0, "WNW_high_n": 0, "WNW_mean": 0.33, "WNW_n": 3, "NW_calm": 0.0, "NW_calm_n": 0, "NW_low": 0.0, "NW_low_n": 1, "NW_med": 0.0, "NW_med_n": 0, "NW_high": 0.0, "NW_high_n": 0, "NW_mean": 0.0, "NW_n": 1, "NNW_calm": 0.0, "NNW_calm_n": 0, "NNW_low": 0.0, "NNW_low_n": 1, "NNW_med": 0.0, "NNW_med_n": 3, "NNW_high": 0.0, "NNW_high_n": 0, "NNW_mean": 0.0, "NNW_n": 4, "calm_percent": 6.9}}, {"type": "Feature", "geometry": {"type": "Point", "coordinates": [-114.460556, 53.090278]}, "properties": {"N_calm": 0.0, "N_calm_n": 0, "N_low": 0.0, "N_low_n": 6, "N_med": 0.0, "N_med_n": 2, "N_high": 0.0, "N_high_n": 0, "N_mean": 0.0, "N_n": 8, "overall_mean": 0.01, "n_total": 160, "station": "Breton", "pollutant": "Sulphur Dioxide", "period": "Last 7 Days", "start_date": "2026-10-02 20:00", "end_date": "2026-10-09 18:00", "dominant_dir": "SE", "dominant_value": 0.06, "dominant_percent": 21.2, "NNE_calm": 0.0, "NNE_calm_n": 1, "NNE_low": 0.0, "NNE_low_n": 2, "NNE_med": 0.0, "NNE_med_n": 2, "NNE_high": 0.0, "NNE_high_n": 0, "NNE_mean": 0.0, "NNE_n": 5, "NE_calm": 0.0, "NE_calm_n": 4, "NE_low": 0.0, "NE_low_n": 6, "NE_med": 0.0, "NE_med_n": 1, "NE_high": 0.0, "NE_high_n": 0, "NE_mean": 0.0, "NE_n": 11, "ENE_calm": 0.0, "ENE_calm_n": 1, "ENE_low": 0.0, "ENE_low_n": 6, "ENE_med": 0.0, "ENE_med_n": 0, "ENE_high": 0.0, "ENE_high_n": 0, "ENE_mean": 0.0, "ENE_n": 7, "E_calm": 0.0, "E_calm_n": 4, "E_low": 0.0, "E_low_n": 5, "E_med": 0.0, "E_med_n": 0, "E_high": 0.0, "E_high_n": 0, "E_mean": 0.0, "E_n": 9, "ESE_calm": 0.0, "ESE_calm_n": 7, "ESE_low": 0.0, "ESE_low_n": 9, "ESE_med": 0.0, "ESE_med_n": 0, "ESE_high": 0.0, "ESE_high_n": 0, "ESE_mean": 0.0, "ESE_n": 16, "SE_calm": 0.0, "SE_calm_n": 7, "SE_low": 0.07, "SE_low_n": 27, "SE_med": 0.0, "SE_med_n": 0, "SE_high": 0.0, "SE_high_n": 0, "SE_mean": 0.06, "SE_n": 34, "SSE_calm": 0.0, "SSE_calm_n": 6, "SSE_low": 0.0, "SSE_low_n": 17, "SSE_med": 0.0, "SSE_med_n": 8, "SSE_high": 0.0, "SSE_high_n": 0, "SSE_mean": 0.0, "SSE_n": 31, "S_calm": 0.0, "S_calm_n": 2, "S_low": 0.0, "S_low_n": 2, "S_med": 0.0, "S_med_n": 1, "S_high": 0.0, "S_high_n": 0, "S_mean": 0.0, "S_n": 5, "SSW_calm": 0.0, "SSW_calm_n": 1, "SSW_low": 0.0, "SSW_low_n": 1, "SSW_med": 0.0, "SSW_med_n": 1, "SSW_high": 0.0, "SSW_high_n": 0, "SSW_mean": 0.0, "SSW_n": 3, "SW_calm": 0.0, "SW_calm_n": 0, "SW_low": 0.0, "SW_low_n": 3, "SW_med": 0.0, "SW_med_n": 0, "SW_high": 0.0, "SW_high_n": 0, "SW_mean": 0.0, "SW_n": 3, "WSW_calm": 0.0, "WSW_calm_n": 0, "WSW_low": 0.0, "WSW_low_n": 0, "WSW_med": 0.0, "WSW_med_n": 0, "WSW_high": 0.0, "WSW_high_n": 0, "WSW_mean": 0, "WSW_n": 0, "W_calm": 0.0, "W_calm_n": 2, "W_low": 0.0, "W_low_n": 2, "W_med": 0.0, "W_med_n": 0, "W_high": 0.0, "W_high_n": 0, "W_mean": 0.0, "W_n": 4, "WNW_calm": 0.0, "WNW_calm_n": 0, "WNW_low": 0.0, "WNW_low_n": 4, "WNW_med": 0.0, "WNW_med_n": 0, "WNW_high": 0.0, "WNW_high_n": 0, "WNW_mean": 0.0, "WNW_n": 4, "NW_calm": 0.0, "NW_calm_n": 1, "NW_low": 0.0, "NW_low_n": 3, "NW_med": 0.0, "NW_med_n": 6, "NW_high": 0.0, "NW_high_n": 0, "NW_mean": 0.0, "NW_n": 10, "NNW_calm": 0.0, "NNW_calm_n": 0, "NNW_low": 0.0, "NNW_low_n": 4, "NNW_med": 0.0, "NNW_med_n": 6, "NNW_high": 0.0, "NNW_high_n": 0, "NNW_mean": 0.0, "NNW_n": 10, "calm_percent": 22.5}}, {"type": "Feature", "geometry": {"type": "Point", "coordinates": [-112.089167, 56.779722]}, "properties": {"N_calm": 0.0, "N_calm_n": 0, "N_low": 1.0, "N_low_n": 1, "N_med": 0.0, "N_med_n": 0, "N_high": 0.0, "N_high_n": 0, "N_mean": 1.0, "N_n": 1, "overall_mean": 0.38, "n_total": 157, "station": "Brion-MacKay River", "pollutant": "Sulphur Dioxide", "period": "Last 7 Days", "start_date": "2026-10-02 20:00", "end_date": "2026-10-09 18:00", "dominant_dir": "NNE", "dominant_value": 2.0, "dominant_percent": 1.9, "NNE_calm": 3.0, "NNE_calm_n": 1, "NNE_low": 1.5, "NNE_low_n": 2, "NNE_med": 0.0, "NNE_med_n": 0, "NNE_high": 0.0, "NNE_high_n": 0, "NNE_mean": 2.0, "NNE_n": 3, "NE_calm": 0.0, "NE_calm_n": 1, "NE_low": 1.62, "NE_low_n": 8, "NE_med": 1.75, "NE_med_n": 4, "NE_high": 0.0, "NE_high_n": 0, "NE_mean": 1.54, "NE_n": 13, "ENE_calm": 0.0, "ENE_calm_n": 0, "ENE_low": 0.0, "ENE_low_n": 0, "ENE_med": 0.0, "ENE_med_n": 0, "ENE_high": 0.0, "ENE_high_n": 0, "ENE_mean": 0, "ENE_n": 0, "E_calm": 0.0, "E_calm_n": 0, "E_low": 0.0, "E_low_n": 0, "E_med": 0.0, "E_med_n": 0, "E_high": 0.0, "E_high_n": 0, "E_mean": 0, "E_n": 0, "ESE_calm": 0.33, "ESE_calm_n": 3, "ESE_low": 0.0, "ESE_low_n": 0, "ESE_med": 0.0, "ESE_med_n": 0, "ESE_high": 0.0, "ESE_high_n": 0, "ESE_mean": 0.33, "ESE_n": 3, "SE_calm": 0.0, "SE_calm_n": 3, "SE_low": 0.4, "SE_low_n": 5, "SE_med": 0.0, "SE_med_n": 0, "SE_high": 0.0, "SE_high_n": 0, "SE_mean": 0.25, "SE_n": 8, "SSE_calm": 0.0, "SSE_calm_n": 6, "SSE_low": 0.0, "SSE_low_n": 13, "SSE_med": 0.0, "SSE_med_n": 0, "SSE_high": 0.0, "SSE_high_n": 0, "SSE_mean": 0.0, "SSE_n": 19, "S_calm": 0.0, "S_calm_n": 1, "S_low": 0.67, "S_low_n": 3, "S_med": 0.0, "S_med_n": 4, "S_high": 0.0, "S_high_n": 0, "S_mean": 0.25, "S_n": 8, "SSW_calm": 0.0, "SSW_calm_n": 0, "SSW_low": 0.0, "SSW_low_n": 5, "SSW_med": 0.0, "SSW_med_n": 1, "SSW_high": 0.0, "SSW_high_n": 0, "SSW_mean": 0.0, "SSW_n": 6, "SW_calm": 0.0, "SW_calm_n": 4, "SW_low": 0.53, "SW_low_n": 15, "SW_med": 0.0, "SW_med_n": 0, "SW_high": 0.0, "SW_high_n": 0, "SW_mean": 0.42, "SW_n": 19, "WSW_calm": 0.0, "WSW_calm_n": 2, "WSW_low": 0.0, "WSW_low_n": 37, "WSW_med": 0.0, "WSW_med_n": 3, "WSW_high": 0.0, "WSW_high_n": 0, "WSW_mean": 0.0, "WSW_n": 42, "W_calm": 0.0, "W_calm_n": 0, "W_low": 0.37, "W_low_n": 19, "W_med": 0.0, "W_med_n": 7, "W_high": 0.0, "W_high_n": 0, "W_mean": 0.27, "W_n": 26, "WNW_calm": 0.0, "WNW_calm_n": 0, "WNW_low": 1.5, "WNW_low_n": 2, "WNW_med": 1.0, "WNW_med_n": 1, "WNW_high": 0.0, "WNW_high_n": 0, "WNW_mean": 1.33, "WNW_n": 3, "NW_calm": 0.0, "NW_calm_n": 0, "NW_low": 1.0, "NW_low_n": 2, "NW_med": 0.0, "NW_med_n": 0, "NW_high": 0.0, "NW_high_n": 0, "NW_mean": 1.0, "NW_n": 2, "NNW_calm": 0.5, "NNW_calm_n": 2, "NNW_low": 3.0, "NNW_low_n": 2, "NNW_med": 0.0, "NNW_med_n": 0, "NNW_high": 0.0, "NNW_high_n": 0, "NNW_mean": 1.75, "NNW_n": 4, "calm_percent": 14.6}}, {"type": "Feature", "geometry": {"type": "Point", "coordinates": [-112.9278, 53.80012]}, "properties": {"N_calm": 0.0, "N_calm_n": 0, "N_low": 0.0, "N_low_n": 1, "N_med": 0.0, "N_med_n": 0, "N_high": 0.0, "N_high_n": 0, "N_mean": 0.0, "N_n": 1, "overall_mean": 1.09, "n_total": 149, "station": "Bruderheim", "pollutant": "Sulphur Dioxide", "period": "Last 7 Days", "start_date": "2026-10-02 20:00", "end_date": "2026-10-09 17:00", "dominant_dir": "WSW", "dominant_value": 2.81, "dominant_percent": 14.1, "NNE_calm": 0.0, "NNE_calm_n": 0, "NNE_low": 0.0, "NNE_low_n": 0, "NNE_med": 0.0, "NNE_med_n": 0, "NNE_high": 0.0, "NNE_high_n": 0, "NNE_mean": 0, "NNE_n": 0, "NE_calm": 0.0, "NE_calm_n": 0, "NE_low": 0.0, "NE_low_n": 0, "NE_med": 0.0, "NE_med_n": 0, "NE_high": 0.0, "NE_high_n": 0, "NE_mean": 0, "NE_n": 0, "ENE_calm": 0.0, "ENE_calm_n": 0, "ENE_low": 0.0, "ENE_low_n": 0, "ENE_med": 0.0, "ENE_med_n": 0, "ENE_high": 0.0, "ENE_high_n": 0, "ENE_mean": 0, "ENE_n": 0, "E_calm": 0.0, "E_calm_n": 0, "E_low": 0.0, "E_low_n": 2, "E_med": 0.0, "E_med_n": 3, "E_high": 0.0, "E_high_n": 0, "E_mean": 0.0, "E_n": 5, "ESE_calm": 0.0, "ESE_calm_n": 0, "ESE_low": 0.0, "ESE_low_n": 6, "ESE_med": 0.0, "ESE_med_n": 7, "ESE_high": 0.0, "ESE_high_n": 0, "ESE_mean": 0.0, "ESE_n": 13, "SE_calm": 0.0, "SE_calm_n": 0, "SE_low": 0.0, "SE_low_n": 4, "SE_med": 0.0, "SE_med_n": 11, "SE_high": 0.0, "SE_high_n": 0, "SE_mean": 0.0, "SE_n": 15, "SSE_calm": 0.0, "SSE_calm_n": 0, "SSE_low": 0.0, "SSE_low_n": 2, "SSE_med": 0.0, "SSE_med_n": 0, "SSE_high": 0.0, "SSE_high_n": 0, "SSE_mean": 0.0, "SSE_n": 2, "S_calm": 0.0, "S_calm_n": 0, "S_low": 0.0, "S_low_n": 5, "S_med": 0.0, "S_med_n": 0, "S_high": 0.0, "S_high_n": 0, "S_mean": 0.0, "S_n": 5, "SSW_calm": 0.0, "SSW_calm_n": 1, "SSW_low": 0.91, "SSW_low_n": 11, "SSW_med": 0.0, "SSW_med_n": 0, "SSW_high": 0.0, "SSW_high_n": 0, "SSW_mean": 0.83, "SSW_n": 12, "SW_calm": 0.0, "SW_calm_n": 0, "SW_low": 0.66, "SW_low_n": 29, "SW_med": 1.18, "SW_med_n": 17, "SW_high": 0.0, "SW_high_n": 0, "SW_mean": 0.85, "SW_n": 46, "WSW_calm": 0.0, "WSW_calm_n": 0, "WSW_low": 4.27, "WSW_low_n": 11, "WSW_med": 1.2, "WSW_med_n": 10, "WSW_high": 0.0, "WSW_high_n": 0, "WSW_mean": 2.81, "WSW_n": 21, "W_calm": 0.0, "W_calm_n": 0, "W_low": 6.67, "W_low_n": 3, "W_med": 0.91, "W_med_n": 11, "W_high": 0.0, "W_high_n": 0, "W_mean": 2.14, "W_n": 14, "WNW_calm": 0.0, "WNW_calm_n": 0, "WNW_low": 7.0, "WNW_low_n": 2, "WNW_med": 0.33, "WNW_med_n": 6, "WNW_high": 0.0, "WNW_high_n": 0, "WNW_mean": 2.0, "WNW_n": 8, "NW_calm": 0.0, "NW_calm_n": 0, "NW_low": 1.0, "NW_low_n": 1, "NW_med": 2.0, "NW_med_n": 3, "NW_high": 0.0, "NW_high_n": 0, "NW_mean": 1.75, "NW_n": 4, "NNW_calm": 0.0, "NNW_calm_n": 0, "NNW_low": 0.5, "NNW_low_n": 2, "NNW_med": 0.0, "NNW_med_n": 1, "NNW_high": 0.0, "NNW_high_n": 0, "NNW_mean": 0.33, "NNW_n": 3, "calm_percent": 0.7}}, {"type": "Feature", "geometry": {"type": "Point", "coordinates": [-111.5926, 56.9967]}, "properties": {"N_calm": 0.0, "N_calm_n": 0, "N_low": 2.12, "N_low_n": 8, "N_med": 0.0, "N_med_n": 1, "N_high": 0.0, "N_high_n": 0, "N_mean": 1.89, "N_n": 9, "overall_mean": 0.46, "n_total": 156, "station": "Buffalo Viewpoint", "pollutant": "Sulphur Dioxide", "period": "Last 7 Days", "start_date": "2026-10-02 20:00", "end_date": "2026-10-09 18:00", "dominant_dir": "ESE", "dominant_value": 5.0, "dominant_percent": 0.6, "NNE_calm": 0.0, "NNE_calm_n": 0, "NNE_low": 1.27, "NNE_low_n": 11, "NNE_med": 0.0, "NNE_med_n": 5, "NNE_high": 0.0, "NNE_high_n": 0, "NNE_mean": 0.88, "NNE_n": 16, "NE_calm": 0.0, "NE_calm_n": 0, "NE_low": 2.0, "NE_low_n": 2, "NE_med": 0.0, "NE_med_n": 0, "NE_high": 0.0, "NE_high_n": 0, "NE_mean": 2.0, "NE_n": 2, "ENE_calm": 0.0, "ENE_calm_n": 0, "ENE_low": 0.0, "ENE_low_n": 0, "ENE_med": 0.0, "ENE_med_n": 0, "ENE_high": 0.0, "ENE_high_n": 0, "ENE_mean": 0, "ENE_n": 0, "E_calm": 0.0, "E_calm_n": 0, "E_low": 0.0, "E_low_n": 0, "E_med": 0.0, "E_med_n": 0, "E_high": 0.0, "E_high_n": 0, "E_mean": 0, "E_n": 0, "ESE_calm": 0.0, "ESE_calm_n": 0, "ESE_low": 5.0, "ESE_low_n": 1, "ESE_med": 0.0, "ESE_med_n": 0, "ESE_high": 0.0, "ESE_high_n": 0, "ESE_mean": 5.0, "ESE_n": 1, "SE_calm": 0.0, "SE_calm_n": 0, "SE_low": 1.0, "SE_low_n": 7, "SE_med": 0.0, "SE_med_n": 0, "SE_high": 0.0, "SE_high_n": 0, "SE_mean": 1.0, "SE_n": 7, "SSE_calm": 0.0, "SSE_calm_n": 0, "SSE_low": 0.08, "SSE_low_n": 12, "SSE_med": 0.17, "SSE_med_n": 6, "SSE_high": 0.0, "SSE_high_n": 0, "SSE_mean": 0.11, "SSE_n": 18, "S_calm": 0.0, "S_calm_n": 0, "S_low": 0.0, "S_low_n": 9, "S_med": 0.0, "S_med_n": 0, "S_high": 0.0, "S_high_n": 0, "S_mean": 0.0, "S_n": 9, "SSW_calm": 2.0, "SSW_calm_n": 1, "SSW_low": 3.67, "SSW_low_n": 3, "SSW_med": 0.0, "SSW_med_n": 0, "SSW_high": 0.0, "SSW_high_n": 0, "SSW_mean": 3.25, "SSW_n": 4, "SW_calm": 0.0, "SW_calm_n": 0, "SW_low": 0.0, "SW_low_n": 5, "SW_med": 0.0, "SW_med_n": 3, "SW_high": 0.0, "SW_high_n": 0, "SW_mean": 0.0, "SW_n": 8, "WSW_calm": 0.0, "WSW_calm_n": 0, "WSW_low": 1.0, "WSW_low_n": 10, "WSW_med": 0.0, "WSW_med_n": 3, "WSW_high": 0.0, "WSW_high_n": 0, "WSW_mean": 0.77, "WSW_n": 13, "W_calm": 0.0, "W_calm_n": 0, "W_low": 0.0, "W_low_n": 19, "W_med": 0.0, "W_med_n": 24, "W_high": 0.0, "W_high_n": 1, "W_mean": 0.0, "W_n": 44, "WNW_calm": 0.0, "WNW_calm_n": 0, "WNW_low": 0.0, "WNW_low_n": 13, "WNW_med": 0.0, "WNW_med_n": 4, "WNW_high": 0.0, "WNW_high_n": 0, "WNW_mean": 0.0, "WNW_n": 17, "NW_calm": 0.0, "NW_calm_n": 0, "NW_low": 0.0, "NW_low_n": 2, "NW_med": 0.0, "NW_med_n": 3, "NW_high": 0.0, "NW_high_n": 0, "NW_mean": 0.0, "NW_n": 5, "NNW_calm": 0.0, "NNW_calm_n": 1, "NNW_low": 0.0, "NNW_low_n": 2, "NNW_med": 0.0, "NNW_med_n": 0, "NNW_high": 0.0, "NNW_high_n": 0, "NNW_mean": 0.0, "NNW_n": 3, "calm_percent": 1.3}}, {"type": "Feature", "geometry": {"type": "Point", "coordinates": [-113.969742, 50.955122]}, "properties": {"N_calm": 0.0, "N_calm_n": 0, "N_low": 0.0, "N_low_n": 0, "N_med": 0.0, "N_med_n": 0, "N_high": 0.0, "N_high_n": 0, "N_mean": 0, "N_n": 0, "overall_mean": 0.45, "n_total": 20, "station": "Calgary Southeast", "pollutant": "Sulphur Dioxide", "period": "Last 7 Days", "start_date": "2026-10-08 22:00", "end_date": "2026-10-09 18:00", "dominant_dir": "NE", "dominant_value": 1.0, "dominant_percent": 5.0, "NNE_calm": 0.0, "NNE_calm_n": 0, "NNE_low": 0.0, "NNE_low_n": 0, "NNE_med": 0.0, "NNE_med_n": 0, "NNE_high": 0.0, "NNE_high_n": 0, "NNE_mean": 0, "NNE_n": 0, "NE_calm": 0.0, "NE_calm_n": 0, "NE_low": 1.0, "NE_low_n": 1, "NE_med": 0.0, "NE_med_n": 0, "NE_high": 0.0, "NE_high_n": 0, "NE_mean": 1.0, "NE_n": 1, "ENE_calm": 0.0, "ENE_calm_n": 0, "ENE_low": 0.0, "ENE_low_n": 0, "ENE_med": 0.0, "ENE_med_n": 0, "ENE_high": 0.0, "ENE_high_n": 0, "ENE_mean": 0, "ENE_n": 0, "E_calm": 0.0, "E_calm_n": 0, "E_low": 0.0, "E_low_n": 0, "E_med": 0.0, "E_med_n": 0, "E_high": 0.0, "E_high_n": 0, "E_mean": 0, "E_n": 0, "ESE_calm": 0.0, "ESE_calm_n": 0, "ESE_low": 0.0, "ESE_low_n": 0, "ESE_med": 0.0, "ESE_med_n": 0, "ESE_high": 0.0, "ESE_high_n": 0, "ESE_mean": 0, "ESE_n": 0, "SE_calm": 0.0, "SE_calm_n": 1, "SE_low": 0.0, "SE_low_n": 1, "SE_med": 0.0, "SE_med_n": 0, "SE_high": 0.0, "SE_high_n": 0, "SE_mean": 0.0, "SE_n": 2, "SSE_calm": 0.0, "SSE_calm_n": 2, "SSE_low": 0.0, "SSE_low_n": 0, "SSE_med": 0.25, "SSE_med_n": 4, "SSE_high": 0.0, "SSE_high_n": 0, "SSE_mean": 0.17, "SSE_n": 6, "S_calm": 0.0, "S_calm_n": 0, "S_low": 0.0, "S_low_n": 2, "S_med": 0.0, "S_med_n": 0, "S_high": 0.0, "S_high_n": 0, "S_mean": 0.0, "S_n": 2, "SSW_calm": 0.0, "SSW_calm_n": 0, "SSW_low": 0.0, "SSW_low_n": 0, "SSW_med": 0.0, "SSW_med_n": 0, "SSW_high": 0.0, "SSW_high_n": 0, "SSW_mean": 0, "SSW_n": 0, "SW_calm": 1.0, "SW_calm_n": 1, "SW_low": 1.0, "SW_low_n": 1, "SW_med": 0.0, "SW_med_n": 0, "SW_high": 0.0, "SW_high_n": 0, "SW_mean": 1.0, "SW_n": 2, "WSW_calm": 0.0, "WSW_calm_n": 0, "WSW_low": 0.0, "WSW_low_n": 0, "WSW_med": 0.0, "WSW_med_n": 0, "WSW_high": 0.0, "WSW_high_n": 0, "WSW_mean": 0, "WSW_n": 0, "W_calm": 1.0, "W_calm_n": 1, "W_low": 0.0, "W_low_n": 0, "W_med": 0.0, "W_med_n": 1, "W_high": 0.0, "W_high_n": 0, "W_mean": 0.5, "W_n": 2, "WNW_calm": 0.0, "WNW_calm_n": 1, "WNW_low": 1.0, "WNW_low_n": 1, "WNW_med": 0.0, "WNW_med_n": 0, "WNW_high": 0.0, "WNW_high_n": 0, "WNW_mean": 0.5, "WNW_n": 2, "NW_calm": 1.0, "NW_calm_n": 1, "NW_low": 0.0, "NW_low_n": 0, "NW_med": 0.0, "NW_med_n": 0, "NW_high": 0.0, "NW_high_n": 0, "NW_mean": 1.0, "NW_n": 1, "NNW_calm": 1.0, "NNW_calm_n": 2, "NNW_low": 0.0, "NNW_low_n": 0, "NNW_med": 0.0, "NNW_med_n": 0, "NNW_high": 0.0, "NNW_high_n": 0, "NNW_mean": 1.0, "NNW_n": 2, "calm_percent": 45.0}}, {"type": "Feature", "geometry": {"type": "Point", "coordinates": [-115.8691549, 53.6210616]}, "properties": {"N_calm": 0.0, "N_calm_n": 2, "N_low": 0.0, "N_low_n": 3, "N_med": 0.0, "N_med_n": 0, "N_high": 0.0, "N_high_n": 0, "N_mean": 0.0, "N_n": 5, "overall_mean": 0.0, "n_total": 153, "station": "Carrot Creek", "pollutant": "Sulphur Dioxide", "period": "Last 7 Days", "start_date": "2026-10-02 20:00", "end_date": "2026-10-09 18:00", "dominant_dir": "N", "dominant_value": 0.0, "dominant_percent": 3.3, "NNE_calm": 0.0, "NNE_calm_n": 0, "NNE_low": 0.0, "NNE_low_n": 2, "NNE_med": 0.0, "NNE_med_n": 0, "NNE_high": 0.0, "NNE_high_n": 0, "NNE_mean": 0.0, "NNE_n": 2, "NE_calm": 0.0, "NE_calm_n": 3, "NE_low": 0.0, "NE_low_n": 5, "NE_med": 0.0, "NE_med_n": 0, "NE_high": 0.0, "NE_high_n": 0, "NE_mean": 0.0, "NE_n": 8, "ENE_calm": 0.0, "ENE_calm_n": 4, "ENE_low": 0.0, "ENE_low_n": 10, "ENE_med": 0.0, "ENE_med_n": 1, "ENE_high": 0.0, "ENE_high_n": 0, "ENE_mean": 0.0, "ENE_n": 15, "E_calm": 0.0, "E_calm_n": 2, "E_low": 0.0, "E_low_n": 14, "E_med": 0.0, "E_med_n": 0, "E_high": 0.0, "E_high_n": 0, "E_mean": 0.0, "E_n": 16, "ESE_calm": 0.0, "ESE_calm_n": 1, "ESE_low": 0.0, "ESE_low_n": 10, "ESE_med": 0.0, "ESE_med_n": 0, "ESE_high": 0.0, "ESE_high_n": 0, "ESE_mean": 0.0, "ESE_n": 11, "SE_calm": 0.0, "SE_calm_n": 0, "SE_low": 0.0, "SE_low_n": 0, "SE_med": 0.0, "SE_med_n": 0, "SE_high": 0.0, "SE_high_n": 0, "SE_mean": 0, "SE_n": 0, "SSE_calm": 0.0, "SSE_calm_n": 1, "SSE_low": 0.0, "SSE_low_n": 0, "SSE_med": 0.0, "SSE_med_n": 0, "SSE_high": 0.0, "SSE_high_n": 0, "SSE_mean": 0.0, "SSE_n": 1, "S_calm": 0.0, "S_calm_n": 3, "S_low": 0.0, "S_low_n": 7, "S_med": 0.0, "S_med_n": 0, "S_high": 0.0, "S_high_n": 0, "S_mean": 0.0, "S_n": 10, "SSW_calm": 0.0, "SSW_calm_n": 2, "SSW_low": 0.0, "SSW_low_n": 14, "SSW_med": 0.0, "SSW_med_n": 0, "SSW_high": 0.0, "SSW_high_n": 0, "SSW_mean": 0.0, "SSW_n": 16, "SW_calm": 0.0, "SW_calm_n": 0, "SW_low": 0.0, "SW_low_n": 19, "SW_med": 0.0, "SW_med_n": 0, "SW_high": 0.0, "SW_high_n": 0, "SW_mean": 0.0, "SW_n": 19, "WSW_calm": 0.0, "WSW_calm_n": 2, "WSW_low": 0.0, "WSW_low_n": 4, "WSW_med": 0.0, "WSW_med_n": 0, "WSW_high": 0.0, "WSW_high_n": 0, "WSW_mean": 0.0, "WSW_n": 6, "W_calm": 0.0, "W_calm_n": 0, "W_low": 0.0, "W_low_n": 6, "W_med": 0.0, "W_med_n": 0, "W_high": 0.0, "W_high_n": 0, "W_mean": 0.0, "W_n": 6, "WNW_calm": 0.0, "WNW_calm_n": 1, "WNW_low": 0.0, "WNW_low_n": 6, "WNW_med": 0.0, "WNW_med_n": 12, "WNW_high": 0.0, "WNW_high_n": 1, "WNW_mean": 0.0, "WNW_n": 20, "NW_calm": 0.0, "NW_calm_n": 0, "NW_low": 0.0, "NW_low_n": 8, "NW_med": 0.0, "NW_med_n": 5, "NW_high": 0.0, "NW_high_n": 0, "NW_mean": 0.0, "NW_n": 13, "NNW_calm": 0.0, "NNW_calm_n": 1, "NNW_low": 0.0, "NNW_low_n": 4, "NNW_med": 0.0, "NNW_med_n": 0, "NNW_high": 0.0, "NNW_high_n": 0, "NNW_mean": 0.0, "NNW_n": 5, "calm_percent": 14.4}}, {"type": "Feature", "geometry": {"type": "Point", "coordinates": [-110.2330575, 54.4138811]}, "properties": {"N_calm": 0.0, "N_calm_n": 0, "N_low": 0.0, "N_low_n": 0, "N_med": 0.0, "N_med_n": 0, "N_high": 0.0, "N_high_n": 0, "N_mean": 0, "N_n": 0, "overall_mean": 0.0, "n_total": 160, "station": "Cold Lake South", "pollutant": "Sulphur Dioxide", "period": "Last 7 Days", "start_date": "2026-10-02 20:00", "end_date": "2026-10-09 18:00", "dominant_dir": "N", "dominant_value": 0, "dominant_percent": 0.0, "NNE_calm": 0.0, "NNE_calm_n": 0, "NNE_low": 0.0, "NNE_low_n": 1, "NNE_med": 0.0, "NNE_med_n": 0, "NNE_high": 0.0, "NNE_high_n": 0, "NNE_mean": 0.0, "NNE_n": 1, "NE_calm": 0.0, "NE_calm_n": 1, "NE_low": 0.0, "NE_low_n": 0, "NE_med": 0.0, "NE_med_n": 0, "NE_high": 0.0, "NE_high_n": 0, "NE_mean": 0.0, "NE_n": 1, "ENE_calm": 0.0, "ENE_calm_n": 0, "ENE_low": 0.0, "ENE_low_n": 1, "ENE_med": 0.0, "ENE_med_n": 0, "ENE_high": 0.0, "ENE_high_n": 0, "ENE_mean": 0.0, "ENE_n": 1, "E_calm": 0.0, "E_calm_n": 3, "E_low": 0.0, "E_low_n": 3, "E_med": 0.0, "E_med_n": 5, "E_high": 0.0, "E_high_n": 0, "E_mean": 0.0, "E_n": 11, "ESE_calm": 0.0, "ESE_calm_n": 2, "ESE_low": 0.0, "ESE_low_n": 4, "ESE_med": 0.0, "ESE_med_n": 1, "ESE_high": 0.0, "ESE_high_n": 0, "ESE_mean": 0.0, "ESE_n": 7, "SE_calm": 0.0, "SE_calm_n": 2, "SE_low": 0.0, "SE_low_n": 12, "SE_med": 0.0, "SE_med_n": 1, "SE_high": 0.0, "SE_high_n": 0, "SE_mean": 0.0, "SE_n": 15, "SSE_calm": 0.0, "SSE_calm_n": 4, "SSE_low": 0.0, "SSE_low_n": 0, "SSE_med": 0.0, "SSE_med_n": 0, "SSE_high": 0.0, "SSE_high_n": 0, "SSE_mean": 0.0, "SSE_n": 4, "S_calm": 0.0, "S_calm_n": 0, "S_low": 0.0, "S_low_n": 0, "S_med": 0.0, "S_med_n": 0, "S_high": 0.0, "S_high_n": 0, "S_mean": 0, "S_n": 0, "SSW_calm": 0.0, "SSW_calm_n": 2, "SSW_low": 0.0, "SSW_low_n": 0, "SSW_med": 0.0, "SSW_med_n": 0, "SSW_high": 0.0, "SSW_high_n": 0, "SSW_mean": 0.0, "SSW_n": 2, "SW_calm": 0.0, "SW_calm_n": 5, "SW_low": 0.0, "SW_low_n": 7, "SW_med": 0.0, "SW_med_n": 0, "SW_high": 0.0, "SW_high_n": 0, "SW_mean": 0.0, "SW_n": 12, "WSW_calm": 0.0, "WSW_calm_n": 7, "WSW_low": 0.0, "WSW_low_n": 54, "WSW_med": 0.0, "WSW_med_n": 7, "WSW_high": 0.0, "WSW_high_n": 0, "WSW_mean": 0.0, "WSW_n": 68, "W_calm": 0.0, "W_calm_n": 1, "W_low": 0.0, "W_low_n": 22, "W_med": 0.0, "W_med_n": 9, "W_high": 0.0, "W_high_n": 0, "W_mean": 0.0, "W_n": 32, "WNW_calm": 0.0, "WNW_calm_n": 0, "WNW_low": 0.0, "WNW_low_n": 1, "WNW_med": 0.0, "WNW_med_n": 2, "WNW_high": 0.0, "WNW_high_n": 0, "WNW_mean": 0.0, "WNW_n": 3, "NW_calm": 0.0, "NW_calm_n": 1, "NW_low": 0.0, "NW_low_n": 2, "NW_med": 0.0, "NW_med_n": 0, "NW_high": 0.0, "NW_high_n": 0, "NW_mean": 0.0, "NW_n": 3, "NNW_calm": 0.0, "NNW_calm_n": 0, "NNW_low": 0.0, "NNW_low_n": 0, "NNW_med": 0.0, "NNW_med_n": 0, "NNW_high": 0.0, "NNW_high_n": 0, "NNW_mean": 0, "NNW_n": 0, "calm_percent": 17.5}}, {"type": "Feature", "geometry": {"type": "Point", "coordinates": [-111.078872, 55.632331]}, "properties": {"N_calm": 0.0, "N_calm_n": 0, "N_low": 0.0, "N_low_n": 0, "N_med": 0.0, "N_med_n": 0, "N_high": 0.0, "N_high_n": 0, "N_mean": 0, "N_n": 0, "overall_mean": 0.18, "n_total": 160, "station": "Conklin Community", "pollutant": "Sulphur Dioxide", "period": "Last 7 Days", "start_date": "2026-10-02 20:00", "end_date": "2026-10-09 18:00", "dominant_dir": "ESE", "dominant_value": 0.75, "dominant_percent": 2.5, "NNE_calm": 0.0, "NNE_calm_n": 2, "NNE_low": 0.0, "NNE_low_n": 0, "NNE_med": 0.0, "NNE_med_n": 0, "NNE_high": 0.0, "NNE_high_n": 0, "NNE_mean": 0.0, "NNE_n": 2, "NE_calm": 0.0, "NE_calm_n": 1, "NE_low": 0.0, "NE_low_n": 1, "NE_med": 0.0, "NE_med_n": 0, "NE_high": 0.0, "NE_high_n": 0, "NE_mean": 0.0, "NE_n": 2, "ENE_calm": 0.0, "ENE_calm_n": 1, "ENE_low": 0.0, "ENE_low_n": 2, "ENE_med": 0.0, "ENE_med_n": 0, "ENE_high": 0.0, "ENE_high_n": 0, "ENE_mean": 0.0, "ENE_n": 3, "E_calm": 0.0, "E_calm_n": 0, "E_low": 0.0, "E_low_n": 4, "E_med": 0.0, "E_med_n": 2, "E_high": 0.0, "E_high_n": 0, "E_mean": 0.0, "E_n": 6, "ESE_calm": 0.0, "ESE_calm_n": 1, "ESE_low": 1.0, "ESE_low_n": 3, "ESE_med": 0.0, "ESE_med_n": 0, "ESE_high": 0.0, "ESE_high_n": 0, "ESE_mean": 0.75, "ESE_n": 4, "SE_calm": 0.0, "SE_calm_n": 6, "SE_low": 0.62, "SE_low_n": 8, "SE_med": 0.0, "SE_med_n": 0, "SE_high": 0.0, "SE_high_n": 0, "SE_mean": 0.36, "SE_n": 14, "SSE_calm": 0.0, "SSE_calm_n": 4, "SSE_low": 0.69, "SSE_low_n": 13, "SSE_med": 0.0, "SSE_med_n": 0, "SSE_high": 0.0, "SSE_high_n": 0, "SSE_mean": 0.53, "SSE_n": 17, "S_calm": 0.0, "S_calm_n": 2, "S_low": 0.67, "S_low_n": 6, "S_med": 0.33, "S_med_n": 3, "S_high": 0.0, "S_high_n": 0, "S_mean": 0.45, "S_n": 11, "SSW_calm": 0.0, "SSW_calm_n": 1, "SSW_low": 0.0, "SSW_low_n": 11, "SSW_med": 0.0, "SSW_med_n": 0, "SSW_high": 0.0, "SSW_high_n": 0, "SSW_mean": 0.0, "SSW_n": 12, "SW_calm": 0.0, "SW_calm_n": 0, "SW_low": 0.11, "SW_low_n": 9, "SW_med": 0.0, "SW_med_n": 4, "SW_high": 0.0, "SW_high_n": 0, "SW_mean": 0.08, "SW_n": 13, "WSW_calm": 0.0, "WSW_calm_n": 2, "WSW_low": 0.1, "WSW_low_n": 10, "WSW_med": 0.0, "WSW_med_n": 6, "WSW_high": 0.0, "WSW_high_n": 0, "WSW_mean": 0.06, "WSW_n": 18, "W_calm": 0.0, "W_calm_n": 0, "W_low": 0.11, "W_low_n": 19, "W_med": 0.0, "W_med_n": 7, "W_high": 0.0, "W_high_n": 0, "W_mean": 0.08, "W_n": 26, "WNW_calm": 0.0, "WNW_calm_n": 0, "WNW_low": 0.07, "WNW_low_n": 15, "WNW_med": 0.0, "WNW_med_n": 2, "WNW_high": 0.0, "WNW_high_n": 0, "WNW_mean": 0.06, "WNW_n": 17, "NW_calm": 0.0, "NW_calm_n": 1, "NW_low": 0.12, "NW_low_n": 8, "NW_med": 0.0, "NW_med_n": 0, "NW_high": 0.0, "NW_high_n": 0, "NW_mean": 0.11, "NW_n": 9, "NNW_calm": 1.0, "NNW_calm_n": 1, "NNW_low": 0.0, "NNW_low_n": 5, "NNW_med": 0.0, "NNW_med_n": 0, "NNW_high": 0.0, "NNW_high_n": 0, "NNW_mean": 0.17, "NNW_n": 6, "calm_percent": 13.8}}, {"type": "Feature", "geometry": {"type": "Point", "coordinates": [-114.983408, 53.220056]}, "properties": {"N_calm": 0.0, "N_calm_n": 1, "N_low": 0.0, "N_low_n": 7, "N_med": 0.0, "N_med_n": 1, "N_high": 0.0, "N_high_n": 0, "N_mean": 0.0, "N_n": 9, "overall_mean": 0.13, "n_total": 157, "station": "Drayton Valley", "pollutant": "Sulphur Dioxide", "period": "Last 7 Days", "start_date": "2026-10-02 20:00", "end_date": "2026-10-09 18:00", "dominant_dir": "NNW", "dominant_value": 0.44, "dominant_percent": 5.7, "NNE_calm": 0.0, "NNE_calm_n": 1, "NNE_low": 0.0, "NNE_low_n": 6, "NNE_med": 0.0, "NNE_med_n": 0, "NNE_high": 0.0, "NNE_high_n": 0, "NNE_mean": 0.0, "NNE_n": 7, "NE_calm": 0.0, "NE_calm_n": 1, "NE_low": 0.0, "NE_low_n": 16, "NE_med": 0.0, "NE_med_n": 0, "NE_high": 0.0, "NE_high_n": 0, "NE_mean": 0.0, "NE_n": 17, "ENE_calm": 0.0, "ENE_calm_n": 1, "ENE_low": 0.0, "ENE_low_n": 3, "ENE_med": 0.0, "ENE_med_n": 0, "ENE_high": 0.0, "ENE_high_n": 0, "ENE_mean": 0.0, "ENE_n": 4, "E_calm": 1.0, "E_calm_n": 1, "E_low": 0.25, "E_low_n": 4, "E_med": 0.0, "E_med_n": 0, "E_high": 0.0, "E_high_n": 0, "E_mean": 0.4, "E_n": 5, "ESE_calm": 0.5, "ESE_calm_n": 2, "ESE_low": 0.0, "ESE_low_n": 5, "ESE_med": 0.0, "ESE_med_n": 0, "ESE_high": 0.0, "ESE_high_n": 0, "ESE_mean": 0.14, "ESE_n": 7, "SE_calm": 0.0, "SE_calm_n": 0, "SE_low": 0.2, "SE_low_n": 5, "SE_med": 0.2, "SE_med_n": 5, "SE_high": 0.0, "SE_high_n": 0, "SE_mean": 0.2, "SE_n": 10, "SSE_calm": 0.0, "SSE_calm_n": 2, "SSE_low": 0.11, "SSE_low_n": 18, "SSE_med": 0.0, "SSE_med_n": 0, "SSE_high": 0.0, "SSE_high_n": 0, "SSE_mean": 0.1, "SSE_n": 20, "S_calm": 0.5, "S_calm_n": 2, "S_low": 0.07, "S_low_n": 29, "S_med": 0.0, "S_med_n": 0, "S_high": 0.0, "S_high_n": 0, "S_mean": 0.1, "S_n": 31, "SSW_calm": 0.0, "SSW_calm_n": 0, "SSW_low": 0.12, "SSW_low_n": 8, "SSW_med": 0.0, "SSW_med_n": 0, "SSW_high": 0.0, "SSW_high_n": 0, "SSW_mean": 0.12, "SSW_n": 8, "SW_calm": 0.0, "SW_calm_n": 0, "SW_low": 0.0, "SW_low_n": 2, "SW_med": 0.0, "SW_med_n": 0, "SW_high": 0.0, "SW_high_n": 0, "SW_mean": 0.0, "SW_n": 2, "WSW_calm": 0.0, "WSW_calm_n": 0, "WSW_low": 0.0, "WSW_low_n": 1, "WSW_med": 0.0, "WSW_med_n": 0, "WSW_high": 0.0, "WSW_high_n": 0, "WSW_mean": 0.0, "WSW_n": 1, "W_calm": 1.0, "W_calm_n": 2, "W_low": 0.0, "W_low_n": 4, "W_med": 0.0, "W_med_n": 0, "W_high": 0.0, "W_high_n": 0, "W_mean": 0.33, "W_n": 6, "WNW_calm": 0.5, "WNW_calm_n": 2, "WNW_low": 0.0, "WNW_low_n": 4, "WNW_med": 0.0, "WNW_med_n": 2, "WNW_high": 0.0, "WNW_high_n": 0, "WNW_mean": 0.12, "WNW_n": 8, "NW_calm": 0.5, "NW_calm_n": 2, "NW_low": 0.0, "NW_low_n": 6, "NW_med": 0.4, "NW_med_n": 5, "NW_high": 0.0, "NW_high_n": 0, "NW_mean": 0.23, "NW_n": 13, "NNW_calm": 0.0, "NNW_calm_n": 0, "NNW_low": 0.4, "NNW_low_n": 5, "NNW_med": 0.5, "NNW_med_n": 4, "NNW_high": 0.0, "NNW_high_n": 0, "NNW_mean": 0.44, "NNW_n": 9, "calm_percent": 10.8}}, {"type": "Feature", "geometry": {"type": "Point", "coordinates": [-113.3680856, 53.5482115]}, "properties": {"N_calm": 0.0, "N_calm_n": 0, "N_low": 0.17, "N_low_n": 6, "N_med": 0.0, "N_med_n": 0, "N_high": 0.0, "N_high_n": 0, "N_mean": 0.17, "N_n": 6, "overall_mean": 0.6, "n_total": 159, "station": "Edmonton East", "pollutant": "Sulphur Dioxide", "period": "Last 7 Days", "start_date": "2026-10-02 20:00", "end_date": "2026-10-09 18:00", "dominant_dir": "W", "dominant_value": 3.41, "dominant_percent": 10.7, "NNE_calm": 0.0, "NNE_calm_n": 0, "NNE_low": 0.0, "NNE_low_n": 2, "NNE_med": 0.0, "NNE_med_n": 0, "NNE_high": 0.0, "NNE_high_n": 0, "NNE_mean": 0.0, "NNE_n": 2, "NE_calm": 0.0, "NE_calm_n": 1, "NE_low": 0.0, "NE_low_n": 0, "NE_med": 0.0, "NE_med_n": 0, "NE_high": 0.0, "NE_high_n": 0, "NE_mean": 0.0, "NE_n": 1, "ENE_calm": 0.0, "ENE_calm_n": 0, "ENE_low": 0.0, "ENE_low_n": 2, "ENE_med": 0.0, "ENE_med_n": 0, "ENE_high": 0.0, "ENE_high_n": 0, "ENE_mean": 0.0, "ENE_n": 2, "E_calm": 0.0, "E_calm_n": 0, "E_low": 0.0, "E_low_n": 6, "E_med": 0.0, "E_med_n": 0, "E_high": 0.0, "E_high_n": 0, "E_mean": 0.0, "E_n": 6, "ESE_calm": 0.0, "ESE_calm_n": 0, "ESE_low": 0.0, "ESE_low_n": 9, "ESE_med": 0.0, "ESE_med_n": 5, "ESE_high": 0.0, "ESE_high_n": 0, "ESE_mean": 0.0, "ESE_n": 14, "SE_calm": 0.0, "SE_calm_n": 0, "SE_low": 0.0, "SE_low_n": 9, "SE_med": 0.0, "SE_med_n": 2, "SE_high": 0.0, "SE_high_n": 0, "SE_mean": 0.0, "SE_n": 11, "SSE_calm": 0.0, "SSE_calm_n": 0, "SSE_low": 1.0, "SSE_low_n": 1, "SSE_med": 0.0, "SSE_med_n": 5, "SSE_high": 0.0, "SSE_high_n": 0, "SSE_mean": 0.17, "SSE_n": 6, "S_calm": 0.0, "S_calm_n": 0, "S_low": 0.13, "S_low_n": 15, "S_med": 0.0, "S_med_n": 0, "S_high": 0.0, "S_high_n": 0, "S_mean": 0.13, "S_n": 15, "SSW_calm": 0.0, "SSW_calm_n": 0, "SSW_low": 0.19, "SSW_low_n": 26, "SSW_med": 0.0, "SSW_med_n": 0, "SSW_high": 0.0, "SSW_high_n": 0, "SSW_mean": 0.19, "SSW_n": 26, "SW_calm": 0.0, "SW_calm_n": 1, "SW_low": 0.67, "SW_low_n": 9, "SW_med": 0.0, "SW_med_n": 3, "SW_high": 0.0, "SW_high_n": 0, "SW_mean": 0.46, "SW_n": 13, "WSW_calm": 0.0, "WSW_calm_n": 0, "WSW_low": 0.5, "WSW_low_n": 4, "WSW_med": 0.0, "WSW_med_n": 0, "WSW_high": 0.0, "WSW_high_n": 0, "WSW_mean": 0.5, "WSW_n": 4, "W_calm": 1.0, "W_calm_n": 1, "W_low": 2.11, "W_low_n": 9, "W_med": 5.43, "W_med_n": 7, "W_high": 0.0, "W_high_n": 0, "W_mean": 3.41, "W_n": 17, "WNW_calm": 0.0, "WNW_calm_n": 0, "WNW_low": 0.81, "WNW_low_n": 16, "WNW_med": 0.56, "WNW_med_n": 9, "WNW_high": 0.0, "WNW_high_n": 0, "WNW_mean": 0.72, "WNW_n": 25, "NW_calm": 0.0, "NW_calm_n": 0, "NW_low": 0.2, "NW_low_n": 5, "NW_med": 0.33, "NW_med_n": 3, "NW_high": 0.0, "NW_high_n": 0, "NW_mean": 0.25, "NW_n": 8, "NNW_calm": 0.0, "NNW_calm_n": 0, "NNW_low": 0.0, "NNW_low_n": 3, "NNW_med": 0.0, "NNW_med_n": 0, "NNW_high": 0.0, "NNW_high_n": 0, "NNW_mean": 0.0, "NNW_n": 3, "calm_percent": 1.9}}, {"type": "Feature", "geometry": {"type": "Point", "coordinates": [-113.527, 53.4978]}, "properties": {"N_calm": 0.0, "N_calm_n": 2, "N_low": 0.0, "N_low_n": 0, "N_med": 0.0, "N_med_n": 0, "N_high": 0.0, "N_high_n": 0, "N_mean": 0.0, "N_n": 2, "overall_mean": 0.04, "n_total": 151, "station": "Edmonton Lendrum", "pollutant": "Sulphur Dioxide", "period": "Last 7 Days", "start_date": "2026-10-02 20:00", "end_date": "2026-10-09 18:00", "dominant_dir": "NW", "dominant_value": 0.25, "dominant_percent": 7.9, "NNE_calm": 0.0, "NNE_calm_n": 2, "NNE_low": 0.0, "NNE_low_n": 1, "NNE_med": 0.0, "NNE_med_n": 0, "NNE_high": 0.0, "NNE_high_n": 0, "NNE_mean": 0.0, "NNE_n": 3, "NE_calm": 0.0, "NE_calm_n": 1, "NE_low": 0.0, "NE_low_n": 0, "NE_med": 0.0, "NE_med_n": 0, "NE_high": 0.0, "NE_high_n": 0, "NE_mean": 0.0, "NE_n": 1, "ENE_calm": 0.0, "ENE_calm_n": 4, "ENE_low": 0.0, "ENE_low_n": 0, "ENE_med": 0.0, "ENE_med_n": 0, "ENE_high": 0.0, "ENE_high_n": 0, "ENE_mean": 0.0, "ENE_n": 4, "E_calm": 0.0, "E_calm_n": 4, "E_low": 0.0, "E_low_n": 23, "E_med": 0.0, "E_med_n": 0, "E_high": 0.0, "E_high_n": 0, "E_mean": 0.0, "E_n": 27, "ESE_calm": 0.0, "ESE_calm_n": 0, "ESE_low": 0.0, "ESE_low_n": 4, "ESE_med": 0.0, "ESE_med_n": 0, "ESE_high": 0.0, "ESE_high_n": 0, "ESE_mean": 0.0, "ESE_n": 4, "SE_calm": 0.0, "SE_calm_n": 1, "SE_low": 0.0, "SE_low_n": 0, "SE_med": 0.0, "SE_med_n": 0, "SE_high": 0.0, "SE_high_n": 0, "SE_mean": 0.0, "SE_n": 1, "SSE_calm": 0.0, "SSE_calm_n": 1, "SSE_low": 0.0, "SSE_low_n": 0, "SSE_med": 0.0, "SSE_med_n": 0, "SSE_high": 0.0, "SSE_high_n": 0, "SSE_mean": 0.0, "SSE_n": 1, "S_calm": 0.0, "S_calm_n": 5, "S_low": 0.0, "S_low_n": 1, "S_med": 0.0, "S_med_n": 0, "S_high": 0.0, "S_high_n": 0, "S_mean": 0.0, "S_n": 6, "SSW_calm": 0.17, "SSW_calm_n": 12, "SSW_low": 0.0, "SSW_low_n": 1, "SSW_med": 0.0, "SSW_med_n": 0, "SSW_high": 0.0, "SSW_high_n": 0, "SSW_mean": 0.15, "SSW_n": 13, "SW_calm": 0.0, "SW_calm_n": 8, "SW_low": 0.0, "SW_low_n": 6, "SW_med": 0.0, "SW_med_n": 0, "SW_high": 0.0, "SW_high_n": 0, "SW_mean": 0.0, "SW_n": 14, "WSW_calm": 0.0, "WSW_calm_n": 4, "WSW_low": 0.12, "WSW_low_n": 8, "WSW_med": 0.0, "WSW_med_n": 0, "WSW_high": 0.0, "WSW_high_n": 0, "WSW_mean": 0.08, "WSW_n": 12, "W_calm": 0.0, "W_calm_n": 5, "W_low": 0.0, "W_low_n": 22, "W_med": 0.0, "W_med_n": 7, "W_high": 0.0, "W_high_n": 0, "W_mean": 0.0, "W_n": 34, "WNW_calm": 0.0, "WNW_calm_n": 3, "WNW_low": 0.0, "WNW_low_n": 5, "WNW_med": 0.0, "WNW_med_n": 7, "WNW_high": 0.0, "WNW_high_n": 0, "WNW_mean": 0.0, "WNW_n": 15, "NW_calm": 0.0, "NW_calm_n": 1, "NW_low": 0.11, "NW_low_n": 9, "NW_med": 1.0, "NW_med_n": 2, "NW_high": 0.0, "NW_high_n": 0, "NW_mean": 0.25, "NW_n": 12, "NNW_calm": 0.0, "NNW_calm_n": 0, "NNW_low": 0.0, "NNW_low_n": 2, "NNW_med": 0.0, "NNW_med_n": 0, "NNW_high": 0.0, "NNW_high_n": 0, "NNW_mean": 0.0, "NNW_n": 2, "calm_percent": 35.1}}, {"type": "Feature", "geometry": {"type": "Point", "coordinates": [-113.39849, 53.56693]}, "properties": {"N_calm": 0.0, "N_calm_n": 1, "N_low": 0.0, "N_low_n": 2, "N_med": 0.0, "N_med_n": 0, "N_high": 0.0, "N_high_n": 0, "N_mean": 0.0, "N_n": 3, "overall_mean": 2.17, "n_total": 155, "station": "Edmonton-Beverly", "pollutant": "Sulphur Dioxide", "period": "Last 7 Days", "start_date": "2026-10-02 20:00", "end_date": "2026-10-09 18:00", "dominant_dir": "E", "dominant_value": 11.5, "dominant_percent": 2.6, "NNE_calm": 0.0, "NNE_calm_n": 0, "NNE_low": 0.0, "NNE_low_n": 3, "NNE_med": 0.0, "NNE_med_n": 0, "NNE_high": 0.0, "NNE_high_n": 0, "NNE_mean": 0.0, "NNE_n": 3, "NE_calm": 0.0, "NE_calm_n": 0, "NE_low": 0.0, "NE_low_n": 2, "NE_med": 0.0, "NE_med_n": 0, "NE_high": 0.0, "NE_high_n": 0, "NE_mean": 0.0, "NE_n": 2, "ENE_calm": 0.0, "ENE_calm_n": 0, "ENE_low": 3.0, "ENE_low_n": 6, "ENE_med": 0.0, "ENE_med_n": 0, "ENE_high": 0.0, "ENE_high_n": 0, "ENE_mean": 3.0, "ENE_n": 6, "E_calm": 0.0, "E_calm_n": 1, "E_low": 15.33, "E_low_n": 3, "E_med": 0.0, "E_med_n": 0, "E_high": 0.0, "E_high_n": 0, "E_mean": 11.5, "E_n": 4, "ESE_calm": 0.0, "ESE_calm_n": 0, "ESE_low": 4.56, "ESE_low_n": 9, "ESE_med": 0.0, "ESE_med_n": 1, "ESE_high": 0.0, "ESE_high_n": 0, "ESE_mean": 4.1, "ESE_n": 10, "SE_calm": 0.0, "SE_calm_n": 0, "SE_low": 0.0, "SE_low_n": 5, "SE_med": 0.0, "SE_med_n": 2, "SE_high": 0.0, "SE_high_n": 0, "SE_mean": 0.0, "SE_n": 7, "SSE_calm": 0.0, "SSE_calm_n": 0, "SSE_low": 0.0, "SSE_low_n": 1, "SSE_med": 0.0, "SSE_med_n": 1, "SSE_high": 0.0, "SSE_high_n": 0, "SSE_mean": 0.0, "SSE_n": 2, "S_calm": 0.0, "S_calm_n": 0, "S_low": 0.0, "S_low_n": 1, "S_med": 0.0, "S_med_n": 0, "S_high": 0.0, "S_high_n": 0, "S_mean": 0.0, "S_n": 1, "SSW_calm": 0.0, "SSW_calm_n": 0, "SSW_low": 0.83, "SSW_low_n": 30, "SSW_med": 0.0, "SSW_med_n": 0, "SSW_high": 0.0, "SSW_high_n": 0, "SSW_mean": 0.83, "SSW_n": 30, "SW_calm": 0.0, "SW_calm_n": 0, "SW_low": 6.5, "SW_low_n": 30, "SW_med": 0.0, "SW_med_n": 0, "SW_high": 0.0, "SW_high_n": 0, "SW_mean": 6.5, "SW_n": 30, "WSW_calm": 0.0, "WSW_calm_n": 0, "WSW_low": 0.69, "WSW_low_n": 16, "WSW_med": 0.0, "WSW_med_n": 2, "WSW_high": 0.0, "WSW_high_n": 0, "WSW_mean": 0.61, "WSW_n": 18, "W_calm": 0.0, "W_calm_n": 0, "W_low": 0.04, "W_low_n": 23, "W_med": 0.0, "W_med_n": 1, "W_high": 0.0, "W_high_n": 0, "W_mean": 0.04, "W_n": 24, "WNW_calm": 0.0, "WNW_calm_n": 0, "WNW_low": 0.0, "WNW_low_n": 7, "WNW_med": 0.0, "WNW_med_n": 0, "WNW_high": 0.0, "WNW_high_n": 0, "WNW_mean": 0.0, "WNW_n": 7, "NW_calm": 0.0, "NW_calm_n": 0, "NW_low": 0.0, "NW_low_n": 4, "NW_med": 0.0, "NW_med_n": 1, "NW_high": 0.0, "NW_high_n": 0, "NW_mean": 0.0, "NW_n": 5, "NNW_calm": 0.0, "NNW_calm_n": 0, "NNW_low": 0.0, "NNW_low_n": 3, "NNW_med": 0.0, "NNW_med_n": 0, "NNW_high": 0.0, "NNW_high_n": 0, "NNW_mean": 0.0, "NNW_n": 3, "calm_percent": 1.3}}, {"type": "Feature", "geometry": {"type": "Point", "coordinates": [-113.41473, 53.54925]}, "properties": {"N_calm": 0.0, "N_calm_n": 0, "N_low": 0.0, "N_low_n": 1, "N_med": 0.0, "N_med_n": 0, "N_high": 0.0, "N_high_n": 0, "N_mean": 0.0, "N_n": 1, "overall_mean": 0.5, "n_total": 156, "station": "Edmonton-Gold Bar", "pollutant": "Sulphur Dioxide", "period": "Last 7 Days", "start_date": "2026-10-02 20:00", "end_date": "2026-10-09 18:00", "dominant_dir": "ENE", "dominant_value": 6.4, "dominant_percent": 3.2, "NNE_calm": 0.0, "NNE_calm_n": 0, "NNE_low": 0.0, "NNE_low_n": 1, "NNE_med": 0.0, "NNE_med_n": 0, "NNE_high": 0.0, "NNE_high_n": 0, "NNE_mean": 0.0, "NNE_n": 1, "NE_calm": 0.0, "NE_calm_n": 0, "NE_low": 0.0, "NE_low_n": 1, "NE_med": 0.0, "NE_med_n": 0, "NE_high": 0.0, "NE_high_n": 0, "NE_mean": 0.0, "NE_n": 1, "ENE_calm": 0.0, "ENE_calm_n": 0, "ENE_low": 4.33, "ENE_low_n": 3, "ENE_med": 9.5, "ENE_med_n": 2, "ENE_high": 0.0, "ENE_high_n": 0, "ENE_mean": 6.4, "ENE_n": 5, "E_calm": 0.0, "E_calm_n": 0, "E_low": 5.75, "E_low_n": 4, "E_med": 0.0, "E_med_n": 0, "E_high": 0.0, "E_high_n": 0, "E_mean": 5.75, "E_n": 4, "ESE_calm": 0.0, "ESE_calm_n": 0, "ESE_low": 0.29, "ESE_low_n": 7, "ESE_med": 0.0, "ESE_med_n": 0, "ESE_high": 0.0, "ESE_high_n": 0, "ESE_mean": 0.29, "ESE_n": 7, "SE_calm": 0.0, "SE_calm_n": 0, "SE_low": 0.2, "SE_low_n": 10, "SE_med": 0.0, "SE_med_n": 3, "SE_high": 0.0, "SE_high_n": 0, "SE_mean": 0.15, "SE_n": 13, "SSE_calm": 0.0, "SSE_calm_n": 0, "SSE_low": 0.0, "SSE_low_n": 2, "SSE_med": 0.0, "SSE_med_n": 4, "SSE_high": 0.0, "SSE_high_n": 0, "SSE_mean": 0.0, "SSE_n": 6, "S_calm": 0.0, "S_calm_n": 0, "S_low": 0.13, "S_low_n": 15, "S_med": 0.0, "S_med_n": 0, "S_high": 0.0, "S_high_n": 0, "S_mean": 0.13, "S_n": 15, "SSW_calm": 0.0, "SSW_calm_n": 0, "SSW_low": 0.22, "SSW_low_n": 23, "SSW_med": 0.0, "SSW_med_n": 2, "SSW_high": 0.0, "SSW_high_n": 0, "SSW_mean": 0.2, "SSW_n": 25, "SW_calm": 0.0, "SW_calm_n": 0, "SW_low": 0.05, "SW_low_n": 22, "SW_med": 0.0, "SW_med_n": 2, "SW_high": 0.0, "SW_high_n": 0, "SW_mean": 0.04, "SW_n": 24, "WSW_calm": 0.0, "WSW_calm_n": 0, "WSW_low": 0.0, "WSW_low_n": 8, "WSW_med": 0.0, "WSW_med_n": 0, "WSW_high": 0.0, "WSW_high_n": 0, "WSW_mean": 0.0, "WSW_n": 8, "W_calm": 0.0, "W_calm_n": 1, "W_low": 0.16, "W_low_n": 19, "W_med": 0.0, "W_med_n": 3, "W_high": 0.0, "W_high_n": 0, "W_mean": 0.13, "W_n": 23, "WNW_calm": 0.0, "WNW_calm_n": 0, "WNW_low": 0.11, "WNW_low_n": 9, "WNW_med": 0.5, "WNW_med_n": 2, "WNW_high": 0.0, "WNW_high_n": 0, "WNW_mean": 0.18, "WNW_n": 11, "NW_calm": 0.0, "NW_calm_n": 0, "NW_low": 0.33, "NW_low_n": 6, "NW_med": 0.67, "NW_med_n": 3, "NW_high": 0.0, "NW_high_n": 0, "NW_mean": 0.44, "NW_n": 9, "NNW_calm": 0.0, "NNW_calm_n": 0, "NNW_low": 0.67, "NNW_low_n": 3, "NNW_med": 0.0, "NNW_med_n": 0, "NNW_high": 0.0, "NNW_high_n": 0, "NNW_mean": 0.67, "NNW_n": 3, "calm_percent": 0.6}}, {"type": "Feature", "geometry": {"type": "Point", "coordinates": [-116.392778, 53.593611]}, "properties": {"N_calm": 0.0, "N_calm_n": 1, "N_low": 0.0, "N_low_n": 6, "N_med": 0.0, "N_med_n": 0, "N_high": 0.0, "N_high_n": 0, "N_mean": 0.0, "N_n": 7, "overall_mean": 0.03, "n_total": 155, "station": "Edson", "pollutant": "Sulphur Dioxide", "period": "Last 7 Days", "start_date": "2026-10-02 20:00", "end_date": "2026-10-09 13:00", "dominant_dir": "SSW", "dominant_value": 0.25, "dominant_percent": 2.6, "NNE_calm": 0.0, "NNE_calm_n": 0, "NNE_low": 0.0, "NNE_low_n": 7, "NNE_med": 0.0, "NNE_med_n": 6, "NNE_high": 0.0, "NNE_high_n": 0, "NNE_mean": 0.0, "NNE_n": 13, "NE_calm": 0.0, "NE_calm_n": 0, "NE_low": 0.0, "NE_low_n": 10, "NE_med": 0.0, "NE_med_n": 5, "NE_high": 0.0, "NE_high_n": 0, "NE_mean": 0.0, "NE_n": 15, "ENE_calm": 0.0, "ENE_calm_n": 0, "ENE_low": 0.0, "ENE_low_n": 10, "ENE_med": 0.0, "ENE_med_n": 3, "ENE_high": 0.0, "ENE_high_n": 0, "ENE_mean": 0.0, "ENE_n": 13, "E_calm": 0.0, "E_calm_n": 0, "E_low": 0.0, "E_low_n": 4, "E_med": 0.0, "E_med_n": 0, "E_high": 0.0, "E_high_n": 0, "E_mean": 0.0, "E_n": 4, "ESE_calm": 0.0, "ESE_calm_n": 0, "ESE_low": 0.0, "ESE_low_n": 3, "ESE_med": 0.0, "ESE_med_n": 0, "ESE_high": 0.0, "ESE_high_n": 0, "ESE_mean": 0.0, "ESE_n": 3, "SE_calm": 0.0, "SE_calm_n": 0, "SE_low": 0.0, "SE_low_n": 0, "SE_med": 0.0, "SE_med_n": 0, "SE_high": 0.0, "SE_high_n": 0, "SE_mean": 0, "SE_n": 0, "SSE_calm": 0.0, "SSE_calm_n": 1, "SSE_low": 0.0, "SSE_low_n": 1, "SSE_med": 0.0, "SSE_med_n": 0, "SSE_high": 0.0, "SSE_high_n": 0, "SSE_mean": 0.0, "SSE_n": 2, "S_calm": 0.0, "S_calm_n": 0, "S_low": 0.0, "S_low_n": 1, "S_med": 0.0, "S_med_n": 0, "S_high": 0.0, "S_high_n": 0, "S_mean": 0.0, "S_n": 1, "SSW_calm": 0.0, "SSW_calm_n": 0, "SSW_low": 0.25, "SSW_low_n": 4, "SSW_med": 0.0, "SSW_med_n": 0, "SSW_high": 0.0, "SSW_high_n": 0, "SSW_mean": 0.25, "SSW_n": 4, "SW_calm": 0.0, "SW_calm_n": 0, "SW_low": 0.0, "SW_low_n": 3, "SW_med": 0.0, "SW_med_n": 0, "SW_high": 0.0, "SW_high_n": 0, "SW_mean": 0.0, "SW_n": 3, "WSW_calm": 0.0, "WSW_calm_n": 1, "WSW_low": 0.09, "WSW_low_n": 22, "WSW_med": 0.0, "WSW_med_n": 0, "WSW_high": 0.0, "WSW_high_n": 0, "WSW_mean": 0.09, "WSW_n": 23, "W_calm": 0.0, "W_calm_n": 0, "W_low": 0.03, "W_low_n": 38, "W_med": 0.0, "W_med_n": 1, "W_high": 0.0, "W_high_n": 0, "W_mean": 0.03, "W_n": 39, "WNW_calm": 0.0, "WNW_calm_n": 0, "WNW_low": 0.0, "WNW_low_n": 10, "WNW_med": 0.0, "WNW_med_n": 6, "WNW_high": 0.0, "WNW_high_n": 0, "WNW_mean": 0.0, "WNW_n": 16, "NW_calm": 0.0, "NW_calm_n": 0, "NW_low": 0.0, "NW_low_n": 8, "NW_med": 0.0, "NW_med_n": 1, "NW_high": 0.0, "NW_high_n": 0, "NW_mean": 0.0, "NW_n": 9, "NNW_calm": 0.0, "NNW_calm_n": 1, "NNW_low": 0.0, "NNW_low_n": 2, "NNW_med": 0.0, "NNW_med_n": 0, "NNW_high": 0.0, "NNW_high_n": 0, "NNW_mean": 0.0, "NNW_n": 3, "calm_percent": 2.6}}, {"type": "Feature", "geometry": {"type": "Point", "coordinates": [-112.8681, 53.6824]}, "properties": {"N_calm": 0.0, "N_calm_n": 1, "N_low": 0.0, "N_low_n": 0, "N_med": 0.0, "N_med_n": 0, "N_high": 0.0, "N_high_n": 0, "N_mean": 0.0, "N_n": 1, "overall_mean": 0.51, "n_total": 151, "station": "Elk Island", "pollutant": "Sulphur Dioxide", "period": "Last 7 Days", "start_date": "2026-10-02 20:00", "end_date": "2026-10-09 17:00", "dominant_dir": "SSW", "dominant_value": 5.0, "dominant_percent": 0.7, "NNE_calm": 0.0, "NNE_calm_n": 1, "NNE_low": 0.0, "NNE_low_n": 0, "NNE_med": 0.0, "NNE_med_n": 0, "NNE_high": 0.0, "NNE_high_n": 0, "NNE_mean": 0.0, "NNE_n": 1, "NE_calm": 0.0, "NE_calm_n": 0, "NE_low": 0.0, "NE_low_n": 0, "NE_med": 0.0, "NE_med_n": 0, "NE_high": 0.0, "NE_high_n": 0, "NE_mean": 0, "NE_n": 0, "ENE_calm": 0.0, "ENE_calm_n": 0, "ENE_low": 0.0, "ENE_low_n": 1, "ENE_med": 0.0, "ENE_med_n": 0, "ENE_high": 0.0, "ENE_high_n": 0, "ENE_mean": 0.0, "ENE_n": 1, "E_calm": 0.0, "E_calm_n": 0, "E_low": 0.0, "E_low_n": 3, "E_med": 0.0, "E_med_n": 1, "E_high": 0.0, "E_high_n": 0, "E_mean": 0.0, "E_n": 4, "ESE_calm": 0.0, "ESE_calm_n": 0, "ESE_low": 0.0, "ESE_low_n": 2, "ESE_med": 0.0, "ESE_med_n": 10, "ESE_high": 0.0, "ESE_high_n": 0, "ESE_mean": 0.0, "ESE_n": 12, "SE_calm": 0.0, "SE_calm_n": 0, "SE_low": 0.0, "SE_low_n": 4, "SE_med": 0.0, "SE_med_n": 15, "SE_high": 0.0, "SE_high_n": 0, "SE_mean": 0.0, "SE_n": 19, "SSE_calm": 0.0, "SSE_calm_n": 1, "SSE_low": 0.0, "SSE_low_n": 4, "SSE_med": 0.0, "SSE_med_n": 1, "SSE_high": 0.0, "SSE_high_n": 0, "SSE_mean": 0.0, "SSE_n": 6, "S_calm": 0.0, "S_calm_n": 1, "S_low": 0.0, "S_low_n": 3, "S_med": 0.0, "S_med_n": 0, "S_high": 0.0, "S_high_n": 0, "S_mean": 0.0, "S_n": 4, "SSW_calm": 5.0, "SSW_calm_n": 1, "SSW_low": 0.0, "SSW_low_n": 0, "SSW_med": 0.0, "SSW_med_n": 0, "SSW_high": 0.0, "SSW_high_n": 0, "SSW_mean": 5.0, "SSW_n": 1, "SW_calm": 0.33, "SW_calm_n": 3, "SW_low": 0.0, "SW_low_n": 0, "SW_med": 0.0, "SW_med_n": 0, "SW_high": 0.0, "SW_high_n": 0, "SW_mean": 0.33, "SW_n": 3, "WSW_calm": 0.93, "WSW_calm_n": 15, "WSW_low": 0.4, "WSW_low_n": 5, "WSW_med": 0.0, "WSW_med_n": 0, "WSW_high": 0.0, "WSW_high_n": 0, "WSW_mean": 0.8, "WSW_n": 20, "W_calm": 0.31, "W_calm_n": 29, "W_low": 0.67, "W_low_n": 21, "W_med": 0.0, "W_med_n": 0, "W_high": 0.0, "W_high_n": 0, "W_mean": 0.46, "W_n": 50, "WNW_calm": 0.57, "WNW_calm_n": 7, "WNW_low": 1.11, "WNW_low_n": 18, "WNW_med": 0.0, "WNW_med_n": 0, "WNW_high": 0.0, "WNW_high_n": 0, "WNW_mean": 0.96, "WNW_n": 25, "NW_calm": 0.0, "NW_calm_n": 0, "NW_low": 2.67, "NW_low_n": 3, "NW_med": 0.0, "NW_med_n": 0, "NW_high": 0.0, "NW_high_n": 0, "NW_mean": 2.67, "NW_n": 3, "NNW_calm": 0.0, "NNW_calm_n": 1, "NNW_low": 0.0, "NNW_low_n": 0, "NNW_med": 0.0, "NNW_med_n": 0, "NNW_high": 0.0, "NNW_high_n": 0, "NNW_mean": 0.0, "NNW_n": 1, "calm_percent": 39.7}}, {"type": "Feature", "geometry": {"type": "Point", "coordinates": [-111.722081, 57.24118]}, "properties": {"N_calm": 0.0, "N_calm_n": 0, "N_low": 0.2, "N_low_n": 5, "N_med": 0.0, "N_med_n": 11, "N_high": 0.0, "N_high_n": 2, "N_mean": 0.06, "N_n": 18, "overall_mean": 0.79, "n_total": 158, "station": "Ells River", "pollutant": "Sulphur Dioxide", "period": "Last 7 Days", "start_date": "2026-10-02 20:00", "end_date": "2026-10-09 18:00", "dominant_dir": "SE", "dominant_value": 7.5, "dominant_percent": 5.1, "NNE_calm": 0.0, "NNE_calm_n": 0, "NNE_low": 0.0, "NNE_low_n": 1, "NNE_med": 0.0, "NNE_med_n": 0, "NNE_high": 0.0, "NNE_high_n": 0, "NNE_mean": 0.0, "NNE_n": 1, "NE_calm": 0.0, "NE_calm_n": 0, "NE_low": 0.0, "NE_low_n": 0, "NE_med": 0.0, "NE_med_n": 0, "NE_high": 0.0, "NE_high_n": 0, "NE_mean": 0, "NE_n": 0, "ENE_calm": 0.0, "ENE_calm_n": 0, "ENE_low": 1.0, "ENE_low_n": 3, "ENE_med": 0.0, "ENE_med_n": 0, "ENE_high": 0.0, "ENE_high_n": 0, "ENE_mean": 1.0, "ENE_n": 3, "E_calm": 0.0, "E_calm_n": 2, "E_low": 0.33, "E_low_n": 3, "E_med": 0.0, "E_med_n": 0, "E_high": 0.0, "E_high_n": 0, "E_mean": 0.2, "E_n": 5, "ESE_calm": 2.0, "ESE_calm_n": 1, "ESE_low": 0.5, "ESE_low_n": 2, "ESE_med": 0.0, "ESE_med_n": 0, "ESE_high": 0.0, "ESE_high_n": 0, "ESE_mean": 1.0, "ESE_n": 3, "SE_calm": 0.0, "SE_calm_n": 0, "SE_low": 1.4, "SE_low_n": 5, "SE_med": 17.67, "SE_med_n": 3, "SE_high": 0.0, "SE_high_n": 0, "SE_mean": 7.5, "SE_n": 8, "SSE_calm": 0.0, "SSE_calm_n": 0, "SSE_low": 3.5, "SSE_low_n": 4, "SSE_med": 8.25, "SSE_med_n": 4, "SSE_high": 0.0, "SSE_high_n": 0, "SSE_mean": 5.88, "SSE_n": 8, "S_calm": 0.0, "S_calm_n": 0, "S_low": 0.36, "S_low_n": 11, "S_med": 1.0, "S_med_n": 1, "S_high": 0.0, "S_high_n": 0, "S_mean": 0.42, "S_n": 12, "SSW_calm": 0.0, "SSW_calm_n": 1, "SSW_low": 0.11, "SSW_low_n": 9, "SSW_med": 1.0, "SSW_med_n": 1, "SSW_high": 0.0, "SSW_high_n": 0, "SSW_mean": 0.18, "SSW_n": 11, "SW_calm": 0.0, "SW_calm_n": 0, "SW_low": 0.08, "SW_low_n": 25, "SW_med": 0.0, "SW_med_n": 9, "SW_high": 0.0, "SW_high_n": 0, "SW_mean": 0.06, "SW_n": 34, "WSW_calm": 0.0, "WSW_calm_n": 1, "WSW_low": 0.0, "WSW_low_n": 15, "WSW_med": 0.0, "WSW_med_n": 5, "WSW_high": 0.0, "WSW_high_n": 0, "WSW_mean": 0.0, "WSW_n": 21, "W_calm": 0.0, "W_calm_n": 0, "W_low": 0.0, "W_low_n": 11, "W_med": 0.0, "W_med_n": 7, "W_high": 0.0, "W_high_n": 0, "W_mean": 0.0, "W_n": 18, "WNW_calm": 0.0, "WNW_calm_n": 0, "WNW_low": 0.0, "WNW_low_n": 3, "WNW_med": 0.0, "WNW_med_n": 7, "WNW_high": 0.0, "WNW_high_n": 0, "WNW_mean": 0.0, "WNW_n": 10, "NW_calm": 0.0, "NW_calm_n": 0, "NW_low": 0.0, "NW_low_n": 0, "NW_med": 0.0, "NW_med_n": 0, "NW_high": 0.0, "NW_high_n": 0, "NW_mean": 0, "NW_n": 0, "NNW_calm": 0.0, "NNW_calm_n": 0, "NNW_low": 0.25, "NNW_low_n": 4, "NNW_med": 0.0, "NNW_med_n": 2, "NNW_high": 0.0, "NNW_high_n": 0, "NNW_mean": 0.17, "NNW_n": 6, "calm_percent": 3.2}}, {"type": "Feature", "geometry": {"type": "Point", "coordinates": [-110.90004, 57.23732]}, "properties": {"N_calm": 0.0, "N_calm_n": 0, "N_low": 0.0, "N_low_n": 4, "N_med": 0.0, "N_med_n": 0, "N_high": 0.0, "N_high_n": 0, "N_mean": 0.0, "N_n": 4, "overall_mean": 1.0, "n_total": 160, "station": "Firebag", "pollutant": "Sulphur Dioxide", "period": "Last 7 Days", "start_date": "2026-10-02 20:00", "end_date": "2026-10-09 18:00", "dominant_dir": "ESE", "dominant_value": 3.5, "dominant_percent": 6.2, "NNE_calm": 0.0, "NNE_calm_n": 0, "NNE_low": 0.0, "NNE_low_n": 3, "NNE_med": 0.0, "NNE_med_n": 0, "NNE_high": 0.0, "NNE_high_n": 0, "NNE_mean": 0.0, "NNE_n": 3, "NE_calm": 0.0, "NE_calm_n": 1, "NE_low": 0.0, "NE_low_n": 3, "NE_med": 0.0, "NE_med_n": 0, "NE_high": 0.0, "NE_high_n": 0, "NE_mean": 0.0, "NE_n": 4, "ENE_calm": 0.0, "ENE_calm_n": 0, "ENE_low": 0.0, "ENE_low_n": 5, "ENE_med": 0.0, "ENE_med_n": 0, "ENE_high": 0.0, "ENE_high_n": 0, "ENE_mean": 0.0, "ENE_n": 5, "E_calm": 0.0, "E_calm_n": 0, "E_low": 0.0, "E_low_n": 0, "E_med": 0.8, "E_med_n": 5, "E_high": 0.0, "E_high_n": 0, "E_mean": 0.8, "E_n": 5, "ESE_calm": 0.0, "ESE_calm_n": 0, "ESE_low": 0.0, "ESE_low_n": 1, "ESE_med": 3.89, "ESE_med_n": 9, "ESE_high": 0.0, "ESE_high_n": 0, "ESE_mean": 3.5, "ESE_n": 10, "SE_calm": 0.0, "SE_calm_n": 0, "SE_low": 0.0, "SE_low_n": 1, "SE_med": 0.0, "SE_med_n": 0, "SE_high": 0.0, "SE_high_n": 0, "SE_mean": 0.0, "SE_n": 1, "SSE_calm": 0.0, "SSE_calm_n": 0, "SSE_low": 0.0, "SSE_low_n": 2, "SSE_med": 0.0, "SSE_med_n": 5, "SSE_high": 0.0, "SSE_high_n": 0, "SSE_mean": 0.0, "SSE_n": 7, "S_calm": 0.0, "S_calm_n": 0, "S_low": 0.0, "S_low_n": 2, "S_med": 0.0, "S_med_n": 7, "S_high": 0.0, "S_high_n": 4, "S_mean": 0.0, "S_n": 13, "SSW_calm": 0.0, "SSW_calm_n": 0, "SSW_low": 0.0, "SSW_low_n": 3, "SSW_med": 0.0, "SSW_med_n": 3, "SSW_high": 0.0, "SSW_high_n": 1, "SSW_mean": 0.0, "SSW_n": 7, "SW_calm": 0.0, "SW_calm_n": 0, "SW_low": 0.6, "SW_low_n": 5, "SW_med": 1.89, "SW_med_n": 9, "SW_high": 0.0, "SW_high_n": 0, "SW_mean": 1.43, "SW_n": 14, "WSW_calm": 0.0, "WSW_calm_n": 0, "WSW_low": 1.2, "WSW_low_n": 10, "WSW_med": 2.27, "WSW_med_n": 15, "WSW_high": 0.0, "WSW_high_n": 0, "WSW_mean": 1.84, "WSW_n": 25, "W_calm": 0.0, "W_calm_n": 0, "W_low": 0.17, "W_low_n": 18, "W_med": 1.67, "W_med_n": 12, "W_high": 0.0, "W_high_n": 0, "W_mean": 0.77, "W_n": 30, "WNW_calm": 0.0, "WNW_calm_n": 0, "WNW_low": 0.12, "WNW_low_n": 8, "WNW_med": 2.56, "WNW_med_n": 9, "WNW_high": 0.0, "WNW_high_n": 0, "WNW_mean": 1.41, "WNW_n": 17, "NW_calm": 0.0, "NW_calm_n": 0, "NW_low": 0.67, "NW_low_n": 9, "NW_med": 0.67, "NW_med_n": 3, "NW_high": 0.0, "NW_high_n": 0, "NW_mean": 0.67, "NW_n": 12, "NNW_calm": 0.0, "NNW_calm_n": 0, "NNW_low": 0.0, "NNW_low_n": 3, "NNW_med": 0.0, "NNW_med_n": 0, "NNW_high": 0.0, "NNW_high_n": 0, "NNW_mean": 0.0, "NNW_n": 3, "calm_percent": 0.6}}, {"type": "Feature", "geometry": {"type": "Point", "coordinates": [-111.1764, 58.7084]}, "properties": {"N_calm": 0.0, "N_calm_n": 0, "N_low": 0.0, "N_low_n": 4, "N_med": 0.0, "N_med_n": 0, "N_high": 0.0, "N_high_n": 0, "N_mean": 0.0, "N_n": 4, "overall_mean": 0.04, "n_total": 160, "station": "Fort Chipewyan", "pollutant": "Sulphur Dioxide", "period": "Last 7 Days", "start_date": "2026-10-02 20:00", "end_date": "2026-10-09 18:00", "dominant_dir": "SSW", "dominant_value": 0.8, "dominant_percent": 3.1, "NNE_calm": 0.0, "NNE_calm_n": 0, "NNE_low": 0.0, "NNE_low_n": 0, "NNE_med": 0.0, "NNE_med_n": 1, "NNE_high": 0.0, "NNE_high_n": 0, "NNE_mean": 0.0, "NNE_n": 1, "NE_calm": 0.0, "NE_calm_n": 0, "NE_low": 0.0, "NE_low_n": 1, "NE_med": 0.0, "NE_med_n": 2, "NE_high": 0.0, "NE_high_n": 0, "NE_mean": 0.0, "NE_n": 3, "ENE_calm": 0.0, "ENE_calm_n": 0, "ENE_low": 0.0, "ENE_low_n": 2, "ENE_med": 0.0, "ENE_med_n": 7, "ENE_high": 0.0, "ENE_high_n": 6, "ENE_mean": 0.0, "ENE_n": 15, "E_calm": 0.0, "E_calm_n": 0, "E_low": 0.0, "E_low_n": 4, "E_med": 0.0, "E_med_n": 6, "E_high": 0.0, "E_high_n": 4, "E_mean": 0.0, "E_n": 14, "ESE_calm": 0.0, "ESE_calm_n": 0, "ESE_low": 0.0, "ESE_low_n": 1, "ESE_med": 0.0, "ESE_med_n": 4, "ESE_high": 0.0, "ESE_high_n": 3, "ESE_mean": 0.0, "ESE_n": 8, "SE_calm": 0.0, "SE_calm_n": 0, "SE_low": 0.0, "SE_low_n": 0, "SE_med": 0.0, "SE_med_n": 6, "SE_high": 0.0, "SE_high_n": 0, "SE_mean": 0.0, "SE_n": 6, "SSE_calm": 0.0, "SSE_calm_n": 0, "SSE_low": 0.0, "SSE_low_n": 0, "SSE_med": 0.0, "SSE_med_n": 2, "SSE_high": 0.0, "SSE_high_n": 0, "SSE_mean": 0.0, "SSE_n": 2, "S_calm": 0.0, "S_calm_n": 0, "S_low": 0.0, "S_low_n": 1, "S_med": 1.0, "S_med_n": 2, "S_high": 1.0, "S_high_n": 1, "S_mean": 0.75, "S_n": 4, "SSW_calm": 0.0, "SSW_calm_n": 0, "SSW_low": 0.33, "SSW_low_n": 3, "SSW_med": 1.5, "SSW_med_n": 2, "SSW_high": 0.0, "SSW_high_n": 0, "SSW_mean": 0.8, "SSW_n": 5, "SW_calm": 0.0, "SW_calm_n": 0, "SW_low": 0.0, "SW_low_n": 6, "SW_med": 0.0, "SW_med_n": 3, "SW_high": 0.0, "SW_high_n": 0, "SW_mean": 0.0, "SW_n": 9, "WSW_calm": 0.0, "WSW_calm_n": 1, "WSW_low": 0.0, "WSW_low_n": 9, "WSW_med": 0.0, "WSW_med_n": 8, "WSW_high": 0.0, "WSW_high_n": 0, "WSW_mean": 0.0, "WSW_n": 18, "W_calm": 0.0, "W_calm_n": 0, "W_low": 0.0, "W_low_n": 18, "W_med": 0.0, "W_med_n": 28, "W_high": 0.0, "W_high_n": 0, "W_mean": 0.0, "W_n": 46, "WNW_calm": 0.0, "WNW_calm_n": 2, "WNW_low": 0.0, "WNW_low_n": 11, "WNW_med": 0.0, "WNW_med_n": 0, "WNW_high": 0.0, "WNW_high_n": 0, "WNW_mean": 0.0, "WNW_n": 13, "NW_calm": 0.0, "NW_calm_n": 0, "NW_low": 0.0, "NW_low_n": 6, "NW_med": 0.0, "NW_med_n": 0, "NW_high": 0.0, "NW_high_n": 0, "NW_mean": 0.0, "NW_n": 6, "NNW_calm": 0.0, "NNW_calm_n": 1, "NNW_low": 0.0, "NNW_low_n": 5, "NNW_med": 0.0, "NNW_med_n": 0, "NNW_high": 0.0, "NNW_high_n": 0, "NNW_mean": 0.0, "NNW_n": 6, "calm_percent": 2.5}}, {"type": "Feature", "geometry": {"type": "Point", "coordinates": [-111.63969, 57.3489]}, "properties": {"N_calm": 0.0, "N_calm_n": 0, "N_low": 0.0, "N_low_n": 3, "N_med": 0.0, "N_med_n": 10, "N_high": 0.0, "N_high_n": 1, "N_mean": 0.0, "N_n": 14, "overall_mean": 0.58, "n_total": 156, "station": "Fort Hills", "pollutant": "Sulphur Dioxide", "period": "Last 7 Days", "start_date": "2026-10-02 20:00", "end_date": "2026-10-09 18:00", "dominant_dir": "WSW", "dominant_value": 2.67, "dominant_percent": 3.8, "NNE_calm": 0.0, "NNE_calm_n": 0, "NNE_low": 0.0, "NNE_low_n": 0, "NNE_med": 0.0, "NNE_med_n": 7, "NNE_high": 0.0, "NNE_high_n": 0, "NNE_mean": 0.0, "NNE_n": 7, "NE_calm": 1.0, "NE_calm_n": 1, "NE_low": 0.0, "NE_low_n": 3, "NE_med": 0.0, "NE_med_n": 0, "NE_high": 0.0, "NE_high_n": 0, "NE_mean": 0.25, "NE_n": 4, "ENE_calm": 0.0, "ENE_calm_n": 0, "ENE_low": 0.0, "ENE_low_n": 0, "ENE_med": 0.0, "ENE_med_n": 0, "ENE_high": 0.0, "ENE_high_n": 0, "ENE_mean": 0, "ENE_n": 0, "E_calm": 0.0, "E_calm_n": 0, "E_low": 0.5, "E_low_n": 2, "E_med": 0.0, "E_med_n": 0, "E_high": 0.0, "E_high_n": 0, "E_mean": 0.5, "E_n": 2, "ESE_calm": 0.0, "ESE_calm_n": 0, "ESE_low": 1.25, "ESE_low_n": 4, "ESE_med": 0.0, "ESE_med_n": 0, "ESE_high": 0.0, "ESE_high_n": 0, "ESE_mean": 1.25, "ESE_n": 4, "SE_calm": 0.0, "SE_calm_n": 0, "SE_low": 0.0, "SE_low_n": 1, "SE_med": 0.0, "SE_med_n": 1, "SE_high": 0.0, "SE_high_n": 0, "SE_mean": 0.0, "SE_n": 2, "SSE_calm": 0.0, "SSE_calm_n": 0, "SSE_low": 0.25, "SSE_low_n": 16, "SSE_med": 1.0, "SSE_med_n": 4, "SSE_high": 0.0, "SSE_high_n": 0, "SSE_mean": 0.4, "SSE_n": 20, "S_calm": 1.0, "S_calm_n": 1, "S_low": 0.79, "S_low_n": 19, "S_med": 3.0, "S_med_n": 7, "S_high": 0.0, "S_high_n": 0, "S_mean": 1.37, "S_n": 27, "SSW_calm": 0.0, "SSW_calm_n": 0, "SSW_low": 0.33, "SSW_low_n": 6, "SSW_med": 0.33, "SSW_med_n": 9, "SSW_high": 0.0, "SSW_high_n": 0, "SSW_mean": 0.33, "SSW_n": 15, "SW_calm": 0.0, "SW_calm_n": 0, "SW_low": 0.25, "SW_low_n": 8, "SW_med": 0.3, "SW_med_n": 10, "SW_high": 0.0, "SW_high_n": 0, "SW_mean": 0.28, "SW_n": 18, "WSW_calm": 0.0, "WSW_calm_n": 0, "WSW_low": 0.0, "WSW_low_n": 2, "WSW_med": 4.0, "WSW_med_n": 4, "WSW_high": 0.0, "WSW_high_n": 0, "WSW_mean": 2.67, "WSW_n": 6, "W_calm": 0.0, "W_calm_n": 0, "W_low": 0.2, "W_low_n": 5, "W_med": 0.57, "W_med_n": 7, "W_high": 0.0, "W_high_n": 0, "W_mean": 0.42, "W_n": 12, "WNW_calm": 0.0, "WNW_calm_n": 0, "WNW_low": 0.5, "WNW_low_n": 8, "WNW_med": 0.0, "WNW_med_n": 6, "WNW_high": 0.0, "WNW_high_n": 0, "WNW_mean": 0.29, "WNW_n": 14, "NW_calm": 0.0, "NW_calm_n": 0, "NW_low": 0.5, "NW_low_n": 4, "NW_med": 0.0, "NW_med_n": 3, "NW_high": 0.0, "NW_high_n": 0, "NW_mean": 0.29, "NW_n": 7, "NNW_calm": 0.0, "NNW_calm_n": 0, "NNW_low": 0.25, "NNW_low_n": 4, "NNW_med": 0.0, "NNW_med_n": 0, "NNW_high": 0.0, "NNW_high_n": 0, "NNW_mean": 0.25, "NNW_n": 4, "calm_percent": 1.3}}, {"type": "Feature", "geometry": {"type": "Point", "coordinates": [-111.640504, 57.189406]}, "properties": {"N_calm": 0.0, "N_calm_n": 0, "N_low": 0.0, "N_low_n": 6, "N_med": 0.0, "N_med_n": 7, "N_high": 0.0, "N_high_n": 0, "N_mean": 0.0, "N_n": 13, "overall_mean": 0.15, "n_total": 160, "station": "Fort McKay", "pollutant": "Sulphur Dioxide", "period": "Last 7 Days", "start_date": "2026-10-02 20:00", "end_date": "2026-10-09 18:00", "dominant_dir": "SSE", "dominant_value": 1.29, "dominant_percent": 10.6, "NNE_calm": 0.0, "NNE_calm_n": 1, "NNE_low": 0.0, "NNE_low_n": 2, "NNE_med": 0.0, "NNE_med_n": 2, "NNE_high": 0.0, "NNE_high_n": 0, "NNE_mean": 0.0, "NNE_n": 5, "NE_calm": 0.0, "NE_calm_n": 0, "NE_low": 0.0, "NE_low_n": 3, "NE_med": 0.0, "NE_med_n": 0, "NE_high": 0.0, "NE_high_n": 0, "NE_mean": 0.0, "NE_n": 3, "ENE_calm": 0.0, "ENE_calm_n": 2, "ENE_low": 0.0, "ENE_low_n": 0, "ENE_med": 0.0, "ENE_med_n": 0, "ENE_high": 0.0, "ENE_high_n": 0, "ENE_mean": 0.0, "ENE_n": 2, "E_calm": 0.0, "E_calm_n": 0, "E_low": 0.0, "E_low_n": 0, "E_med": 0.0, "E_med_n": 0, "E_high": 0.0, "E_high_n": 0, "E_mean": 0, "E_n": 0, "ESE_calm": 0.0, "ESE_calm_n": 0, "ESE_low": 0.0, "ESE_low_n": 3, "ESE_med": 0.0, "ESE_med_n": 0, "ESE_high": 0.0, "ESE_high_n": 0, "ESE_mean": 0.0, "ESE_n": 3, "SE_calm": 0.0, "SE_calm_n": 0, "SE_low": 0.0, "SE_low_n": 1, "SE_med": 0.0, "SE_med_n": 0, "SE_high": 0.0, "SE_high_n": 0, "SE_mean": 0.0, "SE_n": 1, "SSE_calm": 0.0, "SSE_calm_n": 0, "SSE_low": 0.93, "SSE_low_n": 15, "SSE_med": 4.0, "SSE_med_n": 2, "SSE_high": 0.0, "SSE_high_n": 0, "SSE_mean": 1.29, "SSE_n": 17, "S_calm": 0.0, "S_calm_n": 1, "S_low": 0.08, "S_low_n": 13, "S_med": 0.2, "S_med_n": 5, "S_high": 0.0, "S_high_n": 0, "S_mean": 0.11, "S_n": 19, "SSW_calm": 0.0, "SSW_calm_n": 1, "SSW_low": 0.0, "SSW_low_n": 11, "SSW_med": 0.0, "SSW_med_n": 0, "SSW_high": 0.0, "SSW_high_n": 0, "SSW_mean": 0.0, "SSW_n": 12, "SW_calm": 0.0, "SW_calm_n": 1, "SW_low": 0.0, "SW_low_n": 6, "SW_med": 0.0, "SW_med_n": 0, "SW_high": 0.0, "SW_high_n": 0, "SW_mean": 0.0, "SW_n": 7, "WSW_calm": 0.0, "WSW_calm_n": 1, "WSW_low": 0.0, "WSW_low_n": 4, "WSW_med": 0.0, "WSW_med_n": 0, "WSW_high": 0.0, "WSW_high_n": 0, "WSW_mean": 0.0, "WSW_n": 5, "W_calm": 0.0, "W_calm_n": 3, "W_low": 0.0, "W_low_n": 28, "W_med": 0.0, "W_med_n": 2, "W_high": 0.0, "W_high_n": 0, "W_mean": 0.0, "W_n": 33, "WNW_calm": 0.0, "WNW_calm_n": 3, "WNW_low": 0.0, "WNW_low_n": 17, "WNW_med": 0.0, "WNW_med_n": 7, "WNW_high": 0.0, "WNW_high_n": 0, "WNW_mean": 0.0, "WNW_n": 27, "NW_calm": 0.0, "NW_calm_n": 1, "NW_low": 0.0, "NW_low_n": 5, "NW_med": 0.0, "NW_med_n": 4, "NW_high": 0.0, "NW_high_n": 0, "NW_mean": 0.0, "NW_n": 10, "NNW_calm": 0.0, "NNW_calm_n": 0, "NNW_low": 0.0, "NNW_low_n": 2, "NNW_med": 0.0, "NNW_med_n": 1, "NNW_high": 0.0, "NNW_high_n": 0, "NNW_mean": 0.0, "NNW_n": 3, "calm_percent": 8.8}}, {"type": "Feature", "geometry": {"type": "Point", "coordinates": [-111.6424, 57.1492]}, "properties": {"N_calm": 0.0, "N_calm_n": 1, "N_low": 0.0, "N_low_n": 4, "N_med": 0.0, "N_med_n": 9, "N_high": 0.0, "N_high_n": 0, "N_mean": 0.0, "N_n": 14, "overall_mean": 0.17, "n_total": 156, "station": "Fort McKay South", "pollutant": "Sulphur Dioxide", "period": "Last 7 Days", "start_date": "2026-10-02 20:00", "end_date": "2026-10-09 18:00", "dominant_dir": "SSE", "dominant_value": 1.36, "dominant_percent": 7.1, "NNE_calm": 0.0, "NNE_calm_n": 0, "NNE_low": 0.0, "NNE_low_n": 1, "NNE_med": 0.0, "NNE_med_n": 0, "NNE_high": 0.0, "NNE_high_n": 0, "NNE_mean": 0.0, "NNE_n": 1, "NE_calm": 0.0, "NE_calm_n": 0, "NE_low": 1.0, "NE_low_n": 1, "NE_med": 0.0, "NE_med_n": 0, "NE_high": 0.0, "NE_high_n": 0, "NE_mean": 1.0, "NE_n": 1, "ENE_calm": 0.0, "ENE_calm_n": 0, "ENE_low": 0.0, "ENE_low_n": 2, "ENE_med": 0.0, "ENE_med_n": 0, "ENE_high": 0.0, "ENE_high_n": 0, "ENE_mean": 0.0, "ENE_n": 2, "E_calm": 0.0, "E_calm_n": 0, "E_low": 0.0, "E_low_n": 0, "E_med": 0.0, "E_med_n": 0, "E_high": 0.0, "E_high_n": 0, "E_mean": 0, "E_n": 0, "ESE_calm": 0.0, "ESE_calm_n": 0, "ESE_low": 0.75, "ESE_low_n": 4, "ESE_med": 0.0, "ESE_med_n": 0, "ESE_high": 0.0, "ESE_high_n": 0, "ESE_mean": 0.75, "ESE_n": 4, "SE_calm": 0.0, "SE_calm_n": 1, "SE_low": 0.67, "SE_low_n": 3, "SE_med": 0.0, "SE_med_n": 0, "SE_high": 0.0, "SE_high_n": 0, "SE_mean": 0.5, "SE_n": 4, "SSE_calm": 0.0, "SSE_calm_n": 0, "SSE_low": 1.3, "SSE_low_n": 10, "SSE_med": 2.0, "SSE_med_n": 1, "SSE_high": 0.0, "SSE_high_n": 0, "SSE_mean": 1.36, "SSE_n": 11, "S_calm": 0.0, "S_calm_n": 0, "S_low": 0.4, "S_low_n": 10, "S_med": 0.2, "S_med_n": 5, "S_high": 0.0, "S_high_n": 0, "S_mean": 0.33, "S_n": 15, "SSW_calm": 0.0, "SSW_calm_n": 1, "SSW_low": 0.0, "SSW_low_n": 2, "SSW_med": 0.0, "SSW_med_n": 0, "SSW_high": 0.0, "SSW_high_n": 0, "SSW_mean": 0.0, "SSW_n": 3, "SW_calm": 0.0, "SW_calm_n": 4, "SW_low": 0.0, "SW_low_n": 15, "SW_med": 0.0, "SW_med_n": 0, "SW_high": 0.0, "SW_high_n": 0, "SW_mean": 0.0, "SW_n": 19, "WSW_calm": 0.0, "WSW_calm_n": 0, "WSW_low": 0.0, "WSW_low_n": 18, "WSW_med": 0.0, "WSW_med_n": 10, "WSW_high": 0.0, "WSW_high_n": 0, "WSW_mean": 0.0, "WSW_n": 28, "W_calm": 0.0, "W_calm_n": 3, "W_low": 0.0, "W_low_n": 20, "W_med": 0.0, "W_med_n": 2, "W_high": 0.0, "W_high_n": 0, "W_mean": 0.0, "W_n": 25, "WNW_calm": 0.0, "WNW_calm_n": 1, "WNW_low": 0.0, "WNW_low_n": 7, "WNW_med": 0.0, "WNW_med_n": 1, "WNW_high": 0.0, "WNW_high_n": 0, "WNW_mean": 0.0, "WNW_n": 9, "NW_calm": 0.0, "NW_calm_n": 2, "NW_low": 0.0, "NW_low_n": 7, "NW_med": 0.0, "NW_med_n": 3, "NW_high": 0.0, "NW_high_n": 0, "NW_mean": 0.0, "NW_n": 12, "NNW_calm": 0.0, "NNW_calm_n": 0, "NNW_low": 0.0, "NNW_low_n": 8, "NNW_med": 0.0, "NNW_med_n": 0, "NNW_high": 0.0, "NNW_high_n": 0, "NNW_mean": 0.0, "NNW_n": 8, "calm_percent": 8.3}}, {"type": "Feature", "geometry": {"type": "Point", "coordinates": [-111.3902, 56.7328]}, "properties": {"N_calm": 4.0, "N_calm_n": 1, "N_low": 1.5, "N_low_n": 2, "N_med": 0.0, "N_med_n": 0, "N_high": 0.0, "N_high_n": 0, "N_mean": 2.33, "N_n": 3, "overall_mean": 0.41, "n_total": 156, "station": "Fort McMurray Athabasca Valley", "pollutant": "Sulphur Dioxide", "period": "Last 7 Days", "start_date": "2026-10-02 20:00", "end_date": "2026-10-09 18:00", "dominant_dir": "N", "dominant_value": 2.33, "dominant_percent": 1.9, "NNE_calm": 1.0, "NNE_calm_n": 2, "NNE_low": 0.0, "NNE_low_n": 2, "NNE_med": 0.0, "NNE_med_n": 0, "NNE_high": 0.0, "NNE_high_n": 0, "NNE_mean": 0.5, "NNE_n": 4, "NE_calm": 0.0, "NE_calm_n": 0, "NE_low": 0.0, "NE_low_n": 0, "NE_med": 0.0, "NE_med_n": 0, "NE_high": 0.0, "NE_high_n": 0, "NE_mean": 0, "NE_n": 0, "ENE_calm": 0.0, "ENE_calm_n": 0, "ENE_low": 1.0, "ENE_low_n": 1, "ENE_med": 0.0, "ENE_med_n": 2, "ENE_high": 0.0, "ENE_high_n": 0, "ENE_mean": 0.33, "ENE_n": 3, "E_calm": 0.0, "E_calm_n": 1, "E_low": 0.33, "E_low_n": 6, "E_med": 0.0, "E_med_n": 0, "E_high": 0.0, "E_high_n": 0, "E_mean": 0.29, "E_n": 7, "ESE_calm": 1.0, "ESE_calm_n": 1, "ESE_low": 0.12, "ESE_low_n": 16, "ESE_med": 0.0, "ESE_med_n": 0, "ESE_high": 0.0, "ESE_high_n": 0, "ESE_mean": 0.18, "ESE_n": 17, "SE_calm": 1.0, "SE_calm_n": 1, "SE_low": 0.12, "SE_low_n": 32, "SE_med": 1.0, "SE_med_n": 9, "SE_high": 0.0, "SE_high_n": 0, "SE_mean": 0.33, "SE_n": 42, "SSE_calm": 0.0, "SSE_calm_n": 1, "SSE_low": 0.14, "SSE_low_n": 7, "SSE_med": 0.0, "SSE_med_n": 0, "SSE_high": 0.0, "SSE_high_n": 0, "SSE_mean": 0.12, "SSE_n": 8, "S_calm": 0.0, "S_calm_n": 0, "S_low": 0.0, "S_low_n": 6, "S_med": 0.0, "S_med_n": 0, "S_high": 0.0, "S_high_n": 0, "S_mean": 0.0, "S_n": 6, "SSW_calm": 0.0, "SSW_calm_n": 0, "SSW_low": 0.0, "SSW_low_n": 4, "SSW_med": 0.0, "SSW_med_n": 2, "SSW_high": 0.0, "SSW_high_n": 0, "SSW_mean": 0.0, "SSW_n": 6, "SW_calm": 0.0, "SW_calm_n": 0, "SW_low": 0.25, "SW_low_n": 4, "SW_med": 0.0, "SW_med_n": 6, "SW_high": 0.0, "SW_high_n": 0, "SW_mean": 0.1, "SW_n": 10, "WSW_calm": 0.0, "WSW_calm_n": 0, "WSW_low": 0.75, "WSW_low_n": 4, "WSW_med": 0.0, "WSW_med_n": 6, "WSW_high": 0.0, "WSW_high_n": 0, "WSW_mean": 0.3, "WSW_n": 10, "W_calm": 6.0, "W_calm_n": 1, "W_low": 0.33, "W_low_n": 3, "W_med": 0.11, "W_med_n": 9, "W_high": 0.0, "W_high_n": 5, "W_mean": 0.44, "W_n": 18, "WNW_calm": 0.0, "WNW_calm_n": 0, "WNW_low": 1.0, "WNW_low_n": 2, "WNW_med": 0.0, "WNW_med_n": 5, "WNW_high": 0.0, "WNW_high_n": 1, "WNW_mean": 0.25, "WNW_n": 8, "NW_calm": 0.0, "NW_calm_n": 0, "NW_low": 0.67, "NW_low_n": 3, "NW_med": 0.0, "NW_med_n": 2, "NW_high": 0.0, "NW_high_n": 0, "NW_mean": 0.4, "NW_n": 5, "NNW_calm": 1.0, "NNW_calm_n": 2, "NNW_low": 2.29, "NNW_low_n": 7, "NNW_med": 0.0, "NNW_med_n": 0, "NNW_high": 0.0, "NNW_high_n": 0, "NNW_mean": 2.0, "NNW_n": 9, "calm_percent": 6.4}}, {"type": "Feature", "geometry": {"type": "Point", "coordinates": [-111.476596, 56.751386]}, "properties": {"N_calm": 0.0, "N_calm_n": 0, "N_low": 1.0, "N_low_n": 3, "N_med": 0.0, "N_med_n": 0, "N_high": 0.0, "N_high_n": 0, "N_mean": 1.0, "N_n": 3, "overall_mean": 0.26, "n_total": 160, "station": "Fort McMurray Patricia McInnes", "pollutant": "Sulphur Dioxide", "period": "Last 7 Days", "start_date": "2026-10-02 20:00", "end_date": "2026-10-09 18:00", "dominant_dir": "NNE", "dominant_value": 4.33, "dominant_percent": 1.9, "NNE_calm": 3.0, "NNE_calm_n": 1, "NNE_low": 5.0, "NNE_low_n": 2, "NNE_med": 0.0, "NNE_med_n": 0, "NNE_high": 0.0, "NNE_high_n": 0, "NNE_mean": 4.33, "NNE_n": 3, "NE_calm": 1.0, "NE_calm_n": 1, "NE_low": 1.0, "NE_low_n": 5, "NE_med": 0.0, "NE_med_n": 0, "NE_high": 0.0, "NE_high_n": 0, "NE_mean": 1.0, "NE_n": 6, "ENE_calm": 0.0, "ENE_calm_n": 0, "ENE_low": 0.33, "ENE_low_n": 3, "ENE_med": 0.0, "ENE_med_n": 5, "ENE_high": 0.0, "ENE_high_n": 0, "ENE_mean": 0.12, "ENE_n": 8, "E_calm": 0.0, "E_calm_n": 0, "E_low": 0.0, "E_low_n": 3, "E_med": 0.0, "E_med_n": 0, "E_high": 0.0, "E_high_n": 0, "E_mean": 0.0, "E_n": 3, "ESE_calm": 0.0, "ESE_calm_n": 0, "ESE_low": 0.67, "ESE_low_n": 3, "ESE_med": 2.0, "ESE_med_n": 1, "ESE_high": 0.0, "ESE_high_n": 0, "ESE_mean": 1.0, "ESE_n": 4, "SE_calm": 0.0, "SE_calm_n": 0, "SE_low": 0.14, "SE_low_n": 7, "SE_med": 0.6, "SE_med_n": 5, "SE_high": 0.0, "SE_high_n": 0, "SE_mean": 0.33, "SE_n": 12, "SSE_calm": 0.0, "SSE_calm_n": 0, "SSE_low": 0.25, "SSE_low_n": 4, "SSE_med": 1.0, "SSE_med_n": 1, "SSE_high": 0.0, "SSE_high_n": 0, "SSE_mean": 0.4, "SSE_n": 5, "S_calm": 0.0, "S_calm_n": 0, "S_low": 0.0, "S_low_n": 13, "S_med": 0.0, "S_med_n": 0, "S_high": 0.0, "S_high_n": 0, "S_mean": 0.0, "S_n": 13, "SSW_calm": 0.0, "SSW_calm_n": 0, "SSW_low": 0.0, "SSW_low_n": 10, "SSW_med": 0.0, "SSW_med_n": 0, "SSW_high": 0.0, "SSW_high_n": 0, "SSW_mean": 0.0, "SSW_n": 10, "SW_calm": 0.0, "SW_calm_n": 0, "SW_low": 0.0, "SW_low_n": 8, "SW_med": 0.0, "SW_med_n": 3, "SW_high": 0.0, "SW_high_n": 0, "SW_mean": 0.0, "SW_n": 11, "WSW_calm": 0.0, "WSW_calm_n": 0, "WSW_low": 0.3, "WSW_low_n": 10, "WSW_med": 0.0, "WSW_med_n": 15, "WSW_high": 0.0, "WSW_high_n": 0, "WSW_mean": 0.12, "WSW_n": 25, "W_calm": 0.0, "W_calm_n": 0, "W_low": 0.12, "W_low_n": 8, "W_med": 0.04, "W_med_n": 24, "W_high": 0.0, "W_high_n": 1, "W_mean": 0.06, "W_n": 33, "WNW_calm": 0.0, "WNW_calm_n": 0, "WNW_low": 0.0, "WNW_low_n": 4, "WNW_med": 0.0, "WNW_med_n": 12, "WNW_high": 0.0, "WNW_high_n": 0, "WNW_mean": 0.0, "WNW_n": 16, "NW_calm": 0.0, "NW_calm_n": 1, "NW_low": 0.0, "NW_low_n": 2, "NW_med": 0.0, "NW_med_n": 3, "NW_high": 0.0, "NW_high_n": 0, "NW_mean": 0.0, "NW_n": 6, "NNW_calm": 3.0, "NNW_calm_n": 1, "NNW_low": 0.0, "NNW_low_n": 1, "NNW_med": 0.0, "NNW_med_n": 0, "NNW_high": 0.0, "NNW_high_n": 0, "NNW_mean": 1.5, "NNW_n": 2, "calm_percent": 2.5}}, {"type": "Feature", "geometry": {"type": "Point", "coordinates": [-116.80948, 54.395492]}, "properties": {"N_calm": 0.0, "N_calm_n": 0, "N_low": 0.0, "N_low_n": 1, "N_med": 0.0, "N_med_n": 0, "N_high": 0.0, "N_high_n": 0, "N_mean": 0.0, "N_n": 1, "overall_mean": 0.79, "n_total": 160, "station": "Fox Creek", "pollutant": "Sulphur Dioxide", "period": "Last 7 Days", "start_date": "2026-10-02 20:00", "end_date": "2026-10-09 18:00", "dominant_dir": "SW", "dominant_value": 3.75, "dominant_percent": 5.0, "NNE_calm": 1.0, "NNE_calm_n": 1, "NNE_low": 0.0, "NNE_low_n": 1, "NNE_med": 0.0, "NNE_med_n": 0, "NNE_high": 0.0, "NNE_high_n": 0, "NNE_mean": 0.5, "NNE_n": 2, "NE_calm": 0.0, "NE_calm_n": 0, "NE_low": 0.0, "NE_low_n": 1, "NE_med": 0.0, "NE_med_n": 0, "NE_high": 0.0, "NE_high_n": 0, "NE_mean": 0.0, "NE_n": 1, "ENE_calm": 1.0, "ENE_calm_n": 1, "ENE_low": 0.0, "ENE_low_n": 1, "ENE_med": 0.0, "ENE_med_n": 0, "ENE_high": 0.0, "ENE_high_n": 0, "ENE_mean": 0.5, "ENE_n": 2, "E_calm": 0.0, "E_calm_n": 0, "E_low": 0.0, "E_low_n": 2, "E_med": 0.0, "E_med_n": 0, "E_high": 0.0, "E_high_n": 0, "E_mean": 0.0, "E_n": 2, "ESE_calm": 0.0, "ESE_calm_n": 0, "ESE_low": 0.0, "ESE_low_n": 2, "ESE_med": 0.0, "ESE_med_n": 0, "ESE_high": 0.0, "ESE_high_n": 0, "ESE_mean": 0.0, "ESE_n": 2, "SE_calm": 0.0, "SE_calm_n": 3, "SE_low": 0.33, "SE_low_n": 15, "SE_med": 0.8, "SE_med_n": 5, "SE_high": 0.0, "SE_high_n": 0, "SE_mean": 0.39, "SE_n": 23, "SSE_calm": 0.88, "SSE_calm_n": 8, "SSE_low": 0.6, "SSE_low_n": 30, "SSE_med": 0.0, "SSE_med_n": 1, "SSE_high": 0.0, "SSE_high_n": 0, "SSE_mean": 0.64, "SSE_n": 39, "S_calm": 0.57, "S_calm_n": 7, "S_low": 1.19, "S_low_n": 21, "S_med": 0.0, "S_med_n": 0, "S_high": 0.0, "S_high_n": 0, "S_mean": 1.04, "S_n": 28, "SSW_calm": 0.25, "SSW_calm_n": 4, "SSW_low": 2.5, "SSW_low_n": 6, "SSW_med": 0.0, "SSW_med_n": 0, "SSW_high": 0.0, "SSW_high_n": 0, "SSW_mean": 1.6, "SSW_n": 10, "SW_calm": 0.0, "SW_calm_n": 0, "SW_low": 3.75, "SW_low_n": 8, "SW_med": 0.0, "SW_med_n": 0, "SW_high": 0.0, "SW_high_n": 0, "SW_mean": 3.75, "SW_n": 8, "WSW_calm": 0.0, "WSW_calm_n": 0, "WSW_low": 1.0, "WSW_low_n": 5, "WSW_med": 0.0, "WSW_med_n": 0, "WSW_high": 0.0, "WSW_high_n": 0, "WSW_mean": 1.0, "WSW_n": 5, "W_calm": 0.0, "W_calm_n": 1, "W_low": 1.0, "W_low_n": 4, "W_med": 0.0, "W_med_n": 2, "W_high": 0.0, "W_high_n": 0, "W_mean": 0.57, "W_n": 7, "WNW_calm": 0.0, "WNW_calm_n": 0, "WNW_low": 0.33, "WNW_low_n": 12, "WNW_med": 0.0, "WNW_med_n": 10, "WNW_high": 0.0, "WNW_high_n": 0, "WNW_mean": 0.18, "WNW_n": 22, "NW_calm": 0.0, "NW_calm_n": 1, "NW_low": 0.6, "NW_low_n": 5, "NW_med": 0.0, "NW_med_n": 2, "NW_high": 0.0, "NW_high_n": 0, "NW_mean": 0.38, "NW_n": 8, "NNW_calm": 0.0, "NNW_calm_n": 0, "NNW_low": 0.0, "NNW_low_n": 0, "NNW_med": 0.0, "NNW_med_n": 0, "NNW_high": 0.0, "NNW_high_n": 0, "NNW_mean": 0, "NNW_n": 0, "calm_percent": 16.2}}, {"type": "Feature", "geometry": {"type": "Point", "coordinates": [-114.200347, 53.306507]}, "properties": {"N_calm": 0.0, "N_calm_n": 0, "N_low": 0.0, "N_low_n": 1, "N_med": 0.0, "N_med_n": 3, "N_high": 0.0, "N_high_n": 0, "N_mean": 0.0, "N_n": 4, "overall_mean": 0.01, "n_total": 160, "station": "Genesee", "pollutant": "Sulphur Dioxide", "period": "Last 7 Days", "start_date": "2026-10-02 20:00", "end_date": "2026-10-09 18:00", "dominant_dir": "SW", "dominant_value": 0.04, "dominant_percent": 16.2, "NNE_calm": 0.0, "NNE_calm_n": 0, "NNE_low": 0.0, "NNE_low_n": 2, "NNE_med": 0.0, "NNE_med_n": 0, "NNE_high": 0.0, "NNE_high_n": 0, "NNE_mean": 0.0, "NNE_n": 2, "NE_calm": 0.0, "NE_calm_n": 0, "NE_low": 0.0, "NE_low_n": 10, "NE_med": 0.0, "NE_med_n": 0, "NE_high": 0.0, "NE_high_n": 0, "NE_mean": 0.0, "NE_n": 10, "ENE_calm": 0.0, "ENE_calm_n": 0, "ENE_low": 0.0, "ENE_low_n": 10, "ENE_med": 0.0, "ENE_med_n": 1, "ENE_high": 0.0, "ENE_high_n": 0, "ENE_mean": 0.0, "ENE_n": 11, "E_calm": 0.0, "E_calm_n": 0, "E_low": 0.0, "E_low_n": 8, "E_med": 0.0, "E_med_n": 4, "E_high": 0.0, "E_high_n": 0, "E_mean": 0.0, "E_n": 12, "ESE_calm": 0.0, "ESE_calm_n": 0, "ESE_low": 0.0, "ESE_low_n": 4, "ESE_med": 0.0, "ESE_med_n": 2, "ESE_high": 0.0, "ESE_high_n": 0, "ESE_mean": 0.0, "ESE_n": 6, "SE_calm": 0.0, "SE_calm_n": 0, "SE_low": 0.0, "SE_low_n": 3, "SE_med": 0.0, "SE_med_n": 1, "SE_high": 0.0, "SE_high_n": 2, "SE_mean": 0.0, "SE_n": 6, "SSE_calm": 0.0, "SSE_calm_n": 0, "SSE_low": 0.0, "SSE_low_n": 3, "SSE_med": 0.0, "SSE_med_n": 2, "SSE_high": 0.0, "SSE_high_n": 1, "SSE_mean": 0.0, "SSE_n": 6, "S_calm": 0.0, "S_calm_n": 0, "S_low": 0.0, "S_low_n": 10, "S_med": 0.0, "S_med_n": 0, "S_high": 0.0, "S_high_n": 0, "S_mean": 0.0, "S_n": 10, "SSW_calm": 0.0, "SSW_calm_n": 0, "SSW_low": 0.0, "SSW_low_n": 5, "SSW_med": 0.0, "SSW_med_n": 0, "SSW_high": 0.0, "SSW_high_n": 0, "SSW_mean": 0.0, "SSW_n": 5, "SW_calm": 0.0, "SW_calm_n": 0, "SW_low": 0.0, "SW_low_n": 2, "SW_med": 0.04, "SW_med_n": 24, "SW_high": 0.0, "SW_high_n": 0, "SW_mean": 0.04, "SW_n": 26, "WSW_calm": 0.0, "WSW_calm_n": 0, "WSW_low": 0.0, "WSW_low_n": 6, "WSW_med": 0.0, "WSW_med_n": 12, "WSW_high": 0.0, "WSW_high_n": 0, "WSW_mean": 0.0, "WSW_n": 18, "W_calm": 0.0, "W_calm_n": 0, "W_low": 0.0, "W_low_n": 3, "W_med": 0.0, "W_med_n": 9, "W_high": 0.0, "W_high_n": 0, "W_mean": 0.0, "W_n": 12, "WNW_calm": 0.0, "WNW_calm_n": 0, "WNW_low": 0.0, "WNW_low_n": 6, "WNW_med": 0.0, "WNW_med_n": 8, "WNW_high": 0.0, "WNW_high_n": 0, "WNW_mean": 0.0, "WNW_n": 14, "NW_calm": 0.0, "NW_calm_n": 0, "NW_low": 0.0, "NW_low_n": 2, "NW_med": 0.0, "NW_med_n": 9, "NW_high": 0.0, "NW_high_n": 0, "NW_mean": 0.0, "NW_n": 11, "NNW_calm": 0.0, "NNW_calm_n": 0, "NNW_low": 0.0, "NNW_low_n": 3, "NNW_med": 0.0, "NNW_med_n": 4, "NNW_high": 0.0, "NNW_high_n": 0, "NNW_mean": 0.0, "NNW_n": 7, "calm_percent": 0.0}}, {"type": "Feature", "geometry": {"type": "Point", "coordinates": [-113.327174, 53.827241]}, "properties": {"N_calm": 0.3, "N_calm_n": 1, "N_low": 0.0, "N_low_n": 0, "N_med": 0.0, "N_med_n": 0, "N_high": 0.0, "N_high_n": 0, "N_mean": 0.3, "N_n": 1, "overall_mean": 0.52, "n_total": 156, "station": "Gibbons", "pollutant": "Sulphur Dioxide", "period": "Last 7 Days", "start_date": "2026-10-02 20:00", "end_date": "2026-10-09 18:00", "dominant_dir": "NNW", "dominant_value": 1.9, "dominant_percent": 1.9, "NNE_calm": 0.0, "NNE_calm_n": 0, "NNE_low": 0.0, "NNE_low_n": 0, "NNE_med": 0.0, "NNE_med_n": 0, "NNE_high": 0.0, "NNE_high_n": 0, "NNE_mean": 0, "NNE_n": 0, "NE_calm": 0.0, "NE_calm_n": 0, "NE_low": 0.0, "NE_low_n": 0, "NE_med": 0.0, "NE_med_n": 0, "NE_high": 0.0, "NE_high_n": 0, "NE_mean": 0, "NE_n": 0, "ENE_calm": 0.0, "ENE_calm_n": 0, "ENE_low": 0.0, "ENE_low_n": 0, "ENE_med": 0.0, "ENE_med_n": 0, "ENE_high": 0.0, "ENE_high_n": 0, "ENE_mean": 0, "ENE_n": 0, "E_calm": 0.0, "E_calm_n": 0, "E_low": 0.95, "E_low_n": 6, "E_med": 0.0, "E_med_n": 0, "E_high": 0.0, "E_high_n": 0, "E_mean": 0.95, "E_n": 6, "ESE_calm": 0.0, "ESE_calm_n": 0, "ESE_low": 0.41, "ESE_low_n": 11, "ESE_med": 0.0, "ESE_med_n": 0, "ESE_high": 0.0, "ESE_high_n": 0, "ESE_mean": 0.41, "ESE_n": 11, "SE_calm": 0.6, "SE_calm_n": 1, "SE_low": 0.62, "SE_low_n": 9, "SE_med": 0.0, "SE_med_n": 0, "SE_high": 0.0, "SE_high_n": 0, "SE_mean": 0.62, "SE_n": 10, "SSE_calm": 0.0, "SSE_calm_n": 0, "SSE_low": 0.38, "SSE_low_n": 5, "SSE_med": 0.0, "SSE_med_n": 0, "SSE_high": 0.0, "SSE_high_n": 0, "SSE_mean": 0.38, "SSE_n": 5, "S_calm": 0.2, "S_calm_n": 1, "S_low": 0.3, "S_low_n": 1, "S_med": 0.0, "S_med_n": 0, "S_high": 0.0, "S_high_n": 0, "S_mean": 0.25, "S_n": 2, "SSW_calm": 0.0, "SSW_calm_n": 0, "SSW_low": 0.44, "SSW_low_n": 7, "SSW_med": 0.0, "SSW_med_n": 0, "SSW_high": 0.0, "SSW_high_n": 0, "SSW_mean": 0.44, "SSW_n": 7, "SW_calm": 1.5, "SW_calm_n": 2, "SW_low": 0.5, "SW_low_n": 27, "SW_med": 0.0, "SW_med_n": 0, "SW_high": 0.0, "SW_high_n": 0, "SW_mean": 0.57, "SW_n": 29, "WSW_calm": 1.3, "WSW_calm_n": 1, "WSW_low": 0.61, "WSW_low_n": 28, "WSW_med": 0.0, "WSW_med_n": 0, "WSW_high": 0.0, "WSW_high_n": 0, "WSW_mean": 0.64, "WSW_n": 29, "W_calm": 0.0, "W_calm_n": 0, "W_low": 0.43, "W_low_n": 25, "W_med": 0.16, "W_med_n": 9, "W_high": 0.0, "W_high_n": 0, "W_mean": 0.36, "W_n": 34, "WNW_calm": 0.25, "WNW_calm_n": 2, "WNW_low": 0.32, "WNW_low_n": 13, "WNW_med": 0.1, "WNW_med_n": 1, "WNW_high": 0.0, "WNW_high_n": 0, "WNW_mean": 0.29, "WNW_n": 16, "NW_calm": 0.2, "NW_calm_n": 1, "NW_low": 0.65, "NW_low_n": 2, "NW_med": 0.0, "NW_med_n": 0, "NW_high": 0.0, "NW_high_n": 0, "NW_mean": 0.5, "NW_n": 3, "NNW_calm": 0.9, "NNW_calm_n": 1, "NNW_low": 0.9, "NNW_low_n": 1, "NNW_med": 3.9, "NNW_med_n": 1, "NNW_high": 0.0, "NNW_high_n": 0, "NNW_mean": 1.9, "NNW_n": 3, "calm_percent": 6.4}}, {"type": "Feature", "geometry": {"type": "Point", "coordinates": [-118.8077555, 55.1766364]}, "properties": {"N_calm": 0.0, "N_calm_n": 1, "N_low": 0.33, "N_low_n": 3, "N_med": 0.0, "N_med_n": 3, "N_high": 0.0, "N_high_n": 0, "N_mean": 0.14, "N_n": 7, "overall_mean": 0.46, "n_total": 160, "station": "Grande Prairie - Henry Pirker", "pollutant": "Sulphur Dioxide", "period": "Last 7 Days", "start_date": "2026-10-02 20:00", "end_date": "2026-10-09 18:00", "dominant_dir": "S", "dominant_value": 1.73, "dominant_percent": 6.9, "NNE_calm": 0.0, "NNE_calm_n": 0, "NNE_low": 0.0, "NNE_low_n": 5, "NNE_med": 0.0, "NNE_med_n": 0, "NNE_high": 0.0, "NNE_high_n": 0, "NNE_mean": 0.0, "NNE_n": 5, "NE_calm": 0.0, "NE_calm_n": 0, "NE_low": 0.0, "NE_low_n": 2, "NE_med": 0.0, "NE_med_n": 0, "NE_high": 0.0, "NE_high_n": 0, "NE_mean": 0.0, "NE_n": 2, "ENE_calm": 0.0, "ENE_calm_n": 2, "ENE_low": 0.0, "ENE_low_n": 10, "ENE_med": 0.0, "ENE_med_n": 0, "ENE_high": 0.0, "ENE_high_n": 0, "ENE_mean": 0.0, "ENE_n": 12, "E_calm": 0.5, "E_calm_n": 2, "E_low": 0.0, "E_low_n": 8, "E_med": 0.0, "E_med_n": 0, "E_high": 0.0, "E_high_n": 0, "E_mean": 0.1, "E_n": 10, "ESE_calm": 0.0, "ESE_calm_n": 0, "ESE_low": 0.0, "ESE_low_n": 4, "ESE_med": 0.0, "ESE_med_n": 0, "ESE_high": 0.0, "ESE_high_n": 0, "ESE_mean": 0.0, "ESE_n": 4, "SE_calm": 0.0, "SE_calm_n": 0, "SE_low": 1.0, "SE_low_n": 1, "SE_med": 0.0, "SE_med_n": 0, "SE_high": 0.0, "SE_high_n": 0, "SE_mean": 1.0, "SE_n": 1, "SSE_calm": 1.0, "SSE_calm_n": 1, "SSE_low": 0.2, "SSE_low_n": 5, "SSE_med": 0.0, "SSE_med_n": 0, "SSE_high": 0.0, "SSE_high_n": 0, "SSE_mean": 0.33, "SSE_n": 6, "S_calm": 1.0, "S_calm_n": 3, "S_low": 2.0, "S_low_n": 8, "S_med": 0.0, "S_med_n": 0, "S_high": 0.0, "S_high_n": 0, "S_mean": 1.73, "S_n": 11, "SSW_calm": 0.0, "SSW_calm_n": 0, "SSW_low": 0.75, "SSW_low_n": 4, "SSW_med": 0.0, "SSW_med_n": 0, "SSW_high": 0.0, "SSW_high_n": 0, "SSW_mean": 0.75, "SSW_n": 4, "SW_calm": 0.33, "SW_calm_n": 3, "SW_low": 0.41, "SW_low_n": 22, "SW_med": 0.33, "SW_med_n": 3, "SW_high": 0.0, "SW_high_n": 0, "SW_mean": 0.39, "SW_n": 28, "WSW_calm": 1.0, "WSW_calm_n": 1, "WSW_low": 0.65, "WSW_low_n": 20, "WSW_med": 0.21, "WSW_med_n": 14, "WSW_high": 0.0, "WSW_high_n": 10, "WSW_mean": 0.38, "WSW_n": 45, "W_calm": 0.0, "W_calm_n": 0, "W_low": 0.56, "W_low_n": 9, "W_med": 0.0, "W_med_n": 1, "W_high": 0.0, "W_high_n": 0, "W_mean": 0.5, "W_n": 10, "WNW_calm": 0.25, "WNW_calm_n": 4, "WNW_low": 1.33, "WNW_low_n": 3, "WNW_med": 0.0, "WNW_med_n": 0, "WNW_high": 0.0, "WNW_high_n": 0, "WNW_mean": 0.71, "WNW_n": 7, "NW_calm": 0.0, "NW_calm_n": 0, "NW_low": 1.17, "NW_low_n": 6, "NW_med": 0.0, "NW_med_n": 0, "NW_high": 0.0, "NW_high_n": 0, "NW_mean": 1.17, "NW_n": 6, "NNW_calm": 0.0, "NNW_calm_n": 0, "NNW_low": 1.0, "NNW_low_n": 2, "NNW_med": 0.0, "NNW_med_n": 0, "NNW_high": 0.0, "NNW_high_n": 0, "NNW_mean": 1.0, "NNW_n": 2, "calm_percent": 10.6}}, {"type": "Feature", "geometry": {"type": "Point", "coordinates": [-117.604994, 56.18657]}, "properties": {"N_calm": 0.0, "N_calm_n": 0, "N_low": 0.0, "N_low_n": 0, "N_med": 0.0, "N_med_n": 0, "N_high": 0.0, "N_high_n": 0, "N_mean": 0, "N_n": 0, "overall_mean": 0.21, "n_total": 151, "station": "Grimshaw", "pollutant": "Sulphur Dioxide", "period": "Last 7 Days", "start_date": "2026-10-02 20:00", "end_date": "2026-10-09 18:00", "dominant_dir": "ENE", "dominant_value": 1.0, "dominant_percent": 5.3, "NNE_calm": 0.0, "NNE_calm_n": 0, "NNE_low": 0.0, "NNE_low_n": 5, "NNE_med": 0.0, "NNE_med_n": 0, "NNE_high": 0.0, "NNE_high_n": 0, "NNE_mean": 0.0, "NNE_n": 5, "NE_calm": 0.0, "NE_calm_n": 0, "NE_low": 0.4, "NE_low_n": 5, "NE_med": 1.0, "NE_med_n": 1, "NE_high": 0.0, "NE_high_n": 0, "NE_mean": 0.5, "NE_n": 6, "ENE_calm": 0.0, "ENE_calm_n": 0, "ENE_low": 1.0, "ENE_low_n": 1, "ENE_med": 1.0, "ENE_med_n": 7, "ENE_high": 0.0, "ENE_high_n": 0, "ENE_mean": 1.0, "ENE_n": 8, "E_calm": 0.0, "E_calm_n": 0, "E_low": 0.33, "E_low_n": 3, "E_med": 1.0, "E_med_n": 5, "E_high": 0.0, "E_high_n": 0, "E_mean": 0.75, "E_n": 8, "ESE_calm": 0.0, "ESE_calm_n": 0, "ESE_low": 0.0, "ESE_low_n": 1, "ESE_med": 0.0, "ESE_med_n": 0, "ESE_high": 0.0, "ESE_high_n": 0, "ESE_mean": 0.0, "ESE_n": 1, "SE_calm": 0.0, "SE_calm_n": 0, "SE_low": 0.0, "SE_low_n": 2, "SE_med": 0.0, "SE_med_n": 0, "SE_high": 0.0, "SE_high_n": 0, "SE_mean": 0.0, "SE_n": 2, "SSE_calm": 0.0, "SSE_calm_n": 0, "SSE_low": 0.0, "SSE_low_n": 0, "SSE_med": 0.0, "SSE_med_n": 0, "SSE_high": 0.0, "SSE_high_n": 0, "SSE_mean": 0, "SSE_n": 0, "S_calm": 0.0, "S_calm_n": 0, "S_low": 0.0, "S_low_n": 0, "S_med": 0.0, "S_med_n": 2, "S_high": 0.0, "S_high_n": 0, "S_mean": 0.0, "S_n": 2, "SSW_calm": 0.0, "SSW_calm_n": 0, "SSW_low": 0.0, "SSW_low_n": 2, "SSW_med": 0.0, "SSW_med_n": 3, "SSW_high": 0.0, "SSW_high_n": 0, "SSW_mean": 0.0, "SSW_n": 5, "SW_calm": 0.0, "SW_calm_n": 0, "SW_low": 0.67, "SW_low_n": 6, "SW_med": 1.0, "SW_med_n": 2, "SW_high": 0.0, "SW_high_n": 0, "SW_mean": 0.75, "SW_n": 8, "WSW_calm": 0.0, "WSW_calm_n": 0, "WSW_low": 0.17, "WSW_low_n": 12, "WSW_med": 0.5, "WSW_med_n": 2, "WSW_high": 0.0, "WSW_high_n": 0, "WSW_mean": 0.21, "WSW_n": 14, "W_calm": 0.0, "W_calm_n": 0, "W_low": 0.2, "W_low_n": 5, "W_med": 0.5, "W_med_n": 8, "W_high": 0.0, "W_high_n": 0, "W_mean": 0.38, "W_n": 13, "WNW_calm": 0.0, "WNW_calm_n": 0, "WNW_low": 0.0, "WNW_low_n": 6, "WNW_med": 0.0, "WNW_med_n": 21, "WNW_high": 0.0, "WNW_high_n": 2, "WNW_mean": 0.0, "WNW_n": 29, "NW_calm": 0.0, "NW_calm_n": 0, "NW_low": 0.0, "NW_low_n": 16, "NW_med": 0.0, "NW_med_n": 23, "NW_high": 1.0, "NW_high_n": 1, "NW_mean": 0.03, "NW_n": 40, "NNW_calm": 0.0, "NNW_calm_n": 0, "NNW_low": 0.0, "NNW_low_n": 9, "NNW_med": 0.0, "NNW_med_n": 1, "NNW_high": 0.0, "NNW_high_n": 0, "NNW_mean": 0.0, "NNW_n": 10, "calm_percent": 0.0}}, {"type": "Feature", "geometry": {"type": "Point", "coordinates": [-119.086667, 55.752778]}, "properties": {"N_calm": 0.0, "N_calm_n": 0, "N_low": 1.0, "N_low_n": 2, "N_med": 0.0, "N_med_n": 0, "N_high": 0.0, "N_high_n": 0, "N_mean": 1.0, "N_n": 2, "overall_mean": 1.04, "n_total": 160, "station": "Happy Valley", "pollutant": "Sulphur Dioxide", "period": "Last 7 Days", "start_date": "2026-10-02 20:00", "end_date": "2026-10-09 18:00", "dominant_dir": "W", "dominant_value": 1.16, "dominant_percent": 23.1, "NNE_calm": 0.0, "NNE_calm_n": 0, "NNE_low": 1.0, "NNE_low_n": 1, "NNE_med": 0.67, "NNE_med_n": 3, "NNE_high": 1.0, "NNE_high_n": 1, "NNE_mean": 0.8, "NNE_n": 5, "NE_calm": 0.0, "NE_calm_n": 0, "NE_low": 0.0, "NE_low_n": 0, "NE_med": 1.0, "NE_med_n": 5, "NE_high": 1.0, "NE_high_n": 1, "NE_mean": 1.0, "NE_n": 6, "ENE_calm": 0.0, "ENE_calm_n": 0, "ENE_low": 0.0, "ENE_low_n": 0, "ENE_med": 1.0, "ENE_med_n": 4, "ENE_high": 0.0, "ENE_high_n": 0, "ENE_mean": 1.0, "ENE_n": 4, "E_calm": 2.0, "E_calm_n": 1, "E_low": 1.0, "E_low_n": 1, "E_med": 1.0, "E_med_n": 5, "E_high": 0.0, "E_high_n": 0, "E_mean": 1.14, "E_n": 7, "ESE_calm": 0.0, "ESE_calm_n": 0, "ESE_low": 1.0, "ESE_low_n": 2, "ESE_med": 1.0, "ESE_med_n": 1, "ESE_high": 0.0, "ESE_high_n": 0, "ESE_mean": 1.0, "ESE_n": 3, "SE_calm": 0.0, "SE_calm_n": 0, "SE_low": 1.0, "SE_low_n": 1, "SE_med": 1.0, "SE_med_n": 1, "SE_high": 0.0, "SE_high_n": 0, "SE_mean": 1.0, "SE_n": 2, "SSE_calm": 0.0, "SSE_calm_n": 0, "SSE_low": 1.0, "SSE_low_n": 2, "SSE_med": 1.0, "SSE_med_n": 1, "SSE_high": 0.0, "SSE_high_n": 0, "SSE_mean": 1.0, "SSE_n": 3, "S_calm": 0.0, "S_calm_n": 0, "S_low": 0.67, "S_low_n": 3, "S_med": 1.0, "S_med_n": 1, "S_high": 0.0, "S_high_n": 0, "S_mean": 0.75, "S_n": 4, "SSW_calm": 0.0, "SSW_calm_n": 0, "SSW_low": 0.5, "SSW_low_n": 2, "SSW_med": 1.0, "SSW_med_n": 2, "SSW_high": 0.0, "SSW_high_n": 0, "SSW_mean": 0.75, "SSW_n": 4, "SW_calm": 0.0, "SW_calm_n": 0, "SW_low": 1.0, "SW_low_n": 9, "SW_med": 1.0, "SW_med_n": 2, "SW_high": 0.0, "SW_high_n": 0, "SW_mean": 1.0, "SW_n": 11, "WSW_calm": 0.0, "WSW_calm_n": 0, "WSW_low": 1.25, "WSW_low_n": 12, "WSW_med": 1.0, "WSW_med_n": 34, "WSW_high": 1.0, "WSW_high_n": 12, "WSW_mean": 1.05, "WSW_n": 58, "W_calm": 0.0, "W_calm_n": 0, "W_low": 1.25, "W_low_n": 4, "W_med": 1.19, "W_med_n": 26, "W_high": 1.0, "W_high_n": 7, "W_mean": 1.16, "W_n": 37, "WNW_calm": 0.0, "WNW_calm_n": 0, "WNW_low": 1.0, "WNW_low_n": 2, "WNW_med": 0.89, "WNW_med_n": 9, "WNW_high": 0.0, "WNW_high_n": 0, "WNW_mean": 0.91, "WNW_n": 11, "NW_calm": 0.0, "NW_calm_n": 0, "NW_low": 1.0, "NW_low_n": 2, "NW_med": 0.0, "NW_med_n": 0, "NW_high": 0.0, "NW_high_n": 0, "NW_mean": 1.0, "NW_n": 2, "NNW_calm": 0.0, "NNW_calm_n": 0, "NNW_low": 1.0, "NNW_low_n": 1, "NNW_med": 0.0, "NNW_med_n": 0, "NNW_high": 0.0, "NNW_high_n": 0, "NNW_mean": 1.0, "NNW_n": 1, "calm_percent": 0.6}}, {"type": "Feature", "geometry": {"type": "Point", "coordinates": [-117.544067, 53.4273011]}, "properties": {"N_calm": 0.0, "N_calm_n": 2, "N_low": 0.0, "N_low_n": 0, "N_med": 0.0, "N_med_n": 0, "N_high": 0.0, "N_high_n": 0, "N_mean": 0.0, "N_n": 2, "overall_mean": 0.11, "n_total": 160, "station": "Hinton-Drinnan", "pollutant": "Sulphur Dioxide", "period": "Last 7 Days", "start_date": "2026-10-02 20:00", "end_date": "2026-10-09 18:00", "dominant_dir": "WSW", "dominant_value": 0.5, "dominant_percent": 3.8, "NNE_calm": 0.0, "NNE_calm_n": 4, "NNE_low": 0.0, "NNE_low_n": 1, "NNE_med": 0.0, "NNE_med_n": 0, "NNE_high": 0.0, "NNE_high_n": 0, "NNE_mean": 0.0, "NNE_n": 5, "NE_calm": 0.0, "NE_calm_n": 15, "NE_low": 0.27, "NE_low_n": 11, "NE_med": 0.0, "NE_med_n": 0, "NE_high": 0.0, "NE_high_n": 0, "NE_mean": 0.12, "NE_n": 26, "ENE_calm": 0.0, "ENE_calm_n": 15, "ENE_low": 0.03, "ENE_low_n": 31, "ENE_med": 0.0, "ENE_med_n": 0, "ENE_high": 0.0, "ENE_high_n": 0, "ENE_mean": 0.02, "ENE_n": 46, "E_calm": 0.0, "E_calm_n": 10, "E_low": 0.38, "E_low_n": 8, "E_med": 0.0, "E_med_n": 0, "E_high": 0.0, "E_high_n": 0, "E_mean": 0.17, "E_n": 18, "ESE_calm": 0.0, "ESE_calm_n": 2, "ESE_low": 0.0, "ESE_low_n": 5, "ESE_med": 0.0, "ESE_med_n": 0, "ESE_high": 0.0, "ESE_high_n": 0, "ESE_mean": 0.0, "ESE_n": 7, "SE_calm": 1.0, "SE_calm_n": 1, "SE_low": 0.0, "SE_low_n": 2, "SE_med": 0.0, "SE_med_n": 0, "SE_high": 0.0, "SE_high_n": 0, "SE_mean": 0.33, "SE_n": 3, "SSE_calm": 0.0, "SSE_calm_n": 2, "SSE_low": 0.0, "SSE_low_n": 3, "SSE_med": 0.0, "SSE_med_n": 0, "SSE_high": 0.0, "SSE_high_n": 0, "SSE_mean": 0.0, "SSE_n": 5, "S_calm": 0.0, "S_calm_n": 1, "S_low": 0.5, "S_low_n": 4, "S_med": 0.0, "S_med_n": 0, "S_high": 0.0, "S_high_n": 0, "S_mean": 0.4, "S_n": 5, "SSW_calm": 0.0, "SSW_calm_n": 1, "SSW_low": 0.0, "SSW_low_n": 4, "SSW_med": 0.0, "SSW_med_n": 0, "SSW_high": 0.0, "SSW_high_n": 0, "SSW_mean": 0.0, "SSW_n": 5, "SW_calm": 0.0, "SW_calm_n": 2, "SW_low": 0.5, "SW_low_n": 4, "SW_med": 0.0, "SW_med_n": 0, "SW_high": 0.0, "SW_high_n": 0, "SW_mean": 0.33, "SW_n": 6, "WSW_calm": 0.0, "WSW_calm_n": 1, "WSW_low": 0.6, "WSW_low_n": 5, "WSW_med": 0.0, "WSW_med_n": 0, "WSW_high": 0.0, "WSW_high_n": 0, "WSW_mean": 0.5, "WSW_n": 6, "W_calm": 0.0, "W_calm_n": 5, "W_low": 0.5, "W_low_n": 4, "W_med": 0.0, "W_med_n": 0, "W_high": 0.0, "W_high_n": 0, "W_mean": 0.22, "W_n": 9, "WNW_calm": 0.0, "WNW_calm_n": 1, "WNW_low": 0.2, "WNW_low_n": 5, "WNW_med": 0.0, "WNW_med_n": 0, "WNW_high": 0.0, "WNW_high_n": 0, "WNW_mean": 0.17, "WNW_n": 6, "NW_calm": 0.0, "NW_calm_n": 0, "NW_low": 0.0, "NW_low_n": 6, "NW_med": 0.0, "NW_med_n": 0, "NW_high": 0.0, "NW_high_n": 0, "NW_mean": 0.0, "NW_n": 6, "NNW_calm": 0.0, "NNW_calm_n": 5, "NNW_low": 0.0, "NNW_low_n": 0, "NNW_med": 0.0, "NNW_med_n": 0, "NNW_high": 0.0, "NNW_high_n": 0, "NNW_mean": 0.0, "NNW_n": 5, "calm_percent": 41.9}}, {"type": "Feature", "geometry": {"type": "Point", "coordinates": [-117.5846086, 53.3927365]}, "properties": {"N_calm": 0.0, "N_calm_n": 2, "N_low": 0.0, "N_low_n": 5, "N_med": 0.0, "N_med_n": 0, "N_high": 0.0, "N_high_n": 0, "N_mean": 0.0, "N_n": 7, "overall_mean": 0.08, "n_total": 160, "station": "Hinton-Hillcrest", "pollutant": "Sulphur Dioxide", "period": "Last 7 Days", "start_date": "2026-10-02 20:00", "end_date": "2026-10-09 18:00", "dominant_dir": "NNE", "dominant_value": 0.26, "dominant_percent": 11.9, "NNE_calm": 0.0, "NNE_calm_n": 2, "NNE_low": 0.38, "NNE_low_n": 13, "NNE_med": 0.0, "NNE_med_n": 4, "NNE_high": 0.0, "NNE_high_n": 0, "NNE_mean": 0.26, "NNE_n": 19, "NE_calm": 0.0, "NE_calm_n": 0, "NE_low": 0.14, "NE_low_n": 28, "NE_med": 0.25, "NE_med_n": 4, "NE_high": 0.0, "NE_high_n": 0, "NE_mean": 0.16, "NE_n": 32, "ENE_calm": 0.0, "ENE_calm_n": 2, "ENE_low": 0.09, "ENE_low_n": 11, "ENE_med": 0.0, "ENE_med_n": 0, "ENE_high": 0.0, "ENE_high_n": 0, "ENE_mean": 0.08, "ENE_n": 13, "E_calm": 0.0, "E_calm_n": 0, "E_low": 0.12, "E_low_n": 8, "E_med": 0.0, "E_med_n": 0, "E_high": 0.0, "E_high_n": 0, "E_mean": 0.12, "E_n": 8, "ESE_calm": 0.0, "ESE_calm_n": 1, "ESE_low": 0.0, "ESE_low_n": 5, "ESE_med": 0.0, "ESE_med_n": 0, "ESE_high": 0.0, "ESE_high_n": 0, "ESE_mean": 0.0, "ESE_n": 6, "SE_calm": 0.0, "SE_calm_n": 3, "SE_low": 0.0, "SE_low_n": 1, "SE_med": 0.0, "SE_med_n": 0, "SE_high": 0.0, "SE_high_n": 0, "SE_mean": 0.0, "SE_n": 4, "SSE_calm": 0.0, "SSE_calm_n": 0, "SSE_low": 0.0, "SSE_low_n": 7, "SSE_med": 0.0, "SSE_med_n": 0, "SSE_high": 0.0, "SSE_high_n": 0, "SSE_mean": 0.0, "SSE_n": 7, "S_calm": 0.0, "S_calm_n": 3, "S_low": 0.0, "S_low_n": 11, "S_med": 0.0, "S_med_n": 0, "S_high": 0.0, "S_high_n": 0, "S_mean": 0.0, "S_n": 14, "SSW_calm": 0.0, "SSW_calm_n": 1, "SSW_low": 0.0, "SSW_low_n": 5, "SSW_med": 0.0, "SSW_med_n": 1, "SSW_high": 0.0, "SSW_high_n": 0, "SSW_mean": 0.0, "SSW_n": 7, "SW_calm": 0.0, "SW_calm_n": 3, "SW_low": 0.0, "SW_low_n": 7, "SW_med": 0.0, "SW_med_n": 9, "SW_high": 0.0, "SW_high_n": 0, "SW_mean": 0.0, "SW_n": 19, "WSW_calm": 0.0, "WSW_calm_n": 0, "WSW_low": 0.0, "WSW_low_n": 2, "WSW_med": 0.0, "WSW_med_n": 5, "WSW_high": 0.0, "WSW_high_n": 0, "WSW_mean": 0.0, "WSW_n": 7, "W_calm": 0.0, "W_calm_n": 0, "W_low": 0.0, "W_low_n": 3, "W_med": 0.0, "W_med_n": 3, "W_high": 0.0, "W_high_n": 0, "W_mean": 0.0, "W_n": 6, "WNW_calm": 0.0, "WNW_calm_n": 1, "WNW_low": 0.0, "WNW_low_n": 2, "WNW_med": 0.0, "WNW_med_n": 0, "WNW_high": 0.0, "WNW_high_n": 0, "WNW_mean": 0.0, "WNW_n": 3, "NW_calm": 0.0, "NW_calm_n": 0, "NW_low": 0.0, "NW_low_n": 2, "NW_med": 0.0, "NW_med_n": 2, "NW_high": 0.0, "NW_high_n": 0, "NW_mean": 0.0, "NW_n": 4, "NNW_calm": 0.0, "NNW_calm_n": 1, "NNW_low": 0.0, "NNW_low_n": 3, "NNW_med": 0.0, "NNW_med_n": 0, "NNW_high": 0.0, "NNW_high_n": 0, "NNW_mean": 0.0, "NNW_n": 4, "calm_percent": 11.9}}, {"type": "Feature", "geometry": {"type": "Point", "coordinates": [-111.44853, 55.87711]}, "properties": {"N_calm": 0.0, "N_calm_n": 0, "N_low": 0.0, "N_low_n": 0, "N_med": 0.0, "N_med_n": 0, "N_high": 0.0, "N_high_n": 0, "N_mean": 0, "N_n": 0, "overall_mean": 0.55, "n_total": 160, "station": "Jackfish 1", "pollutant": "Sulphur Dioxide", "period": "Last 7 Days", "start_date": "2026-10-02 20:00", "end_date": "2026-10-09 18:00", "dominant_dir": "NW", "dominant_value": 1.29, "dominant_percent": 4.4, "NNE_calm": 0.0, "NNE_calm_n": 0, "NNE_low": 0.0, "NNE_low_n": 0, "NNE_med": 0.0, "NNE_med_n": 0, "NNE_high": 0.0, "NNE_high_n": 0, "NNE_mean": 0, "NNE_n": 0, "NE_calm": 0.0, "NE_calm_n": 0, "NE_low": 0.0, "NE_low_n": 0, "NE_med": 0.0, "NE_med_n": 0, "NE_high": 0.0, "NE_high_n": 0, "NE_mean": 0, "NE_n": 0, "ENE_calm": 0.0, "ENE_calm_n": 0, "ENE_low": 0.0, "ENE_low_n": 0, "ENE_med": 0.0, "ENE_med_n": 0, "ENE_high": 0.0, "ENE_high_n": 0, "ENE_mean": 0, "ENE_n": 0, "E_calm": 0.0, "E_calm_n": 1, "E_low": 0.0, "E_low_n": 0, "E_med": 0.0, "E_med_n": 1, "E_high": 0.0, "E_high_n": 0, "E_mean": 0.0, "E_n": 2, "ESE_calm": 0.0, "ESE_calm_n": 1, "ESE_low": 0.0, "ESE_low_n": 2, "ESE_med": 0.0, "ESE_med_n": 7, "ESE_high": 0.0, "ESE_high_n": 0, "ESE_mean": 0.0, "ESE_n": 10, "SE_calm": 0.0, "SE_calm_n": 1, "SE_low": 0.0, "SE_low_n": 1, "SE_med": 0.0, "SE_med_n": 0, "SE_high": 0.0, "SE_high_n": 0, "SE_mean": 0.0, "SE_n": 2, "SSE_calm": 0.0, "SSE_calm_n": 1, "SSE_low": 0.0, "SSE_low_n": 5, "SSE_med": 0.0, "SSE_med_n": 0, "SSE_high": 0.0, "SSE_high_n": 0, "SSE_mean": 0.0, "SSE_n": 6, "S_calm": 0.0, "S_calm_n": 4, "S_low": 0.0, "S_low_n": 18, "S_med": 0.0, "S_med_n": 0, "S_high": 0.0, "S_high_n": 0, "S_mean": 0.0, "S_n": 22, "SSW_calm": 1.0, "SSW_calm_n": 2, "SSW_low": 0.14, "SSW_low_n": 7, "SSW_med": 0.0, "SSW_med_n": 0, "SSW_high": 0.0, "SSW_high_n": 0, "SSW_mean": 0.33, "SSW_n": 9, "SW_calm": 0.0, "SW_calm_n": 5, "SW_low": 0.5, "SW_low_n": 32, "SW_med": 0.0, "SW_med_n": 0, "SW_high": 0.0, "SW_high_n": 0, "SW_mean": 0.43, "SW_n": 37, "WSW_calm": 0.33, "WSW_calm_n": 3, "WSW_low": 0.54, "WSW_low_n": 13, "WSW_med": 0.0, "WSW_med_n": 0, "WSW_high": 0.0, "WSW_high_n": 0, "WSW_mean": 0.5, "WSW_n": 16, "W_calm": 0.4, "W_calm_n": 5, "W_low": 1.29, "W_low_n": 17, "W_med": 0.0, "W_med_n": 0, "W_high": 0.0, "W_high_n": 0, "W_mean": 1.09, "W_n": 22, "WNW_calm": 0.0, "WNW_calm_n": 1, "WNW_low": 1.08, "WNW_low_n": 26, "WNW_med": 0.0, "WNW_med_n": 0, "WNW_high": 0.0, "WNW_high_n": 0, "WNW_mean": 1.04, "WNW_n": 27, "NW_calm": 0.5, "NW_calm_n": 2, "NW_low": 1.6, "NW_low_n": 5, "NW_med": 0.0, "NW_med_n": 0, "NW_high": 0.0, "NW_high_n": 0, "NW_mean": 1.29, "NW_n": 7, "NNW_calm": 0.0, "NNW_calm_n": 0, "NNW_low": 0.0, "NNW_low_n": 0, "NNW_med": 0.0, "NNW_med_n": 0, "NNW_high": 0.0, "NNW_high_n": 0, "NNW_mean": 0, "NNW_n": 0, "calm_percent": 16.2}}, {"type": "Feature", "geometry": {"type": "Point", "coordinates": [-110.9759926, 55.5186932]}, "properties": {"N_calm": 0.0, "N_calm_n": 0, "N_low": 0.0, "N_low_n": 0, "N_med": 0.0, "N_med_n": 0, "N_high": 0.0, "N_high_n": 0, "N_mean": 0, "N_n": 0, "overall_mean": 0.66, "n_total": 160, "station": "Jackfish 2/3", "pollutant": "Sulphur Dioxide", "period": "Last 7 Days", "start_date": "2026-10-02 20:00", "end_date": "2026-10-09 18:00", "dominant_dir": "WNW", "dominant_value": 3.14, "dominant_percent": 4.4, "NNE_calm": 0.0, "NNE_calm_n": 0, "NNE_low": 0.0, "NNE_low_n": 0, "NNE_med": 0.0, "NNE_med_n": 0, "NNE_high": 0.0, "NNE_high_n": 0, "NNE_mean": 0, "NNE_n": 0, "NE_calm": 0.0, "NE_calm_n": 0, "NE_low": 0.0, "NE_low_n": 0, "NE_med": 0.0, "NE_med_n": 0, "NE_high": 0.0, "NE_high_n": 0, "NE_mean": 0, "NE_n": 0, "ENE_calm": 0.0, "ENE_calm_n": 0, "ENE_low": 0.0, "ENE_low_n": 0, "ENE_med": 0.0, "ENE_med_n": 0, "ENE_high": 0.0, "ENE_high_n": 0, "ENE_mean": 0, "ENE_n": 0, "E_calm": 0.0, "E_calm_n": 0, "E_low": 2.0, "E_low_n": 1, "E_med": 1.8, "E_med_n": 5, "E_high": 0.0, "E_high_n": 0, "E_mean": 1.83, "E_n": 6, "ESE_calm": 0.0, "ESE_calm_n": 0, "ESE_low": 0.5, "ESE_low_n": 4, "ESE_med": 0.0, "ESE_med_n": 0, "ESE_high": 0.0, "ESE_high_n": 0, "ESE_mean": 0.5, "ESE_n": 4, "SE_calm": 0.0, "SE_calm_n": 0, "SE_low": 0.0, "SE_low_n": 0, "SE_med": 0.0, "SE_med_n": 0, "SE_high": 0.0, "SE_high_n": 0, "SE_mean": 0, "SE_n": 0, "SSE_calm": 0.0, "SSE_calm_n": 0, "SSE_low": 1.0, "SSE_low_n": 1, "SSE_med": 0.0, "SSE_med_n": 0, "SSE_high": 0.0, "SSE_high_n": 0, "SSE_mean": 1.0, "SSE_n": 1, "S_calm": 0.0, "S_calm_n": 0, "S_low": 0.55, "S_low_n": 11, "S_med": 0.0, "S_med_n": 0, "S_high": 0.0, "S_high_n": 0, "S_mean": 0.55, "S_n": 11, "SSW_calm": 0.0, "SSW_calm_n": 1, "SSW_low": 0.6, "SSW_low_n": 15, "SSW_med": 0.0, "SSW_med_n": 0, "SSW_high": 0.0, "SSW_high_n": 0, "SSW_mean": 0.56, "SSW_n": 16, "SW_calm": 0.0, "SW_calm_n": 0, "SW_low": 0.6, "SW_low_n": 5, "SW_med": 0.0, "SW_med_n": 1, "SW_high": 0.0, "SW_high_n": 0, "SW_mean": 0.5, "SW_n": 6, "WSW_calm": 1.0, "WSW_calm_n": 1, "WSW_low": 0.41, "WSW_low_n": 37, "WSW_med": 0.73, "WSW_med_n": 11, "WSW_high": 0.0, "WSW_high_n": 0, "WSW_mean": 0.49, "WSW_n": 49, "W_calm": 0.0, "W_calm_n": 0, "W_low": 0.56, "W_low_n": 41, "W_med": 0.21, "W_med_n": 19, "W_high": 0.0, "W_high_n": 0, "W_mean": 0.45, "W_n": 60, "WNW_calm": 0.0, "WNW_calm_n": 0, "WNW_low": 2.8, "WNW_low_n": 5, "WNW_med": 4.0, "WNW_med_n": 2, "WNW_high": 0.0, "WNW_high_n": 0, "WNW_mean": 3.14, "WNW_n": 7, "NW_calm": 0.0, "NW_calm_n": 0, "NW_low": 0.0, "NW_low_n": 0, "NW_med": 0.0, "NW_med_n": 0, "NW_high": 0.0, "NW_high_n": 0, "NW_mean": 0, "NW_n": 0, "NNW_calm": 0.0, "NNW_calm_n": 0, "NNW_low": 0.0, "NNW_low_n": 0, "NNW_med": 0.0, "NNW_med_n": 0, "NNW_high": 0.0, "NNW_high_n": 0, "NNW_mean": 0, "NNW_n": 0, "calm_percent": 1.2}}, {"type": "Feature", "geometry": {"type": "Point", "coordinates": [-110.7499, 55.9033]}, "properties": {"N_calm": 0.0, "N_calm_n": 1, "N_low": 0.0, "N_low_n": 0, "N_med": 0.0, "N_med_n": 0, "N_high": 0.0, "N_high_n": 0, "N_mean": 0.0, "N_n": 1, "overall_mean": 0.05, "n_total": 160, "station": "Janvier", "pollutant": "Sulphur Dioxide", "period": "Last 7 Days", "start_date": "2026-10-02 20:00", "end_date": "2026-10-09 18:00", "dominant_dir": "SSE", "dominant_value": 0.67, "dominant_percent": 1.9, "NNE_calm": 0.0, "NNE_calm_n": 0, "NNE_low": 0.0, "NNE_low_n": 4, "NNE_med": 0.0, "NNE_med_n": 0, "NNE_high": 0.0, "NNE_high_n": 0, "NNE_mean": 0.0, "NNE_n": 4, "NE_calm": 0.0, "NE_calm_n": 0, "NE_low": 0.0, "NE_low_n": 1, "NE_med": 0.0, "NE_med_n": 0, "NE_high": 0.0, "NE_high_n": 0, "NE_mean": 0.0, "NE_n": 1, "ENE_calm": 0.0, "ENE_calm_n": 0, "ENE_low": 0.0, "ENE_low_n": 3, "ENE_med": 0.0, "ENE_med_n": 4, "ENE_high": 0.0, "ENE_high_n": 0, "ENE_mean": 0.0, "ENE_n": 7, "E_calm": 0.0, "E_calm_n": 0, "E_low": 0.0, "E_low_n": 0, "E_med": 0.0, "E_med_n": 1, "E_high": 0.0, "E_high_n": 0, "E_mean": 0.0, "E_n": 1, "ESE_calm": 0.0, "ESE_calm_n": 0, "ESE_low": 0.0, "ESE_low_n": 0, "ESE_med": 0.0, "ESE_med_n": 0, "ESE_high": 0.0, "ESE_high_n": 0, "ESE_mean": 0, "ESE_n": 0, "SE_calm": 0.0, "SE_calm_n": 0, "SE_low": 0.5, "SE_low_n": 2, "SE_med": 0.0, "SE_med_n": 0, "SE_high": 0.0, "SE_high_n": 0, "SE_mean": 0.5, "SE_n": 2, "SSE_calm": 0.0, "SSE_calm_n": 0, "SSE_low": 0.67, "SSE_low_n": 3, "SSE_med": 0.0, "SSE_med_n": 0, "SSE_high": 0.0, "SSE_high_n": 0, "SSE_mean": 0.67, "SSE_n": 3, "S_calm": 0.0, "S_calm_n": 0, "S_low": 0.17, "S_low_n": 6, "S_med": 0.0, "S_med_n": 1, "S_high": 0.0, "S_high_n": 0, "S_mean": 0.14, "S_n": 7, "SSW_calm": 0.0, "SSW_calm_n": 0, "SSW_low": 0.09, "SSW_low_n": 22, "SSW_med": 0.17, "SSW_med_n": 6, "SSW_high": 0.0, "SSW_high_n": 0, "SSW_mean": 0.11, "SSW_n": 28, "SW_calm": 0.0, "SW_calm_n": 1, "SW_low": 0.03, "SW_low_n": 30, "SW_med": 0.0, "SW_med_n": 17, "SW_high": 0.0, "SW_high_n": 0, "SW_mean": 0.02, "SW_n": 48, "WSW_calm": 0.0, "WSW_calm_n": 0, "WSW_low": 0.0, "WSW_low_n": 9, "WSW_med": 0.0, "WSW_med_n": 4, "WSW_high": 0.0, "WSW_high_n": 0, "WSW_mean": 0.0, "WSW_n": 13, "W_calm": 0.0, "W_calm_n": 0, "W_low": 0.0, "W_low_n": 5, "W_med": 0.0, "W_med_n": 13, "W_high": 0.0, "W_high_n": 1, "W_mean": 0.0, "W_n": 19, "WNW_calm": 0.0, "WNW_calm_n": 1, "WNW_low": 0.0, "WNW_low_n": 9, "WNW_med": 0.0, "WNW_med_n": 12, "WNW_high": 0.0, "WNW_high_n": 0, "WNW_mean": 0.0, "WNW_n": 22, "NW_calm": 0.0, "NW_calm_n": 0, "NW_low": 0.0, "NW_low_n": 1, "NW_med": 0.0, "NW_med_n": 1, "NW_high": 0.0, "NW_high_n": 0, "NW_mean": 0.0, "NW_n": 2, "NNW_calm": 0.0, "NNW_calm_n": 0, "NNW_low": 0.0, "NNW_low_n": 2, "NNW_med": 0.0, "NNW_med_n": 0, "NNW_high": 0.0, "NNW_high_n": 0, "NNW_mean": 0.0, "NNW_n": 2, "calm_percent": 1.9}}, {"type": "Feature", "geometry": {"type": "Point", "coordinates": [-111.218823, 55.461647]}, "properties": {"N_calm": 0.0, "N_calm_n": 0, "N_low": 0.0, "N_low_n": 0, "N_med": 0.0, "N_med_n": 0, "N_high": 0.0, "N_high_n": 0, "N_mean": 0, "N_n": 0, "overall_mean": 1.52, "n_total": 159, "station": "Kirby North", "pollutant": "Sulphur Dioxide", "period": "Last 7 Days", "start_date": "2026-10-02 20:00", "end_date": "2026-10-09 18:00", "dominant_dir": "W", "dominant_value": 3.79, "dominant_percent": 8.8, "NNE_calm": 0.0, "NNE_calm_n": 0, "NNE_low": 0.0, "NNE_low_n": 0, "NNE_med": 0.0, "NNE_med_n": 0, "NNE_high": 0.0, "NNE_high_n": 0, "NNE_mean": 0, "NNE_n": 0, "NE_calm": 0.0, "NE_calm_n": 0, "NE_low": 0.0, "NE_low_n": 0, "NE_med": 0.0, "NE_med_n": 0, "NE_high": 0.0, "NE_high_n": 0, "NE_mean": 0, "NE_n": 0, "ENE_calm": 0.0, "ENE_calm_n": 0, "ENE_low": 1.0, "ENE_low_n": 1, "ENE_med": 1.0, "ENE_med_n": 1, "ENE_high": 0.0, "ENE_high_n": 0, "ENE_mean": 1.0, "ENE_n": 2, "E_calm": 0.0, "E_calm_n": 0, "E_low": 1.0, "E_low_n": 1, "E_med": 1.0, "E_med_n": 8, "E_high": 0.0, "E_high_n": 0, "E_mean": 1.0, "E_n": 9, "ESE_calm": 0.0, "ESE_calm_n": 0, "ESE_low": 0.0, "ESE_low_n": 0, "ESE_med": 0.0, "ESE_med_n": 0, "ESE_high": 0.0, "ESE_high_n": 0, "ESE_mean": 0, "ESE_n": 0, "SE_calm": 0.0, "SE_calm_n": 0, "SE_low": 1.0, "SE_low_n": 3, "SE_med": 1.0, "SE_med_n": 1, "SE_high": 0.0, "SE_high_n": 0, "SE_mean": 1.0, "SE_n": 4, "SSE_calm": 0.0, "SSE_calm_n": 0, "SSE_low": 1.0, "SSE_low_n": 6, "SSE_med": 1.0, "SSE_med_n": 9, "SSE_high": 0.0, "SSE_high_n": 0, "SSE_mean": 1.0, "SSE_n": 15, "S_calm": 0.0, "S_calm_n": 0, "S_low": 1.0, "S_low_n": 9, "S_med": 1.0, "S_med_n": 5, "S_high": 0.0, "S_high_n": 0, "S_mean": 1.0, "S_n": 14, "SSW_calm": 0.0, "SSW_calm_n": 0, "SSW_low": 1.0, "SSW_low_n": 3, "SSW_med": 1.0, "SSW_med_n": 1, "SSW_high": 0.0, "SSW_high_n": 0, "SSW_mean": 1.0, "SSW_n": 4, "SW_calm": 0.0, "SW_calm_n": 0, "SW_low": 1.0, "SW_low_n": 38, "SW_med": 1.15, "SW_med_n": 27, "SW_high": 0.0, "SW_high_n": 0, "SW_mean": 1.06, "SW_n": 65, "WSW_calm": 0.0, "WSW_calm_n": 0, "WSW_low": 1.25, "WSW_low_n": 4, "WSW_med": 3.0, "WSW_med_n": 16, "WSW_high": 2.0, "WSW_high_n": 3, "WSW_mean": 2.57, "WSW_n": 23, "W_calm": 0.0, "W_calm_n": 0, "W_low": 3.78, "W_low_n": 9, "W_med": 3.8, "W_med_n": 5, "W_high": 0.0, "W_high_n": 0, "W_mean": 3.79, "W_n": 14, "WNW_calm": 0.0, "WNW_calm_n": 0, "WNW_low": 1.17, "WNW_low_n": 6, "WNW_med": 2.0, "WNW_med_n": 2, "WNW_high": 0.0, "WNW_high_n": 0, "WNW_mean": 1.38, "WNW_n": 8, "NW_calm": 0.0, "NW_calm_n": 0, "NW_low": 0.0, "NW_low_n": 0, "NW_med": 0.0, "NW_med_n": 0, "NW_high": 0.0, "NW_high_n": 0, "NW_mean": 0, "NW_n": 0, "NNW_calm": 1.0, "NNW_calm_n": 1, "NNW_low": 0.0, "NNW_low_n": 0, "NNW_med": 0.0, "NNW_med_n": 0, "NNW_high": 0.0, "NNW_high_n": 0, "NNW_mean": 1.0, "NNW_n": 1, "calm_percent": 0.6}}, {"type": "Feature", "geometry": {"type": "Point", "coordinates": [-112.778004, 53.757334]}, "properties": {"N_calm": 0.0, "N_calm_n": 0, "N_low": 0.0, "N_low_n": 0, "N_med": 0.0, "N_med_n": 0, "N_high": 0.0, "N_high_n": 0, "N_mean": 0, "N_n": 0, "overall_mean": 2.5, "n_total": 164, "station": "Lamont", "pollutant": "Sulphur Dioxide", "period": "Last 7 Days", "start_date": "2026-10-02 20:00", "end_date": "2026-10-09 18:00", "dominant_dir": "W", "dominant_value": 7.09, "dominant_percent": 28.0, "NNE_calm": 0.0, "NNE_calm_n": 0, "NNE_low": 0.0, "NNE_low_n": 0, "NNE_med": 0.0, "NNE_med_n": 0, "NNE_high": 0.0, "NNE_high_n": 0, "NNE_mean": 0, "NNE_n": 0, "NE_calm": 0.0, "NE_calm_n": 0, "NE_low": 0.0, "NE_low_n": 0, "NE_med": 0.0, "NE_med_n": 0, "NE_high": 0.0, "NE_high_n": 0, "NE_mean": 0, "NE_n": 0, "ENE_calm": 0.0, "ENE_calm_n": 0, "ENE_low": 0.0, "ENE_low_n": 0, "ENE_med": 0.0, "ENE_med_n": 0, "ENE_high": 0.0, "ENE_high_n": 0, "ENE_mean": 0, "ENE_n": 0, "E_calm": 0.0, "E_calm_n": 0, "E_low": 0.0, "E_low_n": 1, "E_med": 0.0, "E_med_n": 1, "E_high": 0.0, "E_high_n": 0, "E_mean": 0.0, "E_n": 2, "ESE_calm": 0.0, "ESE_calm_n": 0, "ESE_low": 0.0, "ESE_low_n": 1, "ESE_med": 0.0, "ESE_med_n": 8, "ESE_high": 0.0, "ESE_high_n": 0, "ESE_mean": 0.0, "ESE_n": 9, "SE_calm": 0.0, "SE_calm_n": 1, "SE_low": 0.0, "SE_low_n": 4, "SE_med": 0.0, "SE_med_n": 14, "SE_high": 0.0, "SE_high_n": 0, "SE_mean": 0.0, "SE_n": 19, "SSE_calm": 0.0, "SSE_calm_n": 0, "SSE_low": 0.0, "SSE_low_n": 6, "SSE_med": 0.0, "SSE_med_n": 2, "SSE_high": 0.0, "SSE_high_n": 5, "SSE_mean": 0.0, "SSE_n": 13, "S_calm": 0.0, "S_calm_n": 0, "S_low": 0.0, "S_low_n": 3, "S_med": 0.0, "S_med_n": 0, "S_high": 0.0, "S_high_n": 0, "S_mean": 0.0, "S_n": 3, "SSW_calm": 0.0, "SSW_calm_n": 0, "SSW_low": 0.0, "SSW_low_n": 2, "SSW_med": 0.0, "SSW_med_n": 1, "SSW_high": 0.0, "SSW_high_n": 0, "SSW_mean": 0.0, "SSW_n": 3, "SW_calm": 0.0, "SW_calm_n": 0, "SW_low": 0.83, "SW_low_n": 6, "SW_med": 0.0, "SW_med_n": 0, "SW_high": 0.0, "SW_high_n": 0, "SW_mean": 0.83, "SW_n": 6, "WSW_calm": 0.0, "WSW_calm_n": 1, "WSW_low": 1.0, "WSW_low_n": 18, "WSW_med": 1.29, "WSW_med_n": 17, "WSW_high": 0.0, "WSW_high_n": 0, "WSW_mean": 1.11, "WSW_n": 36, "W_calm": 0.0, "W_calm_n": 0, "W_low": 1.74, "W_low_n": 19, "W_med": 10.85, "W_med_n": 27, "W_high": 0.0, "W_high_n": 0, "W_mean": 7.09, "W_n": 46, "WNW_calm": 0.0, "WNW_calm_n": 1, "WNW_low": 0.36, "WNW_low_n": 11, "WNW_med": 1.88, "WNW_med_n": 8, "WNW_high": 0.0, "WNW_high_n": 0, "WNW_mean": 0.95, "WNW_n": 20, "NW_calm": 0.0, "NW_calm_n": 0, "NW_low": 2.33, "NW_low_n": 3, "NW_med": 4.33, "NW_med_n": 3, "NW_high": 0.0, "NW_high_n": 0, "NW_mean": 3.33, "NW_n": 6, "NNW_calm": 0.0, "NNW_calm_n": 0, "NNW_low": 0.0, "NNW_low_n": 0, "NNW_med": 0.0, "NNW_med_n": 1, "NNW_high": 0.0, "NNW_high_n": 0, "NNW_mean": 0.0, "NNW_n": 1, "calm_percent": 1.8}}, {"type": "Feature", "geometry": {"type": "Point", "coordinates": [-112.800586, 49.7161843]}, "properties": {"N_calm": 0.0, "N_calm_n": 1, "N_low": 0.0, "N_low_n": 0, "N_med": 0.0, "N_med_n": 0, "N_high": 0.0, "N_high_n": 0, "N_mean": 0.0, "N_n": 1, "overall_mean": 0.01, "n_total": 159, "station": "Lethbridge", "pollutant": "Sulphur Dioxide", "period": "Last 7 Days", "start_date": "2026-10-02 20:00", "end_date": "2026-10-09 17:00", "dominant_dir": "SW", "dominant_value": 0.01, "dominant_percent": 11.3, "NNE_calm": 0.0, "NNE_calm_n": 1, "NNE_low": 0.0, "NNE_low_n": 2, "NNE_med": 0.0, "NNE_med_n": 0, "NNE_high": 0.0, "NNE_high_n": 0, "NNE_mean": 0.0, "NNE_n": 3, "NE_calm": 0.0, "NE_calm_n": 1, "NE_low": 0.0, "NE_low_n": 2, "NE_med": 0.0, "NE_med_n": 0, "NE_high": 0.0, "NE_high_n": 0, "NE_mean": 0.0, "NE_n": 3, "ENE_calm": 0.0, "ENE_calm_n": 1, "ENE_low": 0.0, "ENE_low_n": 5, "ENE_med": 0.0, "ENE_med_n": 0, "ENE_high": 0.0, "ENE_high_n": 0, "ENE_mean": 0.0, "ENE_n": 6, "E_calm": 0.0, "E_calm_n": 2, "E_low": 0.0, "E_low_n": 9, "E_med": 0.0, "E_med_n": 0, "E_high": 0.0, "E_high_n": 0, "E_mean": 0.0, "E_n": 11, "ESE_calm": 0.0, "ESE_calm_n": 1, "ESE_low": 0.0, "ESE_low_n": 1, "ESE_med": 0.0, "ESE_med_n": 0, "ESE_high": 0.0, "ESE_high_n": 0, "ESE_mean": 0.0, "ESE_n": 2, "SE_calm": 0.0, "SE_calm_n": 0, "SE_low": 0.0, "SE_low_n": 9, "SE_med": 0.0, "SE_med_n": 0, "SE_high": 0.0, "SE_high_n": 0, "SE_mean": 0.0, "SE_n": 9, "SSE_calm": 0.0, "SSE_calm_n": 0, "SSE_low": 0.0, "SSE_low_n": 5, "SSE_med": 0.0, "SSE_med_n": 0, "SSE_high": 0.0, "SSE_high_n": 0, "SSE_mean": 0.0, "SSE_n": 5, "S_calm": 0.0, "S_calm_n": 0, "S_low": 0.0, "S_low_n": 4, "S_med": 0.0, "S_med_n": 0, "S_high": 0.0, "S_high_n": 0, "S_mean": 0.0, "S_n": 4, "SSW_calm": 0.0, "SSW_calm_n": 0, "SSW_low": 0.0, "SSW_low_n": 9, "SSW_med": 0.0, "SSW_med_n": 0, "SSW_high": 0.0, "SSW_high_n": 0, "SSW_mean": 0.0, "SSW_n": 9, "SW_calm": 0.0, "SW_calm_n": 1, "SW_low": 0.02, "SW_low_n": 11, "SW_med": 0.0, "SW_med_n": 6, "SW_high": 0.0, "SW_high_n": 0, "SW_mean": 0.01, "SW_n": 18, "WSW_calm": 0.0, "WSW_calm_n": 1, "WSW_low": 0.02, "WSW_low_n": 16, "WSW_med": 0.0, "WSW_med_n": 14, "WSW_high": 0.0, "WSW_high_n": 0, "WSW_mean": 0.01, "WSW_n": 31, "W_calm": 0.0, "W_calm_n": 0, "W_low": 0.01, "W_low_n": 9, "W_med": 0.01, "W_med_n": 23, "W_high": 0.0, "W_high_n": 0, "W_mean": 0.01, "W_n": 32, "WNW_calm": 0.0, "WNW_calm_n": 1, "WNW_low": 0.01, "WNW_low_n": 13, "WNW_med": 0.0, "WNW_med_n": 1, "WNW_high": 0.0, "WNW_high_n": 0, "WNW_mean": 0.01, "WNW_n": 15, "NW_calm": 0.0, "NW_calm_n": 1, "NW_low": 0.0, "NW_low_n": 2, "NW_med": 0.0, "NW_med_n": 0, "NW_high": 0.0, "NW_high_n": 0, "NW_mean": 0.0, "NW_n": 3, "NNW_calm": 0.0, "NNW_calm_n": 1, "NNW_low": 0.0, "NNW_low_n": 6, "NNW_med": 0.0, "NNW_med_n": 0, "NNW_high": 0.0, "NNW_high_n": 0, "NNW_mean": 0.0, "NNW_n": 7, "calm_percent": 7.5}}, {"type": "Feature", "geometry": {"type": "Point", "coordinates": [-111.5007492, 57.026869]}, "properties": {"N_calm": 1.0, "N_calm_n": 1, "N_low": 0.0, "N_low_n": 3, "N_med": 0.0, "N_med_n": 0, "N_high": 0.0, "N_high_n": 0, "N_mean": 0.25, "N_n": 4, "overall_mean": 1.96, "n_total": 155, "station": "Lower Camp", "pollutant": "Sulphur Dioxide", "period": "Last 7 Days", "start_date": "2026-10-02 20:00", "end_date": "2026-10-09 18:00", "dominant_dir": "NE", "dominant_value": 5.25, "dominant_percent": 2.6, "NNE_calm": 0.0, "NNE_calm_n": 5, "NNE_low": 0.0, "NNE_low_n": 1, "NNE_med": 0.0, "NNE_med_n": 0, "NNE_high": 0.0, "NNE_high_n": 0, "NNE_mean": 0.0, "NNE_n": 6, "NE_calm": 5.25, "NE_calm_n": 4, "NE_low": 0.0, "NE_low_n": 0, "NE_med": 0.0, "NE_med_n": 0, "NE_high": 0.0, "NE_high_n": 0, "NE_mean": 5.25, "NE_n": 4, "ENE_calm": 0.0, "ENE_calm_n": 3, "ENE_low": 9.5, "ENE_low_n": 2, "ENE_med": 0.0, "ENE_med_n": 0, "ENE_high": 0.0, "ENE_high_n": 0, "ENE_mean": 3.8, "ENE_n": 5, "E_calm": 2.2, "E_calm_n": 5, "E_low": 0.67, "E_low_n": 3, "E_med": 0.0, "E_med_n": 0, "E_high": 0.0, "E_high_n": 0, "E_mean": 1.62, "E_n": 8, "ESE_calm": 10.0, "ESE_calm_n": 1, "ESE_low": 0.4, "ESE_low_n": 5, "ESE_med": 0.0, "ESE_med_n": 0, "ESE_high": 0.0, "ESE_high_n": 0, "ESE_mean": 2.0, "ESE_n": 6, "SE_calm": 0.0, "SE_calm_n": 0, "SE_low": 2.86, "SE_low_n": 21, "SE_med": 0.78, "SE_med_n": 9, "SE_high": 0.0, "SE_high_n": 0, "SE_mean": 2.23, "SE_n": 30, "SSE_calm": 0.0, "SSE_calm_n": 0, "SSE_low": 1.0, "SSE_low_n": 2, "SSE_med": 1.83, "SSE_med_n": 6, "SSE_high": 0.0, "SSE_high_n": 0, "SSE_mean": 1.62, "SSE_n": 8, "S_calm": 0.0, "S_calm_n": 1, "S_low": 2.5, "S_low_n": 2, "S_med": 0.0, "S_med_n": 0, "S_high": 0.0, "S_high_n": 0, "S_mean": 1.67, "S_n": 3, "SSW_calm": 0.0, "SSW_calm_n": 1, "SSW_low": 3.0, "SSW_low_n": 1, "SSW_med": 0.0, "SSW_med_n": 0, "SSW_high": 0.0, "SSW_high_n": 0, "SSW_mean": 1.5, "SSW_n": 2, "SW_calm": 6.0, "SW_calm_n": 1, "SW_low": 5.0, "SW_low_n": 5, "SW_med": 0.0, "SW_med_n": 0, "SW_high": 0.0, "SW_high_n": 0, "SW_mean": 5.17, "SW_n": 6, "WSW_calm": 0.0, "WSW_calm_n": 0, "WSW_low": 7.8, "WSW_low_n": 5, "WSW_med": 0.33, "WSW_med_n": 3, "WSW_high": 0.0, "WSW_high_n": 0, "WSW_mean": 5.0, "WSW_n": 8, "W_calm": 0.0, "W_calm_n": 0, "W_low": 0.2, "W_low_n": 5, "W_med": 0.78, "W_med_n": 18, "W_high": 0.0, "W_high_n": 0, "W_mean": 0.65, "W_n": 23, "WNW_calm": 0.25, "WNW_calm_n": 4, "WNW_low": 0.5, "WNW_low_n": 4, "WNW_med": 5.62, "WNW_med_n": 8, "WNW_high": 0.0, "WNW_high_n": 0, "WNW_mean": 3.0, "WNW_n": 16, "NW_calm": 0.0, "NW_calm_n": 1, "NW_low": 0.0, "NW_low_n": 12, "NW_med": 3.0, "NW_med_n": 4, "NW_high": 0.0, "NW_high_n": 0, "NW_mean": 0.71, "NW_n": 17, "NNW_calm": 0.0, "NNW_calm_n": 1, "NNW_low": 0.57, "NNW_low_n": 7, "NNW_med": 0.0, "NNW_med_n": 1, "NNW_high": 0.0, "NNW_high_n": 0, "NNW_mean": 0.44, "NNW_n": 9, "calm_percent": 18.1}}, {"type": "Feature", "geometry": {"type": "Point", "coordinates": [-111.482, 56.9688]}, "properties": {"N_calm": 0.0, "N_calm_n": 0, "N_low": 1.33, "N_low_n": 6, "N_med": 0.0, "N_med_n": 0, "N_high": 0.0, "N_high_n": 0, "N_mean": 1.33, "N_n": 6, "overall_mean": 0.75, "n_total": 158, "station": "Mannix", "pollutant": "Sulphur Dioxide", "period": "Last 7 Days", "start_date": "2026-10-02 20:00", "end_date": "2026-10-09 18:00", "dominant_dir": "E", "dominant_value": 7.5, "dominant_percent": 1.3, "NNE_calm": 0.0, "NNE_calm_n": 0, "NNE_low": 2.0, "NNE_low_n": 4, "NNE_med": 0.0, "NNE_med_n": 2, "NNE_high": 0.0, "NNE_high_n": 0, "NNE_mean": 1.33, "NNE_n": 6, "NE_calm": 0.0, "NE_calm_n": 0, "NE_low": 0.0, "NE_low_n": 2, "NE_med": 0.0, "NE_med_n": 1, "NE_high": 0.0, "NE_high_n": 0, "NE_mean": 0.0, "NE_n": 3, "ENE_calm": 0.0, "ENE_calm_n": 0, "ENE_low": 0.5, "ENE_low_n": 2, "ENE_med": 0.0, "ENE_med_n": 2, "ENE_high": 0.0, "ENE_high_n": 0, "ENE_mean": 0.25, "ENE_n": 4, "E_calm": 0.0, "E_calm_n": 0, "E_low": 7.5, "E_low_n": 2, "E_med": 0.0, "E_med_n": 0, "E_high": 0.0, "E_high_n": 0, "E_mean": 7.5, "E_n": 2, "ESE_calm": 0.0, "ESE_calm_n": 0, "ESE_low": 6.0, "ESE_low_n": 5, "ESE_med": 0.0, "ESE_med_n": 0, "ESE_high": 0.0, "ESE_high_n": 0, "ESE_mean": 6.0, "ESE_n": 5, "SE_calm": 5.0, "SE_calm_n": 1, "SE_low": 4.0, "SE_low_n": 4, "SE_med": 1.0, "SE_med_n": 2, "SE_high": 0.0, "SE_high_n": 0, "SE_mean": 3.29, "SE_n": 7, "SSE_calm": 0.0, "SSE_calm_n": 0, "SSE_low": 1.89, "SSE_low_n": 9, "SSE_med": 0.6, "SSE_med_n": 10, "SSE_high": 0.0, "SSE_high_n": 0, "SSE_mean": 1.21, "SSE_n": 19, "S_calm": 0.0, "S_calm_n": 1, "S_low": 0.12, "S_low_n": 8, "S_med": 0.0, "S_med_n": 2, "S_high": 0.0, "S_high_n": 0, "S_mean": 0.09, "S_n": 11, "SSW_calm": 0.0, "SSW_calm_n": 0, "SSW_low": 0.0, "SSW_low_n": 9, "SSW_med": 0.0, "SSW_med_n": 1, "SSW_high": 0.0, "SSW_high_n": 0, "SSW_mean": 0.0, "SSW_n": 10, "SW_calm": 0.0, "SW_calm_n": 0, "SW_low": 0.29, "SW_low_n": 7, "SW_med": 0.0, "SW_med_n": 1, "SW_high": 0.0, "SW_high_n": 0, "SW_mean": 0.25, "SW_n": 8, "WSW_calm": 0.0, "WSW_calm_n": 0, "WSW_low": 0.56, "WSW_low_n": 9, "WSW_med": 0.0, "WSW_med_n": 4, "WSW_high": 0.0, "WSW_high_n": 0, "WSW_mean": 0.38, "WSW_n": 13, "W_calm": 0.0, "W_calm_n": 1, "W_low": 0.12, "W_low_n": 8, "W_med": 0.0, "W_med_n": 32, "W_high": 0.0, "W_high_n": 2, "W_mean": 0.02, "W_n": 43, "WNW_calm": 0.0, "WNW_calm_n": 0, "WNW_low": 0.0, "WNW_low_n": 2, "WNW_med": 0.08, "WNW_med_n": 13, "WNW_high": 0.0, "WNW_high_n": 0, "WNW_mean": 0.07, "WNW_n": 15, "NW_calm": 0.0, "NW_calm_n": 0, "NW_low": 0.0, "NW_low_n": 0, "NW_med": 0.5, "NW_med_n": 2, "NW_high": 0.0, "NW_high_n": 0, "NW_mean": 0.5, "NW_n": 2, "NNW_calm": 0.0, "NNW_calm_n": 0, "NNW_low": 0.0, "NNW_low_n": 4, "NNW_med": 0.0, "NNW_med_n": 0, "NNW_high": 0.0, "NNW_high_n": 0, "NNW_mean": 0.0, "NNW_n": 4, "calm_percent": 1.9}}, {"type": "Feature", "geometry": {"type": "Point", "coordinates": [-114.6361, 53.5299999]}, "properties": {"N_calm": 0.0, "N_calm_n": 0, "N_low": 0.0, "N_low_n": 4, "N_med": 0.0, "N_med_n": 0, "N_high": 0.0, "N_high_n": 0, "N_mean": 0.0, "N_n": 4, "overall_mean": 0.0, "n_total": 160, "station": "Meadows", "pollutant": "Sulphur Dioxide", "period": "Last 7 Days", "start_date": "2026-10-02 20:00", "end_date": "2026-10-09 18:00", "dominant_dir": "N", "dominant_value": 0.0, "dominant_percent": 2.5, "NNE_calm": 0.0, "NNE_calm_n": 0, "NNE_low": 0.0, "NNE_low_n": 2, "NNE_med": 0.0, "NNE_med_n": 0, "NNE_high": 0.0, "NNE_high_n": 0, "NNE_mean": 0.0, "NNE_n": 2, "NE_calm": 0.0, "NE_calm_n": 0, "NE_low": 0.0, "NE_low_n": 6, "NE_med": 0.0, "NE_med_n": 0, "NE_high": 0.0, "NE_high_n": 0, "NE_mean": 0.0, "NE_n": 6, "ENE_calm": 0.0, "ENE_calm_n": 0, "ENE_low": 0.0, "ENE_low_n": 4, "ENE_med": 0.0, "ENE_med_n": 1, "ENE_high": 0.0, "ENE_high_n": 0, "ENE_mean": 0.0, "ENE_n": 5, "E_calm": 0.0, "E_calm_n": 0, "E_low": 0.0, "E_low_n": 3, "E_med": 0.0, "E_med_n": 8, "E_high": 0.0, "E_high_n": 0, "E_mean": 0.0, "E_n": 11, "ESE_calm": 0.0, "ESE_calm_n": 1, "ESE_low": 0.0, "ESE_low_n": 9, "ESE_med": 0.0, "ESE_med_n": 10, "ESE_high": 0.0, "ESE_high_n": 0, "ESE_mean": 0.0, "ESE_n": 20, "SE_calm": 0.0, "SE_calm_n": 0, "SE_low": 0.0, "SE_low_n": 4, "SE_med": 0.0, "SE_med_n": 6, "SE_high": 0.0, "SE_high_n": 0, "SE_mean": 0.0, "SE_n": 10, "SSE_calm": 0.0, "SSE_calm_n": 1, "SSE_low": 0.0, "SSE_low_n": 1, "SSE_med": 0.0, "SSE_med_n": 0, "SSE_high": 0.0, "SSE_high_n": 0, "SSE_mean": 0.0, "SSE_n": 2, "S_calm": 0.0, "S_calm_n": 0, "S_low": 0.0, "S_low_n": 0, "S_med": 0.0, "S_med_n": 0, "S_high": 0.0, "S_high_n": 0, "S_mean": 0, "S_n": 0, "SSW_calm": 0.0, "SSW_calm_n": 0, "SSW_low": 0.0, "SSW_low_n": 4, "SSW_med": 0.0, "SSW_med_n": 2, "SSW_high": 0.0, "SSW_high_n": 0, "SSW_mean": 0.0, "SSW_n": 6, "SW_calm": 0.0, "SW_calm_n": 0, "SW_low": 0.0, "SW_low_n": 8, "SW_med": 0.0, "SW_med_n": 3, "SW_high": 0.0, "SW_high_n": 0, "SW_mean": 0.0, "SW_n": 11, "WSW_calm": 0.0, "WSW_calm_n": 1, "WSW_low": 0.0, "WSW_low_n": 24, "WSW_med": 0.0, "WSW_med_n": 5, "WSW_high": 0.0, "WSW_high_n": 0, "WSW_mean": 0.0, "WSW_n": 30, "W_calm": 0.0, "W_calm_n": 0, "W_low": 0.0, "W_low_n": 25, "W_med": 0.0, "W_med_n": 6, "W_high": 0.0, "W_high_n": 0, "W_mean": 0.0, "W_n": 31, "WNW_calm": 0.0, "WNW_calm_n": 0, "WNW_low": 0.0, "WNW_low_n": 3, "WNW_med": 0.0, "WNW_med_n": 6, "WNW_high": 0.0, "WNW_high_n": 0, "WNW_mean": 0.0, "WNW_n": 9, "NW_calm": 0.0, "NW_calm_n": 0, "NW_low": 0.0, "NW_low_n": 0, "NW_med": 0.0, "NW_med_n": 6, "NW_high": 0.0, "NW_high_n": 0, "NW_mean": 0.0, "NW_n": 6, "NNW_calm": 0.0, "NNW_calm_n": 0, "NNW_low": 0.0, "NNW_low_n": 4, "NNW_med": 0.0, "NNW_med_n": 3, "NNW_high": 0.0, "NNW_high_n": 0, "NNW_mean": 0.0, "NNW_n": 7, "calm_percent": 1.9}}, {"type": "Feature", "geometry": {"type": "Point", "coordinates": [-110.6811172, 50.0488873]}, "properties": {"N_calm": 0.0, "N_calm_n": 1, "N_low": 0.0, "N_low_n": 5, "N_med": 0.0, "N_med_n": 2, "N_high": 0.0, "N_high_n": 0, "N_mean": 0.0, "N_n": 8, "overall_mean": 0.0, "n_total": 149, "station": "Medicine Hat - Crescent Heights", "pollutant": "Sulphur Dioxide", "period": "Last 7 Days", "start_date": "2026-10-02 20:00", "end_date": "2026-10-09 17:00", "dominant_dir": "N", "dominant_value": 0.0, "dominant_percent": 5.4, "NNE_calm": 0.0, "NNE_calm_n": 1, "NNE_low": 0.0, "NNE_low_n": 8, "NNE_med": 0.0, "NNE_med_n": 1, "NNE_high": 0.0, "NNE_high_n": 0, "NNE_mean": 0.0, "NNE_n": 10, "NE_calm": 0.0, "NE_calm_n": 3, "NE_low": 0.0, "NE_low_n": 4, "NE_med": 0.0, "NE_med_n": 1, "NE_high": 0.0, "NE_high_n": 0, "NE_mean": 0.0, "NE_n": 8, "ENE_calm": 0.0, "ENE_calm_n": 0, "ENE_low": 0.0, "ENE_low_n": 6, "ENE_med": 0.0, "ENE_med_n": 0, "ENE_high": 0.0, "ENE_high_n": 0, "ENE_mean": 0.0, "ENE_n": 6, "E_calm": 0.0, "E_calm_n": 1, "E_low": 0.0, "E_low_n": 8, "E_med": 0.0, "E_med_n": 3, "E_high": 0.0, "E_high_n": 0, "E_mean": 0.0, "E_n": 12, "ESE_calm": 0.0, "ESE_calm_n": 0, "ESE_low": 0.0, "ESE_low_n": 10, "ESE_med": 0.0, "ESE_med_n": 3, "ESE_high": 0.0, "ESE_high_n": 0, "ESE_mean": 0.0, "ESE_n": 13, "SE_calm": 0.0, "SE_calm_n": 2, "SE_low": 0.0, "SE_low_n": 2, "SE_med": 0.0, "SE_med_n": 0, "SE_high": 0.0, "SE_high_n": 0, "SE_mean": 0.0, "SE_n": 4, "SSE_calm": 0.0, "SSE_calm_n": 2, "SSE_low": 0.0, "SSE_low_n": 5, "SSE_med": 0.0, "SSE_med_n": 0, "SSE_high": 0.0, "SSE_high_n": 0, "SSE_mean": 0.0, "SSE_n": 7, "S_calm": 0.0, "S_calm_n": 2, "S_low": 0.0, "S_low_n": 9, "S_med": 0.0, "S_med_n": 1, "S_high": 0.0, "S_high_n": 0, "S_mean": 0.0, "S_n": 12, "SSW_calm": 0.0, "SSW_calm_n": 0, "SSW_low": 0.0, "SSW_low_n": 8, "SSW_med": 0.0, "SSW_med_n": 6, "SSW_high": 0.0, "SSW_high_n": 0, "SSW_mean": 0.0, "SSW_n": 14, "SW_calm": 0.0, "SW_calm_n": 1, "SW_low": 0.0, "SW_low_n": 13, "SW_med": 0.0, "SW_med_n": 8, "SW_high": 0.0, "SW_high_n": 0, "SW_mean": 0.0, "SW_n": 22, "WSW_calm": 0.0, "WSW_calm_n": 0, "WSW_low": 0.0, "WSW_low_n": 7, "WSW_med": 0.0, "WSW_med_n": 6, "WSW_high": 0.0, "WSW_high_n": 0, "WSW_mean": 0.0, "WSW_n": 13, "W_calm": 0.0, "W_calm_n": 0, "W_low": 0.0, "W_low_n": 4, "W_med": 0.0, "W_med_n": 1, "W_high": 0.0, "W_high_n": 0, "W_mean": 0.0, "W_n": 5, "WNW_calm": 0.0, "WNW_calm_n": 0, "WNW_low": 0.0, "WNW_low_n": 4, "WNW_med": 0.0, "WNW_med_n": 2, "WNW_high": 0.0, "WNW_high_n": 0, "WNW_mean": 0.0, "WNW_n": 6, "NW_calm": 0.0, "NW_calm_n": 0, "NW_low": 0.0, "NW_low_n": 4, "NW_med": 0.0, "NW_med_n": 0, "NW_high": 0.0, "NW_high_n": 0, "NW_mean": 0.0, "NW_n": 4, "NNW_calm": 0.0, "NNW_calm_n": 1, "NNW_low": 0.0, "NNW_low_n": 3, "NNW_med": 0.0, "NNW_med_n": 1, "NNW_high": 0.0, "NNW_high_n": 0, "NNW_mean": 0.0, "NNW_n": 5, "calm_percent": 9.4}}, {"type": "Feature", "geometry": {"type": "Point", "coordinates": [-112.8433489, 54.9036817]}, "properties": {"N_calm": 0.0, "N_calm_n": 0, "N_low": 0.0, "N_low_n": 0, "N_med": 0.0, "N_med_n": 0, "N_high": 0.0, "N_high_n": 0, "N_mean": 0, "N_n": 0, "overall_mean": 0.01, "n_total": 160, "station": "O\u2019Morrow Station 1", "pollutant": "Sulphur Dioxide", "period": "Last 7 Days", "start_date": "2026-10-02 20:00", "end_date": "2026-10-09 18:00", "dominant_dir": "NW", "dominant_value": 0.2, "dominant_percent": 3.1, "NNE_calm": 0.0, "NNE_calm_n": 0, "NNE_low": 0.0, "NNE_low_n": 0, "NNE_med": 0.0, "NNE_med_n": 0, "NNE_high": 0.0, "NNE_high_n": 0, "NNE_mean": 0, "NNE_n": 0, "NE_calm": 0.0, "NE_calm_n": 0, "NE_low": 0.0, "NE_low_n": 0, "NE_med": 0.0, "NE_med_n": 0, "NE_high": 0.0, "NE_high_n": 0, "NE_mean": 0, "NE_n": 0, "ENE_calm": 0.0, "ENE_calm_n": 0, "ENE_low": 0.0, "ENE_low_n": 1, "ENE_med": 0.0, "ENE_med_n": 4, "ENE_high": 0.0, "ENE_high_n": 0, "ENE_mean": 0.0, "ENE_n": 5, "E_calm": 0.0, "E_calm_n": 0, "E_low": 0.0, "E_low_n": 4, "E_med": 0.0, "E_med_n": 7, "E_high": 0.0, "E_high_n": 0, "E_mean": 0.0, "E_n": 11, "ESE_calm": 0.0, "ESE_calm_n": 0, "ESE_low": 0.0, "ESE_low_n": 3, "ESE_med": 0.0, "ESE_med_n": 1, "ESE_high": 0.0, "ESE_high_n": 0, "ESE_mean": 0.0, "ESE_n": 4, "SE_calm": 0.0, "SE_calm_n": 1, "SE_low": 0.0, "SE_low_n": 5, "SE_med": 0.0, "SE_med_n": 4, "SE_high": 0.0, "SE_high_n": 0, "SE_mean": 0.0, "SE_n": 10, "SSE_calm": 0.0, "SSE_calm_n": 2, "SSE_low": 0.0, "SSE_low_n": 0, "SSE_med": 0.0, "SSE_med_n": 0, "SSE_high": 0.0, "SSE_high_n": 0, "SSE_mean": 0.0, "SSE_n": 2, "S_calm": 0.0, "S_calm_n": 1, "S_low": 0.0, "S_low_n": 3, "S_med": 0.0, "S_med_n": 0, "S_high": 0.0, "S_high_n": 0, "S_mean": 0.0, "S_n": 4, "SSW_calm": 0.0, "SSW_calm_n": 2, "SSW_low": 0.0, "SSW_low_n": 12, "SSW_med": 0.0, "SSW_med_n": 0, "SSW_high": 0.0, "SSW_high_n": 0, "SSW_mean": 0.0, "SSW_n": 14, "SW_calm": 0.0, "SW_calm_n": 0, "SW_low": 0.0, "SW_low_n": 24, "SW_med": 0.0, "SW_med_n": 5, "SW_high": 0.0, "SW_high_n": 0, "SW_mean": 0.0, "SW_n": 29, "WSW_calm": 0.0, "WSW_calm_n": 0, "WSW_low": 0.0, "WSW_low_n": 7, "WSW_med": 0.0, "WSW_med_n": 18, "WSW_high": 0.0, "WSW_high_n": 0, "WSW_mean": 0.0, "WSW_n": 25, "W_calm": 0.0, "W_calm_n": 0, "W_low": 0.0, "W_low_n": 12, "W_med": 0.0, "W_med_n": 17, "W_high": 0.0, "W_high_n": 4, "W_mean": 0.0, "W_n": 33, "WNW_calm": 0.0, "WNW_calm_n": 0, "WNW_low": 0.0, "WNW_low_n": 7, "WNW_med": 0.0, "WNW_med_n": 8, "WNW_high": 0.0, "WNW_high_n": 3, "WNW_mean": 0.0, "WNW_n": 18, "NW_calm": 0.0, "NW_calm_n": 0, "NW_low": 0.5, "NW_low_n": 2, "NW_med": 0.0, "NW_med_n": 3, "NW_high": 0.0, "NW_high_n": 0, "NW_mean": 0.2, "NW_n": 5, "NNW_calm": 0.0, "NNW_calm_n": 0, "NNW_low": 0.0, "NNW_low_n": 0, "NNW_med": 0.0, "NNW_med_n": 0, "NNW_high": 0.0, "NNW_high_n": 0, "NNW_mean": 0, "NNW_n": 0, "calm_percent": 3.8}}, {"type": "Feature", "geometry": {"type": "Point", "coordinates": [-116.769283, 56.38257]}, "properties": {"N_calm": 0.0, "N_calm_n": 0, "N_low": 0.0, "N_low_n": 0, "N_med": 0.0, "N_med_n": 0, "N_high": 0.0, "N_high_n": 0, "N_mean": 0, "N_n": 0, "overall_mean": 0.02, "n_total": 155, "station": "PRC", "pollutant": "Sulphur Dioxide", "period": "Last 7 Days", "start_date": "2026-10-02 20:00", "end_date": "2026-10-09 18:00", "dominant_dir": "WNW", "dominant_value": 0.1, "dominant_percent": 6.5, "NNE_calm": 0.0, "NNE_calm_n": 0, "NNE_low": 0.0, "NNE_low_n": 1, "NNE_med": 0.0, "NNE_med_n": 0, "NNE_high": 0.0, "NNE_high_n": 0, "NNE_mean": 0.0, "NNE_n": 1, "NE_calm": 0.0, "NE_calm_n": 0, "NE_low": 0.0, "NE_low_n": 0, "NE_med": 0.0, "NE_med_n": 0, "NE_high": 0.0, "NE_high_n": 0, "NE_mean": 0, "NE_n": 0, "ENE_calm": 0.0, "ENE_calm_n": 0, "ENE_low": 0.0, "ENE_low_n": 2, "ENE_med": 0.0, "ENE_med_n": 2, "ENE_high": 0.0, "ENE_high_n": 1, "ENE_mean": 0.0, "ENE_n": 5, "E_calm": 0.0, "E_calm_n": 0, "E_low": 0.0, "E_low_n": 1, "E_med": 0.0, "E_med_n": 8, "E_high": 0.0, "E_high_n": 3, "E_mean": 0.0, "E_n": 12, "ESE_calm": 0.0, "ESE_calm_n": 0, "ESE_low": 0.0, "ESE_low_n": 0, "ESE_med": 0.0, "ESE_med_n": 0, "ESE_high": 0.0, "ESE_high_n": 0, "ESE_mean": 0, "ESE_n": 0, "SE_calm": 0.0, "SE_calm_n": 0, "SE_low": 0.0, "SE_low_n": 2, "SE_med": 0.0, "SE_med_n": 0, "SE_high": 0.0, "SE_high_n": 0, "SE_mean": 0.0, "SE_n": 2, "SSE_calm": 0.0, "SSE_calm_n": 0, "SSE_low": 0.0, "SSE_low_n": 5, "SSE_med": 0.0, "SSE_med_n": 6, "SSE_high": 0.0, "SSE_high_n": 0, "SSE_mean": 0.0, "SSE_n": 11, "S_calm": 0.0, "S_calm_n": 0, "S_low": 0.0, "S_low_n": 5, "S_med": 0.0, "S_med_n": 0, "S_high": 0.0, "S_high_n": 0, "S_mean": 0.0, "S_n": 5, "SSW_calm": 0.0, "SSW_calm_n": 0, "SSW_low": 0.05, "SSW_low_n": 20, "SSW_med": 0.0, "SSW_med_n": 1, "SSW_high": 0.0, "SSW_high_n": 0, "SSW_mean": 0.05, "SSW_n": 21, "SW_calm": 0.0, "SW_calm_n": 1, "SW_low": 0.0, "SW_low_n": 20, "SW_med": 0.0, "SW_med_n": 10, "SW_high": 0.0, "SW_high_n": 0, "SW_mean": 0.0, "SW_n": 31, "WSW_calm": 0.0, "WSW_calm_n": 0, "WSW_low": 0.0, "WSW_low_n": 2, "WSW_med": 0.0, "WSW_med_n": 34, "WSW_high": 0.0, "WSW_high_n": 0, "WSW_mean": 0.0, "WSW_n": 36, "W_calm": 0.0, "W_calm_n": 0, "W_low": 0.0, "W_low_n": 3, "W_med": 0.07, "W_med_n": 14, "W_high": 0.0, "W_high_n": 2, "W_mean": 0.05, "W_n": 19, "WNW_calm": 0.0, "WNW_calm_n": 0, "WNW_low": 0.33, "WNW_low_n": 3, "WNW_med": 0.0, "WNW_med_n": 7, "WNW_high": 0.0, "WNW_high_n": 0, "WNW_mean": 0.1, "WNW_n": 10, "NW_calm": 0.0, "NW_calm_n": 0, "NW_low": 0.0, "NW_low_n": 0, "NW_med": 0.0, "NW_med_n": 0, "NW_high": 0.0, "NW_high_n": 0, "NW_mean": 0, "NW_n": 0, "NNW_calm": 0.0, "NNW_calm_n": 0, "NNW_low": 0.0, "NNW_low_n": 2, "NNW_med": 0.0, "NNW_med_n": 0, "NNW_high": 0.0, "NNW_high_n": 0, "NNW_mean": 0.0, "NNW_n": 2, "calm_percent": 0.6}}, {"type": "Feature", "geometry": {"type": "Point", "coordinates": [-113.793438, 52.298622]}, "properties": {"N_calm": 0.0, "N_calm_n": 1, "N_low": 0.0, "N_low_n": 4, "N_med": 0.4, "N_med_n": 5, "N_high": 0.0, "N_high_n": 0, "N_mean": 0.2, "N_n": 10, "overall_mean": 0.03, "n_total": 145, "station": "Red Deer - Riverside", "pollutant": "Sulphur Dioxide", "period": "Last 7 Days", "start_date": "2026-10-02 20:00", "end_date": "2026-10-09 18:00", "dominant_dir": "N", "dominant_value": 0.2, "dominant_percent": 6.9, "NNE_calm": 0.0, "NNE_calm_n": 3, "NNE_low": 0.14, "NNE_low_n": 7, "NNE_med": 0.0, "NNE_med_n": 0, "NNE_high": 0.0, "NNE_high_n": 0, "NNE_mean": 0.1, "NNE_n": 10, "NE_calm": 0.0, "NE_calm_n": 2, "NE_low": 0.0, "NE_low_n": 5, "NE_med": 0.0, "NE_med_n": 0, "NE_high": 0.0, "NE_high_n": 0, "NE_mean": 0.0, "NE_n": 7, "ENE_calm": 0.0, "ENE_calm_n": 0, "ENE_low": 0.0, "ENE_low_n": 2, "ENE_med": 0.0, "ENE_med_n": 0, "ENE_high": 0.0, "ENE_high_n": 0, "ENE_mean": 0.0, "ENE_n": 2, "E_calm": 0.0, "E_calm_n": 0, "E_low": 0.0, "E_low_n": 2, "E_med": 0.0, "E_med_n": 0, "E_high": 0.0, "E_high_n": 0, "E_mean": 0.0, "E_n": 2, "ESE_calm": 0.0, "ESE_calm_n": 1, "ESE_low": 0.0, "ESE_low_n": 2, "ESE_med": 0.0, "ESE_med_n": 0, "ESE_high": 0.0, "ESE_high_n": 0, "ESE_mean": 0.0, "ESE_n": 3, "SE_calm": 0.0, "SE_calm_n": 2, "SE_low": 0.0, "SE_low_n": 2, "SE_med": 0.0, "SE_med_n": 0, "SE_high": 0.0, "SE_high_n": 0, "SE_mean": 0.0, "SE_n": 4, "SSE_calm": 0.0, "SSE_calm_n": 1, "SSE_low": 0.0, "SSE_low_n": 8, "SSE_med": 0.0, "SSE_med_n": 3, "SSE_high": 0.0, "SSE_high_n": 0, "SSE_mean": 0.0, "SSE_n": 12, "S_calm": 0.0, "S_calm_n": 2, "S_low": 0.0, "S_low_n": 56, "S_med": 0.0, "S_med_n": 9, "S_high": 0.0, "S_high_n": 0, "S_mean": 0.0, "S_n": 67, "SSW_calm": 0.0, "SSW_calm_n": 2, "SSW_low": 0.0, "SSW_low_n": 5, "SSW_med": 0.0, "SSW_med_n": 0, "SSW_high": 0.0, "SSW_high_n": 0, "SSW_mean": 0.0, "SSW_n": 7, "SW_calm": 0.0, "SW_calm_n": 0, "SW_low": 0.0, "SW_low_n": 1, "SW_med": 0.0, "SW_med_n": 0, "SW_high": 0.0, "SW_high_n": 0, "SW_mean": 0.0, "SW_n": 1, "WSW_calm": 0.0, "WSW_calm_n": 1, "WSW_low": 0.0, "WSW_low_n": 1, "WSW_med": 0.0, "WSW_med_n": 0, "WSW_high": 0.0, "WSW_high_n": 0, "WSW_mean": 0.0, "WSW_n": 2, "W_calm": 0.0, "W_calm_n": 1, "W_low": 0.0, "W_low_n": 0, "W_med": 0.0, "W_med_n": 0, "W_high": 0.0, "W_high_n": 0, "W_mean": 0.0, "W_n": 1, "WNW_calm": 0.0, "WNW_calm_n": 1, "WNW_low": 0.0, "WNW_low_n": 0, "WNW_med": 0.0, "WNW_med_n": 0, "WNW_high": 0.0, "WNW_high_n": 0, "WNW_mean": 0.0, "WNW_n": 1, "NW_calm": 0.0, "NW_calm_n": 1, "NW_low": 0.33, "NW_low_n": 3, "NW_med": 0.0, "NW_med_n": 3, "NW_high": 0.0, "NW_high_n": 0, "NW_mean": 0.14, "NW_n": 7, "NNW_calm": 0.0, "NNW_calm_n": 0, "NNW_low": 0.0, "NNW_low_n": 5, "NNW_med": 0.0, "NNW_med_n": 4, "NNW_high": 0.0, "NNW_high_n": 0, "NNW_mean": 0.0, "NNW_n": 9, "calm_percent": 12.4}}, {"type": "Feature", "geometry": {"type": "Point", "coordinates": [-113.105857, 53.951834]}, "properties": {"N_calm": 0.0, "N_calm_n": 0, "N_low": 0.0, "N_low_n": 0, "N_med": 0.0, "N_med_n": 0, "N_high": 0.0, "N_high_n": 0, "N_mean": 0, "N_n": 0, "overall_mean": 0.08, "n_total": 164, "station": "Redwater", "pollutant": "Sulphur Dioxide", "period": "Last 7 Days", "start_date": "2026-10-02 20:00", "end_date": "2026-10-09 17:00", "dominant_dir": "NW", "dominant_value": 0.56, "dominant_percent": 5.5, "NNE_calm": 0.0, "NNE_calm_n": 0, "NNE_low": 0.0, "NNE_low_n": 0, "NNE_med": 0.0, "NNE_med_n": 0, "NNE_high": 0.0, "NNE_high_n": 0, "NNE_mean": 0, "NNE_n": 0, "NE_calm": 0.0, "NE_calm_n": 0, "NE_low": 0.0, "NE_low_n": 0, "NE_med": 0.0, "NE_med_n": 0, "NE_high": 0.0, "NE_high_n": 0, "NE_mean": 0, "NE_n": 0, "ENE_calm": 0.0, "ENE_calm_n": 0, "ENE_low": 0.0, "ENE_low_n": 0, "ENE_med": 0.0, "ENE_med_n": 0, "ENE_high": 0.0, "ENE_high_n": 0, "ENE_mean": 0, "ENE_n": 0, "E_calm": 0.0, "E_calm_n": 0, "E_low": 0.0, "E_low_n": 0, "E_med": 0.0, "E_med_n": 3, "E_high": 0.0, "E_high_n": 0, "E_mean": 0.0, "E_n": 3, "ESE_calm": 0.0, "ESE_calm_n": 1, "ESE_low": 0.0, "ESE_low_n": 8, "ESE_med": 0.0, "ESE_med_n": 6, "ESE_high": 0.0, "ESE_high_n": 0, "ESE_mean": 0.0, "ESE_n": 15, "SE_calm": 0.0, "SE_calm_n": 1, "SE_low": 0.0, "SE_low_n": 7, "SE_med": 0.0, "SE_med_n": 8, "SE_high": 0.0, "SE_high_n": 0, "SE_mean": 0.0, "SE_n": 16, "SSE_calm": 0.0, "SSE_calm_n": 0, "SSE_low": 0.5, "SSE_low_n": 2, "SSE_med": 0.0, "SSE_med_n": 0, "SSE_high": 0.0, "SSE_high_n": 0, "SSE_mean": 0.5, "SSE_n": 2, "S_calm": 0.0, "S_calm_n": 0, "S_low": 0.0, "S_low_n": 0, "S_med": 0.0, "S_med_n": 0, "S_high": 0.0, "S_high_n": 0, "S_mean": 0, "S_n": 0, "SSW_calm": 0.0, "SSW_calm_n": 2, "SSW_low": 0.67, "SSW_low_n": 6, "SSW_med": 0.0, "SSW_med_n": 0, "SSW_high": 0.0, "SSW_high_n": 0, "SSW_mean": 0.5, "SSW_n": 8, "SW_calm": 0.0, "SW_calm_n": 3, "SW_low": 0.0, "SW_low_n": 16, "SW_med": 0.0, "SW_med_n": 1, "SW_high": 0.0, "SW_high_n": 0, "SW_mean": 0.0, "SW_n": 20, "WSW_calm": 0.0, "WSW_calm_n": 1, "WSW_low": 0.0, "WSW_low_n": 27, "WSW_med": 0.0, "WSW_med_n": 7, "WSW_high": 0.0, "WSW_high_n": 0, "WSW_mean": 0.0, "WSW_n": 35, "W_calm": 0.0, "W_calm_n": 4, "W_low": 0.0, "W_low_n": 17, "W_med": 0.0, "W_med_n": 9, "W_high": 0.0, "W_high_n": 0, "W_mean": 0.0, "W_n": 30, "WNW_calm": 0.0, "WNW_calm_n": 2, "WNW_low": 0.07, "WNW_low_n": 14, "WNW_med": 0.0, "WNW_med_n": 6, "WNW_high": 0.0, "WNW_high_n": 0, "WNW_mean": 0.05, "WNW_n": 22, "NW_calm": 0.0, "NW_calm_n": 1, "NW_low": 0.62, "NW_low_n": 8, "NW_med": 0.0, "NW_med_n": 0, "NW_high": 0.0, "NW_high_n": 0, "NW_mean": 0.56, "NW_n": 9, "NNW_calm": 0.0, "NNW_calm_n": 1, "NNW_low": 0.0, "NNW_low_n": 2, "NNW_med": 2.0, "NNW_med_n": 1, "NNW_high": 0.0, "NNW_high_n": 0, "NNW_mean": 0.5, "NNW_n": 4, "calm_percent": 9.8}}, {"type": "Feature", "geometry": {"type": "Point", "coordinates": [-117.057, 55.87]}, "properties": {"N_calm": 0.0, "N_calm_n": 0, "N_low": 0.0, "N_low_n": 0, "N_med": 0.0, "N_med_n": 0, "N_high": 0.0, "N_high_n": 0, "N_mean": 0, "N_n": 0, "overall_mean": 0.0, "n_total": 147, "station": "Reno - PRAMP", "pollutant": "Sulphur Dioxide", "period": "Last 7 Days", "start_date": "2026-10-02 21:00", "end_date": "2026-10-09 18:00", "dominant_dir": "N", "dominant_value": 0, "dominant_percent": 0.0, "NNE_calm": 0.0, "NNE_calm_n": 0, "NNE_low": 0.0, "NNE_low_n": 1, "NNE_med": 0.0, "NNE_med_n": 7, "NNE_high": 0.0, "NNE_high_n": 1, "NNE_mean": 0.0, "NNE_n": 9, "NE_calm": 0.0, "NE_calm_n": 0, "NE_low": 0.0, "NE_low_n": 3, "NE_med": 0.0, "NE_med_n": 5, "NE_high": 0.0, "NE_high_n": 0, "NE_mean": 0.0, "NE_n": 8, "ENE_calm": 0.0, "ENE_calm_n": 0, "ENE_low": 0.0, "ENE_low_n": 1, "ENE_med": 0.0, "ENE_med_n": 3, "ENE_high": 0.0, "ENE_high_n": 0, "ENE_mean": 0.0, "ENE_n": 4, "E_calm": 0.0, "E_calm_n": 1, "E_low": 0.0, "E_low_n": 2, "E_med": 0.0, "E_med_n": 5, "E_high": 0.0, "E_high_n": 0, "E_mean": 0.0, "E_n": 8, "ESE_calm": 0.0, "ESE_calm_n": 0, "ESE_low": 0.0, "ESE_low_n": 1, "ESE_med": 0.0, "ESE_med_n": 2, "ESE_high": 0.0, "ESE_high_n": 0, "ESE_mean": 0.0, "ESE_n": 3, "SE_calm": 0.0, "SE_calm_n": 1, "SE_low": 0.0, "SE_low_n": 8, "SE_med": 0.0, "SE_med_n": 9, "SE_high": 0.0, "SE_high_n": 0, "SE_mean": 0.0, "SE_n": 18, "SSE_calm": 0.0, "SSE_calm_n": 0, "SSE_low": 0.0, "SSE_low_n": 22, "SSE_med": 0.0, "SSE_med_n": 2, "SSE_high": 0.0, "SSE_high_n": 0, "SSE_mean": 0.0, "SSE_n": 24, "S_calm": 0.0, "S_calm_n": 0, "S_low": 0.0, "S_low_n": 15, "S_med": 0.0, "S_med_n": 9, "S_high": 0.0, "S_high_n": 0, "S_mean": 0.0, "S_n": 24, "SSW_calm": 0.0, "SSW_calm_n": 0, "SSW_low": 0.0, "SSW_low_n": 13, "SSW_med": 0.0, "SSW_med_n": 6, "SSW_high": 0.0, "SSW_high_n": 0, "SSW_mean": 0.0, "SSW_n": 19, "SW_calm": 0.0, "SW_calm_n": 0, "SW_low": 0.0, "SW_low_n": 1, "SW_med": 0.0, "SW_med_n": 13, "SW_high": 0.0, "SW_high_n": 0, "SW_mean": 0.0, "SW_n": 14, "WSW_calm": 0.0, "WSW_calm_n": 0, "WSW_low": 0.0, "WSW_low_n": 2, "WSW_med": 0.0, "WSW_med_n": 4, "WSW_high": 0.0, "WSW_high_n": 10, "WSW_mean": 0.0, "WSW_n": 16, "W_calm": 0.0, "W_calm_n": 0, "W_low": 0.0, "W_low_n": 0, "W_med": 0.0, "W_med_n": 0, "W_high": 0.0, "W_high_n": 0, "W_mean": 0, "W_n": 0, "WNW_calm": 0.0, "WNW_calm_n": 0, "WNW_low": 0.0, "WNW_low_n": 0, "WNW_med": 0.0, "WNW_med_n": 0, "WNW_high": 0.0, "WNW_high_n": 0, "WNW_mean": 0, "WNW_n": 0, "NW_calm": 0.0, "NW_calm_n": 0, "NW_low": 0.0, "NW_low_n": 0, "NW_med": 0.0, "NW_med_n": 0, "NW_high": 0.0, "NW_high_n": 0, "NW_mean": 0, "NW_n": 0, "NNW_calm": 0.0, "NNW_calm_n": 0, "NNW_low": 0.0, "NNW_low_n": 0, "NNW_med": 0.0, "NNW_med_n": 0, "NNW_high": 0.0, "NNW_high_n": 0, "NNW_mean": 0, "NNW_n": 0, "calm_percent": 1.4}}, {"type": "Feature", "geometry": {"type": "Point", "coordinates": [-113.1999, 53.7162]}, "properties": {"N_calm": 0.0, "N_calm_n": 0, "N_low": 0.0, "N_low_n": 0, "N_med": 0.0, "N_med_n": 0, "N_high": 0.0, "N_high_n": 0, "N_mean": 0, "N_n": 0, "overall_mean": 0.83, "n_total": 157, "station": "Ross Creek", "pollutant": "Sulphur Dioxide", "period": "Last 7 Days", "start_date": "2026-10-02 20:00", "end_date": "2026-10-09 18:00", "dominant_dir": "NNW", "dominant_value": 2.0, "dominant_percent": 1.3, "NNE_calm": 0.0, "NNE_calm_n": 0, "NNE_low": 0.0, "NNE_low_n": 0, "NNE_med": 0.0, "NNE_med_n": 0, "NNE_high": 0.0, "NNE_high_n": 0, "NNE_mean": 0, "NNE_n": 0, "NE_calm": 1.0, "NE_calm_n": 1, "NE_low": 0.0, "NE_low_n": 0, "NE_med": 0.0, "NE_med_n": 0, "NE_high": 0.0, "NE_high_n": 0, "NE_mean": 1.0, "NE_n": 1, "ENE_calm": 0.0, "ENE_calm_n": 0, "ENE_low": 1.67, "ENE_low_n": 3, "ENE_med": 0.0, "ENE_med_n": 1, "ENE_high": 0.0, "ENE_high_n": 0, "ENE_mean": 1.25, "ENE_n": 4, "E_calm": 1.0, "E_calm_n": 1, "E_low": 0.5, "E_low_n": 4, "E_med": 0.5, "E_med_n": 6, "E_high": 0.0, "E_high_n": 0, "E_mean": 0.55, "E_n": 11, "ESE_calm": 1.0, "ESE_calm_n": 1, "ESE_low": 0.62, "ESE_low_n": 8, "ESE_med": 0.0, "ESE_med_n": 1, "ESE_high": 0.0, "ESE_high_n": 0, "ESE_mean": 0.6, "ESE_n": 10, "SE_calm": 0.0, "SE_calm_n": 1, "SE_low": 1.0, "SE_low_n": 4, "SE_med": 1.0, "SE_med_n": 5, "SE_high": 0.0, "SE_high_n": 0, "SE_mean": 0.9, "SE_n": 10, "SSE_calm": 0.0, "SSE_calm_n": 1, "SSE_low": 0.0, "SSE_low_n": 0, "SSE_med": 0.0, "SSE_med_n": 0, "SSE_high": 0.0, "SSE_high_n": 0, "SSE_mean": 0.0, "SSE_n": 1, "S_calm": 1.0, "S_calm_n": 4, "S_low": 1.83, "S_low_n": 6, "S_med": 0.0, "S_med_n": 0, "S_high": 0.0, "S_high_n": 0, "S_mean": 1.5, "S_n": 10, "SSW_calm": 1.0, "SSW_calm_n": 1, "SSW_low": 1.05, "SSW_low_n": 22, "SSW_med": 0.0, "SSW_med_n": 0, "SSW_high": 0.0, "SSW_high_n": 0, "SSW_mean": 1.04, "SSW_n": 23, "SW_calm": 0.0, "SW_calm_n": 0, "SW_low": 0.73, "SW_low_n": 37, "SW_med": 0.0, "SW_med_n": 0, "SW_high": 0.0, "SW_high_n": 0, "SW_mean": 0.73, "SW_n": 37, "WSW_calm": 1.0, "WSW_calm_n": 1, "WSW_low": 0.56, "WSW_low_n": 16, "WSW_med": 0.0, "WSW_med_n": 1, "WSW_high": 0.0, "WSW_high_n": 0, "WSW_mean": 0.56, "WSW_n": 18, "W_calm": 0.0, "W_calm_n": 0, "W_low": 0.78, "W_low_n": 18, "W_med": 0.0, "W_med_n": 1, "W_high": 0.0, "W_high_n": 0, "W_mean": 0.74, "W_n": 19, "WNW_calm": 0.0, "WNW_calm_n": 1, "WNW_low": 0.75, "WNW_low_n": 4, "WNW_med": 0.0, "WNW_med_n": 0, "WNW_high": 0.0, "WNW_high_n": 0, "WNW_mean": 0.6, "WNW_n": 5, "NW_calm": 1.0, "NW_calm_n": 2, "NW_low": 1.0, "NW_low_n": 4, "NW_med": 0.0, "NW_med_n": 0, "NW_high": 0.0, "NW_high_n": 0, "NW_mean": 1.0, "NW_n": 6, "NNW_calm": 0.0, "NNW_calm_n": 0, "NNW_low": 2.0, "NNW_low_n": 2, "NNW_med": 0.0, "NNW_med_n": 0, "NNW_high": 0.0, "NNW_high_n": 0, "NNW_mean": 2.0, "NNW_n": 2, "calm_percent": 8.9}}, {"type": "Feature", "geometry": {"type": "Point", "coordinates": [-113.027247, 53.759684]}, "properties": {"N_calm": 0.0, "N_calm_n": 0, "N_low": 0.0, "N_low_n": 0, "N_med": 0.0, "N_med_n": 0, "N_high": 0.0, "N_high_n": 0, "N_mean": 0, "N_n": 0, "overall_mean": 0.56, "n_total": 152, "station": "Scotford South", "pollutant": "Sulphur Dioxide", "period": "Last 7 Days", "start_date": "2026-10-02 20:00", "end_date": "2026-10-09 17:00", "dominant_dir": "NNW", "dominant_value": 3.0, "dominant_percent": 2.0, "NNE_calm": 0.0, "NNE_calm_n": 0, "NNE_low": 0.0, "NNE_low_n": 0, "NNE_med": 0.0, "NNE_med_n": 0, "NNE_high": 0.0, "NNE_high_n": 0, "NNE_mean": 0, "NNE_n": 0, "NE_calm": 0.0, "NE_calm_n": 0, "NE_low": 0.0, "NE_low_n": 0, "NE_med": 0.0, "NE_med_n": 0, "NE_high": 0.0, "NE_high_n": 0, "NE_mean": 0, "NE_n": 0, "ENE_calm": 0.0, "ENE_calm_n": 0, "ENE_low": 0.0, "ENE_low_n": 4, "ENE_med": 0.0, "ENE_med_n": 0, "ENE_high": 0.0, "ENE_high_n": 0, "ENE_mean": 0.0, "ENE_n": 4, "E_calm": 0.0, "E_calm_n": 0, "E_low": 0.0, "E_low_n": 3, "E_med": 0.0, "E_med_n": 5, "E_high": 0.0, "E_high_n": 0, "E_mean": 0.0, "E_n": 8, "ESE_calm": 0.0, "ESE_calm_n": 0, "ESE_low": 0.0, "ESE_low_n": 1, "ESE_med": 0.0, "ESE_med_n": 3, "ESE_high": 0.0, "ESE_high_n": 0, "ESE_mean": 0.0, "ESE_n": 4, "SE_calm": 0.0, "SE_calm_n": 0, "SE_low": 0.33, "SE_low_n": 6, "SE_med": 0.0, "SE_med_n": 11, "SE_high": 0.0, "SE_high_n": 0, "SE_mean": 0.12, "SE_n": 17, "SSE_calm": 0.0, "SSE_calm_n": 0, "SSE_low": 0.0, "SSE_low_n": 1, "SSE_med": 0.5, "SSE_med_n": 6, "SSE_high": 0.0, "SSE_high_n": 0, "SSE_mean": 0.43, "SSE_n": 7, "S_calm": 0.0, "S_calm_n": 0, "S_low": 0.44, "S_low_n": 9, "S_med": 0.0, "S_med_n": 0, "S_high": 0.0, "S_high_n": 0, "S_mean": 0.44, "S_n": 9, "SSW_calm": 0.0, "SSW_calm_n": 0, "SSW_low": 0.45, "SSW_low_n": 20, "SSW_med": 0.5, "SSW_med_n": 2, "SSW_high": 0.0, "SSW_high_n": 0, "SSW_mean": 0.45, "SSW_n": 22, "SW_calm": 0.0, "SW_calm_n": 0, "SW_low": 0.91, "SW_low_n": 11, "SW_med": 0.71, "SW_med_n": 24, "SW_high": 0.0, "SW_high_n": 0, "SW_mean": 0.77, "SW_n": 35, "WSW_calm": 0.0, "WSW_calm_n": 0, "WSW_low": 1.0, "WSW_low_n": 2, "WSW_med": 1.0, "WSW_med_n": 8, "WSW_high": 0.0, "WSW_high_n": 0, "WSW_mean": 1.0, "WSW_n": 10, "W_calm": 0.0, "W_calm_n": 0, "W_low": 4.0, "W_low_n": 1, "W_med": 0.31, "W_med_n": 13, "W_high": 0.0, "W_high_n": 0, "W_mean": 0.57, "W_n": 14, "WNW_calm": 0.0, "WNW_calm_n": 0, "WNW_low": 1.5, "WNW_low_n": 2, "WNW_med": 0.09, "WNW_med_n": 11, "WNW_high": 0.0, "WNW_high_n": 0, "WNW_mean": 0.31, "WNW_n": 13, "NW_calm": 1.0, "NW_calm_n": 1, "NW_low": 1.0, "NW_low_n": 1, "NW_med": 1.5, "NW_med_n": 4, "NW_high": 0.0, "NW_high_n": 0, "NW_mean": 1.33, "NW_n": 6, "NNW_calm": 0.0, "NNW_calm_n": 0, "NNW_low": 2.5, "NNW_low_n": 2, "NNW_med": 4.0, "NNW_med_n": 1, "NNW_high": 0.0, "NNW_high_n": 0, "NNW_mean": 3.0, "NNW_n": 3, "calm_percent": 0.7}}, {"type": "Feature", "geometry": {"type": "Point", "coordinates": [-113.32098, 53.53209]}, "properties": {"N_calm": 0.0, "N_calm_n": 0, "N_low": 0.0, "N_low_n": 2, "N_med": 0.0, "N_med_n": 0, "N_high": 0.0, "N_high_n": 0, "N_mean": 0.0, "N_n": 2, "overall_mean": 1.02, "n_total": 157, "station": "Sherwood Park", "pollutant": "Sulphur Dioxide", "period": "Last 7 Days", "start_date": "2026-10-02 20:00", "end_date": "2026-10-09 17:00", "dominant_dir": "NW", "dominant_value": 4.93, "dominant_percent": 9.6, "NNE_calm": 0.0, "NNE_calm_n": 0, "NNE_low": 0.0, "NNE_low_n": 0, "NNE_med": 0.0, "NNE_med_n": 0, "NNE_high": 0.0, "NNE_high_n": 0, "NNE_mean": 0, "NNE_n": 0, "NE_calm": 0.0, "NE_calm_n": 1, "NE_low": 0.0, "NE_low_n": 0, "NE_med": 0.0, "NE_med_n": 0, "NE_high": 0.0, "NE_high_n": 0, "NE_mean": 0.0, "NE_n": 1, "ENE_calm": 0.0, "ENE_calm_n": 0, "ENE_low": 0.0, "ENE_low_n": 1, "ENE_med": 0.0, "ENE_med_n": 0, "ENE_high": 0.0, "ENE_high_n": 0, "ENE_mean": 0.0, "ENE_n": 1, "E_calm": 0.0, "E_calm_n": 0, "E_low": 0.0, "E_low_n": 1, "E_med": 0.0, "E_med_n": 0, "E_high": 0.0, "E_high_n": 0, "E_mean": 0.0, "E_n": 1, "ESE_calm": 0.0, "ESE_calm_n": 0, "ESE_low": 0.0, "ESE_low_n": 19, "ESE_med": 0.0, "ESE_med_n": 1, "ESE_high": 0.0, "ESE_high_n": 0, "ESE_mean": 0.0, "ESE_n": 20, "SE_calm": 0.0, "SE_calm_n": 0, "SE_low": 0.0, "SE_low_n": 13, "SE_med": 0.0, "SE_med_n": 6, "SE_high": 0.0, "SE_high_n": 0, "SE_mean": 0.0, "SE_n": 19, "SSE_calm": 0.0, "SSE_calm_n": 0, "SSE_low": 0.0, "SSE_low_n": 4, "SSE_med": 0.0, "SSE_med_n": 1, "SSE_high": 0.0, "SSE_high_n": 0, "SSE_mean": 0.0, "SSE_n": 5, "S_calm": 0.0, "S_calm_n": 0, "S_low": 0.1, "S_low_n": 21, "S_med": 0.0, "S_med_n": 0, "S_high": 0.0, "S_high_n": 0, "S_mean": 0.1, "S_n": 21, "SSW_calm": 0.0, "SSW_calm_n": 0, "SSW_low": 0.19, "SSW_low_n": 27, "SSW_med": 0.0, "SSW_med_n": 0, "SSW_high": 0.0, "SSW_high_n": 0, "SSW_mean": 0.19, "SSW_n": 27, "SW_calm": 0.0, "SW_calm_n": 0, "SW_low": 0.33, "SW_low_n": 9, "SW_med": 0.0, "SW_med_n": 0, "SW_high": 0.0, "SW_high_n": 0, "SW_mean": 0.33, "SW_n": 9, "WSW_calm": 1.0, "WSW_calm_n": 1, "WSW_low": 0.75, "WSW_low_n": 4, "WSW_med": 0.0, "WSW_med_n": 0, "WSW_high": 0.0, "WSW_high_n": 0, "WSW_mean": 0.8, "WSW_n": 5, "W_calm": 0.0, "W_calm_n": 0, "W_low": 0.64, "W_low_n": 11, "W_med": 1.0, "W_med_n": 1, "W_high": 0.0, "W_high_n": 0, "W_mean": 0.67, "W_n": 12, "WNW_calm": 0.0, "WNW_calm_n": 0, "WNW_low": 4.0, "WNW_low_n": 15, "WNW_med": 0.0, "WNW_med_n": 0, "WNW_high": 0.0, "WNW_high_n": 0, "WNW_mean": 4.0, "WNW_n": 15, "NW_calm": 0.0, "NW_calm_n": 0, "NW_low": 4.18, "NW_low_n": 11, "NW_med": 7.0, "NW_med_n": 4, "NW_high": 0.0, "NW_high_n": 0, "NW_mean": 4.93, "NW_n": 15, "NNW_calm": 0.0, "NNW_calm_n": 0, "NNW_low": 1.0, "NNW_low_n": 3, "NNW_med": 1.0, "NNW_med_n": 1, "NNW_high": 0.0, "NNW_high_n": 0, "NNW_mean": 1.0, "NNW_n": 4, "calm_percent": 1.3}}, {"type": "Feature", "geometry": {"type": "Point", "coordinates": [-118.275, 55.405]}, "properties": {"N_calm": 0.67, "N_calm_n": 3, "N_low": 0.5, "N_low_n": 2, "N_med": 0.0, "N_med_n": 1, "N_high": 0.0, "N_high_n": 0, "N_mean": 0.5, "N_n": 6, "overall_mean": 0.59, "n_total": 160, "station": "Smoky Heights", "pollutant": "Sulphur Dioxide", "period": "Last 7 Days", "start_date": "2026-10-02 20:00", "end_date": "2026-10-09 18:00", "dominant_dir": "E", "dominant_value": 1.0, "dominant_percent": 0.6, "NNE_calm": 0.0, "NNE_calm_n": 1, "NNE_low": 0.0, "NNE_low_n": 8, "NNE_med": 0.0, "NNE_med_n": 6, "NNE_high": 0.0, "NNE_high_n": 0, "NNE_mean": 0.0, "NNE_n": 15, "NE_calm": 0.0, "NE_calm_n": 0, "NE_low": 0.25, "NE_low_n": 4, "NE_med": 0.0, "NE_med_n": 0, "NE_high": 0.0, "NE_high_n": 0, "NE_mean": 0.25, "NE_n": 4, "ENE_calm": 0.0, "ENE_calm_n": 1, "ENE_low": 0.0, "ENE_low_n": 1, "ENE_med": 0.0, "ENE_med_n": 0, "ENE_high": 0.0, "ENE_high_n": 0, "ENE_mean": 0.0, "ENE_n": 2, "E_calm": 0.0, "E_calm_n": 0, "E_low": 1.0, "E_low_n": 1, "E_med": 0.0, "E_med_n": 0, "E_high": 0.0, "E_high_n": 0, "E_mean": 1.0, "E_n": 1, "ESE_calm": 0.0, "ESE_calm_n": 0, "ESE_low": 0.5, "ESE_low_n": 2, "ESE_med": 0.0, "ESE_med_n": 0, "ESE_high": 0.0, "ESE_high_n": 0, "ESE_mean": 0.5, "ESE_n": 2, "SE_calm": 0.0, "SE_calm_n": 0, "SE_low": 0.0, "SE_low_n": 0, "SE_med": 0.0, "SE_med_n": 0, "SE_high": 0.0, "SE_high_n": 0, "SE_mean": 0, "SE_n": 0, "SSE_calm": 1.0, "SSE_calm_n": 1, "SSE_low": 0.0, "SSE_low_n": 0, "SSE_med": 0.0, "SSE_med_n": 0, "SSE_high": 0.0, "SSE_high_n": 0, "SSE_mean": 1.0, "SSE_n": 1, "S_calm": 0.0, "S_calm_n": 0, "S_low": 1.0, "S_low_n": 1, "S_med": 0.0, "S_med_n": 3, "S_high": 0.0, "S_high_n": 0, "S_mean": 0.25, "S_n": 4, "SSW_calm": 0.0, "SSW_calm_n": 0, "SSW_low": 0.5, "SSW_low_n": 8, "SSW_med": 1.0, "SSW_med_n": 1, "SSW_high": 0.0, "SSW_high_n": 0, "SSW_mean": 0.56, "SSW_n": 9, "SW_calm": 0.0, "SW_calm_n": 0, "SW_low": 0.82, "SW_low_n": 11, "SW_med": 0.73, "SW_med_n": 11, "SW_high": 0.0, "SW_high_n": 0, "SW_mean": 0.77, "SW_n": 22, "WSW_calm": 1.0, "WSW_calm_n": 1, "WSW_low": 0.75, "WSW_low_n": 8, "WSW_med": 0.85, "WSW_med_n": 27, "WSW_high": 0.57, "WSW_high_n": 7, "WSW_mean": 0.79, "WSW_n": 43, "W_calm": 0.0, "W_calm_n": 1, "W_low": 0.62, "W_low_n": 8, "W_med": 0.87, "W_med_n": 23, "W_high": 0.4, "W_high_n": 10, "W_mean": 0.69, "W_n": 42, "WNW_calm": 0.0, "WNW_calm_n": 1, "WNW_low": 0.0, "WNW_low_n": 2, "WNW_med": 0.5, "WNW_med_n": 2, "WNW_high": 0.0, "WNW_high_n": 0, "WNW_mean": 0.2, "WNW_n": 5, "NW_calm": 0.0, "NW_calm_n": 1, "NW_low": 1.0, "NW_low_n": 1, "NW_med": 0.0, "NW_med_n": 0, "NW_high": 0.0, "NW_high_n": 0, "NW_mean": 0.5, "NW_n": 2, "NNW_calm": 0.0, "NNW_calm_n": 0, "NNW_low": 0.0, "NNW_low_n": 2, "NNW_med": 0.0, "NNW_med_n": 0, "NNW_high": 0.0, "NNW_high_n": 0, "NNW_mean": 0.0, "NNW_n": 2, "calm_percent": 6.2}}, {"type": "Feature", "geometry": {"type": "Point", "coordinates": [-113.237639, 53.682364]}, "properties": {"N_calm": 0.0, "N_calm_n": 0, "N_low": 0.0, "N_low_n": 0, "N_med": 0.0, "N_med_n": 0, "N_high": 0.0, "N_high_n": 0, "N_mean": 0, "N_n": 0, "overall_mean": 0.26, "n_total": 160, "station": "Southfort", "pollutant": "Sulphur Dioxide", "period": "Last 7 Days", "start_date": "2026-10-02 20:00", "end_date": "2026-10-09 18:00", "dominant_dir": "SSW", "dominant_value": 1.5, "dominant_percent": 3.8, "NNE_calm": 0.0, "NNE_calm_n": 1, "NNE_low": 0.0, "NNE_low_n": 0, "NNE_med": 0.0, "NNE_med_n": 0, "NNE_high": 0.0, "NNE_high_n": 0, "NNE_mean": 0.0, "NNE_n": 1, "NE_calm": 0.0, "NE_calm_n": 0, "NE_low": 0.0, "NE_low_n": 2, "NE_med": 0.0, "NE_med_n": 0, "NE_high": 0.0, "NE_high_n": 0, "NE_mean": 0.0, "NE_n": 2, "ENE_calm": 0.0, "ENE_calm_n": 0, "ENE_low": 0.0, "ENE_low_n": 7, "ENE_med": 0.0, "ENE_med_n": 0, "ENE_high": 0.0, "ENE_high_n": 0, "ENE_mean": 0.0, "ENE_n": 7, "E_calm": 0.0, "E_calm_n": 0, "E_low": 0.0, "E_low_n": 4, "E_med": 0.0, "E_med_n": 6, "E_high": 0.0, "E_high_n": 0, "E_mean": 0.0, "E_n": 10, "ESE_calm": 0.0, "ESE_calm_n": 0, "ESE_low": 0.0, "ESE_low_n": 3, "ESE_med": 0.0, "ESE_med_n": 2, "ESE_high": 0.0, "ESE_high_n": 0, "ESE_mean": 0.0, "ESE_n": 5, "SE_calm": 0.0, "SE_calm_n": 0, "SE_low": 0.0, "SE_low_n": 5, "SE_med": 0.0, "SE_med_n": 2, "SE_high": 0.0, "SE_high_n": 0, "SE_mean": 0.0, "SE_n": 7, "SSE_calm": 0.0, "SSE_calm_n": 0, "SSE_low": 0.0, "SSE_low_n": 0, "SSE_med": 0.0, "SSE_med_n": 6, "SSE_high": 0.0, "SSE_high_n": 0, "SSE_mean": 0.0, "SSE_n": 6, "S_calm": 0.0, "S_calm_n": 0, "S_low": 0.0, "S_low_n": 4, "S_med": 0.0, "S_med_n": 0, "S_high": 0.0, "S_high_n": 0, "S_mean": 0.0, "S_n": 4, "SSW_calm": 0.0, "SSW_calm_n": 0, "SSW_low": 1.5, "SSW_low_n": 6, "SSW_med": 0.0, "SSW_med_n": 0, "SSW_high": 0.0, "SSW_high_n": 0, "SSW_mean": 1.5, "SSW_n": 6, "SW_calm": 0.0, "SW_calm_n": 0, "SW_low": 0.74, "SW_low_n": 34, "SW_med": 1.0, "SW_med_n": 2, "SW_high": 0.0, "SW_high_n": 0, "SW_mean": 0.75, "SW_n": 36, "WSW_calm": 0.0, "WSW_calm_n": 0, "WSW_low": 0.04, "WSW_low_n": 27, "WSW_med": 0.0, "WSW_med_n": 0, "WSW_high": 0.0, "WSW_high_n": 0, "WSW_mean": 0.04, "WSW_n": 27, "W_calm": 0.0, "W_calm_n": 0, "W_low": 0.0, "W_low_n": 18, "W_med": 0.0, "W_med_n": 7, "W_high": 0.0, "W_high_n": 0, "W_mean": 0.0, "W_n": 25, "WNW_calm": 0.0, "WNW_calm_n": 0, "WNW_low": 0.0, "WNW_low_n": 5, "WNW_med": 0.0, "WNW_med_n": 8, "WNW_high": 0.0, "WNW_high_n": 0, "WNW_mean": 0.0, "WNW_n": 13, "NW_calm": 0.0, "NW_calm_n": 1, "NW_low": 0.33, "NW_low_n": 3, "NW_med": 0.0, "NW_med_n": 2, "NW_high": 0.0, "NW_high_n": 0, "NW_mean": 0.17, "NW_n": 6, "NNW_calm": 0.0, "NNW_calm_n": 0, "NNW_low": 1.0, "NNW_low_n": 4, "NNW_med": 0.0, "NNW_med_n": 1, "NNW_high": 0.0, "NNW_high_n": 0, "NNW_mean": 0.8, "NNW_n": 5, "calm_percent": 1.2}}, {"type": "Feature", "geometry": {"type": "Point", "coordinates": [-113.6119166, 53.6269722]}, "properties": {"N_calm": 0.0, "N_calm_n": 0, "N_low": 0.5, "N_low_n": 2, "N_med": 0.0, "N_med_n": 0, "N_high": 0.0, "N_high_n": 0, "N_mean": 0.5, "N_n": 2, "overall_mean": 0.45, "n_total": 150, "station": "St. Albert", "pollutant": "Sulphur Dioxide", "period": "Last 7 Days", "start_date": "2026-10-02 20:00", "end_date": "2026-10-09 17:00", "dominant_dir": "E", "dominant_value": 0.85, "dominant_percent": 8.7, "NNE_calm": 0.0, "NNE_calm_n": 1, "NNE_low": 0.0, "NNE_low_n": 1, "NNE_med": 0.0, "NNE_med_n": 0, "NNE_high": 0.0, "NNE_high_n": 0, "NNE_mean": 0.0, "NNE_n": 2, "NE_calm": 0.0, "NE_calm_n": 0, "NE_low": 0.2, "NE_low_n": 5, "NE_med": 0.0, "NE_med_n": 0, "NE_high": 0.0, "NE_high_n": 0, "NE_mean": 0.2, "NE_n": 5, "ENE_calm": 0.0, "ENE_calm_n": 0, "ENE_low": 0.71, "ENE_low_n": 7, "ENE_med": 0.0, "ENE_med_n": 0, "ENE_high": 0.0, "ENE_high_n": 0, "ENE_mean": 0.71, "ENE_n": 7, "E_calm": 1.0, "E_calm_n": 1, "E_low": 0.83, "E_low_n": 12, "E_med": 0.0, "E_med_n": 0, "E_high": 0.0, "E_high_n": 0, "E_mean": 0.85, "E_n": 13, "ESE_calm": 0.0, "ESE_calm_n": 0, "ESE_low": 0.5, "ESE_low_n": 4, "ESE_med": 0.0, "ESE_med_n": 1, "ESE_high": 0.0, "ESE_high_n": 0, "ESE_mean": 0.4, "ESE_n": 5, "SE_calm": 0.0, "SE_calm_n": 0, "SE_low": 0.75, "SE_low_n": 4, "SE_med": 0.8, "SE_med_n": 5, "SE_high": 0.0, "SE_high_n": 0, "SE_mean": 0.78, "SE_n": 9, "SSE_calm": 0.0, "SSE_calm_n": 1, "SSE_low": 0.5, "SSE_low_n": 6, "SSE_med": 0.0, "SSE_med_n": 0, "SSE_high": 0.0, "SSE_high_n": 0, "SSE_mean": 0.43, "SSE_n": 7, "S_calm": 0.0, "S_calm_n": 0, "S_low": 0.5, "S_low_n": 2, "S_med": 0.0, "S_med_n": 0, "S_high": 0.0, "S_high_n": 0, "S_mean": 0.5, "S_n": 2, "SSW_calm": 0.0, "SSW_calm_n": 0, "SSW_low": 0.6, "SSW_low_n": 10, "SSW_med": 0.0, "SSW_med_n": 1, "SSW_high": 0.0, "SSW_high_n": 0, "SSW_mean": 0.55, "SSW_n": 11, "SW_calm": 0.0, "SW_calm_n": 0, "SW_low": 0.27, "SW_low_n": 30, "SW_med": 0.0, "SW_med_n": 1, "SW_high": 0.0, "SW_high_n": 0, "SW_mean": 0.26, "SW_n": 31, "WSW_calm": 0.0, "WSW_calm_n": 0, "WSW_low": 0.25, "WSW_low_n": 24, "WSW_med": 1.0, "WSW_med_n": 1, "WSW_high": 0.0, "WSW_high_n": 0, "WSW_mean": 0.28, "WSW_n": 25, "W_calm": 0.0, "W_calm_n": 0, "W_low": 0.6, "W_low_n": 10, "W_med": 0.0, "W_med_n": 2, "W_high": 0.0, "W_high_n": 0, "W_mean": 0.5, "W_n": 12, "WNW_calm": 0.0, "WNW_calm_n": 0, "WNW_low": 0.5, "WNW_low_n": 6, "WNW_med": 0.33, "WNW_med_n": 6, "WNW_high": 0.0, "WNW_high_n": 0, "WNW_mean": 0.42, "WNW_n": 12, "NW_calm": 0.0, "NW_calm_n": 0, "NW_low": 0.5, "NW_low_n": 2, "NW_med": 1.0, "NW_med_n": 2, "NW_high": 0.0, "NW_high_n": 0, "NW_mean": 0.75, "NW_n": 4, "NNW_calm": 0.0, "NNW_calm_n": 0, "NNW_low": 0.0, "NNW_low_n": 2, "NNW_med": 1.0, "NNW_med_n": 1, "NNW_high": 0.0, "NNW_high_n": 0, "NNW_mean": 0.33, "NNW_n": 3, "calm_percent": 2.0}}, {"type": "Feature", "geometry": {"type": "Point", "coordinates": [-111.5026, 54.2165]}, "properties": {"N_calm": 0.0, "N_calm_n": 0, "N_low": 0.0, "N_low_n": 2, "N_med": 0.0, "N_med_n": 0, "N_high": 0.0, "N_high_n": 0, "N_mean": 0.0, "N_n": 2, "overall_mean": 0.01, "n_total": 159, "station": "St. Lina", "pollutant": "Sulphur Dioxide", "period": "Last 7 Days", "start_date": "2026-10-02 20:00", "end_date": "2026-10-09 18:00", "dominant_dir": "W", "dominant_value": 0.02, "dominant_percent": 31.4, "NNE_calm": 0.0, "NNE_calm_n": 0, "NNE_low": 0.0, "NNE_low_n": 4, "NNE_med": 0.0, "NNE_med_n": 0, "NNE_high": 0.0, "NNE_high_n": 0, "NNE_mean": 0.0, "NNE_n": 4, "NE_calm": 0.0, "NE_calm_n": 0, "NE_low": 0.0, "NE_low_n": 1, "NE_med": 0.0, "NE_med_n": 0, "NE_high": 0.0, "NE_high_n": 0, "NE_mean": 0.0, "NE_n": 1, "ENE_calm": 0.0, "ENE_calm_n": 0, "ENE_low": 0.0, "ENE_low_n": 0, "ENE_med": 0.0, "ENE_med_n": 0, "ENE_high": 0.0, "ENE_high_n": 0, "ENE_mean": 0, "ENE_n": 0, "E_calm": 0.0, "E_calm_n": 0, "E_low": 0.0, "E_low_n": 0, "E_med": 0.0, "E_med_n": 6, "E_high": 0.0, "E_high_n": 0, "E_mean": 0.0, "E_n": 6, "ESE_calm": 0.0, "ESE_calm_n": 0, "ESE_low": 0.0, "ESE_low_n": 1, "ESE_med": 0.0, "ESE_med_n": 4, "ESE_high": 0.0, "ESE_high_n": 0, "ESE_mean": 0.0, "ESE_n": 5, "SE_calm": 0.0, "SE_calm_n": 0, "SE_low": 0.0, "SE_low_n": 2, "SE_med": 0.0, "SE_med_n": 4, "SE_high": 0.0, "SE_high_n": 0, "SE_mean": 0.0, "SE_n": 6, "SSE_calm": 0.0, "SSE_calm_n": 0, "SSE_low": 0.0, "SSE_low_n": 2, "SSE_med": 0.0, "SSE_med_n": 4, "SSE_high": 0.0, "SSE_high_n": 0, "SSE_mean": 0.0, "SSE_n": 6, "S_calm": 0.0, "S_calm_n": 0, "S_low": 0.0, "S_low_n": 3, "S_med": 0.0, "S_med_n": 5, "S_high": 0.0, "S_high_n": 0, "S_mean": 0.0, "S_n": 8, "SSW_calm": 0.0, "SSW_calm_n": 0, "SSW_low": 0.0, "SSW_low_n": 3, "SSW_med": 0.0, "SSW_med_n": 1, "SSW_high": 0.0, "SSW_high_n": 0, "SSW_mean": 0.0, "SSW_n": 4, "SW_calm": 0.0, "SW_calm_n": 0, "SW_low": 0.0, "SW_low_n": 2, "SW_med": 0.0, "SW_med_n": 0, "SW_high": 0.0, "SW_high_n": 0, "SW_mean": 0.0, "SW_n": 2, "WSW_calm": 0.0, "WSW_calm_n": 0, "WSW_low": 0.0, "WSW_low_n": 5, "WSW_med": 0.0, "WSW_med_n": 0, "WSW_high": 0.0, "WSW_high_n": 0, "WSW_mean": 0.0, "WSW_n": 5, "W_calm": 0.0, "W_calm_n": 0, "W_low": 0.0, "W_low_n": 14, "W_med": 0.03, "W_med_n": 35, "W_high": 0.0, "W_high_n": 1, "W_mean": 0.02, "W_n": 50, "WNW_calm": 0.0, "WNW_calm_n": 0, "WNW_low": 0.0, "WNW_low_n": 13, "WNW_med": 0.0, "WNW_med_n": 26, "WNW_high": 0.0, "WNW_high_n": 0, "WNW_mean": 0.0, "WNW_n": 39, "NW_calm": 0.0, "NW_calm_n": 0, "NW_low": 0.0, "NW_low_n": 12, "NW_med": 0.0, "NW_med_n": 6, "NW_high": 0.0, "NW_high_n": 0, "NW_mean": 0.0, "NW_n": 18, "NNW_calm": 0.0, "NNW_calm_n": 0, "NNW_low": 0.0, "NNW_low_n": 2, "NNW_med": 0.0, "NNW_med_n": 1, "NNW_high": 0.0, "NNW_high_n": 0, "NNW_mean": 0.0, "NNW_n": 3, "calm_percent": 0.0}}, {"type": "Feature", "geometry": {"type": "Point", "coordinates": [-117.091111, 53.1325]}, "properties": {"N_calm": 0.0, "N_calm_n": 0, "N_low": 0.0, "N_low_n": 3, "N_med": 0.0, "N_med_n": 0, "N_high": 0.0, "N_high_n": 0, "N_mean": 0.0, "N_n": 3, "overall_mean": 0.0, "n_total": 152, "station": "Steeper", "pollutant": "Sulphur Dioxide", "period": "Last 7 Days", "start_date": "2026-10-02 20:00", "end_date": "2026-10-09 18:00", "dominant_dir": "N", "dominant_value": 0.0, "dominant_percent": 2.0, "NNE_calm": 0.0, "NNE_calm_n": 0, "NNE_low": 0.0, "NNE_low_n": 11, "NNE_med": 0.0, "NNE_med_n": 0, "NNE_high": 0.0, "NNE_high_n": 0, "NNE_mean": 0.0, "NNE_n": 11, "NE_calm": 0.0, "NE_calm_n": 6, "NE_low": 0.0, "NE_low_n": 17, "NE_med": 0.0, "NE_med_n": 0, "NE_high": 0.0, "NE_high_n": 0, "NE_mean": 0.0, "NE_n": 23, "ENE_calm": 0.0, "ENE_calm_n": 1, "ENE_low": 0.0, "ENE_low_n": 3, "ENE_med": 0.0, "ENE_med_n": 0, "ENE_high": 0.0, "ENE_high_n": 0, "ENE_mean": 0.0, "ENE_n": 4, "E_calm": 0.0, "E_calm_n": 2, "E_low": 0.0, "E_low_n": 1, "E_med": 0.0, "E_med_n": 0, "E_high": 0.0, "E_high_n": 0, "E_mean": 0.0, "E_n": 3, "ESE_calm": 0.0, "ESE_calm_n": 1, "ESE_low": 0.0, "ESE_low_n": 1, "ESE_med": 0.0, "ESE_med_n": 0, "ESE_high": 0.0, "ESE_high_n": 0, "ESE_mean": 0.0, "ESE_n": 2, "SE_calm": 0.0, "SE_calm_n": 0, "SE_low": 0.0, "SE_low_n": 0, "SE_med": 0.0, "SE_med_n": 0, "SE_high": 0.0, "SE_high_n": 0, "SE_mean": 0, "SE_n": 0, "SSE_calm": 0.0, "SSE_calm_n": 1, "SSE_low": 0.0, "SSE_low_n": 4, "SSE_med": 0.0, "SSE_med_n": 0, "SSE_high": 0.0, "SSE_high_n": 0, "SSE_mean": 0.0, "SSE_n": 5, "S_calm": 0.0, "S_calm_n": 1, "S_low": 0.0, "S_low_n": 14, "S_med": 0.0, "S_med_n": 0, "S_high": 0.0, "S_high_n": 0, "S_mean": 0.0, "S_n": 15, "SSW_calm": 0.0, "SSW_calm_n": 1, "SSW_low": 0.0, "SSW_low_n": 45, "SSW_med": 0.0, "SSW_med_n": 0, "SSW_high": 0.0, "SSW_high_n": 0, "SSW_mean": 0.0, "SSW_n": 46, "SW_calm": 0.0, "SW_calm_n": 1, "SW_low": 0.0, "SW_low_n": 11, "SW_med": 0.0, "SW_med_n": 8, "SW_high": 0.0, "SW_high_n": 0, "SW_mean": 0.0, "SW_n": 20, "WSW_calm": 0.0, "WSW_calm_n": 0, "WSW_low": 0.0, "WSW_low_n": 2, "WSW_med": 0.0, "WSW_med_n": 7, "WSW_high": 0.0, "WSW_high_n": 0, "WSW_mean": 0.0, "WSW_n": 9, "W_calm": 0.0, "W_calm_n": 2, "W_low": 0.0, "W_low_n": 2, "W_med": 0.0, "W_med_n": 0, "W_high": 0.0, "W_high_n": 0, "W_mean": 0.0, "W_n": 4, "WNW_calm": 0.0, "WNW_calm_n": 0, "WNW_low": 0.0, "WNW_low_n": 2, "WNW_med": 0.0, "WNW_med_n": 0, "WNW_high": 0.0, "WNW_high_n": 0, "WNW_mean": 0.0, "WNW_n": 2, "NW_calm": 0.0, "NW_calm_n": 0, "NW_low": 0.0, "NW_low_n": 2, "NW_med": 0.0, "NW_med_n": 0, "NW_high": 0.0, "NW_high_n": 0, "NW_mean": 0.0, "NW_n": 2, "NNW_calm": 0.0, "NNW_calm_n": 0, "NNW_low": 0.0, "NNW_low_n": 3, "NNW_med": 0.0, "NNW_med_n": 0, "NNW_high": 0.0, "NNW_high_n": 0, "NNW_mean": 0.0, "NNW_n": 3, "calm_percent": 10.5}}, {"type": "Feature", "geometry": {"type": "Point", "coordinates": [-111.17269, 55.62141]}, "properties": {"N_calm": 0.0, "N_calm_n": 0, "N_low": 0.0, "N_low_n": 1, "N_med": 0.0, "N_med_n": 0, "N_high": 0.0, "N_high_n": 0, "N_mean": 0.0, "N_n": 1, "overall_mean": 0.13, "n_total": 156, "station": "Stony Mountain", "pollutant": "Sulphur Dioxide", "period": "Last 7 Days", "start_date": "2026-10-02 20:00", "end_date": "2026-10-09 18:00", "dominant_dir": "SE", "dominant_value": 1.0, "dominant_percent": 1.3, "NNE_calm": 0.0, "NNE_calm_n": 0, "NNE_low": 0.0, "NNE_low_n": 0, "NNE_med": 0.0, "NNE_med_n": 0, "NNE_high": 0.0, "NNE_high_n": 0, "NNE_mean": 0, "NNE_n": 0, "NE_calm": 0.0, "NE_calm_n": 0, "NE_low": 0.0, "NE_low_n": 0, "NE_med": 0.0, "NE_med_n": 0, "NE_high": 0.0, "NE_high_n": 0, "NE_mean": 0, "NE_n": 0, "ENE_calm": 0.0, "ENE_calm_n": 0, "ENE_low": 0.0, "ENE_low_n": 0, "ENE_med": 0.0, "ENE_med_n": 0, "ENE_high": 0.0, "ENE_high_n": 0, "ENE_mean": 0, "ENE_n": 0, "E_calm": 0.0, "E_calm_n": 0, "E_low": 0.0, "E_low_n": 0, "E_med": 0.0, "E_med_n": 8, "E_high": 0.0, "E_high_n": 0, "E_mean": 0.0, "E_n": 8, "ESE_calm": 0.0, "ESE_calm_n": 0, "ESE_low": 0.0, "ESE_low_n": 1, "ESE_med": 0.0, "ESE_med_n": 0, "ESE_high": 0.0, "ESE_high_n": 0, "ESE_mean": 0.0, "ESE_n": 1, "SE_calm": 0.0, "SE_calm_n": 0, "SE_low": 1.0, "SE_low_n": 2, "SE_med": 0.0, "SE_med_n": 0, "SE_high": 0.0, "SE_high_n": 0, "SE_mean": 1.0, "SE_n": 2, "SSE_calm": 0.0, "SSE_calm_n": 0, "SSE_low": 0.5, "SSE_low_n": 2, "SSE_med": 0.33, "SSE_med_n": 6, "SSE_high": 0.0, "SSE_high_n": 0, "SSE_mean": 0.38, "SSE_n": 8, "S_calm": 0.0, "S_calm_n": 0, "S_low": 0.33, "S_low_n": 6, "S_med": 0.43, "S_med_n": 7, "S_high": 0.0, "S_high_n": 0, "S_mean": 0.38, "S_n": 13, "SSW_calm": 0.0, "SSW_calm_n": 0, "SSW_low": 0.0, "SSW_low_n": 4, "SSW_med": 0.5, "SSW_med_n": 2, "SSW_high": 0.0, "SSW_high_n": 0, "SSW_mean": 0.17, "SSW_n": 6, "SW_calm": 0.0, "SW_calm_n": 0, "SW_low": 0.4, "SW_low_n": 5, "SW_med": 0.0, "SW_med_n": 4, "SW_high": 0.0, "SW_high_n": 0, "SW_mean": 0.22, "SW_n": 9, "WSW_calm": 0.0, "WSW_calm_n": 0, "WSW_low": 0.1, "WSW_low_n": 10, "WSW_med": 0.0, "WSW_med_n": 14, "WSW_high": 0.0, "WSW_high_n": 0, "WSW_mean": 0.04, "WSW_n": 24, "W_calm": 0.0, "W_calm_n": 0, "W_low": 0.09, "W_low_n": 11, "W_med": 0.0, "W_med_n": 37, "W_high": 0.0, "W_high_n": 0, "W_mean": 0.02, "W_n": 48, "WNW_calm": 0.0, "WNW_calm_n": 0, "WNW_low": 0.27, "WNW_low_n": 11, "WNW_med": 0.08, "WNW_med_n": 24, "WNW_high": 0.0, "WNW_high_n": 0, "WNW_mean": 0.14, "WNW_n": 35, "NW_calm": 0.0, "NW_calm_n": 0, "NW_low": 1.0, "NW_low_n": 1, "NW_med": 0.0, "NW_med_n": 0, "NW_high": 0.0, "NW_high_n": 0, "NW_mean": 1.0, "NW_n": 1, "NNW_calm": 0.0, "NNW_calm_n": 0, "NNW_low": 0.0, "NNW_low_n": 0, "NNW_med": 0.0, "NNW_med_n": 0, "NNW_high": 0.0, "NNW_high_n": 0, "NNW_mean": 0, "NNW_n": 0, "calm_percent": 0.0}}, {"type": "Feature", "geometry": {"type": "Point", "coordinates": [-110.9091168, 56.2124673]}, "properties": {"N_calm": 0.0, "N_calm_n": 0, "N_low": 0.0, "N_low_n": 1, "N_med": 0.0, "N_med_n": 0, "N_high": 0.0, "N_high_n": 0, "N_mean": 0.0, "N_n": 1, "overall_mean": 0.24, "n_total": 160, "station": "Surmont 2", "pollutant": "Sulphur Dioxide", "period": "Last 7 Days", "start_date": "2026-10-02 20:00", "end_date": "2026-10-09 18:00", "dominant_dir": "SSW", "dominant_value": 4.0, "dominant_percent": 0.6, "NNE_calm": 0.0, "NNE_calm_n": 0, "NNE_low": 1.0, "NNE_low_n": 1, "NNE_med": 0.0, "NNE_med_n": 0, "NNE_high": 0.0, "NNE_high_n": 0, "NNE_mean": 1.0, "NNE_n": 1, "NE_calm": 0.0, "NE_calm_n": 0, "NE_low": 0.0, "NE_low_n": 0, "NE_med": 0.0, "NE_med_n": 0, "NE_high": 0.0, "NE_high_n": 0, "NE_mean": 0, "NE_n": 0, "ENE_calm": 0.0, "ENE_calm_n": 0, "ENE_low": 0.0, "ENE_low_n": 0, "ENE_med": 0.0, "ENE_med_n": 0, "ENE_high": 0.0, "ENE_high_n": 0, "ENE_mean": 0, "ENE_n": 0, "E_calm": 0.0, "E_calm_n": 2, "E_low": 0.0, "E_low_n": 4, "E_med": 0.0, "E_med_n": 2, "E_high": 0.0, "E_high_n": 0, "E_mean": 0.0, "E_n": 8, "ESE_calm": 0.0, "ESE_calm_n": 0, "ESE_low": 0.5, "ESE_low_n": 2, "ESE_med": 0.0, "ESE_med_n": 0, "ESE_high": 0.0, "ESE_high_n": 0, "ESE_mean": 0.5, "ESE_n": 2, "SE_calm": 1.0, "SE_calm_n": 1, "SE_low": 0.54, "SE_low_n": 13, "SE_med": 0.0, "SE_med_n": 0, "SE_high": 0.0, "SE_high_n": 0, "SE_mean": 0.57, "SE_n": 14, "SSE_calm": 0.0, "SSE_calm_n": 2, "SSE_low": 1.0, "SSE_low_n": 2, "SSE_med": 0.0, "SSE_med_n": 0, "SSE_high": 0.0, "SSE_high_n": 0, "SSE_mean": 0.5, "SSE_n": 4, "S_calm": 0.0, "S_calm_n": 0, "S_low": 0.0, "S_low_n": 0, "S_med": 0.0, "S_med_n": 0, "S_high": 0.0, "S_high_n": 0, "S_mean": 0, "S_n": 0, "SSW_calm": 0.0, "SSW_calm_n": 0, "SSW_low": 4.0, "SSW_low_n": 1, "SSW_med": 0.0, "SSW_med_n": 0, "SSW_high": 0.0, "SSW_high_n": 0, "SSW_mean": 4.0, "SSW_n": 1, "SW_calm": 0.0, "SW_calm_n": 2, "SW_low": 0.0, "SW_low_n": 0, "SW_med": 0.0, "SW_med_n": 0, "SW_high": 0.0, "SW_high_n": 0, "SW_mean": 0.0, "SW_n": 2, "WSW_calm": 0.0, "WSW_calm_n": 8, "WSW_low": 0.07, "WSW_low_n": 29, "WSW_med": 0.6, "WSW_med_n": 5, "WSW_high": 0.0, "WSW_high_n": 0, "WSW_mean": 0.12, "WSW_n": 42, "W_calm": 0.0, "W_calm_n": 9, "W_low": 0.18, "W_low_n": 38, "W_med": 0.43, "W_med_n": 14, "W_high": 0.0, "W_high_n": 0, "W_mean": 0.21, "W_n": 61, "WNW_calm": 0.0, "WNW_calm_n": 3, "WNW_low": 0.19, "WNW_low_n": 16, "WNW_med": 0.0, "WNW_med_n": 2, "WNW_high": 0.0, "WNW_high_n": 0, "WNW_mean": 0.14, "WNW_n": 21, "NW_calm": 0.0, "NW_calm_n": 0, "NW_low": 0.5, "NW_low_n": 2, "NW_med": 0.0, "NW_med_n": 0, "NW_high": 0.0, "NW_high_n": 0, "NW_mean": 0.5, "NW_n": 2, "NNW_calm": 0.0, "NNW_calm_n": 0, "NNW_low": 0.0, "NNW_low_n": 1, "NNW_med": 0.0, "NNW_med_n": 0, "NNW_high": 0.0, "NNW_high_n": 0, "NNW_mean": 0.0, "NNW_n": 1, "calm_percent": 16.9}}, {"type": "Feature", "geometry": {"type": "Point", "coordinates": [-110.452637, 54.604935]}, "properties": {"N_calm": 0.0, "N_calm_n": 0, "N_low": 0.0, "N_low_n": 0, "N_med": 0.0, "N_med_n": 0, "N_high": 0.0, "N_high_n": 0, "N_mean": 0, "N_n": 0, "overall_mean": 0.26, "n_total": 159, "station": "Tamarack", "pollutant": "Sulphur Dioxide", "period": "Last 7 Days", "start_date": "2026-10-02 20:00", "end_date": "2026-10-09 18:00", "dominant_dir": "NW", "dominant_value": 1.33, "dominant_percent": 1.9, "NNE_calm": 0.0, "NNE_calm_n": 0, "NNE_low": 1.0, "NNE_low_n": 1, "NNE_med": 0.0, "NNE_med_n": 0, "NNE_high": 0.0, "NNE_high_n": 0, "NNE_mean": 1.0, "NNE_n": 1, "NE_calm": 0.0, "NE_calm_n": 1, "NE_low": 0.0, "NE_low_n": 1, "NE_med": 0.0, "NE_med_n": 0, "NE_high": 0.0, "NE_high_n": 0, "NE_mean": 0.0, "NE_n": 2, "ENE_calm": 0.0, "ENE_calm_n": 1, "ENE_low": 0.0, "ENE_low_n": 0, "ENE_med": 0.0, "ENE_med_n": 0, "ENE_high": 0.0, "ENE_high_n": 0, "ENE_mean": 0.0, "ENE_n": 1, "E_calm": 0.0, "E_calm_n": 1, "E_low": 0.0, "E_low_n": 9, "E_med": 0.0, "E_med_n": 2, "E_high": 0.0, "E_high_n": 0, "E_mean": 0.0, "E_n": 12, "ESE_calm": 0.0, "ESE_calm_n": 1, "ESE_low": 0.0, "ESE_low_n": 4, "ESE_med": 0.0, "ESE_med_n": 0, "ESE_high": 0.0, "ESE_high_n": 0, "ESE_mean": 0.0, "ESE_n": 5, "SE_calm": 0.0, "SE_calm_n": 0, "SE_low": 0.0, "SE_low_n": 7, "SE_med": 0.0, "SE_med_n": 0, "SE_high": 0.0, "SE_high_n": 0, "SE_mean": 0.0, "SE_n": 7, "SSE_calm": 0.0, "SSE_calm_n": 0, "SSE_low": 0.33, "SSE_low_n": 3, "SSE_med": 0.0, "SSE_med_n": 0, "SSE_high": 0.0, "SSE_high_n": 0, "SSE_mean": 0.33, "SSE_n": 3, "S_calm": 0.0, "S_calm_n": 3, "S_low": 0.2, "S_low_n": 5, "S_med": 0.0, "S_med_n": 0, "S_high": 0.0, "S_high_n": 0, "S_mean": 0.12, "S_n": 8, "SSW_calm": 0.0, "SSW_calm_n": 0, "SSW_low": 0.0, "SSW_low_n": 5, "SSW_med": 0.0, "SSW_med_n": 0, "SSW_high": 0.0, "SSW_high_n": 0, "SSW_mean": 0.0, "SSW_n": 5, "SW_calm": 0.0, "SW_calm_n": 2, "SW_low": 0.11, "SW_low_n": 18, "SW_med": 0.0, "SW_med_n": 0, "SW_high": 0.0, "SW_high_n": 0, "SW_mean": 0.1, "SW_n": 20, "WSW_calm": 0.0, "WSW_calm_n": 1, "WSW_low": 0.0, "WSW_low_n": 21, "WSW_med": 0.0, "WSW_med_n": 1, "WSW_high": 0.0, "WSW_high_n": 0, "WSW_mean": 0.0, "WSW_n": 23, "W_calm": 0.0, "W_calm_n": 3, "W_low": 0.22, "W_low_n": 36, "W_med": 0.0, "W_med_n": 8, "W_high": 0.0, "W_high_n": 0, "W_mean": 0.17, "W_n": 47, "WNW_calm": 0.0, "WNW_calm_n": 0, "WNW_low": 1.47, "WNW_low_n": 17, "WNW_med": 0.0, "WNW_med_n": 5, "WNW_high": 0.0, "WNW_high_n": 0, "WNW_mean": 1.14, "WNW_n": 22, "NW_calm": 0.0, "NW_calm_n": 0, "NW_low": 1.33, "NW_low_n": 3, "NW_med": 0.0, "NW_med_n": 0, "NW_high": 0.0, "NW_high_n": 0, "NW_mean": 1.33, "NW_n": 3, "NNW_calm": 0.0, "NNW_calm_n": 0, "NNW_low": 0.0, "NNW_low_n": 0, "NNW_med": 0.0, "NNW_med_n": 0, "NNW_high": 0.0, "NNW_high_n": 0, "NNW_mean": 0, "NNW_n": 0, "calm_percent": 8.2}}, {"type": "Feature", "geometry": {"type": "Point", "coordinates": [-116.9815, 56.27408]}, "properties": {"N_calm": 0.0, "N_calm_n": 0, "N_low": 0.0, "N_low_n": 0, "N_med": 0.0, "N_med_n": 0, "N_high": 0.0, "N_high_n": 0, "N_mean": 0, "N_n": 0, "overall_mean": 0.0, "n_total": 159, "station": "Three Creeks 842", "pollutant": "Sulphur Dioxide", "period": "Last 7 Days", "start_date": "2026-10-02 20:00", "end_date": "2026-10-09 17:00", "dominant_dir": "N", "dominant_value": 0, "dominant_percent": 0.0, "NNE_calm": 0.0, "NNE_calm_n": 0, "NNE_low": 0.0, "NNE_low_n": 1, "NNE_med": 0.0, "NNE_med_n": 0, "NNE_high": 0.0, "NNE_high_n": 0, "NNE_mean": 0.0, "NNE_n": 1, "NE_calm": 0.0, "NE_calm_n": 1, "NE_low": 0.0, "NE_low_n": 1, "NE_med": 0.0, "NE_med_n": 5, "NE_high": 0.0, "NE_high_n": 0, "NE_mean": 0.0, "NE_n": 7, "ENE_calm": 0.0, "ENE_calm_n": 0, "ENE_low": 0.0, "ENE_low_n": 5, "ENE_med": 0.0, "ENE_med_n": 4, "ENE_high": 0.0, "ENE_high_n": 0, "ENE_mean": 0.0, "ENE_n": 9, "E_calm": 0.0, "E_calm_n": 0, "E_low": 0.0, "E_low_n": 2, "E_med": 0.0, "E_med_n": 0, "E_high": 0.0, "E_high_n": 0, "E_mean": 0.0, "E_n": 2, "ESE_calm": 0.0, "ESE_calm_n": 5, "ESE_low": 0.0, "ESE_low_n": 13, "ESE_med": 0.0, "ESE_med_n": 0, "ESE_high": 0.0, "ESE_high_n": 0, "ESE_mean": 0.0, "ESE_n": 18, "SE_calm": 0.0, "SE_calm_n": 1, "SE_low": 0.0, "SE_low_n": 14, "SE_med": 0.0, "SE_med_n": 1, "SE_high": 0.0, "SE_high_n": 0, "SE_mean": 0.0, "SE_n": 16, "SSE_calm": 0.0, "SSE_calm_n": 1, "SSE_low": 0.0, "SSE_low_n": 7, "SSE_med": 0.0, "SSE_med_n": 3, "SSE_high": 0.0, "SSE_high_n": 0, "SSE_mean": 0.0, "SSE_n": 11, "S_calm": 0.0, "S_calm_n": 1, "S_low": 0.0, "S_low_n": 2, "S_med": 0.0, "S_med_n": 10, "S_high": 0.0, "S_high_n": 0, "S_mean": 0.0, "S_n": 13, "SSW_calm": 0.0, "SSW_calm_n": 0, "SSW_low": 0.0, "SSW_low_n": 6, "SSW_med": 0.0, "SSW_med_n": 6, "SSW_high": 0.0, "SSW_high_n": 0, "SSW_mean": 0.0, "SSW_n": 12, "SW_calm": 0.0, "SW_calm_n": 1, "SW_low": 0.0, "SW_low_n": 16, "SW_med": 0.0, "SW_med_n": 18, "SW_high": 0.0, "SW_high_n": 0, "SW_mean": 0.0, "SW_n": 35, "WSW_calm": 0.0, "WSW_calm_n": 0, "WSW_low": 0.0, "WSW_low_n": 8, "WSW_med": 0.0, "WSW_med_n": 9, "WSW_high": 0.0, "WSW_high_n": 0, "WSW_mean": 0.0, "WSW_n": 17, "W_calm": 0.0, "W_calm_n": 0, "W_low": 0.0, "W_low_n": 2, "W_med": 0.0, "W_med_n": 12, "W_high": 0.0, "W_high_n": 1, "W_mean": 0.0, "W_n": 15, "WNW_calm": 0.0, "WNW_calm_n": 0, "WNW_low": 0.0, "WNW_low_n": 1, "WNW_med": 0.0, "WNW_med_n": 0, "WNW_high": 0.0, "WNW_high_n": 0, "WNW_mean": 0.0, "WNW_n": 1, "NW_calm": 0.0, "NW_calm_n": 0, "NW_low": 0.0, "NW_low_n": 1, "NW_med": 0.0, "NW_med_n": 0, "NW_high": 0.0, "NW_high_n": 0, "NW_mean": 0.0, "NW_n": 1, "NNW_calm": 0.0, "NNW_calm_n": 1, "NNW_low": 0.0, "NNW_low_n": 0, "NNW_med": 0.0, "NNW_med_n": 0, "NNW_high": 0.0, "NNW_high_n": 0, "NNW_mean": 0.0, "NNW_n": 1, "calm_percent": 6.9}}, {"type": "Feature", "geometry": {"type": "Point", "coordinates": [-116.9406, 56.37603]}, "properties": {"N_calm": 0.0, "N_calm_n": 0, "N_low": 0.0, "N_low_n": 0, "N_med": 0.0, "N_med_n": 0, "N_high": 0.0, "N_high_n": 0, "N_mean": 0, "N_n": 0, "overall_mean": 0.09, "n_total": 158, "station": "Three Creeks 986", "pollutant": "Sulphur Dioxide", "period": "Last 7 Days", "start_date": "2026-10-02 20:00", "end_date": "2026-10-09 18:00", "dominant_dir": "E", "dominant_value": 0.5, "dominant_percent": 1.3, "NNE_calm": 0.0, "NNE_calm_n": 0, "NNE_low": 0.0, "NNE_low_n": 2, "NNE_med": 0.0, "NNE_med_n": 0, "NNE_high": 0.0, "NNE_high_n": 0, "NNE_mean": 0.0, "NNE_n": 2, "NE_calm": 1.0, "NE_calm_n": 1, "NE_low": 0.0, "NE_low_n": 2, "NE_med": 0.0, "NE_med_n": 0, "NE_high": 0.0, "NE_high_n": 5, "NE_mean": 0.12, "NE_n": 8, "ENE_calm": 0.0, "ENE_calm_n": 0, "ENE_low": 0.0, "ENE_low_n": 0, "ENE_med": 0.0, "ENE_med_n": 6, "ENE_high": 0.0, "ENE_high_n": 3, "ENE_mean": 0.0, "ENE_n": 9, "E_calm": 0.0, "E_calm_n": 0, "E_low": 0.5, "E_low_n": 2, "E_med": 0.0, "E_med_n": 0, "E_high": 0.0, "E_high_n": 0, "E_mean": 0.5, "E_n": 2, "ESE_calm": 0.0, "ESE_calm_n": 0, "ESE_low": 0.25, "ESE_low_n": 8, "ESE_med": 0.0, "ESE_med_n": 0, "ESE_high": 0.0, "ESE_high_n": 0, "ESE_mean": 0.25, "ESE_n": 8, "SE_calm": 0.0, "SE_calm_n": 0, "SE_low": 0.0, "SE_low_n": 5, "SE_med": 0.0, "SE_med_n": 5, "SE_high": 0.0, "SE_high_n": 0, "SE_mean": 0.0, "SE_n": 10, "SSE_calm": 0.0, "SSE_calm_n": 0, "SSE_low": 0.0, "SSE_low_n": 16, "SSE_med": 0.12, "SSE_med_n": 8, "SSE_high": 0.0, "SSE_high_n": 0, "SSE_mean": 0.04, "SSE_n": 24, "S_calm": 0.0, "S_calm_n": 0, "S_low": 0.08, "S_low_n": 12, "S_med": 0.0, "S_med_n": 6, "S_high": 0.0, "S_high_n": 0, "S_mean": 0.06, "S_n": 18, "SSW_calm": 0.0, "SSW_calm_n": 0, "SSW_low": 0.11, "SSW_low_n": 9, "SSW_med": 0.09, "SSW_med_n": 22, "SSW_high": 0.0, "SSW_high_n": 0, "SSW_mean": 0.1, "SSW_n": 31, "SW_calm": 0.0, "SW_calm_n": 0, "SW_low": 0.0, "SW_low_n": 7, "SW_med": 0.28, "SW_med_n": 18, "SW_high": 0.0, "SW_high_n": 0, "SW_mean": 0.2, "SW_n": 25, "WSW_calm": 0.0, "WSW_calm_n": 0, "WSW_low": 0.0, "WSW_low_n": 6, "WSW_med": 0.0, "WSW_med_n": 8, "WSW_high": 0.0, "WSW_high_n": 0, "WSW_mean": 0.0, "WSW_n": 14, "W_calm": 0.0, "W_calm_n": 0, "W_low": 0.0, "W_low_n": 2, "W_med": 0.33, "W_med_n": 3, "W_high": 0.0, "W_high_n": 0, "W_mean": 0.2, "W_n": 5, "WNW_calm": 0.0, "WNW_calm_n": 0, "WNW_low": 0.0, "WNW_low_n": 0, "WNW_med": 0.0, "WNW_med_n": 0, "WNW_high": 0.0, "WNW_high_n": 0, "WNW_mean": 0, "WNW_n": 0, "NW_calm": 0.0, "NW_calm_n": 0, "NW_low": 0.0, "NW_low_n": 0, "NW_med": 0.0, "NW_med_n": 0, "NW_high": 0.0, "NW_high_n": 0, "NW_mean": 0, "NW_n": 0, "NNW_calm": 0.0, "NNW_calm_n": 0, "NNW_low": 0.0, "NNW_low_n": 2, "NNW_med": 0.0, "NNW_med_n": 0, "NNW_high": 0.0, "NNW_high_n": 0, "NNW_mean": 0.0, "NNW_n": 2, "calm_percent": 0.6}}, {"type": "Feature", "geometry": {"type": "Point", "coordinates": [-114.380556, 53.429444]}, "properties": {"N_calm": 0.0, "N_calm_n": 6, "N_low": 0.0, "N_low_n": 1, "N_med": 0.0, "N_med_n": 0, "N_high": 0.0, "N_high_n": 0, "N_mean": 0.0, "N_n": 7, "overall_mean": 0.0, "n_total": 159, "station": "Wagner2", "pollutant": "Sulphur Dioxide", "period": "Last 7 Days", "start_date": "2026-10-02 20:00", "end_date": "2026-10-09 17:00", "dominant_dir": "N", "dominant_value": 0.0, "dominant_percent": 4.4, "NNE_calm": 0.0, "NNE_calm_n": 1, "NNE_low": 0.0, "NNE_low_n": 1, "NNE_med": 0.0, "NNE_med_n": 0, "NNE_high": 0.0, "NNE_high_n": 0, "NNE_mean": 0.0, "NNE_n": 2, "NE_calm": 0.0, "NE_calm_n": 0, "NE_low": 0.0, "NE_low_n": 2, "NE_med": 0.0, "NE_med_n": 0, "NE_high": 0.0, "NE_high_n": 0, "NE_mean": 0.0, "NE_n": 2, "ENE_calm": 0.0, "ENE_calm_n": 0, "ENE_low": 0.0, "ENE_low_n": 9, "ENE_med": 0.0, "ENE_med_n": 0, "ENE_high": 0.0, "ENE_high_n": 0, "ENE_mean": 0.0, "ENE_n": 9, "E_calm": 0.0, "E_calm_n": 2, "E_low": 0.0, "E_low_n": 11, "E_med": 0.0, "E_med_n": 0, "E_high": 0.0, "E_high_n": 0, "E_mean": 0.0, "E_n": 13, "ESE_calm": 0.0, "ESE_calm_n": 3, "ESE_low": 0.0, "ESE_low_n": 6, "ESE_med": 0.0, "ESE_med_n": 1, "ESE_high": 0.0, "ESE_high_n": 0, "ESE_mean": 0.0, "ESE_n": 10, "SE_calm": 0.0, "SE_calm_n": 0, "SE_low": 0.0, "SE_low_n": 6, "SE_med": 0.0, "SE_med_n": 5, "SE_high": 0.0, "SE_high_n": 0, "SE_mean": 0.0, "SE_n": 11, "SSE_calm": 0.0, "SSE_calm_n": 2, "SSE_low": 0.0, "SSE_low_n": 4, "SSE_med": 0.0, "SSE_med_n": 0, "SSE_high": 0.0, "SSE_high_n": 0, "SSE_mean": 0.0, "SSE_n": 6, "S_calm": 0.0, "S_calm_n": 1, "S_low": 0.0, "S_low_n": 3, "S_med": 0.0, "S_med_n": 0, "S_high": 0.0, "S_high_n": 0, "S_mean": 0.0, "S_n": 4, "SSW_calm": 0.0, "SSW_calm_n": 2, "SSW_low": 0.0, "SSW_low_n": 0, "SSW_med": 0.0, "SSW_med_n": 0, "SSW_high": 0.0, "SSW_high_n": 0, "SSW_mean": 0.0, "SSW_n": 2, "SW_calm": 0.0, "SW_calm_n": 0, "SW_low": 0.0, "SW_low_n": 1, "SW_med": 0.0, "SW_med_n": 0, "SW_high": 0.0, "SW_high_n": 0, "SW_mean": 0.0, "SW_n": 1, "WSW_calm": 0.0, "WSW_calm_n": 0, "WSW_low": 0.0, "WSW_low_n": 3, "WSW_med": 0.0, "WSW_med_n": 0, "WSW_high": 0.0, "WSW_high_n": 0, "WSW_mean": 0.0, "WSW_n": 3, "W_calm": 0.0, "W_calm_n": 2, "W_low": 0.0, "W_low_n": 7, "W_med": 0.0, "W_med_n": 0, "W_high": 0.0, "W_high_n": 0, "W_mean": 0.0, "W_n": 9, "WNW_calm": 0.0, "WNW_calm_n": 22, "WNW_low": 0.0, "WNW_low_n": 13, "WNW_med": 0.0, "WNW_med_n": 0, "WNW_high": 0.0, "WNW_high_n": 0, "WNW_mean": 0.0, "WNW_n": 35, "NW_calm": 0.0, "NW_calm_n": 19, "NW_low": 0.0, "NW_low_n": 13, "NW_med": 0.0, "NW_med_n": 0, "NW_high": 0.0, "NW_high_n": 0, "NW_mean": 0.0, "NW_n": 32, "NNW_calm": 0.0, "NNW_calm_n": 10, "NNW_low": 0.0, "NNW_low_n": 3, "NNW_med": 0.0, "NNW_med_n": 0, "NNW_high": 0.0, "NNW_high_n": 0, "NNW_mean": 0.0, "NNW_n": 13, "calm_percent": 44.0}}, {"type": "Feature", "geometry": {"type": "Point", "coordinates": [-111.0385833, 57.2591972]}, "properties": {"N_calm": 0.0, "N_calm_n": 0, "N_low": 0.0, "N_low_n": 3, "N_med": 0.0, "N_med_n": 0, "N_high": 0.0, "N_high_n": 0, "N_mean": 0.0, "N_n": 3, "overall_mean": 0.94, "n_total": 160, "station": "Wapasu", "pollutant": "Sulphur Dioxide", "period": "Last 7 Days", "start_date": "2026-10-02 20:00", "end_date": "2026-10-09 18:00", "dominant_dir": "WSW", "dominant_value": 2.15, "dominant_percent": 12.5, "NNE_calm": 0.0, "NNE_calm_n": 0, "NNE_low": 0.0, "NNE_low_n": 2, "NNE_med": 0.0, "NNE_med_n": 0, "NNE_high": 0.0, "NNE_high_n": 0, "NNE_mean": 0.0, "NNE_n": 2, "NE_calm": 0.0, "NE_calm_n": 0, "NE_low": 0.0, "NE_low_n": 3, "NE_med": 0.0, "NE_med_n": 0, "NE_high": 0.0, "NE_high_n": 0, "NE_mean": 0.0, "NE_n": 3, "ENE_calm": 0.0, "ENE_calm_n": 1, "ENE_low": 0.0, "ENE_low_n": 2, "ENE_med": 0.0, "ENE_med_n": 0, "ENE_high": 0.0, "ENE_high_n": 0, "ENE_mean": 0.0, "ENE_n": 3, "E_calm": 0.0, "E_calm_n": 1, "E_low": 0.0, "E_low_n": 3, "E_med": 0.0, "E_med_n": 2, "E_high": 0.0, "E_high_n": 0, "E_mean": 0.0, "E_n": 6, "ESE_calm": 0.0, "ESE_calm_n": 0, "ESE_low": 0.75, "ESE_low_n": 4, "ESE_med": 1.22, "ESE_med_n": 9, "ESE_high": 0.0, "ESE_high_n": 0, "ESE_mean": 1.08, "ESE_n": 13, "SE_calm": 0.0, "SE_calm_n": 0, "SE_low": 0.0, "SE_low_n": 4, "SE_med": 0.0, "SE_med_n": 0, "SE_high": 0.0, "SE_high_n": 0, "SE_mean": 0.0, "SE_n": 4, "SSE_calm": 0.0, "SSE_calm_n": 0, "SSE_low": 0.0, "SSE_low_n": 19, "SSE_med": 0.0, "SSE_med_n": 7, "SSE_high": 0.0, "SSE_high_n": 0, "SSE_mean": 0.0, "SSE_n": 26, "S_calm": 0.0, "S_calm_n": 0, "S_low": 2.38, "S_low_n": 8, "S_med": 0.0, "S_med_n": 9, "S_high": 0.0, "S_high_n": 0, "S_mean": 1.12, "S_n": 17, "SSW_calm": 0.0, "SSW_calm_n": 1, "SSW_low": 1.57, "SSW_low_n": 14, "SSW_med": 0.0, "SSW_med_n": 2, "SSW_high": 0.0, "SSW_high_n": 0, "SSW_mean": 1.29, "SSW_n": 17, "SW_calm": 2.0, "SW_calm_n": 1, "SW_low": 0.69, "SW_low_n": 16, "SW_med": 3.25, "SW_med_n": 4, "SW_high": 0.0, "SW_high_n": 0, "SW_mean": 1.24, "SW_n": 21, "WSW_calm": 0.0, "WSW_calm_n": 1, "WSW_low": 2.89, "WSW_low_n": 9, "WSW_med": 1.7, "WSW_med_n": 10, "WSW_high": 0.0, "WSW_high_n": 0, "WSW_mean": 2.15, "WSW_n": 20, "W_calm": 0.0, "W_calm_n": 0, "W_low": 0.88, "W_low_n": 8, "W_med": 0.0, "W_med_n": 0, "W_high": 0.0, "W_high_n": 0, "W_mean": 0.88, "W_n": 8, "WNW_calm": 0.0, "WNW_calm_n": 0, "WNW_low": 0.71, "WNW_low_n": 7, "WNW_med": 3.33, "WNW_med_n": 3, "WNW_high": 0.0, "WNW_high_n": 0, "WNW_mean": 1.5, "WNW_n": 10, "NW_calm": 0.0, "NW_calm_n": 0, "NW_low": 0.0, "NW_low_n": 3, "NW_med": 2.0, "NW_med_n": 1, "NW_high": 0.0, "NW_high_n": 0, "NW_mean": 0.5, "NW_n": 4, "NNW_calm": 0.0, "NNW_calm_n": 0, "NNW_low": 0.67, "NNW_low_n": 3, "NNW_med": 0.0, "NNW_med_n": 0, "NNW_high": 0.0, "NNW_high_n": 0, "NNW_mean": 0.67, "NNW_n": 3, "calm_percent": 3.1}}, {"type": "Feature", "geometry": {"type": "Point", "coordinates": [-111.6395, 57.1837]}, "properties": {"N_calm": 0.0, "N_calm_n": 1, "N_low": 0.0, "N_low_n": 7, "N_med": 0.0, "N_med_n": 2, "N_high": 0.0, "N_high_n": 0, "N_mean": 0.0, "N_n": 10, "overall_mean": 0.35, "n_total": 156, "station": "Waskow ohci Pimatisiwin", "pollutant": "Sulphur Dioxide", "period": "Last 7 Days", "start_date": "2026-10-02 20:00", "end_date": "2026-10-09 18:00", "dominant_dir": "SSE", "dominant_value": 1.25, "dominant_percent": 12.8, "NNE_calm": 0.0, "NNE_calm_n": 1, "NNE_low": 0.0, "NNE_low_n": 3, "NNE_med": 0.0, "NNE_med_n": 0, "NNE_high": 0.0, "NNE_high_n": 0, "NNE_mean": 0.0, "NNE_n": 4, "NE_calm": 1.0, "NE_calm_n": 1, "NE_low": 0.0, "NE_low_n": 2, "NE_med": 0.0, "NE_med_n": 0, "NE_high": 0.0, "NE_high_n": 0, "NE_mean": 0.33, "NE_n": 3, "ENE_calm": 0.0, "ENE_calm_n": 0, "ENE_low": 1.0, "ENE_low_n": 1, "ENE_med": 0.0, "ENE_med_n": 0, "ENE_high": 0.0, "ENE_high_n": 0, "ENE_mean": 1.0, "ENE_n": 1, "E_calm": 0.25, "E_calm_n": 4, "E_low": 1.0, "E_low_n": 1, "E_med": 0.0, "E_med_n": 0, "E_high": 0.0, "E_high_n": 0, "E_mean": 0.4, "E_n": 5, "ESE_calm": 0.5, "ESE_calm_n": 2, "ESE_low": 1.0, "ESE_low_n": 1, "ESE_med": 0.0, "ESE_med_n": 0, "ESE_high": 0.0, "ESE_high_n": 0, "ESE_mean": 0.67, "ESE_n": 3, "SE_calm": 0.0, "SE_calm_n": 4, "SE_low": 1.67, "SE_low_n": 6, "SE_med": 0.0, "SE_med_n": 0, "SE_high": 0.0, "SE_high_n": 0, "SE_mean": 1.0, "SE_n": 10, "SSE_calm": 0.5, "SSE_calm_n": 2, "SSE_low": 1.35, "SSE_low_n": 17, "SSE_med": 1.0, "SSE_med_n": 1, "SSE_high": 0.0, "SSE_high_n": 0, "SSE_mean": 1.25, "SSE_n": 20, "S_calm": 0.0, "S_calm_n": 2, "S_low": 0.25, "S_low_n": 12, "S_med": 0.0, "S_med_n": 0, "S_high": 0.0, "S_high_n": 0, "S_mean": 0.21, "S_n": 14, "SSW_calm": 0.0, "SSW_calm_n": 0, "SSW_low": 0.12, "SSW_low_n": 8, "SSW_med": 0.0, "SSW_med_n": 0, "SSW_high": 0.0, "SSW_high_n": 0, "SSW_mean": 0.12, "SSW_n": 8, "SW_calm": 0.5, "SW_calm_n": 2, "SW_low": 0.25, "SW_low_n": 4, "SW_med": 0.0, "SW_med_n": 0, "SW_high": 0.0, "SW_high_n": 0, "SW_mean": 0.33, "SW_n": 6, "WSW_calm": 0.25, "WSW_calm_n": 4, "WSW_low": 0.0, "WSW_low_n": 2, "WSW_med": 0.0, "WSW_med_n": 0, "WSW_high": 0.0, "WSW_high_n": 0, "WSW_mean": 0.17, "WSW_n": 6, "W_calm": 0.11, "W_calm_n": 9, "W_low": 0.07, "W_low_n": 14, "W_med": 0.0, "W_med_n": 0, "W_high": 0.0, "W_high_n": 0, "W_mean": 0.09, "W_n": 23, "WNW_calm": 0.2, "WNW_calm_n": 5, "WNW_low": 0.11, "WNW_low_n": 19, "WNW_med": 0.0, "WNW_med_n": 3, "WNW_high": 0.0, "WNW_high_n": 0, "WNW_mean": 0.11, "WNW_n": 27, "NW_calm": 0.0, "NW_calm_n": 0, "NW_low": 0.0, "NW_low_n": 8, "NW_med": 0.0, "NW_med_n": 0, "NW_high": 0.0, "NW_high_n": 0, "NW_mean": 0.0, "NW_n": 8, "NNW_calm": 0.0, "NNW_calm_n": 1, "NNW_low": 0.14, "NNW_low_n": 7, "NNW_med": 0.0, "NNW_med_n": 0, "NNW_high": 0.0, "NNW_high_n": 0, "NNW_mean": 0.12, "NNW_n": 8, "calm_percent": 24.4}}, {"type": "Feature", "geometry": {"type": "Point", "coordinates": [-113.562583, 53.564411]}, "properties": {"N_calm": 0.0, "N_calm_n": 1, "N_low": 0.0, "N_low_n": 4, "N_med": 0.0, "N_med_n": 0, "N_high": 0.0, "N_high_n": 0, "N_mean": 0.0, "N_n": 5, "overall_mean": 0.04, "n_total": 159, "station": "Woodcroft", "pollutant": "Sulphur Dioxide", "period": "Last 7 Days", "start_date": "2026-10-02 20:00", "end_date": "2026-10-09 18:00", "dominant_dir": "NNW", "dominant_value": 0.33, "dominant_percent": 1.9, "NNE_calm": 0.0, "NNE_calm_n": 0, "NNE_low": 0.0, "NNE_low_n": 0, "NNE_med": 0.0, "NNE_med_n": 0, "NNE_high": 0.0, "NNE_high_n": 0, "NNE_mean": 0, "NNE_n": 0, "NE_calm": 0.0, "NE_calm_n": 0, "NE_low": 0.0, "NE_low_n": 0, "NE_med": 0.0, "NE_med_n": 0, "NE_high": 0.0, "NE_high_n": 0, "NE_mean": 0, "NE_n": 0, "ENE_calm": 0.0, "ENE_calm_n": 0, "ENE_low": 0.0, "ENE_low_n": 2, "ENE_med": 0.0, "ENE_med_n": 0, "ENE_high": 0.0, "ENE_high_n": 0, "ENE_mean": 0.0, "ENE_n": 2, "E_calm": 0.0, "E_calm_n": 0, "E_low": 0.0, "E_low_n": 9, "E_med": 0.0, "E_med_n": 3, "E_high": 0.0, "E_high_n": 0, "E_mean": 0.0, "E_n": 12, "ESE_calm": 0.0, "ESE_calm_n": 0, "ESE_low": 0.0, "ESE_low_n": 5, "ESE_med": 0.0, "ESE_med_n": 2, "ESE_high": 0.0, "ESE_high_n": 0, "ESE_mean": 0.0, "ESE_n": 7, "SE_calm": 0.0, "SE_calm_n": 0, "SE_low": 0.0, "SE_low_n": 10, "SE_med": 0.0, "SE_med_n": 4, "SE_high": 0.0, "SE_high_n": 0, "SE_mean": 0.0, "SE_n": 14, "SSE_calm": 0.0, "SSE_calm_n": 0, "SSE_low": 0.0, "SSE_low_n": 2, "SSE_med": 0.0, "SSE_med_n": 5, "SSE_high": 0.0, "SSE_high_n": 0, "SSE_mean": 0.0, "SSE_n": 7, "S_calm": 0.0, "S_calm_n": 0, "S_low": 0.0, "S_low_n": 12, "S_med": 0.0, "S_med_n": 0, "S_high": 0.0, "S_high_n": 0, "S_mean": 0.0, "S_n": 12, "SSW_calm": 0.0, "SSW_calm_n": 0, "SSW_low": 0.0, "SSW_low_n": 14, "SSW_med": 0.0, "SSW_med_n": 0, "SSW_high": 0.0, "SSW_high_n": 0, "SSW_mean": 0.0, "SSW_n": 14, "SW_calm": 0.0, "SW_calm_n": 0, "SW_low": 0.0, "SW_low_n": 12, "SW_med": 0.0, "SW_med_n": 0, "SW_high": 0.0, "SW_high_n": 0, "SW_mean": 0.0, "SW_n": 12, "WSW_calm": 0.0, "WSW_calm_n": 1, "WSW_low": 0.0, "WSW_low_n": 11, "WSW_med": 0.0, "WSW_med_n": 2, "WSW_high": 0.0, "WSW_high_n": 0, "WSW_mean": 0.0, "WSW_n": 14, "W_calm": 0.0, "W_calm_n": 0, "W_low": 0.0, "W_low_n": 12, "W_med": 0.0, "W_med_n": 10, "W_high": 0.0, "W_high_n": 0, "W_mean": 0.0, "W_n": 22, "WNW_calm": 0.0, "WNW_calm_n": 1, "WNW_low": 0.21, "WNW_low_n": 19, "WNW_med": 0.4, "WNW_med_n": 5, "WNW_high": 0.0, "WNW_high_n": 0, "WNW_mean": 0.24, "WNW_n": 25, "NW_calm": 0.0, "NW_calm_n": 1, "NW_low": 0.0, "NW_low_n": 6, "NW_med": 0.0, "NW_med_n": 3, "NW_high": 0.0, "NW_high_n": 0, "NW_mean": 0.0, "NW_n": 10, "NNW_calm": 0.0, "NNW_calm_n": 0, "NNW_low": 0.0, "NNW_low_n": 2, "NNW_med": 1.0, "NNW_med_n": 1, "NNW_high": 0.0, "NNW_high_n": 0, "NNW_mean": 0.33, "NNW_n": 3, "calm_percent": 2.5}}]}