{"type": "FeatureCollection", "features": [{"type": "Feature", "geometry": {"type": "Point", "coordinates": [-114.037677, 51.268227]}, "properties": {"N_calm": 0.0, "N_calm_n": 0, "N_low": 4.8, "N_low_n": 6, "N_med": 1.64, "N_med_n": 8, "N_high": 0.0, "N_high_n": 0, "N_mean": 2.99, "N_n": 14, "overall_mean": 3.39, "n_total": 156, "station": "Airdrie", "pollutant": "Fine Particulate Matter", "period": "Last 7 Days", "start_date": "2026-09-26 07:00", "end_date": "2026-10-03 05:00", "dominant_dir": "WNW", "dominant_value": 4.52, "dominant_percent": 7.1, "NNE_calm": 3.6, "NNE_calm_n": 1, "NNE_low": 2.84, "NNE_low_n": 5, "NNE_med": 3.77, "NNE_med_n": 4, "NNE_high": 0.0, "NNE_high_n": 0, "NNE_mean": 3.29, "NNE_n": 10, "NE_calm": 5.1, "NE_calm_n": 1, "NE_low": 3.65, "NE_low_n": 6, "NE_med": 0.0, "NE_med_n": 0, "NE_high": 0.0, "NE_high_n": 0, "NE_mean": 3.86, "NE_n": 7, "ENE_calm": 0.0, "ENE_calm_n": 0, "ENE_low": 0.0, "ENE_low_n": 0, "ENE_med": 0.0, "ENE_med_n": 0, "ENE_high": 0.0, "ENE_high_n": 0, "ENE_mean": 0, "ENE_n": 0, "E_calm": 0.0, "E_calm_n": 0, "E_low": 0.0, "E_low_n": 0, "E_med": 0.0, "E_med_n": 0, "E_high": 0.0, "E_high_n": 0, "E_mean": 0, "E_n": 0, "ESE_calm": 0.0, "ESE_calm_n": 0, "ESE_low": 2.85, "ESE_low_n": 4, "ESE_med": 0.0, "ESE_med_n": 0, "ESE_high": 0.0, "ESE_high_n": 0, "ESE_mean": 2.85, "ESE_n": 4, "SE_calm": 0.0, "SE_calm_n": 0, "SE_low": 3.27, "SE_low_n": 3, "SE_med": 0.0, "SE_med_n": 0, "SE_high": 0.0, "SE_high_n": 0, "SE_mean": 3.27, "SE_n": 3, "SSE_calm": 3.0, "SSE_calm_n": 1, "SSE_low": 3.42, "SSE_low_n": 6, "SSE_med": 0.0, "SSE_med_n": 0, "SSE_high": 0.0, "SSE_high_n": 0, "SSE_mean": 3.36, "SSE_n": 7, "S_calm": 0.0, "S_calm_n": 0, "S_low": 3.24, "S_low_n": 17, "S_med": 2.3, "S_med_n": 2, "S_high": 0.0, "S_high_n": 0, "S_mean": 3.14, "S_n": 19, "SSW_calm": 0.0, "SSW_calm_n": 0, "SSW_low": 4.49, "SSW_low_n": 13, "SSW_med": 0.0, "SSW_med_n": 0, "SSW_high": 0.0, "SSW_high_n": 0, "SSW_mean": 4.49, "SSW_n": 13, "SW_calm": 3.3, "SW_calm_n": 1, "SW_low": 4.01, "SW_low_n": 9, "SW_med": 2.5, "SW_med_n": 1, "SW_high": 0.0, "SW_high_n": 0, "SW_mean": 3.81, "SW_n": 11, "WSW_calm": 0.0, "WSW_calm_n": 0, "WSW_low": 3.12, "WSW_low_n": 6, "WSW_med": 2.61, "WSW_med_n": 15, "WSW_high": 3.63, "WSW_high_n": 3, "WSW_mean": 2.86, "WSW_n": 24, "W_calm": 0.0, "W_calm_n": 0, "W_low": 3.26, "W_low_n": 11, "W_med": 3.05, "W_med_n": 6, "W_high": 3.2, "W_high_n": 1, "W_mean": 3.19, "W_n": 18, "WNW_calm": 0.0, "WNW_calm_n": 0, "WNW_low": 5.22, "WNW_low_n": 9, "WNW_med": 1.35, "WNW_med_n": 2, "WNW_high": 0.0, "WNW_high_n": 0, "WNW_mean": 4.52, "WNW_n": 11, "NW_calm": 0.0, "NW_calm_n": 0, "NW_low": 3.56, "NW_low_n": 9, "NW_med": 1.7, "NW_med_n": 1, "NW_high": 0.0, "NW_high_n": 0, "NW_mean": 3.37, "NW_n": 10, "NNW_calm": 0.0, "NNW_calm_n": 0, "NNW_low": 2.6, "NNW_low_n": 4, "NNW_med": 2.3, "NNW_med_n": 1, "NNW_high": 0.0, "NNW_high_n": 0, "NNW_mean": 2.54, "NNW_n": 5, "calm_percent": 2.6}}, {"type": "Feature", "geometry": {"type": "Point", "coordinates": [-111.038056, 56.448889]}, "properties": {"N_calm": 0.0, "N_calm_n": 0, "N_low": 0.0, "N_low_n": 0, "N_med": 0.0, "N_med_n": 0, "N_high": 0.0, "N_high_n": 0, "N_mean": 0, "N_n": 0, "overall_mean": 1.7, "n_total": 166, "station": "Anzac", "pollutant": "Fine Particulate Matter", "period": "Last 7 Days", "start_date": "2026-09-26 07:00", "end_date": "2026-10-03 05:00", "dominant_dir": "S", "dominant_value": 2.42, "dominant_percent": 4.8, "NNE_calm": 0.0, "NNE_calm_n": 0, "NNE_low": 1.62, "NNE_low_n": 4, "NNE_med": 0.0, "NNE_med_n": 0, "NNE_high": 0.0, "NNE_high_n": 0, "NNE_mean": 1.62, "NNE_n": 4, "NE_calm": 0.0, "NE_calm_n": 0, "NE_low": 0.0, "NE_low_n": 0, "NE_med": 0.0, "NE_med_n": 0, "NE_high": 0.0, "NE_high_n": 0, "NE_mean": 0, "NE_n": 0, "ENE_calm": 0.0, "ENE_calm_n": 0, "ENE_low": 0.0, "ENE_low_n": 0, "ENE_med": 0.0, "ENE_med_n": 0, "ENE_high": 0.0, "ENE_high_n": 0, "ENE_mean": 0, "ENE_n": 0, "E_calm": 0.0, "E_calm_n": 0, "E_low": 0.0, "E_low_n": 0, "E_med": 0.0, "E_med_n": 0, "E_high": 0.0, "E_high_n": 0, "E_mean": 0, "E_n": 0, "ESE_calm": 0.0, "ESE_calm_n": 0, "ESE_low": 0.0, "ESE_low_n": 0, "ESE_med": 0.0, "ESE_med_n": 0, "ESE_high": 0.0, "ESE_high_n": 0, "ESE_mean": 0, "ESE_n": 0, "SE_calm": 1.4, "SE_calm_n": 1, "SE_low": 2.4, "SE_low_n": 3, "SE_med": 0.0, "SE_med_n": 0, "SE_high": 0.0, "SE_high_n": 0, "SE_mean": 2.15, "SE_n": 4, "SSE_calm": 0.0, "SSE_calm_n": 0, "SSE_low": 2.6, "SSE_low_n": 1, "SSE_med": 1.8, "SSE_med_n": 1, "SSE_high": 0.0, "SSE_high_n": 0, "SSE_mean": 2.2, "SSE_n": 2, "S_calm": 0.0, "S_calm_n": 0, "S_low": 2.2, "S_low_n": 2, "S_med": 2.5, "S_med_n": 6, "S_high": 0.0, "S_high_n": 0, "S_mean": 2.42, "S_n": 8, "SSW_calm": 0.0, "SSW_calm_n": 0, "SSW_low": 1.9, "SSW_low_n": 8, "SSW_med": 1.77, "SSW_med_n": 3, "SSW_high": 0.0, "SSW_high_n": 0, "SSW_mean": 1.86, "SSW_n": 11, "SW_calm": 0.0, "SW_calm_n": 0, "SW_low": 2.32, "SW_low_n": 17, "SW_med": 1.84, "SW_med_n": 7, "SW_high": 0.0, "SW_high_n": 0, "SW_mean": 2.18, "SW_n": 24, "WSW_calm": 0.0, "WSW_calm_n": 0, "WSW_low": 2.66, "WSW_low_n": 5, "WSW_med": 1.55, "WSW_med_n": 11, "WSW_high": 0.0, "WSW_high_n": 0, "WSW_mean": 1.89, "WSW_n": 16, "W_calm": 0.0, "W_calm_n": 0, "W_low": 1.55, "W_low_n": 4, "W_med": 1.78, "W_med_n": 28, "W_high": 0.6, "W_high_n": 13, "W_mean": 1.42, "W_n": 45, "WNW_calm": 0.0, "WNW_calm_n": 0, "WNW_low": 2.21, "WNW_low_n": 8, "WNW_med": 2.08, "WNW_med_n": 13, "WNW_high": 0.78, "WNW_high_n": 8, "WNW_mean": 1.76, "WNW_n": 29, "NW_calm": 0.0, "NW_calm_n": 0, "NW_low": 3.9, "NW_low_n": 2, "NW_med": 0.86, "NW_med_n": 14, "NW_high": 0.42, "NW_high_n": 5, "NW_mean": 1.04, "NW_n": 21, "NNW_calm": 0.0, "NNW_calm_n": 0, "NNW_low": 2.1, "NNW_low_n": 1, "NNW_med": 1.9, "NNW_med_n": 1, "NNW_high": 0.0, "NNW_high_n": 0, "NNW_mean": 2.0, "NNW_n": 2, "calm_percent": 0.6}}, {"type": "Feature", "geometry": {"type": "Point", "coordinates": [-113.144105, 53.554691]}, "properties": {"N_calm": 0.0, "N_calm_n": 0, "N_low": 0.0, "N_low_n": 0, "N_med": 0.0, "N_med_n": 0, "N_high": 0.0, "N_high_n": 0, "N_mean": 0, "N_n": 0, "overall_mean": 2.26, "n_total": 163, "station": "Ardrossan", "pollutant": "Fine Particulate Matter", "period": "Last 7 Days", "start_date": "2026-09-26 07:00", "end_date": "2026-10-03 05:00", "dominant_dir": "NW", "dominant_value": 4.38, "dominant_percent": 11.0, "NNE_calm": 0.0, "NNE_calm_n": 0, "NNE_low": 0.0, "NNE_low_n": 0, "NNE_med": 0.0, "NNE_med_n": 0, "NNE_high": 0.0, "NNE_high_n": 0, "NNE_mean": 0, "NNE_n": 0, "NE_calm": 0.0, "NE_calm_n": 0, "NE_low": 0.0, "NE_low_n": 0, "NE_med": 0.0, "NE_med_n": 0, "NE_high": 0.0, "NE_high_n": 0, "NE_mean": 0, "NE_n": 0, "ENE_calm": 1.6, "ENE_calm_n": 1, "ENE_low": 0.0, "ENE_low_n": 0, "ENE_med": 0.0, "ENE_med_n": 0, "ENE_high": 0.0, "ENE_high_n": 0, "ENE_mean": 1.6, "ENE_n": 1, "E_calm": 0.0, "E_calm_n": 0, "E_low": 0.0, "E_low_n": 0, "E_med": 0.0, "E_med_n": 0, "E_high": 0.0, "E_high_n": 0, "E_mean": 0, "E_n": 0, "ESE_calm": 0.0, "ESE_calm_n": 0, "ESE_low": 0.0, "ESE_low_n": 0, "ESE_med": 0.0, "ESE_med_n": 0, "ESE_high": 0.0, "ESE_high_n": 0, "ESE_mean": 0, "ESE_n": 0, "SE_calm": 0.0, "SE_calm_n": 0, "SE_low": 2.66, "SE_low_n": 7, "SE_med": 0.0, "SE_med_n": 0, "SE_high": 0.0, "SE_high_n": 0, "SE_mean": 2.66, "SE_n": 7, "SSE_calm": 0.0, "SSE_calm_n": 0, "SSE_low": 2.78, "SSE_low_n": 22, "SSE_med": 0.0, "SSE_med_n": 0, "SSE_high": 0.0, "SSE_high_n": 0, "SSE_mean": 2.78, "SSE_n": 22, "S_calm": 12.9, "S_calm_n": 2, "S_low": 1.79, "S_low_n": 7, "S_med": 0.0, "S_med_n": 0, "S_high": 0.0, "S_high_n": 0, "S_mean": 4.26, "S_n": 9, "SSW_calm": 0.0, "SSW_calm_n": 0, "SSW_low": 2.24, "SSW_low_n": 14, "SSW_med": 0.5, "SSW_med_n": 1, "SSW_high": 0.0, "SSW_high_n": 0, "SSW_mean": 2.12, "SSW_n": 15, "SW_calm": 0.0, "SW_calm_n": 0, "SW_low": 1.2, "SW_low_n": 15, "SW_med": 0.64, "SW_med_n": 7, "SW_high": 0.0, "SW_high_n": 0, "SW_mean": 1.02, "SW_n": 22, "WSW_calm": 0.0, "WSW_calm_n": 0, "WSW_low": 1.65, "WSW_low_n": 8, "WSW_med": 0.8, "WSW_med_n": 3, "WSW_high": 0.0, "WSW_high_n": 0, "WSW_mean": 1.42, "WSW_n": 11, "W_calm": 0.0, "W_calm_n": 0, "W_low": 3.29, "W_low_n": 8, "W_med": 1.18, "W_med_n": 8, "W_high": 0.0, "W_high_n": 0, "W_mean": 2.23, "W_n": 16, "WNW_calm": 0.0, "WNW_calm_n": 0, "WNW_low": 3.55, "WNW_low_n": 6, "WNW_med": 0.95, "WNW_med_n": 33, "WNW_high": 0.0, "WNW_high_n": 0, "WNW_mean": 1.35, "WNW_n": 39, "NW_calm": 0.0, "NW_calm_n": 0, "NW_low": 6.2, "NW_low_n": 5, "NW_med": 4.86, "NW_med_n": 9, "NW_high": 1.05, "NW_high_n": 4, "NW_mean": 4.38, "NW_n": 18, "NNW_calm": 0.0, "NNW_calm_n": 0, "NNW_low": 1.6, "NNW_low_n": 1, "NNW_med": 5.2, "NNW_med_n": 2, "NNW_high": 0.0, "NNW_high_n": 0, "NNW_mean": 4.0, "NNW_n": 3, "calm_percent": 1.8}}, {"type": "Feature", "geometry": {"type": "Point", "coordinates": [-119.3968, 55.1963]}, "properties": {"N_calm": 0.0, "N_calm_n": 0, "N_low": 0.0, "N_low_n": 0, "N_med": 0.0, "N_med_n": 0, "N_high": 0.0, "N_high_n": 0, "N_mean": 0, "N_n": 0, "overall_mean": 1.4, "n_total": 167, "station": "Beaverlodge", "pollutant": "Fine Particulate Matter", "period": "Last 7 Days", "start_date": "2026-09-26 07:00", "end_date": "2026-10-03 05:00", "dominant_dir": "NNE", "dominant_value": 2.5, "dominant_percent": 1.8, "NNE_calm": 3.2, "NNE_calm_n": 1, "NNE_low": 2.15, "NNE_low_n": 2, "NNE_med": 0.0, "NNE_med_n": 0, "NNE_high": 0.0, "NNE_high_n": 0, "NNE_mean": 2.5, "NNE_n": 3, "NE_calm": 2.0, "NE_calm_n": 2, "NE_low": 1.89, "NE_low_n": 9, "NE_med": 0.0, "NE_med_n": 0, "NE_high": 0.0, "NE_high_n": 0, "NE_mean": 1.91, "NE_n": 11, "ENE_calm": 0.0, "ENE_calm_n": 0, "ENE_low": 1.77, "ENE_low_n": 3, "ENE_med": 0.0, "ENE_med_n": 0, "ENE_high": 0.0, "ENE_high_n": 0, "ENE_mean": 1.77, "ENE_n": 3, "E_calm": 0.65, "E_calm_n": 2, "E_low": 2.35, "E_low_n": 4, "E_med": 0.0, "E_med_n": 0, "E_high": 0.0, "E_high_n": 0, "E_mean": 1.78, "E_n": 6, "ESE_calm": 1.77, "ESE_calm_n": 3, "ESE_low": 1.8, "ESE_low_n": 2, "ESE_med": 0.0, "ESE_med_n": 0, "ESE_high": 0.0, "ESE_high_n": 0, "ESE_mean": 1.78, "ESE_n": 5, "SE_calm": 0.0, "SE_calm_n": 0, "SE_low": 2.4, "SE_low_n": 1, "SE_med": 0.0, "SE_med_n": 0, "SE_high": 0.0, "SE_high_n": 0, "SE_mean": 2.4, "SE_n": 1, "SSE_calm": 0.0, "SSE_calm_n": 0, "SSE_low": 1.5, "SSE_low_n": 4, "SSE_med": 0.0, "SSE_med_n": 0, "SSE_high": 0.0, "SSE_high_n": 0, "SSE_mean": 1.5, "SSE_n": 4, "S_calm": 0.0, "S_calm_n": 0, "S_low": 1.83, "S_low_n": 8, "S_med": 1.1, "S_med_n": 1, "S_high": 0.0, "S_high_n": 0, "S_mean": 1.74, "S_n": 9, "SSW_calm": 1.0, "SSW_calm_n": 1, "SSW_low": 1.97, "SSW_low_n": 7, "SSW_med": 2.25, "SSW_med_n": 2, "SSW_high": 1.4, "SSW_high_n": 1, "SSW_mean": 1.88, "SSW_n": 11, "SW_calm": 0.0, "SW_calm_n": 0, "SW_low": 1.64, "SW_low_n": 10, "SW_med": 1.21, "SW_med_n": 13, "SW_high": 0.85, "SW_high_n": 8, "SW_mean": 1.25, "SW_n": 31, "WSW_calm": 0.0, "WSW_calm_n": 0, "WSW_low": 1.13, "WSW_low_n": 3, "WSW_med": 1.15, "WSW_med_n": 30, "WSW_high": 1.09, "WSW_high_n": 20, "WSW_mean": 1.13, "WSW_n": 53, "W_calm": 0.0, "W_calm_n": 0, "W_low": 2.35, "W_low_n": 2, "W_med": 1.24, "W_med_n": 20, "W_high": 0.9, "W_high_n": 1, "W_mean": 1.32, "W_n": 23, "WNW_calm": 0.0, "WNW_calm_n": 0, "WNW_low": 0.85, "WNW_low_n": 2, "WNW_med": 0.6, "WNW_med_n": 4, "WNW_high": 0.0, "WNW_high_n": 0, "WNW_mean": 0.68, "WNW_n": 6, "NW_calm": 0.0, "NW_calm_n": 0, "NW_low": 2.5, "NW_low_n": 1, "NW_med": 0.0, "NW_med_n": 0, "NW_high": 0.0, "NW_high_n": 0, "NW_mean": 2.5, "NW_n": 1, "NNW_calm": 0.0, "NNW_calm_n": 0, "NNW_low": 0.0, "NNW_low_n": 0, "NNW_med": 0.0, "NNW_med_n": 0, "NNW_high": 0.0, "NNW_high_n": 0, "NNW_mean": 0, "NNW_n": 0, "calm_percent": 5.4}}, {"type": "Feature", "geometry": {"type": "Point", "coordinates": [-111.863769, 50.558969]}, "properties": {"N_calm": 0.0, "N_calm_n": 0, "N_low": 5.93, "N_low_n": 11, "N_med": 3.0, "N_med_n": 9, "N_high": 0.0, "N_high_n": 0, "N_mean": 4.61, "N_n": 20, "overall_mean": 5.57, "n_total": 163, "station": "Brooks Meadowplace", "pollutant": "Fine Particulate Matter", "period": "Last 7 Days", "start_date": "2026-09-26 07:00", "end_date": "2026-10-03 05:00", "dominant_dir": "ESE", "dominant_value": 17.4, "dominant_percent": 0.6, "NNE_calm": 4.1, "NNE_calm_n": 1, "NNE_low": 7.39, "NNE_low_n": 8, "NNE_med": 5.88, "NNE_med_n": 5, "NNE_high": 0.0, "NNE_high_n": 0, "NNE_mean": 6.61, "NNE_n": 14, "NE_calm": 0.0, "NE_calm_n": 0, "NE_low": 6.73, "NE_low_n": 3, "NE_med": 0.0, "NE_med_n": 0, "NE_high": 0.0, "NE_high_n": 0, "NE_mean": 6.73, "NE_n": 3, "ENE_calm": 3.6, "ENE_calm_n": 1, "ENE_low": 0.0, "ENE_low_n": 0, "ENE_med": 0.0, "ENE_med_n": 0, "ENE_high": 0.0, "ENE_high_n": 0, "ENE_mean": 3.6, "ENE_n": 1, "E_calm": 0.0, "E_calm_n": 0, "E_low": 6.9, "E_low_n": 1, "E_med": 0.0, "E_med_n": 0, "E_high": 0.0, "E_high_n": 0, "E_mean": 6.9, "E_n": 1, "ESE_calm": 0.0, "ESE_calm_n": 0, "ESE_low": 17.4, "ESE_low_n": 1, "ESE_med": 0.0, "ESE_med_n": 0, "ESE_high": 0.0, "ESE_high_n": 0, "ESE_mean": 17.4, "ESE_n": 1, "SE_calm": 0.0, "SE_calm_n": 0, "SE_low": 4.5, "SE_low_n": 1, "SE_med": 0.0, "SE_med_n": 0, "SE_high": 0.0, "SE_high_n": 0, "SE_mean": 4.5, "SE_n": 1, "SSE_calm": 11.5, "SSE_calm_n": 1, "SSE_low": 0.0, "SSE_low_n": 0, "SSE_med": 3.75, "SSE_med_n": 2, "SSE_high": 0.0, "SSE_high_n": 0, "SSE_mean": 6.33, "SSE_n": 3, "S_calm": 12.0, "S_calm_n": 1, "S_low": 6.26, "S_low_n": 14, "S_med": 4.15, "S_med_n": 4, "S_high": 0.0, "S_high_n": 0, "S_mean": 6.12, "S_n": 19, "SSW_calm": 10.73, "SSW_calm_n": 3, "SSW_low": 7.03, "SSW_low_n": 15, "SSW_med": 3.77, "SSW_med_n": 13, "SSW_high": 0.0, "SSW_high_n": 0, "SSW_mean": 6.02, "SSW_n": 31, "SW_calm": 0.0, "SW_calm_n": 0, "SW_low": 6.99, "SW_low_n": 7, "SW_med": 5.82, "SW_med_n": 5, "SW_high": 0.0, "SW_high_n": 0, "SW_mean": 6.5, "SW_n": 12, "WSW_calm": 3.6, "WSW_calm_n": 1, "WSW_low": 2.65, "WSW_low_n": 2, "WSW_med": 5.46, "WSW_med_n": 7, "WSW_high": 0.0, "WSW_high_n": 0, "WSW_mean": 4.71, "WSW_n": 10, "W_calm": 8.7, "W_calm_n": 1, "W_low": 4.44, "W_low_n": 8, "W_med": 5.5, "W_med_n": 8, "W_high": 0.0, "W_high_n": 0, "W_mean": 5.19, "W_n": 17, "WNW_calm": 4.1, "WNW_calm_n": 1, "WNW_low": 5.74, "WNW_low_n": 5, "WNW_med": 3.13, "WNW_med_n": 6, "WNW_high": 0.0, "WNW_high_n": 0, "WNW_mean": 4.3, "WNW_n": 12, "NW_calm": 3.7, "NW_calm_n": 1, "NW_low": 4.5, "NW_low_n": 8, "NW_med": 2.7, "NW_med_n": 1, "NW_high": 0.0, "NW_high_n": 0, "NW_mean": 4.24, "NW_n": 10, "NNW_calm": 13.5, "NNW_calm_n": 1, "NNW_low": 4.7, "NNW_low_n": 4, "NNW_med": 3.25, "NNW_med_n": 2, "NNW_high": 2.1, "NNW_high_n": 1, "NNW_mean": 5.11, "NNW_n": 8, "calm_percent": 7.4}}, {"type": "Feature", "geometry": {"type": "Point", "coordinates": [-112.9278, 53.80012]}, "properties": {"N_calm": 0.0, "N_calm_n": 0, "N_low": 16.12, "N_low_n": 1, "N_med": 0.0, "N_med_n": 0, "N_high": 0.0, "N_high_n": 0, "N_mean": 16.12, "N_n": 1, "overall_mean": 4.18, "n_total": 162, "station": "Bruderheim", "pollutant": "Fine Particulate Matter", "period": "Last 7 Days", "start_date": "2026-09-26 07:00", "end_date": "2026-10-03 04:00", "dominant_dir": "SE", "dominant_value": 27.99, "dominant_percent": 0.6, "NNE_calm": 0.0, "NNE_calm_n": 0, "NNE_low": 0.0, "NNE_low_n": 0, "NNE_med": 0.0, "NNE_med_n": 0, "NNE_high": 0.0, "NNE_high_n": 0, "NNE_mean": 0, "NNE_n": 0, "NE_calm": 0.0, "NE_calm_n": 0, "NE_low": 0.0, "NE_low_n": 0, "NE_med": 0.0, "NE_med_n": 0, "NE_high": 0.0, "NE_high_n": 0, "NE_mean": 0, "NE_n": 0, "ENE_calm": 8.14, "ENE_calm_n": 1, "ENE_low": 0.0, "ENE_low_n": 0, "ENE_med": 0.0, "ENE_med_n": 0, "ENE_high": 0.0, "ENE_high_n": 0, "ENE_mean": 8.14, "ENE_n": 1, "E_calm": 0.0, "E_calm_n": 0, "E_low": 14.45, "E_low_n": 3, "E_med": 0.0, "E_med_n": 0, "E_high": 0.0, "E_high_n": 0, "E_mean": 14.45, "E_n": 3, "ESE_calm": 0.0, "ESE_calm_n": 0, "ESE_low": 11.34, "ESE_low_n": 1, "ESE_med": 5.71, "ESE_med_n": 1, "ESE_high": 0.0, "ESE_high_n": 0, "ESE_mean": 8.53, "ESE_n": 2, "SE_calm": 0.0, "SE_calm_n": 0, "SE_low": 27.99, "SE_low_n": 1, "SE_med": 0.0, "SE_med_n": 0, "SE_high": 0.0, "SE_high_n": 0, "SE_mean": 27.99, "SE_n": 1, "SSE_calm": 0.0, "SSE_calm_n": 0, "SSE_low": 12.12, "SSE_low_n": 5, "SSE_med": 6.26, "SSE_med_n": 4, "SSE_high": 0.0, "SSE_high_n": 0, "SSE_mean": 9.51, "SSE_n": 9, "S_calm": 0.0, "S_calm_n": 0, "S_low": 3.9, "S_low_n": 3, "S_med": 0.0, "S_med_n": 0, "S_high": 0.0, "S_high_n": 0, "S_mean": 3.9, "S_n": 3, "SSW_calm": 0.0, "SSW_calm_n": 0, "SSW_low": 2.6, "SSW_low_n": 17, "SSW_med": 0.32, "SSW_med_n": 3, "SSW_high": 0.0, "SSW_high_n": 0, "SSW_mean": 2.26, "SSW_n": 20, "SW_calm": 0.0, "SW_calm_n": 0, "SW_low": 4.11, "SW_low_n": 21, "SW_med": 1.17, "SW_med_n": 13, "SW_high": 0.0, "SW_high_n": 0, "SW_mean": 2.99, "SW_n": 34, "WSW_calm": 0.0, "WSW_calm_n": 0, "WSW_low": 6.71, "WSW_low_n": 5, "WSW_med": 2.12, "WSW_med_n": 17, "WSW_high": 0.0, "WSW_high_n": 0, "WSW_mean": 3.17, "WSW_n": 22, "W_calm": 0.0, "W_calm_n": 0, "W_low": 10.03, "W_low_n": 4, "W_med": 3.68, "W_med_n": 11, "W_high": 0.64, "W_high_n": 16, "W_mean": 2.93, "W_n": 31, "WNW_calm": 0.0, "WNW_calm_n": 0, "WNW_low": 21.72, "WNW_low_n": 2, "WNW_med": 0.81, "WNW_med_n": 7, "WNW_high": 2.95, "WNW_high_n": 13, "WNW_mean": 3.98, "WNW_n": 22, "NW_calm": 0.0, "NW_calm_n": 0, "NW_low": 7.02, "NW_low_n": 3, "NW_med": 6.4, "NW_med_n": 3, "NW_high": 2.78, "NW_high_n": 3, "NW_mean": 5.4, "NW_n": 9, "NNW_calm": 0.0, "NNW_calm_n": 0, "NNW_low": 10.87, "NNW_low_n": 2, "NNW_med": 1.17, "NNW_med_n": 2, "NNW_high": 0.0, "NNW_high_n": 0, "NNW_mean": 6.02, "NNW_n": 4, "calm_percent": 0.6}}, {"type": "Feature", "geometry": {"type": "Point", "coordinates": [-111.5926, 56.9967]}, "properties": {"N_calm": 0.0, "N_calm_n": 0, "N_low": 6.1, "N_low_n": 1, "N_med": 3.07, "N_med_n": 3, "N_high": 0.0, "N_high_n": 0, "N_mean": 3.82, "N_n": 4, "overall_mean": 2.19, "n_total": 167, "station": "Buffalo Viewpoint", "pollutant": "Fine Particulate Matter", "period": "Last 7 Days", "start_date": "2026-09-26 07:00", "end_date": "2026-10-03 05:00", "dominant_dir": "ESE", "dominant_value": 6.4, "dominant_percent": 1.8, "NNE_calm": 0.0, "NNE_calm_n": 0, "NNE_low": 5.45, "NNE_low_n": 2, "NNE_med": 0.0, "NNE_med_n": 0, "NNE_high": 0.0, "NNE_high_n": 0, "NNE_mean": 5.45, "NNE_n": 2, "NE_calm": 0.0, "NE_calm_n": 0, "NE_low": 0.0, "NE_low_n": 0, "NE_med": 0.0, "NE_med_n": 0, "NE_high": 0.0, "NE_high_n": 0, "NE_mean": 0, "NE_n": 0, "ENE_calm": 0.0, "ENE_calm_n": 0, "ENE_low": 0.0, "ENE_low_n": 0, "ENE_med": 0.0, "ENE_med_n": 0, "ENE_high": 0.0, "ENE_high_n": 0, "ENE_mean": 0, "ENE_n": 0, "E_calm": 0.0, "E_calm_n": 0, "E_low": 0.0, "E_low_n": 0, "E_med": 0.0, "E_med_n": 0, "E_high": 0.0, "E_high_n": 0, "E_mean": 0, "E_n": 0, "ESE_calm": 1.4, "ESE_calm_n": 1, "ESE_low": 8.9, "ESE_low_n": 2, "ESE_med": 0.0, "ESE_med_n": 0, "ESE_high": 0.0, "ESE_high_n": 0, "ESE_mean": 6.4, "ESE_n": 3, "SE_calm": 0.0, "SE_calm_n": 0, "SE_low": 2.33, "SE_low_n": 12, "SE_med": 0.0, "SE_med_n": 0, "SE_high": 0.0, "SE_high_n": 0, "SE_mean": 2.33, "SE_n": 12, "SSE_calm": 0.0, "SSE_calm_n": 0, "SSE_low": 1.98, "SSE_low_n": 27, "SSE_med": 0.0, "SSE_med_n": 0, "SSE_high": 0.0, "SSE_high_n": 0, "SSE_mean": 1.98, "SSE_n": 27, "S_calm": 1.6, "S_calm_n": 1, "S_low": 2.85, "S_low_n": 11, "S_med": 0.0, "S_med_n": 0, "S_high": 0.0, "S_high_n": 0, "S_mean": 2.75, "S_n": 12, "SSW_calm": 1.3, "SSW_calm_n": 1, "SSW_low": 4.17, "SSW_low_n": 8, "SSW_med": 1.7, "SSW_med_n": 1, "SSW_high": 0.0, "SSW_high_n": 0, "SSW_mean": 3.64, "SSW_n": 10, "SW_calm": 0.0, "SW_calm_n": 0, "SW_low": 1.47, "SW_low_n": 3, "SW_med": 1.25, "SW_med_n": 12, "SW_high": 0.0, "SW_high_n": 0, "SW_mean": 1.29, "SW_n": 15, "WSW_calm": 0.0, "WSW_calm_n": 0, "WSW_low": 0.0, "WSW_low_n": 0, "WSW_med": 1.81, "WSW_med_n": 16, "WSW_high": 0.0, "WSW_high_n": 0, "WSW_mean": 1.81, "WSW_n": 16, "W_calm": 0.0, "W_calm_n": 0, "W_low": 0.0, "W_low_n": 0, "W_med": 1.99, "W_med_n": 29, "W_high": 0.6, "W_high_n": 1, "W_mean": 1.94, "W_n": 30, "WNW_calm": 0.0, "WNW_calm_n": 0, "WNW_low": 1.27, "WNW_low_n": 3, "WNW_med": 2.46, "WNW_med_n": 11, "WNW_high": 0.5, "WNW_high_n": 1, "WNW_mean": 2.09, "WNW_n": 15, "NW_calm": 0.0, "NW_calm_n": 0, "NW_low": 1.5, "NW_low_n": 1, "NW_med": 1.41, "NW_med_n": 12, "NW_high": 0.0, "NW_high_n": 0, "NW_mean": 1.42, "NW_n": 13, "NNW_calm": 0.0, "NNW_calm_n": 0, "NNW_low": 1.68, "NNW_low_n": 4, "NNW_med": 1.65, "NNW_med_n": 4, "NNW_high": 0.0, "NNW_high_n": 0, "NNW_mean": 1.66, "NNW_n": 8, "calm_percent": 1.8}}, {"type": "Feature", "geometry": {"type": "Point", "coordinates": [-114.008836, 51.030789]}, "properties": {"N_calm": 7.9, "N_calm_n": 1, "N_low": 5.8, "N_low_n": 4, "N_med": 3.64, "N_med_n": 5, "N_high": 0.0, "N_high_n": 0, "N_mean": 4.93, "N_n": 10, "overall_mean": 5.22, "n_total": 154, "station": "Calgary Central Inglewood", "pollutant": "Fine Particulate Matter", "period": "Last 7 Days", "start_date": "2026-09-26 07:00", "end_date": "2026-10-03 05:00", "dominant_dir": "SSW", "dominant_value": 8.95, "dominant_percent": 2.6, "NNE_calm": 4.2, "NNE_calm_n": 1, "NNE_low": 8.0, "NNE_low_n": 1, "NNE_med": 2.8, "NNE_med_n": 3, "NNE_high": 0.0, "NNE_high_n": 0, "NNE_mean": 4.12, "NNE_n": 5, "NE_calm": 5.0, "NE_calm_n": 2, "NE_low": 7.2, "NE_low_n": 1, "NE_med": 0.0, "NE_med_n": 0, "NE_high": 0.0, "NE_high_n": 0, "NE_mean": 5.73, "NE_n": 3, "ENE_calm": 6.7, "ENE_calm_n": 1, "ENE_low": 7.35, "ENE_low_n": 2, "ENE_med": 0.0, "ENE_med_n": 0, "ENE_high": 0.0, "ENE_high_n": 0, "ENE_mean": 7.13, "ENE_n": 3, "E_calm": 9.65, "E_calm_n": 2, "E_low": 5.12, "E_low_n": 4, "E_med": 0.0, "E_med_n": 0, "E_high": 0.0, "E_high_n": 0, "E_mean": 6.63, "E_n": 6, "ESE_calm": 5.7, "ESE_calm_n": 2, "ESE_low": 7.27, "ESE_low_n": 7, "ESE_med": 0.0, "ESE_med_n": 0, "ESE_high": 0.0, "ESE_high_n": 0, "ESE_mean": 6.92, "ESE_n": 9, "SE_calm": 7.92, "SE_calm_n": 5, "SE_low": 5.37, "SE_low_n": 11, "SE_med": 0.0, "SE_med_n": 0, "SE_high": 0.0, "SE_high_n": 0, "SE_mean": 6.17, "SE_n": 16, "SSE_calm": 6.13, "SSE_calm_n": 3, "SSE_low": 3.36, "SSE_low_n": 8, "SSE_med": 0.0, "SSE_med_n": 0, "SSE_high": 0.0, "SSE_high_n": 0, "SSE_mean": 4.12, "SSE_n": 11, "S_calm": 5.7, "S_calm_n": 1, "S_low": 4.07, "S_low_n": 10, "S_med": 0.0, "S_med_n": 0, "S_high": 0.0, "S_high_n": 0, "S_mean": 4.22, "S_n": 11, "SSW_calm": 11.4, "SSW_calm_n": 2, "SSW_low": 6.5, "SSW_low_n": 2, "SSW_med": 0.0, "SSW_med_n": 0, "SSW_high": 0.0, "SSW_high_n": 0, "SSW_mean": 8.95, "SSW_n": 4, "SW_calm": 8.1, "SW_calm_n": 1, "SW_low": 5.6, "SW_low_n": 3, "SW_med": 0.0, "SW_med_n": 0, "SW_high": 0.0, "SW_high_n": 0, "SW_mean": 6.22, "SW_n": 4, "WSW_calm": 5.73, "WSW_calm_n": 3, "WSW_low": 5.03, "WSW_low_n": 4, "WSW_med": 2.8, "WSW_med_n": 1, "WSW_high": 0.0, "WSW_high_n": 0, "WSW_mean": 5.01, "WSW_n": 8, "W_calm": 6.28, "W_calm_n": 6, "W_low": 4.2, "W_low_n": 13, "W_med": 3.35, "W_med_n": 2, "W_high": 0.0, "W_high_n": 0, "W_mean": 4.71, "W_n": 21, "WNW_calm": 0.0, "WNW_calm_n": 0, "WNW_low": 5.1, "WNW_low_n": 7, "WNW_med": 2.65, "WNW_med_n": 4, "WNW_high": 0.0, "WNW_high_n": 0, "WNW_mean": 4.21, "WNW_n": 11, "NW_calm": 6.95, "NW_calm_n": 2, "NW_low": 3.08, "NW_low_n": 5, "NW_med": 1.85, "NW_med_n": 2, "NW_high": 0.0, "NW_high_n": 0, "NW_mean": 3.67, "NW_n": 9, "NNW_calm": 0.0, "NNW_calm_n": 0, "NNW_low": 6.06, "NNW_low_n": 19, "NNW_med": 2.1, "NNW_med_n": 4, "NNW_high": 0.0, "NNW_high_n": 0, "NNW_mean": 5.37, "NNW_n": 23, "calm_percent": 20.8}}, {"type": "Feature", "geometry": {"type": "Point", "coordinates": [-113.969742, 50.955122]}, "properties": {"N_calm": 0.0, "N_calm_n": 0, "N_low": 3.03, "N_low_n": 3, "N_med": 2.97, "N_med_n": 3, "N_high": 0.0, "N_high_n": 0, "N_mean": 3.0, "N_n": 6, "overall_mean": 5.05, "n_total": 33, "station": "Calgary Southeast", "pollutant": "Fine Particulate Matter", "period": "Last 7 Days", "start_date": "2026-09-26 07:00", "end_date": "2026-09-27 15:00", "dominant_dir": "SSW", "dominant_value": 9.5, "dominant_percent": 3.0, "NNE_calm": 0.0, "NNE_calm_n": 0, "NNE_low": 0.0, "NNE_low_n": 0, "NNE_med": 3.55, "NNE_med_n": 2, "NNE_high": 0.0, "NNE_high_n": 0, "NNE_mean": 3.55, "NNE_n": 2, "NE_calm": 0.0, "NE_calm_n": 0, "NE_low": 0.0, "NE_low_n": 0, "NE_med": 3.75, "NE_med_n": 2, "NE_high": 0.0, "NE_high_n": 0, "NE_mean": 3.75, "NE_n": 2, "ENE_calm": 0.0, "ENE_calm_n": 0, "ENE_low": 0.0, "ENE_low_n": 0, "ENE_med": 0.0, "ENE_med_n": 0, "ENE_high": 0.0, "ENE_high_n": 0, "ENE_mean": 0, "ENE_n": 0, "E_calm": 0.0, "E_calm_n": 0, "E_low": 8.6, "E_low_n": 1, "E_med": 0.0, "E_med_n": 0, "E_high": 0.0, "E_high_n": 0, "E_mean": 8.6, "E_n": 1, "ESE_calm": 8.5, "ESE_calm_n": 1, "ESE_low": 0.0, "ESE_low_n": 0, "ESE_med": 0.0, "ESE_med_n": 0, "ESE_high": 0.0, "ESE_high_n": 0, "ESE_mean": 8.5, "ESE_n": 1, "SE_calm": 9.2, "SE_calm_n": 1, "SE_low": 0.0, "SE_low_n": 0, "SE_med": 0.0, "SE_med_n": 0, "SE_high": 0.0, "SE_high_n": 0, "SE_mean": 9.2, "SE_n": 1, "SSE_calm": 5.1, "SSE_calm_n": 1, "SSE_low": 0.0, "SSE_low_n": 0, "SSE_med": 0.0, "SSE_med_n": 0, "SSE_high": 0.0, "SSE_high_n": 0, "SSE_mean": 5.1, "SSE_n": 1, "S_calm": 0.0, "S_calm_n": 0, "S_low": 0.0, "S_low_n": 0, "S_med": 0.0, "S_med_n": 0, "S_high": 0.0, "S_high_n": 0, "S_mean": 0, "S_n": 0, "SSW_calm": 9.5, "SSW_calm_n": 1, "SSW_low": 0.0, "SSW_low_n": 0, "SSW_med": 0.0, "SSW_med_n": 0, "SSW_high": 0.0, "SSW_high_n": 0, "SSW_mean": 9.5, "SSW_n": 1, "SW_calm": 6.9, "SW_calm_n": 4, "SW_low": 0.0, "SW_low_n": 0, "SW_med": 0.0, "SW_med_n": 0, "SW_high": 0.0, "SW_high_n": 0, "SW_mean": 6.9, "SW_n": 4, "WSW_calm": 0.0, "WSW_calm_n": 0, "WSW_low": 4.71, "WSW_low_n": 7, "WSW_med": 0.0, "WSW_med_n": 0, "WSW_high": 0.0, "WSW_high_n": 0, "WSW_mean": 4.71, "WSW_n": 7, "W_calm": 5.8, "W_calm_n": 1, "W_low": 4.48, "W_low_n": 5, "W_med": 0.0, "W_med_n": 0, "W_high": 0.0, "W_high_n": 0, "W_mean": 4.7, "W_n": 6, "WNW_calm": 0.0, "WNW_calm_n": 0, "WNW_low": 4.2, "WNW_low_n": 1, "WNW_med": 0.0, "WNW_med_n": 0, "WNW_high": 0.0, "WNW_high_n": 0, "WNW_mean": 4.2, "WNW_n": 1, "NW_calm": 0.0, "NW_calm_n": 0, "NW_low": 0.0, "NW_low_n": 0, "NW_med": 0.0, "NW_med_n": 0, "NW_high": 0.0, "NW_high_n": 0, "NW_mean": 0, "NW_n": 0, "NNW_calm": 0.0, "NNW_calm_n": 0, "NNW_low": 0.0, "NNW_low_n": 0, "NNW_med": 0.0, "NNW_med_n": 0, "NNW_high": 0.0, "NNW_high_n": 0, "NNW_mean": 0, "NNW_n": 0, "calm_percent": 27.3}}, {"type": "Feature", "geometry": {"type": "Point", "coordinates": [-114.138994, 51.08272]}, "properties": {"N_calm": 0.0, "N_calm_n": 0, "N_low": 4.5, "N_low_n": 4, "N_med": 0.95, "N_med_n": 2, "N_high": 0.0, "N_high_n": 0, "N_mean": 3.32, "N_n": 6, "overall_mean": 3.74, "n_total": 158, "station": "Calgary Varsity", "pollutant": "Fine Particulate Matter", "period": "Last 7 Days", "start_date": "2026-09-26 07:00", "end_date": "2026-10-03 05:00", "dominant_dir": "ESE", "dominant_value": 4.72, "dominant_percent": 3.2, "NNE_calm": 0.0, "NNE_calm_n": 0, "NNE_low": 2.5, "NNE_low_n": 1, "NNE_med": 1.5, "NNE_med_n": 2, "NNE_high": 0.0, "NNE_high_n": 0, "NNE_mean": 1.83, "NNE_n": 3, "NE_calm": 0.0, "NE_calm_n": 0, "NE_low": 0.0, "NE_low_n": 0, "NE_med": 0.0, "NE_med_n": 0, "NE_high": 0.0, "NE_high_n": 0, "NE_mean": 0, "NE_n": 0, "ENE_calm": 6.1, "ENE_calm_n": 1, "ENE_low": 1.7, "ENE_low_n": 1, "ENE_med": 0.0, "ENE_med_n": 0, "ENE_high": 0.0, "ENE_high_n": 0, "ENE_mean": 3.9, "ENE_n": 2, "E_calm": 0.0, "E_calm_n": 0, "E_low": 4.35, "E_low_n": 2, "E_med": 0.0, "E_med_n": 0, "E_high": 0.0, "E_high_n": 0, "E_mean": 4.35, "E_n": 2, "ESE_calm": 4.6, "ESE_calm_n": 1, "ESE_low": 4.75, "ESE_low_n": 4, "ESE_med": 0.0, "ESE_med_n": 0, "ESE_high": 0.0, "ESE_high_n": 0, "ESE_mean": 4.72, "ESE_n": 5, "SE_calm": 0.0, "SE_calm_n": 0, "SE_low": 4.72, "SE_low_n": 18, "SE_med": 0.0, "SE_med_n": 0, "SE_high": 0.0, "SE_high_n": 0, "SE_mean": 4.72, "SE_n": 18, "SSE_calm": 0.0, "SSE_calm_n": 0, "SSE_low": 2.2, "SSE_low_n": 3, "SSE_med": 0.0, "SSE_med_n": 0, "SSE_high": 0.0, "SSE_high_n": 0, "SSE_mean": 2.2, "SSE_n": 3, "S_calm": 0.0, "S_calm_n": 0, "S_low": 2.6, "S_low_n": 2, "S_med": 0.0, "S_med_n": 0, "S_high": 0.0, "S_high_n": 0, "S_mean": 2.6, "S_n": 2, "SSW_calm": 0.0, "SSW_calm_n": 0, "SSW_low": 1.97, "SSW_low_n": 3, "SSW_med": 0.0, "SSW_med_n": 0, "SSW_high": 0.0, "SSW_high_n": 0, "SSW_mean": 1.97, "SSW_n": 3, "SW_calm": 4.7, "SW_calm_n": 1, "SW_low": 4.7, "SW_low_n": 1, "SW_med": 0.0, "SW_med_n": 0, "SW_high": 0.0, "SW_high_n": 0, "SW_mean": 4.7, "SW_n": 2, "WSW_calm": 1.7, "WSW_calm_n": 1, "WSW_low": 2.97, "WSW_low_n": 11, "WSW_med": 2.13, "WSW_med_n": 3, "WSW_high": 0.0, "WSW_high_n": 0, "WSW_mean": 2.72, "WSW_n": 15, "W_calm": 5.7, "W_calm_n": 2, "W_low": 3.94, "W_low_n": 20, "W_med": 1.76, "W_med_n": 8, "W_high": 0.0, "W_high_n": 0, "W_mean": 3.48, "W_n": 30, "WNW_calm": 6.23, "WNW_calm_n": 3, "WNW_low": 3.91, "WNW_low_n": 44, "WNW_med": 0.0, "WNW_med_n": 0, "WNW_high": 0.0, "WNW_high_n": 0, "WNW_mean": 4.06, "WNW_n": 47, "NW_calm": 3.2, "NW_calm_n": 1, "NW_low": 4.24, "NW_low_n": 13, "NW_med": 0.0, "NW_med_n": 0, "NW_high": 0.0, "NW_high_n": 0, "NW_mean": 4.16, "NW_n": 14, "NNW_calm": 0.0, "NNW_calm_n": 0, "NNW_low": 3.72, "NNW_low_n": 5, "NNW_med": 0.8, "NNW_med_n": 1, "NNW_high": 0.0, "NNW_high_n": 0, "NNW_mean": 3.23, "NNW_n": 6, "calm_percent": 6.3}}, {"type": "Feature", "geometry": {"type": "Point", "coordinates": [-110.2330575, 54.4138811]}, "properties": {"N_calm": 2.65, "N_calm_n": 2, "N_low": 0.0, "N_low_n": 0, "N_med": 0.0, "N_med_n": 0, "N_high": 0.0, "N_high_n": 0, "N_mean": 2.65, "N_n": 2, "overall_mean": 2.29, "n_total": 165, "station": "Cold Lake South", "pollutant": "Fine Particulate Matter", "period": "Last 7 Days", "start_date": "2026-09-26 07:00", "end_date": "2026-10-03 05:00", "dominant_dir": "E", "dominant_value": 4.0, "dominant_percent": 1.8, "NNE_calm": 3.3, "NNE_calm_n": 3, "NNE_low": 3.6, "NNE_low_n": 1, "NNE_med": 0.0, "NNE_med_n": 0, "NNE_high": 0.0, "NNE_high_n": 0, "NNE_mean": 3.38, "NNE_n": 4, "NE_calm": 3.3, "NE_calm_n": 1, "NE_low": 0.0, "NE_low_n": 0, "NE_med": 0.0, "NE_med_n": 0, "NE_high": 0.0, "NE_high_n": 0, "NE_mean": 3.3, "NE_n": 1, "ENE_calm": 3.7, "ENE_calm_n": 2, "ENE_low": 3.8, "ENE_low_n": 2, "ENE_med": 0.0, "ENE_med_n": 0, "ENE_high": 0.0, "ENE_high_n": 0, "ENE_mean": 3.75, "ENE_n": 4, "E_calm": 4.0, "E_calm_n": 3, "E_low": 0.0, "E_low_n": 0, "E_med": 0.0, "E_med_n": 0, "E_high": 0.0, "E_high_n": 0, "E_mean": 4.0, "E_n": 3, "ESE_calm": 3.37, "ESE_calm_n": 6, "ESE_low": 0.0, "ESE_low_n": 0, "ESE_med": 0.0, "ESE_med_n": 0, "ESE_high": 0.0, "ESE_high_n": 0, "ESE_mean": 3.37, "ESE_n": 6, "SE_calm": 2.65, "SE_calm_n": 6, "SE_low": 0.0, "SE_low_n": 0, "SE_med": 0.0, "SE_med_n": 0, "SE_high": 0.0, "SE_high_n": 0, "SE_mean": 2.65, "SE_n": 6, "SSE_calm": 2.8, "SSE_calm_n": 5, "SSE_low": 0.0, "SSE_low_n": 0, "SSE_med": 0.0, "SSE_med_n": 0, "SSE_high": 0.0, "SSE_high_n": 0, "SSE_mean": 2.8, "SSE_n": 5, "S_calm": 2.4, "S_calm_n": 2, "S_low": 0.0, "S_low_n": 0, "S_med": 0.0, "S_med_n": 0, "S_high": 0.0, "S_high_n": 0, "S_mean": 2.4, "S_n": 2, "SSW_calm": 2.47, "SSW_calm_n": 3, "SSW_low": 4.03, "SSW_low_n": 3, "SSW_med": 0.0, "SSW_med_n": 0, "SSW_high": 0.0, "SSW_high_n": 0, "SSW_mean": 3.25, "SSW_n": 6, "SW_calm": 3.6, "SW_calm_n": 3, "SW_low": 3.48, "SW_low_n": 12, "SW_med": 0.0, "SW_med_n": 0, "SW_high": 0.0, "SW_high_n": 0, "SW_mean": 3.5, "SW_n": 15, "WSW_calm": 1.07, "WSW_calm_n": 3, "WSW_low": 2.0, "WSW_low_n": 29, "WSW_med": 1.99, "WSW_med_n": 17, "WSW_high": 0.0, "WSW_high_n": 0, "WSW_mean": 1.94, "WSW_n": 49, "W_calm": 2.42, "W_calm_n": 6, "W_low": 3.05, "W_low_n": 11, "W_med": 1.11, "W_med_n": 26, "W_high": 0.0, "W_high_n": 0, "W_mean": 1.79, "W_n": 43, "WNW_calm": 2.6, "WNW_calm_n": 3, "WNW_low": 0.6, "WNW_low_n": 1, "WNW_med": 1.18, "WNW_med_n": 5, "WNW_high": 0.0, "WNW_high_n": 0, "WNW_mean": 1.59, "WNW_n": 9, "NW_calm": 3.5, "NW_calm_n": 1, "NW_low": 2.05, "NW_low_n": 2, "NW_med": 0.8, "NW_med_n": 4, "NW_high": 0.0, "NW_high_n": 0, "NW_mean": 1.54, "NW_n": 7, "NNW_calm": 3.6, "NNW_calm_n": 1, "NNW_low": 0.7, "NNW_low_n": 1, "NNW_med": 0.8, "NNW_med_n": 1, "NNW_high": 0.0, "NNW_high_n": 0, "NNW_mean": 1.7, "NNW_n": 3, "calm_percent": 30.3}}, {"type": "Feature", "geometry": {"type": "Point", "coordinates": [-111.078872, 55.632331]}, "properties": {"N_calm": 0.0, "N_calm_n": 0, "N_low": 0.0, "N_low_n": 0, "N_med": 0.0, "N_med_n": 0, "N_high": 0.0, "N_high_n": 0, "N_mean": 0, "N_n": 0, "overall_mean": 1.84, "n_total": 167, "station": "Conklin Community", "pollutant": "Fine Particulate Matter", "period": "Last 7 Days", "start_date": "2026-09-26 07:00", "end_date": "2026-10-03 05:00", "dominant_dir": "NNW", "dominant_value": 3.36, "dominant_percent": 3.0, "NNE_calm": 1.2, "NNE_calm_n": 1, "NNE_low": 0.0, "NNE_low_n": 0, "NNE_med": 0.0, "NNE_med_n": 0, "NNE_high": 0.0, "NNE_high_n": 0, "NNE_mean": 1.2, "NNE_n": 1, "NE_calm": 0.0, "NE_calm_n": 0, "NE_low": 0.0, "NE_low_n": 0, "NE_med": 0.0, "NE_med_n": 0, "NE_high": 0.0, "NE_high_n": 0, "NE_mean": 0, "NE_n": 0, "ENE_calm": 0.0, "ENE_calm_n": 0, "ENE_low": 0.0, "ENE_low_n": 0, "ENE_med": 0.0, "ENE_med_n": 0, "ENE_high": 0.0, "ENE_high_n": 0, "ENE_mean": 0, "ENE_n": 0, "E_calm": 0.0, "E_calm_n": 0, "E_low": 0.0, "E_low_n": 0, "E_med": 0.0, "E_med_n": 0, "E_high": 0.0, "E_high_n": 0, "E_mean": 0, "E_n": 0, "ESE_calm": 0.0, "ESE_calm_n": 0, "ESE_low": 0.0, "ESE_low_n": 0, "ESE_med": 0.0, "ESE_med_n": 0, "ESE_high": 0.0, "ESE_high_n": 0, "ESE_mean": 0, "ESE_n": 0, "SE_calm": 0.0, "SE_calm_n": 0, "SE_low": 2.1, "SE_low_n": 2, "SE_med": 0.0, "SE_med_n": 0, "SE_high": 0.0, "SE_high_n": 0, "SE_mean": 2.1, "SE_n": 2, "SSE_calm": 2.15, "SSE_calm_n": 2, "SSE_low": 1.65, "SSE_low_n": 4, "SSE_med": 0.0, "SSE_med_n": 0, "SSE_high": 0.0, "SSE_high_n": 0, "SSE_mean": 1.82, "SSE_n": 6, "S_calm": 1.3, "S_calm_n": 1, "S_low": 2.85, "S_low_n": 15, "S_med": 0.0, "S_med_n": 0, "S_high": 0.0, "S_high_n": 0, "S_mean": 2.76, "S_n": 16, "SSW_calm": 5.0, "SSW_calm_n": 1, "SSW_low": 2.36, "SSW_low_n": 21, "SSW_med": 2.0, "SSW_med_n": 1, "SSW_high": 0.0, "SSW_high_n": 0, "SSW_mean": 2.46, "SSW_n": 23, "SW_calm": 0.0, "SW_calm_n": 0, "SW_low": 2.13, "SW_low_n": 12, "SW_med": 1.59, "SW_med_n": 25, "SW_high": 0.0, "SW_high_n": 0, "SW_mean": 1.76, "SW_n": 37, "WSW_calm": 0.0, "WSW_calm_n": 0, "WSW_low": 2.04, "WSW_low_n": 9, "WSW_med": 1.54, "WSW_med_n": 16, "WSW_high": 0.0, "WSW_high_n": 0, "WSW_mean": 1.72, "WSW_n": 25, "W_calm": 1.7, "W_calm_n": 1, "W_low": 1.88, "W_low_n": 15, "W_med": 0.79, "W_med_n": 16, "W_high": 0.0, "W_high_n": 0, "W_mean": 1.33, "W_n": 32, "WNW_calm": 0.0, "WNW_calm_n": 0, "WNW_low": 1.7, "WNW_low_n": 7, "WNW_med": 1.05, "WNW_med_n": 2, "WNW_high": 0.0, "WNW_high_n": 0, "WNW_mean": 1.56, "WNW_n": 9, "NW_calm": 0.0, "NW_calm_n": 0, "NW_low": 1.18, "NW_low_n": 5, "NW_med": 0.53, "NW_med_n": 6, "NW_high": 0.0, "NW_high_n": 0, "NW_mean": 0.83, "NW_n": 11, "NNW_calm": 0.0, "NNW_calm_n": 0, "NNW_low": 3.36, "NNW_low_n": 5, "NNW_med": 0.0, "NNW_med_n": 0, "NNW_high": 0.0, "NNW_high_n": 0, "NNW_mean": 3.36, "NNW_n": 5, "calm_percent": 3.6}}, {"type": "Feature", "geometry": {"type": "Point", "coordinates": [-114.983408, 53.220056]}, "properties": {"N_calm": 12.5, "N_calm_n": 1, "N_low": 0.0, "N_low_n": 0, "N_med": 0.0, "N_med_n": 0, "N_high": 0.0, "N_high_n": 0, "N_mean": 12.5, "N_n": 1, "overall_mean": 6.38, "n_total": 160, "station": "Drayton Valley", "pollutant": "Fine Particulate Matter", "period": "Last 7 Days", "start_date": "2026-09-26 13:00", "end_date": "2026-10-03 06:00", "dominant_dir": "E", "dominant_value": 15.2, "dominant_percent": 0.6, "NNE_calm": 0.0, "NNE_calm_n": 0, "NNE_low": 0.0, "NNE_low_n": 0, "NNE_med": 0.0, "NNE_med_n": 0, "NNE_high": 0.0, "NNE_high_n": 0, "NNE_mean": 0, "NNE_n": 0, "NE_calm": 0.0, "NE_calm_n": 0, "NE_low": 0.0, "NE_low_n": 0, "NE_med": 0.0, "NE_med_n": 0, "NE_high": 0.0, "NE_high_n": 0, "NE_mean": 0, "NE_n": 0, "ENE_calm": 0.0, "ENE_calm_n": 0, "ENE_low": 0.0, "ENE_low_n": 0, "ENE_med": 0.0, "ENE_med_n": 0, "ENE_high": 0.0, "ENE_high_n": 0, "ENE_mean": 0, "ENE_n": 0, "E_calm": 15.2, "E_calm_n": 1, "E_low": 0.0, "E_low_n": 0, "E_med": 0.0, "E_med_n": 0, "E_high": 0.0, "E_high_n": 0, "E_mean": 15.2, "E_n": 1, "ESE_calm": 0.0, "ESE_calm_n": 0, "ESE_low": 4.4, "ESE_low_n": 2, "ESE_med": 0.0, "ESE_med_n": 0, "ESE_high": 0.0, "ESE_high_n": 0, "ESE_mean": 4.4, "ESE_n": 2, "SE_calm": 0.0, "SE_calm_n": 0, "SE_low": 4.85, "SE_low_n": 2, "SE_med": 3.6, "SE_med_n": 1, "SE_high": 0.0, "SE_high_n": 0, "SE_mean": 4.43, "SE_n": 3, "SSE_calm": 9.47, "SSE_calm_n": 3, "SSE_low": 5.81, "SSE_low_n": 15, "SSE_med": 0.0, "SSE_med_n": 0, "SSE_high": 0.0, "SSE_high_n": 0, "SSE_mean": 6.42, "SSE_n": 18, "S_calm": 6.5, "S_calm_n": 1, "S_low": 6.8, "S_low_n": 36, "S_med": 0.0, "S_med_n": 0, "S_high": 0.0, "S_high_n": 0, "S_mean": 6.79, "S_n": 37, "SSW_calm": 0.0, "SSW_calm_n": 0, "SSW_low": 4.66, "SSW_low_n": 22, "SSW_med": 0.0, "SSW_med_n": 0, "SSW_high": 0.0, "SSW_high_n": 0, "SSW_mean": 4.66, "SSW_n": 22, "SW_calm": 0.0, "SW_calm_n": 0, "SW_low": 13.97, "SW_low_n": 4, "SW_med": 0.0, "SW_med_n": 0, "SW_high": 0.0, "SW_high_n": 0, "SW_mean": 13.97, "SW_n": 4, "WSW_calm": 5.3, "WSW_calm_n": 1, "WSW_low": 9.84, "WSW_low_n": 5, "WSW_med": 0.0, "WSW_med_n": 0, "WSW_high": 0.0, "WSW_high_n": 0, "WSW_mean": 9.08, "WSW_n": 6, "W_calm": 8.27, "W_calm_n": 3, "W_low": 5.54, "W_low_n": 9, "W_med": 7.63, "W_med_n": 3, "W_high": 0.0, "W_high_n": 0, "W_mean": 6.51, "W_n": 15, "WNW_calm": 13.5, "WNW_calm_n": 1, "WNW_low": 9.44, "WNW_low_n": 7, "WNW_med": 4.89, "WNW_med_n": 18, "WNW_high": 0.0, "WNW_high_n": 0, "WNW_mean": 6.45, "WNW_n": 26, "NW_calm": 11.35, "NW_calm_n": 2, "NW_low": 3.5, "NW_low_n": 6, "NW_med": 4.68, "NW_med_n": 11, "NW_high": 0.0, "NW_high_n": 0, "NW_mean": 5.01, "NW_n": 19, "NNW_calm": 0.0, "NNW_calm_n": 0, "NNW_low": 5.12, "NNW_low_n": 4, "NNW_med": 5.15, "NNW_med_n": 2, "NNW_high": 0.0, "NNW_high_n": 0, "NNW_mean": 5.13, "NNW_n": 6, "calm_percent": 8.1}}, {"type": "Feature", "geometry": {"type": "Point", "coordinates": [-113.3680856, 53.5482115]}, "properties": {"N_calm": 0.0, "N_calm_n": 0, "N_low": 3.9, "N_low_n": 2, "N_med": 0.0, "N_med_n": 0, "N_high": 0.0, "N_high_n": 0, "N_mean": 3.9, "N_n": 2, "overall_mean": 4.14, "n_total": 166, "station": "Edmonton East", "pollutant": "Fine Particulate Matter", "period": "Last 7 Days", "start_date": "2026-09-26 07:00", "end_date": "2026-10-03 06:00", "dominant_dir": "SSW", "dominant_value": 6.36, "dominant_percent": 15.7, "NNE_calm": 0.0, "NNE_calm_n": 0, "NNE_low": 0.0, "NNE_low_n": 0, "NNE_med": 0.0, "NNE_med_n": 0, "NNE_high": 0.0, "NNE_high_n": 0, "NNE_mean": 0, "NNE_n": 0, "NE_calm": 0.0, "NE_calm_n": 0, "NE_low": 0.0, "NE_low_n": 0, "NE_med": 0.0, "NE_med_n": 0, "NE_high": 0.0, "NE_high_n": 0, "NE_mean": 0, "NE_n": 0, "ENE_calm": 0.0, "ENE_calm_n": 0, "ENE_low": 0.0, "ENE_low_n": 0, "ENE_med": 0.0, "ENE_med_n": 0, "ENE_high": 0.0, "ENE_high_n": 0, "ENE_mean": 0, "ENE_n": 0, "E_calm": 0.0, "E_calm_n": 0, "E_low": 0.0, "E_low_n": 0, "E_med": 0.0, "E_med_n": 0, "E_high": 0.0, "E_high_n": 0, "E_mean": 0, "E_n": 0, "ESE_calm": 0.0, "ESE_calm_n": 0, "ESE_low": 4.6, "ESE_low_n": 1, "ESE_med": 0.0, "ESE_med_n": 0, "ESE_high": 0.0, "ESE_high_n": 0, "ESE_mean": 4.6, "ESE_n": 1, "SE_calm": 0.0, "SE_calm_n": 0, "SE_low": 4.09, "SE_low_n": 10, "SE_med": 0.0, "SE_med_n": 0, "SE_high": 0.0, "SE_high_n": 0, "SE_mean": 4.09, "SE_n": 10, "SSE_calm": 4.2, "SSE_calm_n": 1, "SSE_low": 4.6, "SSE_low_n": 1, "SSE_med": 0.0, "SSE_med_n": 0, "SSE_high": 0.0, "SSE_high_n": 0, "SSE_mean": 4.4, "SSE_n": 2, "S_calm": 0.0, "S_calm_n": 0, "S_low": 5.83, "S_low_n": 31, "S_med": 0.0, "S_med_n": 0, "S_high": 0.0, "S_high_n": 0, "S_mean": 5.83, "S_n": 31, "SSW_calm": 0.0, "SSW_calm_n": 0, "SSW_low": 6.36, "SSW_low_n": 26, "SSW_med": 0.0, "SSW_med_n": 0, "SSW_high": 0.0, "SSW_high_n": 0, "SSW_mean": 6.36, "SSW_n": 26, "SW_calm": 0.0, "SW_calm_n": 0, "SW_low": 4.2, "SW_low_n": 3, "SW_med": 2.1, "SW_med_n": 6, "SW_high": 0.0, "SW_high_n": 0, "SW_mean": 2.8, "SW_n": 9, "WSW_calm": 0.0, "WSW_calm_n": 0, "WSW_low": 3.9, "WSW_low_n": 6, "WSW_med": 2.44, "WSW_med_n": 9, "WSW_high": 0.0, "WSW_high_n": 0, "WSW_mean": 3.03, "WSW_n": 15, "W_calm": 0.0, "W_calm_n": 0, "W_low": 5.02, "W_low_n": 5, "W_med": 2.5, "W_med_n": 5, "W_high": 0.0, "W_high_n": 0, "W_mean": 3.76, "W_n": 10, "WNW_calm": 0.0, "WNW_calm_n": 0, "WNW_low": 4.89, "WNW_low_n": 9, "WNW_med": 1.99, "WNW_med_n": 35, "WNW_high": 1.2, "WNW_high_n": 1, "WNW_mean": 2.55, "WNW_n": 45, "NW_calm": 0.0, "NW_calm_n": 0, "NW_low": 6.15, "NW_low_n": 2, "NW_med": 3.18, "NW_med_n": 11, "NW_high": 0.0, "NW_high_n": 0, "NW_mean": 3.64, "NW_n": 13, "NNW_calm": 0.0, "NNW_calm_n": 0, "NNW_low": 4.4, "NNW_low_n": 2, "NNW_med": 0.0, "NNW_med_n": 0, "NNW_high": 0.0, "NNW_high_n": 0, "NNW_mean": 4.4, "NNW_n": 2, "calm_percent": 0.6}}, {"type": "Feature", "geometry": {"type": "Point", "coordinates": [-113.527, 53.4978]}, "properties": {"N_calm": 5.75, "N_calm_n": 2, "N_low": 0.0, "N_low_n": 0, "N_med": 0.0, "N_med_n": 0, "N_high": 0.0, "N_high_n": 0, "N_mean": 5.75, "N_n": 2, "overall_mean": 3.24, "n_total": 166, "station": "Edmonton Lendrum", "pollutant": "Fine Particulate Matter", "period": "Last 7 Days", "start_date": "2026-09-26 07:00", "end_date": "2026-10-03 06:00", "dominant_dir": "E", "dominant_value": 6.01, "dominant_percent": 4.2, "NNE_calm": 4.33, "NNE_calm_n": 3, "NNE_low": 0.0, "NNE_low_n": 0, "NNE_med": 0.0, "NNE_med_n": 0, "NNE_high": 0.0, "NNE_high_n": 0, "NNE_mean": 4.33, "NNE_n": 3, "NE_calm": 3.7, "NE_calm_n": 2, "NE_low": 0.0, "NE_low_n": 0, "NE_med": 0.0, "NE_med_n": 0, "NE_high": 0.0, "NE_high_n": 0, "NE_mean": 3.7, "NE_n": 2, "ENE_calm": 4.26, "ENE_calm_n": 5, "ENE_low": 0.0, "ENE_low_n": 0, "ENE_med": 0.0, "ENE_med_n": 0, "ENE_high": 0.0, "ENE_high_n": 0, "ENE_mean": 4.26, "ENE_n": 5, "E_calm": 5.15, "E_calm_n": 4, "E_low": 7.17, "E_low_n": 3, "E_med": 0.0, "E_med_n": 0, "E_high": 0.0, "E_high_n": 0, "E_mean": 6.01, "E_n": 7, "ESE_calm": 3.73, "ESE_calm_n": 3, "ESE_low": 2.8, "ESE_low_n": 1, "ESE_med": 0.0, "ESE_med_n": 0, "ESE_high": 0.0, "ESE_high_n": 0, "ESE_mean": 3.5, "ESE_n": 4, "SE_calm": 0.0, "SE_calm_n": 0, "SE_low": 0.0, "SE_low_n": 0, "SE_med": 0.0, "SE_med_n": 0, "SE_high": 0.0, "SE_high_n": 0, "SE_mean": 0, "SE_n": 0, "SSE_calm": 0.0, "SSE_calm_n": 0, "SSE_low": 0.0, "SSE_low_n": 0, "SSE_med": 0.0, "SSE_med_n": 0, "SSE_high": 0.0, "SSE_high_n": 0, "SSE_mean": 0, "SSE_n": 0, "S_calm": 0.0, "S_calm_n": 0, "S_low": 0.0, "S_low_n": 0, "S_med": 0.0, "S_med_n": 0, "S_high": 0.0, "S_high_n": 0, "S_mean": 0, "S_n": 0, "SSW_calm": 5.5, "SSW_calm_n": 2, "SSW_low": 0.0, "SSW_low_n": 0, "SSW_med": 0.0, "SSW_med_n": 0, "SSW_high": 0.0, "SSW_high_n": 0, "SSW_mean": 5.5, "SSW_n": 2, "SW_calm": 3.68, "SW_calm_n": 13, "SW_low": 2.12, "SW_low_n": 9, "SW_med": 0.0, "SW_med_n": 0, "SW_high": 0.0, "SW_high_n": 0, "SW_mean": 3.05, "SW_n": 22, "WSW_calm": 5.01, "WSW_calm_n": 9, "WSW_low": 1.91, "WSW_low_n": 17, "WSW_med": 0.0, "WSW_med_n": 0, "WSW_high": 0.0, "WSW_high_n": 0, "WSW_mean": 2.98, "WSW_n": 26, "W_calm": 6.97, "W_calm_n": 4, "W_low": 2.64, "W_low_n": 26, "W_med": 1.37, "W_med_n": 17, "W_high": 0.0, "W_high_n": 0, "W_mean": 2.55, "W_n": 47, "WNW_calm": 6.0, "WNW_calm_n": 5, "WNW_low": 5.03, "WNW_low_n": 4, "WNW_med": 1.9, "WNW_med_n": 27, "WNW_high": 0.0, "WNW_high_n": 0, "WNW_mean": 2.81, "WNW_n": 36, "NW_calm": 0.0, "NW_calm_n": 0, "NW_low": 5.67, "NW_low_n": 4, "NW_med": 4.45, "NW_med_n": 2, "NW_high": 0.0, "NW_high_n": 0, "NW_mean": 5.27, "NW_n": 6, "NNW_calm": 6.3, "NNW_calm_n": 3, "NNW_low": 1.0, "NNW_low_n": 1, "NNW_med": 0.0, "NNW_med_n": 0, "NNW_high": 0.0, "NNW_high_n": 0, "NNW_mean": 4.97, "NNW_n": 4, "calm_percent": 33.1}}, {"type": "Feature", "geometry": {"type": "Point", "coordinates": [-113.48593, 53.549509]}, "properties": {"N_calm": 0.0, "N_calm_n": 0, "N_low": 0.0, "N_low_n": 0, "N_med": 0.0, "N_med_n": 0, "N_high": 0.0, "N_high_n": 0, "N_mean": 0, "N_n": 0, "overall_mean": 7.71, "n_total": 166, "station": "Edmonton McCauley", "pollutant": "Fine Particulate Matter", "period": "Last 7 Days", "start_date": "2026-09-26 07:00", "end_date": "2026-10-03 06:00", "dominant_dir": "NNW", "dominant_value": 18.9, "dominant_percent": 1.2, "NNE_calm": 11.3, "NNE_calm_n": 1, "NNE_low": 0.0, "NNE_low_n": 0, "NNE_med": 0.0, "NNE_med_n": 0, "NNE_high": 0.0, "NNE_high_n": 0, "NNE_mean": 11.3, "NNE_n": 1, "NE_calm": 0.0, "NE_calm_n": 0, "NE_low": 0.0, "NE_low_n": 0, "NE_med": 0.0, "NE_med_n": 0, "NE_high": 0.0, "NE_high_n": 0, "NE_mean": 0, "NE_n": 0, "ENE_calm": 0.0, "ENE_calm_n": 0, "ENE_low": 0.0, "ENE_low_n": 0, "ENE_med": 0.0, "ENE_med_n": 0, "ENE_high": 0.0, "ENE_high_n": 0, "ENE_mean": 0, "ENE_n": 0, "E_calm": 0.0, "E_calm_n": 0, "E_low": 0.0, "E_low_n": 0, "E_med": 0.0, "E_med_n": 0, "E_high": 0.0, "E_high_n": 0, "E_mean": 0, "E_n": 0, "ESE_calm": 0.0, "ESE_calm_n": 0, "ESE_low": 10.14, "ESE_low_n": 5, "ESE_med": 0.0, "ESE_med_n": 0, "ESE_high": 0.0, "ESE_high_n": 0, "ESE_mean": 10.14, "ESE_n": 5, "SE_calm": 0.0, "SE_calm_n": 0, "SE_low": 9.11, "SE_low_n": 11, "SE_med": 0.0, "SE_med_n": 0, "SE_high": 0.0, "SE_high_n": 0, "SE_mean": 9.11, "SE_n": 11, "SSE_calm": 0.0, "SSE_calm_n": 0, "SSE_low": 8.36, "SSE_low_n": 15, "SSE_med": 0.0, "SSE_med_n": 0, "SSE_high": 0.0, "SSE_high_n": 0, "SSE_mean": 8.36, "SSE_n": 15, "S_calm": 0.0, "S_calm_n": 0, "S_low": 4.79, "S_low_n": 8, "S_med": 0.0, "S_med_n": 0, "S_high": 0.0, "S_high_n": 0, "S_mean": 4.79, "S_n": 8, "SSW_calm": 0.0, "SSW_calm_n": 0, "SSW_low": 4.83, "SSW_low_n": 8, "SSW_med": 0.0, "SSW_med_n": 0, "SSW_high": 0.0, "SSW_high_n": 0, "SSW_mean": 4.83, "SSW_n": 8, "SW_calm": 0.0, "SW_calm_n": 0, "SW_low": 3.41, "SW_low_n": 7, "SW_med": 0.0, "SW_med_n": 0, "SW_high": 0.0, "SW_high_n": 0, "SW_mean": 3.41, "SW_n": 7, "WSW_calm": 0.0, "WSW_calm_n": 0, "WSW_low": 4.56, "WSW_low_n": 14, "WSW_med": 3.2, "WSW_med_n": 1, "WSW_high": 0.0, "WSW_high_n": 0, "WSW_mean": 4.47, "WSW_n": 15, "W_calm": 0.0, "W_calm_n": 0, "W_low": 9.42, "W_low_n": 31, "W_med": 4.29, "W_med_n": 11, "W_high": 0.0, "W_high_n": 0, "W_mean": 8.08, "W_n": 42, "WNW_calm": 0.0, "WNW_calm_n": 0, "WNW_low": 19.02, "WNW_low_n": 12, "WNW_med": 4.1, "WNW_med_n": 25, "WNW_high": 0.0, "WNW_high_n": 0, "WNW_mean": 8.94, "WNW_n": 37, "NW_calm": 0.0, "NW_calm_n": 0, "NW_low": 10.28, "NW_low_n": 9, "NW_med": 4.0, "NW_med_n": 6, "NW_high": 0.0, "NW_high_n": 0, "NW_mean": 7.77, "NW_n": 15, "NNW_calm": 0.0, "NNW_calm_n": 0, "NNW_low": 18.9, "NNW_low_n": 2, "NNW_med": 0.0, "NNW_med_n": 0, "NNW_high": 0.0, "NNW_high_n": 0, "NNW_mean": 18.9, "NNW_n": 2, "calm_percent": 0.6}}, {"type": "Feature", "geometry": {"type": "Point", "coordinates": [-116.392778, 53.593611]}, "properties": {"N_calm": 0.0, "N_calm_n": 0, "N_low": 0.0, "N_low_n": 0, "N_med": 0.0, "N_med_n": 0, "N_high": 0.0, "N_high_n": 0, "N_mean": 0, "N_n": 0, "overall_mean": 4.03, "n_total": 165, "station": "Edson", "pollutant": "Fine Particulate Matter", "period": "Last 7 Days", "start_date": "2026-09-26 07:00", "end_date": "2026-10-03 05:00", "dominant_dir": "WSW", "dominant_value": 7.39, "dominant_percent": 32.7, "NNE_calm": 0.0, "NNE_calm_n": 0, "NNE_low": 1.4, "NNE_low_n": 2, "NNE_med": 0.0, "NNE_med_n": 0, "NNE_high": 0.0, "NNE_high_n": 0, "NNE_mean": 1.4, "NNE_n": 2, "NE_calm": 0.0, "NE_calm_n": 0, "NE_low": 1.03, "NE_low_n": 3, "NE_med": 0.0, "NE_med_n": 0, "NE_high": 0.0, "NE_high_n": 0, "NE_mean": 1.03, "NE_n": 3, "ENE_calm": 0.0, "ENE_calm_n": 0, "ENE_low": 0.0, "ENE_low_n": 0, "ENE_med": 0.0, "ENE_med_n": 0, "ENE_high": 0.0, "ENE_high_n": 0, "ENE_mean": 0, "ENE_n": 0, "E_calm": 0.0, "E_calm_n": 0, "E_low": 2.5, "E_low_n": 1, "E_med": 0.0, "E_med_n": 0, "E_high": 0.0, "E_high_n": 0, "E_mean": 2.5, "E_n": 1, "ESE_calm": 0.0, "ESE_calm_n": 0, "ESE_low": 0.0, "ESE_low_n": 0, "ESE_med": 0.0, "ESE_med_n": 0, "ESE_high": 0.0, "ESE_high_n": 0, "ESE_mean": 0, "ESE_n": 0, "SE_calm": 2.9, "SE_calm_n": 1, "SE_low": 0.0, "SE_low_n": 0, "SE_med": 0.0, "SE_med_n": 0, "SE_high": 0.0, "SE_high_n": 0, "SE_mean": 2.9, "SE_n": 1, "SSE_calm": 0.0, "SSE_calm_n": 0, "SSE_low": 1.8, "SSE_low_n": 1, "SSE_med": 0.0, "SSE_med_n": 0, "SSE_high": 0.0, "SSE_high_n": 0, "SSE_mean": 1.8, "SSE_n": 1, "S_calm": 2.2, "S_calm_n": 1, "S_low": 0.0, "S_low_n": 0, "S_med": 0.0, "S_med_n": 0, "S_high": 0.0, "S_high_n": 0, "S_mean": 2.2, "S_n": 1, "SSW_calm": 0.0, "SSW_calm_n": 0, "SSW_low": 0.0, "SSW_low_n": 0, "SSW_med": 0.0, "SSW_med_n": 0, "SSW_high": 0.0, "SSW_high_n": 0, "SSW_mean": 0, "SSW_n": 0, "SW_calm": 2.6, "SW_calm_n": 3, "SW_low": 5.06, "SW_low_n": 9, "SW_med": 0.0, "SW_med_n": 0, "SW_high": 0.0, "SW_high_n": 0, "SW_mean": 4.44, "SW_n": 12, "WSW_calm": 1.4, "WSW_calm_n": 1, "WSW_low": 8.22, "WSW_low_n": 47, "WSW_med": 1.87, "WSW_med_n": 6, "WSW_high": 0.0, "WSW_high_n": 0, "WSW_mean": 7.39, "WSW_n": 54, "W_calm": 1.3, "W_calm_n": 1, "W_low": 3.57, "W_low_n": 46, "W_med": 0.0, "W_med_n": 0, "W_high": 0.0, "W_high_n": 0, "W_mean": 3.52, "W_n": 47, "WNW_calm": 0.0, "WNW_calm_n": 0, "WNW_low": 0.68, "WNW_low_n": 14, "WNW_med": 0.77, "WNW_med_n": 15, "WNW_high": 0.0, "WNW_high_n": 0, "WNW_mean": 0.73, "WNW_n": 29, "NW_calm": 0.0, "NW_calm_n": 0, "NW_low": 0.88, "NW_low_n": 9, "NW_med": 0.6, "NW_med_n": 3, "NW_high": 0.0, "NW_high_n": 0, "NW_mean": 0.81, "NW_n": 12, "NNW_calm": 0.0, "NNW_calm_n": 0, "NNW_low": 0.8, "NNW_low_n": 2, "NNW_med": 0.0, "NNW_med_n": 0, "NNW_high": 0.0, "NNW_high_n": 0, "NNW_mean": 0.8, "NNW_n": 2, "calm_percent": 4.2}}, {"type": "Feature", "geometry": {"type": "Point", "coordinates": [-112.8681, 53.6824]}, "properties": {"N_calm": 0.0, "N_calm_n": 0, "N_low": 0.0, "N_low_n": 0, "N_med": 0.0, "N_med_n": 0, "N_high": 0.0, "N_high_n": 0, "N_mean": 0, "N_n": 0, "overall_mean": 2.46, "n_total": 150, "station": "Elk Island", "pollutant": "Fine Particulate Matter", "period": "Last 7 Days", "start_date": "2026-09-26 07:00", "end_date": "2026-10-03 02:00", "dominant_dir": "SSE", "dominant_value": 4.42, "dominant_percent": 8.0, "NNE_calm": 0.0, "NNE_calm_n": 0, "NNE_low": 0.0, "NNE_low_n": 0, "NNE_med": 0.0, "NNE_med_n": 0, "NNE_high": 0.0, "NNE_high_n": 0, "NNE_mean": 0, "NNE_n": 0, "NE_calm": 0.0, "NE_calm_n": 0, "NE_low": 0.0, "NE_low_n": 0, "NE_med": 0.0, "NE_med_n": 0, "NE_high": 0.0, "NE_high_n": 0, "NE_mean": 0, "NE_n": 0, "ENE_calm": 0.0, "ENE_calm_n": 0, "ENE_low": 0.0, "ENE_low_n": 0, "ENE_med": 0.0, "ENE_med_n": 0, "ENE_high": 0.0, "ENE_high_n": 0, "ENE_mean": 0, "ENE_n": 0, "E_calm": 0.0, "E_calm_n": 0, "E_low": 0.0, "E_low_n": 0, "E_med": 0.0, "E_med_n": 0, "E_high": 0.0, "E_high_n": 0, "E_mean": 0, "E_n": 0, "ESE_calm": 2.75, "ESE_calm_n": 2, "ESE_low": 2.93, "ESE_low_n": 3, "ESE_med": 0.0, "ESE_med_n": 0, "ESE_high": 0.0, "ESE_high_n": 0, "ESE_mean": 2.86, "ESE_n": 5, "SE_calm": 2.53, "SE_calm_n": 3, "SE_low": 6.05, "SE_low_n": 2, "SE_med": 0.0, "SE_med_n": 0, "SE_high": 0.0, "SE_high_n": 0, "SE_mean": 3.94, "SE_n": 5, "SSE_calm": 3.43, "SSE_calm_n": 3, "SSE_low": 4.74, "SSE_low_n": 9, "SSE_med": 0.0, "SSE_med_n": 0, "SSE_high": 0.0, "SSE_high_n": 0, "SSE_mean": 4.42, "SSE_n": 12, "S_calm": 2.5, "S_calm_n": 2, "S_low": 2.3, "S_low_n": 4, "S_med": 0.0, "S_med_n": 0, "S_high": 0.0, "S_high_n": 0, "S_mean": 2.37, "S_n": 6, "SSW_calm": 2.03, "SSW_calm_n": 3, "SSW_low": 1.6, "SSW_low_n": 1, "SSW_med": 0.0, "SSW_med_n": 0, "SSW_high": 0.0, "SSW_high_n": 0, "SSW_mean": 1.92, "SSW_n": 4, "SW_calm": 1.49, "SW_calm_n": 7, "SW_low": 0.9, "SW_low_n": 6, "SW_med": 0.0, "SW_med_n": 0, "SW_high": 0.0, "SW_high_n": 0, "SW_mean": 1.22, "SW_n": 13, "WSW_calm": 2.11, "WSW_calm_n": 14, "WSW_low": 1.22, "WSW_low_n": 10, "WSW_med": 0.0, "WSW_med_n": 0, "WSW_high": 0.0, "WSW_high_n": 0, "WSW_mean": 1.74, "WSW_n": 24, "W_calm": 2.34, "W_calm_n": 16, "W_low": 1.76, "W_low_n": 17, "W_med": 0.0, "W_med_n": 0, "W_high": 0.0, "W_high_n": 0, "W_mean": 2.04, "W_n": 33, "WNW_calm": 3.3, "WNW_calm_n": 3, "WNW_low": 2.84, "WNW_low_n": 35, "WNW_med": 1.8, "WNW_med_n": 2, "WNW_high": 0.0, "WNW_high_n": 0, "WNW_mean": 2.82, "WNW_n": 40, "NW_calm": 4.9, "NW_calm_n": 1, "NW_low": 2.94, "NW_low_n": 5, "NW_med": 2.2, "NW_med_n": 1, "NW_high": 0.0, "NW_high_n": 0, "NW_mean": 3.11, "NW_n": 7, "NNW_calm": 0.0, "NNW_calm_n": 0, "NNW_low": 1.3, "NNW_low_n": 1, "NNW_med": 0.0, "NNW_med_n": 0, "NNW_high": 0.0, "NNW_high_n": 0, "NNW_mean": 1.3, "NNW_n": 1, "calm_percent": 36.0}}, {"type": "Feature", "geometry": {"type": "Point", "coordinates": [-111.722081, 57.24118]}, "properties": {"N_calm": 0.0, "N_calm_n": 0, "N_low": 0.0, "N_low_n": 0, "N_med": 3.0, "N_med_n": 2, "N_high": 2.6, "N_high_n": 1, "N_mean": 2.87, "N_n": 3, "overall_mean": 1.66, "n_total": 147, "station": "Ells River", "pollutant": "Fine Particulate Matter", "period": "Last 7 Days", "start_date": "2026-09-26 07:00", "end_date": "2026-10-03 05:00", "dominant_dir": "E", "dominant_value": 3.53, "dominant_percent": 2.0, "NNE_calm": 0.0, "NNE_calm_n": 0, "NNE_low": 3.1, "NNE_low_n": 1, "NNE_med": 0.0, "NNE_med_n": 0, "NNE_high": 0.0, "NNE_high_n": 0, "NNE_mean": 3.1, "NNE_n": 1, "NE_calm": 0.0, "NE_calm_n": 0, "NE_low": 0.0, "NE_low_n": 0, "NE_med": 0.0, "NE_med_n": 0, "NE_high": 0.0, "NE_high_n": 0, "NE_mean": 0, "NE_n": 0, "ENE_calm": 0.0, "ENE_calm_n": 0, "ENE_low": 0.0, "ENE_low_n": 0, "ENE_med": 0.0, "ENE_med_n": 0, "ENE_high": 0.0, "ENE_high_n": 0, "ENE_mean": 0, "ENE_n": 0, "E_calm": 4.3, "E_calm_n": 1, "E_low": 3.15, "E_low_n": 2, "E_med": 0.0, "E_med_n": 0, "E_high": 0.0, "E_high_n": 0, "E_mean": 3.53, "E_n": 3, "ESE_calm": 0.0, "ESE_calm_n": 0, "ESE_low": 2.65, "ESE_low_n": 2, "ESE_med": 0.0, "ESE_med_n": 0, "ESE_high": 0.0, "ESE_high_n": 0, "ESE_mean": 2.65, "ESE_n": 2, "SE_calm": 0.0, "SE_calm_n": 0, "SE_low": 2.94, "SE_low_n": 5, "SE_med": 0.0, "SE_med_n": 0, "SE_high": 0.0, "SE_high_n": 0, "SE_mean": 2.94, "SE_n": 5, "SSE_calm": 0.0, "SSE_calm_n": 0, "SSE_low": 2.55, "SSE_low_n": 12, "SSE_med": 2.08, "SSE_med_n": 4, "SSE_high": 0.0, "SSE_high_n": 0, "SSE_mean": 2.43, "SSE_n": 16, "S_calm": 0.0, "S_calm_n": 0, "S_low": 3.17, "S_low_n": 8, "S_med": 3.1, "S_med_n": 6, "S_high": 0.0, "S_high_n": 0, "S_mean": 3.14, "S_n": 14, "SSW_calm": 0.0, "SSW_calm_n": 0, "SSW_low": 1.7, "SSW_low_n": 10, "SSW_med": 0.85, "SSW_med_n": 2, "SSW_high": 0.0, "SSW_high_n": 0, "SSW_mean": 1.56, "SSW_n": 12, "SW_calm": 0.0, "SW_calm_n": 0, "SW_low": 2.05, "SW_low_n": 4, "SW_med": 1.63, "SW_med_n": 15, "SW_high": 0.0, "SW_high_n": 0, "SW_mean": 1.72, "SW_n": 19, "WSW_calm": 1.0, "WSW_calm_n": 2, "WSW_low": 2.15, "WSW_low_n": 4, "WSW_med": 1.19, "WSW_med_n": 12, "WSW_high": 0.0, "WSW_high_n": 0, "WSW_mean": 1.38, "WSW_n": 18, "W_calm": 2.8, "W_calm_n": 1, "W_low": 2.13, "W_low_n": 7, "W_med": 0.49, "W_med_n": 24, "W_high": 0.0, "W_high_n": 0, "W_mean": 0.92, "W_n": 32, "WNW_calm": 0.0, "WNW_calm_n": 0, "WNW_low": 0.6, "WNW_low_n": 1, "WNW_med": 0.29, "WNW_med_n": 11, "WNW_high": 0.0, "WNW_high_n": 0, "WNW_mean": 0.32, "WNW_n": 12, "NW_calm": 0.0, "NW_calm_n": 0, "NW_low": 1.2, "NW_low_n": 1, "NW_med": 0.61, "NW_med_n": 8, "NW_high": 0.0, "NW_high_n": 0, "NW_mean": 0.68, "NW_n": 9, "NNW_calm": 0.0, "NNW_calm_n": 0, "NNW_low": 0.0, "NNW_low_n": 0, "NNW_med": 3.4, "NNW_med_n": 1, "NNW_high": 0.0, "NNW_high_n": 0, "NNW_mean": 3.4, "NNW_n": 1, "calm_percent": 2.7}}, {"type": "Feature", "geometry": {"type": "Point", "coordinates": [-113.7607143, 53.4980544]}, "properties": {"N_calm": 0.0, "N_calm_n": 0, "N_low": 0.0, "N_low_n": 0, "N_med": 0.0, "N_med_n": 0, "N_high": 0.0, "N_high_n": 0, "N_mean": 0, "N_n": 0, "overall_mean": 4.27, "n_total": 165, "station": "Enoch", "pollutant": "Fine Particulate Matter", "period": "Last 7 Days", "start_date": "2026-09-26 07:00", "end_date": "2026-10-03 05:00", "dominant_dir": "ESE", "dominant_value": 9.93, "dominant_percent": 3.6, "NNE_calm": 0.0, "NNE_calm_n": 0, "NNE_low": 0.0, "NNE_low_n": 0, "NNE_med": 0.0, "NNE_med_n": 0, "NNE_high": 0.0, "NNE_high_n": 0, "NNE_mean": 0, "NNE_n": 0, "NE_calm": 0.0, "NE_calm_n": 0, "NE_low": 0.0, "NE_low_n": 0, "NE_med": 0.0, "NE_med_n": 0, "NE_high": 0.0, "NE_high_n": 0, "NE_mean": 0, "NE_n": 0, "ENE_calm": 0.0, "ENE_calm_n": 0, "ENE_low": 0.0, "ENE_low_n": 0, "ENE_med": 0.0, "ENE_med_n": 0, "ENE_high": 0.0, "ENE_high_n": 0, "ENE_mean": 0, "ENE_n": 0, "E_calm": 4.2, "E_calm_n": 5, "E_low": 9.07, "E_low_n": 4, "E_med": 0.0, "E_med_n": 0, "E_high": 0.0, "E_high_n": 0, "E_mean": 6.37, "E_n": 9, "ESE_calm": 11.1, "ESE_calm_n": 1, "ESE_low": 9.7, "ESE_low_n": 5, "ESE_med": 0.0, "ESE_med_n": 0, "ESE_high": 0.0, "ESE_high_n": 0, "ESE_mean": 9.93, "ESE_n": 6, "SE_calm": 0.0, "SE_calm_n": 0, "SE_low": 0.0, "SE_low_n": 0, "SE_med": 0.0, "SE_med_n": 0, "SE_high": 0.0, "SE_high_n": 0, "SE_mean": 0, "SE_n": 0, "SSE_calm": 8.13, "SSE_calm_n": 3, "SSE_low": 4.73, "SSE_low_n": 3, "SSE_med": 0.0, "SSE_med_n": 0, "SSE_high": 0.0, "SSE_high_n": 0, "SSE_mean": 6.43, "SSE_n": 6, "S_calm": 2.55, "S_calm_n": 4, "S_low": 3.12, "S_low_n": 5, "S_med": 0.0, "S_med_n": 0, "S_high": 0.0, "S_high_n": 0, "S_mean": 2.87, "S_n": 9, "SSW_calm": 5.58, "SSW_calm_n": 5, "SSW_low": 3.85, "SSW_low_n": 10, "SSW_med": 0.0, "SSW_med_n": 0, "SSW_high": 0.0, "SSW_high_n": 0, "SSW_mean": 4.43, "SSW_n": 15, "SW_calm": 3.1, "SW_calm_n": 1, "SW_low": 3.16, "SW_low_n": 25, "SW_med": 1.76, "SW_med_n": 12, "SW_high": 0.0, "SW_high_n": 0, "SW_mean": 2.71, "SW_n": 38, "WSW_calm": 10.4, "WSW_calm_n": 1, "WSW_low": 4.23, "WSW_low_n": 13, "WSW_med": 4.35, "WSW_med_n": 2, "WSW_high": 0.0, "WSW_high_n": 0, "WSW_mean": 4.63, "WSW_n": 16, "W_calm": 0.0, "W_calm_n": 0, "W_low": 5.89, "W_low_n": 11, "W_med": 0.84, "W_med_n": 13, "W_high": 0.0, "W_high_n": 0, "W_mean": 3.15, "W_n": 24, "WNW_calm": 17.4, "WNW_calm_n": 1, "WNW_low": 6.79, "WNW_low_n": 7, "WNW_med": 3.5, "WNW_med_n": 25, "WNW_high": 0.0, "WNW_high_n": 0, "WNW_mean": 4.62, "WNW_n": 33, "NW_calm": 0.0, "NW_calm_n": 0, "NW_low": 6.23, "NW_low_n": 3, "NW_med": 5.45, "NW_med_n": 2, "NW_high": 0.0, "NW_high_n": 0, "NW_mean": 5.92, "NW_n": 5, "NNW_calm": 0.0, "NNW_calm_n": 0, "NNW_low": 4.6, "NNW_low_n": 1, "NNW_med": 5.83, "NNW_med_n": 3, "NNW_high": 0.0, "NNW_high_n": 0, "NNW_mean": 5.53, "NNW_n": 4, "calm_percent": 12.7}}, {"type": "Feature", "geometry": {"type": "Point", "coordinates": [-111.1764, 58.7084]}, "properties": {"N_calm": 0.0, "N_calm_n": 0, "N_low": 1.8, "N_low_n": 1, "N_med": 0.0, "N_med_n": 0, "N_high": 0.0, "N_high_n": 0, "N_mean": 1.8, "N_n": 1, "overall_mean": 1.72, "n_total": 166, "station": "Fort Chipewyan", "pollutant": "Fine Particulate Matter", "period": "Last 7 Days", "start_date": "2026-09-26 07:00", "end_date": "2026-10-03 05:00", "dominant_dir": "SE", "dominant_value": 4.3, "dominant_percent": 2.4, "NNE_calm": 0.0, "NNE_calm_n": 0, "NNE_low": 0.0, "NNE_low_n": 0, "NNE_med": 1.8, "NNE_med_n": 1, "NNE_high": 0.0, "NNE_high_n": 0, "NNE_mean": 1.8, "NNE_n": 1, "NE_calm": 0.0, "NE_calm_n": 0, "NE_low": 2.0, "NE_low_n": 1, "NE_med": 0.0, "NE_med_n": 0, "NE_high": 2.0, "NE_high_n": 8, "NE_mean": 2.0, "NE_n": 9, "ENE_calm": 0.0, "ENE_calm_n": 0, "ENE_low": 3.45, "ENE_low_n": 2, "ENE_med": 3.0, "ENE_med_n": 2, "ENE_high": 0.0, "ENE_high_n": 0, "ENE_mean": 3.23, "ENE_n": 4, "E_calm": 3.0, "E_calm_n": 1, "E_low": 2.9, "E_low_n": 4, "E_med": 2.85, "E_med_n": 2, "E_high": 0.0, "E_high_n": 0, "E_mean": 2.9, "E_n": 7, "ESE_calm": 2.5, "ESE_calm_n": 1, "ESE_low": 2.0, "ESE_low_n": 2, "ESE_med": 0.0, "ESE_med_n": 0, "ESE_high": 0.0, "ESE_high_n": 0, "ESE_mean": 2.17, "ESE_n": 3, "SE_calm": 0.0, "SE_calm_n": 0, "SE_low": 4.3, "SE_low_n": 4, "SE_med": 0.0, "SE_med_n": 0, "SE_high": 0.0, "SE_high_n": 0, "SE_mean": 4.3, "SE_n": 4, "SSE_calm": 0.0, "SSE_calm_n": 0, "SSE_low": 2.84, "SSE_low_n": 7, "SSE_med": 1.68, "SSE_med_n": 4, "SSE_high": 0.0, "SSE_high_n": 0, "SSE_mean": 2.42, "SSE_n": 11, "S_calm": 0.0, "S_calm_n": 0, "S_low": 2.4, "S_low_n": 4, "S_med": 2.97, "S_med_n": 3, "S_high": 0.0, "S_high_n": 0, "S_mean": 2.64, "S_n": 7, "SSW_calm": 0.0, "SSW_calm_n": 0, "SSW_low": 4.03, "SSW_low_n": 4, "SSW_med": 2.16, "SSW_med_n": 5, "SSW_high": 0.0, "SSW_high_n": 0, "SSW_mean": 2.99, "SSW_n": 9, "SW_calm": 0.0, "SW_calm_n": 0, "SW_low": 2.79, "SW_low_n": 11, "SW_med": 1.73, "SW_med_n": 4, "SW_high": 0.0, "SW_high_n": 0, "SW_mean": 2.51, "SW_n": 15, "WSW_calm": 0.0, "WSW_calm_n": 0, "WSW_low": 2.35, "WSW_low_n": 6, "WSW_med": 1.65, "WSW_med_n": 8, "WSW_high": 0.0, "WSW_high_n": 0, "WSW_mean": 1.95, "WSW_n": 14, "W_calm": 0.0, "W_calm_n": 0, "W_low": 1.82, "W_low_n": 9, "W_med": 1.06, "W_med_n": 16, "W_high": 0.57, "W_high_n": 15, "W_mean": 1.04, "W_n": 40, "WNW_calm": 0.0, "WNW_calm_n": 0, "WNW_low": 1.09, "WNW_low_n": 11, "WNW_med": 0.3, "WNW_med_n": 3, "WNW_high": 0.7, "WNW_high_n": 7, "WNW_mean": 0.85, "WNW_n": 21, "NW_calm": 0.0, "NW_calm_n": 0, "NW_low": 0.7, "NW_low_n": 2, "NW_med": 0.51, "NW_med_n": 18, "NW_high": 0.0, "NW_high_n": 0, "NW_mean": 0.53, "NW_n": 20, "NNW_calm": 0.0, "NNW_calm_n": 0, "NNW_low": 0.0, "NNW_low_n": 0, "NNW_med": 0.0, "NNW_med_n": 0, "NNW_high": 0.0, "NNW_high_n": 0, "NNW_mean": 0, "NNW_n": 0, "calm_percent": 1.2}}, {"type": "Feature", "geometry": {"type": "Point", "coordinates": [-111.63969, 57.3489]}, "properties": {"N_calm": 0.0, "N_calm_n": 0, "N_low": 0.0, "N_low_n": 0, "N_med": 3.45, "N_med_n": 2, "N_high": 3.05, "N_high_n": 2, "N_mean": 3.25, "N_n": 4, "overall_mean": 3.46, "n_total": 141, "station": "Fort Hills", "pollutant": "Fine Particulate Matter", "period": "Last 7 Days", "start_date": "2026-09-26 07:00", "end_date": "2026-10-03 05:00", "dominant_dir": "ESE", "dominant_value": 17.63, "dominant_percent": 2.1, "NNE_calm": 0.0, "NNE_calm_n": 0, "NNE_low": 0.0, "NNE_low_n": 0, "NNE_med": 0.0, "NNE_med_n": 0, "NNE_high": 0.0, "NNE_high_n": 0, "NNE_mean": 0, "NNE_n": 0, "NE_calm": 0.0, "NE_calm_n": 0, "NE_low": 0.0, "NE_low_n": 0, "NE_med": 0.0, "NE_med_n": 0, "NE_high": 0.0, "NE_high_n": 0, "NE_mean": 0, "NE_n": 0, "ENE_calm": 0.0, "ENE_calm_n": 0, "ENE_low": 0.0, "ENE_low_n": 0, "ENE_med": 0.0, "ENE_med_n": 0, "ENE_high": 0.0, "ENE_high_n": 0, "ENE_mean": 0, "ENE_n": 0, "E_calm": 0.0, "E_calm_n": 0, "E_low": 10.6, "E_low_n": 1, "E_med": 0.0, "E_med_n": 0, "E_high": 0.0, "E_high_n": 0, "E_mean": 10.6, "E_n": 1, "ESE_calm": 0.0, "ESE_calm_n": 0, "ESE_low": 17.63, "ESE_low_n": 3, "ESE_med": 0.0, "ESE_med_n": 0, "ESE_high": 0.0, "ESE_high_n": 0, "ESE_mean": 17.63, "ESE_n": 3, "SE_calm": 0.0, "SE_calm_n": 0, "SE_low": 4.05, "SE_low_n": 2, "SE_med": 2.5, "SE_med_n": 1, "SE_high": 0.0, "SE_high_n": 0, "SE_mean": 3.53, "SE_n": 3, "SSE_calm": 0.0, "SSE_calm_n": 0, "SSE_low": 3.4, "SSE_low_n": 8, "SSE_med": 4.49, "SSE_med_n": 9, "SSE_high": 0.0, "SSE_high_n": 0, "SSE_mean": 3.98, "SSE_n": 17, "S_calm": 25.0, "S_calm_n": 1, "S_low": 3.0, "S_low_n": 10, "S_med": 3.93, "S_med_n": 7, "S_high": 0.0, "S_high_n": 0, "S_mean": 4.58, "S_n": 18, "SSW_calm": 0.0, "SSW_calm_n": 0, "SSW_low": 2.15, "SSW_low_n": 2, "SSW_med": 2.21, "SSW_med_n": 8, "SSW_high": 0.0, "SSW_high_n": 0, "SSW_mean": 2.2, "SSW_n": 10, "SW_calm": 0.0, "SW_calm_n": 0, "SW_low": 3.4, "SW_low_n": 2, "SW_med": 3.91, "SW_med_n": 10, "SW_high": 0.0, "SW_high_n": 0, "SW_mean": 3.82, "SW_n": 12, "WSW_calm": 0.0, "WSW_calm_n": 0, "WSW_low": 0.0, "WSW_low_n": 0, "WSW_med": 2.2, "WSW_med_n": 10, "WSW_high": 0.0, "WSW_high_n": 0, "WSW_mean": 2.2, "WSW_n": 10, "W_calm": 0.0, "W_calm_n": 0, "W_low": 1.6, "W_low_n": 1, "W_med": 1.1, "W_med_n": 23, "W_high": 1.6, "W_high_n": 6, "W_mean": 1.22, "W_n": 30, "WNW_calm": 2.6, "WNW_calm_n": 1, "WNW_low": 1.8, "WNW_low_n": 1, "WNW_med": 0.62, "WNW_med_n": 9, "WNW_high": 0.0, "WNW_high_n": 0, "WNW_mean": 0.91, "WNW_n": 11, "NW_calm": 0.0, "NW_calm_n": 0, "NW_low": 6.36, "NW_low_n": 7, "NW_med": 0.83, "NW_med_n": 6, "NW_high": 0.0, "NW_high_n": 0, "NW_mean": 3.81, "NW_n": 13, "NNW_calm": 2.3, "NNW_calm_n": 1, "NNW_low": 28.05, "NNW_low_n": 2, "NNW_med": 1.15, "NNW_med_n": 6, "NNW_high": 0.0, "NNW_high_n": 0, "NNW_mean": 7.26, "NNW_n": 9, "calm_percent": 2.1}}, {"type": "Feature", "geometry": {"type": "Point", "coordinates": [-111.640504, 57.189406]}, "properties": {"N_calm": 0.0, "N_calm_n": 0, "N_low": 0.0, "N_low_n": 0, "N_med": 3.1, "N_med_n": 3, "N_high": 0.0, "N_high_n": 0, "N_mean": 3.1, "N_n": 3, "overall_mean": 2.51, "n_total": 167, "station": "Fort McKay", "pollutant": "Fine Particulate Matter", "period": "Last 7 Days", "start_date": "2026-09-26 07:00", "end_date": "2026-10-03 05:00", "dominant_dir": "ESE", "dominant_value": 5.75, "dominant_percent": 1.2, "NNE_calm": 0.0, "NNE_calm_n": 0, "NNE_low": 0.0, "NNE_low_n": 0, "NNE_med": 0.0, "NNE_med_n": 0, "NNE_high": 0.0, "NNE_high_n": 0, "NNE_mean": 0, "NNE_n": 0, "NE_calm": 0.0, "NE_calm_n": 0, "NE_low": 0.0, "NE_low_n": 0, "NE_med": 0.0, "NE_med_n": 0, "NE_high": 0.0, "NE_high_n": 0, "NE_mean": 0, "NE_n": 0, "ENE_calm": 4.5, "ENE_calm_n": 1, "ENE_low": 0.0, "ENE_low_n": 0, "ENE_med": 0.0, "ENE_med_n": 0, "ENE_high": 0.0, "ENE_high_n": 0, "ENE_mean": 4.5, "ENE_n": 1, "E_calm": 0.0, "E_calm_n": 0, "E_low": 0.0, "E_low_n": 0, "E_med": 0.0, "E_med_n": 0, "E_high": 0.0, "E_high_n": 0, "E_mean": 0, "E_n": 0, "ESE_calm": 0.0, "ESE_calm_n": 0, "ESE_low": 5.75, "ESE_low_n": 2, "ESE_med": 0.0, "ESE_med_n": 0, "ESE_high": 0.0, "ESE_high_n": 0, "ESE_mean": 5.75, "ESE_n": 2, "SE_calm": 0.0, "SE_calm_n": 0, "SE_low": 3.9, "SE_low_n": 2, "SE_med": 0.0, "SE_med_n": 0, "SE_high": 0.0, "SE_high_n": 0, "SE_mean": 3.9, "SE_n": 2, "SSE_calm": 0.0, "SSE_calm_n": 0, "SSE_low": 4.26, "SSE_low_n": 13, "SSE_med": 9.0, "SSE_med_n": 5, "SSE_high": 0.0, "SSE_high_n": 0, "SSE_mean": 5.58, "SSE_n": 18, "S_calm": 6.2, "S_calm_n": 1, "S_low": 3.7, "S_low_n": 28, "S_med": 3.95, "S_med_n": 2, "S_high": 0.0, "S_high_n": 0, "S_mean": 3.8, "S_n": 31, "SSW_calm": 0.0, "SSW_calm_n": 0, "SSW_low": 3.15, "SSW_low_n": 13, "SSW_med": 2.8, "SSW_med_n": 1, "SSW_high": 0.0, "SSW_high_n": 0, "SSW_mean": 3.12, "SSW_n": 14, "SW_calm": 5.9, "SW_calm_n": 1, "SW_low": 1.6, "SW_low_n": 6, "SW_med": 1.78, "SW_med_n": 5, "SW_high": 0.0, "SW_high_n": 0, "SW_mean": 2.03, "SW_n": 12, "WSW_calm": 3.3, "WSW_calm_n": 2, "WSW_low": 1.84, "WSW_low_n": 10, "WSW_med": 1.5, "WSW_med_n": 1, "WSW_high": 0.0, "WSW_high_n": 0, "WSW_mean": 2.04, "WSW_n": 13, "W_calm": 3.33, "W_calm_n": 3, "W_low": 1.48, "W_low_n": 8, "W_med": 0.76, "W_med_n": 9, "W_high": 0.0, "W_high_n": 0, "W_mean": 1.43, "W_n": 20, "WNW_calm": 1.4, "WNW_calm_n": 1, "WNW_low": 0.98, "WNW_low_n": 13, "WNW_med": 0.53, "WNW_med_n": 21, "WNW_high": 0.0, "WNW_high_n": 0, "WNW_mean": 0.72, "WNW_n": 35, "NW_calm": 0.0, "NW_calm_n": 0, "NW_low": 2.33, "NW_low_n": 4, "NW_med": 0.55, "NW_med_n": 11, "NW_high": 0.0, "NW_high_n": 0, "NW_mean": 1.03, "NW_n": 15, "NNW_calm": 0.0, "NNW_calm_n": 0, "NNW_low": 0.0, "NNW_low_n": 0, "NNW_med": 3.6, "NNW_med_n": 1, "NNW_high": 0.0, "NNW_high_n": 0, "NNW_mean": 3.6, "NNW_n": 1, "calm_percent": 5.4}}, {"type": "Feature", "geometry": {"type": "Point", "coordinates": [-111.6424, 57.1492]}, "properties": {"N_calm": 0.0, "N_calm_n": 0, "N_low": 1.9, "N_low_n": 1, "N_med": 3.08, "N_med_n": 4, "N_high": 0.0, "N_high_n": 0, "N_mean": 2.84, "N_n": 5, "overall_mean": 2.46, "n_total": 167, "station": "Fort McKay South", "pollutant": "Fine Particulate Matter", "period": "Last 7 Days", "start_date": "2026-09-26 07:00", "end_date": "2026-10-03 05:00", "dominant_dir": "SE", "dominant_value": 7.2, "dominant_percent": 1.2, "NNE_calm": 0.0, "NNE_calm_n": 0, "NNE_low": 0.0, "NNE_low_n": 0, "NNE_med": 0.0, "NNE_med_n": 0, "NNE_high": 0.0, "NNE_high_n": 0, "NNE_mean": 0, "NNE_n": 0, "NE_calm": 0.0, "NE_calm_n": 0, "NE_low": 0.0, "NE_low_n": 0, "NE_med": 0.0, "NE_med_n": 0, "NE_high": 0.0, "NE_high_n": 0, "NE_mean": 0, "NE_n": 0, "ENE_calm": 0.0, "ENE_calm_n": 0, "ENE_low": 0.0, "ENE_low_n": 0, "ENE_med": 0.0, "ENE_med_n": 0, "ENE_high": 0.0, "ENE_high_n": 0, "ENE_mean": 0, "ENE_n": 0, "E_calm": 0.0, "E_calm_n": 0, "E_low": 0.0, "E_low_n": 0, "E_med": 0.0, "E_med_n": 0, "E_high": 0.0, "E_high_n": 0, "E_mean": 0, "E_n": 0, "ESE_calm": 4.4, "ESE_calm_n": 1, "ESE_low": 6.53, "ESE_low_n": 3, "ESE_med": 0.0, "ESE_med_n": 0, "ESE_high": 0.0, "ESE_high_n": 0, "ESE_mean": 6.0, "ESE_n": 4, "SE_calm": 0.0, "SE_calm_n": 0, "SE_low": 10.1, "SE_low_n": 1, "SE_med": 4.3, "SE_med_n": 1, "SE_high": 0.0, "SE_high_n": 0, "SE_mean": 7.2, "SE_n": 2, "SSE_calm": 0.0, "SSE_calm_n": 0, "SSE_low": 3.67, "SSE_low_n": 6, "SSE_med": 7.4, "SSE_med_n": 3, "SSE_high": 0.0, "SSE_high_n": 0, "SSE_mean": 4.91, "SSE_n": 9, "S_calm": 0.0, "S_calm_n": 0, "S_low": 2.94, "S_low_n": 20, "S_med": 4.47, "S_med_n": 3, "S_high": 0.0, "S_high_n": 0, "S_mean": 3.14, "S_n": 23, "SSW_calm": 0.0, "SSW_calm_n": 0, "SSW_low": 3.26, "SSW_low_n": 12, "SSW_med": 3.25, "SSW_med_n": 4, "SSW_high": 0.0, "SSW_high_n": 0, "SSW_mean": 3.26, "SSW_n": 16, "SW_calm": 5.97, "SW_calm_n": 3, "SW_low": 2.43, "SW_low_n": 15, "SW_med": 2.37, "SW_med_n": 3, "SW_high": 0.0, "SW_high_n": 0, "SW_mean": 2.92, "SW_n": 21, "WSW_calm": 1.67, "WSW_calm_n": 3, "WSW_low": 4.21, "WSW_low_n": 8, "WSW_med": 1.74, "WSW_med_n": 15, "WSW_high": 0.0, "WSW_high_n": 0, "WSW_mean": 2.49, "WSW_n": 26, "W_calm": 4.1, "W_calm_n": 3, "W_low": 1.34, "W_low_n": 7, "W_med": 0.57, "W_med_n": 15, "W_high": 0.0, "W_high_n": 0, "W_mean": 1.21, "W_n": 25, "WNW_calm": 0.9, "WNW_calm_n": 1, "WNW_low": 0.94, "WNW_low_n": 8, "WNW_med": 0.58, "WNW_med_n": 12, "WNW_high": 0.0, "WNW_high_n": 0, "WNW_mean": 0.73, "WNW_n": 21, "NW_calm": 10.9, "NW_calm_n": 1, "NW_low": 0.73, "NW_low_n": 6, "NW_med": 0.25, "NW_med_n": 4, "NW_high": 0.0, "NW_high_n": 0, "NW_mean": 1.48, "NW_n": 11, "NNW_calm": 1.4, "NNW_calm_n": 1, "NNW_low": 0.4, "NNW_low_n": 1, "NNW_med": 0.2, "NNW_med_n": 2, "NNW_high": 0.0, "NNW_high_n": 0, "NNW_mean": 0.55, "NNW_n": 4, "calm_percent": 7.8}}, {"type": "Feature", "geometry": {"type": "Point", "coordinates": [-111.3902, 56.7328]}, "properties": {"N_calm": 0.0, "N_calm_n": 0, "N_low": 3.5, "N_low_n": 1, "N_med": 0.0, "N_med_n": 0, "N_high": 0.0, "N_high_n": 0, "N_mean": 3.5, "N_n": 1, "overall_mean": 2.28, "n_total": 167, "station": "Fort McMurray Athabasca Valley", "pollutant": "Fine Particulate Matter", "period": "Last 7 Days", "start_date": "2026-09-26 07:00", "end_date": "2026-10-03 05:00", "dominant_dir": "ENE", "dominant_value": 6.6, "dominant_percent": 0.6, "NNE_calm": 0.0, "NNE_calm_n": 0, "NNE_low": 0.0, "NNE_low_n": 0, "NNE_med": 0.0, "NNE_med_n": 0, "NNE_high": 0.0, "NNE_high_n": 0, "NNE_mean": 0, "NNE_n": 0, "NE_calm": 0.0, "NE_calm_n": 0, "NE_low": 0.0, "NE_low_n": 0, "NE_med": 0.0, "NE_med_n": 0, "NE_high": 0.0, "NE_high_n": 0, "NE_mean": 0, "NE_n": 0, "ENE_calm": 0.0, "ENE_calm_n": 0, "ENE_low": 6.6, "ENE_low_n": 1, "ENE_med": 0.0, "ENE_med_n": 0, "ENE_high": 0.0, "ENE_high_n": 0, "ENE_mean": 6.6, "ENE_n": 1, "E_calm": 0.0, "E_calm_n": 0, "E_low": 2.4, "E_low_n": 2, "E_med": 0.0, "E_med_n": 0, "E_high": 0.0, "E_high_n": 0, "E_mean": 2.4, "E_n": 2, "ESE_calm": 0.0, "ESE_calm_n": 0, "ESE_low": 3.48, "ESE_low_n": 10, "ESE_med": 0.0, "ESE_med_n": 0, "ESE_high": 0.0, "ESE_high_n": 0, "ESE_mean": 3.48, "ESE_n": 10, "SE_calm": 6.3, "SE_calm_n": 1, "SE_low": 3.27, "SE_low_n": 35, "SE_med": 3.25, "SE_med_n": 2, "SE_high": 0.0, "SE_high_n": 0, "SE_mean": 3.35, "SE_n": 38, "SSE_calm": 0.0, "SSE_calm_n": 0, "SSE_low": 3.93, "SSE_low_n": 6, "SSE_med": 0.0, "SSE_med_n": 0, "SSE_high": 0.0, "SSE_high_n": 0, "SSE_mean": 3.93, "SSE_n": 6, "S_calm": 0.0, "S_calm_n": 0, "S_low": 3.07, "S_low_n": 6, "S_med": 2.3, "S_med_n": 1, "S_high": 0.0, "S_high_n": 0, "S_mean": 2.96, "S_n": 7, "SSW_calm": 0.0, "SSW_calm_n": 0, "SSW_low": 1.65, "SSW_low_n": 2, "SSW_med": 2.0, "SSW_med_n": 1, "SSW_high": 0.0, "SSW_high_n": 0, "SSW_mean": 1.77, "SSW_n": 3, "SW_calm": 0.0, "SW_calm_n": 0, "SW_low": 2.6, "SW_low_n": 5, "SW_med": 1.85, "SW_med_n": 6, "SW_high": 0.0, "SW_high_n": 0, "SW_mean": 2.19, "SW_n": 11, "WSW_calm": 2.5, "WSW_calm_n": 1, "WSW_low": 1.67, "WSW_low_n": 3, "WSW_med": 1.62, "WSW_med_n": 27, "WSW_high": 1.6, "WSW_high_n": 3, "WSW_mean": 1.65, "WSW_n": 34, "W_calm": 0.0, "W_calm_n": 0, "W_low": 3.8, "W_low_n": 2, "W_med": 2.06, "W_med_n": 9, "W_high": 0.57, "W_high_n": 15, "W_mean": 1.33, "W_n": 26, "WNW_calm": 3.0, "WNW_calm_n": 1, "WNW_low": 1.9, "WNW_low_n": 1, "WNW_med": 0.81, "WNW_med_n": 8, "WNW_high": 0.8, "WNW_high_n": 5, "WNW_mean": 1.03, "WNW_n": 15, "NW_calm": 0.0, "NW_calm_n": 0, "NW_low": 2.0, "NW_low_n": 1, "NW_med": 1.2, "NW_med_n": 5, "NW_high": 0.3, "NW_high_n": 1, "NW_mean": 1.19, "NW_n": 7, "NNW_calm": 0.0, "NNW_calm_n": 0, "NNW_low": 2.02, "NNW_low_n": 4, "NNW_med": 3.85, "NNW_med_n": 2, "NNW_high": 0.0, "NNW_high_n": 0, "NNW_mean": 2.63, "NNW_n": 6, "calm_percent": 1.8}}, {"type": "Feature", "geometry": {"type": "Point", "coordinates": [-111.476596, 56.751386]}, "properties": {"N_calm": 0.0, "N_calm_n": 0, "N_low": 0.0, "N_low_n": 0, "N_med": 2.9, "N_med_n": 1, "N_high": 0.0, "N_high_n": 0, "N_mean": 2.9, "N_n": 1, "overall_mean": 2.04, "n_total": 165, "station": "Fort McMurray Patricia McInnes", "pollutant": "Fine Particulate Matter", "period": "Last 7 Days", "start_date": "2026-09-26 07:00", "end_date": "2026-10-03 05:00", "dominant_dir": "NNW", "dominant_value": 3.97, "dominant_percent": 1.8, "NNE_calm": 0.0, "NNE_calm_n": 0, "NNE_low": 3.8, "NNE_low_n": 2, "NNE_med": 0.0, "NNE_med_n": 0, "NNE_high": 0.0, "NNE_high_n": 0, "NNE_mean": 3.8, "NNE_n": 2, "NE_calm": 0.0, "NE_calm_n": 0, "NE_low": 2.17, "NE_low_n": 3, "NE_med": 0.0, "NE_med_n": 0, "NE_high": 0.0, "NE_high_n": 0, "NE_mean": 2.17, "NE_n": 3, "ENE_calm": 0.0, "ENE_calm_n": 0, "ENE_low": 0.0, "ENE_low_n": 0, "ENE_med": 0.0, "ENE_med_n": 0, "ENE_high": 0.0, "ENE_high_n": 0, "ENE_mean": 0, "ENE_n": 0, "E_calm": 0.0, "E_calm_n": 0, "E_low": 3.45, "E_low_n": 2, "E_med": 0.0, "E_med_n": 0, "E_high": 0.0, "E_high_n": 0, "E_mean": 3.45, "E_n": 2, "ESE_calm": 0.0, "ESE_calm_n": 0, "ESE_low": 0.0, "ESE_low_n": 0, "ESE_med": 0.0, "ESE_med_n": 0, "ESE_high": 0.0, "ESE_high_n": 0, "ESE_mean": 0, "ESE_n": 0, "SE_calm": 0.0, "SE_calm_n": 0, "SE_low": 0.0, "SE_low_n": 0, "SE_med": 0.0, "SE_med_n": 0, "SE_high": 0.0, "SE_high_n": 0, "SE_mean": 0, "SE_n": 0, "SSE_calm": 0.0, "SSE_calm_n": 0, "SSE_low": 3.78, "SSE_low_n": 6, "SSE_med": 0.0, "SSE_med_n": 0, "SSE_high": 0.0, "SSE_high_n": 0, "SSE_mean": 3.78, "SSE_n": 6, "S_calm": 0.0, "S_calm_n": 0, "S_low": 2.94, "S_low_n": 11, "S_med": 0.0, "S_med_n": 0, "S_high": 0.0, "S_high_n": 0, "S_mean": 2.94, "S_n": 11, "SSW_calm": 0.0, "SSW_calm_n": 0, "SSW_low": 2.59, "SSW_low_n": 15, "SSW_med": 2.1, "SSW_med_n": 3, "SSW_high": 0.0, "SSW_high_n": 0, "SSW_mean": 2.51, "SSW_n": 18, "SW_calm": 1.2, "SW_calm_n": 1, "SW_low": 1.94, "SW_low_n": 15, "SW_med": 1.54, "SW_med_n": 19, "SW_high": 0.0, "SW_high_n": 0, "SW_mean": 1.7, "SW_n": 35, "WSW_calm": 0.0, "WSW_calm_n": 0, "WSW_low": 3.12, "WSW_low_n": 9, "WSW_med": 1.64, "WSW_med_n": 21, "WSW_high": 0.0, "WSW_high_n": 0, "WSW_mean": 2.08, "WSW_n": 30, "W_calm": 0.0, "W_calm_n": 0, "W_low": 1.1, "W_low_n": 1, "W_med": 1.11, "W_med_n": 16, "W_high": 0.22, "W_high_n": 9, "W_mean": 0.8, "W_n": 26, "WNW_calm": 0.0, "WNW_calm_n": 0, "WNW_low": 8.6, "WNW_low_n": 4, "WNW_med": 0.97, "WNW_med_n": 15, "WNW_high": 1.1, "WNW_high_n": 1, "WNW_mean": 2.5, "WNW_n": 20, "NW_calm": 1.9, "NW_calm_n": 1, "NW_low": 0.4, "NW_low_n": 1, "NW_med": 0.78, "NW_med_n": 6, "NW_high": 0.0, "NW_high_n": 0, "NW_mean": 0.88, "NW_n": 8, "NNW_calm": 5.9, "NNW_calm_n": 1, "NNW_low": 0.0, "NNW_low_n": 0, "NNW_med": 3.0, "NNW_med_n": 2, "NNW_high": 0.0, "NNW_high_n": 0, "NNW_mean": 3.97, "NNW_n": 3, "calm_percent": 1.8}}, {"type": "Feature", "geometry": {"type": "Point", "coordinates": [-116.80948, 54.395492]}, "properties": {"N_calm": 0.0, "N_calm_n": 0, "N_low": 0.0, "N_low_n": 0, "N_med": 0.0, "N_med_n": 0, "N_high": 0.0, "N_high_n": 0, "N_mean": 0, "N_n": 0, "overall_mean": 3.09, "n_total": 166, "station": "Fox Creek", "pollutant": "Fine Particulate Matter", "period": "Last 7 Days", "start_date": "2026-09-26 07:00", "end_date": "2026-10-03 05:00", "dominant_dir": "S", "dominant_value": 5.56, "dominant_percent": 8.4, "NNE_calm": 4.3, "NNE_calm_n": 1, "NNE_low": 0.0, "NNE_low_n": 0, "NNE_med": 0.0, "NNE_med_n": 0, "NNE_high": 0.0, "NNE_high_n": 0, "NNE_mean": 4.3, "NNE_n": 1, "NE_calm": 0.0, "NE_calm_n": 0, "NE_low": 4.6, "NE_low_n": 1, "NE_med": 0.0, "NE_med_n": 0, "NE_high": 0.0, "NE_high_n": 0, "NE_mean": 4.6, "NE_n": 1, "ENE_calm": 0.0, "ENE_calm_n": 0, "ENE_low": 0.0, "ENE_low_n": 0, "ENE_med": 0.0, "ENE_med_n": 0, "ENE_high": 0.0, "ENE_high_n": 0, "ENE_mean": 0, "ENE_n": 0, "E_calm": 0.0, "E_calm_n": 0, "E_low": 0.0, "E_low_n": 0, "E_med": 0.0, "E_med_n": 0, "E_high": 0.0, "E_high_n": 0, "E_mean": 0, "E_n": 0, "ESE_calm": 0.0, "ESE_calm_n": 0, "ESE_low": 0.0, "ESE_low_n": 0, "ESE_med": 0.0, "ESE_med_n": 0, "ESE_high": 0.0, "ESE_high_n": 0, "ESE_mean": 0, "ESE_n": 0, "SE_calm": 0.0, "SE_calm_n": 0, "SE_low": 3.7, "SE_low_n": 2, "SE_med": 0.0, "SE_med_n": 0, "SE_high": 0.0, "SE_high_n": 0, "SE_mean": 3.7, "SE_n": 2, "SSE_calm": 4.7, "SSE_calm_n": 2, "SSE_low": 5.35, "SSE_low_n": 8, "SSE_med": 0.0, "SSE_med_n": 0, "SSE_high": 0.0, "SSE_high_n": 0, "SSE_mean": 5.22, "SSE_n": 10, "S_calm": 7.4, "S_calm_n": 1, "S_low": 5.42, "S_low_n": 13, "S_med": 0.0, "S_med_n": 0, "S_high": 0.0, "S_high_n": 0, "S_mean": 5.56, "S_n": 14, "SSW_calm": 6.3, "SSW_calm_n": 1, "SSW_low": 3.88, "SSW_low_n": 15, "SSW_med": 0.0, "SSW_med_n": 0, "SSW_high": 0.0, "SSW_high_n": 0, "SSW_mean": 4.03, "SSW_n": 16, "SW_calm": 4.0, "SW_calm_n": 1, "SW_low": 2.85, "SW_low_n": 13, "SW_med": 3.5, "SW_med_n": 1, "SW_high": 0.0, "SW_high_n": 0, "SW_mean": 2.97, "SW_n": 15, "WSW_calm": 8.0, "WSW_calm_n": 1, "WSW_low": 2.44, "WSW_low_n": 23, "WSW_med": 2.68, "WSW_med_n": 5, "WSW_high": 0.0, "WSW_high_n": 0, "WSW_mean": 2.67, "WSW_n": 29, "W_calm": 8.3, "W_calm_n": 1, "W_low": 2.73, "W_low_n": 22, "W_med": 2.0, "W_med_n": 3, "W_high": 0.0, "W_high_n": 0, "W_mean": 2.86, "W_n": 26, "WNW_calm": 0.0, "WNW_calm_n": 0, "WNW_low": 2.87, "WNW_low_n": 10, "WNW_med": 1.47, "WNW_med_n": 18, "WNW_high": 0.0, "WNW_high_n": 0, "WNW_mean": 1.97, "WNW_n": 28, "NW_calm": 0.0, "NW_calm_n": 0, "NW_low": 3.01, "NW_low_n": 11, "NW_med": 1.32, "NW_med_n": 13, "NW_high": 0.0, "NW_high_n": 0, "NW_mean": 2.09, "NW_n": 24, "NNW_calm": 0.0, "NNW_calm_n": 0, "NNW_low": 0.0, "NNW_low_n": 0, "NNW_med": 0.0, "NNW_med_n": 0, "NNW_high": 0.0, "NNW_high_n": 0, "NNW_mean": 0, "NNW_n": 0, "calm_percent": 4.8}}, {"type": "Feature", "geometry": {"type": "Point", "coordinates": [-114.200347, 53.306507]}, "properties": {"N_calm": 0.0, "N_calm_n": 0, "N_low": 0.0, "N_low_n": 0, "N_med": 0.0, "N_med_n": 0, "N_high": 0.0, "N_high_n": 0, "N_mean": 0, "N_n": 0, "overall_mean": 4.79, "n_total": 165, "station": "Genesee", "pollutant": "Fine Particulate Matter", "period": "Last 7 Days", "start_date": "2026-09-26 07:00", "end_date": "2026-10-03 05:00", "dominant_dir": "NE", "dominant_value": 12.7, "dominant_percent": 0.6, "NNE_calm": 0.0, "NNE_calm_n": 0, "NNE_low": 10.4, "NNE_low_n": 2, "NNE_med": 0.0, "NNE_med_n": 0, "NNE_high": 0.0, "NNE_high_n": 0, "NNE_mean": 10.4, "NNE_n": 2, "NE_calm": 0.0, "NE_calm_n": 0, "NE_low": 12.7, "NE_low_n": 1, "NE_med": 0.0, "NE_med_n": 0, "NE_high": 0.0, "NE_high_n": 0, "NE_mean": 12.7, "NE_n": 1, "ENE_calm": 0.0, "ENE_calm_n": 0, "ENE_low": 9.22, "ENE_low_n": 5, "ENE_med": 0.0, "ENE_med_n": 0, "ENE_high": 0.0, "ENE_high_n": 0, "ENE_mean": 9.22, "ENE_n": 5, "E_calm": 0.0, "E_calm_n": 0, "E_low": 8.4, "E_low_n": 1, "E_med": 0.0, "E_med_n": 0, "E_high": 0.0, "E_high_n": 0, "E_mean": 8.4, "E_n": 1, "ESE_calm": 0.0, "ESE_calm_n": 0, "ESE_low": 6.35, "ESE_low_n": 2, "ESE_med": 0.0, "ESE_med_n": 0, "ESE_high": 0.0, "ESE_high_n": 0, "ESE_mean": 6.35, "ESE_n": 2, "SE_calm": 7.5, "SE_calm_n": 1, "SE_low": 6.79, "SE_low_n": 10, "SE_med": 0.0, "SE_med_n": 0, "SE_high": 0.0, "SE_high_n": 0, "SE_mean": 6.85, "SE_n": 11, "SSE_calm": 0.0, "SSE_calm_n": 0, "SSE_low": 3.8, "SSE_low_n": 3, "SSE_med": 1.95, "SSE_med_n": 2, "SSE_high": 0.0, "SSE_high_n": 0, "SSE_mean": 3.06, "SSE_n": 5, "S_calm": 0.0, "S_calm_n": 0, "S_low": 4.05, "S_low_n": 6, "S_med": 3.44, "S_med_n": 8, "S_high": 0.0, "S_high_n": 0, "S_mean": 3.7, "S_n": 14, "SSW_calm": 0.0, "SSW_calm_n": 0, "SSW_low": 5.9, "SSW_low_n": 4, "SSW_med": 3.91, "SSW_med_n": 17, "SSW_high": 0.0, "SSW_high_n": 0, "SSW_mean": 4.29, "SSW_n": 21, "SW_calm": 0.0, "SW_calm_n": 0, "SW_low": 6.8, "SW_low_n": 5, "SW_med": 4.17, "SW_med_n": 25, "SW_high": 2.6, "SW_high_n": 2, "SW_mean": 4.48, "SW_n": 32, "WSW_calm": 0.0, "WSW_calm_n": 0, "WSW_low": 7.03, "WSW_low_n": 4, "WSW_med": 4.86, "WSW_med_n": 15, "WSW_high": 3.0, "WSW_high_n": 2, "WSW_mean": 5.1, "WSW_n": 21, "W_calm": 0.0, "W_calm_n": 0, "W_low": 5.0, "W_low_n": 1, "W_med": 4.24, "W_med_n": 21, "W_high": 3.2, "W_high_n": 1, "W_mean": 4.23, "W_n": 23, "WNW_calm": 0.0, "WNW_calm_n": 0, "WNW_low": 0.0, "WNW_low_n": 0, "WNW_med": 3.18, "WNW_med_n": 5, "WNW_high": 2.42, "WNW_high_n": 8, "WNW_mean": 2.72, "WNW_n": 13, "NW_calm": 0.0, "NW_calm_n": 0, "NW_low": 6.4, "NW_low_n": 1, "NW_med": 5.51, "NW_med_n": 8, "NW_high": 3.97, "NW_high_n": 3, "NW_mean": 5.2, "NW_n": 12, "NNW_calm": 0.0, "NNW_calm_n": 0, "NNW_low": 6.05, "NNW_low_n": 2, "NNW_med": 0.0, "NNW_med_n": 0, "NNW_high": 0.0, "NNW_high_n": 0, "NNW_mean": 6.05, "NNW_n": 2, "calm_percent": 0.6}}, {"type": "Feature", "geometry": {"type": "Point", "coordinates": [-113.327174, 53.827241]}, "properties": {"N_calm": 6.1, "N_calm_n": 1, "N_low": 0.0, "N_low_n": 0, "N_med": 0.0, "N_med_n": 0, "N_high": 0.0, "N_high_n": 0, "N_mean": 6.1, "N_n": 1, "overall_mean": 3.63, "n_total": 159, "station": "Gibbons", "pollutant": "Fine Particulate Matter", "period": "Last 7 Days", "start_date": "2026-09-26 07:00", "end_date": "2026-10-03 05:00", "dominant_dir": "SSE", "dominant_value": 12.95, "dominant_percent": 2.5, "NNE_calm": 0.0, "NNE_calm_n": 0, "NNE_low": 0.0, "NNE_low_n": 0, "NNE_med": 0.0, "NNE_med_n": 0, "NNE_high": 0.0, "NNE_high_n": 0, "NNE_mean": 0, "NNE_n": 0, "NE_calm": 0.0, "NE_calm_n": 0, "NE_low": 0.0, "NE_low_n": 0, "NE_med": 0.0, "NE_med_n": 0, "NE_high": 0.0, "NE_high_n": 0, "NE_mean": 0, "NE_n": 0, "ENE_calm": 0.0, "ENE_calm_n": 0, "ENE_low": 0.0, "ENE_low_n": 0, "ENE_med": 0.0, "ENE_med_n": 0, "ENE_high": 0.0, "ENE_high_n": 0, "ENE_mean": 0, "ENE_n": 0, "E_calm": 0.0, "E_calm_n": 0, "E_low": 0.0, "E_low_n": 0, "E_med": 0.0, "E_med_n": 0, "E_high": 0.0, "E_high_n": 0, "E_mean": 0, "E_n": 0, "ESE_calm": 0.0, "ESE_calm_n": 0, "ESE_low": 0.0, "ESE_low_n": 0, "ESE_med": 0.0, "ESE_med_n": 0, "ESE_high": 0.0, "ESE_high_n": 0, "ESE_mean": 0, "ESE_n": 0, "SE_calm": 0.0, "SE_calm_n": 0, "SE_low": 0.0, "SE_low_n": 0, "SE_med": 0.0, "SE_med_n": 0, "SE_high": 0.0, "SE_high_n": 0, "SE_mean": 0, "SE_n": 0, "SSE_calm": 12.95, "SSE_calm_n": 4, "SSE_low": 0.0, "SSE_low_n": 0, "SSE_med": 0.0, "SSE_med_n": 0, "SSE_high": 0.0, "SSE_high_n": 0, "SSE_mean": 12.95, "SSE_n": 4, "S_calm": 5.25, "S_calm_n": 2, "S_low": 0.0, "S_low_n": 0, "S_med": 0.0, "S_med_n": 0, "S_high": 0.0, "S_high_n": 0, "S_mean": 5.25, "S_n": 2, "SSW_calm": 6.9, "SSW_calm_n": 1, "SSW_low": 4.3, "SSW_low_n": 18, "SSW_med": 0.0, "SSW_med_n": 0, "SSW_high": 0.0, "SSW_high_n": 0, "SSW_mean": 4.44, "SSW_n": 19, "SW_calm": 4.2, "SW_calm_n": 2, "SW_low": 2.94, "SW_low_n": 32, "SW_med": 1.07, "SW_med_n": 4, "SW_high": 0.0, "SW_high_n": 0, "SW_mean": 2.81, "SW_n": 38, "WSW_calm": 0.0, "WSW_calm_n": 0, "WSW_low": 4.68, "WSW_low_n": 18, "WSW_med": 0.0, "WSW_med_n": 0, "WSW_high": 0.0, "WSW_high_n": 0, "WSW_mean": 4.68, "WSW_n": 18, "W_calm": 2.0, "W_calm_n": 1, "W_low": 3.37, "W_low_n": 21, "W_med": 1.35, "W_med_n": 23, "W_high": 0.0, "W_high_n": 0, "W_mean": 2.31, "W_n": 45, "WNW_calm": 10.6, "WNW_calm_n": 1, "WNW_low": 5.7, "WNW_low_n": 6, "WNW_med": 1.53, "WNW_med_n": 12, "WNW_high": 0.0, "WNW_high_n": 0, "WNW_mean": 3.33, "WNW_n": 19, "NW_calm": 7.2, "NW_calm_n": 1, "NW_low": 4.25, "NW_low_n": 4, "NW_med": 1.7, "NW_med_n": 1, "NW_high": 0.0, "NW_high_n": 0, "NW_mean": 4.32, "NW_n": 6, "NNW_calm": 6.65, "NNW_calm_n": 4, "NNW_low": 4.9, "NNW_low_n": 1, "NNW_med": 4.65, "NNW_med_n": 2, "NNW_high": 0.0, "NNW_high_n": 0, "NNW_mean": 5.83, "NNW_n": 7, "calm_percent": 10.7}}, {"type": "Feature", "geometry": {"type": "Point", "coordinates": [-118.8077555, 55.1766364]}, "properties": {"N_calm": 8.6, "N_calm_n": 1, "N_low": 3.3, "N_low_n": 1, "N_med": 0.0, "N_med_n": 0, "N_high": 0.0, "N_high_n": 0, "N_mean": 5.95, "N_n": 2, "overall_mean": 2.09, "n_total": 167, "station": "Grande Prairie - Henry Pirker", "pollutant": "Fine Particulate Matter", "period": "Last 7 Days", "start_date": "2026-09-26 07:00", "end_date": "2026-10-03 05:00", "dominant_dir": "ESE", "dominant_value": 6.1, "dominant_percent": 0.6, "NNE_calm": 0.0, "NNE_calm_n": 0, "NNE_low": 0.0, "NNE_low_n": 0, "NNE_med": 0.0, "NNE_med_n": 0, "NNE_high": 0.0, "NNE_high_n": 0, "NNE_mean": 0, "NNE_n": 0, "NE_calm": 0.0, "NE_calm_n": 0, "NE_low": 0.0, "NE_low_n": 0, "NE_med": 0.0, "NE_med_n": 0, "NE_high": 0.0, "NE_high_n": 0, "NE_mean": 0, "NE_n": 0, "ENE_calm": 0.0, "ENE_calm_n": 0, "ENE_low": 0.0, "ENE_low_n": 0, "ENE_med": 0.0, "ENE_med_n": 0, "ENE_high": 0.0, "ENE_high_n": 0, "ENE_mean": 0, "ENE_n": 0, "E_calm": 2.6, "E_calm_n": 1, "E_low": 0.0, "E_low_n": 0, "E_med": 0.0, "E_med_n": 0, "E_high": 0.0, "E_high_n": 0, "E_mean": 2.6, "E_n": 1, "ESE_calm": 6.1, "ESE_calm_n": 1, "ESE_low": 0.0, "ESE_low_n": 0, "ESE_med": 0.0, "ESE_med_n": 0, "ESE_high": 0.0, "ESE_high_n": 0, "ESE_mean": 6.1, "ESE_n": 1, "SE_calm": 0.0, "SE_calm_n": 0, "SE_low": 3.06, "SE_low_n": 5, "SE_med": 0.0, "SE_med_n": 0, "SE_high": 0.0, "SE_high_n": 0, "SE_mean": 3.06, "SE_n": 5, "SSE_calm": 3.9, "SSE_calm_n": 4, "SSE_low": 3.08, "SSE_low_n": 9, "SSE_med": 0.0, "SSE_med_n": 0, "SSE_high": 0.0, "SSE_high_n": 0, "SSE_mean": 3.33, "SSE_n": 13, "S_calm": 0.0, "S_calm_n": 0, "S_low": 3.33, "S_low_n": 4, "S_med": 0.0, "S_med_n": 0, "S_high": 0.0, "S_high_n": 0, "S_mean": 3.33, "S_n": 4, "SSW_calm": 0.0, "SSW_calm_n": 0, "SSW_low": 2.5, "SSW_low_n": 4, "SSW_med": 0.0, "SSW_med_n": 0, "SSW_high": 0.0, "SSW_high_n": 0, "SSW_mean": 2.5, "SSW_n": 4, "SW_calm": 2.9, "SW_calm_n": 3, "SW_low": 1.65, "SW_low_n": 15, "SW_med": 1.89, "SW_med_n": 7, "SW_high": 0.0, "SW_high_n": 0, "SW_mean": 1.86, "SW_n": 25, "WSW_calm": 5.9, "WSW_calm_n": 2, "WSW_low": 2.44, "WSW_low_n": 19, "WSW_med": 1.37, "WSW_med_n": 19, "WSW_high": 0.0, "WSW_high_n": 0, "WSW_mean": 2.1, "WSW_n": 40, "W_calm": 0.0, "W_calm_n": 0, "W_low": 2.14, "W_low_n": 13, "W_med": 1.07, "W_med_n": 36, "W_high": 0.0, "W_high_n": 0, "W_mean": 1.36, "W_n": 49, "WNW_calm": 4.65, "WNW_calm_n": 2, "WNW_low": 1.71, "WNW_low_n": 8, "WNW_med": 0.86, "WNW_med_n": 9, "WNW_high": 0.0, "WNW_high_n": 0, "WNW_mean": 1.62, "WNW_n": 19, "NW_calm": 9.0, "NW_calm_n": 1, "NW_low": 3.1, "NW_low_n": 3, "NW_med": 0.0, "NW_med_n": 0, "NW_high": 0.0, "NW_high_n": 0, "NW_mean": 4.58, "NW_n": 4, "NNW_calm": 0.0, "NNW_calm_n": 0, "NNW_low": 0.0, "NNW_low_n": 0, "NNW_med": 0.0, "NNW_med_n": 0, "NNW_high": 0.0, "NNW_high_n": 0, "NNW_mean": 0, "NNW_n": 0, "calm_percent": 9.0}}, {"type": "Feature", "geometry": {"type": "Point", "coordinates": [-117.604994, 56.18657]}, "properties": {"N_calm": 0.0, "N_calm_n": 0, "N_low": 4.07, "N_low_n": 3, "N_med": 0.41, "N_med_n": 7, "N_high": 0.0, "N_high_n": 0, "N_mean": 1.51, "N_n": 10, "overall_mean": 2.09, "n_total": 167, "station": "Grimshaw", "pollutant": "Fine Particulate Matter", "period": "Last 7 Days", "start_date": "2026-09-26 07:00", "end_date": "2026-10-03 06:00", "dominant_dir": "NNE", "dominant_value": 4.23, "dominant_percent": 1.8, "NNE_calm": 0.0, "NNE_calm_n": 0, "NNE_low": 5.55, "NNE_low_n": 2, "NNE_med": 1.6, "NNE_med_n": 1, "NNE_high": 0.0, "NNE_high_n": 0, "NNE_mean": 4.23, "NNE_n": 3, "NE_calm": 0.0, "NE_calm_n": 0, "NE_low": 0.0, "NE_low_n": 0, "NE_med": 0.0, "NE_med_n": 0, "NE_high": 0.0, "NE_high_n": 0, "NE_mean": 0, "NE_n": 0, "ENE_calm": 0.0, "ENE_calm_n": 0, "ENE_low": 0.0, "ENE_low_n": 0, "ENE_med": 0.0, "ENE_med_n": 0, "ENE_high": 0.0, "ENE_high_n": 0, "ENE_mean": 0, "ENE_n": 0, "E_calm": 0.0, "E_calm_n": 0, "E_low": 2.7, "E_low_n": 1, "E_med": 0.0, "E_med_n": 0, "E_high": 0.0, "E_high_n": 0, "E_mean": 2.7, "E_n": 1, "ESE_calm": 0.0, "ESE_calm_n": 0, "ESE_low": 0.0, "ESE_low_n": 0, "ESE_med": 0.0, "ESE_med_n": 0, "ESE_high": 0.0, "ESE_high_n": 0, "ESE_mean": 0, "ESE_n": 0, "SE_calm": 0.0, "SE_calm_n": 0, "SE_low": 0.0, "SE_low_n": 0, "SE_med": 0.0, "SE_med_n": 0, "SE_high": 0.0, "SE_high_n": 0, "SE_mean": 0, "SE_n": 0, "SSE_calm": 0.0, "SSE_calm_n": 0, "SSE_low": 0.0, "SSE_low_n": 0, "SSE_med": 0.0, "SSE_med_n": 0, "SSE_high": 0.0, "SSE_high_n": 0, "SSE_mean": 0, "SSE_n": 0, "S_calm": 0.0, "S_calm_n": 0, "S_low": 0.0, "S_low_n": 0, "S_med": 0.0, "S_med_n": 0, "S_high": 0.0, "S_high_n": 0, "S_mean": 0, "S_n": 0, "SSW_calm": 1.9, "SSW_calm_n": 1, "SSW_low": 0.0, "SSW_low_n": 0, "SSW_med": 0.0, "SSW_med_n": 0, "SSW_high": 0.0, "SSW_high_n": 0, "SSW_mean": 1.9, "SSW_n": 1, "SW_calm": 0.0, "SW_calm_n": 0, "SW_low": 1.85, "SW_low_n": 2, "SW_med": 2.6, "SW_med_n": 2, "SW_high": 0.0, "SW_high_n": 0, "SW_mean": 2.23, "SW_n": 4, "WSW_calm": 0.0, "WSW_calm_n": 0, "WSW_low": 1.94, "WSW_low_n": 12, "WSW_med": 1.27, "WSW_med_n": 6, "WSW_high": 0.0, "WSW_high_n": 0, "WSW_mean": 1.72, "WSW_n": 18, "W_calm": 3.5, "W_calm_n": 1, "W_low": 2.32, "W_low_n": 11, "W_med": 1.23, "W_med_n": 19, "W_high": 0.0, "W_high_n": 0, "W_mean": 1.69, "W_n": 31, "WNW_calm": 0.0, "WNW_calm_n": 0, "WNW_low": 2.07, "WNW_low_n": 6, "WNW_med": 1.82, "WNW_med_n": 22, "WNW_high": 0.0, "WNW_high_n": 0, "WNW_mean": 1.88, "WNW_n": 28, "NW_calm": 0.0, "NW_calm_n": 0, "NW_low": 3.24, "NW_low_n": 19, "NW_med": 1.84, "NW_med_n": 32, "NW_high": 0.0, "NW_high_n": 0, "NW_mean": 2.36, "NW_n": 51, "NNW_calm": 9.3, "NNW_calm_n": 1, "NNW_low": 3.84, "NNW_low_n": 7, "NNW_med": 1.26, "NNW_med_n": 12, "NNW_high": 0.0, "NNW_high_n": 0, "NNW_mean": 2.57, "NNW_n": 20, "calm_percent": 1.8}}, {"type": "Feature", "geometry": {"type": "Point", "coordinates": [-111.928226, 51.642351]}, "properties": {"N_calm": 1.35, "N_calm_n": 2, "N_low": 0.0, "N_low_n": 0, "N_med": 0.0, "N_med_n": 0, "N_high": 0.0, "N_high_n": 0, "N_mean": 1.35, "N_n": 2, "overall_mean": 3.31, "n_total": 135, "station": "Hanna Library (Airpointer)", "pollutant": "Fine Particulate Matter", "period": "Last 7 Days", "start_date": "2026-09-26 07:00", "end_date": "2026-10-03 05:00", "dominant_dir": "ESE", "dominant_value": 4.44, "dominant_percent": 11.9, "NNE_calm": 0.0, "NNE_calm_n": 0, "NNE_low": 0.0, "NNE_low_n": 0, "NNE_med": 0.0, "NNE_med_n": 0, "NNE_high": 0.0, "NNE_high_n": 0, "NNE_mean": 0, "NNE_n": 0, "NE_calm": 0.0, "NE_calm_n": 1, "NE_low": 0.0, "NE_low_n": 0, "NE_med": 0.0, "NE_med_n": 0, "NE_high": 0.0, "NE_high_n": 0, "NE_mean": 0.0, "NE_n": 1, "ENE_calm": 0.0, "ENE_calm_n": 0, "ENE_low": 0.0, "ENE_low_n": 0, "ENE_med": 0.0, "ENE_med_n": 0, "ENE_high": 0.0, "ENE_high_n": 0, "ENE_mean": 0, "ENE_n": 0, "E_calm": 2.46, "E_calm_n": 11, "E_low": 1.5, "E_low_n": 4, "E_med": 0.0, "E_med_n": 0, "E_high": 0.0, "E_high_n": 0, "E_mean": 2.21, "E_n": 15, "ESE_calm": 3.58, "ESE_calm_n": 10, "ESE_low": 5.88, "ESE_low_n": 6, "ESE_med": 0.0, "ESE_med_n": 0, "ESE_high": 0.0, "ESE_high_n": 0, "ESE_mean": 4.44, "ESE_n": 16, "SE_calm": 1.4, "SE_calm_n": 1, "SE_low": 3.26, "SE_low_n": 7, "SE_med": 0.0, "SE_med_n": 0, "SE_high": 0.0, "SE_high_n": 0, "SE_mean": 3.02, "SE_n": 8, "SSE_calm": 1.75, "SSE_calm_n": 2, "SSE_low": 4.1, "SSE_low_n": 7, "SSE_med": 0.0, "SSE_med_n": 0, "SSE_high": 0.0, "SSE_high_n": 0, "SSE_mean": 3.58, "SSE_n": 9, "S_calm": 0.2, "S_calm_n": 1, "S_low": 2.23, "S_low_n": 4, "S_med": 0.0, "S_med_n": 0, "S_high": 0.0, "S_high_n": 0, "S_mean": 1.82, "S_n": 5, "SSW_calm": 1.4, "SSW_calm_n": 1, "SSW_low": 0.0, "SSW_low_n": 0, "SSW_med": 0.0, "SSW_med_n": 0, "SSW_high": 0.0, "SSW_high_n": 0, "SSW_mean": 1.4, "SSW_n": 1, "SW_calm": 4.4, "SW_calm_n": 1, "SW_low": 0.0, "SW_low_n": 0, "SW_med": 0.0, "SW_med_n": 0, "SW_high": 0.0, "SW_high_n": 0, "SW_mean": 4.4, "SW_n": 1, "WSW_calm": 2.7, "WSW_calm_n": 3, "WSW_low": 4.2, "WSW_low_n": 1, "WSW_med": 0.0, "WSW_med_n": 0, "WSW_high": 0.0, "WSW_high_n": 0, "WSW_mean": 3.08, "WSW_n": 4, "W_calm": 2.64, "W_calm_n": 5, "W_low": 1.19, "W_low_n": 10, "W_med": 0.0, "W_med_n": 0, "W_high": 0.0, "W_high_n": 0, "W_mean": 1.67, "W_n": 15, "WNW_calm": 2.58, "WNW_calm_n": 5, "WNW_low": 4.18, "WNW_low_n": 24, "WNW_med": 1.7, "WNW_med_n": 1, "WNW_high": 0.0, "WNW_high_n": 0, "WNW_mean": 3.83, "WNW_n": 30, "NW_calm": 2.9, "NW_calm_n": 6, "NW_low": 4.68, "NW_low_n": 21, "NW_med": 0.0, "NW_med_n": 0, "NW_high": 0.0, "NW_high_n": 0, "NW_mean": 4.28, "NW_n": 27, "NNW_calm": 1.3, "NNW_calm_n": 1, "NNW_low": 0.0, "NNW_low_n": 0, "NNW_med": 0.0, "NNW_med_n": 0, "NNW_high": 0.0, "NNW_high_n": 0, "NNW_mean": 1.3, "NNW_n": 1, "calm_percent": 37.0}}, {"type": "Feature", "geometry": {"type": "Point", "coordinates": [-119.086667, 55.752778]}, "properties": {"N_calm": 0.0, "N_calm_n": 0, "N_low": 0.0, "N_low_n": 0, "N_med": 0.0, "N_med_n": 0, "N_high": 0.0, "N_high_n": 0, "N_mean": 0, "N_n": 0, "overall_mean": 1.4, "n_total": 164, "station": "Happy Valley", "pollutant": "Fine Particulate Matter", "period": "Last 7 Days", "start_date": "2026-09-26 07:00", "end_date": "2026-10-03 05:00", "dominant_dir": "SSW", "dominant_value": 2.1, "dominant_percent": 0.6, "NNE_calm": 0.0, "NNE_calm_n": 0, "NNE_low": 0.0, "NNE_low_n": 0, "NNE_med": 0.0, "NNE_med_n": 0, "NNE_high": 0.0, "NNE_high_n": 0, "NNE_mean": 0, "NNE_n": 0, "NE_calm": 0.0, "NE_calm_n": 0, "NE_low": 0.0, "NE_low_n": 0, "NE_med": 0.0, "NE_med_n": 0, "NE_high": 0.0, "NE_high_n": 0, "NE_mean": 0, "NE_n": 0, "ENE_calm": 0.0, "ENE_calm_n": 0, "ENE_low": 0.0, "ENE_low_n": 0, "ENE_med": 0.0, "ENE_med_n": 0, "ENE_high": 0.0, "ENE_high_n": 0, "ENE_mean": 0, "ENE_n": 0, "E_calm": 0.0, "E_calm_n": 0, "E_low": 0.0, "E_low_n": 0, "E_med": 0.0, "E_med_n": 0, "E_high": 0.0, "E_high_n": 0, "E_mean": 0, "E_n": 0, "ESE_calm": 0.0, "ESE_calm_n": 0, "ESE_low": 0.0, "ESE_low_n": 0, "ESE_med": 0.0, "ESE_med_n": 0, "ESE_high": 0.0, "ESE_high_n": 0, "ESE_mean": 0, "ESE_n": 0, "SE_calm": 0.0, "SE_calm_n": 0, "SE_low": 0.0, "SE_low_n": 0, "SE_med": 0.0, "SE_med_n": 0, "SE_high": 0.0, "SE_high_n": 0, "SE_mean": 0, "SE_n": 0, "SSE_calm": 0.0, "SSE_calm_n": 0, "SSE_low": 0.0, "SSE_low_n": 0, "SSE_med": 0.0, "SSE_med_n": 0, "SSE_high": 0.0, "SSE_high_n": 0, "SSE_mean": 0, "SSE_n": 0, "S_calm": 0.0, "S_calm_n": 0, "S_low": 0.0, "S_low_n": 0, "S_med": 0.0, "S_med_n": 0, "S_high": 0.0, "S_high_n": 0, "S_mean": 0, "S_n": 0, "SSW_calm": 0.0, "SSW_calm_n": 0, "SSW_low": 2.1, "SSW_low_n": 1, "SSW_med": 0.0, "SSW_med_n": 0, "SSW_high": 0.0, "SSW_high_n": 0, "SSW_mean": 2.1, "SSW_n": 1, "SW_calm": 0.0, "SW_calm_n": 0, "SW_low": 2.02, "SW_low_n": 11, "SW_med": 0.76, "SW_med_n": 8, "SW_high": 0.0, "SW_high_n": 0, "SW_mean": 1.49, "SW_n": 19, "WSW_calm": 0.0, "WSW_calm_n": 0, "WSW_low": 1.4, "WSW_low_n": 16, "WSW_med": 1.18, "WSW_med_n": 51, "WSW_high": 0.7, "WSW_high_n": 3, "WSW_mean": 1.21, "WSW_n": 70, "W_calm": 0.0, "W_calm_n": 0, "W_low": 3.33, "W_low_n": 6, "W_med": 1.42, "W_med_n": 49, "W_high": 0.65, "W_high_n": 2, "W_mean": 1.59, "W_n": 57, "WNW_calm": 0.0, "WNW_calm_n": 0, "WNW_low": 3.2, "WNW_low_n": 1, "WNW_med": 1.24, "WNW_med_n": 16, "WNW_high": 0.0, "WNW_high_n": 0, "WNW_mean": 1.35, "WNW_n": 17, "NW_calm": 0.0, "NW_calm_n": 0, "NW_low": 0.0, "NW_low_n": 0, "NW_med": 0.0, "NW_med_n": 0, "NW_high": 0.0, "NW_high_n": 0, "NW_mean": 0, "NW_n": 0, "NNW_calm": 0.0, "NNW_calm_n": 0, "NNW_low": 0.0, "NNW_low_n": 0, "NNW_med": 0.0, "NNW_med_n": 0, "NNW_high": 0.0, "NNW_high_n": 0, "NNW_mean": 0, "NNW_n": 0, "calm_percent": 0.0}}, {"type": "Feature", "geometry": {"type": "Point", "coordinates": [-117.162258, 58.512216]}, "properties": {"N_calm": 0.0, "N_calm_n": 0, "N_low": 0.0, "N_low_n": 0, "N_med": 0.0, "N_med_n": 0, "N_high": 0.0, "N_high_n": 0, "N_mean": 0, "N_n": 0, "overall_mean": 2.32, "n_total": 167, "station": "High Level (Airpointer)", "pollutant": "Fine Particulate Matter", "period": "Last 7 Days", "start_date": "2026-09-26 07:00", "end_date": "2026-10-03 05:00", "dominant_dir": "NE", "dominant_value": 5.69, "dominant_percent": 4.8, "NNE_calm": 2.85, "NNE_calm_n": 2, "NNE_low": 1.8, "NNE_low_n": 5, "NNE_med": 0.0, "NNE_med_n": 0, "NNE_high": 0.0, "NNE_high_n": 0, "NNE_mean": 2.1, "NNE_n": 7, "NE_calm": 5.17, "NE_calm_n": 4, "NE_low": 6.2, "NE_low_n": 4, "NE_med": 0.0, "NE_med_n": 0, "NE_high": 0.0, "NE_high_n": 0, "NE_mean": 5.69, "NE_n": 8, "ENE_calm": 3.2, "ENE_calm_n": 1, "ENE_low": 2.67, "ENE_low_n": 4, "ENE_med": 0.0, "ENE_med_n": 0, "ENE_high": 0.0, "ENE_high_n": 0, "ENE_mean": 2.78, "ENE_n": 5, "E_calm": 6.08, "E_calm_n": 4, "E_low": 2.33, "E_low_n": 3, "E_med": 0.0, "E_med_n": 0, "E_high": 0.0, "E_high_n": 0, "E_mean": 4.47, "E_n": 7, "ESE_calm": 0.0, "ESE_calm_n": 0, "ESE_low": 3.67, "ESE_low_n": 4, "ESE_med": 0.0, "ESE_med_n": 0, "ESE_high": 0.0, "ESE_high_n": 0, "ESE_mean": 3.67, "ESE_n": 4, "SE_calm": 3.4, "SE_calm_n": 1, "SE_low": 1.8, "SE_low_n": 7, "SE_med": 0.0, "SE_med_n": 0, "SE_high": 0.0, "SE_high_n": 0, "SE_mean": 2.0, "SE_n": 8, "SSE_calm": 2.9, "SSE_calm_n": 3, "SSE_low": 1.76, "SSE_low_n": 5, "SSE_med": 0.0, "SSE_med_n": 0, "SSE_high": 0.0, "SSE_high_n": 0, "SSE_mean": 2.19, "SSE_n": 8, "S_calm": 2.6, "S_calm_n": 1, "S_low": 1.7, "S_low_n": 2, "S_med": 0.0, "S_med_n": 0, "S_high": 0.0, "S_high_n": 0, "S_mean": 2.0, "S_n": 3, "SSW_calm": 1.87, "SSW_calm_n": 6, "SSW_low": 1.31, "SSW_low_n": 10, "SSW_med": 0.0, "SSW_med_n": 0, "SSW_high": 0.0, "SSW_high_n": 0, "SSW_mean": 1.52, "SSW_n": 16, "SW_calm": 3.42, "SW_calm_n": 15, "SW_low": 2.12, "SW_low_n": 9, "SW_med": 0.0, "SW_med_n": 0, "SW_high": 0.0, "SW_high_n": 0, "SW_mean": 2.93, "SW_n": 24, "WSW_calm": 3.35, "WSW_calm_n": 6, "WSW_low": 2.2, "WSW_low_n": 5, "WSW_med": 1.17, "WSW_med_n": 16, "WSW_high": 0.0, "WSW_high_n": 0, "WSW_mean": 1.84, "WSW_n": 27, "W_calm": 2.35, "W_calm_n": 2, "W_low": 1.52, "W_low_n": 5, "W_med": 1.6, "W_med_n": 4, "W_high": 0.0, "W_high_n": 0, "W_mean": 1.7, "W_n": 11, "WNW_calm": 3.08, "WNW_calm_n": 6, "WNW_low": 1.23, "WNW_low_n": 6, "WNW_med": 1.5, "WNW_med_n": 3, "WNW_high": 0.0, "WNW_high_n": 0, "WNW_mean": 2.03, "WNW_n": 15, "NW_calm": 1.4, "NW_calm_n": 1, "NW_low": 1.27, "NW_low_n": 11, "NW_med": 1.57, "NW_med_n": 7, "NW_high": 0.0, "NW_high_n": 0, "NW_mean": 1.39, "NW_n": 19, "NNW_calm": 2.15, "NNW_calm_n": 2, "NNW_low": 1.4, "NNW_low_n": 3, "NNW_med": 0.0, "NNW_med_n": 0, "NNW_high": 0.0, "NNW_high_n": 0, "NNW_mean": 1.7, "NNW_n": 5, "calm_percent": 32.3}}, {"type": "Feature", "geometry": {"type": "Point", "coordinates": [-117.544067, 53.4273011]}, "properties": {"N_calm": 2.9, "N_calm_n": 2, "N_low": 0.0, "N_low_n": 0, "N_med": 0.0, "N_med_n": 0, "N_high": 0.0, "N_high_n": 0, "N_mean": 2.9, "N_n": 2, "overall_mean": 3.2, "n_total": 166, "station": "Hinton-Drinnan", "pollutant": "Fine Particulate Matter", "period": "Last 7 Days", "start_date": "2026-09-26 07:00", "end_date": "2026-10-03 06:00", "dominant_dir": "ESE", "dominant_value": 7.57, "dominant_percent": 1.8, "NNE_calm": 3.57, "NNE_calm_n": 7, "NNE_low": 0.0, "NNE_low_n": 0, "NNE_med": 0.0, "NNE_med_n": 0, "NNE_high": 0.0, "NNE_high_n": 0, "NNE_mean": 3.57, "NNE_n": 7, "NE_calm": 6.55, "NE_calm_n": 2, "NE_low": 6.77, "NE_low_n": 3, "NE_med": 0.0, "NE_med_n": 0, "NE_high": 0.0, "NE_high_n": 0, "NE_mean": 6.68, "NE_n": 5, "ENE_calm": 4.15, "ENE_calm_n": 8, "ENE_low": 1.9, "ENE_low_n": 1, "ENE_med": 0.0, "ENE_med_n": 0, "ENE_high": 0.0, "ENE_high_n": 0, "ENE_mean": 3.9, "ENE_n": 9, "E_calm": 6.19, "E_calm_n": 8, "E_low": 2.6, "E_low_n": 2, "E_med": 0.0, "E_med_n": 0, "E_high": 0.0, "E_high_n": 0, "E_mean": 5.47, "E_n": 10, "ESE_calm": 7.57, "ESE_calm_n": 3, "ESE_low": 0.0, "ESE_low_n": 0, "ESE_med": 0.0, "ESE_med_n": 0, "ESE_high": 0.0, "ESE_high_n": 0, "ESE_mean": 7.57, "ESE_n": 3, "SE_calm": 4.03, "SE_calm_n": 4, "SE_low": 0.0, "SE_low_n": 0, "SE_med": 0.0, "SE_med_n": 0, "SE_high": 0.0, "SE_high_n": 0, "SE_mean": 4.03, "SE_n": 4, "SSE_calm": 5.37, "SSE_calm_n": 3, "SSE_low": 5.0, "SSE_low_n": 3, "SSE_med": 0.0, "SSE_med_n": 0, "SSE_high": 0.0, "SSE_high_n": 0, "SSE_mean": 5.18, "SSE_n": 6, "S_calm": 6.95, "S_calm_n": 4, "S_low": 3.1, "S_low_n": 2, "S_med": 0.0, "S_med_n": 0, "S_high": 0.0, "S_high_n": 0, "S_mean": 5.67, "S_n": 6, "SSW_calm": 6.3, "SSW_calm_n": 6, "SSW_low": 3.71, "SSW_low_n": 16, "SSW_med": 0.0, "SSW_med_n": 0, "SSW_high": 0.0, "SSW_high_n": 0, "SSW_mean": 4.41, "SSW_n": 22, "SW_calm": 2.24, "SW_calm_n": 5, "SW_low": 1.98, "SW_low_n": 24, "SW_med": 2.98, "SW_med_n": 5, "SW_high": 0.0, "SW_high_n": 0, "SW_mean": 2.17, "SW_n": 34, "WSW_calm": 2.45, "WSW_calm_n": 8, "WSW_low": 2.43, "WSW_low_n": 12, "WSW_med": 0.9, "WSW_med_n": 1, "WSW_high": 0.0, "WSW_high_n": 0, "WSW_mean": 2.37, "WSW_n": 21, "W_calm": 2.62, "W_calm_n": 4, "W_low": 2.38, "W_low_n": 6, "W_med": 0.0, "W_med_n": 0, "W_high": 0.0, "W_high_n": 0, "W_mean": 2.48, "W_n": 10, "WNW_calm": 2.1, "WNW_calm_n": 3, "WNW_low": 0.83, "WNW_low_n": 3, "WNW_med": 0.0, "WNW_med_n": 0, "WNW_high": 0.0, "WNW_high_n": 0, "WNW_mean": 1.47, "WNW_n": 6, "NW_calm": 2.67, "NW_calm_n": 3, "NW_low": 0.55, "NW_low_n": 13, "NW_med": 0.0, "NW_med_n": 0, "NW_high": 0.0, "NW_high_n": 0, "NW_mean": 0.94, "NW_n": 16, "NNW_calm": 1.1, "NNW_calm_n": 2, "NNW_low": 0.43, "NNW_low_n": 3, "NNW_med": 0.0, "NNW_med_n": 0, "NNW_high": 0.0, "NNW_high_n": 0, "NNW_mean": 0.7, "NNW_n": 5, "calm_percent": 43.4}}, {"type": "Feature", "geometry": {"type": "Point", "coordinates": [-117.5846086, 53.3927365]}, "properties": {"N_calm": 0.0, "N_calm_n": 0, "N_low": 1.55, "N_low_n": 2, "N_med": 0.0, "N_med_n": 0, "N_high": 0.0, "N_high_n": 0, "N_mean": 1.55, "N_n": 2, "overall_mean": 1.19, "n_total": 166, "station": "Hinton-Hillcrest", "pollutant": "Fine Particulate Matter", "period": "Last 7 Days", "start_date": "2026-09-26 07:00", "end_date": "2026-10-03 06:00", "dominant_dir": "SSE", "dominant_value": 3.27, "dominant_percent": 6.0, "NNE_calm": 0.0, "NNE_calm_n": 0, "NNE_low": 1.84, "NNE_low_n": 5, "NNE_med": 0.0, "NNE_med_n": 0, "NNE_high": 0.0, "NNE_high_n": 0, "NNE_mean": 1.84, "NNE_n": 5, "NE_calm": 0.0, "NE_calm_n": 0, "NE_low": 1.73, "NE_low_n": 3, "NE_med": 0.0, "NE_med_n": 0, "NE_high": 0.0, "NE_high_n": 0, "NE_mean": 1.73, "NE_n": 3, "ENE_calm": 0.0, "ENE_calm_n": 0, "ENE_low": 1.7, "ENE_low_n": 1, "ENE_med": 0.0, "ENE_med_n": 0, "ENE_high": 0.0, "ENE_high_n": 0, "ENE_mean": 1.7, "ENE_n": 1, "E_calm": 0.0, "E_calm_n": 0, "E_low": 1.15, "E_low_n": 2, "E_med": 0.0, "E_med_n": 0, "E_high": 0.0, "E_high_n": 0, "E_mean": 1.15, "E_n": 2, "ESE_calm": 0.0, "ESE_calm_n": 0, "ESE_low": 0.0, "ESE_low_n": 0, "ESE_med": 0.0, "ESE_med_n": 0, "ESE_high": 0.0, "ESE_high_n": 0, "ESE_mean": 0, "ESE_n": 0, "SE_calm": 0.0, "SE_calm_n": 0, "SE_low": 1.27, "SE_low_n": 3, "SE_med": 0.0, "SE_med_n": 0, "SE_high": 0.0, "SE_high_n": 0, "SE_mean": 1.27, "SE_n": 3, "SSE_calm": 0.0, "SSE_calm_n": 0, "SSE_low": 3.27, "SSE_low_n": 10, "SSE_med": 0.0, "SSE_med_n": 0, "SSE_high": 0.0, "SSE_high_n": 0, "SSE_mean": 3.27, "SSE_n": 10, "S_calm": 0.0, "S_calm_n": 0, "S_low": 1.19, "S_low_n": 24, "S_med": 1.2, "S_med_n": 1, "S_high": 0.0, "S_high_n": 0, "S_mean": 1.19, "S_n": 25, "SSW_calm": 0.0, "SSW_calm_n": 0, "SSW_low": 1.28, "SSW_low_n": 17, "SSW_med": 1.91, "SSW_med_n": 11, "SSW_high": 0.0, "SSW_high_n": 0, "SSW_mean": 1.53, "SSW_n": 28, "SW_calm": 0.0, "SW_calm_n": 0, "SW_low": 0.82, "SW_low_n": 20, "SW_med": 1.04, "SW_med_n": 35, "SW_high": 0.0, "SW_high_n": 0, "SW_mean": 0.96, "SW_n": 55, "WSW_calm": 0.0, "WSW_calm_n": 0, "WSW_low": 0.47, "WSW_low_n": 6, "WSW_med": 0.44, "WSW_med_n": 5, "WSW_high": 0.6, "WSW_high_n": 1, "WSW_mean": 0.47, "WSW_n": 12, "W_calm": 0.0, "W_calm_n": 0, "W_low": 1.1, "W_low_n": 2, "W_med": 0.4, "W_med_n": 3, "W_high": 0.0, "W_high_n": 0, "W_mean": 0.68, "W_n": 5, "WNW_calm": 0.0, "WNW_calm_n": 0, "WNW_low": 0.57, "WNW_low_n": 4, "WNW_med": 0.4, "WNW_med_n": 3, "WNW_high": 0.0, "WNW_high_n": 0, "WNW_mean": 0.5, "WNW_n": 7, "NW_calm": 0.0, "NW_calm_n": 0, "NW_low": 0.15, "NW_low_n": 4, "NW_med": 0.0, "NW_med_n": 0, "NW_high": 0.0, "NW_high_n": 0, "NW_mean": 0.15, "NW_n": 4, "NNW_calm": 0.0, "NNW_calm_n": 0, "NNW_low": 0.15, "NNW_low_n": 4, "NNW_med": 0.0, "NNW_med_n": 0, "NNW_high": 0.0, "NNW_high_n": 0, "NNW_mean": 0.15, "NNW_n": 4, "calm_percent": 0.0}}, {"type": "Feature", "geometry": {"type": "Point", "coordinates": [-110.7499, 55.9033]}, "properties": {"N_calm": 0.0, "N_calm_n": 0, "N_low": 0.0, "N_low_n": 0, "N_med": 0.0, "N_med_n": 0, "N_high": 0.0, "N_high_n": 0, "N_mean": 0, "N_n": 0, "overall_mean": 5.67, "n_total": 157, "station": "Janvier", "pollutant": "Fine Particulate Matter", "period": "Last 7 Days", "start_date": "2026-09-26 07:00", "end_date": "2026-10-03 05:00", "dominant_dir": "NE", "dominant_value": 15.8, "dominant_percent": 0.6, "NNE_calm": 0.0, "NNE_calm_n": 0, "NNE_low": 0.0, "NNE_low_n": 0, "NNE_med": 0.0, "NNE_med_n": 0, "NNE_high": 0.0, "NNE_high_n": 0, "NNE_mean": 0, "NNE_n": 0, "NE_calm": 0.0, "NE_calm_n": 0, "NE_low": 15.8, "NE_low_n": 1, "NE_med": 0.0, "NE_med_n": 0, "NE_high": 0.0, "NE_high_n": 0, "NE_mean": 15.8, "NE_n": 1, "ENE_calm": 0.0, "ENE_calm_n": 0, "ENE_low": 0.0, "ENE_low_n": 0, "ENE_med": 0.0, "ENE_med_n": 0, "ENE_high": 0.0, "ENE_high_n": 0, "ENE_mean": 0, "ENE_n": 0, "E_calm": 0.0, "E_calm_n": 0, "E_low": 0.0, "E_low_n": 0, "E_med": 0.0, "E_med_n": 0, "E_high": 0.0, "E_high_n": 0, "E_mean": 0, "E_n": 0, "ESE_calm": 0.0, "ESE_calm_n": 0, "ESE_low": 0.0, "ESE_low_n": 0, "ESE_med": 0.0, "ESE_med_n": 0, "ESE_high": 0.0, "ESE_high_n": 0, "ESE_mean": 0, "ESE_n": 0, "SE_calm": 0.0, "SE_calm_n": 0, "SE_low": 0.0, "SE_low_n": 0, "SE_med": 0.0, "SE_med_n": 0, "SE_high": 0.0, "SE_high_n": 0, "SE_mean": 0, "SE_n": 0, "SSE_calm": 0.0, "SSE_calm_n": 0, "SSE_low": 0.0, "SSE_low_n": 0, "SSE_med": 0.0, "SSE_med_n": 0, "SSE_high": 0.0, "SSE_high_n": 0, "SSE_mean": 0, "SSE_n": 0, "S_calm": 15.7, "S_calm_n": 1, "S_low": 0.0, "S_low_n": 0, "S_med": 0.0, "S_med_n": 0, "S_high": 0.0, "S_high_n": 0, "S_mean": 15.7, "S_n": 1, "SSW_calm": 0.0, "SSW_calm_n": 0, "SSW_low": 12.6, "SSW_low_n": 26, "SSW_med": 4.92, "SSW_med_n": 8, "SSW_high": 0.0, "SSW_high_n": 0, "SSW_mean": 10.79, "SSW_n": 34, "SW_calm": 0.0, "SW_calm_n": 0, "SW_low": 5.27, "SW_low_n": 21, "SW_med": 4.38, "SW_med_n": 23, "SW_high": 0.0, "SW_high_n": 0, "SW_mean": 4.81, "SW_n": 44, "WSW_calm": 0.0, "WSW_calm_n": 0, "WSW_low": 5.47, "WSW_low_n": 6, "WSW_med": 4.62, "WSW_med_n": 19, "WSW_high": 0.0, "WSW_high_n": 0, "WSW_mean": 4.82, "WSW_n": 25, "W_calm": 0.0, "W_calm_n": 0, "W_low": 3.63, "W_low_n": 3, "W_med": 2.58, "W_med_n": 20, "W_high": 0.0, "W_high_n": 0, "W_mean": 2.72, "W_n": 23, "WNW_calm": 5.5, "WNW_calm_n": 1, "WNW_low": 6.59, "WNW_low_n": 7, "WNW_med": 2.81, "WNW_med_n": 10, "WNW_high": 0.0, "WNW_high_n": 0, "WNW_mean": 4.43, "WNW_n": 18, "NW_calm": 0.0, "NW_calm_n": 0, "NW_low": 3.2, "NW_low_n": 2, "NW_med": 1.13, "NW_med_n": 9, "NW_high": 0.0, "NW_high_n": 0, "NW_mean": 1.51, "NW_n": 11, "NNW_calm": 0.0, "NNW_calm_n": 0, "NNW_low": 0.0, "NNW_low_n": 0, "NNW_med": 0.0, "NNW_med_n": 0, "NNW_high": 0.0, "NNW_high_n": 0, "NNW_mean": 0, "NNW_n": 0, "calm_percent": 1.3}}, {"type": "Feature", "geometry": {"type": "Point", "coordinates": [-118.09144, 52.873528]}, "properties": {"N_calm": 0.0, "N_calm_n": 0, "N_low": 77.6, "N_low_n": 1, "N_med": 0.0, "N_med_n": 0, "N_high": 0.0, "N_high_n": 0, "N_mean": 77.6, "N_n": 1, "overall_mean": 7.12, "n_total": 165, "station": "Jasper", "pollutant": "Fine Particulate Matter", "period": "Last 7 Days", "start_date": "2026-09-26 07:00", "end_date": "2026-10-03 05:00", "dominant_dir": "N", "dominant_value": 77.6, "dominant_percent": 0.6, "NNE_calm": 0.0, "NNE_calm_n": 0, "NNE_low": 0.0, "NNE_low_n": 0, "NNE_med": 0.0, "NNE_med_n": 0, "NNE_high": 0.0, "NNE_high_n": 0, "NNE_mean": 0, "NNE_n": 0, "NE_calm": 0.0, "NE_calm_n": 0, "NE_low": 0.0, "NE_low_n": 0, "NE_med": 0.0, "NE_med_n": 0, "NE_high": 0.0, "NE_high_n": 0, "NE_mean": 0, "NE_n": 0, "ENE_calm": 0.0, "ENE_calm_n": 0, "ENE_low": 0.0, "ENE_low_n": 0, "ENE_med": 0.0, "ENE_med_n": 0, "ENE_high": 0.0, "ENE_high_n": 0, "ENE_mean": 0, "ENE_n": 0, "E_calm": 0.0, "E_calm_n": 0, "E_low": 0.0, "E_low_n": 0, "E_med": 0.0, "E_med_n": 0, "E_high": 0.0, "E_high_n": 0, "E_mean": 0, "E_n": 0, "ESE_calm": 0.0, "ESE_calm_n": 0, "ESE_low": 0.0, "ESE_low_n": 0, "ESE_med": 0.0, "ESE_med_n": 0, "ESE_high": 0.0, "ESE_high_n": 0, "ESE_mean": 0, "ESE_n": 0, "SE_calm": 0.0, "SE_calm_n": 0, "SE_low": 0.0, "SE_low_n": 0, "SE_med": 0.0, "SE_med_n": 0, "SE_high": 0.0, "SE_high_n": 0, "SE_mean": 0, "SE_n": 0, "SSE_calm": 7.0, "SSE_calm_n": 1, "SSE_low": 5.4, "SSE_low_n": 6, "SSE_med": 0.0, "SSE_med_n": 0, "SSE_high": 0.0, "SSE_high_n": 0, "SSE_mean": 5.63, "SSE_n": 7, "S_calm": 0.0, "S_calm_n": 0, "S_low": 4.17, "S_low_n": 8, "S_med": 0.0, "S_med_n": 0, "S_high": 0.0, "S_high_n": 0, "S_mean": 4.17, "S_n": 8, "SSW_calm": 0.0, "SSW_calm_n": 0, "SSW_low": 4.67, "SSW_low_n": 26, "SSW_med": 0.0, "SSW_med_n": 0, "SSW_high": 0.0, "SSW_high_n": 0, "SSW_mean": 4.67, "SSW_n": 26, "SW_calm": 0.0, "SW_calm_n": 0, "SW_low": 6.03, "SW_low_n": 77, "SW_med": 4.64, "SW_med_n": 7, "SW_high": 0.0, "SW_high_n": 0, "SW_mean": 5.92, "SW_n": 84, "WSW_calm": 0.0, "WSW_calm_n": 0, "WSW_low": 7.65, "WSW_low_n": 28, "WSW_med": 0.0, "WSW_med_n": 5, "WSW_high": 0.0, "WSW_high_n": 0, "WSW_mean": 6.49, "WSW_n": 33, "W_calm": 0.0, "W_calm_n": 0, "W_low": 72.6, "W_low_n": 2, "W_med": 0.0, "W_med_n": 2, "W_high": 0.0, "W_high_n": 0, "W_mean": 36.3, "W_n": 4, "WNW_calm": 0.0, "WNW_calm_n": 0, "WNW_low": 0.0, "WNW_low_n": 1, "WNW_med": 0.0, "WNW_med_n": 0, "WNW_high": 0.0, "WNW_high_n": 0, "WNW_mean": 0.0, "WNW_n": 1, "NW_calm": 47.1, "NW_calm_n": 1, "NW_low": 0.0, "NW_low_n": 0, "NW_med": 0.0, "NW_med_n": 0, "NW_high": 0.0, "NW_high_n": 0, "NW_mean": 47.1, "NW_n": 1, "NNW_calm": 0.0, "NNW_calm_n": 0, "NNW_low": 0.0, "NNW_low_n": 0, "NNW_med": 0.0, "NNW_med_n": 0, "NNW_high": 0.0, "NNW_high_n": 0, "NNW_mean": 0, "NNW_n": 0, "calm_percent": 1.2}}, {"type": "Feature", "geometry": {"type": "Point", "coordinates": [-112.778004, 53.757334]}, "properties": {"N_calm": 0.0, "N_calm_n": 0, "N_low": 0.0, "N_low_n": 0, "N_med": 0.0, "N_med_n": 0, "N_high": 0.0, "N_high_n": 0, "N_mean": 0, "N_n": 0, "overall_mean": 3.4, "n_total": 167, "station": "Lamont", "pollutant": "Fine Particulate Matter", "period": "Last 7 Days", "start_date": "2026-09-26 07:00", "end_date": "2026-10-03 05:00", "dominant_dir": "SE", "dominant_value": 7.19, "dominant_percent": 8.4, "NNE_calm": 0.0, "NNE_calm_n": 0, "NNE_low": 0.0, "NNE_low_n": 0, "NNE_med": 0.0, "NNE_med_n": 0, "NNE_high": 0.0, "NNE_high_n": 0, "NNE_mean": 0, "NNE_n": 0, "NE_calm": 0.0, "NE_calm_n": 0, "NE_low": 0.0, "NE_low_n": 0, "NE_med": 0.0, "NE_med_n": 0, "NE_high": 0.0, "NE_high_n": 0, "NE_mean": 0, "NE_n": 0, "ENE_calm": 0.0, "ENE_calm_n": 0, "ENE_low": 0.0, "ENE_low_n": 0, "ENE_med": 0.0, "ENE_med_n": 0, "ENE_high": 0.0, "ENE_high_n": 0, "ENE_mean": 0, "ENE_n": 0, "E_calm": 0.0, "E_calm_n": 0, "E_low": 0.0, "E_low_n": 0, "E_med": 0.0, "E_med_n": 0, "E_high": 0.0, "E_high_n": 0, "E_mean": 0, "E_n": 0, "ESE_calm": 0.0, "ESE_calm_n": 0, "ESE_low": 0.0, "ESE_low_n": 0, "ESE_med": 0.0, "ESE_med_n": 0, "ESE_high": 0.0, "ESE_high_n": 0, "ESE_mean": 0, "ESE_n": 0, "SE_calm": 0.0, "SE_calm_n": 0, "SE_low": 6.99, "SE_low_n": 12, "SE_med": 8.4, "SE_med_n": 2, "SE_high": 0.0, "SE_high_n": 0, "SE_mean": 7.19, "SE_n": 14, "SSE_calm": 8.2, "SSE_calm_n": 1, "SSE_low": 4.22, "SSE_low_n": 6, "SSE_med": 7.1, "SSE_med_n": 1, "SSE_high": 0.0, "SSE_high_n": 0, "SSE_mean": 5.08, "SSE_n": 8, "S_calm": 0.0, "S_calm_n": 0, "S_low": 6.63, "S_low_n": 3, "S_med": 2.7, "S_med_n": 2, "S_high": 0.0, "S_high_n": 0, "S_mean": 5.06, "S_n": 5, "SSW_calm": 0.0, "SSW_calm_n": 0, "SSW_low": 3.82, "SSW_low_n": 5, "SSW_med": 2.4, "SSW_med_n": 1, "SSW_high": 0.0, "SSW_high_n": 0, "SSW_mean": 3.58, "SSW_n": 6, "SW_calm": 0.0, "SW_calm_n": 0, "SW_low": 2.7, "SW_low_n": 4, "SW_med": 1.72, "SW_med_n": 18, "SW_high": 0.0, "SW_high_n": 0, "SW_mean": 1.9, "SW_n": 22, "WSW_calm": 0.0, "WSW_calm_n": 0, "WSW_low": 3.23, "WSW_low_n": 8, "WSW_med": 2.24, "WSW_med_n": 17, "WSW_high": 0.0, "WSW_high_n": 0, "WSW_mean": 2.56, "WSW_n": 25, "W_calm": 0.0, "W_calm_n": 0, "W_low": 4.1, "W_low_n": 7, "W_med": 2.3, "W_med_n": 26, "W_high": 0.9, "W_high_n": 1, "W_mean": 2.63, "W_n": 34, "WNW_calm": 0.0, "WNW_calm_n": 0, "WNW_low": 4.23, "WNW_low_n": 9, "WNW_med": 2.25, "WNW_med_n": 19, "WNW_high": 2.05, "WNW_high_n": 11, "WNW_mean": 2.65, "WNW_n": 39, "NW_calm": 0.0, "NW_calm_n": 0, "NW_low": 7.35, "NW_low_n": 4, "NW_med": 4.34, "NW_med_n": 7, "NW_high": 0.0, "NW_high_n": 0, "NW_mean": 5.44, "NW_n": 11, "NNW_calm": 0.0, "NNW_calm_n": 0, "NNW_low": 7.0, "NNW_low_n": 2, "NNW_med": 7.1, "NNW_med_n": 1, "NNW_high": 0.0, "NNW_high_n": 0, "NNW_mean": 7.03, "NNW_n": 3, "calm_percent": 0.6}}, {"type": "Feature", "geometry": {"type": "Point", "coordinates": [-112.800586, 49.7161843]}, "properties": {"N_calm": 0.0, "N_calm_n": 0, "N_low": 2.22, "N_low_n": 5, "N_med": 0.0, "N_med_n": 0, "N_high": 0.0, "N_high_n": 0, "N_mean": 2.22, "N_n": 5, "overall_mean": 3.64, "n_total": 149, "station": "Lethbridge", "pollutant": "Fine Particulate Matter", "period": "Last 7 Days", "start_date": "2026-09-26 07:00", "end_date": "2026-10-03 05:00", "dominant_dir": "E", "dominant_value": 9.58, "dominant_percent": 3.4, "NNE_calm": 0.0, "NNE_calm_n": 0, "NNE_low": 4.4, "NNE_low_n": 1, "NNE_med": 0.0, "NNE_med_n": 0, "NNE_high": 0.0, "NNE_high_n": 0, "NNE_mean": 4.4, "NNE_n": 1, "NE_calm": 0.0, "NE_calm_n": 0, "NE_low": 5.2, "NE_low_n": 1, "NE_med": 0.0, "NE_med_n": 0, "NE_high": 0.0, "NE_high_n": 0, "NE_mean": 5.2, "NE_n": 1, "ENE_calm": 6.0, "ENE_calm_n": 1, "ENE_low": 5.62, "ENE_low_n": 4, "ENE_med": 0.0, "ENE_med_n": 0, "ENE_high": 0.0, "ENE_high_n": 0, "ENE_mean": 5.7, "ENE_n": 5, "E_calm": 7.8, "E_calm_n": 2, "E_low": 10.77, "E_low_n": 3, "E_med": 0.0, "E_med_n": 0, "E_high": 0.0, "E_high_n": 0, "E_mean": 9.58, "E_n": 5, "ESE_calm": 0.0, "ESE_calm_n": 0, "ESE_low": 6.3, "ESE_low_n": 5, "ESE_med": 0.0, "ESE_med_n": 0, "ESE_high": 0.0, "ESE_high_n": 0, "ESE_mean": 6.3, "ESE_n": 5, "SE_calm": 0.0, "SE_calm_n": 0, "SE_low": 7.15, "SE_low_n": 2, "SE_med": 0.0, "SE_med_n": 0, "SE_high": 0.0, "SE_high_n": 0, "SE_mean": 7.15, "SE_n": 2, "SSE_calm": 6.1, "SSE_calm_n": 1, "SSE_low": 4.46, "SSE_low_n": 5, "SSE_med": 0.0, "SSE_med_n": 0, "SSE_high": 0.0, "SSE_high_n": 0, "SSE_mean": 4.73, "SSE_n": 6, "S_calm": 0.0, "S_calm_n": 0, "S_low": 5.5, "S_low_n": 2, "S_med": 0.0, "S_med_n": 0, "S_high": 0.0, "S_high_n": 0, "S_mean": 5.5, "S_n": 2, "SSW_calm": 0.0, "SSW_calm_n": 0, "SSW_low": 3.73, "SSW_low_n": 11, "SSW_med": 0.0, "SSW_med_n": 0, "SSW_high": 0.0, "SSW_high_n": 0, "SSW_mean": 3.73, "SSW_n": 11, "SW_calm": 9.65, "SW_calm_n": 2, "SW_low": 2.81, "SW_low_n": 12, "SW_med": 2.64, "SW_med_n": 9, "SW_high": 0.0, "SW_high_n": 0, "SW_mean": 3.34, "SW_n": 23, "WSW_calm": 0.0, "WSW_calm_n": 0, "WSW_low": 4.11, "WSW_low_n": 7, "WSW_med": 2.3, "WSW_med_n": 37, "WSW_high": 0.0, "WSW_high_n": 0, "WSW_mean": 2.59, "WSW_n": 44, "W_calm": 3.7, "W_calm_n": 2, "W_low": 5.04, "W_low_n": 5, "W_med": 2.56, "W_med_n": 19, "W_high": 0.0, "W_high_n": 0, "W_mean": 3.12, "W_n": 26, "WNW_calm": 12.0, "WNW_calm_n": 1, "WNW_low": 2.05, "WNW_low_n": 2, "WNW_med": 0.0, "WNW_med_n": 0, "WNW_high": 0.0, "WNW_high_n": 0, "WNW_mean": 5.37, "WNW_n": 3, "NW_calm": 0.0, "NW_calm_n": 0, "NW_low": 3.48, "NW_low_n": 4, "NW_med": 0.0, "NW_med_n": 0, "NW_high": 0.0, "NW_high_n": 0, "NW_mean": 3.48, "NW_n": 4, "NNW_calm": 0.0, "NNW_calm_n": 0, "NNW_low": 2.8, "NNW_low_n": 6, "NNW_med": 0.0, "NNW_med_n": 0, "NNW_high": 0.0, "NNW_high_n": 0, "NNW_mean": 2.8, "NNW_n": 6, "calm_percent": 6.0}}, {"type": "Feature", "geometry": {"type": "Point", "coordinates": [-110.6811172, 50.0488873]}, "properties": {"N_calm": 0.0, "N_calm_n": 0, "N_low": 4.8, "N_low_n": 3, "N_med": 2.86, "N_med_n": 5, "N_high": 0.0, "N_high_n": 0, "N_mean": 3.59, "N_n": 8, "overall_mean": 3.54, "n_total": 163, "station": "Medicine Hat - Crescent Heights", "pollutant": "Fine Particulate Matter", "period": "Last 7 Days", "start_date": "2026-09-26 07:00", "end_date": "2026-10-03 05:00", "dominant_dir": "E", "dominant_value": 4.62, "dominant_percent": 3.1, "NNE_calm": 0.0, "NNE_calm_n": 0, "NNE_low": 3.7, "NNE_low_n": 1, "NNE_med": 3.65, "NNE_med_n": 2, "NNE_high": 0.0, "NNE_high_n": 0, "NNE_mean": 3.67, "NNE_n": 3, "NE_calm": 4.4, "NE_calm_n": 1, "NE_low": 3.65, "NE_low_n": 4, "NE_med": 0.0, "NE_med_n": 0, "NE_high": 0.0, "NE_high_n": 0, "NE_mean": 3.8, "NE_n": 5, "ENE_calm": 0.0, "ENE_calm_n": 0, "ENE_low": 4.3, "ENE_low_n": 1, "ENE_med": 3.55, "ENE_med_n": 4, "ENE_high": 0.0, "ENE_high_n": 0, "ENE_mean": 3.7, "ENE_n": 5, "E_calm": 4.1, "E_calm_n": 1, "E_low": 4.75, "E_low_n": 4, "E_med": 0.0, "E_med_n": 0, "E_high": 0.0, "E_high_n": 0, "E_mean": 4.62, "E_n": 5, "ESE_calm": 4.1, "ESE_calm_n": 1, "ESE_low": 4.08, "ESE_low_n": 8, "ESE_med": 0.0, "ESE_med_n": 0, "ESE_high": 0.0, "ESE_high_n": 0, "ESE_mean": 4.08, "ESE_n": 9, "SE_calm": 0.0, "SE_calm_n": 0, "SE_low": 3.94, "SE_low_n": 10, "SE_med": 0.0, "SE_med_n": 0, "SE_high": 0.0, "SE_high_n": 0, "SE_mean": 3.94, "SE_n": 10, "SSE_calm": 4.3, "SSE_calm_n": 1, "SSE_low": 3.07, "SSE_low_n": 7, "SSE_med": 0.0, "SSE_med_n": 0, "SSE_high": 0.0, "SSE_high_n": 0, "SSE_mean": 3.23, "SSE_n": 8, "S_calm": 4.85, "S_calm_n": 2, "S_low": 4.47, "S_low_n": 7, "S_med": 1.35, "S_med_n": 2, "S_high": 0.0, "S_high_n": 0, "S_mean": 3.97, "S_n": 11, "SSW_calm": 0.0, "SSW_calm_n": 0, "SSW_low": 2.82, "SSW_low_n": 10, "SSW_med": 2.23, "SSW_med_n": 10, "SSW_high": 0.0, "SSW_high_n": 0, "SSW_mean": 2.52, "SSW_n": 20, "SW_calm": 0.0, "SW_calm_n": 0, "SW_low": 4.12, "SW_low_n": 10, "SW_med": 3.65, "SW_med_n": 22, "SW_high": 0.0, "SW_high_n": 0, "SW_mean": 3.8, "SW_n": 32, "WSW_calm": 0.0, "WSW_calm_n": 0, "WSW_low": 2.3, "WSW_low_n": 3, "WSW_med": 4.16, "WSW_med_n": 14, "WSW_high": 0.0, "WSW_high_n": 0, "WSW_mean": 3.84, "WSW_n": 17, "W_calm": 5.3, "W_calm_n": 1, "W_low": 1.15, "W_low_n": 2, "W_med": 4.36, "W_med_n": 9, "W_high": 0.0, "W_high_n": 0, "W_mean": 3.9, "W_n": 12, "WNW_calm": 0.0, "WNW_calm_n": 0, "WNW_low": 1.6, "WNW_low_n": 3, "WNW_med": 4.45, "WNW_med_n": 2, "WNW_high": 0.0, "WNW_high_n": 0, "WNW_mean": 2.74, "WNW_n": 5, "NW_calm": 0.0, "NW_calm_n": 0, "NW_low": 3.0, "NW_low_n": 4, "NW_med": 0.0, "NW_med_n": 0, "NW_high": 0.0, "NW_high_n": 0, "NW_mean": 3.0, "NW_n": 4, "NNW_calm": 0.0, "NNW_calm_n": 0, "NNW_low": 2.5, "NNW_low_n": 6, "NNW_med": 2.23, "NNW_med_n": 3, "NNW_high": 0.0, "NNW_high_n": 0, "NNW_mean": 2.41, "NNW_n": 9, "calm_percent": 4.3}}, {"type": "Feature", "geometry": {"type": "Point", "coordinates": [-112.8433489, 54.9036817]}, "properties": {"N_calm": 0.0, "N_calm_n": 0, "N_low": 0.0, "N_low_n": 0, "N_med": 0.0, "N_med_n": 0, "N_high": 0.0, "N_high_n": 0, "N_mean": 0, "N_n": 0, "overall_mean": 1.23, "n_total": 166, "station": "O\u2019Morrow Station 1", "pollutant": "Fine Particulate Matter", "period": "Last 7 Days", "start_date": "2026-09-26 07:00", "end_date": "2026-10-03 06:00", "dominant_dir": "SE", "dominant_value": 2.7, "dominant_percent": 0.6, "NNE_calm": 0.0, "NNE_calm_n": 0, "NNE_low": 0.0, "NNE_low_n": 0, "NNE_med": 0.0, "NNE_med_n": 0, "NNE_high": 0.0, "NNE_high_n": 0, "NNE_mean": 0, "NNE_n": 0, "NE_calm": 0.0, "NE_calm_n": 0, "NE_low": 0.0, "NE_low_n": 0, "NE_med": 0.0, "NE_med_n": 0, "NE_high": 0.0, "NE_high_n": 0, "NE_mean": 0, "NE_n": 0, "ENE_calm": 0.0, "ENE_calm_n": 0, "ENE_low": 0.0, "ENE_low_n": 0, "ENE_med": 0.0, "ENE_med_n": 0, "ENE_high": 0.0, "ENE_high_n": 0, "ENE_mean": 0, "ENE_n": 0, "E_calm": 1.8, "E_calm_n": 1, "E_low": 2.1, "E_low_n": 1, "E_med": 0.0, "E_med_n": 0, "E_high": 0.0, "E_high_n": 0, "E_mean": 1.95, "E_n": 2, "ESE_calm": 0.0, "ESE_calm_n": 0, "ESE_low": 2.3, "ESE_low_n": 1, "ESE_med": 0.0, "ESE_med_n": 0, "ESE_high": 0.0, "ESE_high_n": 0, "ESE_mean": 2.3, "ESE_n": 1, "SE_calm": 2.7, "SE_calm_n": 1, "SE_low": 0.0, "SE_low_n": 0, "SE_med": 0.0, "SE_med_n": 0, "SE_high": 0.0, "SE_high_n": 0, "SE_mean": 2.7, "SE_n": 1, "SSE_calm": 2.2, "SSE_calm_n": 1, "SSE_low": 0.0, "SSE_low_n": 0, "SSE_med": 0.0, "SSE_med_n": 0, "SSE_high": 0.0, "SSE_high_n": 0, "SSE_mean": 2.2, "SSE_n": 1, "S_calm": 0.0, "S_calm_n": 0, "S_low": 1.43, "S_low_n": 7, "S_med": 0.0, "S_med_n": 0, "S_high": 0.0, "S_high_n": 0, "S_mean": 1.43, "S_n": 7, "SSW_calm": 0.0, "SSW_calm_n": 0, "SSW_low": 1.92, "SSW_low_n": 13, "SSW_med": 0.8, "SSW_med_n": 8, "SSW_high": 0.0, "SSW_high_n": 0, "SSW_mean": 1.49, "SSW_n": 21, "SW_calm": 0.0, "SW_calm_n": 0, "SW_low": 0.94, "SW_low_n": 22, "SW_med": 0.65, "SW_med_n": 2, "SW_high": 0.0, "SW_high_n": 0, "SW_mean": 0.92, "SW_n": 24, "WSW_calm": 0.0, "WSW_calm_n": 0, "WSW_low": 1.3, "WSW_low_n": 9, "WSW_med": 0.72, "WSW_med_n": 28, "WSW_high": 0.0, "WSW_high_n": 0, "WSW_mean": 0.86, "WSW_n": 37, "W_calm": 2.06, "W_calm_n": 5, "W_low": 2.4, "W_low_n": 3, "W_med": 1.11, "W_med_n": 22, "W_high": 0.3, "W_high_n": 10, "W_mean": 1.12, "W_n": 40, "WNW_calm": 0.0, "WNW_calm_n": 0, "WNW_low": 3.5, "WNW_low_n": 4, "WNW_med": 1.3, "WNW_med_n": 5, "WNW_high": 0.89, "WNW_high_n": 16, "WNW_mean": 1.39, "WNW_n": 25, "NW_calm": 0.0, "NW_calm_n": 0, "NW_low": 4.35, "NW_low_n": 2, "NW_med": 1.98, "NW_med_n": 5, "NW_high": 0.0, "NW_high_n": 0, "NW_mean": 2.66, "NW_n": 7, "NNW_calm": 0.0, "NNW_calm_n": 0, "NNW_low": 0.0, "NNW_low_n": 0, "NNW_med": 0.0, "NNW_med_n": 0, "NNW_high": 0.0, "NNW_high_n": 0, "NNW_mean": 0, "NNW_n": 0, "calm_percent": 4.8}}, {"type": "Feature", "geometry": {"type": "Point", "coordinates": [-112.64222, 49.46218]}, "properties": {"N_calm": 3.2, "N_calm_n": 1, "N_low": 18.2, "N_low_n": 1, "N_med": 0.0, "N_med_n": 0, "N_high": 0.0, "N_high_n": 0, "N_mean": 10.7, "N_n": 2, "overall_mean": 4.11, "n_total": 167, "station": "Raymond (Airpointer)", "pollutant": "Fine Particulate Matter", "period": "Last 7 Days", "start_date": "2026-09-26 07:00", "end_date": "2026-10-03 05:00", "dominant_dir": "SE", "dominant_value": 28.73, "dominant_percent": 1.8, "NNE_calm": 0.0, "NNE_calm_n": 0, "NNE_low": 26.4, "NNE_low_n": 1, "NNE_med": 0.0, "NNE_med_n": 0, "NNE_high": 0.0, "NNE_high_n": 0, "NNE_mean": 26.4, "NNE_n": 1, "NE_calm": 9.2, "NE_calm_n": 2, "NE_low": 21.2, "NE_low_n": 2, "NE_med": 0.0, "NE_med_n": 0, "NE_high": 0.0, "NE_high_n": 0, "NE_mean": 15.2, "NE_n": 4, "ENE_calm": 0.2, "ENE_calm_n": 1, "ENE_low": 0.0, "ENE_low_n": 0, "ENE_med": 0.0, "ENE_med_n": 0, "ENE_high": 0.0, "ENE_high_n": 0, "ENE_mean": 0.2, "ENE_n": 1, "E_calm": 0.9, "E_calm_n": 2, "E_low": 0.0, "E_low_n": 0, "E_med": 0.0, "E_med_n": 0, "E_high": 0.0, "E_high_n": 0, "E_mean": 0.9, "E_n": 2, "ESE_calm": 13.1, "ESE_calm_n": 1, "ESE_low": 0.0, "ESE_low_n": 0, "ESE_med": 0.0, "ESE_med_n": 0, "ESE_high": 0.0, "ESE_high_n": 0, "ESE_mean": 13.1, "ESE_n": 1, "SE_calm": 28.73, "SE_calm_n": 3, "SE_low": 0.0, "SE_low_n": 0, "SE_med": 0.0, "SE_med_n": 0, "SE_high": 0.0, "SE_high_n": 0, "SE_mean": 28.73, "SE_n": 3, "SSE_calm": 4.44, "SSE_calm_n": 8, "SSE_low": 0.0, "SSE_low_n": 0, "SSE_med": 0.0, "SSE_med_n": 0, "SSE_high": 0.0, "SSE_high_n": 0, "SSE_mean": 4.44, "SSE_n": 8, "S_calm": 1.63, "S_calm_n": 6, "S_low": 0.45, "S_low_n": 12, "S_med": 0.0, "S_med_n": 0, "S_high": 0.0, "S_high_n": 0, "S_mean": 0.84, "S_n": 18, "SSW_calm": 5.42, "SSW_calm_n": 5, "SSW_low": 2.55, "SSW_low_n": 17, "SSW_med": 2.63, "SSW_med_n": 6, "SSW_high": 0.0, "SSW_high_n": 0, "SSW_mean": 3.08, "SSW_n": 28, "SW_calm": 4.06, "SW_calm_n": 5, "SW_low": 3.19, "SW_low_n": 19, "SW_med": 3.15, "SW_med_n": 29, "SW_high": 4.33, "SW_high_n": 10, "SW_mean": 3.42, "SW_n": 63, "WSW_calm": 2.6, "WSW_calm_n": 3, "WSW_low": 3.48, "WSW_low_n": 5, "WSW_med": 0.83, "WSW_med_n": 10, "WSW_high": 1.2, "WSW_high_n": 2, "WSW_mean": 1.79, "WSW_n": 20, "W_calm": 2.5, "W_calm_n": 1, "W_low": 2.15, "W_low_n": 2, "W_med": 0.0, "W_med_n": 0, "W_high": 0.0, "W_high_n": 0, "W_mean": 2.27, "W_n": 3, "WNW_calm": 0.0, "WNW_calm_n": 0, "WNW_low": 2.85, "WNW_low_n": 2, "WNW_med": 0.8, "WNW_med_n": 1, "WNW_high": 0.0, "WNW_high_n": 0, "WNW_mean": 2.17, "WNW_n": 3, "NW_calm": 0.6, "NW_calm_n": 1, "NW_low": 1.05, "NW_low_n": 2, "NW_med": 0.0, "NW_med_n": 0, "NW_high": 0.0, "NW_high_n": 0, "NW_mean": 0.9, "NW_n": 3, "NNW_calm": 0.0, "NNW_calm_n": 0, "NNW_low": 10.26, "NNW_low_n": 7, "NNW_med": 0.0, "NNW_med_n": 0, "NNW_high": 0.0, "NNW_high_n": 0, "NNW_mean": 10.26, "NNW_n": 7, "calm_percent": 23.4}}, {"type": "Feature", "geometry": {"type": "Point", "coordinates": [-113.793438, 52.298622]}, "properties": {"N_calm": 7.8, "N_calm_n": 1, "N_low": 7.73, "N_low_n": 3, "N_med": 6.9, "N_med_n": 1, "N_high": 0.0, "N_high_n": 0, "N_mean": 7.58, "N_n": 5, "overall_mean": 5.57, "n_total": 159, "station": "Red Deer - Riverside", "pollutant": "Fine Particulate Matter", "period": "Last 7 Days", "start_date": "2026-09-26 07:00", "end_date": "2026-10-03 05:00", "dominant_dir": "N", "dominant_value": 7.58, "dominant_percent": 3.1, "NNE_calm": 0.0, "NNE_calm_n": 0, "NNE_low": 0.0, "NNE_low_n": 0, "NNE_med": 0.0, "NNE_med_n": 0, "NNE_high": 0.0, "NNE_high_n": 0, "NNE_mean": 0, "NNE_n": 0, "NE_calm": 0.0, "NE_calm_n": 0, "NE_low": 0.0, "NE_low_n": 0, "NE_med": 0.0, "NE_med_n": 0, "NE_high": 0.0, "NE_high_n": 0, "NE_mean": 0, "NE_n": 0, "ENE_calm": 0.0, "ENE_calm_n": 0, "ENE_low": 0.0, "ENE_low_n": 0, "ENE_med": 0.0, "ENE_med_n": 0, "ENE_high": 0.0, "ENE_high_n": 0, "ENE_mean": 0, "ENE_n": 0, "E_calm": 0.0, "E_calm_n": 0, "E_low": 0.0, "E_low_n": 0, "E_med": 0.0, "E_med_n": 0, "E_high": 0.0, "E_high_n": 0, "E_mean": 0, "E_n": 0, "ESE_calm": 0.0, "ESE_calm_n": 0, "ESE_low": 0.0, "ESE_low_n": 0, "ESE_med": 0.0, "ESE_med_n": 0, "ESE_high": 0.0, "ESE_high_n": 0, "ESE_mean": 0, "ESE_n": 0, "SE_calm": 0.0, "SE_calm_n": 0, "SE_low": 5.3, "SE_low_n": 1, "SE_med": 0.0, "SE_med_n": 0, "SE_high": 0.0, "SE_high_n": 0, "SE_mean": 5.3, "SE_n": 1, "SSE_calm": 6.12, "SSE_calm_n": 5, "SSE_low": 5.15, "SSE_low_n": 4, "SSE_med": 0.0, "SSE_med_n": 0, "SSE_high": 0.0, "SSE_high_n": 0, "SSE_mean": 5.69, "SSE_n": 9, "S_calm": 6.48, "S_calm_n": 6, "S_low": 7.19, "S_low_n": 56, "S_med": 0.0, "S_med_n": 0, "S_high": 0.0, "S_high_n": 0, "S_mean": 7.12, "S_n": 62, "SSW_calm": 8.2, "SSW_calm_n": 1, "SSW_low": 5.26, "SSW_low_n": 18, "SSW_med": 0.0, "SSW_med_n": 0, "SSW_high": 0.0, "SSW_high_n": 0, "SSW_mean": 5.42, "SSW_n": 19, "SW_calm": 5.8, "SW_calm_n": 3, "SW_low": 3.66, "SW_low_n": 12, "SW_med": 0.0, "SW_med_n": 0, "SW_high": 0.0, "SW_high_n": 0, "SW_mean": 4.09, "SW_n": 15, "WSW_calm": 0.0, "WSW_calm_n": 0, "WSW_low": 1.95, "WSW_low_n": 4, "WSW_med": 0.0, "WSW_med_n": 0, "WSW_high": 0.0, "WSW_high_n": 0, "WSW_mean": 1.95, "WSW_n": 4, "W_calm": 7.6, "W_calm_n": 1, "W_low": 4.4, "W_low_n": 2, "W_med": 0.0, "W_med_n": 0, "W_high": 0.0, "W_high_n": 0, "W_mean": 5.47, "W_n": 3, "WNW_calm": 5.6, "WNW_calm_n": 1, "WNW_low": 2.45, "WNW_low_n": 4, "WNW_med": 1.62, "WNW_med_n": 6, "WNW_high": 0.0, "WNW_high_n": 0, "WNW_mean": 2.28, "WNW_n": 11, "NW_calm": 0.0, "NW_calm_n": 0, "NW_low": 5.55, "NW_low_n": 6, "NW_med": 2.96, "NW_med_n": 10, "NW_high": 0.0, "NW_high_n": 0, "NW_mean": 3.93, "NW_n": 16, "NNW_calm": 0.0, "NNW_calm_n": 0, "NNW_low": 5.47, "NNW_low_n": 3, "NNW_med": 5.22, "NNW_med_n": 11, "NNW_high": 0.0, "NNW_high_n": 0, "NNW_mean": 5.27, "NNW_n": 14, "calm_percent": 11.3}}, {"type": "Feature", "geometry": {"type": "Point", "coordinates": [-113.105857, 53.951834]}, "properties": {"N_calm": 0.0, "N_calm_n": 0, "N_low": 0.0, "N_low_n": 0, "N_med": 0.0, "N_med_n": 0, "N_high": 0.0, "N_high_n": 0, "N_mean": 0, "N_n": 0, "overall_mean": 3.18, "n_total": 164, "station": "Redwater", "pollutant": "Fine Particulate Matter", "period": "Last 7 Days", "start_date": "2026-09-26 07:00", "end_date": "2026-10-03 04:00", "dominant_dir": "NE", "dominant_value": 9.09, "dominant_percent": 0.6, "NNE_calm": 0.0, "NNE_calm_n": 0, "NNE_low": 0.0, "NNE_low_n": 0, "NNE_med": 0.0, "NNE_med_n": 0, "NNE_high": 0.0, "NNE_high_n": 0, "NNE_mean": 0, "NNE_n": 0, "NE_calm": 0.0, "NE_calm_n": 0, "NE_low": 9.09, "NE_low_n": 1, "NE_med": 0.0, "NE_med_n": 0, "NE_high": 0.0, "NE_high_n": 0, "NE_mean": 9.09, "NE_n": 1, "ENE_calm": 0.0, "ENE_calm_n": 0, "ENE_low": 6.64, "ENE_low_n": 1, "ENE_med": 0.0, "ENE_med_n": 0, "ENE_high": 0.0, "ENE_high_n": 0, "ENE_mean": 6.64, "ENE_n": 1, "E_calm": 7.36, "E_calm_n": 1, "E_low": 6.34, "E_low_n": 5, "E_med": 0.0, "E_med_n": 0, "E_high": 0.0, "E_high_n": 0, "E_mean": 6.51, "E_n": 6, "ESE_calm": 0.0, "ESE_calm_n": 0, "ESE_low": 7.44, "ESE_low_n": 2, "ESE_med": 0.0, "ESE_med_n": 0, "ESE_high": 0.0, "ESE_high_n": 0, "ESE_mean": 7.44, "ESE_n": 2, "SE_calm": 0.0, "SE_calm_n": 0, "SE_low": 4.64, "SE_low_n": 2, "SE_med": 0.0, "SE_med_n": 0, "SE_high": 0.0, "SE_high_n": 0, "SE_mean": 4.64, "SE_n": 2, "SSE_calm": 7.1, "SSE_calm_n": 1, "SSE_low": 5.5, "SSE_low_n": 3, "SSE_med": 0.0, "SSE_med_n": 0, "SSE_high": 0.0, "SSE_high_n": 0, "SSE_mean": 5.9, "SSE_n": 4, "S_calm": 8.69, "S_calm_n": 1, "S_low": 5.94, "S_low_n": 1, "S_med": 0.0, "S_med_n": 0, "S_high": 0.0, "S_high_n": 0, "S_mean": 7.31, "S_n": 2, "SSW_calm": 6.19, "SSW_calm_n": 3, "SSW_low": 4.35, "SSW_low_n": 9, "SSW_med": 0.0, "SSW_med_n": 0, "SSW_high": 0.0, "SSW_high_n": 0, "SSW_mean": 4.81, "SSW_n": 12, "SW_calm": 6.13, "SW_calm_n": 3, "SW_low": 3.36, "SW_low_n": 16, "SW_med": 1.11, "SW_med_n": 9, "SW_high": 0.0, "SW_high_n": 0, "SW_mean": 2.93, "SW_n": 28, "WSW_calm": 0.0, "WSW_calm_n": 0, "WSW_low": 3.18, "WSW_low_n": 14, "WSW_med": 1.29, "WSW_med_n": 6, "WSW_high": 0.0, "WSW_high_n": 0, "WSW_mean": 2.61, "WSW_n": 20, "W_calm": 0.0, "W_calm_n": 0, "W_low": 2.61, "W_low_n": 21, "W_med": 1.36, "W_med_n": 25, "W_high": 0.0, "W_high_n": 0, "W_mean": 1.93, "W_n": 46, "WNW_calm": 0.0, "WNW_calm_n": 0, "WNW_low": 5.22, "WNW_low_n": 9, "WNW_med": 1.6, "WNW_med_n": 19, "WNW_high": 0.0, "WNW_high_n": 0, "WNW_mean": 2.77, "WNW_n": 28, "NW_calm": 0.0, "NW_calm_n": 0, "NW_low": 6.5, "NW_low_n": 4, "NW_med": 1.46, "NW_med_n": 6, "NW_high": 0.0, "NW_high_n": 0, "NW_mean": 3.48, "NW_n": 10, "NNW_calm": 0.0, "NNW_calm_n": 0, "NNW_low": 4.29, "NNW_low_n": 1, "NNW_med": 6.41, "NNW_med_n": 1, "NNW_high": 0.0, "NNW_high_n": 0, "NNW_mean": 5.35, "NNW_n": 2, "calm_percent": 5.5}}, {"type": "Feature", "geometry": {"type": "Point", "coordinates": [-113.32098, 53.53209]}, "properties": {"N_calm": 0.0, "N_calm_n": 0, "N_low": 1.4, "N_low_n": 1, "N_med": 0.0, "N_med_n": 0, "N_high": 0.0, "N_high_n": 0, "N_mean": 1.4, "N_n": 1, "overall_mean": 3.35, "n_total": 164, "station": "Sherwood Park", "pollutant": "Fine Particulate Matter", "period": "Last 7 Days", "start_date": "2026-09-26 07:00", "end_date": "2026-10-03 05:00", "dominant_dir": "W", "dominant_value": 5.01, "dominant_percent": 6.7, "NNE_calm": 0.0, "NNE_calm_n": 0, "NNE_low": 0.0, "NNE_low_n": 0, "NNE_med": 0.0, "NNE_med_n": 0, "NNE_high": 0.0, "NNE_high_n": 0, "NNE_mean": 0, "NNE_n": 0, "NE_calm": 0.0, "NE_calm_n": 0, "NE_low": 0.0, "NE_low_n": 0, "NE_med": 0.0, "NE_med_n": 0, "NE_high": 0.0, "NE_high_n": 0, "NE_mean": 0, "NE_n": 0, "ENE_calm": 0.0, "ENE_calm_n": 0, "ENE_low": 0.0, "ENE_low_n": 0, "ENE_med": 0.0, "ENE_med_n": 0, "ENE_high": 0.0, "ENE_high_n": 0, "ENE_mean": 0, "ENE_n": 0, "E_calm": 0.0, "E_calm_n": 0, "E_low": 0.0, "E_low_n": 0, "E_med": 0.0, "E_med_n": 0, "E_high": 0.0, "E_high_n": 0, "E_mean": 0, "E_n": 0, "ESE_calm": 0.0, "ESE_calm_n": 0, "ESE_low": 0.0, "ESE_low_n": 0, "ESE_med": 0.0, "ESE_med_n": 0, "ESE_high": 0.0, "ESE_high_n": 0, "ESE_mean": 0, "ESE_n": 0, "SE_calm": 0.0, "SE_calm_n": 0, "SE_low": 4.47, "SE_low_n": 16, "SE_med": 0.0, "SE_med_n": 0, "SE_high": 0.0, "SE_high_n": 0, "SE_mean": 4.47, "SE_n": 16, "SSE_calm": 0.0, "SSE_calm_n": 0, "SSE_low": 3.98, "SSE_low_n": 8, "SSE_med": 0.0, "SSE_med_n": 0, "SSE_high": 0.0, "SSE_high_n": 0, "SSE_mean": 3.98, "SSE_n": 8, "S_calm": 4.4, "S_calm_n": 3, "S_low": 3.59, "S_low_n": 23, "S_med": 0.0, "S_med_n": 0, "S_high": 0.0, "S_high_n": 0, "S_mean": 3.68, "S_n": 26, "SSW_calm": 0.0, "SSW_calm_n": 0, "SSW_low": 3.23, "SSW_low_n": 24, "SSW_med": 0.0, "SSW_med_n": 0, "SSW_high": 0.0, "SSW_high_n": 0, "SSW_mean": 3.23, "SSW_n": 24, "SW_calm": 3.0, "SW_calm_n": 1, "SW_low": 3.26, "SW_low_n": 8, "SW_med": 0.0, "SW_med_n": 0, "SW_high": 0.0, "SW_high_n": 0, "SW_mean": 3.23, "SW_n": 9, "WSW_calm": 0.0, "WSW_calm_n": 0, "WSW_low": 2.42, "WSW_low_n": 13, "WSW_med": 0.0, "WSW_med_n": 0, "WSW_high": 0.0, "WSW_high_n": 0, "WSW_mean": 2.42, "WSW_n": 13, "W_calm": 0.0, "W_calm_n": 0, "W_low": 5.01, "W_low_n": 11, "W_med": 0.0, "W_med_n": 0, "W_high": 0.0, "W_high_n": 0, "W_mean": 5.01, "W_n": 11, "WNW_calm": 0.0, "WNW_calm_n": 0, "WNW_low": 2.44, "WNW_low_n": 5, "WNW_med": 1.99, "WNW_med_n": 30, "WNW_high": 0.0, "WNW_high_n": 0, "WNW_mean": 2.05, "WNW_n": 35, "NW_calm": 0.0, "NW_calm_n": 0, "NW_low": 6.05, "NW_low_n": 6, "NW_med": 2.77, "NW_med_n": 11, "NW_high": 0.0, "NW_high_n": 0, "NW_mean": 3.93, "NW_n": 17, "NNW_calm": 0.0, "NNW_calm_n": 0, "NNW_low": 3.8, "NNW_low_n": 3, "NNW_med": 6.2, "NNW_med_n": 1, "NNW_high": 0.0, "NNW_high_n": 0, "NNW_mean": 4.4, "NNW_n": 4, "calm_percent": 2.4}}, {"type": "Feature", "geometry": {"type": "Point", "coordinates": [-118.275, 55.405]}, "properties": {"N_calm": 0.0, "N_calm_n": 0, "N_low": 18.1, "N_low_n": 1, "N_med": 0.0, "N_med_n": 0, "N_high": 0.0, "N_high_n": 0, "N_mean": 18.1, "N_n": 1, "overall_mean": 1.98, "n_total": 167, "station": "Smoky Heights", "pollutant": "Fine Particulate Matter", "period": "Last 7 Days", "start_date": "2026-09-26 07:00", "end_date": "2026-10-03 05:00", "dominant_dir": "N", "dominant_value": 18.1, "dominant_percent": 0.6, "NNE_calm": 9.3, "NNE_calm_n": 1, "NNE_low": 0.0, "NNE_low_n": 0, "NNE_med": 0.0, "NNE_med_n": 0, "NNE_high": 0.0, "NNE_high_n": 0, "NNE_mean": 9.3, "NNE_n": 1, "NE_calm": 0.0, "NE_calm_n": 0, "NE_low": 0.0, "NE_low_n": 0, "NE_med": 0.0, "NE_med_n": 0, "NE_high": 0.0, "NE_high_n": 0, "NE_mean": 0, "NE_n": 0, "ENE_calm": 0.0, "ENE_calm_n": 0, "ENE_low": 0.0, "ENE_low_n": 0, "ENE_med": 0.0, "ENE_med_n": 0, "ENE_high": 0.0, "ENE_high_n": 0, "ENE_mean": 0, "ENE_n": 0, "E_calm": 0.0, "E_calm_n": 0, "E_low": 0.0, "E_low_n": 0, "E_med": 0.0, "E_med_n": 0, "E_high": 0.0, "E_high_n": 0, "E_mean": 0, "E_n": 0, "ESE_calm": 0.0, "ESE_calm_n": 0, "ESE_low": 0.0, "ESE_low_n": 0, "ESE_med": 0.0, "ESE_med_n": 0, "ESE_high": 0.0, "ESE_high_n": 0, "ESE_mean": 0, "ESE_n": 0, "SE_calm": 0.0, "SE_calm_n": 0, "SE_low": 0.0, "SE_low_n": 0, "SE_med": 0.0, "SE_med_n": 0, "SE_high": 0.0, "SE_high_n": 0, "SE_mean": 0, "SE_n": 0, "SSE_calm": 0.0, "SSE_calm_n": 0, "SSE_low": 3.5, "SSE_low_n": 1, "SSE_med": 0.0, "SSE_med_n": 0, "SSE_high": 0.0, "SSE_high_n": 0, "SSE_mean": 3.5, "SSE_n": 1, "S_calm": 0.0, "S_calm_n": 0, "S_low": 3.98, "S_low_n": 5, "S_med": 0.0, "S_med_n": 0, "S_high": 0.0, "S_high_n": 0, "S_mean": 3.98, "S_n": 5, "SSW_calm": 0.0, "SSW_calm_n": 0, "SSW_low": 3.55, "SSW_low_n": 11, "SSW_med": 4.03, "SSW_med_n": 3, "SSW_high": 0.0, "SSW_high_n": 0, "SSW_mean": 3.65, "SSW_n": 14, "SW_calm": 0.0, "SW_calm_n": 0, "SW_low": 2.98, "SW_low_n": 10, "SW_med": 3.3, "SW_med_n": 14, "SW_high": 0.77, "SW_high_n": 3, "SW_mean": 2.9, "SW_n": 27, "WSW_calm": 0.0, "WSW_calm_n": 0, "WSW_low": 1.68, "WSW_low_n": 5, "WSW_med": 0.74, "WSW_med_n": 33, "WSW_high": 0.61, "WSW_high_n": 10, "WSW_mean": 0.81, "WSW_n": 48, "W_calm": 0.0, "W_calm_n": 0, "W_low": 4.48, "W_low_n": 5, "W_med": 1.03, "W_med_n": 38, "W_high": 0.6, "W_high_n": 9, "W_mean": 1.28, "W_n": 52, "WNW_calm": 0.0, "WNW_calm_n": 0, "WNW_low": 0.0, "WNW_low_n": 0, "WNW_med": 0.28, "WNW_med_n": 13, "WNW_high": 0.0, "WNW_high_n": 0, "WNW_mean": 0.28, "WNW_n": 13, "NW_calm": 17.0, "NW_calm_n": 1, "NW_low": 5.0, "NW_low_n": 2, "NW_med": 0.0, "NW_med_n": 0, "NW_high": 0.0, "NW_high_n": 0, "NW_mean": 9.0, "NW_n": 3, "NNW_calm": 0.0, "NNW_calm_n": 0, "NNW_low": 7.3, "NNW_low_n": 2, "NNW_med": 0.0, "NNW_med_n": 0, "NNW_high": 0.0, "NNW_high_n": 0, "NNW_mean": 7.3, "NNW_n": 2, "calm_percent": 1.2}}, {"type": "Feature", "geometry": {"type": "Point", "coordinates": [-113.237639, 53.682364]}, "properties": {"N_calm": 0.0, "N_calm_n": 0, "N_low": 7.4, "N_low_n": 2, "N_med": 0.0, "N_med_n": 0, "N_high": 0.0, "N_high_n": 0, "N_mean": 7.4, "N_n": 2, "overall_mean": 4.38, "n_total": 162, "station": "Southfort", "pollutant": "Fine Particulate Matter", "period": "Last 7 Days", "start_date": "2026-09-26 07:00", "end_date": "2026-10-03 05:00", "dominant_dir": "NNE", "dominant_value": 8.0, "dominant_percent": 0.6, "NNE_calm": 8.0, "NNE_calm_n": 1, "NNE_low": 0.0, "NNE_low_n": 0, "NNE_med": 0.0, "NNE_med_n": 0, "NNE_high": 0.0, "NNE_high_n": 0, "NNE_mean": 8.0, "NNE_n": 1, "NE_calm": 9.3, "NE_calm_n": 1, "NE_low": 6.6, "NE_low_n": 1, "NE_med": 0.0, "NE_med_n": 0, "NE_high": 0.0, "NE_high_n": 0, "NE_mean": 7.95, "NE_n": 2, "ENE_calm": 0.0, "ENE_calm_n": 0, "ENE_low": 0.0, "ENE_low_n": 0, "ENE_med": 0.0, "ENE_med_n": 0, "ENE_high": 0.0, "ENE_high_n": 0, "ENE_mean": 0, "ENE_n": 0, "E_calm": 0.0, "E_calm_n": 0, "E_low": 0.0, "E_low_n": 0, "E_med": 0.0, "E_med_n": 0, "E_high": 0.0, "E_high_n": 0, "E_mean": 0, "E_n": 0, "ESE_calm": 6.13, "ESE_calm_n": 3, "ESE_low": 4.63, "ESE_low_n": 3, "ESE_med": 0.0, "ESE_med_n": 0, "ESE_high": 0.0, "ESE_high_n": 0, "ESE_mean": 5.38, "ESE_n": 6, "SE_calm": 0.0, "SE_calm_n": 0, "SE_low": 0.0, "SE_low_n": 0, "SE_med": 0.0, "SE_med_n": 0, "SE_high": 0.0, "SE_high_n": 0, "SE_mean": 0, "SE_n": 0, "SSE_calm": 0.0, "SSE_calm_n": 0, "SSE_low": 0.0, "SSE_low_n": 0, "SSE_med": 0.0, "SSE_med_n": 0, "SSE_high": 0.0, "SSE_high_n": 0, "SSE_mean": 0, "SSE_n": 0, "S_calm": 0.0, "S_calm_n": 0, "S_low": 4.19, "S_low_n": 8, "S_med": 0.0, "S_med_n": 0, "S_high": 0.0, "S_high_n": 0, "S_mean": 4.19, "S_n": 8, "SSW_calm": 7.3, "SSW_calm_n": 1, "SSW_low": 5.25, "SSW_low_n": 24, "SSW_med": 3.9, "SSW_med_n": 1, "SSW_high": 0.0, "SSW_high_n": 0, "SSW_mean": 5.28, "SSW_n": 26, "SW_calm": 0.0, "SW_calm_n": 0, "SW_low": 5.86, "SW_low_n": 19, "SW_med": 2.09, "SW_med_n": 7, "SW_high": 0.0, "SW_high_n": 0, "SW_mean": 4.85, "SW_n": 26, "WSW_calm": 4.1, "WSW_calm_n": 1, "WSW_low": 5.7, "WSW_low_n": 10, "WSW_med": 1.67, "WSW_med_n": 3, "WSW_high": 0.0, "WSW_high_n": 0, "WSW_mean": 4.72, "WSW_n": 14, "W_calm": 12.1, "W_calm_n": 1, "W_low": 4.41, "W_low_n": 13, "W_med": 1.86, "W_med_n": 14, "W_high": 0.0, "W_high_n": 0, "W_mean": 3.41, "W_n": 28, "WNW_calm": 0.0, "WNW_calm_n": 0, "WNW_low": 6.19, "WNW_low_n": 8, "WNW_med": 2.23, "WNW_med_n": 24, "WNW_high": 1.23, "WNW_high_n": 3, "WNW_mean": 3.05, "WNW_n": 35, "NW_calm": 0.0, "NW_calm_n": 0, "NW_low": 5.23, "NW_low_n": 3, "NW_med": 3.58, "NW_med_n": 6, "NW_high": 0.0, "NW_high_n": 0, "NW_mean": 4.13, "NW_n": 9, "NNW_calm": 0.0, "NNW_calm_n": 0, "NNW_low": 8.6, "NNW_low_n": 3, "NNW_med": 5.6, "NNW_med_n": 2, "NNW_high": 0.0, "NNW_high_n": 0, "NNW_mean": 7.4, "NNW_n": 5, "calm_percent": 4.9}}, {"type": "Feature", "geometry": {"type": "Point", "coordinates": [-113.6119166, 53.6269722]}, "properties": {"N_calm": 0.0, "N_calm_n": 0, "N_low": 0.0, "N_low_n": 0, "N_med": 0.0, "N_med_n": 0, "N_high": 0.0, "N_high_n": 0, "N_mean": 0, "N_n": 0, "overall_mean": 3.27, "n_total": 166, "station": "St. Albert", "pollutant": "Fine Particulate Matter", "period": "Last 7 Days", "start_date": "2026-09-26 07:00", "end_date": "2026-10-03 06:00", "dominant_dir": "ESE", "dominant_value": 7.9, "dominant_percent": 4.2, "NNE_calm": 0.0, "NNE_calm_n": 0, "NNE_low": 0.0, "NNE_low_n": 0, "NNE_med": 0.0, "NNE_med_n": 0, "NNE_high": 0.0, "NNE_high_n": 0, "NNE_mean": 0, "NNE_n": 0, "NE_calm": 0.0, "NE_calm_n": 0, "NE_low": 0.0, "NE_low_n": 0, "NE_med": 0.0, "NE_med_n": 0, "NE_high": 0.0, "NE_high_n": 0, "NE_mean": 0, "NE_n": 0, "ENE_calm": 5.3, "ENE_calm_n": 1, "ENE_low": 0.0, "ENE_low_n": 0, "ENE_med": 0.0, "ENE_med_n": 0, "ENE_high": 0.0, "ENE_high_n": 0, "ENE_mean": 5.3, "ENE_n": 1, "E_calm": 0.0, "E_calm_n": 0, "E_low": 5.82, "E_low_n": 6, "E_med": 0.0, "E_med_n": 0, "E_high": 0.0, "E_high_n": 0, "E_mean": 5.82, "E_n": 6, "ESE_calm": 0.0, "ESE_calm_n": 0, "ESE_low": 7.9, "ESE_low_n": 7, "ESE_med": 0.0, "ESE_med_n": 0, "ESE_high": 0.0, "ESE_high_n": 0, "ESE_mean": 7.9, "ESE_n": 7, "SE_calm": 0.0, "SE_calm_n": 0, "SE_low": 0.0, "SE_low_n": 0, "SE_med": 0.0, "SE_med_n": 0, "SE_high": 0.0, "SE_high_n": 0, "SE_mean": 0, "SE_n": 0, "SSE_calm": 0.0, "SSE_calm_n": 0, "SSE_low": 6.2, "SSE_low_n": 8, "SSE_med": 0.0, "SSE_med_n": 0, "SSE_high": 0.0, "SSE_high_n": 0, "SSE_mean": 6.2, "SSE_n": 8, "S_calm": 0.0, "S_calm_n": 0, "S_low": 4.64, "S_low_n": 11, "S_med": 0.0, "S_med_n": 0, "S_high": 0.0, "S_high_n": 0, "S_mean": 4.64, "S_n": 11, "SSW_calm": 0.0, "SSW_calm_n": 0, "SSW_low": 3.03, "SSW_low_n": 14, "SSW_med": 0.0, "SSW_med_n": 0, "SSW_high": 0.0, "SSW_high_n": 0, "SSW_mean": 3.03, "SSW_n": 14, "SW_calm": 4.55, "SW_calm_n": 2, "SW_low": 2.6, "SW_low_n": 34, "SW_med": 1.35, "SW_med_n": 8, "SW_high": 0.0, "SW_high_n": 0, "SW_mean": 2.46, "SW_n": 44, "WSW_calm": 0.0, "WSW_calm_n": 0, "WSW_low": 3.46, "WSW_low_n": 19, "WSW_med": 1.25, "WSW_med_n": 2, "WSW_high": 0.0, "WSW_high_n": 0, "WSW_mean": 3.25, "WSW_n": 21, "W_calm": 0.0, "W_calm_n": 0, "W_low": 5.2, "W_low_n": 2, "W_med": 1.21, "W_med_n": 24, "W_high": 0.0, "W_high_n": 0, "W_mean": 1.52, "W_n": 26, "WNW_calm": 0.0, "WNW_calm_n": 0, "WNW_low": 5.22, "WNW_low_n": 4, "WNW_med": 2.64, "WNW_med_n": 16, "WNW_high": 1.85, "WNW_high_n": 2, "WNW_mean": 3.04, "WNW_n": 22, "NW_calm": 0.0, "NW_calm_n": 0, "NW_low": 0.5, "NW_low_n": 1, "NW_med": 4.17, "NW_med_n": 3, "NW_high": 0.0, "NW_high_n": 0, "NW_mean": 3.25, "NW_n": 4, "NNW_calm": 0.0, "NNW_calm_n": 0, "NNW_low": 2.6, "NNW_low_n": 1, "NNW_med": 5.5, "NNW_med_n": 1, "NNW_high": 0.0, "NNW_high_n": 0, "NNW_mean": 4.05, "NNW_n": 2, "calm_percent": 1.8}}, {"type": "Feature", "geometry": {"type": "Point", "coordinates": [-111.5026, 54.2165]}, "properties": {"N_calm": 0.0, "N_calm_n": 0, "N_low": 4.6, "N_low_n": 2, "N_med": 0.0, "N_med_n": 0, "N_high": 0.0, "N_high_n": 0, "N_mean": 4.6, "N_n": 2, "overall_mean": 2.53, "n_total": 163, "station": "St. Lina", "pollutant": "Fine Particulate Matter", "period": "Last 7 Days", "start_date": "2026-09-26 07:00", "end_date": "2026-10-03 05:00", "dominant_dir": "N", "dominant_value": 4.6, "dominant_percent": 1.2, "NNE_calm": 0.0, "NNE_calm_n": 0, "NNE_low": 4.1, "NNE_low_n": 3, "NNE_med": 0.0, "NNE_med_n": 0, "NNE_high": 0.0, "NNE_high_n": 0, "NNE_mean": 4.1, "NNE_n": 3, "NE_calm": 0.0, "NE_calm_n": 0, "NE_low": 3.6, "NE_low_n": 1, "NE_med": 0.0, "NE_med_n": 0, "NE_high": 0.0, "NE_high_n": 0, "NE_mean": 3.6, "NE_n": 1, "ENE_calm": 0.0, "ENE_calm_n": 0, "ENE_low": 0.0, "ENE_low_n": 0, "ENE_med": 0.0, "ENE_med_n": 0, "ENE_high": 0.0, "ENE_high_n": 0, "ENE_mean": 0, "ENE_n": 0, "E_calm": 0.0, "E_calm_n": 0, "E_low": 0.0, "E_low_n": 0, "E_med": 0.0, "E_med_n": 0, "E_high": 0.0, "E_high_n": 0, "E_mean": 0, "E_n": 0, "ESE_calm": 0.0, "ESE_calm_n": 0, "ESE_low": 0.0, "ESE_low_n": 0, "ESE_med": 0.0, "ESE_med_n": 0, "ESE_high": 0.0, "ESE_high_n": 0, "ESE_mean": 0, "ESE_n": 0, "SE_calm": 0.0, "SE_calm_n": 0, "SE_low": 0.0, "SE_low_n": 0, "SE_med": 0.0, "SE_med_n": 0, "SE_high": 0.0, "SE_high_n": 0, "SE_mean": 0, "SE_n": 0, "SSE_calm": 0.0, "SSE_calm_n": 0, "SSE_low": 3.9, "SSE_low_n": 1, "SSE_med": 0.0, "SSE_med_n": 0, "SSE_high": 0.0, "SSE_high_n": 0, "SSE_mean": 3.9, "SSE_n": 1, "S_calm": 0.0, "S_calm_n": 0, "S_low": 4.27, "S_low_n": 7, "S_med": 3.33, "S_med_n": 3, "S_high": 0.0, "S_high_n": 0, "S_mean": 3.99, "S_n": 10, "SSW_calm": 0.0, "SSW_calm_n": 0, "SSW_low": 4.14, "SSW_low_n": 7, "SSW_med": 4.24, "SSW_med_n": 5, "SSW_high": 0.0, "SSW_high_n": 0, "SSW_mean": 4.18, "SSW_n": 12, "SW_calm": 0.0, "SW_calm_n": 0, "SW_low": 3.62, "SW_low_n": 17, "SW_med": 3.1, "SW_med_n": 1, "SW_high": 0.0, "SW_high_n": 0, "SW_mean": 3.59, "SW_n": 18, "WSW_calm": 0.0, "WSW_calm_n": 0, "WSW_low": 2.78, "WSW_low_n": 12, "WSW_med": 0.0, "WSW_med_n": 0, "WSW_high": 0.0, "WSW_high_n": 0, "WSW_mean": 2.78, "WSW_n": 12, "W_calm": 0.0, "W_calm_n": 0, "W_low": 2.09, "W_low_n": 7, "W_med": 2.03, "W_med_n": 36, "W_high": 2.0, "W_high_n": 1, "W_mean": 2.04, "W_n": 44, "WNW_calm": 0.0, "WNW_calm_n": 0, "WNW_low": 3.76, "WNW_low_n": 5, "WNW_med": 1.25, "WNW_med_n": 33, "WNW_high": 1.3, "WNW_high_n": 1, "WNW_mean": 1.57, "WNW_n": 39, "NW_calm": 0.0, "NW_calm_n": 0, "NW_low": 3.02, "NW_low_n": 6, "NW_med": 1.78, "NW_med_n": 11, "NW_high": 0.0, "NW_high_n": 0, "NW_mean": 2.22, "NW_n": 17, "NNW_calm": 0.0, "NNW_calm_n": 0, "NNW_low": 3.6, "NNW_low_n": 1, "NNW_med": 0.97, "NNW_med_n": 3, "NNW_high": 0.0, "NNW_high_n": 0, "NNW_mean": 1.62, "NNW_n": 4, "calm_percent": 0.0}}, {"type": "Feature", "geometry": {"type": "Point", "coordinates": [-117.091111, 53.1325]}, "properties": {"N_calm": 1.0, "N_calm_n": 1, "N_low": 0.85, "N_low_n": 2, "N_med": 0.0, "N_med_n": 0, "N_high": 0.0, "N_high_n": 0, "N_mean": 0.9, "N_n": 3, "overall_mean": 0.82, "n_total": 165, "station": "Steeper", "pollutant": "Fine Particulate Matter", "period": "Last 7 Days", "start_date": "2026-09-26 07:00", "end_date": "2026-10-03 05:00", "dominant_dir": "E", "dominant_value": 3.9, "dominant_percent": 0.6, "NNE_calm": 0.0, "NNE_calm_n": 0, "NNE_low": 0.62, "NNE_low_n": 4, "NNE_med": 0.0, "NNE_med_n": 0, "NNE_high": 0.0, "NNE_high_n": 0, "NNE_mean": 0.62, "NNE_n": 4, "NE_calm": 1.0, "NE_calm_n": 1, "NE_low": 1.62, "NE_low_n": 5, "NE_med": 0.0, "NE_med_n": 0, "NE_high": 0.0, "NE_high_n": 0, "NE_mean": 1.52, "NE_n": 6, "ENE_calm": 0.0, "ENE_calm_n": 0, "ENE_low": 1.5, "ENE_low_n": 2, "ENE_med": 0.0, "ENE_med_n": 0, "ENE_high": 0.0, "ENE_high_n": 0, "ENE_mean": 1.5, "ENE_n": 2, "E_calm": 0.0, "E_calm_n": 0, "E_low": 3.9, "E_low_n": 1, "E_med": 0.0, "E_med_n": 0, "E_high": 0.0, "E_high_n": 0, "E_mean": 3.9, "E_n": 1, "ESE_calm": 1.5, "ESE_calm_n": 1, "ESE_low": 1.0, "ESE_low_n": 1, "ESE_med": 0.0, "ESE_med_n": 0, "ESE_high": 0.0, "ESE_high_n": 0, "ESE_mean": 1.25, "ESE_n": 2, "SE_calm": 0.0, "SE_calm_n": 0, "SE_low": 0.0, "SE_low_n": 0, "SE_med": 0.0, "SE_med_n": 0, "SE_high": 0.0, "SE_high_n": 0, "SE_mean": 0, "SE_n": 0, "SSE_calm": 0.0, "SSE_calm_n": 0, "SSE_low": 0.0, "SSE_low_n": 0, "SSE_med": 0.0, "SSE_med_n": 0, "SSE_high": 0.0, "SSE_high_n": 0, "SSE_mean": 0, "SSE_n": 0, "S_calm": 0.0, "S_calm_n": 0, "S_low": 0.9, "S_low_n": 3, "S_med": 0.0, "S_med_n": 0, "S_high": 0.0, "S_high_n": 0, "S_mean": 0.9, "S_n": 3, "SSW_calm": 0.9, "SSW_calm_n": 1, "SSW_low": 0.72, "SSW_low_n": 53, "SSW_med": 0.0, "SSW_med_n": 0, "SSW_high": 0.0, "SSW_high_n": 0, "SSW_mean": 0.72, "SSW_n": 54, "SW_calm": 0.0, "SW_calm_n": 0, "SW_low": 0.91, "SW_low_n": 36, "SW_med": 0.66, "SW_med_n": 20, "SW_high": 0.0, "SW_high_n": 0, "SW_mean": 0.82, "SW_n": 56, "WSW_calm": 0.0, "WSW_calm_n": 0, "WSW_low": 0.92, "WSW_low_n": 9, "WSW_med": 0.71, "WSW_med_n": 8, "WSW_high": 0.0, "WSW_high_n": 0, "WSW_mean": 0.82, "WSW_n": 17, "W_calm": 0.0, "W_calm_n": 0, "W_low": 0.74, "W_low_n": 5, "W_med": 0.0, "W_med_n": 0, "W_high": 0.0, "W_high_n": 0, "W_mean": 0.74, "W_n": 5, "WNW_calm": 0.0, "WNW_calm_n": 0, "WNW_low": 0.95, "WNW_low_n": 4, "WNW_med": 0.0, "WNW_med_n": 0, "WNW_high": 0.0, "WNW_high_n": 0, "WNW_mean": 0.95, "WNW_n": 4, "NW_calm": 0.0, "NW_calm_n": 0, "NW_low": 0.33, "NW_low_n": 3, "NW_med": 0.0, "NW_med_n": 0, "NW_high": 0.0, "NW_high_n": 0, "NW_mean": 0.33, "NW_n": 3, "NNW_calm": 0.0, "NNW_calm_n": 0, "NNW_low": 0.5, "NNW_low_n": 5, "NNW_med": 0.0, "NNW_med_n": 0, "NNW_high": 0.0, "NNW_high_n": 0, "NNW_mean": 0.5, "NNW_n": 5, "calm_percent": 2.4}}, {"type": "Feature", "geometry": {"type": "Point", "coordinates": [-111.17269, 55.62141]}, "properties": {"N_calm": 0.0, "N_calm_n": 0, "N_low": 0.3, "N_low_n": 1, "N_med": 0.0, "N_med_n": 0, "N_high": 0.0, "N_high_n": 0, "N_mean": 0.3, "N_n": 1, "overall_mean": 1.0, "n_total": 166, "station": "Stony Mountain", "pollutant": "Fine Particulate Matter", "period": "Last 7 Days", "start_date": "2026-09-26 07:00", "end_date": "2026-10-03 05:00", "dominant_dir": "NNW", "dominant_value": 2.0, "dominant_percent": 1.2, "NNE_calm": 0.3, "NNE_calm_n": 1, "NNE_low": 0.0, "NNE_low_n": 0, "NNE_med": 0.0, "NNE_med_n": 0, "NNE_high": 0.0, "NNE_high_n": 0, "NNE_mean": 0.3, "NNE_n": 1, "NE_calm": 0.0, "NE_calm_n": 0, "NE_low": 0.0, "NE_low_n": 0, "NE_med": 0.0, "NE_med_n": 0, "NE_high": 0.0, "NE_high_n": 0, "NE_mean": 0, "NE_n": 0, "ENE_calm": 0.0, "ENE_calm_n": 0, "ENE_low": 0.0, "ENE_low_n": 0, "ENE_med": 0.0, "ENE_med_n": 0, "ENE_high": 0.0, "ENE_high_n": 0, "ENE_mean": 0, "ENE_n": 0, "E_calm": 0.0, "E_calm_n": 0, "E_low": 0.0, "E_low_n": 0, "E_med": 0.0, "E_med_n": 0, "E_high": 0.0, "E_high_n": 0, "E_mean": 0, "E_n": 0, "ESE_calm": 0.0, "ESE_calm_n": 0, "ESE_low": 0.0, "ESE_low_n": 0, "ESE_med": 0.0, "ESE_med_n": 0, "ESE_high": 0.0, "ESE_high_n": 0, "ESE_mean": 0, "ESE_n": 0, "SE_calm": 0.0, "SE_calm_n": 0, "SE_low": 0.0, "SE_low_n": 0, "SE_med": 0.0, "SE_med_n": 0, "SE_high": 0.0, "SE_high_n": 0, "SE_mean": 0, "SE_n": 0, "SSE_calm": 0.0, "SSE_calm_n": 0, "SSE_low": 0.0, "SSE_low_n": 0, "SSE_med": 0.0, "SSE_med_n": 0, "SSE_high": 0.0, "SSE_high_n": 0, "SSE_mean": 0, "SSE_n": 0, "S_calm": 0.0, "S_calm_n": 0, "S_low": 1.8, "S_low_n": 1, "S_med": 0.0, "S_med_n": 0, "S_high": 0.0, "S_high_n": 0, "S_mean": 1.8, "S_n": 1, "SSW_calm": 0.0, "SSW_calm_n": 0, "SSW_low": 0.87, "SSW_low_n": 6, "SSW_med": 1.6, "SSW_med_n": 16, "SSW_high": 0.0, "SSW_high_n": 0, "SSW_mean": 1.4, "SSW_n": 22, "SW_calm": 0.0, "SW_calm_n": 0, "SW_low": 1.14, "SW_low_n": 5, "SW_med": 0.92, "SW_med_n": 28, "SW_high": 0.0, "SW_high_n": 0, "SW_mean": 0.95, "SW_n": 33, "WSW_calm": 0.0, "WSW_calm_n": 0, "WSW_low": 1.34, "WSW_low_n": 5, "WSW_med": 0.99, "WSW_med_n": 31, "WSW_high": 0.0, "WSW_high_n": 0, "WSW_mean": 1.04, "WSW_n": 36, "W_calm": 0.0, "W_calm_n": 0, "W_low": 1.2, "W_low_n": 10, "W_med": 0.82, "W_med_n": 33, "W_high": 0.0, "W_high_n": 0, "W_mean": 0.9, "W_n": 43, "WNW_calm": 0.0, "WNW_calm_n": 0, "WNW_low": 1.73, "WNW_low_n": 3, "WNW_med": 1.02, "WNW_med_n": 12, "WNW_high": 0.0, "WNW_high_n": 0, "WNW_mean": 1.16, "WNW_n": 15, "NW_calm": 0.0, "NW_calm_n": 0, "NW_low": 0.4, "NW_low_n": 1, "NW_med": 0.24, "NW_med_n": 11, "NW_high": 0.0, "NW_high_n": 0, "NW_mean": 0.25, "NW_n": 12, "NNW_calm": 0.0, "NNW_calm_n": 0, "NNW_low": 2.0, "NNW_low_n": 2, "NNW_med": 0.0, "NNW_med_n": 0, "NNW_high": 0.0, "NNW_high_n": 0, "NNW_mean": 2.0, "NNW_n": 2, "calm_percent": 0.6}}, {"type": "Feature", "geometry": {"type": "Point", "coordinates": [-110.9091168, 56.2124673]}, "properties": {"N_calm": 1.85, "N_calm_n": 2, "N_low": 3.5, "N_low_n": 1, "N_med": 0.0, "N_med_n": 0, "N_high": 0.0, "N_high_n": 0, "N_mean": 2.4, "N_n": 3, "overall_mean": 1.57, "n_total": 167, "station": "Surmont 2", "pollutant": "Fine Particulate Matter", "period": "Last 7 Days", "start_date": "2026-09-26 07:00", "end_date": "2026-10-03 05:00", "dominant_dir": "NNE", "dominant_value": 3.4, "dominant_percent": 1.2, "NNE_calm": 1.6, "NNE_calm_n": 1, "NNE_low": 5.2, "NNE_low_n": 1, "NNE_med": 0.0, "NNE_med_n": 0, "NNE_high": 0.0, "NNE_high_n": 0, "NNE_mean": 3.4, "NNE_n": 2, "NE_calm": 0.0, "NE_calm_n": 0, "NE_low": 0.0, "NE_low_n": 0, "NE_med": 0.0, "NE_med_n": 0, "NE_high": 0.0, "NE_high_n": 0, "NE_mean": 0, "NE_n": 0, "ENE_calm": 0.0, "ENE_calm_n": 0, "ENE_low": 0.0, "ENE_low_n": 0, "ENE_med": 0.0, "ENE_med_n": 0, "ENE_high": 0.0, "ENE_high_n": 0, "ENE_mean": 0, "ENE_n": 0, "E_calm": 0.0, "E_calm_n": 0, "E_low": 1.2, "E_low_n": 1, "E_med": 0.0, "E_med_n": 0, "E_high": 0.0, "E_high_n": 0, "E_mean": 1.2, "E_n": 1, "ESE_calm": 1.3, "ESE_calm_n": 1, "ESE_low": 1.6, "ESE_low_n": 1, "ESE_med": 0.0, "ESE_med_n": 0, "ESE_high": 0.0, "ESE_high_n": 0, "ESE_mean": 1.45, "ESE_n": 2, "SE_calm": 0.0, "SE_calm_n": 0, "SE_low": 1.52, "SE_low_n": 5, "SE_med": 0.0, "SE_med_n": 0, "SE_high": 0.0, "SE_high_n": 0, "SE_mean": 1.52, "SE_n": 5, "SSE_calm": 1.15, "SSE_calm_n": 2, "SSE_low": 1.0, "SSE_low_n": 3, "SSE_med": 0.0, "SSE_med_n": 0, "SSE_high": 0.0, "SSE_high_n": 0, "SSE_mean": 1.06, "SSE_n": 5, "S_calm": 0.0, "S_calm_n": 0, "S_low": 1.1, "S_low_n": 4, "S_med": 0.0, "S_med_n": 0, "S_high": 0.0, "S_high_n": 0, "S_mean": 1.1, "S_n": 4, "SSW_calm": 1.2, "SSW_calm_n": 1, "SSW_low": 1.23, "SSW_low_n": 3, "SSW_med": 0.0, "SSW_med_n": 0, "SSW_high": 0.0, "SSW_high_n": 0, "SSW_mean": 1.23, "SSW_n": 4, "SW_calm": 1.0, "SW_calm_n": 1, "SW_low": 1.03, "SW_low_n": 3, "SW_med": 0.0, "SW_med_n": 0, "SW_high": 0.0, "SW_high_n": 0, "SW_mean": 1.03, "SW_n": 4, "WSW_calm": 2.8, "WSW_calm_n": 8, "WSW_low": 1.38, "WSW_low_n": 26, "WSW_med": 1.17, "WSW_med_n": 14, "WSW_high": 0.0, "WSW_high_n": 0, "WSW_mean": 1.56, "WSW_n": 48, "W_calm": 3.7, "W_calm_n": 2, "W_low": 2.45, "W_low_n": 42, "W_med": 0.63, "W_med_n": 28, "W_high": 0.0, "W_high_n": 0, "W_mean": 1.78, "W_n": 72, "WNW_calm": 1.2, "WNW_calm_n": 1, "WNW_low": 1.27, "WNW_low_n": 3, "WNW_med": 0.28, "WNW_med_n": 9, "WNW_high": 0.0, "WNW_high_n": 0, "WNW_mean": 0.58, "WNW_n": 13, "NW_calm": 0.0, "NW_calm_n": 0, "NW_low": 3.45, "NW_low_n": 2, "NW_med": 0.1, "NW_med_n": 2, "NW_high": 0.0, "NW_high_n": 0, "NW_mean": 1.78, "NW_n": 4, "NNW_calm": 0.0, "NNW_calm_n": 0, "NNW_low": 0.0, "NNW_low_n": 0, "NNW_med": 0.0, "NNW_med_n": 0, "NNW_high": 0.0, "NNW_high_n": 0, "NNW_mean": 0, "NNW_n": 0, "calm_percent": 11.4}}, {"type": "Feature", "geometry": {"type": "Point", "coordinates": [-110.452637, 54.604935]}, "properties": {"N_calm": 0.0, "N_calm_n": 0, "N_low": 0.6, "N_low_n": 1, "N_med": 0.0, "N_med_n": 0, "N_high": 0.0, "N_high_n": 0, "N_mean": 0.6, "N_n": 1, "overall_mean": 3.45, "n_total": 164, "station": "Tamarack", "pollutant": "Fine Particulate Matter", "period": "Last 7 Days", "start_date": "2026-09-26 07:00", "end_date": "2026-10-03 06:00", "dominant_dir": "SW", "dominant_value": 4.88, "dominant_percent": 10.4, "NNE_calm": 0.0, "NNE_calm_n": 0, "NNE_low": 0.0, "NNE_low_n": 0, "NNE_med": 0.0, "NNE_med_n": 0, "NNE_high": 0.0, "NNE_high_n": 0, "NNE_mean": 0, "NNE_n": 0, "NE_calm": 2.8, "NE_calm_n": 1, "NE_low": 3.8, "NE_low_n": 2, "NE_med": 0.0, "NE_med_n": 0, "NE_high": 0.0, "NE_high_n": 0, "NE_mean": 3.47, "NE_n": 3, "ENE_calm": 4.7, "ENE_calm_n": 1, "ENE_low": 0.0, "ENE_low_n": 0, "ENE_med": 0.0, "ENE_med_n": 0, "ENE_high": 0.0, "ENE_high_n": 0, "ENE_mean": 4.7, "ENE_n": 1, "E_calm": 3.0, "E_calm_n": 4, "E_low": 3.4, "E_low_n": 1, "E_med": 0.0, "E_med_n": 0, "E_high": 0.0, "E_high_n": 0, "E_mean": 3.08, "E_n": 5, "ESE_calm": 0.0, "ESE_calm_n": 0, "ESE_low": 2.8, "ESE_low_n": 1, "ESE_med": 0.0, "ESE_med_n": 0, "ESE_high": 0.0, "ESE_high_n": 0, "ESE_mean": 2.8, "ESE_n": 1, "SE_calm": 1.6, "SE_calm_n": 1, "SE_low": 5.2, "SE_low_n": 1, "SE_med": 0.0, "SE_med_n": 0, "SE_high": 0.0, "SE_high_n": 0, "SE_mean": 3.4, "SE_n": 2, "SSE_calm": 2.25, "SSE_calm_n": 2, "SSE_low": 0.0, "SSE_low_n": 0, "SSE_med": 0.0, "SSE_med_n": 0, "SSE_high": 0.0, "SSE_high_n": 0, "SSE_mean": 2.25, "SSE_n": 2, "S_calm": 2.75, "S_calm_n": 2, "S_low": 2.42, "S_low_n": 6, "S_med": 0.0, "S_med_n": 0, "S_high": 0.0, "S_high_n": 0, "S_mean": 2.5, "S_n": 8, "SSW_calm": 2.8, "SSW_calm_n": 1, "SSW_low": 3.56, "SSW_low_n": 33, "SSW_med": 0.0, "SSW_med_n": 0, "SSW_high": 0.0, "SSW_high_n": 0, "SSW_mean": 3.54, "SSW_n": 34, "SW_calm": 3.0, "SW_calm_n": 2, "SW_low": 5.13, "SW_low_n": 15, "SW_med": 0.0, "SW_med_n": 0, "SW_high": 0.0, "SW_high_n": 0, "SW_mean": 4.88, "SW_n": 17, "WSW_calm": 6.6, "WSW_calm_n": 1, "WSW_low": 3.65, "WSW_low_n": 22, "WSW_med": 2.42, "WSW_med_n": 4, "WSW_high": 0.0, "WSW_high_n": 0, "WSW_mean": 3.58, "WSW_n": 27, "W_calm": 4.0, "W_calm_n": 1, "W_low": 4.84, "W_low_n": 11, "W_med": 1.47, "W_med_n": 23, "W_high": 0.0, "W_high_n": 0, "W_mean": 2.6, "W_n": 35, "WNW_calm": 2.8, "WNW_calm_n": 1, "WNW_low": 4.88, "WNW_low_n": 10, "WNW_med": 3.24, "WNW_med_n": 8, "WNW_high": 0.0, "WNW_high_n": 0, "WNW_mean": 4.08, "WNW_n": 19, "NW_calm": 0.0, "NW_calm_n": 0, "NW_low": 5.33, "NW_low_n": 3, "NW_med": 3.52, "NW_med_n": 4, "NW_high": 0.0, "NW_high_n": 0, "NW_mean": 4.3, "NW_n": 7, "NNW_calm": 0.0, "NNW_calm_n": 0, "NNW_low": 0.7, "NNW_low_n": 2, "NNW_med": 0.0, "NNW_med_n": 0, "NNW_high": 0.0, "NNW_high_n": 0, "NNW_mean": 0.7, "NNW_n": 2, "calm_percent": 10.4}}, {"type": "Feature", "geometry": {"type": "Point", "coordinates": [-111.0385833, 57.2591972]}, "properties": {"N_calm": 0.0, "N_calm_n": 0, "N_low": 1.4, "N_low_n": 1, "N_med": 2.5, "N_med_n": 1, "N_high": 0.0, "N_high_n": 0, "N_mean": 1.95, "N_n": 2, "overall_mean": 1.83, "n_total": 167, "station": "Wapasu", "pollutant": "Fine Particulate Matter", "period": "Last 7 Days", "start_date": "2026-09-26 07:00", "end_date": "2026-10-03 05:00", "dominant_dir": "SSW", "dominant_value": 3.08, "dominant_percent": 7.8, "NNE_calm": 0.0, "NNE_calm_n": 0, "NNE_low": 2.55, "NNE_low_n": 2, "NNE_med": 0.0, "NNE_med_n": 0, "NNE_high": 0.0, "NNE_high_n": 0, "NNE_mean": 2.55, "NNE_n": 2, "NE_calm": 0.0, "NE_calm_n": 0, "NE_low": 2.85, "NE_low_n": 2, "NE_med": 0.0, "NE_med_n": 0, "NE_high": 0.0, "NE_high_n": 0, "NE_mean": 2.85, "NE_n": 2, "ENE_calm": 0.0, "ENE_calm_n": 0, "ENE_low": 0.0, "ENE_low_n": 0, "ENE_med": 0.0, "ENE_med_n": 0, "ENE_high": 0.0, "ENE_high_n": 0, "ENE_mean": 0, "ENE_n": 0, "E_calm": 2.0, "E_calm_n": 1, "E_low": 0.0, "E_low_n": 0, "E_med": 0.0, "E_med_n": 0, "E_high": 0.0, "E_high_n": 0, "E_mean": 2.0, "E_n": 1, "ESE_calm": 0.0, "ESE_calm_n": 0, "ESE_low": 0.0, "ESE_low_n": 0, "ESE_med": 0.0, "ESE_med_n": 0, "ESE_high": 0.0, "ESE_high_n": 0, "ESE_mean": 0, "ESE_n": 0, "SE_calm": 0.0, "SE_calm_n": 0, "SE_low": 1.3, "SE_low_n": 1, "SE_med": 0.0, "SE_med_n": 0, "SE_high": 0.0, "SE_high_n": 0, "SE_mean": 1.3, "SE_n": 1, "SSE_calm": 0.0, "SSE_calm_n": 0, "SSE_low": 2.05, "SSE_low_n": 13, "SSE_med": 0.0, "SSE_med_n": 0, "SSE_high": 0.0, "SSE_high_n": 0, "SSE_mean": 2.05, "SSE_n": 13, "S_calm": 0.0, "S_calm_n": 0, "S_low": 2.19, "S_low_n": 31, "S_med": 1.8, "S_med_n": 1, "S_high": 0.0, "S_high_n": 0, "S_mean": 2.18, "S_n": 32, "SSW_calm": 0.0, "SSW_calm_n": 0, "SSW_low": 3.35, "SSW_low_n": 11, "SSW_med": 1.6, "SSW_med_n": 2, "SSW_high": 0.0, "SSW_high_n": 0, "SSW_mean": 3.08, "SSW_n": 13, "SW_calm": 0.0, "SW_calm_n": 0, "SW_low": 3.1, "SW_low_n": 4, "SW_med": 2.77, "SW_med_n": 13, "SW_high": 0.0, "SW_high_n": 0, "SW_mean": 2.85, "SW_n": 17, "WSW_calm": 0.0, "WSW_calm_n": 0, "WSW_low": 2.25, "WSW_low_n": 2, "WSW_med": 1.82, "WSW_med_n": 13, "WSW_high": 0.0, "WSW_high_n": 0, "WSW_mean": 1.88, "WSW_n": 15, "W_calm": 0.0, "W_calm_n": 0, "W_low": 1.2, "W_low_n": 3, "W_med": 1.12, "W_med_n": 24, "W_high": 0.0, "W_high_n": 0, "W_mean": 1.13, "W_n": 27, "WNW_calm": 1.1, "WNW_calm_n": 1, "WNW_low": 1.33, "WNW_low_n": 3, "WNW_med": 1.44, "WNW_med_n": 17, "WNW_high": 0.0, "WNW_high_n": 0, "WNW_mean": 1.4, "WNW_n": 21, "NW_calm": 0.0, "NW_calm_n": 0, "NW_low": 1.57, "NW_low_n": 3, "NW_med": 0.3, "NW_med_n": 1, "NW_high": 0.0, "NW_high_n": 0, "NW_mean": 1.25, "NW_n": 4, "NNW_calm": 0.0, "NNW_calm_n": 0, "NNW_low": 0.87, "NNW_low_n": 6, "NNW_med": 0.35, "NNW_med_n": 11, "NNW_high": 0.0, "NNW_high_n": 0, "NNW_mean": 0.53, "NNW_n": 17, "calm_percent": 1.2}}]}