{"type": "FeatureCollection", "features": [{"type": "Feature", "geometry": {"type": "Point", "coordinates": [-114.037677, 51.268227]}, "properties": {"N_calm": 0.0, "N_calm_n": 0, "N_low": 7.5, "N_low_n": 4, "N_med": 6.0, "N_med_n": 1, "N_high": 0.0, "N_high_n": 0, "N_mean": 7.2, "N_n": 5, "overall_mean": 5.86, "n_total": 152, "station": "Airdrie", "pollutant": "Nitrogen Dioxide", "period": "Last 7 Days", "start_date": "2026-09-28 19:00", "end_date": "2026-10-05 17:00", "dominant_dir": "SSW", "dominant_value": 10.62, "dominant_percent": 5.3, "NNE_calm": 5.0, "NNE_calm_n": 1, "NNE_low": 4.25, "NNE_low_n": 4, "NNE_med": 3.75, "NNE_med_n": 4, "NNE_high": 0.0, "NNE_high_n": 0, "NNE_mean": 4.11, "NNE_n": 9, "NE_calm": 11.0, "NE_calm_n": 2, "NE_low": 4.83, "NE_low_n": 6, "NE_med": 0.0, "NE_med_n": 0, "NE_high": 0.0, "NE_high_n": 0, "NE_mean": 6.38, "NE_n": 8, "ENE_calm": 0.0, "ENE_calm_n": 0, "ENE_low": 0.0, "ENE_low_n": 0, "ENE_med": 0.0, "ENE_med_n": 0, "ENE_high": 0.0, "ENE_high_n": 0, "ENE_mean": 0, "ENE_n": 0, "E_calm": 0.0, "E_calm_n": 0, "E_low": 5.5, "E_low_n": 2, "E_med": 0.0, "E_med_n": 0, "E_high": 0.0, "E_high_n": 0, "E_mean": 5.5, "E_n": 2, "ESE_calm": 0.0, "ESE_calm_n": 0, "ESE_low": 5.25, "ESE_low_n": 4, "ESE_med": 0.0, "ESE_med_n": 0, "ESE_high": 0.0, "ESE_high_n": 0, "ESE_mean": 5.25, "ESE_n": 4, "SE_calm": 0.0, "SE_calm_n": 0, "SE_low": 5.0, "SE_low_n": 3, "SE_med": 0.0, "SE_med_n": 0, "SE_high": 0.0, "SE_high_n": 0, "SE_mean": 5.0, "SE_n": 3, "SSE_calm": 4.0, "SSE_calm_n": 1, "SSE_low": 10.17, "SSE_low_n": 6, "SSE_med": 8.0, "SSE_med_n": 1, "SSE_high": 0.0, "SSE_high_n": 0, "SSE_mean": 9.12, "SSE_n": 8, "S_calm": 0.0, "S_calm_n": 0, "S_low": 6.0, "S_low_n": 9, "S_med": 4.09, "S_med_n": 11, "S_high": 0.0, "S_high_n": 0, "S_mean": 4.95, "S_n": 20, "SSW_calm": 0.0, "SSW_calm_n": 0, "SSW_low": 11.43, "SSW_low_n": 7, "SSW_med": 5.0, "SSW_med_n": 1, "SSW_high": 0.0, "SSW_high_n": 0, "SSW_mean": 10.62, "SSW_n": 8, "SW_calm": 10.0, "SW_calm_n": 1, "SW_low": 12.0, "SW_low_n": 3, "SW_med": 4.0, "SW_med_n": 2, "SW_high": 0.0, "SW_high_n": 0, "SW_mean": 9.0, "SW_n": 6, "WSW_calm": 0.0, "WSW_calm_n": 0, "WSW_low": 7.67, "WSW_low_n": 3, "WSW_med": 3.05, "WSW_med_n": 19, "WSW_high": 3.0, "WSW_high_n": 3, "WSW_mean": 3.6, "WSW_n": 25, "W_calm": 0.0, "W_calm_n": 0, "W_low": 4.75, "W_low_n": 8, "W_med": 7.85, "W_med_n": 13, "W_high": 2.0, "W_high_n": 1, "W_mean": 6.45, "W_n": 22, "WNW_calm": 9.0, "WNW_calm_n": 1, "WNW_low": 4.4, "WNW_low_n": 15, "WNW_med": 2.5, "WNW_med_n": 2, "WNW_high": 0.0, "WNW_high_n": 0, "WNW_mean": 4.44, "WNW_n": 18, "NW_calm": 0.0, "NW_calm_n": 0, "NW_low": 7.67, "NW_low_n": 9, "NW_med": 2.0, "NW_med_n": 1, "NW_high": 0.0, "NW_high_n": 0, "NW_mean": 7.1, "NW_n": 10, "NNW_calm": 0.0, "NNW_calm_n": 0, "NNW_low": 8.0, "NNW_low_n": 3, "NNW_med": 2.0, "NNW_med_n": 1, "NNW_high": 0.0, "NNW_high_n": 0, "NNW_mean": 6.5, "NNW_n": 4, "calm_percent": 3.9}}, {"type": "Feature", "geometry": {"type": "Point", "coordinates": [-111.038056, 56.448889]}, "properties": {"N_calm": 0.0, "N_calm_n": 0, "N_low": 0.0, "N_low_n": 0, "N_med": 0.0, "N_med_n": 0, "N_high": 0.0, "N_high_n": 0, "N_mean": 0, "N_n": 0, "overall_mean": 1.23, "n_total": 160, "station": "Anzac", "pollutant": "Nitrogen Dioxide", "period": "Last 7 Days", "start_date": "2026-09-28 19:00", "end_date": "2026-10-05 17:00", "dominant_dir": "SE", "dominant_value": 2.5, "dominant_percent": 5.0, "NNE_calm": 0.0, "NNE_calm_n": 0, "NNE_low": 0.75, "NNE_low_n": 4, "NNE_med": 0.0, "NNE_med_n": 0, "NNE_high": 0.0, "NNE_high_n": 0, "NNE_mean": 0.75, "NNE_n": 4, "NE_calm": 0.0, "NE_calm_n": 0, "NE_low": 0.0, "NE_low_n": 0, "NE_med": 0.0, "NE_med_n": 0, "NE_high": 0.0, "NE_high_n": 0, "NE_mean": 0, "NE_n": 0, "ENE_calm": 0.0, "ENE_calm_n": 0, "ENE_low": 0.0, "ENE_low_n": 0, "ENE_med": 0.0, "ENE_med_n": 0, "ENE_high": 0.0, "ENE_high_n": 0, "ENE_mean": 0, "ENE_n": 0, "E_calm": 0.0, "E_calm_n": 0, "E_low": 0.0, "E_low_n": 0, "E_med": 0.0, "E_med_n": 0, "E_high": 0.0, "E_high_n": 0, "E_mean": 0, "E_n": 0, "ESE_calm": 0.0, "ESE_calm_n": 0, "ESE_low": 0.0, "ESE_low_n": 0, "ESE_med": 0.0, "ESE_med_n": 0, "ESE_high": 0.0, "ESE_high_n": 0, "ESE_mean": 0, "ESE_n": 0, "SE_calm": 1.0, "SE_calm_n": 1, "SE_low": 2.5, "SE_low_n": 4, "SE_med": 3.0, "SE_med_n": 3, "SE_high": 0.0, "SE_high_n": 0, "SE_mean": 2.5, "SE_n": 8, "SSE_calm": 0.0, "SSE_calm_n": 0, "SSE_low": 2.67, "SSE_low_n": 3, "SSE_med": 1.46, "SSE_med_n": 13, "SSE_high": 0.0, "SSE_high_n": 0, "SSE_mean": 1.69, "SSE_n": 16, "S_calm": 0.0, "S_calm_n": 0, "S_low": 1.0, "S_low_n": 2, "S_med": 1.67, "S_med_n": 6, "S_high": 0.0, "S_high_n": 0, "S_mean": 1.5, "S_n": 8, "SSW_calm": 0.0, "SSW_calm_n": 0, "SSW_low": 1.5, "SSW_low_n": 6, "SSW_med": 1.0, "SSW_med_n": 3, "SSW_high": 0.0, "SSW_high_n": 0, "SSW_mean": 1.33, "SSW_n": 9, "SW_calm": 0.0, "SW_calm_n": 0, "SW_low": 1.5, "SW_low_n": 12, "SW_med": 1.0, "SW_med_n": 2, "SW_high": 0.0, "SW_high_n": 0, "SW_mean": 1.43, "SW_n": 14, "WSW_calm": 0.0, "WSW_calm_n": 0, "WSW_low": 1.75, "WSW_low_n": 8, "WSW_med": 0.71, "WSW_med_n": 7, "WSW_high": 0.0, "WSW_high_n": 0, "WSW_mean": 1.27, "WSW_n": 15, "W_calm": 0.0, "W_calm_n": 0, "W_low": 2.15, "W_low_n": 13, "W_med": 0.81, "W_med_n": 16, "W_high": 0.0, "W_high_n": 1, "W_mean": 1.37, "W_n": 30, "WNW_calm": 0.0, "WNW_calm_n": 0, "WNW_low": 1.4, "WNW_low_n": 10, "WNW_med": 0.59, "WNW_med_n": 22, "WNW_high": 0.0, "WNW_high_n": 3, "WNW_mean": 0.77, "WNW_n": 35, "NW_calm": 0.0, "NW_calm_n": 0, "NW_low": 3.0, "NW_low_n": 2, "NW_med": 0.46, "NW_med_n": 13, "NW_high": 0.25, "NW_high_n": 4, "NW_mean": 0.68, "NW_n": 19, "NNW_calm": 0.0, "NNW_calm_n": 0, "NNW_low": 1.0, "NNW_low_n": 1, "NNW_med": 1.0, "NNW_med_n": 1, "NNW_high": 0.0, "NNW_high_n": 0, "NNW_mean": 1.0, "NNW_n": 2, "calm_percent": 0.6}}, {"type": "Feature", "geometry": {"type": "Point", "coordinates": [-113.144105, 53.554691]}, "properties": {"N_calm": 0.0, "N_calm_n": 0, "N_low": 4.0, "N_low_n": 1, "N_med": 0.0, "N_med_n": 0, "N_high": 0.0, "N_high_n": 0, "N_mean": 4.0, "N_n": 1, "overall_mean": 8.59, "n_total": 159, "station": "Ardrossan", "pollutant": "Nitrogen Dioxide", "period": "Last 7 Days", "start_date": "2026-09-28 19:00", "end_date": "2026-10-05 18:00", "dominant_dir": "S", "dominant_value": 11.58, "dominant_percent": 7.5, "NNE_calm": 0.0, "NNE_calm_n": 0, "NNE_low": 0.0, "NNE_low_n": 0, "NNE_med": 0.0, "NNE_med_n": 0, "NNE_high": 0.0, "NNE_high_n": 0, "NNE_mean": 0, "NNE_n": 0, "NE_calm": 0.0, "NE_calm_n": 0, "NE_low": 0.0, "NE_low_n": 0, "NE_med": 0.0, "NE_med_n": 0, "NE_high": 0.0, "NE_high_n": 0, "NE_mean": 0, "NE_n": 0, "ENE_calm": 11.0, "ENE_calm_n": 1, "ENE_low": 0.0, "ENE_low_n": 0, "ENE_med": 0.0, "ENE_med_n": 0, "ENE_high": 0.0, "ENE_high_n": 0, "ENE_mean": 11.0, "ENE_n": 1, "E_calm": 0.0, "E_calm_n": 0, "E_low": 0.0, "E_low_n": 0, "E_med": 0.0, "E_med_n": 0, "E_high": 0.0, "E_high_n": 0, "E_mean": 0, "E_n": 0, "ESE_calm": 0.0, "ESE_calm_n": 0, "ESE_low": 0.0, "ESE_low_n": 0, "ESE_med": 0.0, "ESE_med_n": 0, "ESE_high": 0.0, "ESE_high_n": 0, "ESE_mean": 0, "ESE_n": 0, "SE_calm": 0.0, "SE_calm_n": 0, "SE_low": 9.85, "SE_low_n": 13, "SE_med": 3.0, "SE_med_n": 1, "SE_high": 0.0, "SE_high_n": 0, "SE_mean": 9.36, "SE_n": 14, "SSE_calm": 0.0, "SSE_calm_n": 0, "SSE_low": 12.06, "SSE_low_n": 31, "SSE_med": 1.71, "SSE_med_n": 7, "SSE_high": 0.0, "SSE_high_n": 0, "SSE_mean": 10.16, "SSE_n": 38, "S_calm": 15.5, "S_calm_n": 4, "S_low": 9.62, "S_low_n": 8, "S_med": 0.0, "S_med_n": 0, "S_high": 0.0, "S_high_n": 0, "S_mean": 11.58, "S_n": 12, "SSW_calm": 0.0, "SSW_calm_n": 0, "SSW_low": 9.83, "SSW_low_n": 12, "SSW_med": 0.0, "SSW_med_n": 0, "SSW_high": 0.0, "SSW_high_n": 0, "SSW_mean": 9.83, "SSW_n": 12, "SW_calm": 0.0, "SW_calm_n": 0, "SW_low": 8.79, "SW_low_n": 14, "SW_med": 0.0, "SW_med_n": 0, "SW_high": 0.0, "SW_high_n": 0, "SW_mean": 8.79, "SW_n": 14, "WSW_calm": 0.0, "WSW_calm_n": 0, "WSW_low": 10.43, "WSW_low_n": 7, "WSW_med": 0.0, "WSW_med_n": 0, "WSW_high": 0.0, "WSW_high_n": 0, "WSW_mean": 10.43, "WSW_n": 7, "W_calm": 0.0, "W_calm_n": 0, "W_low": 9.56, "W_low_n": 9, "W_med": 4.17, "W_med_n": 6, "W_high": 0.0, "W_high_n": 0, "W_mean": 7.4, "W_n": 15, "WNW_calm": 0.0, "WNW_calm_n": 0, "WNW_low": 11.0, "WNW_low_n": 7, "WNW_med": 4.79, "WNW_med_n": 14, "WNW_high": 0.0, "WNW_high_n": 0, "WNW_mean": 6.86, "WNW_n": 21, "NW_calm": 0.0, "NW_calm_n": 0, "NW_low": 11.0, "NW_low_n": 5, "NW_med": 4.22, "NW_med_n": 9, "NW_high": 1.8, "NW_high_n": 5, "NW_mean": 5.37, "NW_n": 19, "NNW_calm": 0.0, "NNW_calm_n": 0, "NNW_low": 6.5, "NNW_low_n": 2, "NNW_med": 3.67, "NNW_med_n": 3, "NNW_high": 0.0, "NNW_high_n": 0, "NNW_mean": 4.8, "NNW_n": 5, "calm_percent": 3.1}}, {"type": "Feature", "geometry": {"type": "Point", "coordinates": [-119.3968, 55.1963]}, "properties": {"N_calm": 0.0, "N_calm_n": 0, "N_low": 1.0, "N_low_n": 1, "N_med": 0.0, "N_med_n": 0, "N_high": 0.0, "N_high_n": 0, "N_mean": 1.0, "N_n": 1, "overall_mean": 2.5, "n_total": 159, "station": "Beaverlodge", "pollutant": "Nitrogen Dioxide", "period": "Last 7 Days", "start_date": "2026-09-28 19:00", "end_date": "2026-10-05 16:00", "dominant_dir": "NNE", "dominant_value": 6.4, "dominant_percent": 3.1, "NNE_calm": 7.0, "NNE_calm_n": 3, "NNE_low": 5.5, "NNE_low_n": 2, "NNE_med": 0.0, "NNE_med_n": 0, "NNE_high": 0.0, "NNE_high_n": 0, "NNE_mean": 6.4, "NNE_n": 5, "NE_calm": 6.0, "NE_calm_n": 1, "NE_low": 3.3, "NE_low_n": 10, "NE_med": 0.0, "NE_med_n": 0, "NE_high": 0.0, "NE_high_n": 0, "NE_mean": 3.55, "NE_n": 11, "ENE_calm": 0.0, "ENE_calm_n": 0, "ENE_low": 4.14, "ENE_low_n": 7, "ENE_med": 0.0, "ENE_med_n": 0, "ENE_high": 0.0, "ENE_high_n": 0, "ENE_mean": 4.14, "ENE_n": 7, "E_calm": 2.5, "E_calm_n": 2, "E_low": 4.0, "E_low_n": 7, "E_med": 0.0, "E_med_n": 0, "E_high": 0.0, "E_high_n": 0, "E_mean": 3.67, "E_n": 9, "ESE_calm": 5.67, "ESE_calm_n": 3, "ESE_low": 4.75, "ESE_low_n": 4, "ESE_med": 0.0, "ESE_med_n": 0, "ESE_high": 0.0, "ESE_high_n": 0, "ESE_mean": 5.14, "ESE_n": 7, "SE_calm": 0.0, "SE_calm_n": 0, "SE_low": 3.0, "SE_low_n": 1, "SE_med": 0.0, "SE_med_n": 0, "SE_high": 0.0, "SE_high_n": 0, "SE_mean": 3.0, "SE_n": 1, "SSE_calm": 4.0, "SSE_calm_n": 1, "SSE_low": 3.71, "SSE_low_n": 7, "SSE_med": 0.0, "SSE_med_n": 0, "SSE_high": 0.0, "SSE_high_n": 0, "SSE_mean": 3.75, "SSE_n": 8, "S_calm": 8.0, "S_calm_n": 1, "S_low": 3.0, "S_low_n": 9, "S_med": 0.0, "S_med_n": 1, "S_high": 0.0, "S_high_n": 0, "S_mean": 3.18, "S_n": 11, "SSW_calm": 0.0, "SSW_calm_n": 0, "SSW_low": 3.0, "SSW_low_n": 5, "SSW_med": 1.0, "SSW_med_n": 2, "SSW_high": 1.0, "SSW_high_n": 1, "SSW_mean": 2.25, "SSW_n": 8, "SW_calm": 0.0, "SW_calm_n": 0, "SW_low": 1.27, "SW_low_n": 11, "SW_med": 1.0, "SW_med_n": 9, "SW_high": 1.0, "SW_high_n": 4, "SW_mean": 1.12, "SW_n": 24, "WSW_calm": 0.0, "WSW_calm_n": 0, "WSW_low": 4.8, "WSW_low_n": 5, "WSW_med": 1.31, "WSW_med_n": 29, "WSW_high": 0.93, "WSW_high_n": 15, "WSW_mean": 1.55, "WSW_n": 49, "W_calm": 6.0, "W_calm_n": 1, "W_low": 3.0, "W_low_n": 4, "W_med": 1.0, "W_med_n": 6, "W_high": 1.0, "W_high_n": 1, "W_mean": 2.08, "W_n": 12, "WNW_calm": 0.0, "WNW_calm_n": 0, "WNW_low": 1.67, "WNW_low_n": 3, "WNW_med": 0.0, "WNW_med_n": 0, "WNW_high": 0.0, "WNW_high_n": 0, "WNW_mean": 1.67, "WNW_n": 3, "NW_calm": 0.0, "NW_calm_n": 0, "NW_low": 2.0, "NW_low_n": 2, "NW_med": 0.0, "NW_med_n": 0, "NW_high": 0.0, "NW_high_n": 0, "NW_mean": 2.0, "NW_n": 2, "NNW_calm": 0.0, "NNW_calm_n": 0, "NNW_low": 4.0, "NNW_low_n": 1, "NNW_med": 0.0, "NNW_med_n": 0, "NNW_high": 0.0, "NNW_high_n": 0, "NNW_mean": 4.0, "NNW_n": 1, "calm_percent": 7.5}}, {"type": "Feature", "geometry": {"type": "Point", "coordinates": [-114.460556, 53.090278]}, "properties": {"N_calm": 0.0, "N_calm_n": 0, "N_low": 2.0, "N_low_n": 4, "N_med": 0.0, "N_med_n": 0, "N_high": 0.0, "N_high_n": 0, "N_mean": 2.0, "N_n": 4, "overall_mean": 2.56, "n_total": 160, "station": "Breton", "pollutant": "Nitrogen Dioxide", "period": "Last 7 Days", "start_date": "2026-09-28 19:00", "end_date": "2026-10-05 17:00", "dominant_dir": "SE", "dominant_value": 3.53, "dominant_percent": 21.2, "NNE_calm": 3.0, "NNE_calm_n": 1, "NNE_low": 1.0, "NNE_low_n": 1, "NNE_med": 0.0, "NNE_med_n": 0, "NNE_high": 0.0, "NNE_high_n": 0, "NNE_mean": 2.0, "NNE_n": 2, "NE_calm": 2.2, "NE_calm_n": 5, "NE_low": 1.0, "NE_low_n": 2, "NE_med": 1.0, "NE_med_n": 1, "NE_high": 0.0, "NE_high_n": 0, "NE_mean": 1.75, "NE_n": 8, "ENE_calm": 2.0, "ENE_calm_n": 2, "ENE_low": 1.0, "ENE_low_n": 2, "ENE_med": 0.0, "ENE_med_n": 0, "ENE_high": 0.0, "ENE_high_n": 0, "ENE_mean": 1.5, "ENE_n": 4, "E_calm": 2.88, "E_calm_n": 8, "E_low": 4.0, "E_low_n": 1, "E_med": 0.0, "E_med_n": 0, "E_high": 0.0, "E_high_n": 0, "E_mean": 3.0, "E_n": 9, "ESE_calm": 2.5, "ESE_calm_n": 10, "ESE_low": 3.5, "ESE_low_n": 8, "ESE_med": 0.0, "ESE_med_n": 0, "ESE_high": 0.0, "ESE_high_n": 0, "ESE_mean": 2.94, "ESE_n": 18, "SE_calm": 2.5, "SE_calm_n": 8, "SE_low": 3.85, "SE_low_n": 26, "SE_med": 0.0, "SE_med_n": 0, "SE_high": 0.0, "SE_high_n": 0, "SE_mean": 3.53, "SE_n": 34, "SSE_calm": 2.4, "SSE_calm_n": 5, "SSE_low": 3.33, "SSE_low_n": 12, "SSE_med": 1.17, "SSE_med_n": 6, "SSE_high": 0.0, "SSE_high_n": 0, "SSE_mean": 2.57, "SSE_n": 23, "S_calm": 0.0, "S_calm_n": 0, "S_low": 1.5, "S_low_n": 2, "S_med": 0.0, "S_med_n": 0, "S_high": 0.0, "S_high_n": 0, "S_mean": 1.5, "S_n": 2, "SSW_calm": 0.0, "SSW_calm_n": 0, "SSW_low": 0.0, "SSW_low_n": 1, "SSW_med": 0.0, "SSW_med_n": 0, "SSW_high": 0.0, "SSW_high_n": 0, "SSW_mean": 0.0, "SSW_n": 1, "SW_calm": 0.0, "SW_calm_n": 0, "SW_low": 0.75, "SW_low_n": 4, "SW_med": 0.0, "SW_med_n": 0, "SW_high": 0.0, "SW_high_n": 0, "SW_mean": 0.75, "SW_n": 4, "WSW_calm": 0.0, "WSW_calm_n": 0, "WSW_low": 0.83, "WSW_low_n": 6, "WSW_med": 0.0, "WSW_med_n": 0, "WSW_high": 0.0, "WSW_high_n": 0, "WSW_mean": 0.83, "WSW_n": 6, "W_calm": 2.0, "W_calm_n": 1, "W_low": 1.0, "W_low_n": 1, "W_med": 0.0, "W_med_n": 0, "W_high": 0.0, "W_high_n": 0, "W_mean": 1.5, "W_n": 2, "WNW_calm": 10.0, "WNW_calm_n": 1, "WNW_low": 2.83, "WNW_low_n": 6, "WNW_med": 1.14, "WNW_med_n": 7, "WNW_high": 0.0, "WNW_high_n": 0, "WNW_mean": 2.5, "WNW_n": 14, "NW_calm": 10.0, "NW_calm_n": 1, "NW_low": 2.75, "NW_low_n": 8, "NW_med": 1.5, "NW_med_n": 10, "NW_high": 0.0, "NW_high_n": 0, "NW_mean": 2.47, "NW_n": 19, "NNW_calm": 6.5, "NNW_calm_n": 2, "NNW_low": 0.5, "NNW_low_n": 2, "NNW_med": 1.5, "NNW_med_n": 6, "NNW_high": 0.0, "NNW_high_n": 0, "NNW_mean": 2.3, "NNW_n": 10, "calm_percent": 27.5}}, {"type": "Feature", "geometry": {"type": "Point", "coordinates": [-112.089167, 56.779722]}, "properties": {"N_calm": 0.0, "N_calm_n": 8, "N_low": 0.0, "N_low_n": 1, "N_med": 0.0, "N_med_n": 0, "N_high": 0.0, "N_high_n": 0, "N_mean": 0.0, "N_n": 9, "overall_mean": 0.17, "n_total": 160, "station": "Brion-MacKay River", "pollutant": "Nitrogen Dioxide", "period": "Last 7 Days", "start_date": "2026-09-28 19:00", "end_date": "2026-10-05 17:00", "dominant_dir": "SE", "dominant_value": 1.17, "dominant_percent": 3.8, "NNE_calm": 0.0, "NNE_calm_n": 0, "NNE_low": 0.0, "NNE_low_n": 0, "NNE_med": 0.0, "NNE_med_n": 0, "NNE_high": 0.0, "NNE_high_n": 0, "NNE_mean": 0, "NNE_n": 0, "NE_calm": 0.0, "NE_calm_n": 0, "NE_low": 0.0, "NE_low_n": 0, "NE_med": 0.0, "NE_med_n": 0, "NE_high": 0.0, "NE_high_n": 0, "NE_mean": 0, "NE_n": 0, "ENE_calm": 0.0, "ENE_calm_n": 0, "ENE_low": 0.0, "ENE_low_n": 0, "ENE_med": 0.0, "ENE_med_n": 0, "ENE_high": 0.0, "ENE_high_n": 0, "ENE_mean": 0, "ENE_n": 0, "E_calm": 0.0, "E_calm_n": 0, "E_low": 0.0, "E_low_n": 0, "E_med": 0.0, "E_med_n": 0, "E_high": 0.0, "E_high_n": 0, "E_mean": 0, "E_n": 0, "ESE_calm": 0.0, "ESE_calm_n": 0, "ESE_low": 0.0, "ESE_low_n": 0, "ESE_med": 0.0, "ESE_med_n": 0, "ESE_high": 0.0, "ESE_high_n": 0, "ESE_mean": 0, "ESE_n": 0, "SE_calm": 0.5, "SE_calm_n": 4, "SE_low": 2.5, "SE_low_n": 2, "SE_med": 0.0, "SE_med_n": 0, "SE_high": 0.0, "SE_high_n": 0, "SE_mean": 1.17, "SE_n": 6, "SSE_calm": 0.0, "SSE_calm_n": 4, "SSE_low": 0.09, "SSE_low_n": 11, "SSE_med": 0.0, "SSE_med_n": 0, "SSE_high": 0.0, "SSE_high_n": 0, "SSE_mean": 0.07, "SSE_n": 15, "S_calm": 0.0, "S_calm_n": 1, "S_low": 0.13, "S_low_n": 23, "S_med": 1.0, "S_med_n": 4, "S_high": 0.0, "S_high_n": 0, "S_mean": 0.25, "S_n": 28, "SSW_calm": 0.0, "SSW_calm_n": 0, "SSW_low": 0.36, "SSW_low_n": 11, "SSW_med": 0.33, "SSW_med_n": 6, "SSW_high": 0.0, "SSW_high_n": 0, "SSW_mean": 0.35, "SSW_n": 17, "SW_calm": 0.0, "SW_calm_n": 3, "SW_low": 0.1, "SW_low_n": 10, "SW_med": 0.0, "SW_med_n": 2, "SW_high": 0.0, "SW_high_n": 0, "SW_mean": 0.07, "SW_n": 15, "WSW_calm": 0.0, "WSW_calm_n": 5, "WSW_low": 0.0, "WSW_low_n": 23, "WSW_med": 0.0, "WSW_med_n": 1, "WSW_high": 0.0, "WSW_high_n": 0, "WSW_mean": 0.0, "WSW_n": 29, "W_calm": 0.0, "W_calm_n": 0, "W_low": 0.0, "W_low_n": 11, "W_med": 0.0, "W_med_n": 6, "W_high": 0.0, "W_high_n": 0, "W_mean": 0.0, "W_n": 17, "WNW_calm": 0.0, "WNW_calm_n": 0, "WNW_low": 0.0, "WNW_low_n": 3, "WNW_med": 0.08, "WNW_med_n": 12, "WNW_high": 0.0, "WNW_high_n": 0, "WNW_mean": 0.07, "WNW_n": 15, "NW_calm": 0.0, "NW_calm_n": 0, "NW_low": 0.0, "NW_low_n": 3, "NW_med": 2.0, "NW_med_n": 1, "NW_high": 0.0, "NW_high_n": 0, "NW_mean": 0.5, "NW_n": 4, "NNW_calm": 0.0, "NNW_calm_n": 3, "NNW_low": 1.0, "NNW_low_n": 2, "NNW_med": 0.0, "NNW_med_n": 0, "NNW_high": 0.0, "NNW_high_n": 0, "NNW_mean": 0.4, "NNW_n": 5, "calm_percent": 17.5}}, {"type": "Feature", "geometry": {"type": "Point", "coordinates": [-111.863769, 50.558969]}, "properties": {"N_calm": 0.0, "N_calm_n": 0, "N_low": 5.86, "N_low_n": 7, "N_med": 1.0, "N_med_n": 6, "N_high": 0.0, "N_high_n": 0, "N_mean": 3.62, "N_n": 13, "overall_mean": 3.7, "n_total": 158, "station": "Brooks Meadowplace", "pollutant": "Nitrogen Dioxide", "period": "Last 7 Days", "start_date": "2026-09-28 19:00", "end_date": "2026-10-05 17:00", "dominant_dir": "NNE", "dominant_value": 7.0, "dominant_percent": 8.2, "NNE_calm": 7.0, "NNE_calm_n": 1, "NNE_low": 9.71, "NNE_low_n": 7, "NNE_med": 3.2, "NNE_med_n": 5, "NNE_high": 0.0, "NNE_high_n": 0, "NNE_mean": 7.0, "NNE_n": 13, "NE_calm": 0.0, "NE_calm_n": 0, "NE_low": 5.0, "NE_low_n": 3, "NE_med": 0.0, "NE_med_n": 0, "NE_high": 0.0, "NE_high_n": 0, "NE_mean": 5.0, "NE_n": 3, "ENE_calm": 0.0, "ENE_calm_n": 0, "ENE_low": 6.0, "ENE_low_n": 1, "ENE_med": 0.0, "ENE_med_n": 0, "ENE_high": 0.0, "ENE_high_n": 0, "ENE_mean": 6.0, "ENE_n": 1, "E_calm": 0.0, "E_calm_n": 0, "E_low": 2.5, "E_low_n": 4, "E_med": 1.0, "E_med_n": 1, "E_high": 0.0, "E_high_n": 0, "E_mean": 2.2, "E_n": 5, "ESE_calm": 0.0, "ESE_calm_n": 0, "ESE_low": 11.0, "ESE_low_n": 1, "ESE_med": 1.4, "ESE_med_n": 5, "ESE_high": 0.0, "ESE_high_n": 0, "ESE_mean": 3.0, "ESE_n": 6, "SE_calm": 0.0, "SE_calm_n": 0, "SE_low": 2.0, "SE_low_n": 1, "SE_med": 1.5, "SE_med_n": 2, "SE_high": 0.0, "SE_high_n": 0, "SE_mean": 1.67, "SE_n": 3, "SSE_calm": 11.0, "SSE_calm_n": 1, "SSE_low": 3.0, "SSE_low_n": 2, "SSE_med": 0.83, "SSE_med_n": 6, "SSE_high": 0.0, "SSE_high_n": 0, "SSE_mean": 2.44, "SSE_n": 9, "S_calm": 0.0, "S_calm_n": 0, "S_low": 5.0, "S_low_n": 8, "S_med": 0.73, "S_med_n": 11, "S_high": 0.0, "S_high_n": 2, "S_mean": 2.29, "S_n": 21, "SSW_calm": 9.0, "SSW_calm_n": 3, "SSW_low": 4.28, "SSW_low_n": 18, "SSW_med": 1.17, "SSW_med_n": 6, "SSW_high": 0.0, "SSW_high_n": 0, "SSW_mean": 4.11, "SSW_n": 27, "SW_calm": 0.0, "SW_calm_n": 0, "SW_low": 4.8, "SW_low_n": 10, "SW_med": 1.4, "SW_med_n": 5, "SW_high": 0.0, "SW_high_n": 0, "SW_mean": 3.67, "SW_n": 15, "WSW_calm": 0.0, "WSW_calm_n": 0, "WSW_low": 5.33, "WSW_low_n": 3, "WSW_med": 1.0, "WSW_med_n": 3, "WSW_high": 0.0, "WSW_high_n": 0, "WSW_mean": 3.17, "WSW_n": 6, "W_calm": 0.0, "W_calm_n": 0, "W_low": 3.75, "W_low_n": 4, "W_med": 2.14, "W_med_n": 7, "W_high": 0.0, "W_high_n": 0, "W_mean": 2.73, "W_n": 11, "WNW_calm": 0.0, "WNW_calm_n": 0, "WNW_low": 5.5, "WNW_low_n": 4, "WNW_med": 1.0, "WNW_med_n": 3, "WNW_high": 0.0, "WNW_high_n": 0, "WNW_mean": 3.57, "WNW_n": 7, "NW_calm": 0.0, "NW_calm_n": 0, "NW_low": 3.8, "NW_low_n": 10, "NW_med": 5.0, "NW_med_n": 1, "NW_high": 0.0, "NW_high_n": 0, "NW_mean": 3.91, "NW_n": 11, "NNW_calm": 10.0, "NNW_calm_n": 1, "NNW_low": 4.4, "NNW_low_n": 5, "NNW_med": 7.0, "NNW_med_n": 1, "NNW_high": 0.0, "NNW_high_n": 0, "NNW_mean": 5.57, "NNW_n": 7, "calm_percent": 3.8}}, {"type": "Feature", "geometry": {"type": "Point", "coordinates": [-112.9278, 53.80012]}, "properties": {"N_calm": 0.0, "N_calm_n": 0, "N_low": 3.0, "N_low_n": 2, "N_med": 0.0, "N_med_n": 0, "N_high": 0.0, "N_high_n": 0, "N_mean": 3.0, "N_n": 2, "overall_mean": 5.13, "n_total": 149, "station": "Bruderheim", "pollutant": "Nitrogen Dioxide", "period": "Last 7 Days", "start_date": "2026-09-28 19:00", "end_date": "2026-10-05 16:00", "dominant_dir": "SW", "dominant_value": 9.0, "dominant_percent": 21.5, "NNE_calm": 0.0, "NNE_calm_n": 0, "NNE_low": 0.0, "NNE_low_n": 0, "NNE_med": 0.0, "NNE_med_n": 0, "NNE_high": 0.0, "NNE_high_n": 0, "NNE_mean": 0, "NNE_n": 0, "NE_calm": 0.0, "NE_calm_n": 0, "NE_low": 0.0, "NE_low_n": 0, "NE_med": 0.0, "NE_med_n": 0, "NE_high": 0.0, "NE_high_n": 0, "NE_mean": 0, "NE_n": 0, "ENE_calm": 5.0, "ENE_calm_n": 1, "ENE_low": 0.0, "ENE_low_n": 0, "ENE_med": 0.0, "ENE_med_n": 0, "ENE_high": 0.0, "ENE_high_n": 0, "ENE_mean": 5.0, "ENE_n": 1, "E_calm": 0.0, "E_calm_n": 0, "E_low": 4.67, "E_low_n": 3, "E_med": 0.0, "E_med_n": 0, "E_high": 0.0, "E_high_n": 0, "E_mean": 4.67, "E_n": 3, "ESE_calm": 0.0, "ESE_calm_n": 0, "ESE_low": 3.67, "ESE_low_n": 3, "ESE_med": 2.0, "ESE_med_n": 3, "ESE_high": 0.0, "ESE_high_n": 0, "ESE_mean": 2.83, "ESE_n": 6, "SE_calm": 0.0, "SE_calm_n": 0, "SE_low": 5.0, "SE_low_n": 3, "SE_med": 0.12, "SE_med_n": 8, "SE_high": 0.0, "SE_high_n": 0, "SE_mean": 1.45, "SE_n": 11, "SSE_calm": 0.0, "SSE_calm_n": 0, "SSE_low": 4.5, "SSE_low_n": 6, "SSE_med": 1.25, "SSE_med_n": 4, "SSE_high": 0.0, "SSE_high_n": 0, "SSE_mean": 3.2, "SSE_n": 10, "S_calm": 0.0, "S_calm_n": 0, "S_low": 5.0, "S_low_n": 4, "S_med": 0.0, "S_med_n": 0, "S_high": 0.0, "S_high_n": 0, "S_mean": 5.0, "S_n": 4, "SSW_calm": 6.0, "SSW_calm_n": 1, "SSW_low": 8.2, "SSW_low_n": 10, "SSW_med": 0.0, "SSW_med_n": 1, "SSW_high": 0.0, "SSW_high_n": 0, "SSW_mean": 7.33, "SSW_n": 12, "SW_calm": 0.0, "SW_calm_n": 0, "SW_low": 8.54, "SW_low_n": 28, "SW_med": 12.25, "SW_med_n": 4, "SW_high": 0.0, "SW_high_n": 0, "SW_mean": 9.0, "SW_n": 32, "WSW_calm": 0.0, "WSW_calm_n": 0, "WSW_low": 8.29, "WSW_low_n": 7, "WSW_med": 6.27, "WSW_med_n": 11, "WSW_high": 0.0, "WSW_high_n": 0, "WSW_mean": 7.06, "WSW_n": 18, "W_calm": 0.0, "W_calm_n": 0, "W_low": 9.0, "W_low_n": 4, "W_med": 3.1, "W_med_n": 10, "W_high": 2.0, "W_high_n": 2, "W_mean": 4.44, "W_n": 16, "WNW_calm": 0.0, "WNW_calm_n": 0, "WNW_low": 17.5, "WNW_low_n": 2, "WNW_med": 1.0, "WNW_med_n": 7, "WNW_high": 0.33, "WNW_high_n": 9, "WNW_mean": 2.5, "WNW_n": 18, "NW_calm": 0.0, "NW_calm_n": 0, "NW_low": 3.67, "NW_low_n": 3, "NW_med": 3.0, "NW_med_n": 4, "NW_high": 0.0, "NW_high_n": 3, "NW_mean": 2.3, "NW_n": 10, "NNW_calm": 0.0, "NNW_calm_n": 0, "NNW_low": 3.67, "NNW_low_n": 3, "NNW_med": 0.33, "NNW_med_n": 3, "NNW_high": 0.0, "NNW_high_n": 0, "NNW_mean": 2.0, "NNW_n": 6, "calm_percent": 1.3}}, {"type": "Feature", "geometry": {"type": "Point", "coordinates": [-114.008836, 51.030789]}, "properties": {"N_calm": 19.33, "N_calm_n": 3, "N_low": 19.67, "N_low_n": 3, "N_med": 9.0, "N_med_n": 2, "N_high": 0.0, "N_high_n": 0, "N_mean": 16.88, "N_n": 8, "overall_mean": 16.22, "n_total": 154, "station": "Calgary Central Inglewood", "pollutant": "Nitrogen Dioxide", "period": "Last 7 Days", "start_date": "2026-09-28 19:00", "end_date": "2026-10-05 17:00", "dominant_dir": "SW", "dominant_value": 33.0, "dominant_percent": 1.9, "NNE_calm": 21.5, "NNE_calm_n": 2, "NNE_low": 0.0, "NNE_low_n": 0, "NNE_med": 0.0, "NNE_med_n": 0, "NNE_high": 0.0, "NNE_high_n": 0, "NNE_mean": 21.5, "NNE_n": 2, "NE_calm": 17.33, "NE_calm_n": 3, "NE_low": 29.0, "NE_low_n": 1, "NE_med": 0.0, "NE_med_n": 0, "NE_high": 0.0, "NE_high_n": 0, "NE_mean": 20.25, "NE_n": 4, "ENE_calm": 0.0, "ENE_calm_n": 0, "ENE_low": 15.0, "ENE_low_n": 1, "ENE_med": 0.0, "ENE_med_n": 0, "ENE_high": 0.0, "ENE_high_n": 0, "ENE_mean": 15.0, "ENE_n": 1, "E_calm": 20.67, "E_calm_n": 3, "E_low": 7.5, "E_low_n": 4, "E_med": 0.0, "E_med_n": 0, "E_high": 0.0, "E_high_n": 0, "E_mean": 13.14, "E_n": 7, "ESE_calm": 16.5, "ESE_calm_n": 2, "ESE_low": 13.11, "ESE_low_n": 9, "ESE_med": 0.0, "ESE_med_n": 0, "ESE_high": 0.0, "ESE_high_n": 0, "ESE_mean": 13.73, "ESE_n": 11, "SE_calm": 19.5, "SE_calm_n": 4, "SE_low": 13.29, "SE_low_n": 14, "SE_med": 0.0, "SE_med_n": 0, "SE_high": 0.0, "SE_high_n": 0, "SE_mean": 14.67, "SE_n": 18, "SSE_calm": 21.0, "SSE_calm_n": 1, "SSE_low": 7.89, "SSE_low_n": 9, "SSE_med": 4.0, "SSE_med_n": 1, "SSE_high": 0.0, "SSE_high_n": 0, "SSE_mean": 8.73, "SSE_n": 11, "S_calm": 24.0, "S_calm_n": 2, "S_low": 7.58, "S_low_n": 12, "S_med": 0.0, "S_med_n": 0, "S_high": 0.0, "S_high_n": 0, "S_mean": 9.93, "S_n": 14, "SSW_calm": 30.67, "SSW_calm_n": 3, "SSW_low": 13.0, "SSW_low_n": 2, "SSW_med": 0.0, "SSW_med_n": 0, "SSW_high": 0.0, "SSW_high_n": 0, "SSW_mean": 23.6, "SSW_n": 5, "SW_calm": 28.0, "SW_calm_n": 1, "SW_low": 35.5, "SW_low_n": 2, "SW_med": 0.0, "SW_med_n": 0, "SW_high": 0.0, "SW_high_n": 0, "SW_mean": 33.0, "SW_n": 3, "WSW_calm": 22.5, "WSW_calm_n": 2, "WSW_low": 21.75, "WSW_low_n": 4, "WSW_med": 9.0, "WSW_med_n": 1, "WSW_high": 0.0, "WSW_high_n": 0, "WSW_mean": 20.14, "WSW_n": 7, "W_calm": 21.0, "W_calm_n": 2, "W_low": 18.44, "W_low_n": 9, "W_med": 16.0, "W_med_n": 2, "W_high": 0.0, "W_high_n": 0, "W_mean": 18.46, "W_n": 13, "WNW_calm": 0.0, "WNW_calm_n": 0, "WNW_low": 13.0, "WNW_low_n": 4, "WNW_med": 3.5, "WNW_med_n": 4, "WNW_high": 0.0, "WNW_high_n": 0, "WNW_mean": 8.25, "WNW_n": 8, "NW_calm": 27.33, "NW_calm_n": 3, "NW_low": 12.0, "NW_low_n": 5, "NW_med": 3.0, "NW_med_n": 2, "NW_high": 0.0, "NW_high_n": 0, "NW_mean": 14.8, "NW_n": 10, "NNW_calm": 25.25, "NNW_calm_n": 4, "NNW_low": 21.54, "NNW_low_n": 26, "NNW_med": 4.5, "NNW_med_n": 2, "NNW_high": 0.0, "NNW_high_n": 0, "NNW_mean": 20.94, "NNW_n": 32, "calm_percent": 22.7}}, {"type": "Feature", "geometry": {"type": "Point", "coordinates": [-114.138994, 51.08272]}, "properties": {"N_calm": 19.0, "N_calm_n": 2, "N_low": 4.5, "N_low_n": 2, "N_med": 0.0, "N_med_n": 0, "N_high": 0.0, "N_high_n": 0, "N_mean": 11.75, "N_n": 4, "overall_mean": 8.09, "n_total": 156, "station": "Calgary Varsity", "pollutant": "Nitrogen Dioxide", "period": "Last 7 Days", "start_date": "2026-09-28 19:00", "end_date": "2026-10-05 17:00", "dominant_dir": "ENE", "dominant_value": 12.0, "dominant_percent": 2.6, "NNE_calm": 0.0, "NNE_calm_n": 0, "NNE_low": 0.0, "NNE_low_n": 0, "NNE_med": 0.0, "NNE_med_n": 0, "NNE_high": 0.0, "NNE_high_n": 0, "NNE_mean": 0, "NNE_n": 0, "NE_calm": 0.0, "NE_calm_n": 0, "NE_low": 0.0, "NE_low_n": 0, "NE_med": 0.0, "NE_med_n": 0, "NE_high": 0.0, "NE_high_n": 0, "NE_mean": 0, "NE_n": 0, "ENE_calm": 14.0, "ENE_calm_n": 1, "ENE_low": 11.33, "ENE_low_n": 3, "ENE_med": 0.0, "ENE_med_n": 0, "ENE_high": 0.0, "ENE_high_n": 0, "ENE_mean": 12.0, "ENE_n": 4, "E_calm": 0.0, "E_calm_n": 0, "E_low": 9.67, "E_low_n": 3, "E_med": 0.0, "E_med_n": 0, "E_high": 0.0, "E_high_n": 0, "E_mean": 9.67, "E_n": 3, "ESE_calm": 11.0, "ESE_calm_n": 1, "ESE_low": 6.33, "ESE_low_n": 6, "ESE_med": 0.0, "ESE_med_n": 0, "ESE_high": 0.0, "ESE_high_n": 0, "ESE_mean": 7.0, "ESE_n": 7, "SE_calm": 0.0, "SE_calm_n": 0, "SE_low": 8.91, "SE_low_n": 23, "SE_med": 0.0, "SE_med_n": 0, "SE_high": 0.0, "SE_high_n": 0, "SE_mean": 8.91, "SE_n": 23, "SSE_calm": 0.0, "SSE_calm_n": 0, "SSE_low": 4.25, "SSE_low_n": 4, "SSE_med": 0.0, "SSE_med_n": 0, "SSE_high": 0.0, "SSE_high_n": 0, "SSE_mean": 4.25, "SSE_n": 4, "S_calm": 0.0, "S_calm_n": 0, "S_low": 5.0, "S_low_n": 1, "S_med": 0.0, "S_med_n": 0, "S_high": 0.0, "S_high_n": 0, "S_mean": 5.0, "S_n": 1, "SSW_calm": 0.0, "SSW_calm_n": 0, "SSW_low": 2.33, "SSW_low_n": 3, "SSW_med": 0.0, "SSW_med_n": 0, "SSW_high": 0.0, "SSW_high_n": 0, "SSW_mean": 2.33, "SSW_n": 3, "SW_calm": 0.0, "SW_calm_n": 0, "SW_low": 7.0, "SW_low_n": 1, "SW_med": 0.0, "SW_med_n": 0, "SW_high": 0.0, "SW_high_n": 0, "SW_mean": 7.0, "SW_n": 1, "WSW_calm": 4.0, "WSW_calm_n": 1, "WSW_low": 4.78, "WSW_low_n": 9, "WSW_med": 6.0, "WSW_med_n": 3, "WSW_high": 0.0, "WSW_high_n": 0, "WSW_mean": 5.0, "WSW_n": 13, "W_calm": 0.0, "W_calm_n": 0, "W_low": 8.73, "W_low_n": 22, "W_med": 1.62, "W_med_n": 8, "W_high": 0.0, "W_high_n": 0, "W_mean": 6.83, "W_n": 30, "WNW_calm": 15.5, "WNW_calm_n": 2, "WNW_low": 9.53, "WNW_low_n": 47, "WNW_med": 0.0, "WNW_med_n": 0, "WNW_high": 0.0, "WNW_high_n": 0, "WNW_mean": 9.78, "WNW_n": 49, "NW_calm": 7.5, "NW_calm_n": 2, "NW_low": 7.67, "NW_low_n": 9, "NW_med": 0.0, "NW_med_n": 0, "NW_high": 0.0, "NW_high_n": 0, "NW_mean": 7.64, "NW_n": 11, "NNW_calm": 0.0, "NNW_calm_n": 0, "NNW_low": 5.0, "NNW_low_n": 3, "NNW_med": 0.0, "NNW_med_n": 0, "NNW_high": 0.0, "NNW_high_n": 0, "NNW_mean": 5.0, "NNW_n": 3, "calm_percent": 5.8}}, {"type": "Feature", "geometry": {"type": "Point", "coordinates": [-115.8691549, 53.6210616]}, "properties": {"N_calm": 0.0, "N_calm_n": 0, "N_low": 3.0, "N_low_n": 3, "N_med": 0.0, "N_med_n": 0, "N_high": 0.0, "N_high_n": 0, "N_mean": 3.0, "N_n": 3, "overall_mean": 3.28, "n_total": 160, "station": "Carrot Creek", "pollutant": "Nitrogen Dioxide", "period": "Last 7 Days", "start_date": "2026-09-28 19:00", "end_date": "2026-10-05 17:00", "dominant_dir": "S", "dominant_value": 11.0, "dominant_percent": 6.2, "NNE_calm": 0.0, "NNE_calm_n": 0, "NNE_low": 1.5, "NNE_low_n": 2, "NNE_med": 0.0, "NNE_med_n": 0, "NNE_high": 0.0, "NNE_high_n": 0, "NNE_mean": 1.5, "NNE_n": 2, "NE_calm": 4.0, "NE_calm_n": 1, "NE_low": 2.5, "NE_low_n": 4, "NE_med": 0.0, "NE_med_n": 0, "NE_high": 0.0, "NE_high_n": 0, "NE_mean": 2.8, "NE_n": 5, "ENE_calm": 4.67, "ENE_calm_n": 3, "ENE_low": 2.67, "ENE_low_n": 3, "ENE_med": 0.0, "ENE_med_n": 0, "ENE_high": 0.0, "ENE_high_n": 0, "ENE_mean": 3.67, "ENE_n": 6, "E_calm": 5.0, "E_calm_n": 1, "E_low": 3.0, "E_low_n": 7, "E_med": 0.0, "E_med_n": 0, "E_high": 0.0, "E_high_n": 0, "E_mean": 3.25, "E_n": 8, "ESE_calm": 2.0, "ESE_calm_n": 1, "ESE_low": 3.75, "ESE_low_n": 4, "ESE_med": 0.0, "ESE_med_n": 0, "ESE_high": 0.0, "ESE_high_n": 0, "ESE_mean": 3.4, "ESE_n": 5, "SE_calm": 0.0, "SE_calm_n": 0, "SE_low": 9.0, "SE_low_n": 1, "SE_med": 0.0, "SE_med_n": 0, "SE_high": 0.0, "SE_high_n": 0, "SE_mean": 9.0, "SE_n": 1, "SSE_calm": 3.0, "SSE_calm_n": 1, "SSE_low": 0.0, "SSE_low_n": 0, "SSE_med": 0.0, "SSE_med_n": 0, "SSE_high": 0.0, "SSE_high_n": 0, "SSE_mean": 3.0, "SSE_n": 1, "S_calm": 8.33, "S_calm_n": 3, "S_low": 12.14, "S_low_n": 7, "S_med": 0.0, "S_med_n": 0, "S_high": 0.0, "S_high_n": 0, "S_mean": 11.0, "S_n": 10, "SSW_calm": 8.5, "SSW_calm_n": 2, "SSW_low": 4.74, "SSW_low_n": 19, "SSW_med": 0.0, "SSW_med_n": 0, "SSW_high": 0.0, "SSW_high_n": 0, "SSW_mean": 5.1, "SSW_n": 21, "SW_calm": 0.0, "SW_calm_n": 0, "SW_low": 2.83, "SW_low_n": 18, "SW_med": 0.0, "SW_med_n": 0, "SW_high": 0.0, "SW_high_n": 0, "SW_mean": 2.83, "SW_n": 18, "WSW_calm": 4.0, "WSW_calm_n": 1, "WSW_low": 4.71, "WSW_low_n": 7, "WSW_med": 0.5, "WSW_med_n": 2, "WSW_high": 0.0, "WSW_high_n": 0, "WSW_mean": 3.8, "WSW_n": 10, "W_calm": 2.0, "W_calm_n": 1, "W_low": 3.5, "W_low_n": 4, "W_med": 1.55, "W_med_n": 11, "W_high": 0.0, "W_high_n": 0, "W_mean": 2.06, "W_n": 16, "WNW_calm": 5.5, "WNW_calm_n": 4, "WNW_low": 2.2, "WNW_low_n": 15, "WNW_med": 0.75, "WNW_med_n": 4, "WNW_high": 0.0, "WNW_high_n": 0, "WNW_mean": 2.52, "WNW_n": 23, "NW_calm": 0.0, "NW_calm_n": 0, "NW_low": 1.1, "NW_low_n": 10, "NW_med": 0.07, "NW_med_n": 14, "NW_high": 0.0, "NW_high_n": 0, "NW_mean": 0.5, "NW_n": 24, "NNW_calm": 8.0, "NNW_calm_n": 1, "NNW_low": 0.8, "NNW_low_n": 5, "NNW_med": 1.0, "NNW_med_n": 1, "NNW_high": 0.0, "NNW_high_n": 0, "NNW_mean": 1.86, "NNW_n": 7, "calm_percent": 11.9}}, {"type": "Feature", "geometry": {"type": "Point", "coordinates": [-110.2330575, 54.4138811]}, "properties": {"N_calm": 0.0, "N_calm_n": 0, "N_low": 0.0, "N_low_n": 0, "N_med": 0.0, "N_med_n": 0, "N_high": 0.0, "N_high_n": 0, "N_mean": 0, "N_n": 0, "overall_mean": 4.54, "n_total": 158, "station": "Cold Lake South", "pollutant": "Nitrogen Dioxide", "period": "Last 7 Days", "start_date": "2026-09-28 19:00", "end_date": "2026-10-05 17:00", "dominant_dir": "NE", "dominant_value": 8.0, "dominant_percent": 1.3, "NNE_calm": 5.33, "NNE_calm_n": 3, "NNE_low": 3.0, "NNE_low_n": 1, "NNE_med": 0.0, "NNE_med_n": 0, "NNE_high": 0.0, "NNE_high_n": 0, "NNE_mean": 4.75, "NNE_n": 4, "NE_calm": 8.0, "NE_calm_n": 2, "NE_low": 0.0, "NE_low_n": 0, "NE_med": 0.0, "NE_med_n": 0, "NE_high": 0.0, "NE_high_n": 0, "NE_mean": 8.0, "NE_n": 2, "ENE_calm": 5.5, "ENE_calm_n": 2, "ENE_low": 3.5, "ENE_low_n": 2, "ENE_med": 0.0, "ENE_med_n": 0, "ENE_high": 0.0, "ENE_high_n": 0, "ENE_mean": 4.5, "ENE_n": 4, "E_calm": 7.25, "E_calm_n": 4, "E_low": 0.0, "E_low_n": 0, "E_med": 0.0, "E_med_n": 0, "E_high": 0.0, "E_high_n": 0, "E_mean": 7.25, "E_n": 4, "ESE_calm": 7.33, "ESE_calm_n": 6, "ESE_low": 1.0, "ESE_low_n": 1, "ESE_med": 0.0, "ESE_med_n": 0, "ESE_high": 0.0, "ESE_high_n": 0, "ESE_mean": 6.43, "ESE_n": 7, "SE_calm": 3.67, "SE_calm_n": 3, "SE_low": 1.33, "SE_low_n": 12, "SE_med": 1.0, "SE_med_n": 1, "SE_high": 0.0, "SE_high_n": 0, "SE_mean": 1.75, "SE_n": 16, "SSE_calm": 6.75, "SSE_calm_n": 8, "SSE_low": 0.0, "SSE_low_n": 0, "SSE_med": 0.0, "SSE_med_n": 0, "SSE_high": 0.0, "SSE_high_n": 0, "SSE_mean": 6.75, "SSE_n": 8, "S_calm": 3.0, "S_calm_n": 1, "S_low": 0.0, "S_low_n": 0, "S_med": 0.0, "S_med_n": 0, "S_high": 0.0, "S_high_n": 0, "S_mean": 3.0, "S_n": 1, "SSW_calm": 4.67, "SSW_calm_n": 3, "SSW_low": 0.0, "SSW_low_n": 0, "SSW_med": 0.0, "SSW_med_n": 0, "SSW_high": 0.0, "SSW_high_n": 0, "SSW_mean": 4.67, "SSW_n": 3, "SW_calm": 4.0, "SW_calm_n": 3, "SW_low": 2.5, "SW_low_n": 6, "SW_med": 0.0, "SW_med_n": 0, "SW_high": 0.0, "SW_high_n": 0, "SW_mean": 3.0, "SW_n": 9, "WSW_calm": 5.89, "WSW_calm_n": 9, "WSW_low": 5.76, "WSW_low_n": 37, "WSW_med": 1.6, "WSW_med_n": 5, "WSW_high": 0.0, "WSW_high_n": 0, "WSW_mean": 5.37, "WSW_n": 51, "W_calm": 5.43, "W_calm_n": 7, "W_low": 6.06, "W_low_n": 17, "W_med": 1.88, "W_med_n": 8, "W_high": 0.0, "W_high_n": 0, "W_mean": 4.88, "W_n": 32, "WNW_calm": 5.0, "WNW_calm_n": 1, "WNW_low": 3.0, "WNW_low_n": 1, "WNW_med": 1.0, "WNW_med_n": 5, "WNW_high": 0.0, "WNW_high_n": 0, "WNW_mean": 1.86, "WNW_n": 7, "NW_calm": 3.0, "NW_calm_n": 1, "NW_low": 3.5, "NW_low_n": 2, "NW_med": 1.0, "NW_med_n": 4, "NW_high": 0.0, "NW_high_n": 0, "NW_mean": 2.0, "NW_n": 7, "NNW_calm": 5.0, "NNW_calm_n": 1, "NNW_low": 2.0, "NNW_low_n": 1, "NNW_med": 1.0, "NNW_med_n": 1, "NNW_high": 0.0, "NNW_high_n": 0, "NNW_mean": 2.67, "NNW_n": 3, "calm_percent": 34.2}}, {"type": "Feature", "geometry": {"type": "Point", "coordinates": [-111.078872, 55.632331]}, "properties": {"N_calm": 0.0, "N_calm_n": 0, "N_low": 0.0, "N_low_n": 0, "N_med": 0.0, "N_med_n": 0, "N_high": 0.0, "N_high_n": 0, "N_mean": 0, "N_n": 0, "overall_mean": 2.52, "n_total": 160, "station": "Conklin Community", "pollutant": "Nitrogen Dioxide", "period": "Last 7 Days", "start_date": "2026-09-28 19:00", "end_date": "2026-10-05 17:00", "dominant_dir": "S", "dominant_value": 5.67, "dominant_percent": 15.0, "NNE_calm": 1.0, "NNE_calm_n": 1, "NNE_low": 0.0, "NNE_low_n": 0, "NNE_med": 0.0, "NNE_med_n": 0, "NNE_high": 0.0, "NNE_high_n": 0, "NNE_mean": 1.0, "NNE_n": 1, "NE_calm": 1.0, "NE_calm_n": 1, "NE_low": 0.0, "NE_low_n": 0, "NE_med": 0.0, "NE_med_n": 0, "NE_high": 0.0, "NE_high_n": 0, "NE_mean": 1.0, "NE_n": 1, "ENE_calm": 0.0, "ENE_calm_n": 0, "ENE_low": 0.0, "ENE_low_n": 0, "ENE_med": 0.0, "ENE_med_n": 0, "ENE_high": 0.0, "ENE_high_n": 0, "ENE_mean": 0, "ENE_n": 0, "E_calm": 5.0, "E_calm_n": 1, "E_low": 0.0, "E_low_n": 0, "E_med": 0.0, "E_med_n": 0, "E_high": 0.0, "E_high_n": 0, "E_mean": 5.0, "E_n": 1, "ESE_calm": 0.0, "ESE_calm_n": 0, "ESE_low": 2.67, "ESE_low_n": 3, "ESE_med": 0.0, "ESE_med_n": 0, "ESE_high": 0.0, "ESE_high_n": 0, "ESE_mean": 2.67, "ESE_n": 3, "SE_calm": 7.0, "SE_calm_n": 2, "SE_low": 2.71, "SE_low_n": 7, "SE_med": 0.0, "SE_med_n": 0, "SE_high": 0.0, "SE_high_n": 0, "SE_mean": 3.67, "SE_n": 9, "SSE_calm": 3.33, "SSE_calm_n": 3, "SSE_low": 3.42, "SSE_low_n": 12, "SSE_med": 0.0, "SSE_med_n": 0, "SSE_high": 0.0, "SSE_high_n": 0, "SSE_mean": 3.4, "SSE_n": 15, "S_calm": 2.67, "S_calm_n": 3, "S_low": 6.94, "S_low_n": 18, "S_med": 1.0, "S_med_n": 3, "S_high": 0.0, "S_high_n": 0, "S_mean": 5.67, "S_n": 24, "SSW_calm": 2.0, "SSW_calm_n": 1, "SSW_low": 4.6, "SSW_low_n": 20, "SSW_med": 1.0, "SSW_med_n": 1, "SSW_high": 0.0, "SSW_high_n": 0, "SSW_mean": 4.32, "SSW_n": 22, "SW_calm": 0.0, "SW_calm_n": 0, "SW_low": 2.0, "SW_low_n": 11, "SW_med": 0.75, "SW_med_n": 8, "SW_high": 0.0, "SW_high_n": 0, "SW_mean": 1.47, "SW_n": 19, "WSW_calm": 0.0, "WSW_calm_n": 0, "WSW_low": 0.5, "WSW_low_n": 10, "WSW_med": 0.5, "WSW_med_n": 6, "WSW_high": 0.0, "WSW_high_n": 0, "WSW_mean": 0.5, "WSW_n": 16, "W_calm": 3.0, "W_calm_n": 1, "W_low": 0.93, "W_low_n": 14, "W_med": 1.0, "W_med_n": 2, "W_high": 0.0, "W_high_n": 0, "W_mean": 1.06, "W_n": 17, "WNW_calm": 0.0, "WNW_calm_n": 0, "WNW_low": 0.86, "WNW_low_n": 7, "WNW_med": 0.5, "WNW_med_n": 2, "WNW_high": 0.0, "WNW_high_n": 0, "WNW_mean": 0.78, "WNW_n": 9, "NW_calm": 0.0, "NW_calm_n": 0, "NW_low": 0.64, "NW_low_n": 11, "NW_med": 0.17, "NW_med_n": 6, "NW_high": 0.0, "NW_high_n": 0, "NW_mean": 0.47, "NW_n": 17, "NNW_calm": 0.0, "NNW_calm_n": 0, "NNW_low": 0.83, "NNW_low_n": 6, "NNW_med": 0.0, "NNW_med_n": 0, "NNW_high": 0.0, "NNW_high_n": 0, "NNW_mean": 0.83, "NNW_n": 6, "calm_percent": 8.1}}, {"type": "Feature", "geometry": {"type": "Point", "coordinates": [-114.983408, 53.220056]}, "properties": {"N_calm": 17.5, "N_calm_n": 2, "N_low": 0.0, "N_low_n": 0, "N_med": 0.0, "N_med_n": 0, "N_high": 0.0, "N_high_n": 0, "N_mean": 17.5, "N_n": 2, "overall_mean": 8.14, "n_total": 160, "station": "Drayton Valley", "pollutant": "Nitrogen Dioxide", "period": "Last 7 Days", "start_date": "2026-09-28 19:00", "end_date": "2026-10-05 18:00", "dominant_dir": "N", "dominant_value": 17.5, "dominant_percent": 1.2, "NNE_calm": 7.0, "NNE_calm_n": 1, "NNE_low": 8.0, "NNE_low_n": 1, "NNE_med": 0.0, "NNE_med_n": 0, "NNE_high": 0.0, "NNE_high_n": 0, "NNE_mean": 7.5, "NNE_n": 2, "NE_calm": 7.0, "NE_calm_n": 1, "NE_low": 6.33, "NE_low_n": 6, "NE_med": 0.0, "NE_med_n": 0, "NE_high": 0.0, "NE_high_n": 0, "NE_mean": 6.43, "NE_n": 7, "ENE_calm": 5.0, "ENE_calm_n": 1, "ENE_low": 5.0, "ENE_low_n": 1, "ENE_med": 0.0, "ENE_med_n": 0, "ENE_high": 0.0, "ENE_high_n": 0, "ENE_mean": 5.0, "ENE_n": 2, "E_calm": 25.0, "E_calm_n": 1, "E_low": 6.0, "E_low_n": 2, "E_med": 0.0, "E_med_n": 0, "E_high": 0.0, "E_high_n": 0, "E_mean": 12.33, "E_n": 3, "ESE_calm": 6.5, "ESE_calm_n": 2, "ESE_low": 3.5, "ESE_low_n": 4, "ESE_med": 0.0, "ESE_med_n": 0, "ESE_high": 0.0, "ESE_high_n": 0, "ESE_mean": 4.5, "ESE_n": 6, "SE_calm": 0.0, "SE_calm_n": 0, "SE_low": 6.8, "SE_low_n": 5, "SE_med": 1.33, "SE_med_n": 6, "SE_high": 0.0, "SE_high_n": 0, "SE_mean": 3.82, "SE_n": 11, "SSE_calm": 18.5, "SSE_calm_n": 4, "SSE_low": 12.39, "SSE_low_n": 18, "SSE_med": 0.0, "SSE_med_n": 0, "SSE_high": 0.0, "SSE_high_n": 0, "SSE_mean": 13.5, "SSE_n": 22, "S_calm": 12.67, "S_calm_n": 3, "S_low": 7.83, "S_low_n": 29, "S_med": 0.0, "S_med_n": 0, "S_high": 0.0, "S_high_n": 0, "S_mean": 8.28, "S_n": 32, "SSW_calm": 0.0, "SSW_calm_n": 0, "SSW_low": 4.73, "SSW_low_n": 15, "SSW_med": 0.0, "SSW_med_n": 0, "SSW_high": 0.0, "SSW_high_n": 0, "SSW_mean": 4.73, "SSW_n": 15, "SW_calm": 0.0, "SW_calm_n": 0, "SW_low": 13.5, "SW_low_n": 2, "SW_med": 0.0, "SW_med_n": 0, "SW_high": 0.0, "SW_high_n": 0, "SW_mean": 13.5, "SW_n": 2, "WSW_calm": 0.0, "WSW_calm_n": 0, "WSW_low": 6.0, "WSW_low_n": 3, "WSW_med": 0.0, "WSW_med_n": 0, "WSW_high": 0.0, "WSW_high_n": 0, "WSW_mean": 6.0, "WSW_n": 3, "W_calm": 16.33, "W_calm_n": 3, "W_low": 13.38, "W_low_n": 8, "W_med": 4.0, "W_med_n": 1, "W_high": 0.0, "W_high_n": 0, "W_mean": 13.33, "W_n": 12, "WNW_calm": 21.0, "WNW_calm_n": 2, "WNW_low": 9.2, "WNW_low_n": 5, "WNW_med": 3.4, "WNW_med_n": 10, "WNW_high": 0.0, "WNW_high_n": 0, "WNW_mean": 7.18, "WNW_n": 17, "NW_calm": 14.5, "NW_calm_n": 2, "NW_low": 5.67, "NW_low_n": 6, "NW_med": 2.7, "NW_med_n": 10, "NW_high": 0.0, "NW_high_n": 0, "NW_mean": 5.0, "NW_n": 18, "NNW_calm": 0.0, "NNW_calm_n": 0, "NNW_low": 8.25, "NNW_low_n": 4, "NNW_med": 4.0, "NNW_med_n": 2, "NNW_high": 0.0, "NNW_high_n": 0, "NNW_mean": 6.83, "NNW_n": 6, "calm_percent": 13.8}}, {"type": "Feature", "geometry": {"type": "Point", "coordinates": [-113.3680856, 53.5482115]}, "properties": {"N_calm": 0.0, "N_calm_n": 0, "N_low": 14.43, "N_low_n": 7, "N_med": 0.0, "N_med_n": 0, "N_high": 0.0, "N_high_n": 0, "N_mean": 14.43, "N_n": 7, "overall_mean": 11.28, "n_total": 152, "station": "Edmonton East", "pollutant": "Nitrogen Dioxide", "period": "Last 7 Days", "start_date": "2026-09-28 19:00", "end_date": "2026-10-05 18:00", "dominant_dir": "NE", "dominant_value": 26.0, "dominant_percent": 0.7, "NNE_calm": 0.0, "NNE_calm_n": 0, "NNE_low": 21.0, "NNE_low_n": 2, "NNE_med": 0.0, "NNE_med_n": 0, "NNE_high": 0.0, "NNE_high_n": 0, "NNE_mean": 21.0, "NNE_n": 2, "NE_calm": 26.0, "NE_calm_n": 1, "NE_low": 0.0, "NE_low_n": 0, "NE_med": 0.0, "NE_med_n": 0, "NE_high": 0.0, "NE_high_n": 0, "NE_mean": 26.0, "NE_n": 1, "ENE_calm": 0.0, "ENE_calm_n": 0, "ENE_low": 0.0, "ENE_low_n": 0, "ENE_med": 0.0, "ENE_med_n": 0, "ENE_high": 0.0, "ENE_high_n": 0, "ENE_mean": 0, "ENE_n": 0, "E_calm": 0.0, "E_calm_n": 0, "E_low": 0.0, "E_low_n": 0, "E_med": 0.0, "E_med_n": 0, "E_high": 0.0, "E_high_n": 0, "E_mean": 0, "E_n": 0, "ESE_calm": 0.0, "ESE_calm_n": 0, "ESE_low": 5.6, "ESE_low_n": 5, "ESE_med": 0.0, "ESE_med_n": 0, "ESE_high": 0.0, "ESE_high_n": 0, "ESE_mean": 5.6, "ESE_n": 5, "SE_calm": 0.0, "SE_calm_n": 0, "SE_low": 7.94, "SE_low_n": 16, "SE_med": 2.0, "SE_med_n": 2, "SE_high": 0.0, "SE_high_n": 0, "SE_mean": 7.28, "SE_n": 18, "SSE_calm": 3.0, "SSE_calm_n": 1, "SSE_low": 0.0, "SSE_low_n": 0, "SSE_med": 2.4, "SSE_med_n": 5, "SSE_high": 0.0, "SSE_high_n": 0, "SSE_mean": 2.5, "SSE_n": 6, "S_calm": 0.0, "S_calm_n": 0, "S_low": 18.25, "S_low_n": 24, "S_med": 0.0, "S_med_n": 0, "S_high": 0.0, "S_high_n": 0, "S_mean": 18.25, "S_n": 24, "SSW_calm": 0.0, "SSW_calm_n": 0, "SSW_low": 16.71, "SSW_low_n": 24, "SSW_med": 0.0, "SSW_med_n": 0, "SSW_high": 0.0, "SSW_high_n": 0, "SSW_mean": 16.71, "SSW_n": 24, "SW_calm": 17.0, "SW_calm_n": 1, "SW_low": 10.33, "SW_low_n": 3, "SW_med": 12.0, "SW_med_n": 1, "SW_high": 0.0, "SW_high_n": 0, "SW_mean": 12.0, "SW_n": 5, "WSW_calm": 0.0, "WSW_calm_n": 0, "WSW_low": 10.33, "WSW_low_n": 6, "WSW_med": 0.0, "WSW_med_n": 0, "WSW_high": 0.0, "WSW_high_n": 0, "WSW_mean": 10.33, "WSW_n": 6, "W_calm": 0.0, "W_calm_n": 0, "W_low": 12.43, "W_low_n": 7, "W_med": 7.33, "W_med_n": 3, "W_high": 0.0, "W_high_n": 0, "W_mean": 10.9, "W_n": 10, "WNW_calm": 0.0, "WNW_calm_n": 0, "WNW_low": 15.2, "WNW_low_n": 10, "WNW_med": 3.75, "WNW_med_n": 16, "WNW_high": 0.0, "WNW_high_n": 0, "WNW_mean": 8.15, "WNW_n": 26, "NW_calm": 0.0, "NW_calm_n": 0, "NW_low": 10.33, "NW_low_n": 3, "NW_med": 3.36, "NW_med_n": 11, "NW_high": 0.0, "NW_high_n": 0, "NW_mean": 4.86, "NW_n": 14, "NNW_calm": 0.0, "NNW_calm_n": 0, "NNW_low": 5.25, "NNW_low_n": 4, "NNW_med": 0.0, "NNW_med_n": 0, "NNW_high": 0.0, "NNW_high_n": 0, "NNW_mean": 5.25, "NNW_n": 4, "calm_percent": 2.0}}, {"type": "Feature", "geometry": {"type": "Point", "coordinates": [-113.527, 53.4978]}, "properties": {"N_calm": 15.67, "N_calm_n": 3, "N_low": 0.0, "N_low_n": 0, "N_med": 0.0, "N_med_n": 0, "N_high": 0.0, "N_high_n": 0, "N_mean": 15.67, "N_n": 3, "overall_mean": 10.45, "n_total": 160, "station": "Edmonton Lendrum", "pollutant": "Nitrogen Dioxide", "period": "Last 7 Days", "start_date": "2026-09-28 19:00", "end_date": "2026-10-05 18:00", "dominant_dir": "NE", "dominant_value": 22.0, "dominant_percent": 0.6, "NNE_calm": 17.5, "NNE_calm_n": 2, "NNE_low": 0.0, "NNE_low_n": 0, "NNE_med": 0.0, "NNE_med_n": 0, "NNE_high": 0.0, "NNE_high_n": 0, "NNE_mean": 17.5, "NNE_n": 2, "NE_calm": 22.0, "NE_calm_n": 1, "NE_low": 0.0, "NE_low_n": 0, "NE_med": 0.0, "NE_med_n": 0, "NE_high": 0.0, "NE_high_n": 0, "NE_mean": 22.0, "NE_n": 1, "ENE_calm": 18.4, "ENE_calm_n": 5, "ENE_low": 0.0, "ENE_low_n": 0, "ENE_med": 0.0, "ENE_med_n": 0, "ENE_high": 0.0, "ENE_high_n": 0, "ENE_mean": 18.4, "ENE_n": 5, "E_calm": 23.83, "E_calm_n": 6, "E_low": 11.6, "E_low_n": 10, "E_med": 0.0, "E_med_n": 0, "E_high": 0.0, "E_high_n": 0, "E_mean": 16.19, "E_n": 16, "ESE_calm": 14.0, "ESE_calm_n": 1, "ESE_low": 3.8, "ESE_low_n": 5, "ESE_med": 0.0, "ESE_med_n": 0, "ESE_high": 0.0, "ESE_high_n": 0, "ESE_mean": 5.5, "ESE_n": 6, "SE_calm": 21.0, "SE_calm_n": 1, "SE_low": 0.0, "SE_low_n": 0, "SE_med": 0.0, "SE_med_n": 0, "SE_high": 0.0, "SE_high_n": 0, "SE_mean": 21.0, "SE_n": 1, "SSE_calm": 0.0, "SSE_calm_n": 0, "SSE_low": 0.0, "SSE_low_n": 0, "SSE_med": 0.0, "SSE_med_n": 0, "SSE_high": 0.0, "SSE_high_n": 0, "SSE_mean": 0, "SSE_n": 0, "S_calm": 15.33, "S_calm_n": 3, "S_low": 0.0, "S_low_n": 0, "S_med": 0.0, "S_med_n": 0, "S_high": 0.0, "S_high_n": 0, "S_mean": 15.33, "S_n": 3, "SSW_calm": 15.38, "SSW_calm_n": 8, "SSW_low": 0.0, "SSW_low_n": 0, "SSW_med": 0.0, "SSW_med_n": 0, "SSW_high": 0.0, "SSW_high_n": 0, "SSW_mean": 15.38, "SSW_n": 8, "SW_calm": 13.8, "SW_calm_n": 10, "SW_low": 10.12, "SW_low_n": 8, "SW_med": 0.0, "SW_med_n": 0, "SW_high": 0.0, "SW_high_n": 0, "SW_mean": 12.17, "SW_n": 18, "WSW_calm": 13.71, "WSW_calm_n": 7, "WSW_low": 7.55, "WSW_low_n": 11, "WSW_med": 0.0, "WSW_med_n": 0, "WSW_high": 0.0, "WSW_high_n": 0, "WSW_mean": 9.94, "WSW_n": 18, "W_calm": 18.38, "W_calm_n": 8, "W_low": 6.85, "W_low_n": 26, "W_med": 4.67, "W_med_n": 3, "W_high": 0.0, "W_high_n": 0, "W_mean": 9.16, "W_n": 37, "WNW_calm": 15.4, "WNW_calm_n": 5, "WNW_low": 8.5, "WNW_low_n": 4, "WNW_med": 2.2, "WNW_med_n": 20, "WNW_high": 0.0, "WNW_high_n": 0, "WNW_mean": 5.34, "WNW_n": 29, "NW_calm": 16.0, "NW_calm_n": 1, "NW_low": 6.0, "NW_low_n": 6, "NW_med": 7.0, "NW_med_n": 2, "NW_high": 0.0, "NW_high_n": 0, "NW_mean": 7.33, "NW_n": 9, "NNW_calm": 13.5, "NNW_calm_n": 2, "NNW_low": 4.5, "NNW_low_n": 2, "NNW_med": 0.0, "NNW_med_n": 0, "NNW_high": 0.0, "NNW_high_n": 0, "NNW_mean": 9.0, "NNW_n": 4, "calm_percent": 39.4}}, {"type": "Feature", "geometry": {"type": "Point", "coordinates": [-113.48593, 53.549509]}, "properties": {"N_calm": 22.0, "N_calm_n": 1, "N_low": 11.0, "N_low_n": 1, "N_med": 0.0, "N_med_n": 0, "N_high": 0.0, "N_high_n": 0, "N_mean": 16.5, "N_n": 2, "overall_mean": 11.8, "n_total": 161, "station": "Edmonton McCauley", "pollutant": "Nitrogen Dioxide", "period": "Last 7 Days", "start_date": "2026-09-28 19:00", "end_date": "2026-10-05 18:00", "dominant_dir": "E", "dominant_value": 24.0, "dominant_percent": 1.2, "NNE_calm": 12.0, "NNE_calm_n": 1, "NNE_low": 0.0, "NNE_low_n": 0, "NNE_med": 0.0, "NNE_med_n": 0, "NNE_high": 0.0, "NNE_high_n": 0, "NNE_mean": 12.0, "NNE_n": 1, "NE_calm": 0.0, "NE_calm_n": 0, "NE_low": 0.0, "NE_low_n": 0, "NE_med": 0.0, "NE_med_n": 0, "NE_high": 0.0, "NE_high_n": 0, "NE_mean": 0, "NE_n": 0, "ENE_calm": 0.0, "ENE_calm_n": 0, "ENE_low": 17.0, "ENE_low_n": 1, "ENE_med": 0.0, "ENE_med_n": 0, "ENE_high": 0.0, "ENE_high_n": 0, "ENE_mean": 17.0, "ENE_n": 1, "E_calm": 25.0, "E_calm_n": 1, "E_low": 23.0, "E_low_n": 1, "E_med": 0.0, "E_med_n": 0, "E_high": 0.0, "E_high_n": 0, "E_mean": 24.0, "E_n": 2, "ESE_calm": 20.0, "ESE_calm_n": 2, "ESE_low": 19.17, "ESE_low_n": 6, "ESE_med": 0.0, "ESE_med_n": 0, "ESE_high": 0.0, "ESE_high_n": 0, "ESE_mean": 19.38, "ESE_n": 8, "SE_calm": 0.0, "SE_calm_n": 0, "SE_low": 14.83, "SE_low_n": 18, "SE_med": 0.0, "SE_med_n": 0, "SE_high": 0.0, "SE_high_n": 0, "SE_mean": 14.83, "SE_n": 18, "SSE_calm": 0.0, "SSE_calm_n": 0, "SSE_low": 14.55, "SSE_low_n": 11, "SSE_med": 2.0, "SSE_med_n": 7, "SSE_high": 0.0, "SSE_high_n": 0, "SSE_mean": 9.67, "SSE_n": 18, "S_calm": 0.0, "S_calm_n": 0, "S_low": 11.17, "S_low_n": 6, "S_med": 0.0, "S_med_n": 0, "S_high": 0.0, "S_high_n": 0, "S_mean": 11.17, "S_n": 6, "SSW_calm": 0.0, "SSW_calm_n": 0, "SSW_low": 10.2, "SSW_low_n": 5, "SSW_med": 0.0, "SSW_med_n": 0, "SSW_high": 0.0, "SSW_high_n": 0, "SSW_mean": 10.2, "SSW_n": 5, "SW_calm": 0.0, "SW_calm_n": 0, "SW_low": 7.33, "SW_low_n": 3, "SW_med": 0.0, "SW_med_n": 0, "SW_high": 0.0, "SW_high_n": 0, "SW_mean": 7.33, "SW_n": 3, "WSW_calm": 0.0, "WSW_calm_n": 0, "WSW_low": 10.56, "WSW_low_n": 9, "WSW_med": 4.0, "WSW_med_n": 1, "WSW_high": 0.0, "WSW_high_n": 0, "WSW_mean": 9.9, "WSW_n": 10, "W_calm": 0.0, "W_calm_n": 0, "W_low": 12.22, "W_low_n": 36, "W_med": 8.8, "W_med_n": 5, "W_high": 0.0, "W_high_n": 0, "W_mean": 11.8, "W_n": 41, "WNW_calm": 0.0, "WNW_calm_n": 0, "WNW_low": 18.85, "WNW_low_n": 13, "WNW_med": 4.8, "WNW_med_n": 10, "WNW_high": 0.0, "WNW_high_n": 0, "WNW_mean": 12.74, "WNW_n": 23, "NW_calm": 20.0, "NW_calm_n": 1, "NW_low": 7.42, "NW_low_n": 12, "NW_med": 3.17, "NW_med_n": 6, "NW_high": 0.0, "NW_high_n": 0, "NW_mean": 6.74, "NW_n": 19, "NNW_calm": 0.0, "NNW_calm_n": 0, "NNW_low": 12.25, "NNW_low_n": 4, "NNW_med": 0.0, "NNW_med_n": 0, "NNW_high": 0.0, "NNW_high_n": 0, "NNW_mean": 12.25, "NNW_n": 4, "calm_percent": 3.7}}, {"type": "Feature", "geometry": {"type": "Point", "coordinates": [-113.41473, 53.54925]}, "properties": {"N_calm": 0.0, "N_calm_n": 0, "N_low": 17.5, "N_low_n": 2, "N_med": 0.0, "N_med_n": 0, "N_high": 0.0, "N_high_n": 0, "N_mean": 17.5, "N_n": 2, "overall_mean": 12.5, "n_total": 163, "station": "Edmonton-Gold Bar", "pollutant": "Nitrogen Dioxide", "period": "Last 7 Days", "start_date": "2026-09-28 19:00", "end_date": "2026-10-05 17:00", "dominant_dir": "ENE", "dominant_value": 19.5, "dominant_percent": 1.2, "NNE_calm": 0.0, "NNE_calm_n": 0, "NNE_low": 19.0, "NNE_low_n": 1, "NNE_med": 0.0, "NNE_med_n": 0, "NNE_high": 0.0, "NNE_high_n": 0, "NNE_mean": 19.0, "NNE_n": 1, "NE_calm": 0.0, "NE_calm_n": 0, "NE_low": 19.0, "NE_low_n": 1, "NE_med": 0.0, "NE_med_n": 0, "NE_high": 0.0, "NE_high_n": 0, "NE_mean": 19.0, "NE_n": 1, "ENE_calm": 0.0, "ENE_calm_n": 0, "ENE_low": 19.5, "ENE_low_n": 2, "ENE_med": 0.0, "ENE_med_n": 0, "ENE_high": 0.0, "ENE_high_n": 0, "ENE_mean": 19.5, "ENE_n": 2, "E_calm": 0.0, "E_calm_n": 0, "E_low": 0.0, "E_low_n": 0, "E_med": 0.0, "E_med_n": 0, "E_high": 0.0, "E_high_n": 0, "E_mean": 0, "E_n": 0, "ESE_calm": 0.0, "ESE_calm_n": 0, "ESE_low": 10.0, "ESE_low_n": 1, "ESE_med": 0.0, "ESE_med_n": 0, "ESE_high": 0.0, "ESE_high_n": 0, "ESE_mean": 10.0, "ESE_n": 1, "SE_calm": 22.0, "SE_calm_n": 1, "SE_low": 3.75, "SE_low_n": 4, "SE_med": 2.0, "SE_med_n": 2, "SE_high": 0.0, "SE_high_n": 0, "SE_mean": 5.86, "SE_n": 7, "SSE_calm": 0.0, "SSE_calm_n": 0, "SSE_low": 19.17, "SSE_low_n": 12, "SSE_med": 2.5, "SSE_med_n": 4, "SSE_high": 0.0, "SSE_high_n": 0, "SSE_mean": 15.0, "SSE_n": 16, "S_calm": 0.0, "S_calm_n": 0, "S_low": 19.28, "S_low_n": 18, "S_med": 0.0, "S_med_n": 0, "S_high": 0.0, "S_high_n": 0, "S_mean": 19.28, "S_n": 18, "SSW_calm": 0.0, "SSW_calm_n": 0, "SSW_low": 16.26, "SSW_low_n": 31, "SSW_med": 0.0, "SSW_med_n": 0, "SSW_high": 0.0, "SSW_high_n": 0, "SSW_mean": 16.26, "SSW_n": 31, "SW_calm": 0.0, "SW_calm_n": 0, "SW_low": 12.28, "SW_low_n": 18, "SW_med": 0.0, "SW_med_n": 0, "SW_high": 0.0, "SW_high_n": 0, "SW_mean": 12.28, "SW_n": 18, "WSW_calm": 0.0, "WSW_calm_n": 0, "WSW_low": 9.85, "WSW_low_n": 13, "WSW_med": 0.0, "WSW_med_n": 0, "WSW_high": 0.0, "WSW_high_n": 0, "WSW_mean": 9.85, "WSW_n": 13, "W_calm": 18.0, "W_calm_n": 1, "W_low": 14.67, "W_low_n": 9, "W_med": 8.0, "W_med_n": 3, "W_high": 0.0, "W_high_n": 0, "W_mean": 13.38, "W_n": 13, "WNW_calm": 0.0, "WNW_calm_n": 0, "WNW_low": 11.83, "WNW_low_n": 6, "WNW_med": 3.47, "WNW_med_n": 17, "WNW_high": 0.0, "WNW_high_n": 0, "WNW_mean": 5.65, "WNW_n": 23, "NW_calm": 0.0, "NW_calm_n": 0, "NW_low": 6.56, "NW_low_n": 9, "NW_med": 4.5, "NW_med_n": 4, "NW_high": 0.0, "NW_high_n": 0, "NW_mean": 5.92, "NW_n": 13, "NNW_calm": 0.0, "NNW_calm_n": 0, "NNW_low": 15.33, "NNW_low_n": 3, "NNW_med": 7.0, "NNW_med_n": 1, "NNW_high": 0.0, "NNW_high_n": 0, "NNW_mean": 13.25, "NNW_n": 4, "calm_percent": 1.2}}, {"type": "Feature", "geometry": {"type": "Point", "coordinates": [-116.392778, 53.593611]}, "properties": {"N_calm": 0.0, "N_calm_n": 0, "N_low": 3.75, "N_low_n": 4, "N_med": 0.0, "N_med_n": 0, "N_high": 0.0, "N_high_n": 0, "N_mean": 3.75, "N_n": 4, "overall_mean": 5.16, "n_total": 160, "station": "Edson", "pollutant": "Nitrogen Dioxide", "period": "Last 7 Days", "start_date": "2026-09-28 19:00", "end_date": "2026-10-05 17:00", "dominant_dir": "SE", "dominant_value": 8.0, "dominant_percent": 0.6, "NNE_calm": 0.0, "NNE_calm_n": 0, "NNE_low": 3.11, "NNE_low_n": 9, "NNE_med": 2.6, "NNE_med_n": 5, "NNE_high": 0.0, "NNE_high_n": 0, "NNE_mean": 2.93, "NNE_n": 14, "NE_calm": 0.0, "NE_calm_n": 0, "NE_low": 3.83, "NE_low_n": 6, "NE_med": 1.0, "NE_med_n": 1, "NE_high": 0.0, "NE_high_n": 0, "NE_mean": 3.43, "NE_n": 7, "ENE_calm": 0.0, "ENE_calm_n": 0, "ENE_low": 6.25, "ENE_low_n": 4, "ENE_med": 2.0, "ENE_med_n": 1, "ENE_high": 0.0, "ENE_high_n": 0, "ENE_mean": 5.4, "ENE_n": 5, "E_calm": 0.0, "E_calm_n": 0, "E_low": 2.33, "E_low_n": 3, "E_med": 0.0, "E_med_n": 0, "E_high": 0.0, "E_high_n": 0, "E_mean": 2.33, "E_n": 3, "ESE_calm": 0.0, "ESE_calm_n": 0, "ESE_low": 5.5, "ESE_low_n": 2, "ESE_med": 0.0, "ESE_med_n": 0, "ESE_high": 0.0, "ESE_high_n": 0, "ESE_mean": 5.5, "ESE_n": 2, "SE_calm": 8.0, "SE_calm_n": 1, "SE_low": 0.0, "SE_low_n": 0, "SE_med": 0.0, "SE_med_n": 0, "SE_high": 0.0, "SE_high_n": 0, "SE_mean": 8.0, "SE_n": 1, "SSE_calm": 0.0, "SSE_calm_n": 0, "SSE_low": 4.0, "SSE_low_n": 2, "SSE_med": 0.0, "SSE_med_n": 0, "SSE_high": 0.0, "SSE_high_n": 0, "SSE_mean": 4.0, "SSE_n": 2, "S_calm": 0.0, "S_calm_n": 0, "S_low": 0.0, "S_low_n": 0, "S_med": 0.0, "S_med_n": 0, "S_high": 0.0, "S_high_n": 0, "S_mean": 0, "S_n": 0, "SSW_calm": 0.0, "SSW_calm_n": 0, "SSW_low": 4.0, "SSW_low_n": 1, "SSW_med": 0.0, "SSW_med_n": 0, "SSW_high": 0.0, "SSW_high_n": 0, "SSW_mean": 4.0, "SSW_n": 1, "SW_calm": 7.33, "SW_calm_n": 3, "SW_low": 4.38, "SW_low_n": 8, "SW_med": 0.0, "SW_med_n": 0, "SW_high": 0.0, "SW_high_n": 0, "SW_mean": 5.18, "SW_n": 11, "WSW_calm": 6.0, "WSW_calm_n": 1, "WSW_low": 8.38, "WSW_low_n": 37, "WSW_med": 1.33, "WSW_med_n": 3, "WSW_high": 0.0, "WSW_high_n": 0, "WSW_mean": 7.8, "WSW_n": 41, "W_calm": 0.0, "W_calm_n": 0, "W_low": 6.88, "W_low_n": 40, "W_med": 0.0, "W_med_n": 0, "W_high": 0.0, "W_high_n": 0, "W_mean": 6.88, "W_n": 40, "WNW_calm": 0.0, "WNW_calm_n": 0, "WNW_low": 2.0, "WNW_low_n": 6, "WNW_med": 0.1, "WNW_med_n": 10, "WNW_high": 0.0, "WNW_high_n": 0, "WNW_mean": 0.81, "WNW_n": 16, "NW_calm": 0.0, "NW_calm_n": 0, "NW_low": 1.33, "NW_low_n": 9, "NW_med": 0.0, "NW_med_n": 2, "NW_high": 0.0, "NW_high_n": 0, "NW_mean": 1.09, "NW_n": 11, "NNW_calm": 0.0, "NNW_calm_n": 0, "NNW_low": 1.5, "NNW_low_n": 2, "NNW_med": 0.0, "NNW_med_n": 0, "NNW_high": 0.0, "NNW_high_n": 0, "NNW_mean": 1.5, "NNW_n": 2, "calm_percent": 3.1}}, {"type": "Feature", "geometry": {"type": "Point", "coordinates": [-112.8681, 53.6824]}, "properties": {"N_calm": 3.0, "N_calm_n": 1, "N_low": 0.0, "N_low_n": 0, "N_med": 0.0, "N_med_n": 0, "N_high": 0.0, "N_high_n": 0, "N_mean": 3.0, "N_n": 1, "overall_mean": 3.56, "n_total": 128, "station": "Elk Island", "pollutant": "Nitrogen Dioxide", "period": "Last 7 Days", "start_date": "2026-09-28 23:00", "end_date": "2026-10-05 16:00", "dominant_dir": "W", "dominant_value": 5.72, "dominant_percent": 25.0, "NNE_calm": 2.0, "NNE_calm_n": 1, "NNE_low": 0.0, "NNE_low_n": 0, "NNE_med": 0.0, "NNE_med_n": 0, "NNE_high": 0.0, "NNE_high_n": 0, "NNE_mean": 2.0, "NNE_n": 1, "NE_calm": 0.0, "NE_calm_n": 0, "NE_low": 0.0, "NE_low_n": 0, "NE_med": 0.0, "NE_med_n": 0, "NE_high": 0.0, "NE_high_n": 0, "NE_mean": 0, "NE_n": 0, "ENE_calm": 0.0, "ENE_calm_n": 0, "ENE_low": 0.0, "ENE_low_n": 0, "ENE_med": 0.0, "ENE_med_n": 0, "ENE_high": 0.0, "ENE_high_n": 0, "ENE_mean": 0, "ENE_n": 0, "E_calm": 0.0, "E_calm_n": 0, "E_low": 0.0, "E_low_n": 0, "E_med": 0.0, "E_med_n": 0, "E_high": 0.0, "E_high_n": 0, "E_mean": 0, "E_n": 0, "ESE_calm": 1.0, "ESE_calm_n": 2, "ESE_low": 1.5, "ESE_low_n": 4, "ESE_med": 0.0, "ESE_med_n": 0, "ESE_high": 0.0, "ESE_high_n": 0, "ESE_mean": 1.33, "ESE_n": 6, "SE_calm": 1.33, "SE_calm_n": 3, "SE_low": 1.0, "SE_low_n": 5, "SE_med": 1.0, "SE_med_n": 11, "SE_high": 0.0, "SE_high_n": 0, "SE_mean": 1.05, "SE_n": 19, "SSE_calm": 1.67, "SSE_calm_n": 3, "SSE_low": 1.38, "SSE_low_n": 8, "SSE_med": 1.0, "SSE_med_n": 1, "SSE_high": 0.0, "SSE_high_n": 0, "SSE_mean": 1.42, "SSE_n": 12, "S_calm": 1.0, "S_calm_n": 1, "S_low": 1.0, "S_low_n": 2, "S_med": 0.0, "S_med_n": 0, "S_high": 0.0, "S_high_n": 0, "S_mean": 1.0, "S_n": 3, "SSW_calm": 2.0, "SSW_calm_n": 2, "SSW_low": 0.0, "SSW_low_n": 0, "SSW_med": 0.0, "SSW_med_n": 0, "SSW_high": 0.0, "SSW_high_n": 0, "SSW_mean": 2.0, "SSW_n": 2, "SW_calm": 1.0, "SW_calm_n": 2, "SW_low": 0.0, "SW_low_n": 0, "SW_med": 0.0, "SW_med_n": 0, "SW_high": 0.0, "SW_high_n": 0, "SW_mean": 1.0, "SW_n": 2, "WSW_calm": 5.5, "WSW_calm_n": 8, "WSW_low": 2.0, "WSW_low_n": 3, "WSW_med": 0.0, "WSW_med_n": 0, "WSW_high": 0.0, "WSW_high_n": 0, "WSW_mean": 4.55, "WSW_n": 11, "W_calm": 6.4, "W_calm_n": 20, "W_low": 4.58, "W_low_n": 12, "W_med": 0.0, "W_med_n": 0, "W_high": 0.0, "W_high_n": 0, "W_mean": 5.72, "W_n": 32, "WNW_calm": 5.6, "WNW_calm_n": 5, "WNW_low": 5.0, "WNW_low_n": 23, "WNW_med": 0.0, "WNW_med_n": 2, "WNW_high": 0.0, "WNW_high_n": 0, "WNW_mean": 4.77, "WNW_n": 30, "NW_calm": 3.0, "NW_calm_n": 1, "NW_low": 3.2, "NW_low_n": 5, "NW_med": 0.0, "NW_med_n": 1, "NW_high": 0.0, "NW_high_n": 0, "NW_mean": 2.71, "NW_n": 7, "NNW_calm": 1.0, "NNW_calm_n": 1, "NNW_low": 1.0, "NNW_low_n": 1, "NNW_med": 0.0, "NNW_med_n": 0, "NNW_high": 0.0, "NNW_high_n": 0, "NNW_mean": 1.0, "NNW_n": 2, "calm_percent": 39.1}}, {"type": "Feature", "geometry": {"type": "Point", "coordinates": [-111.722081, 57.24118]}, "properties": {"N_calm": 0.0, "N_calm_n": 0, "N_low": 0.0, "N_low_n": 0, "N_med": 0.0, "N_med_n": 0, "N_high": 0.0, "N_high_n": 0, "N_mean": 0, "N_n": 0, "overall_mean": 4.28, "n_total": 159, "station": "Ells River", "pollutant": "Nitrogen Dioxide", "period": "Last 7 Days", "start_date": "2026-09-28 19:00", "end_date": "2026-10-05 16:00", "dominant_dir": "E", "dominant_value": 12.0, "dominant_percent": 1.9, "NNE_calm": 0.0, "NNE_calm_n": 0, "NNE_low": 8.0, "NNE_low_n": 1, "NNE_med": 0.0, "NNE_med_n": 0, "NNE_high": 0.0, "NNE_high_n": 0, "NNE_mean": 8.0, "NNE_n": 1, "NE_calm": 0.0, "NE_calm_n": 0, "NE_low": 0.0, "NE_low_n": 0, "NE_med": 0.0, "NE_med_n": 0, "NE_high": 0.0, "NE_high_n": 0, "NE_mean": 0, "NE_n": 0, "ENE_calm": 0.0, "ENE_calm_n": 0, "ENE_low": 0.0, "ENE_low_n": 0, "ENE_med": 0.0, "ENE_med_n": 0, "ENE_high": 0.0, "ENE_high_n": 0, "ENE_mean": 0, "ENE_n": 0, "E_calm": 16.0, "E_calm_n": 1, "E_low": 10.0, "E_low_n": 2, "E_med": 0.0, "E_med_n": 0, "E_high": 0.0, "E_high_n": 0, "E_mean": 12.0, "E_n": 3, "ESE_calm": 9.0, "ESE_calm_n": 1, "ESE_low": 9.0, "ESE_low_n": 2, "ESE_med": 0.0, "ESE_med_n": 0, "ESE_high": 0.0, "ESE_high_n": 0, "ESE_mean": 9.0, "ESE_n": 3, "SE_calm": 0.0, "SE_calm_n": 0, "SE_low": 6.62, "SE_low_n": 8, "SE_med": 13.67, "SE_med_n": 3, "SE_high": 0.0, "SE_high_n": 0, "SE_mean": 8.55, "SE_n": 11, "SSE_calm": 0.0, "SSE_calm_n": 0, "SSE_low": 5.29, "SSE_low_n": 14, "SSE_med": 5.75, "SSE_med_n": 8, "SSE_high": 0.0, "SSE_high_n": 0, "SSE_mean": 5.45, "SSE_n": 22, "S_calm": 0.0, "S_calm_n": 0, "S_low": 4.0, "S_low_n": 19, "S_med": 5.62, "S_med_n": 8, "S_high": 0.0, "S_high_n": 0, "S_mean": 4.48, "S_n": 27, "SSW_calm": 3.0, "SSW_calm_n": 1, "SSW_low": 2.73, "SSW_low_n": 11, "SSW_med": 1.0, "SSW_med_n": 3, "SSW_high": 0.0, "SSW_high_n": 0, "SSW_mean": 2.4, "SSW_n": 15, "SW_calm": 0.0, "SW_calm_n": 0, "SW_low": 3.12, "SW_low_n": 8, "SW_med": 1.0, "SW_med_n": 5, "SW_high": 0.0, "SW_high_n": 0, "SW_mean": 2.31, "SW_n": 13, "WSW_calm": 2.0, "WSW_calm_n": 3, "WSW_low": 3.0, "WSW_low_n": 8, "WSW_med": 2.0, "WSW_med_n": 3, "WSW_high": 0.0, "WSW_high_n": 0, "WSW_mean": 2.57, "WSW_n": 14, "W_calm": 5.0, "W_calm_n": 1, "W_low": 7.0, "W_low_n": 9, "W_med": 1.0, "W_med_n": 10, "W_high": 0.0, "W_high_n": 0, "W_mean": 3.9, "W_n": 20, "WNW_calm": 0.0, "WNW_calm_n": 0, "WNW_low": 1.5, "WNW_low_n": 4, "WNW_med": 1.08, "WNW_med_n": 13, "WNW_high": 0.0, "WNW_high_n": 0, "WNW_mean": 1.18, "WNW_n": 17, "NW_calm": 0.0, "NW_calm_n": 0, "NW_low": 9.0, "NW_low_n": 1, "NW_med": 2.57, "NW_med_n": 7, "NW_high": 0.0, "NW_high_n": 0, "NW_mean": 3.38, "NW_n": 8, "NNW_calm": 0.0, "NNW_calm_n": 0, "NNW_low": 10.0, "NNW_low_n": 3, "NNW_med": 8.5, "NNW_med_n": 2, "NNW_high": 0.0, "NNW_high_n": 0, "NNW_mean": 9.4, "NNW_n": 5, "calm_percent": 4.4}}, {"type": "Feature", "geometry": {"type": "Point", "coordinates": [-113.7607143, 53.4980544]}, "properties": {"N_calm": 0.0, "N_calm_n": 0, "N_low": 10.0, "N_low_n": 2, "N_med": 0.0, "N_med_n": 0, "N_high": 0.0, "N_high_n": 0, "N_mean": 10.0, "N_n": 2, "overall_mean": 6.42, "n_total": 160, "station": "Enoch", "pollutant": "Nitrogen Dioxide", "period": "Last 7 Days", "start_date": "2026-09-28 19:00", "end_date": "2026-10-05 17:00", "dominant_dir": "ENE", "dominant_value": 13.33, "dominant_percent": 1.9, "NNE_calm": 11.0, "NNE_calm_n": 1, "NNE_low": 0.0, "NNE_low_n": 0, "NNE_med": 0.0, "NNE_med_n": 0, "NNE_high": 0.0, "NNE_high_n": 0, "NNE_mean": 11.0, "NNE_n": 1, "NE_calm": 0.0, "NE_calm_n": 0, "NE_low": 0.0, "NE_low_n": 0, "NE_med": 0.0, "NE_med_n": 0, "NE_high": 0.0, "NE_high_n": 0, "NE_mean": 0, "NE_n": 0, "ENE_calm": 16.0, "ENE_calm_n": 2, "ENE_low": 8.0, "ENE_low_n": 1, "ENE_med": 0.0, "ENE_med_n": 0, "ENE_high": 0.0, "ENE_high_n": 0, "ENE_mean": 13.33, "ENE_n": 3, "E_calm": 6.17, "E_calm_n": 6, "E_low": 5.12, "E_low_n": 8, "E_med": 0.0, "E_med_n": 0, "E_high": 0.0, "E_high_n": 0, "E_mean": 5.57, "E_n": 14, "ESE_calm": 11.5, "ESE_calm_n": 2, "ESE_low": 5.67, "ESE_low_n": 6, "ESE_med": 0.0, "ESE_med_n": 0, "ESE_high": 0.0, "ESE_high_n": 0, "ESE_mean": 7.12, "ESE_n": 8, "SE_calm": 0.0, "SE_calm_n": 0, "SE_low": 1.5, "SE_low_n": 6, "SE_med": 1.0, "SE_med_n": 2, "SE_high": 0.0, "SE_high_n": 0, "SE_mean": 1.38, "SE_n": 8, "SSE_calm": 8.5, "SSE_calm_n": 2, "SSE_low": 5.0, "SSE_low_n": 2, "SSE_med": 1.0, "SSE_med_n": 2, "SSE_high": 0.0, "SSE_high_n": 0, "SSE_mean": 4.83, "SSE_n": 6, "S_calm": 16.0, "S_calm_n": 1, "S_low": 5.5, "S_low_n": 2, "S_med": 0.0, "S_med_n": 0, "S_high": 0.0, "S_high_n": 0, "S_mean": 9.0, "S_n": 3, "SSW_calm": 15.8, "SSW_calm_n": 5, "SSW_low": 9.88, "SSW_low_n": 8, "SSW_med": 0.0, "SSW_med_n": 0, "SSW_high": 0.0, "SSW_high_n": 0, "SSW_mean": 12.15, "SSW_n": 13, "SW_calm": 14.5, "SW_calm_n": 2, "SW_low": 7.0, "SW_low_n": 19, "SW_med": 4.25, "SW_med_n": 4, "SW_high": 0.0, "SW_high_n": 0, "SW_mean": 7.16, "SW_n": 25, "WSW_calm": 19.0, "WSW_calm_n": 1, "WSW_low": 5.24, "WSW_low_n": 21, "WSW_med": 3.0, "WSW_med_n": 2, "WSW_high": 0.0, "WSW_high_n": 0, "WSW_mean": 5.62, "WSW_n": 24, "W_calm": 13.0, "W_calm_n": 1, "W_low": 5.42, "W_low_n": 12, "W_med": 5.0, "W_med_n": 1, "W_high": 0.0, "W_high_n": 0, "W_mean": 5.93, "W_n": 14, "WNW_calm": 19.0, "WNW_calm_n": 1, "WNW_low": 6.5, "WNW_low_n": 8, "WNW_med": 2.76, "WNW_med_n": 17, "WNW_high": 0.0, "WNW_high_n": 0, "WNW_mean": 4.54, "WNW_n": 26, "NW_calm": 0.0, "NW_calm_n": 0, "NW_low": 5.5, "NW_low_n": 4, "NW_med": 4.0, "NW_med_n": 2, "NW_high": 0.0, "NW_high_n": 0, "NW_mean": 5.0, "NW_n": 6, "NNW_calm": 0.0, "NNW_calm_n": 0, "NNW_low": 8.75, "NNW_low_n": 4, "NNW_med": 5.33, "NNW_med_n": 3, "NNW_high": 0.0, "NNW_high_n": 0, "NNW_mean": 7.29, "NNW_n": 7, "calm_percent": 15.0}}, {"type": "Feature", "geometry": {"type": "Point", "coordinates": [-110.90004, 57.23732]}, "properties": {"N_calm": 0.0, "N_calm_n": 0, "N_low": 5.0, "N_low_n": 3, "N_med": 0.0, "N_med_n": 0, "N_high": 0.0, "N_high_n": 0, "N_mean": 5.0, "N_n": 3, "overall_mean": 4.21, "n_total": 160, "station": "Firebag", "pollutant": "Nitrogen Dioxide", "period": "Last 7 Days", "start_date": "2026-09-28 19:00", "end_date": "2026-10-05 17:00", "dominant_dir": "NE", "dominant_value": 7.33, "dominant_percent": 1.9, "NNE_calm": 0.0, "NNE_calm_n": 0, "NNE_low": 1.0, "NNE_low_n": 1, "NNE_med": 0.0, "NNE_med_n": 0, "NNE_high": 0.0, "NNE_high_n": 0, "NNE_mean": 1.0, "NNE_n": 1, "NE_calm": 3.0, "NE_calm_n": 1, "NE_low": 9.5, "NE_low_n": 2, "NE_med": 0.0, "NE_med_n": 0, "NE_high": 0.0, "NE_high_n": 0, "NE_mean": 7.33, "NE_n": 3, "ENE_calm": 0.0, "ENE_calm_n": 0, "ENE_low": 2.33, "ENE_low_n": 3, "ENE_med": 0.0, "ENE_med_n": 0, "ENE_high": 0.0, "ENE_high_n": 0, "ENE_mean": 2.33, "ENE_n": 3, "E_calm": 0.0, "E_calm_n": 0, "E_low": 0.0, "E_low_n": 0, "E_med": 0.0, "E_med_n": 0, "E_high": 0.0, "E_high_n": 0, "E_mean": 0, "E_n": 0, "ESE_calm": 0.0, "ESE_calm_n": 0, "ESE_low": 0.0, "ESE_low_n": 0, "ESE_med": 0.0, "ESE_med_n": 0, "ESE_high": 0.0, "ESE_high_n": 0, "ESE_mean": 0, "ESE_n": 0, "SE_calm": 0.0, "SE_calm_n": 0, "SE_low": 3.0, "SE_low_n": 1, "SE_med": 0.0, "SE_med_n": 0, "SE_high": 0.0, "SE_high_n": 0, "SE_mean": 3.0, "SE_n": 1, "SSE_calm": 0.0, "SSE_calm_n": 0, "SSE_low": 6.0, "SSE_low_n": 3, "SSE_med": 1.4, "SSE_med_n": 5, "SSE_high": 0.0, "SSE_high_n": 0, "SSE_mean": 3.12, "SSE_n": 8, "S_calm": 0.0, "S_calm_n": 0, "S_low": 9.75, "S_low_n": 4, "S_med": 1.14, "S_med_n": 7, "S_high": 1.25, "S_high_n": 4, "S_mean": 3.47, "S_n": 15, "SSW_calm": 0.0, "SSW_calm_n": 0, "SSW_low": 7.86, "SSW_low_n": 7, "SSW_med": 2.39, "SSW_med_n": 23, "SSW_high": 1.0, "SSW_high_n": 1, "SSW_mean": 3.58, "SSW_n": 31, "SW_calm": 0.0, "SW_calm_n": 0, "SW_low": 6.5, "SW_low_n": 2, "SW_med": 2.86, "SW_med_n": 14, "SW_high": 0.0, "SW_high_n": 0, "SW_mean": 3.31, "SW_n": 16, "WSW_calm": 0.0, "WSW_calm_n": 0, "WSW_low": 10.67, "WSW_low_n": 3, "WSW_med": 2.54, "WSW_med_n": 13, "WSW_high": 0.0, "WSW_high_n": 0, "WSW_mean": 4.06, "WSW_n": 16, "W_calm": 0.0, "W_calm_n": 0, "W_low": 8.88, "W_low_n": 8, "W_med": 2.67, "W_med_n": 3, "W_high": 0.0, "W_high_n": 0, "W_mean": 7.18, "W_n": 11, "WNW_calm": 0.0, "WNW_calm_n": 0, "WNW_low": 6.5, "WNW_low_n": 2, "WNW_med": 2.39, "WNW_med_n": 18, "WNW_high": 0.0, "WNW_high_n": 0, "WNW_mean": 2.8, "WNW_n": 20, "NW_calm": 0.0, "NW_calm_n": 0, "NW_low": 7.14, "NW_low_n": 7, "NW_med": 1.8, "NW_med_n": 5, "NW_high": 0.0, "NW_high_n": 0, "NW_mean": 4.92, "NW_n": 12, "NNW_calm": 0.0, "NNW_calm_n": 0, "NNW_low": 13.5, "NNW_low_n": 6, "NNW_med": 3.38, "NNW_med_n": 13, "NNW_high": 1.0, "NNW_high_n": 1, "NNW_mean": 6.3, "NNW_n": 20, "calm_percent": 0.6}}, {"type": "Feature", "geometry": {"type": "Point", "coordinates": [-111.1764, 58.7084]}, "properties": {"N_calm": 0.0, "N_calm_n": 0, "N_low": 0.0, "N_low_n": 3, "N_med": 0.0, "N_med_n": 0, "N_high": 0.0, "N_high_n": 0, "N_mean": 0.0, "N_n": 3, "overall_mean": 1.06, "n_total": 155, "station": "Fort Chipewyan", "pollutant": "Nitrogen Dioxide", "period": "Last 7 Days", "start_date": "2026-09-28 19:00", "end_date": "2026-10-05 17:00", "dominant_dir": "SSW", "dominant_value": 3.38, "dominant_percent": 8.4, "NNE_calm": 0.0, "NNE_calm_n": 0, "NNE_low": 0.0, "NNE_low_n": 0, "NNE_med": 0.0, "NNE_med_n": 1, "NNE_high": 0.0, "NNE_high_n": 0, "NNE_mean": 0.0, "NNE_n": 1, "NE_calm": 0.0, "NE_calm_n": 0, "NE_low": 0.0, "NE_low_n": 0, "NE_med": 0.0, "NE_med_n": 0, "NE_high": 0.0, "NE_high_n": 0, "NE_mean": 0, "NE_n": 0, "ENE_calm": 0.0, "ENE_calm_n": 0, "ENE_low": 1.67, "ENE_low_n": 3, "ENE_med": 1.5, "ENE_med_n": 2, "ENE_high": 0.0, "ENE_high_n": 0, "ENE_mean": 1.6, "ENE_n": 5, "E_calm": 0.0, "E_calm_n": 0, "E_low": 4.33, "E_low_n": 3, "E_med": 1.0, "E_med_n": 2, "E_high": 0.0, "E_high_n": 0, "E_mean": 3.0, "E_n": 5, "ESE_calm": 0.0, "ESE_calm_n": 0, "ESE_low": 0.5, "ESE_low_n": 2, "ESE_med": 0.0, "ESE_med_n": 4, "ESE_high": 0.0, "ESE_high_n": 3, "ESE_mean": 0.11, "ESE_n": 9, "SE_calm": 0.0, "SE_calm_n": 0, "SE_low": 5.67, "SE_low_n": 3, "SE_med": 0.0, "SE_med_n": 6, "SE_high": 0.0, "SE_high_n": 0, "SE_mean": 1.89, "SE_n": 9, "SSE_calm": 0.0, "SSE_calm_n": 0, "SSE_low": 3.75, "SSE_low_n": 4, "SSE_med": 0.83, "SSE_med_n": 6, "SSE_high": 0.0, "SSE_high_n": 0, "SSE_mean": 2.0, "SSE_n": 10, "S_calm": 0.0, "S_calm_n": 0, "S_low": 2.33, "S_low_n": 3, "S_med": 3.5, "S_med_n": 4, "S_high": 2.0, "S_high_n": 1, "S_mean": 2.88, "S_n": 8, "SSW_calm": 0.0, "SSW_calm_n": 0, "SSW_low": 4.0, "SSW_low_n": 4, "SSW_med": 3.11, "SSW_med_n": 9, "SSW_high": 0.0, "SSW_high_n": 0, "SSW_mean": 3.38, "SSW_n": 13, "SW_calm": 0.0, "SW_calm_n": 0, "SW_low": 1.82, "SW_low_n": 11, "SW_med": 0.0, "SW_med_n": 2, "SW_high": 0.0, "SW_high_n": 0, "SW_mean": 1.54, "SW_n": 13, "WSW_calm": 0.0, "WSW_calm_n": 0, "WSW_low": 0.25, "WSW_low_n": 8, "WSW_med": 0.86, "WSW_med_n": 7, "WSW_high": 0.0, "WSW_high_n": 0, "WSW_mean": 0.53, "WSW_n": 15, "W_calm": 0.0, "W_calm_n": 0, "W_low": 0.3, "W_low_n": 10, "W_med": 0.17, "W_med_n": 12, "W_high": 0.0, "W_high_n": 0, "W_mean": 0.23, "W_n": 22, "WNW_calm": 0.0, "WNW_calm_n": 0, "WNW_low": 0.14, "WNW_low_n": 14, "WNW_med": 0.0, "WNW_med_n": 3, "WNW_high": 0.0, "WNW_high_n": 0, "WNW_mean": 0.12, "WNW_n": 17, "NW_calm": 0.0, "NW_calm_n": 0, "NW_low": 0.17, "NW_low_n": 6, "NW_med": 0.07, "NW_med_n": 15, "NW_high": 0.0, "NW_high_n": 0, "NW_mean": 0.1, "NW_n": 21, "NNW_calm": 0.0, "NNW_calm_n": 0, "NNW_low": 0.0, "NNW_low_n": 4, "NNW_med": 0.0, "NNW_med_n": 0, "NNW_high": 0.0, "NNW_high_n": 0, "NNW_mean": 0.0, "NNW_n": 4, "calm_percent": 0.0}}, {"type": "Feature", "geometry": {"type": "Point", "coordinates": [-111.63969, 57.3489]}, "properties": {"N_calm": 0.0, "N_calm_n": 0, "N_low": 18.67, "N_low_n": 3, "N_med": 24.5, "N_med_n": 2, "N_high": 0.0, "N_high_n": 0, "N_mean": 21.0, "N_n": 5, "overall_mean": 6.74, "n_total": 160, "station": "Fort Hills", "pollutant": "Nitrogen Dioxide", "period": "Last 7 Days", "start_date": "2026-09-28 19:00", "end_date": "2026-10-05 17:00", "dominant_dir": "N", "dominant_value": 21.0, "dominant_percent": 3.1, "NNE_calm": 0.0, "NNE_calm_n": 0, "NNE_low": 0.0, "NNE_low_n": 0, "NNE_med": 0.0, "NNE_med_n": 0, "NNE_high": 0.0, "NNE_high_n": 0, "NNE_mean": 0, "NNE_n": 0, "NE_calm": 0.0, "NE_calm_n": 0, "NE_low": 0.0, "NE_low_n": 0, "NE_med": 0.0, "NE_med_n": 0, "NE_high": 0.0, "NE_high_n": 0, "NE_mean": 0, "NE_n": 0, "ENE_calm": 0.0, "ENE_calm_n": 0, "ENE_low": 0.0, "ENE_low_n": 0, "ENE_med": 0.0, "ENE_med_n": 0, "ENE_high": 0.0, "ENE_high_n": 0, "ENE_mean": 0, "ENE_n": 0, "E_calm": 0.0, "E_calm_n": 0, "E_low": 18.0, "E_low_n": 1, "E_med": 0.0, "E_med_n": 0, "E_high": 0.0, "E_high_n": 0, "E_mean": 18.0, "E_n": 1, "ESE_calm": 0.0, "ESE_calm_n": 0, "ESE_low": 17.67, "ESE_low_n": 3, "ESE_med": 0.0, "ESE_med_n": 0, "ESE_high": 0.0, "ESE_high_n": 0, "ESE_mean": 17.67, "ESE_n": 3, "SE_calm": 0.0, "SE_calm_n": 0, "SE_low": 7.0, "SE_low_n": 2, "SE_med": 12.0, "SE_med_n": 1, "SE_high": 0.0, "SE_high_n": 0, "SE_mean": 8.67, "SE_n": 3, "SSE_calm": 0.0, "SSE_calm_n": 0, "SSE_low": 9.21, "SSE_low_n": 14, "SSE_med": 10.47, "SSE_med_n": 17, "SSE_high": 0.0, "SSE_high_n": 0, "SSE_mean": 9.9, "SSE_n": 31, "S_calm": 21.0, "S_calm_n": 1, "S_low": 7.5, "S_low_n": 18, "S_med": 5.87, "S_med_n": 15, "S_high": 0.0, "S_high_n": 0, "S_mean": 7.18, "S_n": 34, "SSW_calm": 0.0, "SSW_calm_n": 0, "SSW_low": 11.33, "SSW_low_n": 3, "SSW_med": 7.0, "SSW_med_n": 9, "SSW_high": 0.0, "SSW_high_n": 0, "SSW_mean": 8.08, "SSW_n": 12, "SW_calm": 0.0, "SW_calm_n": 0, "SW_low": 9.0, "SW_low_n": 3, "SW_med": 6.33, "SW_med_n": 6, "SW_high": 6.0, "SW_high_n": 1, "SW_mean": 7.1, "SW_n": 10, "WSW_calm": 0.0, "WSW_calm_n": 0, "WSW_low": 9.0, "WSW_low_n": 1, "WSW_med": 4.0, "WSW_med_n": 1, "WSW_high": 0.0, "WSW_high_n": 0, "WSW_mean": 6.5, "WSW_n": 2, "W_calm": 0.0, "W_calm_n": 0, "W_low": 2.5, "W_low_n": 2, "W_med": 0.4, "W_med_n": 10, "W_high": 0.0, "W_high_n": 2, "W_mean": 0.64, "W_n": 14, "WNW_calm": 1.0, "WNW_calm_n": 1, "WNW_low": 2.88, "WNW_low_n": 8, "WNW_med": 0.11, "WNW_med_n": 9, "WNW_high": 0.0, "WNW_high_n": 0, "WNW_mean": 1.39, "WNW_n": 18, "NW_calm": 0.0, "NW_calm_n": 0, "NW_low": 5.38, "NW_low_n": 8, "NW_med": 0.12, "NW_med_n": 8, "NW_high": 0.0, "NW_high_n": 0, "NW_mean": 2.75, "NW_n": 16, "NNW_calm": 6.0, "NNW_calm_n": 1, "NNW_low": 12.2, "NNW_low_n": 5, "NNW_med": 0.0, "NNW_med_n": 5, "NNW_high": 0.0, "NNW_high_n": 0, "NNW_mean": 6.09, "NNW_n": 11, "calm_percent": 1.9}}, {"type": "Feature", "geometry": {"type": "Point", "coordinates": [-111.640504, 57.189406]}, "properties": {"N_calm": 0.0, "N_calm_n": 0, "N_low": 0.0, "N_low_n": 0, "N_med": 0.0, "N_med_n": 0, "N_high": 0.0, "N_high_n": 0, "N_mean": 0, "N_n": 0, "overall_mean": 4.91, "n_total": 160, "station": "Fort McKay", "pollutant": "Nitrogen Dioxide", "period": "Last 7 Days", "start_date": "2026-09-28 19:00", "end_date": "2026-10-05 17:00", "dominant_dir": "NNW", "dominant_value": 12.0, "dominant_percent": 0.6, "NNE_calm": 0.0, "NNE_calm_n": 0, "NNE_low": 0.0, "NNE_low_n": 0, "NNE_med": 0.0, "NNE_med_n": 0, "NNE_high": 0.0, "NNE_high_n": 0, "NNE_mean": 0, "NNE_n": 0, "NE_calm": 0.0, "NE_calm_n": 0, "NE_low": 0.0, "NE_low_n": 0, "NE_med": 0.0, "NE_med_n": 0, "NE_high": 0.0, "NE_high_n": 0, "NE_mean": 0, "NE_n": 0, "ENE_calm": 7.0, "ENE_calm_n": 1, "ENE_low": 0.0, "ENE_low_n": 0, "ENE_med": 0.0, "ENE_med_n": 0, "ENE_high": 0.0, "ENE_high_n": 0, "ENE_mean": 7.0, "ENE_n": 1, "E_calm": 0.0, "E_calm_n": 0, "E_low": 0.0, "E_low_n": 0, "E_med": 0.0, "E_med_n": 0, "E_high": 0.0, "E_high_n": 0, "E_mean": 0, "E_n": 0, "ESE_calm": 0.0, "ESE_calm_n": 0, "ESE_low": 7.5, "ESE_low_n": 2, "ESE_med": 0.0, "ESE_med_n": 0, "ESE_high": 0.0, "ESE_high_n": 0, "ESE_mean": 7.5, "ESE_n": 2, "SE_calm": 0.0, "SE_calm_n": 0, "SE_low": 6.0, "SE_low_n": 2, "SE_med": 0.0, "SE_med_n": 0, "SE_high": 0.0, "SE_high_n": 0, "SE_mean": 6.0, "SE_n": 2, "SSE_calm": 0.0, "SSE_calm_n": 0, "SSE_low": 7.18, "SSE_low_n": 22, "SSE_med": 8.0, "SSE_med_n": 7, "SSE_high": 0.0, "SSE_high_n": 0, "SSE_mean": 7.38, "SSE_n": 29, "S_calm": 10.0, "S_calm_n": 1, "S_low": 7.4, "S_low_n": 30, "S_med": 4.43, "S_med_n": 7, "S_high": 0.0, "S_high_n": 0, "S_mean": 6.92, "S_n": 38, "SSW_calm": 3.0, "SSW_calm_n": 1, "SSW_low": 7.78, "SSW_low_n": 9, "SSW_med": 3.0, "SSW_med_n": 1, "SSW_high": 0.0, "SSW_high_n": 0, "SSW_mean": 6.91, "SSW_n": 11, "SW_calm": 7.0, "SW_calm_n": 1, "SW_low": 2.71, "SW_low_n": 7, "SW_med": 0.67, "SW_med_n": 3, "SW_high": 0.0, "SW_high_n": 0, "SW_mean": 2.55, "SW_n": 11, "WSW_calm": 5.0, "WSW_calm_n": 1, "WSW_low": 5.0, "WSW_low_n": 2, "WSW_med": 0.0, "WSW_med_n": 0, "WSW_high": 0.0, "WSW_high_n": 0, "WSW_mean": 5.0, "WSW_n": 3, "W_calm": 7.0, "W_calm_n": 2, "W_low": 3.1, "W_low_n": 10, "W_med": 0.0, "W_med_n": 0, "W_high": 0.0, "W_high_n": 0, "W_mean": 3.75, "W_n": 12, "WNW_calm": 6.33, "WNW_calm_n": 3, "WNW_low": 1.71, "WNW_low_n": 14, "WNW_med": 0.0, "WNW_med_n": 13, "WNW_high": 0.0, "WNW_high_n": 0, "WNW_mean": 1.43, "WNW_n": 30, "NW_calm": 5.0, "NW_calm_n": 1, "NW_low": 6.57, "NW_low_n": 7, "NW_med": 0.42, "NW_med_n": 12, "NW_high": 0.0, "NW_high_n": 0, "NW_mean": 2.8, "NW_n": 20, "NNW_calm": 0.0, "NNW_calm_n": 0, "NNW_low": 12.0, "NNW_low_n": 1, "NNW_med": 0.0, "NNW_med_n": 0, "NNW_high": 0.0, "NNW_high_n": 0, "NNW_mean": 12.0, "NNW_n": 1, "calm_percent": 6.9}}, {"type": "Feature", "geometry": {"type": "Point", "coordinates": [-111.6424, 57.1492]}, "properties": {"N_calm": 0.0, "N_calm_n": 0, "N_low": 0.0, "N_low_n": 0, "N_med": 0.0, "N_med_n": 0, "N_high": 0.0, "N_high_n": 0, "N_mean": 0, "N_n": 0, "overall_mean": 3.51, "n_total": 155, "station": "Fort McKay South", "pollutant": "Nitrogen Dioxide", "period": "Last 7 Days", "start_date": "2026-09-28 19:00", "end_date": "2026-10-05 17:00", "dominant_dir": "SSE", "dominant_value": 7.53, "dominant_percent": 9.7, "NNE_calm": 0.0, "NNE_calm_n": 0, "NNE_low": 0.0, "NNE_low_n": 0, "NNE_med": 0.0, "NNE_med_n": 0, "NNE_high": 0.0, "NNE_high_n": 0, "NNE_mean": 0, "NNE_n": 0, "NE_calm": 0.0, "NE_calm_n": 0, "NE_low": 0.0, "NE_low_n": 0, "NE_med": 0.0, "NE_med_n": 0, "NE_high": 0.0, "NE_high_n": 0, "NE_mean": 0, "NE_n": 0, "ENE_calm": 0.0, "ENE_calm_n": 0, "ENE_low": 0.0, "ENE_low_n": 0, "ENE_med": 0.0, "ENE_med_n": 0, "ENE_high": 0.0, "ENE_high_n": 0, "ENE_mean": 0, "ENE_n": 0, "E_calm": 0.0, "E_calm_n": 0, "E_low": 0.0, "E_low_n": 0, "E_med": 0.0, "E_med_n": 0, "E_high": 0.0, "E_high_n": 0, "E_mean": 0, "E_n": 0, "ESE_calm": 4.0, "ESE_calm_n": 1, "ESE_low": 6.67, "ESE_low_n": 3, "ESE_med": 0.0, "ESE_med_n": 0, "ESE_high": 0.0, "ESE_high_n": 0, "ESE_mean": 6.0, "ESE_n": 4, "SE_calm": 5.0, "SE_calm_n": 1, "SE_low": 7.67, "SE_low_n": 3, "SE_med": 0.0, "SE_med_n": 0, "SE_high": 0.0, "SE_high_n": 0, "SE_mean": 7.0, "SE_n": 4, "SSE_calm": 0.0, "SSE_calm_n": 0, "SSE_low": 7.92, "SSE_low_n": 13, "SSE_med": 5.0, "SSE_med_n": 2, "SSE_high": 0.0, "SSE_high_n": 0, "SSE_mean": 7.53, "SSE_n": 15, "S_calm": 0.0, "S_calm_n": 0, "S_low": 5.62, "S_low_n": 21, "S_med": 3.8, "S_med_n": 5, "S_high": 0.0, "S_high_n": 0, "S_mean": 5.27, "S_n": 26, "SSW_calm": 1.0, "SSW_calm_n": 1, "SSW_low": 4.83, "SSW_low_n": 12, "SSW_med": 2.0, "SSW_med_n": 4, "SSW_high": 0.0, "SSW_high_n": 0, "SSW_mean": 3.94, "SSW_n": 17, "SW_calm": 3.8, "SW_calm_n": 5, "SW_low": 2.91, "SW_low_n": 11, "SW_med": 1.0, "SW_med_n": 3, "SW_high": 0.0, "SW_high_n": 0, "SW_mean": 2.84, "SW_n": 19, "WSW_calm": 3.0, "WSW_calm_n": 1, "WSW_low": 2.75, "WSW_low_n": 8, "WSW_med": 2.0, "WSW_med_n": 1, "WSW_high": 0.0, "WSW_high_n": 0, "WSW_mean": 2.7, "WSW_n": 10, "W_calm": 2.4, "W_calm_n": 5, "W_low": 2.62, "W_low_n": 13, "W_med": 0.0, "W_med_n": 3, "W_high": 0.0, "W_high_n": 0, "W_mean": 2.19, "W_n": 21, "WNW_calm": 5.5, "WNW_calm_n": 2, "WNW_low": 1.0, "WNW_low_n": 8, "WNW_med": 0.0, "WNW_med_n": 8, "WNW_high": 0.0, "WNW_high_n": 0, "WNW_mean": 1.06, "WNW_n": 18, "NW_calm": 2.0, "NW_calm_n": 1, "NW_low": 1.11, "NW_low_n": 9, "NW_med": 0.0, "NW_med_n": 5, "NW_high": 0.0, "NW_high_n": 0, "NW_mean": 0.8, "NW_n": 15, "NNW_calm": 6.0, "NNW_calm_n": 1, "NNW_low": 3.67, "NNW_low_n": 3, "NNW_med": 0.0, "NNW_med_n": 2, "NNW_high": 0.0, "NNW_high_n": 0, "NNW_mean": 2.83, "NNW_n": 6, "calm_percent": 11.6}}, {"type": "Feature", "geometry": {"type": "Point", "coordinates": [-111.3902, 56.7328]}, "properties": {"N_calm": 0.0, "N_calm_n": 0, "N_low": 12.0, "N_low_n": 1, "N_med": 0.0, "N_med_n": 0, "N_high": 0.0, "N_high_n": 0, "N_mean": 12.0, "N_n": 1, "overall_mean": 6.36, "n_total": 160, "station": "Fort McMurray Athabasca Valley", "pollutant": "Nitrogen Dioxide", "period": "Last 7 Days", "start_date": "2026-09-28 19:00", "end_date": "2026-10-05 17:00", "dominant_dir": "N", "dominant_value": 12.0, "dominant_percent": 0.6, "NNE_calm": 5.0, "NNE_calm_n": 1, "NNE_low": 0.0, "NNE_low_n": 0, "NNE_med": 0.0, "NNE_med_n": 0, "NNE_high": 0.0, "NNE_high_n": 0, "NNE_mean": 5.0, "NNE_n": 1, "NE_calm": 0.0, "NE_calm_n": 0, "NE_low": 0.0, "NE_low_n": 0, "NE_med": 0.0, "NE_med_n": 0, "NE_high": 0.0, "NE_high_n": 0, "NE_mean": 0, "NE_n": 0, "ENE_calm": 0.0, "ENE_calm_n": 0, "ENE_low": 12.0, "ENE_low_n": 1, "ENE_med": 0.0, "ENE_med_n": 0, "ENE_high": 0.0, "ENE_high_n": 0, "ENE_mean": 12.0, "ENE_n": 1, "E_calm": 0.0, "E_calm_n": 0, "E_low": 7.8, "E_low_n": 5, "E_med": 0.0, "E_med_n": 0, "E_high": 0.0, "E_high_n": 0, "E_mean": 7.8, "E_n": 5, "ESE_calm": 0.0, "ESE_calm_n": 0, "ESE_low": 8.38, "ESE_low_n": 16, "ESE_med": 0.0, "ESE_med_n": 0, "ESE_high": 0.0, "ESE_high_n": 0, "ESE_mean": 8.38, "ESE_n": 16, "SE_calm": 15.0, "SE_calm_n": 1, "SE_low": 8.93, "SE_low_n": 46, "SE_med": 5.0, "SE_med_n": 10, "SE_high": 0.0, "SE_high_n": 0, "SE_mean": 8.35, "SE_n": 57, "SSE_calm": 8.0, "SSE_calm_n": 1, "SSE_low": 10.62, "SSE_low_n": 8, "SSE_med": 0.0, "SSE_med_n": 0, "SSE_high": 0.0, "SSE_high_n": 0, "SSE_mean": 10.33, "SSE_n": 9, "S_calm": 0.0, "S_calm_n": 0, "S_low": 11.8, "S_low_n": 5, "S_med": 5.0, "S_med_n": 1, "S_high": 0.0, "S_high_n": 0, "S_mean": 10.67, "S_n": 6, "SSW_calm": 0.0, "SSW_calm_n": 0, "SSW_low": 0.0, "SSW_low_n": 0, "SSW_med": 5.0, "SSW_med_n": 1, "SSW_high": 0.0, "SSW_high_n": 0, "SSW_mean": 5.0, "SSW_n": 1, "SW_calm": 0.0, "SW_calm_n": 0, "SW_low": 6.4, "SW_low_n": 5, "SW_med": 2.67, "SW_med_n": 6, "SW_high": 0.0, "SW_high_n": 0, "SW_mean": 4.36, "SW_n": 11, "WSW_calm": 3.0, "WSW_calm_n": 1, "WSW_low": 4.75, "WSW_low_n": 4, "WSW_med": 0.75, "WSW_med_n": 8, "WSW_high": 0.0, "WSW_high_n": 0, "WSW_mean": 2.15, "WSW_n": 13, "W_calm": 0.0, "W_calm_n": 0, "W_low": 10.33, "W_low_n": 3, "W_med": 1.71, "W_med_n": 7, "W_high": 1.0, "W_high_n": 3, "W_mean": 3.54, "W_n": 13, "WNW_calm": 5.0, "WNW_calm_n": 1, "WNW_low": 5.5, "WNW_low_n": 2, "WNW_med": 1.12, "WNW_med_n": 8, "WNW_high": 1.0, "WNW_high_n": 5, "WNW_mean": 1.88, "WNW_n": 16, "NW_calm": 0.0, "NW_calm_n": 0, "NW_low": 2.0, "NW_low_n": 1, "NW_med": 1.5, "NW_med_n": 4, "NW_high": 0.0, "NW_high_n": 1, "NW_mean": 1.33, "NW_n": 6, "NNW_calm": 0.0, "NNW_calm_n": 0, "NNW_low": 4.25, "NNW_low_n": 4, "NNW_med": 0.0, "NNW_med_n": 0, "NNW_high": 0.0, "NNW_high_n": 0, "NNW_mean": 4.25, "NNW_n": 4, "calm_percent": 3.1}}, {"type": "Feature", "geometry": {"type": "Point", "coordinates": [-111.476596, 56.751386]}, "properties": {"N_calm": 0.0, "N_calm_n": 0, "N_low": 0.0, "N_low_n": 0, "N_med": 0.0, "N_med_n": 0, "N_high": 0.0, "N_high_n": 0, "N_mean": 0, "N_n": 0, "overall_mean": 2.85, "n_total": 160, "station": "Fort McMurray Patricia McInnes", "pollutant": "Nitrogen Dioxide", "period": "Last 7 Days", "start_date": "2026-09-28 19:00", "end_date": "2026-10-05 17:00", "dominant_dir": "NNW", "dominant_value": 19.0, "dominant_percent": 0.6, "NNE_calm": 0.0, "NNE_calm_n": 0, "NNE_low": 12.0, "NNE_low_n": 2, "NNE_med": 0.0, "NNE_med_n": 0, "NNE_high": 0.0, "NNE_high_n": 0, "NNE_mean": 12.0, "NNE_n": 2, "NE_calm": 0.0, "NE_calm_n": 0, "NE_low": 4.67, "NE_low_n": 3, "NE_med": 0.0, "NE_med_n": 0, "NE_high": 0.0, "NE_high_n": 0, "NE_mean": 4.67, "NE_n": 3, "ENE_calm": 0.0, "ENE_calm_n": 0, "ENE_low": 0.0, "ENE_low_n": 0, "ENE_med": 0.0, "ENE_med_n": 0, "ENE_high": 0.0, "ENE_high_n": 0, "ENE_mean": 0, "ENE_n": 0, "E_calm": 0.0, "E_calm_n": 0, "E_low": 5.0, "E_low_n": 2, "E_med": 0.0, "E_med_n": 0, "E_high": 0.0, "E_high_n": 0, "E_mean": 5.0, "E_n": 2, "ESE_calm": 0.0, "ESE_calm_n": 0, "ESE_low": 5.0, "ESE_low_n": 1, "ESE_med": 5.0, "ESE_med_n": 1, "ESE_high": 0.0, "ESE_high_n": 0, "ESE_mean": 5.0, "ESE_n": 2, "SE_calm": 0.0, "SE_calm_n": 0, "SE_low": 3.57, "SE_low_n": 7, "SE_med": 3.4, "SE_med_n": 5, "SE_high": 0.0, "SE_high_n": 0, "SE_mean": 3.5, "SE_n": 12, "SSE_calm": 0.0, "SSE_calm_n": 0, "SSE_low": 6.83, "SSE_low_n": 6, "SSE_med": 2.0, "SSE_med_n": 1, "SSE_high": 0.0, "SSE_high_n": 0, "SSE_mean": 6.14, "SSE_n": 7, "S_calm": 0.0, "S_calm_n": 0, "S_low": 5.0, "S_low_n": 14, "S_med": 0.0, "S_med_n": 0, "S_high": 0.0, "S_high_n": 0, "S_mean": 5.0, "S_n": 14, "SSW_calm": 0.0, "SSW_calm_n": 0, "SSW_low": 3.39, "SSW_low_n": 18, "SSW_med": 1.0, "SSW_med_n": 3, "SSW_high": 0.0, "SSW_high_n": 0, "SSW_mean": 3.05, "SSW_n": 21, "SW_calm": 0.0, "SW_calm_n": 0, "SW_low": 2.53, "SW_low_n": 15, "SW_med": 0.75, "SW_med_n": 12, "SW_high": 0.0, "SW_high_n": 0, "SW_mean": 1.74, "SW_n": 27, "WSW_calm": 0.0, "WSW_calm_n": 0, "WSW_low": 7.0, "WSW_low_n": 10, "WSW_med": 0.0, "WSW_med_n": 6, "WSW_high": 0.0, "WSW_high_n": 0, "WSW_mean": 4.38, "WSW_n": 16, "W_calm": 0.0, "W_calm_n": 0, "W_low": 2.8, "W_low_n": 5, "W_med": 0.1, "W_med_n": 10, "W_high": 0.0, "W_high_n": 0, "W_mean": 1.0, "W_n": 15, "WNW_calm": 0.0, "WNW_calm_n": 0, "WNW_low": 1.0, "WNW_low_n": 7, "WNW_med": 0.0, "WNW_med_n": 18, "WNW_high": 0.0, "WNW_high_n": 1, "WNW_mean": 0.27, "WNW_n": 26, "NW_calm": 3.5, "NW_calm_n": 2, "NW_low": 3.25, "NW_low_n": 4, "NW_med": 0.17, "NW_med_n": 6, "NW_high": 0.0, "NW_high_n": 0, "NW_mean": 1.75, "NW_n": 12, "NNW_calm": 19.0, "NNW_calm_n": 1, "NNW_low": 0.0, "NNW_low_n": 0, "NNW_med": 0.0, "NNW_med_n": 0, "NNW_high": 0.0, "NNW_high_n": 0, "NNW_mean": 19.0, "NNW_n": 1, "calm_percent": 1.9}}, {"type": "Feature", "geometry": {"type": "Point", "coordinates": [-116.80948, 54.395492]}, "properties": {"N_calm": 0.0, "N_calm_n": 0, "N_low": 1.0, "N_low_n": 1, "N_med": 0.0, "N_med_n": 0, "N_high": 0.0, "N_high_n": 0, "N_mean": 1.0, "N_n": 1, "overall_mean": 7.34, "n_total": 155, "station": "Fox Creek", "pollutant": "Nitrogen Dioxide", "period": "Last 7 Days", "start_date": "2026-09-28 19:00", "end_date": "2026-10-05 17:00", "dominant_dir": "SSE", "dominant_value": 10.39, "dominant_percent": 14.8, "NNE_calm": 7.0, "NNE_calm_n": 1, "NNE_low": 1.0, "NNE_low_n": 1, "NNE_med": 0.0, "NNE_med_n": 0, "NNE_high": 0.0, "NNE_high_n": 0, "NNE_mean": 4.0, "NNE_n": 2, "NE_calm": 0.0, "NE_calm_n": 0, "NE_low": 4.5, "NE_low_n": 2, "NE_med": 0.0, "NE_med_n": 0, "NE_high": 0.0, "NE_high_n": 0, "NE_mean": 4.5, "NE_n": 2, "ENE_calm": 4.0, "ENE_calm_n": 1, "ENE_low": 3.0, "ENE_low_n": 1, "ENE_med": 0.0, "ENE_med_n": 0, "ENE_high": 0.0, "ENE_high_n": 0, "ENE_mean": 3.5, "ENE_n": 2, "E_calm": 0.0, "E_calm_n": 0, "E_low": 4.0, "E_low_n": 1, "E_med": 0.0, "E_med_n": 0, "E_high": 0.0, "E_high_n": 0, "E_mean": 4.0, "E_n": 1, "ESE_calm": 0.0, "ESE_calm_n": 0, "ESE_low": 0.0, "ESE_low_n": 0, "ESE_med": 0.0, "ESE_med_n": 0, "ESE_high": 0.0, "ESE_high_n": 0, "ESE_mean": 0, "ESE_n": 0, "SE_calm": 7.0, "SE_calm_n": 3, "SE_low": 10.2, "SE_low_n": 5, "SE_med": 6.4, "SE_med_n": 5, "SE_high": 0.0, "SE_high_n": 0, "SE_mean": 8.0, "SE_n": 13, "SSE_calm": 6.17, "SSE_calm_n": 6, "SSE_low": 12.38, "SSE_low_n": 16, "SSE_med": 4.0, "SSE_med_n": 1, "SSE_high": 0.0, "SSE_high_n": 0, "SSE_mean": 10.39, "SSE_n": 23, "S_calm": 5.75, "S_calm_n": 4, "S_low": 8.21, "S_low_n": 19, "S_med": 0.0, "S_med_n": 0, "S_high": 0.0, "S_high_n": 0, "S_mean": 7.78, "S_n": 23, "SSW_calm": 11.0, "SSW_calm_n": 2, "SSW_low": 9.18, "SSW_low_n": 11, "SSW_med": 0.0, "SSW_med_n": 0, "SSW_high": 0.0, "SSW_high_n": 0, "SSW_mean": 9.46, "SSW_n": 13, "SW_calm": 5.0, "SW_calm_n": 1, "SW_low": 7.0, "SW_low_n": 9, "SW_med": 0.0, "SW_med_n": 0, "SW_high": 0.0, "SW_high_n": 0, "SW_mean": 6.8, "SW_n": 10, "WSW_calm": 0.0, "WSW_calm_n": 0, "WSW_low": 7.27, "WSW_low_n": 11, "WSW_med": 3.0, "WSW_med_n": 4, "WSW_high": 0.0, "WSW_high_n": 0, "WSW_mean": 6.13, "WSW_n": 15, "W_calm": 16.0, "W_calm_n": 1, "W_low": 7.24, "W_low_n": 17, "W_med": 2.5, "W_med_n": 2, "W_high": 0.0, "W_high_n": 0, "W_mean": 7.2, "W_n": 20, "WNW_calm": 0.0, "WNW_calm_n": 0, "WNW_low": 9.38, "WNW_low_n": 8, "WNW_med": 3.88, "WNW_med_n": 8, "WNW_high": 0.0, "WNW_high_n": 0, "WNW_mean": 6.62, "WNW_n": 16, "NW_calm": 0.0, "NW_calm_n": 0, "NW_low": 4.62, "NW_low_n": 8, "NW_med": 2.83, "NW_med_n": 6, "NW_high": 0.0, "NW_high_n": 0, "NW_mean": 3.86, "NW_n": 14, "NNW_calm": 0.0, "NNW_calm_n": 0, "NNW_low": 0.0, "NNW_low_n": 0, "NNW_med": 0.0, "NNW_med_n": 0, "NNW_high": 0.0, "NNW_high_n": 0, "NNW_mean": 0, "NNW_n": 0, "calm_percent": 12.3}}, {"type": "Feature", "geometry": {"type": "Point", "coordinates": [-114.200347, 53.306507]}, "properties": {"N_calm": 0.0, "N_calm_n": 0, "N_low": 0.0, "N_low_n": 0, "N_med": 1.0, "N_med_n": 2, "N_high": 0.0, "N_high_n": 0, "N_mean": 1.0, "N_n": 2, "overall_mean": 2.21, "n_total": 160, "station": "Genesee", "pollutant": "Nitrogen Dioxide", "period": "Last 7 Days", "start_date": "2026-09-28 19:00", "end_date": "2026-10-05 17:00", "dominant_dir": "E", "dominant_value": 3.8, "dominant_percent": 3.1, "NNE_calm": 0.0, "NNE_calm_n": 0, "NNE_low": 1.33, "NNE_low_n": 3, "NNE_med": 0.0, "NNE_med_n": 0, "NNE_high": 0.0, "NNE_high_n": 0, "NNE_mean": 1.33, "NNE_n": 3, "NE_calm": 0.0, "NE_calm_n": 0, "NE_low": 3.25, "NE_low_n": 4, "NE_med": 0.0, "NE_med_n": 0, "NE_high": 0.0, "NE_high_n": 0, "NE_mean": 3.25, "NE_n": 4, "ENE_calm": 0.0, "ENE_calm_n": 0, "ENE_low": 2.83, "ENE_low_n": 6, "ENE_med": 5.0, "ENE_med_n": 1, "ENE_high": 0.0, "ENE_high_n": 0, "ENE_mean": 3.14, "ENE_n": 7, "E_calm": 0.0, "E_calm_n": 0, "E_low": 3.75, "E_low_n": 4, "E_med": 4.0, "E_med_n": 1, "E_high": 0.0, "E_high_n": 0, "E_mean": 3.8, "E_n": 5, "ESE_calm": 0.0, "ESE_calm_n": 0, "ESE_low": 3.0, "ESE_low_n": 4, "ESE_med": 1.5, "ESE_med_n": 2, "ESE_high": 0.0, "ESE_high_n": 0, "ESE_mean": 2.5, "ESE_n": 6, "SE_calm": 1.0, "SE_calm_n": 1, "SE_low": 1.55, "SE_low_n": 11, "SE_med": 1.0, "SE_med_n": 1, "SE_high": 1.0, "SE_high_n": 2, "SE_mean": 1.4, "SE_n": 15, "SSE_calm": 0.0, "SSE_calm_n": 0, "SSE_low": 2.5, "SSE_low_n": 2, "SSE_med": 1.0, "SSE_med_n": 2, "SSE_high": 1.0, "SSE_high_n": 1, "SSE_mean": 1.6, "SSE_n": 5, "S_calm": 0.0, "S_calm_n": 0, "S_low": 3.67, "S_low_n": 6, "S_med": 0.0, "S_med_n": 0, "S_high": 0.0, "S_high_n": 0, "S_mean": 3.67, "S_n": 6, "SSW_calm": 0.0, "SSW_calm_n": 0, "SSW_low": 2.33, "SSW_low_n": 3, "SSW_med": 2.0, "SSW_med_n": 1, "SSW_high": 0.0, "SSW_high_n": 0, "SSW_mean": 2.25, "SSW_n": 4, "SW_calm": 0.0, "SW_calm_n": 0, "SW_low": 2.71, "SW_low_n": 7, "SW_med": 2.28, "SW_med_n": 25, "SW_high": 0.0, "SW_high_n": 0, "SW_mean": 2.38, "SW_n": 32, "WSW_calm": 0.0, "WSW_calm_n": 0, "WSW_low": 2.25, "WSW_low_n": 4, "WSW_med": 2.65, "WSW_med_n": 17, "WSW_high": 0.0, "WSW_high_n": 0, "WSW_mean": 2.57, "WSW_n": 21, "W_calm": 0.0, "W_calm_n": 0, "W_low": 2.0, "W_low_n": 2, "W_med": 1.8, "W_med_n": 20, "W_high": 0.0, "W_high_n": 0, "W_mean": 1.82, "W_n": 22, "WNW_calm": 0.0, "WNW_calm_n": 0, "WNW_low": 1.0, "WNW_low_n": 1, "WNW_med": 2.5, "WNW_med_n": 4, "WNW_high": 0.57, "WNW_high_n": 7, "WNW_mean": 1.25, "WNW_n": 12, "NW_calm": 0.0, "NW_calm_n": 0, "NW_low": 5.0, "NW_low_n": 2, "NW_med": 1.75, "NW_med_n": 8, "NW_high": 0.67, "NW_high_n": 3, "NW_mean": 2.0, "NW_n": 13, "NNW_calm": 0.0, "NNW_calm_n": 0, "NNW_low": 2.33, "NNW_low_n": 3, "NNW_med": 0.0, "NNW_med_n": 0, "NNW_high": 0.0, "NNW_high_n": 0, "NNW_mean": 2.33, "NNW_n": 3, "calm_percent": 0.6}}, {"type": "Feature", "geometry": {"type": "Point", "coordinates": [-113.327174, 53.827241]}, "properties": {"N_calm": 11.3, "N_calm_n": 2, "N_low": 0.0, "N_low_n": 0, "N_med": 0.0, "N_med_n": 0, "N_high": 0.0, "N_high_n": 0, "N_mean": 11.3, "N_n": 2, "overall_mean": 5.04, "n_total": 147, "station": "Gibbons", "pollutant": "Nitrogen Dioxide", "period": "Last 7 Days", "start_date": "2026-09-28 19:00", "end_date": "2026-10-05 17:00", "dominant_dir": "S", "dominant_value": 15.2, "dominant_percent": 1.4, "NNE_calm": 0.0, "NNE_calm_n": 0, "NNE_low": 0.0, "NNE_low_n": 0, "NNE_med": 0.0, "NNE_med_n": 0, "NNE_high": 0.0, "NNE_high_n": 0, "NNE_mean": 0, "NNE_n": 0, "NE_calm": 0.0, "NE_calm_n": 0, "NE_low": 0.0, "NE_low_n": 0, "NE_med": 0.0, "NE_med_n": 0, "NE_high": 0.0, "NE_high_n": 0, "NE_mean": 0, "NE_n": 0, "ENE_calm": 0.0, "ENE_calm_n": 0, "ENE_low": 0.0, "ENE_low_n": 0, "ENE_med": 0.0, "ENE_med_n": 0, "ENE_high": 0.0, "ENE_high_n": 0, "ENE_mean": 0, "ENE_n": 0, "E_calm": 0.0, "E_calm_n": 0, "E_low": 0.0, "E_low_n": 0, "E_med": 0.0, "E_med_n": 0, "E_high": 0.0, "E_high_n": 0, "E_mean": 0, "E_n": 0, "ESE_calm": 0.0, "ESE_calm_n": 0, "ESE_low": 6.3, "ESE_low_n": 2, "ESE_med": 0.0, "ESE_med_n": 0, "ESE_high": 0.0, "ESE_high_n": 0, "ESE_mean": 6.3, "ESE_n": 2, "SE_calm": 0.0, "SE_calm_n": 0, "SE_low": 4.62, "SE_low_n": 5, "SE_med": 0.0, "SE_med_n": 0, "SE_high": 0.0, "SE_high_n": 0, "SE_mean": 4.62, "SE_n": 5, "SSE_calm": 19.55, "SSE_calm_n": 4, "SSE_low": 1.46, "SSE_low_n": 5, "SSE_med": 0.0, "SSE_med_n": 0, "SSE_high": 0.0, "SSE_high_n": 0, "SSE_mean": 9.5, "SSE_n": 9, "S_calm": 15.2, "S_calm_n": 2, "S_low": 0.0, "S_low_n": 0, "S_med": 0.0, "S_med_n": 0, "S_high": 0.0, "S_high_n": 0, "S_mean": 15.2, "S_n": 2, "SSW_calm": 22.1, "SSW_calm_n": 1, "SSW_low": 9.6, "SSW_low_n": 6, "SSW_med": 0.0, "SSW_med_n": 0, "SSW_high": 0.0, "SSW_high_n": 0, "SSW_mean": 11.39, "SSW_n": 7, "SW_calm": 8.55, "SW_calm_n": 4, "SW_low": 4.6, "SW_low_n": 25, "SW_med": 0.0, "SW_med_n": 0, "SW_high": 0.0, "SW_high_n": 0, "SW_mean": 5.14, "SW_n": 29, "WSW_calm": 7.2, "WSW_calm_n": 1, "WSW_low": 3.81, "WSW_low_n": 19, "WSW_med": 0.0, "WSW_med_n": 0, "WSW_high": 0.0, "WSW_high_n": 0, "WSW_mean": 3.98, "WSW_n": 20, "W_calm": 3.2, "W_calm_n": 1, "W_low": 3.26, "W_low_n": 25, "W_med": 1.38, "W_med_n": 8, "W_high": 0.0, "W_high_n": 0, "W_mean": 2.81, "W_n": 34, "WNW_calm": 9.9, "WNW_calm_n": 3, "WNW_low": 3.28, "WNW_low_n": 10, "WNW_med": 0.92, "WNW_med_n": 10, "WNW_high": 0.0, "WNW_high_n": 0, "WNW_mean": 3.12, "WNW_n": 23, "NW_calm": 10.55, "NW_calm_n": 2, "NW_low": 3.45, "NW_low_n": 4, "NW_med": 0.8, "NW_med_n": 1, "NW_high": 0.0, "NW_high_n": 0, "NW_mean": 5.1, "NW_n": 7, "NNW_calm": 11.78, "NNW_calm_n": 4, "NNW_low": 3.4, "NNW_low_n": 1, "NNW_med": 2.65, "NNW_med_n": 2, "NNW_high": 0.0, "NNW_high_n": 0, "NNW_mean": 7.97, "NNW_n": 7, "calm_percent": 16.3}}, {"type": "Feature", "geometry": {"type": "Point", "coordinates": [-118.8077555, 55.1766364]}, "properties": {"N_calm": 12.5, "N_calm_n": 2, "N_low": 2.0, "N_low_n": 1, "N_med": 0.0, "N_med_n": 0, "N_high": 0.0, "N_high_n": 0, "N_mean": 9.0, "N_n": 3, "overall_mean": 7.05, "n_total": 160, "station": "Grande Prairie - Henry Pirker", "pollutant": "Nitrogen Dioxide", "period": "Last 7 Days", "start_date": "2026-09-28 19:00", "end_date": "2026-10-05 17:00", "dominant_dir": "ENE", "dominant_value": 19.0, "dominant_percent": 1.9, "NNE_calm": 0.0, "NNE_calm_n": 0, "NNE_low": 0.0, "NNE_low_n": 0, "NNE_med": 0.0, "NNE_med_n": 0, "NNE_high": 0.0, "NNE_high_n": 0, "NNE_mean": 0, "NNE_n": 0, "NE_calm": 0.0, "NE_calm_n": 0, "NE_low": 0.0, "NE_low_n": 0, "NE_med": 0.0, "NE_med_n": 0, "NE_high": 0.0, "NE_high_n": 0, "NE_mean": 0, "NE_n": 0, "ENE_calm": 21.0, "ENE_calm_n": 2, "ENE_low": 15.0, "ENE_low_n": 1, "ENE_med": 0.0, "ENE_med_n": 0, "ENE_high": 0.0, "ENE_high_n": 0, "ENE_mean": 19.0, "ENE_n": 3, "E_calm": 11.0, "E_calm_n": 2, "E_low": 9.83, "E_low_n": 6, "E_med": 0.0, "E_med_n": 0, "E_high": 0.0, "E_high_n": 0, "E_mean": 10.12, "E_n": 8, "ESE_calm": 19.0, "ESE_calm_n": 1, "ESE_low": 8.75, "ESE_low_n": 4, "ESE_med": 0.0, "ESE_med_n": 0, "ESE_high": 0.0, "ESE_high_n": 0, "ESE_mean": 10.8, "ESE_n": 5, "SE_calm": 0.0, "SE_calm_n": 0, "SE_low": 10.0, "SE_low_n": 2, "SE_med": 0.0, "SE_med_n": 0, "SE_high": 0.0, "SE_high_n": 0, "SE_mean": 10.0, "SE_n": 2, "SSE_calm": 12.8, "SSE_calm_n": 5, "SSE_low": 7.17, "SSE_low_n": 6, "SSE_med": 0.0, "SSE_med_n": 0, "SSE_high": 0.0, "SSE_high_n": 0, "SSE_mean": 9.73, "SSE_n": 11, "S_calm": 12.0, "S_calm_n": 2, "S_low": 7.62, "S_low_n": 8, "S_med": 0.0, "S_med_n": 0, "S_high": 0.0, "S_high_n": 0, "S_mean": 8.5, "S_n": 10, "SSW_calm": 0.0, "SSW_calm_n": 0, "SSW_low": 6.0, "SSW_low_n": 4, "SSW_med": 0.0, "SSW_med_n": 0, "SSW_high": 0.0, "SSW_high_n": 0, "SSW_mean": 6.0, "SSW_n": 4, "SW_calm": 10.75, "SW_calm_n": 4, "SW_low": 9.5, "SW_low_n": 12, "SW_med": 1.86, "SW_med_n": 7, "SW_high": 0.0, "SW_high_n": 0, "SW_mean": 7.39, "SW_n": 23, "WSW_calm": 15.33, "WSW_calm_n": 3, "WSW_low": 7.05, "WSW_low_n": 19, "WSW_med": 2.73, "WSW_med_n": 15, "WSW_high": 0.0, "WSW_high_n": 0, "WSW_mean": 5.97, "WSW_n": 37, "W_calm": 0.0, "W_calm_n": 0, "W_low": 5.64, "W_low_n": 14, "W_med": 2.0, "W_med_n": 18, "W_high": 0.0, "W_high_n": 0, "W_mean": 3.59, "W_n": 32, "WNW_calm": 11.0, "WNW_calm_n": 4, "WNW_low": 5.0, "WNW_low_n": 7, "WNW_med": 1.0, "WNW_med_n": 2, "WNW_high": 0.0, "WNW_high_n": 0, "WNW_mean": 6.23, "WNW_n": 13, "NW_calm": 24.0, "NW_calm_n": 1, "NW_low": 7.5, "NW_low_n": 6, "NW_med": 0.0, "NW_med_n": 0, "NW_high": 0.0, "NW_high_n": 0, "NW_mean": 9.86, "NW_n": 7, "NNW_calm": 0.0, "NNW_calm_n": 0, "NNW_low": 8.5, "NNW_low_n": 2, "NNW_med": 0.0, "NNW_med_n": 0, "NNW_high": 0.0, "NNW_high_n": 0, "NNW_mean": 8.5, "NNW_n": 2, "calm_percent": 16.2}}, {"type": "Feature", "geometry": {"type": "Point", "coordinates": [-117.604994, 56.18657]}, "properties": {"N_calm": 0.0, "N_calm_n": 0, "N_low": 9.33, "N_low_n": 3, "N_med": 0.0, "N_med_n": 0, "N_high": 0.0, "N_high_n": 0, "N_mean": 9.33, "N_n": 3, "overall_mean": 3.8, "n_total": 151, "station": "Grimshaw", "pollutant": "Nitrogen Dioxide", "period": "Last 7 Days", "start_date": "2026-09-28 19:00", "end_date": "2026-10-05 18:00", "dominant_dir": "NE", "dominant_value": 13.0, "dominant_percent": 2.0, "NNE_calm": 0.0, "NNE_calm_n": 0, "NNE_low": 10.86, "NNE_low_n": 7, "NNE_med": 1.0, "NNE_med_n": 1, "NNE_high": 0.0, "NNE_high_n": 0, "NNE_mean": 9.62, "NNE_n": 8, "NE_calm": 0.0, "NE_calm_n": 0, "NE_low": 13.0, "NE_low_n": 3, "NE_med": 0.0, "NE_med_n": 0, "NE_high": 0.0, "NE_high_n": 0, "NE_mean": 13.0, "NE_n": 3, "ENE_calm": 0.0, "ENE_calm_n": 0, "ENE_low": 0.0, "ENE_low_n": 0, "ENE_med": 0.0, "ENE_med_n": 0, "ENE_high": 0.0, "ENE_high_n": 0, "ENE_mean": 0, "ENE_n": 0, "E_calm": 0.0, "E_calm_n": 0, "E_low": 9.33, "E_low_n": 3, "E_med": 0.0, "E_med_n": 0, "E_high": 0.0, "E_high_n": 0, "E_mean": 9.33, "E_n": 3, "ESE_calm": 0.0, "ESE_calm_n": 0, "ESE_low": 6.0, "ESE_low_n": 1, "ESE_med": 0.0, "ESE_med_n": 0, "ESE_high": 0.0, "ESE_high_n": 0, "ESE_mean": 6.0, "ESE_n": 1, "SE_calm": 0.0, "SE_calm_n": 0, "SE_low": 2.0, "SE_low_n": 2, "SE_med": 0.0, "SE_med_n": 0, "SE_high": 0.0, "SE_high_n": 0, "SE_mean": 2.0, "SE_n": 2, "SSE_calm": 0.0, "SSE_calm_n": 0, "SSE_low": 0.0, "SSE_low_n": 0, "SSE_med": 0.0, "SSE_med_n": 0, "SSE_high": 0.0, "SSE_high_n": 0, "SSE_mean": 0, "SSE_n": 0, "S_calm": 0.0, "S_calm_n": 0, "S_low": 0.0, "S_low_n": 0, "S_med": 1.5, "S_med_n": 2, "S_high": 0.0, "S_high_n": 0, "S_mean": 1.5, "S_n": 2, "SSW_calm": 5.0, "SSW_calm_n": 1, "SSW_low": 3.0, "SSW_low_n": 2, "SSW_med": 1.67, "SSW_med_n": 3, "SSW_high": 0.0, "SSW_high_n": 0, "SSW_mean": 2.67, "SSW_n": 6, "SW_calm": 0.0, "SW_calm_n": 0, "SW_low": 3.5, "SW_low_n": 2, "SW_med": 0.0, "SW_med_n": 0, "SW_high": 0.0, "SW_high_n": 0, "SW_mean": 3.5, "SW_n": 2, "WSW_calm": 0.0, "WSW_calm_n": 0, "WSW_low": 3.75, "WSW_low_n": 12, "WSW_med": 2.0, "WSW_med_n": 5, "WSW_high": 0.0, "WSW_high_n": 0, "WSW_mean": 3.24, "WSW_n": 17, "W_calm": 11.0, "W_calm_n": 1, "W_low": 4.89, "W_low_n": 9, "W_med": 1.1, "W_med_n": 20, "W_high": 0.0, "W_high_n": 0, "W_mean": 2.57, "W_n": 30, "WNW_calm": 0.0, "WNW_calm_n": 0, "WNW_low": 3.17, "WNW_low_n": 6, "WNW_med": 1.29, "WNW_med_n": 14, "WNW_high": 0.0, "WNW_high_n": 0, "WNW_mean": 1.85, "WNW_n": 20, "NW_calm": 0.0, "NW_calm_n": 0, "NW_low": 4.29, "NW_low_n": 17, "NW_med": 1.37, "NW_med_n": 19, "NW_high": 0.0, "NW_high_n": 0, "NW_mean": 2.75, "NW_n": 36, "NNW_calm": 14.0, "NNW_calm_n": 1, "NNW_low": 7.0, "NNW_low_n": 11, "NNW_med": 1.17, "NNW_med_n": 6, "NNW_high": 0.0, "NNW_high_n": 0, "NNW_mean": 5.44, "NNW_n": 18, "calm_percent": 2.0}}, {"type": "Feature", "geometry": {"type": "Point", "coordinates": [-111.928226, 51.642351]}, "properties": {"N_calm": 0.0, "N_calm_n": 0, "N_low": 0.0, "N_low_n": 0, "N_med": 0.0, "N_med_n": 0, "N_high": 0.0, "N_high_n": 0, "N_mean": 0, "N_n": 0, "overall_mean": 4.03, "n_total": 146, "station": "Hanna Library (Airpointer)", "pollutant": "Nitrogen Dioxide", "period": "Last 7 Days", "start_date": "2026-09-29 02:00", "end_date": "2026-10-05 17:00", "dominant_dir": "NNW", "dominant_value": 6.67, "dominant_percent": 2.1, "NNE_calm": 3.0, "NNE_calm_n": 1, "NNE_low": 0.0, "NNE_low_n": 0, "NNE_med": 0.0, "NNE_med_n": 0, "NNE_high": 0.0, "NNE_high_n": 0, "NNE_mean": 3.0, "NNE_n": 1, "NE_calm": 0.0, "NE_calm_n": 0, "NE_low": 0.0, "NE_low_n": 0, "NE_med": 0.0, "NE_med_n": 0, "NE_high": 0.0, "NE_high_n": 0, "NE_mean": 0, "NE_n": 0, "ENE_calm": 0.0, "ENE_calm_n": 0, "ENE_low": 0.0, "ENE_low_n": 0, "ENE_med": 0.0, "ENE_med_n": 0, "ENE_high": 0.0, "ENE_high_n": 0, "ENE_mean": 0, "ENE_n": 0, "E_calm": 5.55, "E_calm_n": 11, "E_low": 2.89, "E_low_n": 9, "E_med": 1.0, "E_med_n": 1, "E_high": 0.0, "E_high_n": 0, "E_mean": 4.19, "E_n": 21, "ESE_calm": 5.09, "ESE_calm_n": 11, "ESE_low": 3.7, "ESE_low_n": 10, "ESE_med": 1.0, "ESE_med_n": 7, "ESE_high": 0.0, "ESE_high_n": 0, "ESE_mean": 3.57, "ESE_n": 28, "SE_calm": 0.0, "SE_calm_n": 0, "SE_low": 1.5, "SE_low_n": 4, "SE_med": 0.0, "SE_med_n": 0, "SE_high": 0.0, "SE_high_n": 0, "SE_mean": 1.5, "SE_n": 4, "SSE_calm": 4.0, "SSE_calm_n": 3, "SSE_low": 2.25, "SSE_low_n": 4, "SSE_med": 0.0, "SSE_med_n": 0, "SSE_high": 0.0, "SSE_high_n": 0, "SSE_mean": 3.0, "SSE_n": 7, "S_calm": 10.0, "S_calm_n": 2, "S_low": 1.0, "S_low_n": 2, "S_med": 0.0, "S_med_n": 0, "S_high": 0.0, "S_high_n": 0, "S_mean": 5.5, "S_n": 4, "SSW_calm": 10.0, "SSW_calm_n": 1, "SSW_low": 1.0, "SSW_low_n": 2, "SSW_med": 0.0, "SSW_med_n": 0, "SSW_high": 0.0, "SSW_high_n": 0, "SSW_mean": 4.0, "SSW_n": 3, "SW_calm": 0.0, "SW_calm_n": 0, "SW_low": 0.0, "SW_low_n": 0, "SW_med": 0.0, "SW_med_n": 0, "SW_high": 0.0, "SW_high_n": 0, "SW_mean": 0, "SW_n": 0, "WSW_calm": 3.0, "WSW_calm_n": 2, "WSW_low": 1.0, "WSW_low_n": 1, "WSW_med": 0.0, "WSW_med_n": 0, "WSW_high": 0.0, "WSW_high_n": 0, "WSW_mean": 2.33, "WSW_n": 3, "W_calm": 7.0, "W_calm_n": 5, "W_low": 3.33, "W_low_n": 3, "W_med": 0.0, "W_med_n": 0, "W_high": 0.0, "W_high_n": 0, "W_mean": 5.62, "W_n": 8, "WNW_calm": 5.5, "WNW_calm_n": 6, "WNW_low": 2.86, "WNW_low_n": 14, "WNW_med": 0.0, "WNW_med_n": 0, "WNW_high": 0.0, "WNW_high_n": 0, "WNW_mean": 3.65, "WNW_n": 20, "NW_calm": 6.58, "NW_calm_n": 19, "NW_low": 2.68, "NW_low_n": 25, "NW_med": 0.0, "NW_med_n": 0, "NW_high": 0.0, "NW_high_n": 0, "NW_mean": 4.36, "NW_n": 44, "NNW_calm": 9.5, "NNW_calm_n": 2, "NNW_low": 1.0, "NNW_low_n": 1, "NNW_med": 0.0, "NNW_med_n": 0, "NNW_high": 0.0, "NNW_high_n": 0, "NNW_mean": 6.67, "NNW_n": 3, "calm_percent": 43.2}}, {"type": "Feature", "geometry": {"type": "Point", "coordinates": [-119.086667, 55.752778]}, "properties": {"N_calm": 0.0, "N_calm_n": 0, "N_low": 3.0, "N_low_n": 2, "N_med": 0.0, "N_med_n": 0, "N_high": 0.0, "N_high_n": 0, "N_mean": 3.0, "N_n": 2, "overall_mean": 1.38, "n_total": 154, "station": "Happy Valley", "pollutant": "Nitrogen Dioxide", "period": "Last 7 Days", "start_date": "2026-09-28 19:00", "end_date": "2026-10-05 17:00", "dominant_dir": "SE", "dominant_value": 5.0, "dominant_percent": 1.3, "NNE_calm": 0.0, "NNE_calm_n": 0, "NNE_low": 3.0, "NNE_low_n": 1, "NNE_med": 0.0, "NNE_med_n": 0, "NNE_high": 0.0, "NNE_high_n": 0, "NNE_mean": 3.0, "NNE_n": 1, "NE_calm": 0.0, "NE_calm_n": 0, "NE_low": 0.0, "NE_low_n": 0, "NE_med": 0.0, "NE_med_n": 0, "NE_high": 0.0, "NE_high_n": 0, "NE_mean": 0, "NE_n": 0, "ENE_calm": 0.0, "ENE_calm_n": 0, "ENE_low": 0.0, "ENE_low_n": 0, "ENE_med": 1.5, "ENE_med_n": 2, "ENE_high": 0.0, "ENE_high_n": 0, "ENE_mean": 1.5, "ENE_n": 2, "E_calm": 3.0, "E_calm_n": 1, "E_low": 3.0, "E_low_n": 1, "E_med": 0.0, "E_med_n": 0, "E_high": 0.0, "E_high_n": 0, "E_mean": 3.0, "E_n": 2, "ESE_calm": 0.0, "ESE_calm_n": 0, "ESE_low": 2.0, "ESE_low_n": 1, "ESE_med": 0.0, "ESE_med_n": 0, "ESE_high": 0.0, "ESE_high_n": 0, "ESE_mean": 2.0, "ESE_n": 1, "SE_calm": 0.0, "SE_calm_n": 0, "SE_low": 3.0, "SE_low_n": 1, "SE_med": 7.0, "SE_med_n": 1, "SE_high": 0.0, "SE_high_n": 0, "SE_mean": 5.0, "SE_n": 2, "SSE_calm": 0.0, "SSE_calm_n": 0, "SSE_low": 5.0, "SSE_low_n": 1, "SSE_med": 5.0, "SSE_med_n": 1, "SSE_high": 0.0, "SSE_high_n": 0, "SSE_mean": 5.0, "SSE_n": 2, "S_calm": 0.0, "S_calm_n": 0, "S_low": 2.67, "S_low_n": 3, "S_med": 0.0, "S_med_n": 0, "S_high": 0.0, "S_high_n": 0, "S_mean": 2.67, "S_n": 3, "SSW_calm": 0.0, "SSW_calm_n": 0, "SSW_low": 2.33, "SSW_low_n": 3, "SSW_med": 0.0, "SSW_med_n": 0, "SSW_high": 0.0, "SSW_high_n": 0, "SSW_mean": 2.33, "SSW_n": 3, "SW_calm": 0.0, "SW_calm_n": 0, "SW_low": 1.75, "SW_low_n": 12, "SW_med": 0.6, "SW_med_n": 5, "SW_high": 0.0, "SW_high_n": 0, "SW_mean": 1.41, "SW_n": 17, "WSW_calm": 0.0, "WSW_calm_n": 0, "WSW_low": 1.06, "WSW_low_n": 16, "WSW_med": 0.72, "WSW_med_n": 39, "WSW_high": 0.0, "WSW_high_n": 1, "WSW_mean": 0.8, "WSW_n": 56, "W_calm": 0.0, "W_calm_n": 0, "W_low": 2.5, "W_low_n": 6, "W_med": 1.18, "W_med_n": 44, "W_high": 0.0, "W_high_n": 0, "W_mean": 1.34, "W_n": 50, "WNW_calm": 0.0, "WNW_calm_n": 0, "WNW_low": 2.5, "WNW_low_n": 2, "WNW_med": 1.0, "WNW_med_n": 8, "WNW_high": 0.0, "WNW_high_n": 0, "WNW_mean": 1.3, "WNW_n": 10, "NW_calm": 0.0, "NW_calm_n": 0, "NW_low": 1.5, "NW_low_n": 2, "NW_med": 0.0, "NW_med_n": 0, "NW_high": 0.0, "NW_high_n": 0, "NW_mean": 1.5, "NW_n": 2, "NNW_calm": 0.0, "NNW_calm_n": 0, "NNW_low": 5.0, "NNW_low_n": 1, "NNW_med": 0.0, "NNW_med_n": 0, "NNW_high": 0.0, "NNW_high_n": 0, "NNW_mean": 5.0, "NNW_n": 1, "calm_percent": 0.6}}, {"type": "Feature", "geometry": {"type": "Point", "coordinates": [-117.162258, 58.512216]}, "properties": {"N_calm": 0.0, "N_calm_n": 0, "N_low": 2.0, "N_low_n": 1, "N_med": 0.0, "N_med_n": 0, "N_high": 0.0, "N_high_n": 0, "N_mean": 2.0, "N_n": 1, "overall_mean": 2.38, "n_total": 160, "station": "High Level (Airpointer)", "pollutant": "Nitrogen Dioxide", "period": "Last 7 Days", "start_date": "2026-09-28 19:00", "end_date": "2026-10-05 17:00", "dominant_dir": "SW", "dominant_value": 3.95, "dominant_percent": 13.8, "NNE_calm": 3.0, "NNE_calm_n": 2, "NNE_low": 0.8, "NNE_low_n": 5, "NNE_med": 0.0, "NNE_med_n": 0, "NNE_high": 0.0, "NNE_high_n": 0, "NNE_mean": 1.43, "NNE_n": 7, "NE_calm": 2.0, "NE_calm_n": 2, "NE_low": 3.8, "NE_low_n": 5, "NE_med": 0.0, "NE_med_n": 0, "NE_high": 0.0, "NE_high_n": 0, "NE_mean": 3.29, "NE_n": 7, "ENE_calm": 10.0, "ENE_calm_n": 1, "ENE_low": 1.6, "ENE_low_n": 10, "ENE_med": 0.0, "ENE_med_n": 0, "ENE_high": 0.0, "ENE_high_n": 0, "ENE_mean": 2.36, "ENE_n": 11, "E_calm": 7.5, "E_calm_n": 2, "E_low": 2.17, "E_low_n": 6, "E_med": 1.12, "E_med_n": 8, "E_high": 0.0, "E_high_n": 0, "E_mean": 2.31, "E_n": 16, "ESE_calm": 0.0, "ESE_calm_n": 0, "ESE_low": 4.25, "ESE_low_n": 4, "ESE_med": 2.0, "ESE_med_n": 1, "ESE_high": 0.0, "ESE_high_n": 0, "ESE_mean": 3.8, "ESE_n": 5, "SE_calm": 5.0, "SE_calm_n": 2, "SE_low": 1.25, "SE_low_n": 4, "SE_med": 0.0, "SE_med_n": 0, "SE_high": 0.0, "SE_high_n": 0, "SE_mean": 2.5, "SE_n": 6, "SSE_calm": 6.33, "SSE_calm_n": 3, "SSE_low": 1.0, "SSE_low_n": 3, "SSE_med": 0.0, "SSE_med_n": 0, "SSE_high": 0.0, "SSE_high_n": 0, "SSE_mean": 3.67, "SSE_n": 6, "S_calm": 4.0, "S_calm_n": 1, "S_low": 1.5, "S_low_n": 2, "S_med": 0.0, "S_med_n": 0, "S_high": 0.0, "S_high_n": 0, "S_mean": 2.33, "S_n": 3, "SSW_calm": 1.2, "SSW_calm_n": 5, "SSW_low": 1.5, "SSW_low_n": 6, "SSW_med": 0.0, "SSW_med_n": 0, "SSW_high": 0.0, "SSW_high_n": 0, "SSW_mean": 1.36, "SSW_n": 11, "SW_calm": 5.07, "SW_calm_n": 14, "SW_low": 2.0, "SW_low_n": 8, "SW_med": 0.0, "SW_med_n": 0, "SW_high": 0.0, "SW_high_n": 0, "SW_mean": 3.95, "SW_n": 22, "WSW_calm": 3.88, "WSW_calm_n": 8, "WSW_low": 3.8, "WSW_low_n": 5, "WSW_med": 0.93, "WSW_med_n": 14, "WSW_high": 0.0, "WSW_high_n": 0, "WSW_mean": 2.33, "WSW_n": 27, "W_calm": 3.33, "W_calm_n": 6, "W_low": 1.0, "W_low_n": 3, "W_med": 0.71, "W_med_n": 7, "W_high": 0.0, "W_high_n": 0, "W_mean": 1.75, "W_n": 16, "WNW_calm": 2.86, "WNW_calm_n": 7, "WNW_low": 0.0, "WNW_low_n": 3, "WNW_med": 0.0, "WNW_med_n": 3, "WNW_high": 0.0, "WNW_high_n": 0, "WNW_mean": 1.54, "WNW_n": 13, "NW_calm": 1.0, "NW_calm_n": 1, "NW_low": 0.6, "NW_low_n": 5, "NW_med": 0.0, "NW_med_n": 1, "NW_high": 0.0, "NW_high_n": 0, "NW_mean": 0.57, "NW_n": 7, "NNW_calm": 1.0, "NNW_calm_n": 1, "NNW_low": 1.0, "NNW_low_n": 1, "NNW_med": 0.0, "NNW_med_n": 0, "NNW_high": 0.0, "NNW_high_n": 0, "NNW_mean": 1.0, "NNW_n": 2, "calm_percent": 34.4}}, {"type": "Feature", "geometry": {"type": "Point", "coordinates": [-117.544067, 53.4273011]}, "properties": {"N_calm": 5.75, "N_calm_n": 4, "N_low": 0.0, "N_low_n": 0, "N_med": 0.0, "N_med_n": 0, "N_high": 0.0, "N_high_n": 0, "N_mean": 5.75, "N_n": 4, "overall_mean": 5.17, "n_total": 161, "station": "Hinton-Drinnan", "pollutant": "Nitrogen Dioxide", "period": "Last 7 Days", "start_date": "2026-09-28 19:00", "end_date": "2026-10-05 18:00", "dominant_dir": "SSE", "dominant_value": 11.0, "dominant_percent": 3.1, "NNE_calm": 6.33, "NNE_calm_n": 3, "NNE_low": 0.0, "NNE_low_n": 0, "NNE_med": 0.0, "NNE_med_n": 0, "NNE_high": 0.0, "NNE_high_n": 0, "NNE_mean": 6.33, "NNE_n": 3, "NE_calm": 4.25, "NE_calm_n": 8, "NE_low": 3.0, "NE_low_n": 6, "NE_med": 0.0, "NE_med_n": 0, "NE_high": 0.0, "NE_high_n": 0, "NE_mean": 3.71, "NE_n": 14, "ENE_calm": 8.0, "ENE_calm_n": 11, "ENE_low": 2.92, "ENE_low_n": 12, "ENE_med": 0.0, "ENE_med_n": 0, "ENE_high": 0.0, "ENE_high_n": 0, "ENE_mean": 5.35, "ENE_n": 23, "E_calm": 7.67, "E_calm_n": 9, "E_low": 5.5, "E_low_n": 6, "E_med": 0.0, "E_med_n": 0, "E_high": 0.0, "E_high_n": 0, "E_mean": 6.8, "E_n": 15, "ESE_calm": 8.25, "ESE_calm_n": 4, "ESE_low": 0.0, "ESE_low_n": 0, "ESE_med": 0.0, "ESE_med_n": 0, "ESE_high": 0.0, "ESE_high_n": 0, "ESE_mean": 8.25, "ESE_n": 4, "SE_calm": 6.5, "SE_calm_n": 2, "SE_low": 0.0, "SE_low_n": 0, "SE_med": 0.0, "SE_med_n": 0, "SE_high": 0.0, "SE_high_n": 0, "SE_mean": 6.5, "SE_n": 2, "SSE_calm": 16.5, "SSE_calm_n": 2, "SSE_low": 7.33, "SSE_low_n": 3, "SSE_med": 0.0, "SSE_med_n": 0, "SSE_high": 0.0, "SSE_high_n": 0, "SSE_mean": 11.0, "SSE_n": 5, "S_calm": 15.0, "S_calm_n": 2, "S_low": 5.0, "S_low_n": 3, "S_med": 0.0, "S_med_n": 0, "S_high": 0.0, "S_high_n": 0, "S_mean": 9.0, "S_n": 5, "SSW_calm": 10.8, "SSW_calm_n": 5, "SSW_low": 6.17, "SSW_low_n": 12, "SSW_med": 0.0, "SSW_med_n": 0, "SSW_high": 0.0, "SSW_high_n": 0, "SSW_mean": 7.53, "SSW_n": 17, "SW_calm": 6.75, "SW_calm_n": 4, "SW_low": 3.21, "SW_low_n": 14, "SW_med": 2.5, "SW_med_n": 4, "SW_high": 0.0, "SW_high_n": 0, "SW_mean": 3.73, "SW_n": 22, "WSW_calm": 5.17, "WSW_calm_n": 6, "WSW_low": 3.92, "WSW_low_n": 12, "WSW_med": 2.0, "WSW_med_n": 1, "WSW_high": 0.0, "WSW_high_n": 0, "WSW_mean": 4.21, "WSW_n": 19, "W_calm": 4.67, "W_calm_n": 3, "W_low": 4.4, "W_low_n": 5, "W_med": 0.0, "W_med_n": 0, "W_high": 0.0, "W_high_n": 0, "W_mean": 4.5, "W_n": 8, "WNW_calm": 5.0, "WNW_calm_n": 3, "WNW_low": 0.33, "WNW_low_n": 3, "WNW_med": 0.0, "WNW_med_n": 0, "WNW_high": 0.0, "WNW_high_n": 0, "WNW_mean": 2.67, "WNW_n": 6, "NW_calm": 4.33, "NW_calm_n": 3, "NW_low": 0.33, "NW_low_n": 9, "NW_med": 0.0, "NW_med_n": 0, "NW_high": 0.0, "NW_high_n": 0, "NW_mean": 1.33, "NW_n": 12, "NNW_calm": 8.0, "NNW_calm_n": 1, "NNW_low": 1.0, "NNW_low_n": 1, "NNW_med": 0.0, "NNW_med_n": 0, "NNW_high": 0.0, "NNW_high_n": 0, "NNW_mean": 4.5, "NNW_n": 2, "calm_percent": 43.5}}, {"type": "Feature", "geometry": {"type": "Point", "coordinates": [-117.5846086, 53.3927365]}, "properties": {"N_calm": 7.0, "N_calm_n": 1, "N_low": 8.5, "N_low_n": 4, "N_med": 0.0, "N_med_n": 0, "N_high": 0.0, "N_high_n": 0, "N_mean": 8.2, "N_n": 5, "overall_mean": 2.93, "n_total": 161, "station": "Hinton-Hillcrest", "pollutant": "Nitrogen Dioxide", "period": "Last 7 Days", "start_date": "2026-09-28 19:00", "end_date": "2026-10-05 18:00", "dominant_dir": "ESE", "dominant_value": 8.5, "dominant_percent": 2.5, "NNE_calm": 0.0, "NNE_calm_n": 0, "NNE_low": 4.0, "NNE_low_n": 6, "NNE_med": 0.0, "NNE_med_n": 0, "NNE_high": 0.0, "NNE_high_n": 0, "NNE_mean": 4.0, "NNE_n": 6, "NE_calm": 0.0, "NE_calm_n": 0, "NE_low": 3.67, "NE_low_n": 6, "NE_med": 2.33, "NE_med_n": 3, "NE_high": 0.0, "NE_high_n": 0, "NE_mean": 3.22, "NE_n": 9, "ENE_calm": 6.0, "ENE_calm_n": 2, "ENE_low": 2.4, "ENE_low_n": 5, "ENE_med": 0.0, "ENE_med_n": 0, "ENE_high": 0.0, "ENE_high_n": 0, "ENE_mean": 3.43, "ENE_n": 7, "E_calm": 0.0, "E_calm_n": 0, "E_low": 4.17, "E_low_n": 6, "E_med": 0.0, "E_med_n": 0, "E_high": 0.0, "E_high_n": 0, "E_mean": 4.17, "E_n": 6, "ESE_calm": 3.0, "ESE_calm_n": 1, "ESE_low": 10.33, "ESE_low_n": 3, "ESE_med": 0.0, "ESE_med_n": 0, "ESE_high": 0.0, "ESE_high_n": 0, "ESE_mean": 8.5, "ESE_n": 4, "SE_calm": 5.0, "SE_calm_n": 2, "SE_low": 4.0, "SE_low_n": 1, "SE_med": 0.0, "SE_med_n": 0, "SE_high": 0.0, "SE_high_n": 0, "SE_mean": 4.67, "SE_n": 3, "SSE_calm": 0.0, "SSE_calm_n": 0, "SSE_low": 3.71, "SSE_low_n": 7, "SSE_med": 0.0, "SSE_med_n": 0, "SSE_high": 0.0, "SSE_high_n": 0, "SSE_mean": 3.71, "SSE_n": 7, "S_calm": 4.0, "S_calm_n": 2, "S_low": 3.65, "S_low_n": 20, "S_med": 0.0, "S_med_n": 0, "S_high": 0.0, "S_high_n": 0, "S_mean": 3.68, "S_n": 22, "SSW_calm": 0.0, "SSW_calm_n": 0, "SSW_low": 2.54, "SSW_low_n": 13, "SSW_med": 0.67, "SSW_med_n": 3, "SSW_high": 0.0, "SSW_high_n": 0, "SSW_mean": 2.19, "SSW_n": 16, "SW_calm": 4.0, "SW_calm_n": 1, "SW_low": 2.94, "SW_low_n": 16, "SW_med": 0.75, "SW_med_n": 32, "SW_high": 0.0, "SW_high_n": 0, "SW_mean": 1.53, "SW_n": 49, "WSW_calm": 0.0, "WSW_calm_n": 0, "WSW_low": 2.0, "WSW_low_n": 6, "WSW_med": 0.86, "WSW_med_n": 7, "WSW_high": 0.0, "WSW_high_n": 0, "WSW_mean": 1.38, "WSW_n": 13, "W_calm": 0.0, "W_calm_n": 0, "W_low": 5.0, "W_low_n": 3, "W_med": 1.0, "W_med_n": 3, "W_high": 0.0, "W_high_n": 0, "W_mean": 3.0, "W_n": 6, "WNW_calm": 6.0, "WNW_calm_n": 1, "WNW_low": 4.0, "WNW_low_n": 3, "WNW_med": 1.0, "WNW_med_n": 3, "WNW_high": 0.0, "WNW_high_n": 0, "WNW_mean": 3.0, "WNW_n": 7, "NW_calm": 0.0, "NW_calm_n": 0, "NW_low": 6.0, "NW_low_n": 1, "NW_med": 0.0, "NW_med_n": 0, "NW_high": 0.0, "NW_high_n": 0, "NW_mean": 6.0, "NW_n": 1, "NNW_calm": 0.0, "NNW_calm_n": 0, "NNW_low": 0.0, "NNW_low_n": 0, "NNW_med": 0.0, "NNW_med_n": 0, "NNW_high": 0.0, "NNW_high_n": 0, "NNW_mean": 0, "NNW_n": 0, "calm_percent": 6.2}}, {"type": "Feature", "geometry": {"type": "Point", "coordinates": [-111.44853, 55.87711]}, "properties": {"N_calm": 0.0, "N_calm_n": 0, "N_low": 0.0, "N_low_n": 0, "N_med": 0.0, "N_med_n": 0, "N_high": 0.0, "N_high_n": 0, "N_mean": 0, "N_n": 0, "overall_mean": 2.02, "n_total": 160, "station": "Jackfish 1", "pollutant": "Nitrogen Dioxide", "period": "Last 7 Days", "start_date": "2026-09-28 19:00", "end_date": "2026-10-05 17:00", "dominant_dir": "NW", "dominant_value": 4.05, "dominant_percent": 13.1, "NNE_calm": 0.0, "NNE_calm_n": 0, "NNE_low": 0.0, "NNE_low_n": 0, "NNE_med": 0.0, "NNE_med_n": 0, "NNE_high": 0.0, "NNE_high_n": 0, "NNE_mean": 0, "NNE_n": 0, "NE_calm": 0.0, "NE_calm_n": 0, "NE_low": 0.0, "NE_low_n": 0, "NE_med": 0.0, "NE_med_n": 0, "NE_high": 0.0, "NE_high_n": 0, "NE_mean": 0, "NE_n": 0, "ENE_calm": 0.0, "ENE_calm_n": 0, "ENE_low": 0.0, "ENE_low_n": 0, "ENE_med": 0.0, "ENE_med_n": 0, "ENE_high": 0.0, "ENE_high_n": 0, "ENE_mean": 0, "ENE_n": 0, "E_calm": 0.0, "E_calm_n": 0, "E_low": 0.0, "E_low_n": 0, "E_med": 0.0, "E_med_n": 0, "E_high": 0.0, "E_high_n": 0, "E_mean": 0, "E_n": 0, "ESE_calm": 3.0, "ESE_calm_n": 1, "ESE_low": 0.0, "ESE_low_n": 0, "ESE_med": 0.0, "ESE_med_n": 0, "ESE_high": 0.0, "ESE_high_n": 0, "ESE_mean": 3.0, "ESE_n": 1, "SE_calm": 1.0, "SE_calm_n": 1, "SE_low": 0.0, "SE_low_n": 0, "SE_med": 0.0, "SE_med_n": 0, "SE_high": 0.0, "SE_high_n": 0, "SE_mean": 1.0, "SE_n": 1, "SSE_calm": 0.0, "SSE_calm_n": 0, "SSE_low": 1.75, "SSE_low_n": 4, "SSE_med": 0.0, "SSE_med_n": 0, "SSE_high": 0.0, "SSE_high_n": 0, "SSE_mean": 1.75, "SSE_n": 4, "S_calm": 3.5, "S_calm_n": 2, "S_low": 1.78, "S_low_n": 41, "S_med": 0.0, "S_med_n": 0, "S_high": 0.0, "S_high_n": 0, "S_mean": 1.86, "S_n": 43, "SSW_calm": 1.5, "SSW_calm_n": 2, "SSW_low": 1.88, "SSW_low_n": 17, "SSW_med": 0.0, "SSW_med_n": 0, "SSW_high": 0.0, "SSW_high_n": 0, "SSW_mean": 1.84, "SSW_n": 19, "SW_calm": 1.67, "SW_calm_n": 3, "SW_low": 1.89, "SW_low_n": 19, "SW_med": 0.0, "SW_med_n": 0, "SW_high": 0.0, "SW_high_n": 0, "SW_mean": 1.86, "SW_n": 22, "WSW_calm": 1.5, "WSW_calm_n": 4, "WSW_low": 1.33, "WSW_low_n": 15, "WSW_med": 0.0, "WSW_med_n": 0, "WSW_high": 0.0, "WSW_high_n": 0, "WSW_mean": 1.37, "WSW_n": 19, "W_calm": 1.25, "W_calm_n": 4, "W_low": 1.6, "W_low_n": 10, "W_med": 0.0, "W_med_n": 0, "W_high": 0.0, "W_high_n": 0, "W_mean": 1.5, "W_n": 14, "WNW_calm": 1.0, "WNW_calm_n": 1, "WNW_low": 1.69, "WNW_low_n": 13, "WNW_med": 0.0, "WNW_med_n": 0, "WNW_high": 0.0, "WNW_high_n": 0, "WNW_mean": 1.64, "WNW_n": 14, "NW_calm": 1.5, "NW_calm_n": 2, "NW_low": 3.07, "NW_low_n": 14, "NW_med": 7.8, "NW_med_n": 5, "NW_high": 0.0, "NW_high_n": 0, "NW_mean": 4.05, "NW_n": 21, "NNW_calm": 0.0, "NNW_calm_n": 0, "NNW_low": 1.0, "NNW_low_n": 2, "NNW_med": 0.0, "NNW_med_n": 0, "NNW_high": 0.0, "NNW_high_n": 0, "NNW_mean": 1.0, "NNW_n": 2, "calm_percent": 12.5}}, {"type": "Feature", "geometry": {"type": "Point", "coordinates": [-110.9759926, 55.5186932]}, "properties": {"N_calm": 0.0, "N_calm_n": 0, "N_low": 0.0, "N_low_n": 0, "N_med": 0.0, "N_med_n": 0, "N_high": 0.0, "N_high_n": 0, "N_mean": 0, "N_n": 0, "overall_mean": 0.84, "n_total": 160, "station": "Jackfish 2/3", "pollutant": "Nitrogen Dioxide", "period": "Last 7 Days", "start_date": "2026-09-28 19:00", "end_date": "2026-10-05 17:00", "dominant_dir": "SSE", "dominant_value": 2.0, "dominant_percent": 0.6, "NNE_calm": 0.0, "NNE_calm_n": 0, "NNE_low": 0.0, "NNE_low_n": 0, "NNE_med": 0.0, "NNE_med_n": 0, "NNE_high": 0.0, "NNE_high_n": 0, "NNE_mean": 0, "NNE_n": 0, "NE_calm": 0.0, "NE_calm_n": 0, "NE_low": 0.0, "NE_low_n": 0, "NE_med": 0.0, "NE_med_n": 0, "NE_high": 0.0, "NE_high_n": 0, "NE_mean": 0, "NE_n": 0, "ENE_calm": 0.0, "ENE_calm_n": 0, "ENE_low": 0.0, "ENE_low_n": 0, "ENE_med": 0.0, "ENE_med_n": 0, "ENE_high": 0.0, "ENE_high_n": 0, "ENE_mean": 0, "ENE_n": 0, "E_calm": 0.0, "E_calm_n": 0, "E_low": 0.0, "E_low_n": 0, "E_med": 0.0, "E_med_n": 0, "E_high": 0.0, "E_high_n": 0, "E_mean": 0, "E_n": 0, "ESE_calm": 0.0, "ESE_calm_n": 0, "ESE_low": 0.0, "ESE_low_n": 0, "ESE_med": 0.0, "ESE_med_n": 0, "ESE_high": 0.0, "ESE_high_n": 0, "ESE_mean": 0, "ESE_n": 0, "SE_calm": 0.0, "SE_calm_n": 0, "SE_low": 0.0, "SE_low_n": 0, "SE_med": 0.0, "SE_med_n": 0, "SE_high": 0.0, "SE_high_n": 0, "SE_mean": 0, "SE_n": 0, "SSE_calm": 0.0, "SSE_calm_n": 0, "SSE_low": 2.0, "SSE_low_n": 1, "SSE_med": 0.0, "SSE_med_n": 0, "SSE_high": 0.0, "SSE_high_n": 0, "SSE_mean": 2.0, "SSE_n": 1, "S_calm": 0.0, "S_calm_n": 0, "S_low": 1.17, "S_low_n": 12, "S_med": 0.0, "S_med_n": 0, "S_high": 0.0, "S_high_n": 0, "S_mean": 1.17, "S_n": 12, "SSW_calm": 0.0, "SSW_calm_n": 0, "SSW_low": 0.86, "SSW_low_n": 35, "SSW_med": 3.0, "SSW_med_n": 1, "SSW_high": 0.0, "SSW_high_n": 0, "SSW_mean": 0.92, "SSW_n": 36, "SW_calm": 0.0, "SW_calm_n": 0, "SW_low": 0.62, "SW_low_n": 13, "SW_med": 0.33, "SW_med_n": 3, "SW_high": 0.0, "SW_high_n": 0, "SW_mean": 0.56, "SW_n": 16, "WSW_calm": 0.0, "WSW_calm_n": 0, "WSW_low": 0.88, "WSW_low_n": 26, "WSW_med": 0.4, "WSW_med_n": 10, "WSW_high": 0.0, "WSW_high_n": 0, "WSW_mean": 0.75, "WSW_n": 36, "W_calm": 0.0, "W_calm_n": 0, "W_low": 1.0, "W_low_n": 29, "W_med": 0.3, "W_med_n": 10, "W_high": 0.0, "W_high_n": 0, "W_mean": 0.82, "W_n": 39, "WNW_calm": 0.0, "WNW_calm_n": 0, "WNW_low": 1.0, "WNW_low_n": 2, "WNW_med": 1.67, "WNW_med_n": 6, "WNW_high": 0.0, "WNW_high_n": 0, "WNW_mean": 1.5, "WNW_n": 8, "NW_calm": 1.0, "NW_calm_n": 2, "NW_low": 0.17, "NW_low_n": 6, "NW_med": 1.5, "NW_med_n": 2, "NW_high": 0.0, "NW_high_n": 0, "NW_mean": 0.6, "NW_n": 10, "NNW_calm": 0.0, "NNW_calm_n": 0, "NNW_low": 0.0, "NNW_low_n": 2, "NNW_med": 0.0, "NNW_med_n": 0, "NNW_high": 0.0, "NNW_high_n": 0, "NNW_mean": 0.0, "NNW_n": 2, "calm_percent": 1.2}}, {"type": "Feature", "geometry": {"type": "Point", "coordinates": [-110.7499, 55.9033]}, "properties": {"N_calm": 0.0, "N_calm_n": 0, "N_low": 0.0, "N_low_n": 0, "N_med": 0.0, "N_med_n": 0, "N_high": 0.0, "N_high_n": 0, "N_mean": 0, "N_n": 0, "overall_mean": 0.52, "n_total": 160, "station": "Janvier", "pollutant": "Nitrogen Dioxide", "period": "Last 7 Days", "start_date": "2026-09-28 19:00", "end_date": "2026-10-05 17:00", "dominant_dir": "SE", "dominant_value": 1.0, "dominant_percent": 0.6, "NNE_calm": 0.0, "NNE_calm_n": 0, "NNE_low": 0.0, "NNE_low_n": 0, "NNE_med": 0.0, "NNE_med_n": 0, "NNE_high": 0.0, "NNE_high_n": 0, "NNE_mean": 0, "NNE_n": 0, "NE_calm": 0.0, "NE_calm_n": 0, "NE_low": 0.0, "NE_low_n": 0, "NE_med": 0.0, "NE_med_n": 0, "NE_high": 0.0, "NE_high_n": 0, "NE_mean": 0, "NE_n": 0, "ENE_calm": 0.0, "ENE_calm_n": 0, "ENE_low": 0.0, "ENE_low_n": 0, "ENE_med": 0.0, "ENE_med_n": 0, "ENE_high": 0.0, "ENE_high_n": 0, "ENE_mean": 0, "ENE_n": 0, "E_calm": 0.0, "E_calm_n": 0, "E_low": 0.0, "E_low_n": 0, "E_med": 0.0, "E_med_n": 0, "E_high": 0.0, "E_high_n": 0, "E_mean": 0, "E_n": 0, "ESE_calm": 0.0, "ESE_calm_n": 0, "ESE_low": 0.0, "ESE_low_n": 0, "ESE_med": 0.0, "ESE_med_n": 0, "ESE_high": 0.0, "ESE_high_n": 0, "ESE_mean": 0, "ESE_n": 0, "SE_calm": 0.0, "SE_calm_n": 0, "SE_low": 1.0, "SE_low_n": 1, "SE_med": 0.0, "SE_med_n": 0, "SE_high": 0.0, "SE_high_n": 0, "SE_mean": 1.0, "SE_n": 1, "SSE_calm": 0.0, "SSE_calm_n": 0, "SSE_low": 0.67, "SSE_low_n": 3, "SSE_med": 0.0, "SSE_med_n": 0, "SSE_high": 0.0, "SSE_high_n": 0, "SSE_mean": 0.67, "SSE_n": 3, "S_calm": 0.0, "S_calm_n": 0, "S_low": 0.88, "S_low_n": 8, "S_med": 0.0, "S_med_n": 1, "S_high": 0.0, "S_high_n": 0, "S_mean": 0.78, "S_n": 9, "SSW_calm": 0.0, "SSW_calm_n": 0, "SSW_low": 0.77, "SSW_low_n": 44, "SSW_med": 0.29, "SSW_med_n": 7, "SSW_high": 0.0, "SSW_high_n": 0, "SSW_mean": 0.71, "SSW_n": 51, "SW_calm": 1.0, "SW_calm_n": 1, "SW_low": 0.81, "SW_low_n": 36, "SW_med": 0.22, "SW_med_n": 9, "SW_high": 0.0, "SW_high_n": 0, "SW_mean": 0.7, "SW_n": 46, "WSW_calm": 0.0, "WSW_calm_n": 0, "WSW_low": 0.0, "WSW_low_n": 5, "WSW_med": 0.0, "WSW_med_n": 4, "WSW_high": 0.0, "WSW_high_n": 0, "WSW_mean": 0.0, "WSW_n": 9, "W_calm": 0.0, "W_calm_n": 0, "W_low": 0.4, "W_low_n": 5, "W_med": 0.0, "W_med_n": 5, "W_high": 0.0, "W_high_n": 0, "W_mean": 0.2, "W_n": 10, "WNW_calm": 1.0, "WNW_calm_n": 1, "WNW_low": 0.2, "WNW_low_n": 10, "WNW_med": 0.0, "WNW_med_n": 8, "WNW_high": 0.0, "WNW_high_n": 0, "WNW_mean": 0.16, "WNW_n": 19, "NW_calm": 0.0, "NW_calm_n": 0, "NW_low": 0.0, "NW_low_n": 2, "NW_med": 0.0, "NW_med_n": 9, "NW_high": 0.0, "NW_high_n": 0, "NW_mean": 0.0, "NW_n": 11, "NNW_calm": 0.0, "NNW_calm_n": 0, "NNW_low": 0.0, "NNW_low_n": 1, "NNW_med": 0.0, "NNW_med_n": 0, "NNW_high": 0.0, "NNW_high_n": 0, "NNW_mean": 0.0, "NNW_n": 1, "calm_percent": 1.2}}, {"type": "Feature", "geometry": {"type": "Point", "coordinates": [-118.09144, 52.873528]}, "properties": {"N_calm": 0.0, "N_calm_n": 0, "N_low": 4.0, "N_low_n": 1, "N_med": 0.0, "N_med_n": 0, "N_high": 0.0, "N_high_n": 0, "N_mean": 4.0, "N_n": 1, "overall_mean": 5.95, "n_total": 160, "station": "Jasper", "pollutant": "Nitrogen Dioxide", "period": "Last 7 Days", "start_date": "2026-09-28 19:00", "end_date": "2026-10-05 17:00", "dominant_dir": "SW", "dominant_value": 8.57, "dominant_percent": 46.2, "NNE_calm": 0.0, "NNE_calm_n": 0, "NNE_low": 0.0, "NNE_low_n": 0, "NNE_med": 0.0, "NNE_med_n": 0, "NNE_high": 0.0, "NNE_high_n": 0, "NNE_mean": 0, "NNE_n": 0, "NE_calm": 0.0, "NE_calm_n": 0, "NE_low": 0.0, "NE_low_n": 0, "NE_med": 0.0, "NE_med_n": 0, "NE_high": 0.0, "NE_high_n": 0, "NE_mean": 0, "NE_n": 0, "ENE_calm": 0.0, "ENE_calm_n": 0, "ENE_low": 0.0, "ENE_low_n": 0, "ENE_med": 0.0, "ENE_med_n": 0, "ENE_high": 0.0, "ENE_high_n": 0, "ENE_mean": 0, "ENE_n": 0, "E_calm": 0.0, "E_calm_n": 0, "E_low": 0.0, "E_low_n": 0, "E_med": 0.0, "E_med_n": 0, "E_high": 0.0, "E_high_n": 0, "E_mean": 0, "E_n": 0, "ESE_calm": 0.0, "ESE_calm_n": 0, "ESE_low": 0.0, "ESE_low_n": 0, "ESE_med": 0.0, "ESE_med_n": 0, "ESE_high": 0.0, "ESE_high_n": 0, "ESE_mean": 0, "ESE_n": 0, "SE_calm": 0.0, "SE_calm_n": 0, "SE_low": 0.0, "SE_low_n": 0, "SE_med": 0.0, "SE_med_n": 0, "SE_high": 0.0, "SE_high_n": 0, "SE_mean": 0, "SE_n": 0, "SSE_calm": 2.0, "SSE_calm_n": 1, "SSE_low": 2.89, "SSE_low_n": 9, "SSE_med": 0.0, "SSE_med_n": 0, "SSE_high": 0.0, "SSE_high_n": 0, "SSE_mean": 2.8, "SSE_n": 10, "S_calm": 0.0, "S_calm_n": 0, "S_low": 2.89, "S_low_n": 9, "S_med": 0.0, "S_med_n": 0, "S_high": 0.0, "S_high_n": 0, "S_mean": 2.89, "S_n": 9, "SSW_calm": 0.0, "SSW_calm_n": 0, "SSW_low": 4.66, "SSW_low_n": 29, "SSW_med": 0.0, "SSW_med_n": 0, "SSW_high": 0.0, "SSW_high_n": 0, "SSW_mean": 4.66, "SSW_n": 29, "SW_calm": 0.0, "SW_calm_n": 0, "SW_low": 9.26, "SW_low_n": 68, "SW_med": 0.67, "SW_med_n": 6, "SW_high": 0.0, "SW_high_n": 0, "SW_mean": 8.57, "SW_n": 74, "WSW_calm": 0.0, "WSW_calm_n": 0, "WSW_low": 3.96, "WSW_low_n": 25, "WSW_med": 2.0, "WSW_med_n": 6, "WSW_high": 0.0, "WSW_high_n": 0, "WSW_mean": 3.58, "WSW_n": 31, "W_calm": 0.0, "W_calm_n": 0, "W_low": 2.33, "W_low_n": 3, "W_med": 1.5, "W_med_n": 2, "W_high": 0.0, "W_high_n": 0, "W_mean": 2.0, "W_n": 5, "WNW_calm": 0.0, "WNW_calm_n": 0, "WNW_low": 0.0, "WNW_low_n": 0, "WNW_med": 0.0, "WNW_med_n": 0, "WNW_high": 0.0, "WNW_high_n": 0, "WNW_mean": 0, "WNW_n": 0, "NW_calm": 4.0, "NW_calm_n": 1, "NW_low": 0.0, "NW_low_n": 0, "NW_med": 0.0, "NW_med_n": 0, "NW_high": 0.0, "NW_high_n": 0, "NW_mean": 4.0, "NW_n": 1, "NNW_calm": 0.0, "NNW_calm_n": 0, "NNW_low": 0.0, "NNW_low_n": 0, "NNW_med": 0.0, "NNW_med_n": 0, "NNW_high": 0.0, "NNW_high_n": 0, "NNW_mean": 0, "NNW_n": 0, "calm_percent": 1.2}}, {"type": "Feature", "geometry": {"type": "Point", "coordinates": [-111.218823, 55.461647]}, "properties": {"N_calm": 0.0, "N_calm_n": 0, "N_low": 0.0, "N_low_n": 0, "N_med": 0.0, "N_med_n": 0, "N_high": 0.0, "N_high_n": 0, "N_mean": 0, "N_n": 0, "overall_mean": 0.57, "n_total": 160, "station": "Kirby North", "pollutant": "Nitrogen Dioxide", "period": "Last 7 Days", "start_date": "2026-09-28 19:00", "end_date": "2026-10-05 17:00", "dominant_dir": "W", "dominant_value": 2.63, "dominant_percent": 11.9, "NNE_calm": 0.0, "NNE_calm_n": 0, "NNE_low": 0.0, "NNE_low_n": 1, "NNE_med": 0.0, "NNE_med_n": 0, "NNE_high": 0.0, "NNE_high_n": 0, "NNE_mean": 0.0, "NNE_n": 1, "NE_calm": 0.0, "NE_calm_n": 0, "NE_low": 0.0, "NE_low_n": 0, "NE_med": 0.0, "NE_med_n": 0, "NE_high": 0.0, "NE_high_n": 0, "NE_mean": 0, "NE_n": 0, "ENE_calm": 0.0, "ENE_calm_n": 0, "ENE_low": 0.0, "ENE_low_n": 1, "ENE_med": 0.0, "ENE_med_n": 0, "ENE_high": 0.0, "ENE_high_n": 0, "ENE_mean": 0.0, "ENE_n": 1, "E_calm": 0.0, "E_calm_n": 0, "E_low": 0.0, "E_low_n": 0, "E_med": 0.0, "E_med_n": 0, "E_high": 0.0, "E_high_n": 0, "E_mean": 0, "E_n": 0, "ESE_calm": 0.0, "ESE_calm_n": 0, "ESE_low": 0.0, "ESE_low_n": 1, "ESE_med": 0.0, "ESE_med_n": 0, "ESE_high": 0.0, "ESE_high_n": 0, "ESE_mean": 0.0, "ESE_n": 1, "SE_calm": 0.0, "SE_calm_n": 0, "SE_low": 0.0, "SE_low_n": 3, "SE_med": 1.0, "SE_med_n": 1, "SE_high": 0.0, "SE_high_n": 0, "SE_mean": 0.25, "SE_n": 4, "SSE_calm": 0.0, "SSE_calm_n": 1, "SSE_low": 0.14, "SSE_low_n": 14, "SSE_med": 0.67, "SSE_med_n": 9, "SSE_high": 0.0, "SSE_high_n": 0, "SSE_mean": 0.33, "SSE_n": 24, "S_calm": 0.0, "S_calm_n": 0, "S_low": 0.48, "S_low_n": 29, "S_med": 0.6, "S_med_n": 5, "S_high": 0.0, "S_high_n": 0, "S_mean": 0.5, "S_n": 34, "SSW_calm": 0.0, "SSW_calm_n": 0, "SSW_low": 0.0, "SSW_low_n": 4, "SSW_med": 0.14, "SSW_med_n": 7, "SSW_high": 0.0, "SSW_high_n": 0, "SSW_mean": 0.09, "SSW_n": 11, "SW_calm": 0.0, "SW_calm_n": 0, "SW_low": 0.18, "SW_low_n": 11, "SW_med": 0.06, "SW_med_n": 17, "SW_high": 0.0, "SW_high_n": 0, "SW_mean": 0.11, "SW_n": 28, "WSW_calm": 0.0, "WSW_calm_n": 0, "WSW_low": 0.0, "WSW_low_n": 5, "WSW_med": 0.5, "WSW_med_n": 10, "WSW_high": 0.0, "WSW_high_n": 0, "WSW_mean": 0.33, "WSW_n": 15, "W_calm": 0.0, "W_calm_n": 0, "W_low": 2.1, "W_low_n": 10, "W_med": 3.22, "W_med_n": 9, "W_high": 0.0, "W_high_n": 0, "W_mean": 2.63, "W_n": 19, "WNW_calm": 0.0, "WNW_calm_n": 0, "WNW_low": 0.4, "WNW_low_n": 5, "WNW_med": 0.57, "WNW_med_n": 7, "WNW_high": 0.0, "WNW_high_n": 0, "WNW_mean": 0.5, "WNW_n": 12, "NW_calm": 0.0, "NW_calm_n": 0, "NW_low": 0.0, "NW_low_n": 1, "NW_med": 0.0, "NW_med_n": 8, "NW_high": 0.0, "NW_high_n": 0, "NW_mean": 0.0, "NW_n": 9, "NNW_calm": 0.0, "NNW_calm_n": 1, "NNW_low": 0.0, "NNW_low_n": 0, "NNW_med": 0.0, "NNW_med_n": 0, "NNW_high": 0.0, "NNW_high_n": 0, "NNW_mean": 0.0, "NNW_n": 1, "calm_percent": 1.2}}, {"type": "Feature", "geometry": {"type": "Point", "coordinates": [-112.778004, 53.757334]}, "properties": {"N_calm": 0.0, "N_calm_n": 0, "N_low": 0.0, "N_low_n": 0, "N_med": 0.0, "N_med_n": 0, "N_high": 0.0, "N_high_n": 0, "N_mean": 0, "N_n": 0, "overall_mean": 5.35, "n_total": 167, "station": "Lamont", "pollutant": "Nitrogen Dioxide", "period": "Last 7 Days", "start_date": "2026-09-28 19:00", "end_date": "2026-10-05 17:00", "dominant_dir": "WSW", "dominant_value": 8.25, "dominant_percent": 16.8, "NNE_calm": 0.0, "NNE_calm_n": 0, "NNE_low": 0.0, "NNE_low_n": 0, "NNE_med": 0.0, "NNE_med_n": 0, "NNE_high": 0.0, "NNE_high_n": 0, "NNE_mean": 0, "NNE_n": 0, "NE_calm": 0.0, "NE_calm_n": 0, "NE_low": 0.0, "NE_low_n": 0, "NE_med": 0.0, "NE_med_n": 0, "NE_high": 0.0, "NE_high_n": 0, "NE_mean": 0, "NE_n": 0, "ENE_calm": 0.0, "ENE_calm_n": 0, "ENE_low": 0.0, "ENE_low_n": 0, "ENE_med": 0.0, "ENE_med_n": 0, "ENE_high": 0.0, "ENE_high_n": 0, "ENE_mean": 0, "ENE_n": 0, "E_calm": 0.0, "E_calm_n": 0, "E_low": 0.0, "E_low_n": 0, "E_med": 0.0, "E_med_n": 0, "E_high": 0.0, "E_high_n": 0, "E_mean": 0, "E_n": 0, "ESE_calm": 0.0, "ESE_calm_n": 0, "ESE_low": 0.0, "ESE_low_n": 0, "ESE_med": 0.0, "ESE_med_n": 0, "ESE_high": 0.0, "ESE_high_n": 0, "ESE_mean": 0, "ESE_n": 0, "SE_calm": 3.0, "SE_calm_n": 1, "SE_low": 3.38, "SE_low_n": 13, "SE_med": 2.8, "SE_med_n": 10, "SE_high": 0.0, "SE_high_n": 0, "SE_mean": 3.12, "SE_n": 24, "SSE_calm": 3.0, "SSE_calm_n": 1, "SSE_low": 3.25, "SSE_low_n": 8, "SSE_med": 3.0, "SSE_med_n": 3, "SSE_high": 1.2, "SSE_high_n": 5, "SSE_mean": 2.59, "SSE_n": 17, "S_calm": 0.0, "S_calm_n": 0, "S_low": 3.6, "S_low_n": 5, "S_med": 2.0, "S_med_n": 2, "S_high": 0.0, "S_high_n": 0, "S_mean": 3.14, "S_n": 7, "SSW_calm": 0.0, "SSW_calm_n": 0, "SSW_low": 6.5, "SSW_low_n": 4, "SSW_med": 1.0, "SSW_med_n": 1, "SSW_high": 0.0, "SSW_high_n": 0, "SSW_mean": 5.4, "SSW_n": 5, "SW_calm": 0.0, "SW_calm_n": 0, "SW_low": 4.0, "SW_low_n": 5, "SW_med": 1.0, "SW_med_n": 1, "SW_high": 0.0, "SW_high_n": 0, "SW_mean": 3.5, "SW_n": 6, "WSW_calm": 4.0, "WSW_calm_n": 1, "WSW_low": 8.82, "WSW_low_n": 17, "WSW_med": 7.7, "WSW_med_n": 10, "WSW_high": 0.0, "WSW_high_n": 0, "WSW_mean": 8.25, "WSW_n": 28, "W_calm": 0.0, "W_calm_n": 0, "W_low": 8.76, "W_low_n": 17, "W_med": 5.28, "W_med_n": 18, "W_high": 0.0, "W_high_n": 0, "W_mean": 6.97, "W_n": 35, "WNW_calm": 6.0, "WNW_calm_n": 1, "WNW_low": 7.0, "WNW_low_n": 12, "WNW_med": 4.25, "WNW_med_n": 8, "WNW_high": 2.0, "WNW_high_n": 8, "WNW_mean": 4.83, "WNW_n": 29, "NW_calm": 0.0, "NW_calm_n": 0, "NW_low": 9.75, "NW_low_n": 4, "NW_med": 4.0, "NW_med_n": 8, "NW_high": 0.0, "NW_high_n": 0, "NW_mean": 5.92, "NW_n": 12, "NNW_calm": 0.0, "NNW_calm_n": 0, "NNW_low": 5.0, "NNW_low_n": 2, "NNW_med": 4.5, "NNW_med_n": 2, "NNW_high": 0.0, "NNW_high_n": 0, "NNW_mean": 4.75, "NNW_n": 4, "calm_percent": 2.4}}, {"type": "Feature", "geometry": {"type": "Point", "coordinates": [-112.800586, 49.7161843]}, "properties": {"N_calm": 0.0, "N_calm_n": 0, "N_low": 2.6, "N_low_n": 1, "N_med": 0.0, "N_med_n": 0, "N_high": 0.0, "N_high_n": 0, "N_mean": 2.6, "N_n": 1, "overall_mean": 4.21, "n_total": 152, "station": "Lethbridge", "pollutant": "Nitrogen Dioxide", "period": "Last 7 Days", "start_date": "2026-09-28 19:00", "end_date": "2026-10-05 17:00", "dominant_dir": "S", "dominant_value": 10.7, "dominant_percent": 0.7, "NNE_calm": 0.0, "NNE_calm_n": 0, "NNE_low": 1.8, "NNE_low_n": 1, "NNE_med": 0.0, "NNE_med_n": 0, "NNE_high": 0.0, "NNE_high_n": 0, "NNE_mean": 1.8, "NNE_n": 1, "NE_calm": 0.0, "NE_calm_n": 0, "NE_low": 3.7, "NE_low_n": 2, "NE_med": 0.0, "NE_med_n": 0, "NE_high": 0.0, "NE_high_n": 0, "NE_mean": 3.7, "NE_n": 2, "ENE_calm": 0.0, "ENE_calm_n": 0, "ENE_low": 2.5, "ENE_low_n": 6, "ENE_med": 0.0, "ENE_med_n": 0, "ENE_high": 0.0, "ENE_high_n": 0, "ENE_mean": 2.5, "ENE_n": 6, "E_calm": 17.2, "E_calm_n": 2, "E_low": 5.1, "E_low_n": 4, "E_med": 0.0, "E_med_n": 0, "E_high": 0.0, "E_high_n": 0, "E_mean": 9.13, "E_n": 6, "ESE_calm": 8.8, "ESE_calm_n": 1, "ESE_low": 5.67, "ESE_low_n": 6, "ESE_med": 0.0, "ESE_med_n": 0, "ESE_high": 0.0, "ESE_high_n": 0, "ESE_mean": 6.11, "ESE_n": 7, "SE_calm": 0.0, "SE_calm_n": 0, "SE_low": 5.35, "SE_low_n": 10, "SE_med": 0.0, "SE_med_n": 0, "SE_high": 0.0, "SE_high_n": 0, "SE_mean": 5.35, "SE_n": 10, "SSE_calm": 0.0, "SSE_calm_n": 0, "SSE_low": 3.18, "SSE_low_n": 8, "SSE_med": 0.0, "SSE_med_n": 0, "SSE_high": 0.0, "SSE_high_n": 0, "SSE_mean": 3.18, "SSE_n": 8, "S_calm": 0.0, "S_calm_n": 0, "S_low": 10.7, "S_low_n": 1, "S_med": 0.0, "S_med_n": 0, "S_high": 0.0, "S_high_n": 0, "S_mean": 10.7, "S_n": 1, "SSW_calm": 0.0, "SSW_calm_n": 0, "SSW_low": 3.5, "SSW_low_n": 9, "SSW_med": 0.0, "SSW_med_n": 0, "SSW_high": 0.0, "SSW_high_n": 0, "SSW_mean": 3.5, "SSW_n": 9, "SW_calm": 10.5, "SW_calm_n": 2, "SW_low": 5.81, "SW_low_n": 11, "SW_med": 2.75, "SW_med_n": 4, "SW_high": 0.0, "SW_high_n": 0, "SW_mean": 5.64, "SW_n": 17, "WSW_calm": 9.8, "WSW_calm_n": 1, "WSW_low": 7.28, "WSW_low_n": 14, "WSW_med": 1.5, "WSW_med_n": 30, "WSW_high": 0.0, "WSW_high_n": 0, "WSW_mean": 3.48, "WSW_n": 45, "W_calm": 4.3, "W_calm_n": 1, "W_low": 10.22, "W_low_n": 4, "W_med": 1.71, "W_med_n": 20, "W_high": 0.0, "W_high_n": 0, "W_mean": 3.17, "W_n": 25, "WNW_calm": 12.7, "WNW_calm_n": 1, "WNW_low": 4.7, "WNW_low_n": 3, "WNW_med": 0.0, "WNW_med_n": 0, "WNW_high": 0.0, "WNW_high_n": 0, "WNW_mean": 6.7, "WNW_n": 4, "NW_calm": 0.0, "NW_calm_n": 0, "NW_low": 4.5, "NW_low_n": 4, "NW_med": 0.0, "NW_med_n": 0, "NW_high": 0.0, "NW_high_n": 0, "NW_mean": 4.5, "NW_n": 4, "NNW_calm": 5.1, "NNW_calm_n": 1, "NNW_low": 2.56, "NNW_low_n": 5, "NNW_med": 0.0, "NNW_med_n": 0, "NNW_high": 0.0, "NNW_high_n": 0, "NNW_mean": 2.98, "NNW_n": 6, "calm_percent": 5.9}}, {"type": "Feature", "geometry": {"type": "Point", "coordinates": [-114.6361, 53.5299999]}, "properties": {"N_calm": 0.0, "N_calm_n": 0, "N_low": 0.5, "N_low_n": 2, "N_med": 0.0, "N_med_n": 0, "N_high": 0.0, "N_high_n": 0, "N_mean": 0.5, "N_n": 2, "overall_mean": 1.56, "n_total": 160, "station": "Meadows", "pollutant": "Nitrogen Dioxide", "period": "Last 7 Days", "start_date": "2026-09-28 19:00", "end_date": "2026-10-05 17:00", "dominant_dir": "ENE", "dominant_value": 3.0, "dominant_percent": 0.6, "NNE_calm": 0.0, "NNE_calm_n": 0, "NNE_low": 1.5, "NNE_low_n": 2, "NNE_med": 0.0, "NNE_med_n": 0, "NNE_high": 0.0, "NNE_high_n": 0, "NNE_mean": 1.5, "NNE_n": 2, "NE_calm": 0.0, "NE_calm_n": 0, "NE_low": 1.25, "NE_low_n": 4, "NE_med": 0.0, "NE_med_n": 0, "NE_high": 0.0, "NE_high_n": 0, "NE_mean": 1.25, "NE_n": 4, "ENE_calm": 0.0, "ENE_calm_n": 0, "ENE_low": 3.0, "ENE_low_n": 1, "ENE_med": 0.0, "ENE_med_n": 0, "ENE_high": 0.0, "ENE_high_n": 0, "ENE_mean": 3.0, "ENE_n": 1, "E_calm": 0.0, "E_calm_n": 0, "E_low": 2.33, "E_low_n": 3, "E_med": 0.0, "E_med_n": 0, "E_high": 0.0, "E_high_n": 0, "E_mean": 2.33, "E_n": 3, "ESE_calm": 2.0, "ESE_calm_n": 1, "ESE_low": 2.64, "ESE_low_n": 11, "ESE_med": 2.0, "ESE_med_n": 1, "ESE_high": 0.0, "ESE_high_n": 0, "ESE_mean": 2.54, "ESE_n": 13, "SE_calm": 0.0, "SE_calm_n": 0, "SE_low": 1.75, "SE_low_n": 4, "SE_med": 1.5, "SE_med_n": 6, "SE_high": 0.0, "SE_high_n": 0, "SE_mean": 1.6, "SE_n": 10, "SSE_calm": 1.0, "SSE_calm_n": 1, "SSE_low": 1.5, "SSE_low_n": 2, "SSE_med": 0.0, "SSE_med_n": 0, "SSE_high": 0.0, "SSE_high_n": 0, "SSE_mean": 1.33, "SSE_n": 3, "S_calm": 0.0, "S_calm_n": 0, "S_low": 1.5, "S_low_n": 4, "S_med": 0.0, "S_med_n": 0, "S_high": 0.0, "S_high_n": 0, "S_mean": 1.5, "S_n": 4, "SSW_calm": 0.0, "SSW_calm_n": 0, "SSW_low": 1.0, "SSW_low_n": 8, "SSW_med": 0.0, "SSW_med_n": 0, "SSW_high": 0.0, "SSW_high_n": 0, "SSW_mean": 1.0, "SSW_n": 8, "SW_calm": 0.0, "SW_calm_n": 0, "SW_low": 1.78, "SW_low_n": 9, "SW_med": 0.0, "SW_med_n": 0, "SW_high": 0.0, "SW_high_n": 0, "SW_mean": 1.78, "SW_n": 9, "WSW_calm": 2.0, "WSW_calm_n": 2, "WSW_low": 1.7, "WSW_low_n": 27, "WSW_med": 2.0, "WSW_med_n": 4, "WSW_high": 0.0, "WSW_high_n": 0, "WSW_mean": 1.76, "WSW_n": 33, "W_calm": 0.0, "W_calm_n": 0, "W_low": 1.8, "W_low_n": 25, "W_med": 1.5, "W_med_n": 12, "W_high": 0.0, "W_high_n": 0, "W_mean": 1.7, "W_n": 37, "WNW_calm": 0.0, "WNW_calm_n": 0, "WNW_low": 1.2, "WNW_low_n": 5, "WNW_med": 0.67, "WNW_med_n": 12, "WNW_high": 1.0, "WNW_high_n": 1, "WNW_mean": 0.83, "WNW_n": 18, "NW_calm": 0.0, "NW_calm_n": 0, "NW_low": 1.0, "NW_low_n": 1, "NW_med": 0.88, "NW_med_n": 8, "NW_high": 0.0, "NW_high_n": 0, "NW_mean": 0.89, "NW_n": 9, "NNW_calm": 0.0, "NNW_calm_n": 0, "NNW_low": 0.67, "NNW_low_n": 3, "NNW_med": 1.0, "NNW_med_n": 1, "NNW_high": 0.0, "NNW_high_n": 0, "NNW_mean": 0.75, "NNW_n": 4, "calm_percent": 2.5}}, {"type": "Feature", "geometry": {"type": "Point", "coordinates": [-110.6811172, 50.0488873]}, "properties": {"N_calm": 0.0, "N_calm_n": 0, "N_low": 6.25, "N_low_n": 4, "N_med": 2.25, "N_med_n": 4, "N_high": 0.0, "N_high_n": 0, "N_mean": 4.25, "N_n": 8, "overall_mean": 4.67, "n_total": 149, "station": "Medicine Hat - Crescent Heights", "pollutant": "Nitrogen Dioxide", "period": "Last 7 Days", "start_date": "2026-09-28 19:00", "end_date": "2026-10-05 17:00", "dominant_dir": "S", "dominant_value": 7.29, "dominant_percent": 11.4, "NNE_calm": 0.0, "NNE_calm_n": 0, "NNE_low": 3.25, "NNE_low_n": 4, "NNE_med": 3.0, "NNE_med_n": 3, "NNE_high": 0.0, "NNE_high_n": 0, "NNE_mean": 3.14, "NNE_n": 7, "NE_calm": 17.0, "NE_calm_n": 1, "NE_low": 4.25, "NE_low_n": 4, "NE_med": 0.0, "NE_med_n": 0, "NE_high": 0.0, "NE_high_n": 0, "NE_mean": 6.8, "NE_n": 5, "ENE_calm": 0.0, "ENE_calm_n": 0, "ENE_low": 1.5, "ENE_low_n": 2, "ENE_med": 1.0, "ENE_med_n": 3, "ENE_high": 0.0, "ENE_high_n": 0, "ENE_mean": 1.2, "ENE_n": 5, "E_calm": 16.0, "E_calm_n": 1, "E_low": 3.71, "E_low_n": 7, "E_med": 2.0, "E_med_n": 1, "E_high": 0.0, "E_high_n": 0, "E_mean": 4.89, "E_n": 9, "ESE_calm": 8.0, "ESE_calm_n": 1, "ESE_low": 4.2, "ESE_low_n": 5, "ESE_med": 2.5, "ESE_med_n": 2, "ESE_high": 0.0, "ESE_high_n": 0, "ESE_mean": 4.25, "ESE_n": 8, "SE_calm": 0.0, "SE_calm_n": 0, "SE_low": 7.0, "SE_low_n": 6, "SE_med": 0.0, "SE_med_n": 0, "SE_high": 0.0, "SE_high_n": 0, "SE_mean": 7.0, "SE_n": 6, "SSE_calm": 10.0, "SSE_calm_n": 2, "SSE_low": 5.57, "SSE_low_n": 7, "SSE_med": 0.0, "SSE_med_n": 0, "SSE_high": 0.0, "SSE_high_n": 0, "SSE_mean": 6.56, "SSE_n": 9, "S_calm": 10.33, "S_calm_n": 3, "S_low": 7.08, "S_low_n": 13, "S_med": 1.0, "S_med_n": 1, "S_high": 0.0, "S_high_n": 0, "S_mean": 7.29, "S_n": 17, "SSW_calm": 0.0, "SSW_calm_n": 0, "SSW_low": 9.67, "SSW_low_n": 3, "SSW_med": 2.6, "SSW_med_n": 5, "SSW_high": 0.0, "SSW_high_n": 0, "SSW_mean": 5.25, "SSW_n": 8, "SW_calm": 0.0, "SW_calm_n": 0, "SW_low": 5.0, "SW_low_n": 12, "SW_med": 3.08, "SW_med_n": 13, "SW_high": 0.0, "SW_high_n": 0, "SW_mean": 4.0, "SW_n": 25, "WSW_calm": 0.0, "WSW_calm_n": 0, "WSW_low": 5.8, "WSW_low_n": 5, "WSW_med": 3.44, "WSW_med_n": 9, "WSW_high": 0.0, "WSW_high_n": 0, "WSW_mean": 4.29, "WSW_n": 14, "W_calm": 11.0, "W_calm_n": 1, "W_low": 7.0, "W_low_n": 1, "W_med": 1.67, "W_med_n": 9, "W_high": 0.0, "W_high_n": 0, "W_mean": 3.0, "W_n": 11, "WNW_calm": 0.0, "WNW_calm_n": 0, "WNW_low": 4.5, "WNW_low_n": 4, "WNW_med": 2.0, "WNW_med_n": 2, "WNW_high": 0.0, "WNW_high_n": 0, "WNW_mean": 3.67, "WNW_n": 6, "NW_calm": 0.0, "NW_calm_n": 0, "NW_low": 2.5, "NW_low_n": 4, "NW_med": 0.0, "NW_med_n": 0, "NW_high": 0.0, "NW_high_n": 0, "NW_mean": 2.5, "NW_n": 4, "NNW_calm": 0.0, "NNW_calm_n": 0, "NNW_low": 4.67, "NNW_low_n": 6, "NNW_med": 2.0, "NNW_med_n": 1, "NNW_high": 0.0, "NNW_high_n": 0, "NNW_mean": 4.29, "NNW_n": 7, "calm_percent": 6.0}}, {"type": "Feature", "geometry": {"type": "Point", "coordinates": [-113.1259, 53.7524]}, "properties": {"N_calm": 0.0, "N_calm_n": 0, "N_low": 0.0, "N_low_n": 0, "N_med": 0.0, "N_med_n": 0, "N_high": 0.0, "N_high_n": 0, "N_mean": 0, "N_n": 0, "overall_mean": 9.87, "n_total": 158, "station": "Range Road 220", "pollutant": "Nitrogen Dioxide", "period": "Last 7 Days", "start_date": "2026-09-28 19:00", "end_date": "2026-10-05 16:00", "dominant_dir": "SW", "dominant_value": 19.75, "dominant_percent": 10.1, "NNE_calm": 0.0, "NNE_calm_n": 0, "NNE_low": 0.0, "NNE_low_n": 0, "NNE_med": 0.0, "NNE_med_n": 0, "NNE_high": 0.0, "NNE_high_n": 0, "NNE_mean": 0, "NNE_n": 0, "NE_calm": 0.0, "NE_calm_n": 0, "NE_low": 11.83, "NE_low_n": 6, "NE_med": 0.0, "NE_med_n": 0, "NE_high": 0.0, "NE_high_n": 0, "NE_mean": 11.83, "NE_n": 6, "ENE_calm": 18.0, "ENE_calm_n": 1, "ENE_low": 10.33, "ENE_low_n": 3, "ENE_med": 0.0, "ENE_med_n": 0, "ENE_high": 0.0, "ENE_high_n": 0, "ENE_mean": 12.25, "ENE_n": 4, "E_calm": 0.0, "E_calm_n": 0, "E_low": 8.25, "E_low_n": 4, "E_med": 0.0, "E_med_n": 0, "E_high": 0.0, "E_high_n": 0, "E_mean": 8.25, "E_n": 4, "ESE_calm": 12.0, "ESE_calm_n": 1, "ESE_low": 11.0, "ESE_low_n": 6, "ESE_med": 0.0, "ESE_med_n": 0, "ESE_high": 0.0, "ESE_high_n": 0, "ESE_mean": 11.14, "ESE_n": 7, "SE_calm": 0.0, "SE_calm_n": 0, "SE_low": 6.6, "SE_low_n": 5, "SE_med": 1.0, "SE_med_n": 3, "SE_high": 0.0, "SE_high_n": 0, "SE_mean": 4.5, "SE_n": 8, "SSE_calm": 0.0, "SSE_calm_n": 0, "SSE_low": 8.0, "SSE_low_n": 2, "SSE_med": 1.0, "SSE_med_n": 5, "SSE_high": 0.0, "SSE_high_n": 0, "SSE_mean": 3.0, "SSE_n": 7, "S_calm": 12.0, "S_calm_n": 1, "S_low": 13.5, "S_low_n": 8, "S_med": 0.0, "S_med_n": 0, "S_high": 0.0, "S_high_n": 0, "S_mean": 13.33, "S_n": 9, "SSW_calm": 0.0, "SSW_calm_n": 0, "SSW_low": 19.0, "SSW_low_n": 14, "SSW_med": 6.33, "SSW_med_n": 3, "SSW_high": 0.0, "SSW_high_n": 0, "SSW_mean": 16.76, "SSW_n": 17, "SW_calm": 0.0, "SW_calm_n": 0, "SW_low": 19.5, "SW_low_n": 12, "SW_med": 20.5, "SW_med_n": 4, "SW_high": 0.0, "SW_high_n": 0, "SW_mean": 19.75, "SW_n": 16, "WSW_calm": 7.0, "WSW_calm_n": 1, "WSW_low": 11.75, "WSW_low_n": 8, "WSW_med": 5.4, "WSW_med_n": 5, "WSW_high": 0.0, "WSW_high_n": 0, "WSW_mean": 9.14, "WSW_n": 14, "W_calm": 0.0, "W_calm_n": 0, "W_low": 11.67, "W_low_n": 6, "W_med": 5.8, "W_med_n": 15, "W_high": 0.0, "W_high_n": 0, "W_mean": 7.48, "W_n": 21, "WNW_calm": 0.0, "WNW_calm_n": 0, "WNW_low": 9.9, "WNW_low_n": 10, "WNW_med": 2.43, "WNW_med_n": 14, "WNW_high": 3.0, "WNW_high_n": 5, "WNW_mean": 5.1, "WNW_n": 29, "NW_calm": 0.0, "NW_calm_n": 0, "NW_low": 7.38, "NW_low_n": 8, "NW_med": 5.5, "NW_med_n": 4, "NW_high": 0.0, "NW_high_n": 0, "NW_mean": 6.75, "NW_n": 12, "NNW_calm": 0.0, "NNW_calm_n": 0, "NNW_low": 11.0, "NNW_low_n": 3, "NNW_med": 4.0, "NNW_med_n": 1, "NNW_high": 0.0, "NNW_high_n": 0, "NNW_mean": 9.25, "NNW_n": 4, "calm_percent": 2.5}}, {"type": "Feature", "geometry": {"type": "Point", "coordinates": [-112.64222, 49.46218]}, "properties": {"N_calm": 2.0, "N_calm_n": 1, "N_low": 1.0, "N_low_n": 1, "N_med": 0.0, "N_med_n": 0, "N_high": 0.0, "N_high_n": 0, "N_mean": 1.5, "N_n": 2, "overall_mean": 1.23, "n_total": 160, "station": "Raymond (Airpointer)", "pollutant": "Nitrogen Dioxide", "period": "Last 7 Days", "start_date": "2026-09-28 19:00", "end_date": "2026-10-05 17:00", "dominant_dir": "W", "dominant_value": 3.25, "dominant_percent": 2.5, "NNE_calm": 0.0, "NNE_calm_n": 0, "NNE_low": 2.0, "NNE_low_n": 3, "NNE_med": 0.0, "NNE_med_n": 0, "NNE_high": 0.0, "NNE_high_n": 0, "NNE_mean": 2.0, "NNE_n": 3, "NE_calm": 1.25, "NE_calm_n": 4, "NE_low": 4.0, "NE_low_n": 2, "NE_med": 0.0, "NE_med_n": 0, "NE_high": 0.0, "NE_high_n": 0, "NE_mean": 2.17, "NE_n": 6, "ENE_calm": 1.0, "ENE_calm_n": 1, "ENE_low": 1.0, "ENE_low_n": 1, "ENE_med": 0.0, "ENE_med_n": 0, "ENE_high": 0.0, "ENE_high_n": 0, "ENE_mean": 1.0, "ENE_n": 2, "E_calm": 2.0, "E_calm_n": 1, "E_low": 1.0, "E_low_n": 2, "E_med": 0.0, "E_med_n": 0, "E_high": 0.0, "E_high_n": 0, "E_mean": 1.33, "E_n": 3, "ESE_calm": 3.0, "ESE_calm_n": 1, "ESE_low": 0.0, "ESE_low_n": 0, "ESE_med": 0.0, "ESE_med_n": 0, "ESE_high": 0.0, "ESE_high_n": 0, "ESE_mean": 3.0, "ESE_n": 1, "SE_calm": 3.0, "SE_calm_n": 2, "SE_low": 1.0, "SE_low_n": 1, "SE_med": 0.0, "SE_med_n": 0, "SE_high": 0.0, "SE_high_n": 0, "SE_mean": 2.33, "SE_n": 3, "SSE_calm": 1.43, "SSE_calm_n": 7, "SSE_low": 0.0, "SSE_low_n": 0, "SSE_med": 0.0, "SSE_med_n": 0, "SSE_high": 0.0, "SSE_high_n": 0, "SSE_mean": 1.43, "SSE_n": 7, "S_calm": 1.83, "S_calm_n": 6, "S_low": 0.67, "S_low_n": 15, "S_med": 0.0, "S_med_n": 0, "S_high": 0.0, "S_high_n": 0, "S_mean": 1.0, "S_n": 21, "SSW_calm": 1.6, "SSW_calm_n": 5, "SSW_low": 0.74, "SSW_low_n": 19, "SSW_med": 0.6, "SSW_med_n": 5, "SSW_high": 0.0, "SSW_high_n": 0, "SSW_mean": 0.86, "SSW_n": 29, "SW_calm": 1.29, "SW_calm_n": 7, "SW_low": 1.38, "SW_low_n": 16, "SW_med": 1.0, "SW_med_n": 27, "SW_high": 0.8, "SW_high_n": 5, "SW_mean": 1.13, "SW_n": 55, "WSW_calm": 2.0, "WSW_calm_n": 1, "WSW_low": 1.25, "WSW_low_n": 4, "WSW_med": 0.62, "WSW_med_n": 8, "WSW_high": 0.0, "WSW_high_n": 0, "WSW_mean": 0.92, "WSW_n": 13, "W_calm": 3.5, "W_calm_n": 2, "W_low": 3.0, "W_low_n": 2, "W_med": 0.0, "W_med_n": 0, "W_high": 0.0, "W_high_n": 0, "W_mean": 3.25, "W_n": 4, "WNW_calm": 0.0, "WNW_calm_n": 0, "WNW_low": 2.0, "WNW_low_n": 2, "WNW_med": 0.0, "WNW_med_n": 0, "WNW_high": 0.0, "WNW_high_n": 0, "WNW_mean": 2.0, "WNW_n": 2, "NW_calm": 1.0, "NW_calm_n": 3, "NW_low": 1.0, "NW_low_n": 1, "NW_med": 0.0, "NW_med_n": 0, "NW_high": 0.0, "NW_high_n": 0, "NW_mean": 1.0, "NW_n": 4, "NNW_calm": 0.0, "NNW_calm_n": 0, "NNW_low": 1.6, "NNW_low_n": 5, "NNW_med": 0.0, "NNW_med_n": 0, "NNW_high": 0.0, "NNW_high_n": 0, "NNW_mean": 1.6, "NNW_n": 5, "calm_percent": 25.6}}, {"type": "Feature", "geometry": {"type": "Point", "coordinates": [-113.793438, 52.298622]}, "properties": {"N_calm": 7.5, "N_calm_n": 2, "N_low": 8.0, "N_low_n": 4, "N_med": 4.0, "N_med_n": 1, "N_high": 0.0, "N_high_n": 0, "N_mean": 7.29, "N_n": 7, "overall_mean": 7.98, "n_total": 148, "station": "Red Deer - Riverside", "pollutant": "Nitrogen Dioxide", "period": "Last 7 Days", "start_date": "2026-09-28 19:00", "end_date": "2026-10-05 17:00", "dominant_dir": "WSW", "dominant_value": 13.0, "dominant_percent": 0.7, "NNE_calm": 4.0, "NNE_calm_n": 1, "NNE_low": 4.5, "NNE_low_n": 2, "NNE_med": 0.0, "NNE_med_n": 0, "NNE_high": 0.0, "NNE_high_n": 0, "NNE_mean": 4.33, "NNE_n": 3, "NE_calm": 0.0, "NE_calm_n": 0, "NE_low": 8.0, "NE_low_n": 2, "NE_med": 0.0, "NE_med_n": 0, "NE_high": 0.0, "NE_high_n": 0, "NE_mean": 8.0, "NE_n": 2, "ENE_calm": 0.0, "ENE_calm_n": 0, "ENE_low": 0.0, "ENE_low_n": 0, "ENE_med": 0.0, "ENE_med_n": 0, "ENE_high": 0.0, "ENE_high_n": 0, "ENE_mean": 0, "ENE_n": 0, "E_calm": 0.0, "E_calm_n": 0, "E_low": 0.0, "E_low_n": 0, "E_med": 0.0, "E_med_n": 0, "E_high": 0.0, "E_high_n": 0, "E_mean": 0, "E_n": 0, "ESE_calm": 0.0, "ESE_calm_n": 0, "ESE_low": 0.0, "ESE_low_n": 0, "ESE_med": 0.0, "ESE_med_n": 0, "ESE_high": 0.0, "ESE_high_n": 0, "ESE_mean": 0, "ESE_n": 0, "SE_calm": 0.0, "SE_calm_n": 0, "SE_low": 4.0, "SE_low_n": 1, "SE_med": 0.0, "SE_med_n": 0, "SE_high": 0.0, "SE_high_n": 0, "SE_mean": 4.0, "SE_n": 1, "SSE_calm": 5.75, "SSE_calm_n": 4, "SSE_low": 7.33, "SSE_low_n": 6, "SSE_med": 1.0, "SSE_med_n": 1, "SSE_high": 0.0, "SSE_high_n": 0, "SSE_mean": 6.18, "SSE_n": 11, "S_calm": 7.33, "S_calm_n": 3, "S_low": 10.98, "S_low_n": 64, "S_med": 1.17, "S_med_n": 6, "S_high": 0.0, "S_high_n": 0, "S_mean": 10.03, "S_n": 73, "SSW_calm": 8.0, "SSW_calm_n": 1, "SSW_low": 7.67, "SSW_low_n": 12, "SSW_med": 0.0, "SSW_med_n": 0, "SSW_high": 0.0, "SSW_high_n": 0, "SSW_mean": 7.69, "SSW_n": 13, "SW_calm": 6.0, "SW_calm_n": 2, "SW_low": 7.0, "SW_low_n": 5, "SW_med": 0.0, "SW_med_n": 0, "SW_high": 0.0, "SW_high_n": 0, "SW_mean": 6.71, "SW_n": 7, "WSW_calm": 13.0, "WSW_calm_n": 1, "WSW_low": 0.0, "WSW_low_n": 0, "WSW_med": 0.0, "WSW_med_n": 0, "WSW_high": 0.0, "WSW_high_n": 0, "WSW_mean": 13.0, "WSW_n": 1, "W_calm": 7.5, "W_calm_n": 2, "W_low": 9.0, "W_low_n": 1, "W_med": 0.0, "W_med_n": 0, "W_high": 0.0, "W_high_n": 0, "W_mean": 8.0, "W_n": 3, "WNW_calm": 4.5, "WNW_calm_n": 2, "WNW_low": 9.0, "WNW_low_n": 1, "WNW_med": 0.0, "WNW_med_n": 0, "WNW_high": 0.0, "WNW_high_n": 0, "WNW_mean": 6.0, "WNW_n": 3, "NW_calm": 0.0, "NW_calm_n": 0, "NW_low": 10.33, "NW_low_n": 3, "NW_med": 2.57, "NW_med_n": 7, "NW_high": 0.0, "NW_high_n": 0, "NW_mean": 4.9, "NW_n": 10, "NNW_calm": 0.0, "NNW_calm_n": 0, "NNW_low": 5.67, "NNW_low_n": 3, "NNW_med": 2.64, "NNW_med_n": 11, "NNW_high": 0.0, "NNW_high_n": 0, "NNW_mean": 3.29, "NNW_n": 14, "calm_percent": 12.2}}, {"type": "Feature", "geometry": {"type": "Point", "coordinates": [-113.105857, 53.951834]}, "properties": {"N_calm": 0.0, "N_calm_n": 0, "N_low": 0.0, "N_low_n": 0, "N_med": 0.0, "N_med_n": 0, "N_high": 0.0, "N_high_n": 0, "N_mean": 0, "N_n": 0, "overall_mean": 5.72, "n_total": 157, "station": "Redwater", "pollutant": "Nitrogen Dioxide", "period": "Last 7 Days", "start_date": "2026-09-28 19:00", "end_date": "2026-10-05 16:00", "dominant_dir": "SSE", "dominant_value": 12.0, "dominant_percent": 2.5, "NNE_calm": 0.0, "NNE_calm_n": 0, "NNE_low": 0.0, "NNE_low_n": 0, "NNE_med": 0.0, "NNE_med_n": 0, "NNE_high": 0.0, "NNE_high_n": 0, "NNE_mean": 0, "NNE_n": 0, "NE_calm": 0.0, "NE_calm_n": 0, "NE_low": 5.0, "NE_low_n": 1, "NE_med": 0.0, "NE_med_n": 0, "NE_high": 0.0, "NE_high_n": 0, "NE_mean": 5.0, "NE_n": 1, "ENE_calm": 0.0, "ENE_calm_n": 0, "ENE_low": 7.0, "ENE_low_n": 1, "ENE_med": 0.0, "ENE_med_n": 0, "ENE_high": 0.0, "ENE_high_n": 0, "ENE_mean": 7.0, "ENE_n": 1, "E_calm": 12.0, "E_calm_n": 1, "E_low": 6.25, "E_low_n": 4, "E_med": 0.0, "E_med_n": 0, "E_high": 0.0, "E_high_n": 0, "E_mean": 7.4, "E_n": 5, "ESE_calm": 8.0, "ESE_calm_n": 1, "ESE_low": 5.57, "ESE_low_n": 7, "ESE_med": 0.0, "ESE_med_n": 0, "ESE_high": 0.0, "ESE_high_n": 0, "ESE_mean": 5.88, "ESE_n": 8, "SE_calm": 11.0, "SE_calm_n": 1, "SE_low": 5.5, "SE_low_n": 4, "SE_med": 1.0, "SE_med_n": 8, "SE_high": 0.0, "SE_high_n": 0, "SE_mean": 3.15, "SE_n": 13, "SSE_calm": 10.0, "SSE_calm_n": 1, "SSE_low": 12.67, "SSE_low_n": 3, "SSE_med": 0.0, "SSE_med_n": 0, "SSE_high": 0.0, "SSE_high_n": 0, "SSE_mean": 12.0, "SSE_n": 4, "S_calm": 13.0, "S_calm_n": 1, "S_low": 9.0, "S_low_n": 1, "S_med": 0.0, "S_med_n": 0, "S_high": 0.0, "S_high_n": 0, "S_mean": 11.0, "S_n": 2, "SSW_calm": 11.5, "SSW_calm_n": 4, "SSW_low": 10.5, "SSW_low_n": 8, "SSW_med": 0.0, "SSW_med_n": 0, "SSW_high": 0.0, "SSW_high_n": 0, "SSW_mean": 10.83, "SSW_n": 12, "SW_calm": 12.2, "SW_calm_n": 5, "SW_low": 5.33, "SW_low_n": 9, "SW_med": 0.0, "SW_med_n": 0, "SW_high": 0.0, "SW_high_n": 0, "SW_mean": 7.79, "SW_n": 14, "WSW_calm": 0.0, "WSW_calm_n": 0, "WSW_low": 5.73, "WSW_low_n": 11, "WSW_med": 0.0, "WSW_med_n": 0, "WSW_high": 0.0, "WSW_high_n": 0, "WSW_mean": 5.73, "WSW_n": 11, "W_calm": 9.67, "W_calm_n": 3, "W_low": 5.44, "W_low_n": 25, "W_med": 1.33, "W_med_n": 12, "W_high": 0.0, "W_high_n": 0, "W_mean": 4.53, "W_n": 40, "WNW_calm": 10.5, "WNW_calm_n": 2, "WNW_low": 7.2, "WNW_low_n": 15, "WNW_med": 1.08, "WNW_med_n": 12, "WNW_high": 0.0, "WNW_high_n": 0, "WNW_mean": 4.9, "WNW_n": 29, "NW_calm": 8.0, "NW_calm_n": 1, "NW_low": 5.12, "NW_low_n": 8, "NW_med": 1.0, "NW_med_n": 5, "NW_high": 0.0, "NW_high_n": 0, "NW_mean": 3.86, "NW_n": 14, "NNW_calm": 0.0, "NNW_calm_n": 0, "NNW_low": 4.0, "NNW_low_n": 2, "NNW_med": 4.0, "NNW_med_n": 1, "NNW_high": 0.0, "NNW_high_n": 0, "NNW_mean": 4.0, "NNW_n": 3, "calm_percent": 12.7}}, {"type": "Feature", "geometry": {"type": "Point", "coordinates": [-113.1999, 53.7162]}, "properties": {"N_calm": 0.0, "N_calm_n": 0, "N_low": 0.0, "N_low_n": 0, "N_med": 0.0, "N_med_n": 0, "N_high": 0.0, "N_high_n": 0, "N_mean": 0, "N_n": 0, "overall_mean": 6.38, "n_total": 152, "station": "Ross Creek", "pollutant": "Nitrogen Dioxide", "period": "Last 7 Days", "start_date": "2026-09-28 19:00", "end_date": "2026-10-05 17:00", "dominant_dir": "SSW", "dominant_value": 12.41, "dominant_percent": 11.2, "NNE_calm": 4.0, "NNE_calm_n": 1, "NNE_low": 0.0, "NNE_low_n": 0, "NNE_med": 0.0, "NNE_med_n": 0, "NNE_high": 0.0, "NNE_high_n": 0, "NNE_mean": 4.0, "NNE_n": 1, "NE_calm": 6.5, "NE_calm_n": 2, "NE_low": 0.0, "NE_low_n": 0, "NE_med": 0.0, "NE_med_n": 0, "NE_high": 0.0, "NE_high_n": 0, "NE_mean": 6.5, "NE_n": 2, "ENE_calm": 0.0, "ENE_calm_n": 0, "ENE_low": 0.0, "ENE_low_n": 0, "ENE_med": 0.0, "ENE_med_n": 0, "ENE_high": 0.0, "ENE_high_n": 0, "ENE_mean": 0, "ENE_n": 0, "E_calm": 0.0, "E_calm_n": 0, "E_low": 4.0, "E_low_n": 1, "E_med": 0.0, "E_med_n": 0, "E_high": 0.0, "E_high_n": 0, "E_mean": 4.0, "E_n": 1, "ESE_calm": 10.0, "ESE_calm_n": 1, "ESE_low": 3.8, "ESE_low_n": 5, "ESE_med": 0.0, "ESE_med_n": 0, "ESE_high": 0.0, "ESE_high_n": 0, "ESE_mean": 4.83, "ESE_n": 6, "SE_calm": 12.0, "SE_calm_n": 4, "SE_low": 7.5, "SE_low_n": 6, "SE_med": 1.0, "SE_med_n": 5, "SE_high": 0.0, "SE_high_n": 0, "SE_mean": 6.53, "SE_n": 15, "SSE_calm": 10.5, "SSE_calm_n": 2, "SSE_low": 5.0, "SSE_low_n": 1, "SSE_med": 0.0, "SSE_med_n": 0, "SSE_high": 0.0, "SSE_high_n": 0, "SSE_mean": 8.67, "SSE_n": 3, "S_calm": 8.75, "S_calm_n": 4, "S_low": 9.8, "S_low_n": 5, "S_med": 0.0, "S_med_n": 0, "S_high": 0.0, "S_high_n": 0, "S_mean": 9.33, "S_n": 9, "SSW_calm": 7.75, "SSW_calm_n": 4, "SSW_low": 13.85, "SSW_low_n": 13, "SSW_med": 0.0, "SSW_med_n": 0, "SSW_high": 0.0, "SSW_high_n": 0, "SSW_mean": 12.41, "SSW_n": 17, "SW_calm": 0.0, "SW_calm_n": 0, "SW_low": 7.97, "SW_low_n": 34, "SW_med": 0.0, "SW_med_n": 0, "SW_high": 0.0, "SW_high_n": 0, "SW_mean": 7.97, "SW_n": 34, "WSW_calm": 10.5, "WSW_calm_n": 2, "WSW_low": 4.17, "WSW_low_n": 18, "WSW_med": 0.0, "WSW_med_n": 0, "WSW_high": 0.0, "WSW_high_n": 0, "WSW_mean": 4.8, "WSW_n": 20, "W_calm": 0.0, "W_calm_n": 0, "W_low": 4.5, "W_low_n": 8, "W_med": 0.75, "W_med_n": 4, "W_high": 0.0, "W_high_n": 0, "W_mean": 3.25, "W_n": 12, "WNW_calm": 2.0, "WNW_calm_n": 1, "WNW_low": 2.33, "WNW_low_n": 6, "WNW_med": 0.4, "WNW_med_n": 10, "WNW_high": 0.0, "WNW_high_n": 0, "WNW_mean": 1.18, "WNW_n": 17, "NW_calm": 8.0, "NW_calm_n": 3, "NW_low": 3.17, "NW_low_n": 6, "NW_med": 1.0, "NW_med_n": 1, "NW_high": 0.0, "NW_high_n": 0, "NW_mean": 4.4, "NW_n": 10, "NNW_calm": 0.0, "NNW_calm_n": 0, "NNW_low": 6.2, "NNW_low_n": 5, "NNW_med": 0.0, "NNW_med_n": 0, "NNW_high": 0.0, "NNW_high_n": 0, "NNW_mean": 6.2, "NNW_n": 5, "calm_percent": 15.8}}, {"type": "Feature", "geometry": {"type": "Point", "coordinates": [-113.027247, 53.759684]}, "properties": {"N_calm": 4.0, "N_calm_n": 1, "N_low": 0.0, "N_low_n": 0, "N_med": 0.0, "N_med_n": 0, "N_high": 0.0, "N_high_n": 0, "N_mean": 4.0, "N_n": 1, "overall_mean": 4.83, "n_total": 165, "station": "Scotford South", "pollutant": "Nitrogen Dioxide", "period": "Last 7 Days", "start_date": "2026-09-28 19:00", "end_date": "2026-10-05 16:00", "dominant_dir": "SW", "dominant_value": 7.62, "dominant_percent": 12.7, "NNE_calm": 0.0, "NNE_calm_n": 0, "NNE_low": 4.5, "NNE_low_n": 2, "NNE_med": 0.0, "NNE_med_n": 0, "NNE_high": 0.0, "NNE_high_n": 0, "NNE_mean": 4.5, "NNE_n": 2, "NE_calm": 0.0, "NE_calm_n": 0, "NE_low": 0.0, "NE_low_n": 0, "NE_med": 0.0, "NE_med_n": 0, "NE_high": 0.0, "NE_high_n": 0, "NE_mean": 0, "NE_n": 0, "ENE_calm": 0.0, "ENE_calm_n": 0, "ENE_low": 3.25, "ENE_low_n": 4, "ENE_med": 0.0, "ENE_med_n": 0, "ENE_high": 0.0, "ENE_high_n": 0, "ENE_mean": 3.25, "ENE_n": 4, "E_calm": 0.0, "E_calm_n": 0, "E_low": 2.67, "E_low_n": 3, "E_med": 0.0, "E_med_n": 0, "E_high": 0.0, "E_high_n": 0, "E_mean": 2.67, "E_n": 3, "ESE_calm": 0.0, "ESE_calm_n": 0, "ESE_low": 7.0, "ESE_low_n": 1, "ESE_med": 1.0, "ESE_med_n": 1, "ESE_high": 0.0, "ESE_high_n": 0, "ESE_mean": 4.0, "ESE_n": 2, "SE_calm": 5.0, "SE_calm_n": 1, "SE_low": 3.22, "SE_low_n": 9, "SE_med": 2.23, "SE_med_n": 13, "SE_high": 0.0, "SE_high_n": 0, "SE_mean": 2.74, "SE_n": 23, "SSE_calm": 0.0, "SSE_calm_n": 0, "SSE_low": 2.6, "SSE_low_n": 5, "SSE_med": 1.0, "SSE_med_n": 6, "SSE_high": 0.0, "SSE_high_n": 0, "SSE_mean": 1.73, "SSE_n": 11, "S_calm": 0.0, "S_calm_n": 0, "S_low": 5.78, "S_low_n": 9, "S_med": 0.0, "S_med_n": 0, "S_high": 0.0, "S_high_n": 0, "S_mean": 5.78, "S_n": 9, "SSW_calm": 2.0, "SSW_calm_n": 1, "SSW_low": 7.67, "SSW_low_n": 24, "SSW_med": 5.25, "SSW_med_n": 4, "SSW_high": 0.0, "SSW_high_n": 0, "SSW_mean": 7.14, "SSW_n": 29, "SW_calm": 0.0, "SW_calm_n": 0, "SW_low": 7.5, "SW_low_n": 8, "SW_med": 7.69, "SW_med_n": 13, "SW_high": 0.0, "SW_high_n": 0, "SW_mean": 7.62, "SW_n": 21, "WSW_calm": 0.0, "WSW_calm_n": 0, "WSW_low": 9.0, "WSW_low_n": 5, "WSW_med": 4.57, "WSW_med_n": 7, "WSW_high": 0.0, "WSW_high_n": 0, "WSW_mean": 6.42, "WSW_n": 12, "W_calm": 0.0, "W_calm_n": 0, "W_low": 12.67, "W_low_n": 3, "W_med": 3.2, "W_med_n": 10, "W_high": 2.0, "W_high_n": 1, "W_mean": 5.14, "W_n": 14, "WNW_calm": 0.0, "WNW_calm_n": 0, "WNW_low": 6.0, "WNW_low_n": 4, "WNW_med": 2.75, "WNW_med_n": 4, "WNW_high": 1.2, "WNW_high_n": 10, "WNW_mean": 2.61, "WNW_n": 18, "NW_calm": 6.0, "NW_calm_n": 1, "NW_low": 3.0, "NW_low_n": 1, "NW_med": 4.0, "NW_med_n": 7, "NW_high": 1.5, "NW_high_n": 2, "NW_mean": 3.64, "NW_n": 11, "NNW_calm": 0.0, "NNW_calm_n": 0, "NNW_low": 3.5, "NNW_low_n": 2, "NNW_med": 3.67, "NNW_med_n": 3, "NNW_high": 0.0, "NNW_high_n": 0, "NNW_mean": 3.6, "NNW_n": 5, "calm_percent": 2.4}}, {"type": "Feature", "geometry": {"type": "Point", "coordinates": [-113.32098, 53.53209]}, "properties": {"N_calm": 0.0, "N_calm_n": 0, "N_low": 11.67, "N_low_n": 3, "N_med": 0.0, "N_med_n": 0, "N_high": 0.0, "N_high_n": 0, "N_mean": 11.67, "N_n": 3, "overall_mean": 10.43, "n_total": 152, "station": "Sherwood Park", "pollutant": "Nitrogen Dioxide", "period": "Last 7 Days", "start_date": "2026-09-28 19:00", "end_date": "2026-10-05 17:00", "dominant_dir": "NE", "dominant_value": 19.0, "dominant_percent": 0.7, "NNE_calm": 0.0, "NNE_calm_n": 0, "NNE_low": 0.0, "NNE_low_n": 0, "NNE_med": 0.0, "NNE_med_n": 0, "NNE_high": 0.0, "NNE_high_n": 0, "NNE_mean": 0, "NNE_n": 0, "NE_calm": 19.0, "NE_calm_n": 1, "NE_low": 0.0, "NE_low_n": 0, "NE_med": 0.0, "NE_med_n": 0, "NE_high": 0.0, "NE_high_n": 0, "NE_mean": 19.0, "NE_n": 1, "ENE_calm": 0.0, "ENE_calm_n": 0, "ENE_low": 17.0, "ENE_low_n": 1, "ENE_med": 0.0, "ENE_med_n": 0, "ENE_high": 0.0, "ENE_high_n": 0, "ENE_mean": 17.0, "ENE_n": 1, "E_calm": 0.0, "E_calm_n": 0, "E_low": 0.0, "E_low_n": 0, "E_med": 0.0, "E_med_n": 0, "E_high": 0.0, "E_high_n": 0, "E_mean": 0, "E_n": 0, "ESE_calm": 0.0, "ESE_calm_n": 0, "ESE_low": 10.67, "ESE_low_n": 3, "ESE_med": 0.0, "ESE_med_n": 0, "ESE_high": 0.0, "ESE_high_n": 0, "ESE_mean": 10.67, "ESE_n": 3, "SE_calm": 0.0, "SE_calm_n": 0, "SE_low": 7.44, "SE_low_n": 25, "SE_med": 1.0, "SE_med_n": 5, "SE_high": 0.0, "SE_high_n": 0, "SE_mean": 6.37, "SE_n": 30, "SSE_calm": 0.0, "SSE_calm_n": 0, "SSE_low": 5.38, "SSE_low_n": 8, "SSE_med": 1.0, "SSE_med_n": 1, "SSE_high": 0.0, "SSE_high_n": 0, "SSE_mean": 4.89, "SSE_n": 9, "S_calm": 18.67, "S_calm_n": 3, "S_low": 17.19, "S_low_n": 16, "S_med": 0.0, "S_med_n": 0, "S_high": 0.0, "S_high_n": 0, "S_mean": 17.42, "S_n": 19, "SSW_calm": 0.0, "SSW_calm_n": 0, "SSW_low": 16.52, "SSW_low_n": 21, "SSW_med": 0.0, "SSW_med_n": 0, "SSW_high": 0.0, "SSW_high_n": 0, "SSW_mean": 16.52, "SSW_n": 21, "SW_calm": 16.0, "SW_calm_n": 1, "SW_low": 13.71, "SW_low_n": 7, "SW_med": 0.0, "SW_med_n": 0, "SW_high": 0.0, "SW_high_n": 0, "SW_mean": 14.0, "SW_n": 8, "WSW_calm": 0.0, "WSW_calm_n": 0, "WSW_low": 7.86, "WSW_low_n": 7, "WSW_med": 0.0, "WSW_med_n": 0, "WSW_high": 0.0, "WSW_high_n": 0, "WSW_mean": 7.86, "WSW_n": 7, "W_calm": 0.0, "W_calm_n": 0, "W_low": 11.0, "W_low_n": 9, "W_med": 0.0, "W_med_n": 0, "W_high": 0.0, "W_high_n": 0, "W_mean": 11.0, "W_n": 9, "WNW_calm": 0.0, "WNW_calm_n": 0, "WNW_low": 9.5, "WNW_low_n": 6, "WNW_med": 5.2, "WNW_med_n": 10, "WNW_high": 0.0, "WNW_high_n": 0, "WNW_mean": 6.81, "WNW_n": 16, "NW_calm": 0.0, "NW_calm_n": 0, "NW_low": 11.0, "NW_low_n": 8, "NW_med": 4.91, "NW_med_n": 11, "NW_high": 0.0, "NW_high_n": 0, "NW_mean": 7.47, "NW_n": 19, "NNW_calm": 0.0, "NNW_calm_n": 0, "NNW_low": 9.2, "NNW_low_n": 5, "NNW_med": 7.0, "NNW_med_n": 1, "NNW_high": 0.0, "NNW_high_n": 0, "NNW_mean": 8.83, "NNW_n": 6, "calm_percent": 3.3}}, {"type": "Feature", "geometry": {"type": "Point", "coordinates": [-113.237639, 53.682364]}, "properties": {"N_calm": 0.0, "N_calm_n": 0, "N_low": 21.0, "N_low_n": 2, "N_med": 0.0, "N_med_n": 0, "N_high": 0.0, "N_high_n": 0, "N_mean": 21.0, "N_n": 2, "overall_mean": 9.22, "n_total": 152, "station": "Southfort", "pollutant": "Nitrogen Dioxide", "period": "Last 7 Days", "start_date": "2026-09-28 19:00", "end_date": "2026-10-05 16:00", "dominant_dir": "N", "dominant_value": 21.0, "dominant_percent": 1.3, "NNE_calm": 13.5, "NNE_calm_n": 2, "NNE_low": 0.0, "NNE_low_n": 0, "NNE_med": 0.0, "NNE_med_n": 0, "NNE_high": 0.0, "NNE_high_n": 0, "NNE_mean": 13.5, "NNE_n": 2, "NE_calm": 25.0, "NE_calm_n": 1, "NE_low": 16.0, "NE_low_n": 2, "NE_med": 0.0, "NE_med_n": 0, "NE_high": 0.0, "NE_high_n": 0, "NE_mean": 19.0, "NE_n": 3, "ENE_calm": 0.0, "ENE_calm_n": 0, "ENE_low": 10.0, "ENE_low_n": 2, "ENE_med": 0.0, "ENE_med_n": 0, "ENE_high": 0.0, "ENE_high_n": 0, "ENE_mean": 10.0, "ENE_n": 2, "E_calm": 0.0, "E_calm_n": 0, "E_low": 7.67, "E_low_n": 3, "E_med": 0.0, "E_med_n": 0, "E_high": 0.0, "E_high_n": 0, "E_mean": 7.67, "E_n": 3, "ESE_calm": 21.0, "ESE_calm_n": 3, "ESE_low": 12.5, "ESE_low_n": 4, "ESE_med": 0.0, "ESE_med_n": 0, "ESE_high": 0.0, "ESE_high_n": 0, "ESE_mean": 16.14, "ESE_n": 7, "SE_calm": 0.0, "SE_calm_n": 0, "SE_low": 2.0, "SE_low_n": 2, "SE_med": 1.0, "SE_med_n": 1, "SE_high": 0.0, "SE_high_n": 0, "SE_mean": 1.67, "SE_n": 3, "SSE_calm": 0.0, "SSE_calm_n": 0, "SSE_low": 0.0, "SSE_low_n": 0, "SSE_med": 0.83, "SSE_med_n": 6, "SSE_high": 0.0, "SSE_high_n": 0, "SSE_mean": 0.83, "SSE_n": 6, "S_calm": 0.0, "S_calm_n": 0, "S_low": 6.6, "S_low_n": 5, "S_med": 0.0, "S_med_n": 0, "S_high": 0.0, "S_high_n": 0, "S_mean": 6.6, "S_n": 5, "SSW_calm": 17.0, "SSW_calm_n": 1, "SSW_low": 12.5, "SSW_low_n": 10, "SSW_med": 3.0, "SSW_med_n": 1, "SSW_high": 0.0, "SSW_high_n": 0, "SSW_mean": 12.08, "SSW_n": 12, "SW_calm": 0.0, "SW_calm_n": 0, "SW_low": 13.74, "SW_low_n": 27, "SW_med": 0.0, "SW_med_n": 0, "SW_high": 0.0, "SW_high_n": 0, "SW_mean": 13.74, "SW_n": 27, "WSW_calm": 9.0, "WSW_calm_n": 1, "WSW_low": 10.44, "WSW_low_n": 16, "WSW_med": 2.5, "WSW_med_n": 2, "WSW_high": 0.0, "WSW_high_n": 0, "WSW_mean": 9.53, "WSW_n": 19, "W_calm": 21.0, "W_calm_n": 1, "W_low": 8.06, "W_low_n": 16, "W_med": 3.4, "W_med_n": 5, "W_high": 0.0, "W_high_n": 0, "W_mean": 7.59, "W_n": 22, "WNW_calm": 0.0, "WNW_calm_n": 0, "WNW_low": 8.11, "WNW_low_n": 9, "WNW_med": 1.67, "WNW_med_n": 9, "WNW_high": 1.0, "WNW_high_n": 1, "WNW_mean": 4.68, "WNW_n": 19, "NW_calm": 13.0, "NW_calm_n": 1, "NW_low": 6.8, "NW_low_n": 5, "NW_med": 1.67, "NW_med_n": 6, "NW_high": 0.0, "NW_high_n": 0, "NW_mean": 4.75, "NW_n": 12, "NNW_calm": 0.0, "NNW_calm_n": 0, "NNW_low": 9.83, "NNW_low_n": 6, "NNW_med": 4.0, "NNW_med_n": 2, "NNW_high": 0.0, "NNW_high_n": 0, "NNW_mean": 8.38, "NNW_n": 8, "calm_percent": 6.6}}, {"type": "Feature", "geometry": {"type": "Point", "coordinates": [-113.6119166, 53.6269722]}, "properties": {"N_calm": 0.0, "N_calm_n": 0, "N_low": 7.0, "N_low_n": 2, "N_med": 0.0, "N_med_n": 0, "N_high": 0.0, "N_high_n": 0, "N_mean": 7.0, "N_n": 2, "overall_mean": 11.19, "n_total": 159, "station": "St. Albert", "pollutant": "Nitrogen Dioxide", "period": "Last 7 Days", "start_date": "2026-09-28 19:00", "end_date": "2026-10-05 18:00", "dominant_dir": "ESE", "dominant_value": 26.0, "dominant_percent": 6.3, "NNE_calm": 8.0, "NNE_calm_n": 1, "NNE_low": 0.0, "NNE_low_n": 0, "NNE_med": 0.0, "NNE_med_n": 0, "NNE_high": 0.0, "NNE_high_n": 0, "NNE_mean": 8.0, "NNE_n": 1, "NE_calm": 0.0, "NE_calm_n": 0, "NE_low": 8.0, "NE_low_n": 1, "NE_med": 0.0, "NE_med_n": 0, "NE_high": 0.0, "NE_high_n": 0, "NE_mean": 8.0, "NE_n": 1, "ENE_calm": 19.0, "ENE_calm_n": 1, "ENE_low": 25.0, "ENE_low_n": 2, "ENE_med": 0.0, "ENE_med_n": 0, "ENE_high": 0.0, "ENE_high_n": 0, "ENE_mean": 23.0, "ENE_n": 3, "E_calm": 27.0, "E_calm_n": 1, "E_low": 24.1, "E_low_n": 10, "E_med": 0.0, "E_med_n": 0, "E_high": 0.0, "E_high_n": 0, "E_mean": 24.36, "E_n": 11, "ESE_calm": 0.0, "ESE_calm_n": 0, "ESE_low": 28.67, "ESE_low_n": 9, "ESE_med": 2.0, "ESE_med_n": 1, "ESE_high": 0.0, "ESE_high_n": 0, "ESE_mean": 26.0, "ESE_n": 10, "SE_calm": 0.0, "SE_calm_n": 0, "SE_low": 13.5, "SE_low_n": 4, "SE_med": 2.6, "SE_med_n": 5, "SE_high": 0.0, "SE_high_n": 0, "SE_mean": 7.44, "SE_n": 9, "SSE_calm": 0.0, "SSE_calm_n": 0, "SSE_low": 21.86, "SSE_low_n": 7, "SSE_med": 0.0, "SSE_med_n": 0, "SSE_high": 0.0, "SSE_high_n": 0, "SSE_mean": 21.86, "SSE_n": 7, "S_calm": 0.0, "S_calm_n": 0, "S_low": 21.0, "S_low_n": 2, "S_med": 0.0, "S_med_n": 0, "S_high": 0.0, "S_high_n": 0, "S_mean": 21.0, "S_n": 2, "SSW_calm": 0.0, "SSW_calm_n": 0, "SSW_low": 18.9, "SSW_low_n": 10, "SSW_med": 0.0, "SSW_med_n": 0, "SSW_high": 0.0, "SSW_high_n": 0, "SSW_mean": 18.9, "SSW_n": 10, "SW_calm": 19.5, "SW_calm_n": 2, "SW_low": 9.1, "SW_low_n": 31, "SW_med": 2.0, "SW_med_n": 2, "SW_high": 0.0, "SW_high_n": 0, "SW_mean": 9.29, "SW_n": 35, "WSW_calm": 0.0, "WSW_calm_n": 0, "WSW_low": 9.04, "WSW_low_n": 25, "WSW_med": 2.0, "WSW_med_n": 1, "WSW_high": 0.0, "WSW_high_n": 0, "WSW_mean": 8.77, "WSW_n": 26, "W_calm": 0.0, "W_calm_n": 0, "W_low": 5.0, "W_low_n": 3, "W_med": 2.5, "W_med_n": 4, "W_high": 0.0, "W_high_n": 0, "W_mean": 3.57, "W_n": 7, "WNW_calm": 0.0, "WNW_calm_n": 0, "WNW_low": 5.8, "WNW_low_n": 5, "WNW_med": 1.89, "WNW_med_n": 18, "WNW_high": 1.0, "WNW_high_n": 2, "WNW_mean": 2.6, "WNW_n": 25, "NW_calm": 0.0, "NW_calm_n": 0, "NW_low": 5.67, "NW_low_n": 3, "NW_med": 3.67, "NW_med_n": 3, "NW_high": 0.0, "NW_high_n": 0, "NW_mean": 4.67, "NW_n": 6, "NNW_calm": 0.0, "NNW_calm_n": 0, "NNW_low": 8.33, "NNW_low_n": 3, "NNW_med": 5.0, "NNW_med_n": 1, "NNW_high": 0.0, "NNW_high_n": 0, "NNW_mean": 7.5, "NNW_n": 4, "calm_percent": 3.1}}, {"type": "Feature", "geometry": {"type": "Point", "coordinates": [-111.5026, 54.2165]}, "properties": {"N_calm": 0.0, "N_calm_n": 0, "N_low": 3.0, "N_low_n": 2, "N_med": 0.0, "N_med_n": 0, "N_high": 0.0, "N_high_n": 0, "N_mean": 3.0, "N_n": 2, "overall_mean": 0.96, "n_total": 158, "station": "St. Lina", "pollutant": "Nitrogen Dioxide", "period": "Last 7 Days", "start_date": "2026-09-28 19:00", "end_date": "2026-10-05 17:00", "dominant_dir": "N", "dominant_value": 3.0, "dominant_percent": 1.3, "NNE_calm": 0.0, "NNE_calm_n": 0, "NNE_low": 2.0, "NNE_low_n": 4, "NNE_med": 0.0, "NNE_med_n": 0, "NNE_high": 0.0, "NNE_high_n": 0, "NNE_mean": 2.0, "NNE_n": 4, "NE_calm": 0.0, "NE_calm_n": 0, "NE_low": 2.0, "NE_low_n": 1, "NE_med": 0.0, "NE_med_n": 0, "NE_high": 0.0, "NE_high_n": 0, "NE_mean": 2.0, "NE_n": 1, "ENE_calm": 0.0, "ENE_calm_n": 0, "ENE_low": 0.0, "ENE_low_n": 0, "ENE_med": 0.0, "ENE_med_n": 0, "ENE_high": 0.0, "ENE_high_n": 0, "ENE_mean": 0, "ENE_n": 0, "E_calm": 0.0, "E_calm_n": 0, "E_low": 0.0, "E_low_n": 0, "E_med": 0.0, "E_med_n": 0, "E_high": 0.0, "E_high_n": 0, "E_mean": 0, "E_n": 0, "ESE_calm": 0.0, "ESE_calm_n": 0, "ESE_low": 0.0, "ESE_low_n": 0, "ESE_med": 0.0, "ESE_med_n": 0, "ESE_high": 0.0, "ESE_high_n": 0, "ESE_mean": 0, "ESE_n": 0, "SE_calm": 0.0, "SE_calm_n": 0, "SE_low": 0.0, "SE_low_n": 0, "SE_med": 1.0, "SE_med_n": 3, "SE_high": 0.0, "SE_high_n": 0, "SE_mean": 1.0, "SE_n": 3, "SSE_calm": 0.0, "SSE_calm_n": 0, "SSE_low": 1.33, "SSE_low_n": 3, "SSE_med": 1.0, "SSE_med_n": 4, "SSE_high": 0.0, "SSE_high_n": 0, "SSE_mean": 1.14, "SSE_n": 7, "S_calm": 0.0, "S_calm_n": 0, "S_low": 1.75, "S_low_n": 8, "S_med": 0.88, "S_med_n": 8, "S_high": 0.0, "S_high_n": 0, "S_mean": 1.31, "S_n": 16, "SSW_calm": 0.0, "SSW_calm_n": 0, "SSW_low": 1.71, "SSW_low_n": 7, "SSW_med": 1.67, "SSW_med_n": 6, "SSW_high": 0.0, "SSW_high_n": 0, "SSW_mean": 1.69, "SSW_n": 13, "SW_calm": 0.0, "SW_calm_n": 0, "SW_low": 1.22, "SW_low_n": 9, "SW_med": 1.0, "SW_med_n": 1, "SW_high": 0.0, "SW_high_n": 0, "SW_mean": 1.2, "SW_n": 10, "WSW_calm": 0.0, "WSW_calm_n": 0, "WSW_low": 1.43, "WSW_low_n": 7, "WSW_med": 0.0, "WSW_med_n": 0, "WSW_high": 0.0, "WSW_high_n": 0, "WSW_mean": 1.43, "WSW_n": 7, "W_calm": 0.0, "W_calm_n": 0, "W_low": 1.0, "W_low_n": 14, "W_med": 0.47, "W_med_n": 17, "W_high": 0.0, "W_high_n": 0, "W_mean": 0.71, "W_n": 31, "WNW_calm": 0.0, "WNW_calm_n": 0, "WNW_low": 0.89, "WNW_low_n": 9, "WNW_med": 0.44, "WNW_med_n": 25, "WNW_high": 0.0, "WNW_high_n": 0, "WNW_mean": 0.56, "WNW_n": 34, "NW_calm": 0.0, "NW_calm_n": 0, "NW_low": 0.85, "NW_low_n": 13, "NW_med": 0.5, "NW_med_n": 12, "NW_high": 0.0, "NW_high_n": 0, "NW_mean": 0.68, "NW_n": 25, "NNW_calm": 0.0, "NNW_calm_n": 0, "NNW_low": 1.0, "NNW_low_n": 2, "NNW_med": 0.0, "NNW_med_n": 3, "NNW_high": 0.0, "NNW_high_n": 0, "NNW_mean": 0.4, "NNW_n": 5, "calm_percent": 0.0}}, {"type": "Feature", "geometry": {"type": "Point", "coordinates": [-117.091111, 53.1325]}, "properties": {"N_calm": 0.0, "N_calm_n": 1, "N_low": 0.0, "N_low_n": 2, "N_med": 0.0, "N_med_n": 0, "N_high": 0.0, "N_high_n": 0, "N_mean": 0.0, "N_n": 3, "overall_mean": 0.12, "n_total": 158, "station": "Steeper", "pollutant": "Nitrogen Dioxide", "period": "Last 7 Days", "start_date": "2026-09-28 19:00", "end_date": "2026-10-05 15:00", "dominant_dir": "SSE", "dominant_value": 1.0, "dominant_percent": 0.6, "NNE_calm": 0.0, "NNE_calm_n": 0, "NNE_low": 0.29, "NNE_low_n": 7, "NNE_med": 0.0, "NNE_med_n": 0, "NNE_high": 0.0, "NNE_high_n": 0, "NNE_mean": 0.29, "NNE_n": 7, "NE_calm": 0.0, "NE_calm_n": 1, "NE_low": 0.5, "NE_low_n": 14, "NE_med": 0.0, "NE_med_n": 0, "NE_high": 0.0, "NE_high_n": 0, "NE_mean": 0.47, "NE_n": 15, "ENE_calm": 0.0, "ENE_calm_n": 0, "ENE_low": 0.33, "ENE_low_n": 3, "ENE_med": 0.0, "ENE_med_n": 0, "ENE_high": 0.0, "ENE_high_n": 0, "ENE_mean": 0.33, "ENE_n": 3, "E_calm": 0.0, "E_calm_n": 0, "E_low": 0.5, "E_low_n": 2, "E_med": 0.0, "E_med_n": 0, "E_high": 0.0, "E_high_n": 0, "E_mean": 0.5, "E_n": 2, "ESE_calm": 1.0, "ESE_calm_n": 1, "ESE_low": 0.0, "ESE_low_n": 1, "ESE_med": 0.0, "ESE_med_n": 0, "ESE_high": 0.0, "ESE_high_n": 0, "ESE_mean": 0.5, "ESE_n": 2, "SE_calm": 0.0, "SE_calm_n": 0, "SE_low": 0.0, "SE_low_n": 0, "SE_med": 0.0, "SE_med_n": 0, "SE_high": 0.0, "SE_high_n": 0, "SE_mean": 0, "SE_n": 0, "SSE_calm": 1.0, "SSE_calm_n": 1, "SSE_low": 0.0, "SSE_low_n": 0, "SSE_med": 0.0, "SSE_med_n": 0, "SSE_high": 0.0, "SSE_high_n": 0, "SSE_mean": 1.0, "SSE_n": 1, "S_calm": 0.0, "S_calm_n": 1, "S_low": 0.25, "S_low_n": 8, "S_med": 0.0, "S_med_n": 0, "S_high": 0.0, "S_high_n": 0, "S_mean": 0.22, "S_n": 9, "SSW_calm": 0.0, "SSW_calm_n": 1, "SSW_low": 0.02, "SSW_low_n": 53, "SSW_med": 0.0, "SSW_med_n": 0, "SSW_high": 0.0, "SSW_high_n": 0, "SSW_mean": 0.02, "SSW_n": 54, "SW_calm": 0.0, "SW_calm_n": 0, "SW_low": 0.08, "SW_low_n": 24, "SW_med": 0.0, "SW_med_n": 18, "SW_high": 0.0, "SW_high_n": 0, "SW_mean": 0.05, "SW_n": 42, "WSW_calm": 0.0, "WSW_calm_n": 0, "WSW_low": 0.0, "WSW_low_n": 4, "WSW_med": 0.0, "WSW_med_n": 8, "WSW_high": 0.0, "WSW_high_n": 0, "WSW_mean": 0.0, "WSW_n": 12, "W_calm": 0.0, "W_calm_n": 0, "W_low": 0.0, "W_low_n": 1, "W_med": 0.0, "W_med_n": 0, "W_high": 0.0, "W_high_n": 0, "W_mean": 0.0, "W_n": 1, "WNW_calm": 0.0, "WNW_calm_n": 0, "WNW_low": 0.0, "WNW_low_n": 1, "WNW_med": 0.0, "WNW_med_n": 0, "WNW_high": 0.0, "WNW_high_n": 0, "WNW_mean": 0.0, "WNW_n": 1, "NW_calm": 0.0, "NW_calm_n": 0, "NW_low": 0.5, "NW_low_n": 2, "NW_med": 0.0, "NW_med_n": 0, "NW_high": 0.0, "NW_high_n": 0, "NW_mean": 0.5, "NW_n": 2, "NNW_calm": 0.0, "NNW_calm_n": 0, "NNW_low": 0.0, "NNW_low_n": 4, "NNW_med": 0.0, "NNW_med_n": 0, "NNW_high": 0.0, "NNW_high_n": 0, "NNW_mean": 0.0, "NNW_n": 4, "calm_percent": 3.8}}, {"type": "Feature", "geometry": {"type": "Point", "coordinates": [-111.17269, 55.62141]}, "properties": {"N_calm": 0.0, "N_calm_n": 0, "N_low": 0.0, "N_low_n": 1, "N_med": 0.0, "N_med_n": 0, "N_high": 0.0, "N_high_n": 0, "N_mean": 0.0, "N_n": 1, "overall_mean": 0.49, "n_total": 160, "station": "Stony Mountain", "pollutant": "Nitrogen Dioxide", "period": "Last 7 Days", "start_date": "2026-09-28 19:00", "end_date": "2026-10-05 17:00", "dominant_dir": "SSE", "dominant_value": 1.14, "dominant_percent": 4.4, "NNE_calm": 0.0, "NNE_calm_n": 0, "NNE_low": 0.0, "NNE_low_n": 0, "NNE_med": 0.0, "NNE_med_n": 0, "NNE_high": 0.0, "NNE_high_n": 0, "NNE_mean": 0, "NNE_n": 0, "NE_calm": 0.0, "NE_calm_n": 0, "NE_low": 0.0, "NE_low_n": 0, "NE_med": 0.0, "NE_med_n": 0, "NE_high": 0.0, "NE_high_n": 0, "NE_mean": 0, "NE_n": 0, "ENE_calm": 0.0, "ENE_calm_n": 0, "ENE_low": 0.0, "ENE_low_n": 0, "ENE_med": 0.0, "ENE_med_n": 0, "ENE_high": 0.0, "ENE_high_n": 0, "ENE_mean": 0, "ENE_n": 0, "E_calm": 0.0, "E_calm_n": 0, "E_low": 0.0, "E_low_n": 0, "E_med": 0.0, "E_med_n": 0, "E_high": 0.0, "E_high_n": 0, "E_mean": 0, "E_n": 0, "ESE_calm": 0.0, "ESE_calm_n": 0, "ESE_low": 0.0, "ESE_low_n": 0, "ESE_med": 0.0, "ESE_med_n": 0, "ESE_high": 0.0, "ESE_high_n": 0, "ESE_mean": 0, "ESE_n": 0, "SE_calm": 0.0, "SE_calm_n": 0, "SE_low": 0.0, "SE_low_n": 0, "SE_med": 0.0, "SE_med_n": 0, "SE_high": 0.0, "SE_high_n": 0, "SE_mean": 0, "SE_n": 0, "SSE_calm": 0.0, "SSE_calm_n": 0, "SSE_low": 1.0, "SSE_low_n": 1, "SSE_med": 1.17, "SSE_med_n": 6, "SSE_high": 0.0, "SSE_high_n": 0, "SSE_mean": 1.14, "SSE_n": 7, "S_calm": 0.0, "S_calm_n": 0, "S_low": 1.0, "S_low_n": 4, "S_med": 0.71, "S_med_n": 7, "S_high": 0.0, "S_high_n": 0, "S_mean": 0.82, "S_n": 11, "SSW_calm": 0.0, "SSW_calm_n": 0, "SSW_low": 0.71, "SSW_low_n": 7, "SSW_med": 1.18, "SSW_med_n": 17, "SSW_high": 0.0, "SSW_high_n": 0, "SSW_mean": 1.04, "SSW_n": 24, "SW_calm": 0.0, "SW_calm_n": 0, "SW_low": 0.4, "SW_low_n": 5, "SW_med": 0.42, "SW_med_n": 19, "SW_high": 0.0, "SW_high_n": 0, "SW_mean": 0.42, "SW_n": 24, "WSW_calm": 0.0, "WSW_calm_n": 0, "WSW_low": 0.38, "WSW_low_n": 8, "WSW_med": 0.5, "WSW_med_n": 12, "WSW_high": 0.0, "WSW_high_n": 0, "WSW_mean": 0.45, "WSW_n": 20, "W_calm": 0.0, "W_calm_n": 0, "W_low": 0.3, "W_low_n": 10, "W_med": 0.16, "W_med_n": 19, "W_high": 0.0, "W_high_n": 0, "W_mean": 0.21, "W_n": 29, "WNW_calm": 0.0, "WNW_calm_n": 0, "WNW_low": 0.43, "WNW_low_n": 7, "WNW_med": 0.35, "WNW_med_n": 23, "WNW_high": 0.0, "WNW_high_n": 0, "WNW_mean": 0.37, "WNW_n": 30, "NW_calm": 0.0, "NW_calm_n": 0, "NW_low": 0.5, "NW_low_n": 2, "NW_med": 0.0, "NW_med_n": 11, "NW_high": 0.0, "NW_high_n": 0, "NW_mean": 0.08, "NW_n": 13, "NNW_calm": 0.0, "NNW_calm_n": 0, "NNW_low": 0.0, "NNW_low_n": 1, "NNW_med": 0.0, "NNW_med_n": 0, "NNW_high": 0.0, "NNW_high_n": 0, "NNW_mean": 0.0, "NNW_n": 1, "calm_percent": 0.0}}, {"type": "Feature", "geometry": {"type": "Point", "coordinates": [-110.9091168, 56.2124673]}, "properties": {"N_calm": 0.0, "N_calm_n": 0, "N_low": 0.0, "N_low_n": 0, "N_med": 0.0, "N_med_n": 0, "N_high": 0.0, "N_high_n": 0, "N_mean": 0, "N_n": 0, "overall_mean": 0.7, "n_total": 160, "station": "Surmont 2", "pollutant": "Nitrogen Dioxide", "period": "Last 7 Days", "start_date": "2026-09-28 19:00", "end_date": "2026-10-05 17:00", "dominant_dir": "S", "dominant_value": 2.0, "dominant_percent": 1.2, "NNE_calm": 1.0, "NNE_calm_n": 1, "NNE_low": 1.0, "NNE_low_n": 1, "NNE_med": 0.0, "NNE_med_n": 0, "NNE_high": 0.0, "NNE_high_n": 0, "NNE_mean": 1.0, "NNE_n": 2, "NE_calm": 0.0, "NE_calm_n": 0, "NE_low": 0.0, "NE_low_n": 0, "NE_med": 0.0, "NE_med_n": 0, "NE_high": 0.0, "NE_high_n": 0, "NE_mean": 0, "NE_n": 0, "ENE_calm": 0.0, "ENE_calm_n": 0, "ENE_low": 0.0, "ENE_low_n": 0, "ENE_med": 0.0, "ENE_med_n": 0, "ENE_high": 0.0, "ENE_high_n": 0, "ENE_mean": 0, "ENE_n": 0, "E_calm": 0.0, "E_calm_n": 1, "E_low": 1.0, "E_low_n": 1, "E_med": 0.0, "E_med_n": 0, "E_high": 0.0, "E_high_n": 0, "E_mean": 0.5, "E_n": 2, "ESE_calm": 1.0, "ESE_calm_n": 1, "ESE_low": 1.0, "ESE_low_n": 2, "ESE_med": 0.0, "ESE_med_n": 0, "ESE_high": 0.0, "ESE_high_n": 0, "ESE_mean": 1.0, "ESE_n": 3, "SE_calm": 0.0, "SE_calm_n": 0, "SE_low": 1.11, "SE_low_n": 19, "SE_med": 0.0, "SE_med_n": 0, "SE_high": 0.0, "SE_high_n": 0, "SE_mean": 1.11, "SE_n": 19, "SSE_calm": 1.0, "SSE_calm_n": 2, "SSE_low": 1.75, "SSE_low_n": 4, "SSE_med": 0.0, "SSE_med_n": 0, "SSE_high": 0.0, "SSE_high_n": 0, "SSE_mean": 1.5, "SSE_n": 6, "S_calm": 0.0, "S_calm_n": 0, "S_low": 2.0, "S_low_n": 2, "S_med": 0.0, "S_med_n": 0, "S_high": 0.0, "S_high_n": 0, "S_mean": 2.0, "S_n": 2, "SSW_calm": 1.0, "SSW_calm_n": 1, "SSW_low": 1.75, "SSW_low_n": 4, "SSW_med": 0.0, "SSW_med_n": 0, "SSW_high": 0.0, "SSW_high_n": 0, "SSW_mean": 1.6, "SSW_n": 5, "SW_calm": 1.0, "SW_calm_n": 2, "SW_low": 1.0, "SW_low_n": 1, "SW_med": 0.0, "SW_med_n": 0, "SW_high": 0.0, "SW_high_n": 0, "SW_mean": 1.0, "SW_n": 3, "WSW_calm": 0.91, "WSW_calm_n": 11, "WSW_low": 0.59, "WSW_low_n": 29, "WSW_med": 0.6, "WSW_med_n": 5, "WSW_high": 0.0, "WSW_high_n": 0, "WSW_mean": 0.67, "WSW_n": 45, "W_calm": 0.83, "W_calm_n": 6, "W_low": 0.53, "W_low_n": 45, "W_med": 0.0, "W_med_n": 8, "W_high": 0.0, "W_high_n": 0, "W_mean": 0.49, "W_n": 59, "WNW_calm": 1.0, "WNW_calm_n": 1, "WNW_low": 0.0, "WNW_low_n": 2, "WNW_med": 0.0, "WNW_med_n": 8, "WNW_high": 0.0, "WNW_high_n": 0, "WNW_mean": 0.09, "WNW_n": 11, "NW_calm": 0.0, "NW_calm_n": 0, "NW_low": 1.0, "NW_low_n": 1, "NW_med": 0.0, "NW_med_n": 2, "NW_high": 0.0, "NW_high_n": 0, "NW_mean": 0.33, "NW_n": 3, "NNW_calm": 0.0, "NNW_calm_n": 0, "NNW_low": 0.0, "NNW_low_n": 0, "NNW_med": 0.0, "NNW_med_n": 0, "NNW_high": 0.0, "NNW_high_n": 0, "NNW_mean": 0, "NNW_n": 0, "calm_percent": 16.2}}, {"type": "Feature", "geometry": {"type": "Point", "coordinates": [-110.452637, 54.604935]}, "properties": {"N_calm": 0.0, "N_calm_n": 0, "N_low": 0.0, "N_low_n": 1, "N_med": 0.0, "N_med_n": 0, "N_high": 0.0, "N_high_n": 0, "N_mean": 0.0, "N_n": 1, "overall_mean": 3.92, "n_total": 159, "station": "Tamarack", "pollutant": "Nitrogen Dioxide", "period": "Last 7 Days", "start_date": "2026-09-28 19:00", "end_date": "2026-10-05 18:00", "dominant_dir": "SW", "dominant_value": 6.29, "dominant_percent": 8.8, "NNE_calm": 0.0, "NNE_calm_n": 0, "NNE_low": 3.0, "NNE_low_n": 1, "NNE_med": 0.0, "NNE_med_n": 0, "NNE_high": 0.0, "NNE_high_n": 0, "NNE_mean": 3.0, "NNE_n": 1, "NE_calm": 1.5, "NE_calm_n": 2, "NE_low": 2.67, "NE_low_n": 3, "NE_med": 0.0, "NE_med_n": 0, "NE_high": 0.0, "NE_high_n": 0, "NE_mean": 2.2, "NE_n": 5, "ENE_calm": 2.0, "ENE_calm_n": 2, "ENE_low": 0.0, "ENE_low_n": 0, "ENE_med": 0.0, "ENE_med_n": 0, "ENE_high": 0.0, "ENE_high_n": 0, "ENE_mean": 2.0, "ENE_n": 2, "E_calm": 2.2, "E_calm_n": 5, "E_low": 2.0, "E_low_n": 1, "E_med": 0.0, "E_med_n": 0, "E_high": 0.0, "E_high_n": 0, "E_mean": 2.17, "E_n": 6, "ESE_calm": 0.0, "ESE_calm_n": 0, "ESE_low": 2.33, "ESE_low_n": 3, "ESE_med": 0.0, "ESE_med_n": 0, "ESE_high": 0.0, "ESE_high_n": 0, "ESE_mean": 2.33, "ESE_n": 3, "SE_calm": 4.0, "SE_calm_n": 1, "SE_low": 2.86, "SE_low_n": 7, "SE_med": 0.0, "SE_med_n": 0, "SE_high": 0.0, "SE_high_n": 0, "SE_mean": 3.0, "SE_n": 8, "SSE_calm": 2.0, "SSE_calm_n": 2, "SSE_low": 2.0, "SSE_low_n": 3, "SSE_med": 0.0, "SSE_med_n": 0, "SSE_high": 0.0, "SSE_high_n": 0, "SSE_mean": 2.0, "SSE_n": 5, "S_calm": 3.0, "S_calm_n": 4, "S_low": 1.86, "S_low_n": 7, "S_med": 0.0, "S_med_n": 0, "S_high": 0.0, "S_high_n": 0, "S_mean": 2.27, "S_n": 11, "SSW_calm": 2.0, "SSW_calm_n": 1, "SSW_low": 4.3, "SSW_low_n": 20, "SSW_med": 0.0, "SSW_med_n": 0, "SSW_high": 0.0, "SSW_high_n": 0, "SSW_mean": 4.19, "SSW_n": 21, "SW_calm": 3.67, "SW_calm_n": 3, "SW_low": 7.0, "SW_low_n": 11, "SW_med": 0.0, "SW_med_n": 0, "SW_high": 0.0, "SW_high_n": 0, "SW_mean": 6.29, "SW_n": 14, "WSW_calm": 7.0, "WSW_calm_n": 1, "WSW_low": 3.7, "WSW_low_n": 10, "WSW_med": 0.0, "WSW_med_n": 0, "WSW_high": 0.0, "WSW_high_n": 0, "WSW_mean": 4.0, "WSW_n": 11, "W_calm": 4.5, "W_calm_n": 4, "W_low": 3.87, "W_low_n": 30, "W_med": 0.33, "W_med_n": 3, "W_high": 0.0, "W_high_n": 0, "W_mean": 3.65, "W_n": 37, "WNW_calm": 4.0, "WNW_calm_n": 1, "WNW_low": 8.14, "WNW_low_n": 14, "WNW_med": 1.25, "WNW_med_n": 8, "WNW_high": 0.0, "WNW_high_n": 0, "WNW_mean": 5.57, "WNW_n": 23, "NW_calm": 0.0, "NW_calm_n": 0, "NW_low": 3.5, "NW_low_n": 4, "NW_med": 6.0, "NW_med_n": 4, "NW_high": 0.0, "NW_high_n": 0, "NW_mean": 4.75, "NW_n": 8, "NNW_calm": 0.0, "NNW_calm_n": 0, "NNW_low": 0.5, "NNW_low_n": 2, "NNW_med": 4.0, "NNW_med_n": 1, "NNW_high": 0.0, "NNW_high_n": 0, "NNW_mean": 1.67, "NNW_n": 3, "calm_percent": 16.4}}, {"type": "Feature", "geometry": {"type": "Point", "coordinates": [-114.380556, 53.429444]}, "properties": {"N_calm": 1.67, "N_calm_n": 3, "N_low": 1.0, "N_low_n": 2, "N_med": 0.0, "N_med_n": 0, "N_high": 0.0, "N_high_n": 0, "N_mean": 1.4, "N_n": 5, "overall_mean": 1.86, "n_total": 159, "station": "Wagner2", "pollutant": "Nitrogen Dioxide", "period": "Last 7 Days", "start_date": "2026-09-28 19:00", "end_date": "2026-10-05 16:00", "dominant_dir": "E", "dominant_value": 3.0, "dominant_percent": 2.5, "NNE_calm": 2.0, "NNE_calm_n": 1, "NNE_low": 3.0, "NNE_low_n": 1, "NNE_med": 0.0, "NNE_med_n": 0, "NNE_high": 0.0, "NNE_high_n": 0, "NNE_mean": 2.5, "NNE_n": 2, "NE_calm": 0.0, "NE_calm_n": 0, "NE_low": 0.0, "NE_low_n": 0, "NE_med": 0.0, "NE_med_n": 0, "NE_high": 0.0, "NE_high_n": 0, "NE_mean": 0, "NE_n": 0, "ENE_calm": 0.0, "ENE_calm_n": 0, "ENE_low": 2.0, "ENE_low_n": 1, "ENE_med": 0.0, "ENE_med_n": 0, "ENE_high": 0.0, "ENE_high_n": 0, "ENE_mean": 2.0, "ENE_n": 1, "E_calm": 3.33, "E_calm_n": 3, "E_low": 2.0, "E_low_n": 1, "E_med": 0.0, "E_med_n": 0, "E_high": 0.0, "E_high_n": 0, "E_mean": 3.0, "E_n": 4, "ESE_calm": 2.5, "ESE_calm_n": 2, "ESE_low": 2.5, "ESE_low_n": 2, "ESE_med": 2.0, "ESE_med_n": 1, "ESE_high": 0.0, "ESE_high_n": 0, "ESE_mean": 2.4, "ESE_n": 5, "SE_calm": 0.0, "SE_calm_n": 0, "SE_low": 3.0, "SE_low_n": 1, "SE_med": 2.0, "SE_med_n": 5, "SE_high": 0.0, "SE_high_n": 0, "SE_mean": 2.17, "SE_n": 6, "SSE_calm": 1.0, "SSE_calm_n": 1, "SSE_low": 2.33, "SSE_low_n": 9, "SSE_med": 0.0, "SSE_med_n": 0, "SSE_high": 0.0, "SSE_high_n": 0, "SSE_mean": 2.2, "SSE_n": 10, "S_calm": 0.0, "S_calm_n": 0, "S_low": 2.5, "S_low_n": 2, "S_med": 0.0, "S_med_n": 0, "S_high": 0.0, "S_high_n": 0, "S_mean": 2.5, "S_n": 2, "SSW_calm": 0.0, "SSW_calm_n": 0, "SSW_low": 1.0, "SSW_low_n": 2, "SSW_med": 0.0, "SSW_med_n": 0, "SSW_high": 0.0, "SSW_high_n": 0, "SSW_mean": 1.0, "SSW_n": 2, "SW_calm": 0.0, "SW_calm_n": 0, "SW_low": 0.5, "SW_low_n": 4, "SW_med": 0.0, "SW_med_n": 0, "SW_high": 0.0, "SW_high_n": 0, "SW_mean": 0.5, "SW_n": 4, "WSW_calm": 0.0, "WSW_calm_n": 0, "WSW_low": 1.0, "WSW_low_n": 5, "WSW_med": 0.0, "WSW_med_n": 0, "WSW_high": 0.0, "WSW_high_n": 0, "WSW_mean": 1.0, "WSW_n": 5, "W_calm": 1.0, "W_calm_n": 3, "W_low": 1.0, "W_low_n": 5, "W_med": 1.25, "W_med_n": 4, "W_high": 0.0, "W_high_n": 0, "W_mean": 1.08, "W_n": 12, "WNW_calm": 2.16, "WNW_calm_n": 38, "WNW_low": 2.44, "WNW_low_n": 9, "WNW_med": 0.56, "WNW_med_n": 9, "WNW_high": 0.0, "WNW_high_n": 0, "WNW_mean": 1.95, "WNW_n": 56, "NW_calm": 2.0, "NW_calm_n": 25, "NW_low": 1.38, "NW_low_n": 8, "NW_med": 0.0, "NW_med_n": 0, "NW_high": 0.0, "NW_high_n": 0, "NW_mean": 1.85, "NW_n": 33, "NNW_calm": 2.0, "NNW_calm_n": 10, "NNW_low": 2.5, "NNW_low_n": 2, "NNW_med": 0.0, "NNW_med_n": 0, "NNW_high": 0.0, "NNW_high_n": 0, "NNW_mean": 2.08, "NNW_n": 12, "calm_percent": 54.1}}, {"type": "Feature", "geometry": {"type": "Point", "coordinates": [-111.0385833, 57.2591972]}, "properties": {"N_calm": 0.0, "N_calm_n": 0, "N_low": 5.5, "N_low_n": 2, "N_med": 0.0, "N_med_n": 0, "N_high": 0.0, "N_high_n": 0, "N_mean": 5.5, "N_n": 2, "overall_mean": 2.81, "n_total": 160, "station": "Wapasu", "pollutant": "Nitrogen Dioxide", "period": "Last 7 Days", "start_date": "2026-09-28 19:00", "end_date": "2026-10-05 17:00", "dominant_dir": "SW", "dominant_value": 5.6, "dominant_percent": 9.4, "NNE_calm": 0.0, "NNE_calm_n": 0, "NNE_low": 0.0, "NNE_low_n": 0, "NNE_med": 0.0, "NNE_med_n": 0, "NNE_high": 0.0, "NNE_high_n": 0, "NNE_mean": 0, "NNE_n": 0, "NE_calm": 0.0, "NE_calm_n": 0, "NE_low": 2.0, "NE_low_n": 2, "NE_med": 0.0, "NE_med_n": 0, "NE_high": 0.0, "NE_high_n": 0, "NE_mean": 2.0, "NE_n": 2, "ENE_calm": 4.0, "ENE_calm_n": 1, "ENE_low": 7.0, "ENE_low_n": 1, "ENE_med": 0.0, "ENE_med_n": 0, "ENE_high": 0.0, "ENE_high_n": 0, "ENE_mean": 5.5, "ENE_n": 2, "E_calm": 1.0, "E_calm_n": 1, "E_low": 0.0, "E_low_n": 0, "E_med": 0.0, "E_med_n": 0, "E_high": 0.0, "E_high_n": 0, "E_mean": 1.0, "E_n": 1, "ESE_calm": 0.0, "ESE_calm_n": 0, "ESE_low": 1.0, "ESE_low_n": 1, "ESE_med": 0.0, "ESE_med_n": 0, "ESE_high": 0.0, "ESE_high_n": 0, "ESE_mean": 1.0, "ESE_n": 1, "SE_calm": 0.0, "SE_calm_n": 0, "SE_low": 1.83, "SE_low_n": 6, "SE_med": 0.0, "SE_med_n": 0, "SE_high": 0.0, "SE_high_n": 0, "SE_mean": 1.83, "SE_n": 6, "SSE_calm": 0.0, "SSE_calm_n": 0, "SSE_low": 2.61, "SSE_low_n": 23, "SSE_med": 0.86, "SSE_med_n": 7, "SSE_high": 0.0, "SSE_high_n": 0, "SSE_mean": 2.2, "SSE_n": 30, "S_calm": 0.0, "S_calm_n": 0, "S_low": 2.48, "S_low_n": 25, "S_med": 0.82, "S_med_n": 11, "S_high": 0.0, "S_high_n": 0, "S_mean": 1.97, "S_n": 36, "SSW_calm": 3.0, "SSW_calm_n": 1, "SSW_low": 4.56, "SSW_low_n": 9, "SSW_med": 1.0, "SSW_med_n": 2, "SSW_high": 0.0, "SSW_high_n": 0, "SSW_mean": 3.83, "SSW_n": 12, "SW_calm": 0.0, "SW_calm_n": 0, "SW_low": 6.0, "SW_low_n": 3, "SW_med": 5.5, "SW_med_n": 12, "SW_high": 0.0, "SW_high_n": 0, "SW_mean": 5.6, "SW_n": 15, "WSW_calm": 0.0, "WSW_calm_n": 0, "WSW_low": 4.75, "WSW_low_n": 4, "WSW_med": 2.83, "WSW_med_n": 6, "WSW_high": 0.0, "WSW_high_n": 0, "WSW_mean": 3.6, "WSW_n": 10, "W_calm": 0.0, "W_calm_n": 0, "W_low": 3.0, "W_low_n": 2, "W_med": 3.0, "W_med_n": 2, "W_high": 0.0, "W_high_n": 0, "W_mean": 3.0, "W_n": 4, "WNW_calm": 0.0, "WNW_calm_n": 0, "WNW_low": 1.75, "WNW_low_n": 4, "WNW_med": 2.71, "WNW_med_n": 14, "WNW_high": 0.0, "WNW_high_n": 0, "WNW_mean": 2.5, "WNW_n": 18, "NW_calm": 0.0, "NW_calm_n": 0, "NW_low": 2.67, "NW_low_n": 3, "NW_med": 0.0, "NW_med_n": 0, "NW_high": 0.0, "NW_high_n": 0, "NW_mean": 2.67, "NW_n": 3, "NNW_calm": 0.0, "NNW_calm_n": 0, "NNW_low": 5.29, "NNW_low_n": 7, "NNW_med": 0.45, "NNW_med_n": 11, "NNW_high": 0.0, "NNW_high_n": 0, "NNW_mean": 2.33, "NNW_n": 18, "calm_percent": 1.9}}, {"type": "Feature", "geometry": {"type": "Point", "coordinates": [-113.562583, 53.564411]}, "properties": {"N_calm": 14.0, "N_calm_n": 1, "N_low": 13.4, "N_low_n": 5, "N_med": 0.0, "N_med_n": 0, "N_high": 0.0, "N_high_n": 0, "N_mean": 13.5, "N_n": 6, "overall_mean": 13.63, "n_total": 159, "station": "Woodcroft", "pollutant": "Nitrogen Dioxide", "period": "Last 7 Days", "start_date": "2026-09-28 19:00", "end_date": "2026-10-05 17:00", "dominant_dir": "E", "dominant_value": 24.25, "dominant_percent": 2.5, "NNE_calm": 0.0, "NNE_calm_n": 0, "NNE_low": 0.0, "NNE_low_n": 0, "NNE_med": 0.0, "NNE_med_n": 0, "NNE_high": 0.0, "NNE_high_n": 0, "NNE_mean": 0, "NNE_n": 0, "NE_calm": 0.0, "NE_calm_n": 0, "NE_low": 0.0, "NE_low_n": 0, "NE_med": 0.0, "NE_med_n": 0, "NE_high": 0.0, "NE_high_n": 0, "NE_mean": 0, "NE_n": 0, "ENE_calm": 0.0, "ENE_calm_n": 0, "ENE_low": 24.0, "ENE_low_n": 1, "ENE_med": 0.0, "ENE_med_n": 0, "ENE_high": 0.0, "ENE_high_n": 0, "ENE_mean": 24.0, "ENE_n": 1, "E_calm": 0.0, "E_calm_n": 0, "E_low": 24.25, "E_low_n": 4, "E_med": 0.0, "E_med_n": 0, "E_high": 0.0, "E_high_n": 0, "E_mean": 24.25, "E_n": 4, "ESE_calm": 19.0, "ESE_calm_n": 1, "ESE_low": 25.25, "ESE_low_n": 4, "ESE_med": 0.0, "ESE_med_n": 0, "ESE_high": 0.0, "ESE_high_n": 0, "ESE_mean": 24.0, "ESE_n": 5, "SE_calm": 21.0, "SE_calm_n": 1, "SE_low": 22.33, "SE_low_n": 9, "SE_med": 2.67, "SE_med_n": 3, "SE_high": 0.0, "SE_high_n": 0, "SE_mean": 17.69, "SE_n": 13, "SSE_calm": 17.0, "SSE_calm_n": 1, "SSE_low": 17.2, "SSE_low_n": 5, "SSE_med": 2.2, "SSE_med_n": 5, "SSE_high": 0.0, "SSE_high_n": 0, "SSE_mean": 10.36, "SSE_n": 11, "S_calm": 0.0, "S_calm_n": 0, "S_low": 16.29, "S_low_n": 14, "S_med": 0.0, "S_med_n": 0, "S_high": 0.0, "S_high_n": 0, "S_mean": 16.29, "S_n": 14, "SSW_calm": 0.0, "SSW_calm_n": 0, "SSW_low": 16.7, "SSW_low_n": 10, "SSW_med": 0.0, "SSW_med_n": 0, "SSW_high": 0.0, "SSW_high_n": 0, "SSW_mean": 16.7, "SSW_n": 10, "SW_calm": 0.0, "SW_calm_n": 0, "SW_low": 14.76, "SW_low_n": 17, "SW_med": 0.0, "SW_med_n": 0, "SW_high": 0.0, "SW_high_n": 0, "SW_mean": 14.76, "SW_n": 17, "WSW_calm": 0.0, "WSW_calm_n": 0, "WSW_low": 11.62, "WSW_low_n": 16, "WSW_med": 0.0, "WSW_med_n": 0, "WSW_high": 0.0, "WSW_high_n": 0, "WSW_mean": 11.62, "WSW_n": 16, "W_calm": 0.0, "W_calm_n": 0, "W_low": 16.56, "W_low_n": 9, "W_med": 7.12, "W_med_n": 8, "W_high": 0.0, "W_high_n": 0, "W_mean": 12.12, "W_n": 17, "WNW_calm": 0.0, "WNW_calm_n": 0, "WNW_low": 17.27, "WNW_low_n": 11, "WNW_med": 8.71, "WNW_med_n": 14, "WNW_high": 4.0, "WNW_high_n": 1, "WNW_mean": 12.15, "WNW_n": 26, "NW_calm": 11.0, "NW_calm_n": 1, "NW_low": 9.0, "NW_low_n": 7, "NW_med": 7.14, "NW_med_n": 7, "NW_high": 0.0, "NW_high_n": 0, "NW_mean": 8.27, "NW_n": 15, "NNW_calm": 0.0, "NNW_calm_n": 0, "NNW_low": 5.67, "NNW_low_n": 3, "NNW_med": 6.0, "NNW_med_n": 1, "NNW_high": 0.0, "NNW_high_n": 0, "NNW_mean": 5.75, "NNW_n": 4, "calm_percent": 3.1}}]}